# Time (seconds),Accel_X,Accel_Y,Accel_Z,Gyro_X,Gyro_Y,Gyro_Z
0.0012499,7.876554387943278,-5.151995650680708,0.7733644907933612,17.353145261504746,7.09529225737909,4.774591719616689
0.0112499,7.930709984747293,-4.977359681922015,0.7521146324158159,16.923875520716084,6.787565393283634,5.929598740384749
0.0212499,8.051469883783591,-4.92373254045044,0.843428732339045,16.11638994001472,6.570079268817546,6.890628889255633
0.0312498999999999,8.208209102919145,-4.917071708353657,0.9028122630540321,14.523389307551673,6.484605311721145,7.876813785863444
0.0412499,8.312018021811168,-4.906720240977763,0.8862050611425724,12.20106323173343,6.383890665087864,8.918675709964123
0.0512499,8.378641082460346,-4.971810722494236,0.8931360044917119,9.92585407426259,6.435805058011985,9.734964463496595
0.0612498999999999,8.399864935300466,-5.023867749733346,0.9156106638199082,7.920119877521511,6.041897352982071,10.34736317192502
0.0712499,8.453790926252516,-5.143127414467541,0.944392253133928,6.683073788340359,5.329358507363715,10.771707323763977
0.0812499,8.496009373361982,-5.303801448217082,0.997717136007236,6.112408388066713,4.647828051731534,11.042026919621543
0.0912499,8.485921723222768,-5.3819485323478204,1.032478909809475,5.78061366286667,3.5109084246027593,11.471684337007318
0.1012499,8.57000590465016,-5.458106267437939,1.0942749979906843,6.20398028541107,2.5656101776551936,11.962169633054032
0.1112499,8.696189076160838,-5.527856988356373,1.2233625319820294,6.758244423621137,2.0655407682664104,12.34723596789591
0.1212499,8.752811468893041,-5.566468611395347,1.3333855870692117,7.013980138526415,1.6466950099583235,12.599979605374845
0.1312499,8.750566089848924,-5.540072176552241,1.3599746493686717,6.398149114947553,1.1848172024522587,12.783299820461204
0.1412499,8.728482191654779,-5.567455441040882,1.3028687760773443,5.36982231664773,0.901027174768618,12.69213465958918
0.1512499,8.705898582892765,-5.574258338507442,1.2428858506697293,4.222518639167325,0.272436976837977,12.006220496043046
0.1612499,8.702441266368496,-5.5732097544250365,1.24991222163716,2.973242552235392,-0.508772247958545,10.867123453743632
0.1712499,8.796974880149378,-5.628859756347517,1.320094532777914,2.234054543023862,-0.9854275724898668,9.368302974604767
0.1812499,8.941500561203227,-5.67191158529724,1.465312289319264,2.5205498169595097,-1.2482737920827236,7.573618783761911
0.1912499,9.0019773846703,-5.708281654714012,1.6338876105891595,2.9612864839869566,-1.651376219306383,5.550677232736296
0.2012499,9.019609772528216,-5.84024303676637,1.7315267397081429,3.9989323601819633,-1.7332467164569862,3.8373764105441923
0.2112499,8.97274460610082,-5.905865048920004,1.7053084381522212,5.045111472669291,-1.7877629833380302,2.593904214545904
0.2212499,8.864244840959882,-5.7675131969858375,1.6143846492889697,5.257826876456673,-2.314024330933336,0.9949572404796155
0.2312499,8.825707364652436,-5.6752028691478165,1.5660133788687136,5.586715463348569,-2.701609307602789,-1.0668708870516617
0.2412499,8.755426004805825,-5.554445795942992,1.5176862689649664,5.247929800773527,-3.231347020627556,-3.4237873828404144
0.2512499,8.72091749553688,-5.399982576856804,1.4870107686129637,4.419526337023298,-3.7846187795141173,-6.050319670765952
0.2612499,8.786079565041941,-5.375014457114784,1.492095091277432,3.8069615085456983,-3.7043136687495193,-8.645367523859946
0.2712499,8.826016695738158,-5.420758283876836,1.504763824787148,3.1975962123914683,-3.4617474239300363,-10.784420245470338
0.2812499,8.85765130679486,-5.425389224095729,1.5263440543052258,2.7631978426373,-3.195565402978253,-12.586933201023925
0.2912499,8.989349111757091,-5.441516677820097,1.6166222211767018,3.0494478811840233,-2.653729742464539,-14.075528120902879
0.3012499,9.04674034196814,-5.48073431644946,1.7115567005784673,3.728399672346253,-2.140078644893548,-15.500564199346138
0.3112499,8.928960799102738,-5.513350436746893,1.7656744157640951,5.170042418289957,-1.6641480698467408,-17.071541243008777
0.3212499,8.719822713097475,-5.499004490374216,1.8299520750653455,7.0051648624474545,-1.7251045180113278,-18.845294154302493
0.3312499,8.582139774549287,-5.508165173944925,1.8751816368890448,8.984343997184313,-2.249309208819188,-20.478206048763333
0.3412499,8.53489130737981,-5.510781931904036,1.9033345125847656,10.785175131510746,-2.931713285315415,-21.835744908484987
0.3512499,8.523716421550365,-5.537602603340951,1.9701835611748155,11.978859072274247,-3.6197067244813725,-22.5042451002835
0.3612499,8.44620956944415,-5.504402847918152,2.0137486173211823,12.140276667267907,-4.006385379522867,-22.611270847826034
0.3712499,8.308765510689796,-5.331653606808351,1.9993898128599574,11.205639048982015,-4.5015700921219945,-22.572878717513575
0.3812499,8.282525299914216,-5.221537502696682,2.018600063716231,9.781694306412058,-5.237573240866189,-22.728687957547628
0.3912499,8.297535494933694,-5.2134730375680824,2.043104012660535,8.579851763772826,-6.061103628735894,-23.143826960904555
0.4012499,8.20506592399782,-5.201744983634578,1.9435117826238755,7.384290226937696,-7.32651765539409,-23.334081096769285
0.4112499,8.10542450717298,-5.1659639011605964,1.8088744791539815,6.117588548031653,-8.7159934133619,-23.11103254348786
0.4212499,8.111539173916766,-5.087727482129998,1.7608537031842173,4.537282658346214,-9.996278514428552,-22.5747092724281
0.4312499,8.261655000921978,-5.026999145199989,1.779502988291671,2.781439657334686,-11.014033677170344,-21.986820591504056
0.4412499,8.36571258282117,-5.040986025391158,1.7879127667643049,1.261520978618516,-11.82307786182132,-21.22979454808345
0.4512499,8.261479581765572,-5.0412801340997735,1.7265900967561238,0.0738850756159002,-12.569435382459549,-20.101640714796744
0.4612499,8.109082604353294,-4.946559844895265,1.5669377510746385,-0.49445200058554595,-13.475916863954977,-19.470876212568577
0.4712499,7.978143661046711,-4.826270157594133,1.313424905125073,0.11763641622888883,-15.06250142605268,-19.589884931428173
0.4812499,7.866882823842128,-4.73593940736997,1.0414826747563286,1.3970384650474292,-17.284288757072282,-19.872458101238095
0.4912499,7.872606669415281,-4.576695539274938,0.827988025132737,2.577234074668872,-19.31400840620554,-19.791447397686746
0.5012499,7.982915210298097,-4.360110422452464,0.6588383323359214,3.225388333054449,-20.93034941176246,-19.346805659258127
0.5112499,8.117372147850235,-4.16191322598667,0.4967132130089021,3.2014583052680017,-22.020190533957045,-18.56502535012366
0.5212499,8.228090896761623,-3.9730140993860408,0.38649373477636423,2.265144098418523,-22.31048189606384,-17.163276050089365
0.5312499,8.288003608707971,-3.8621118423575154,0.297477944681822,0.9920723351515163,-22.044330922203912,-15.182529724370143
0.5412499000000001,8.285624872936978,-3.8370718013680354,0.21532811040737543,0.27331297223612594,-21.481222781820392,-13.051965628321067
0.5512499000000001,8.250245764111273,-3.8237633444775785,0.14315231582411672,0.38764519247138224,-20.636583397421624,-10.933246618954412
0.5612499000000001,8.169120939091144,-3.8325350905893267,0.04105238693077936,1.15382808017861,-19.691792903222062,-8.73832373210357
0.5712499000000001,8.055937918970287,-3.8798493399105154,-0.0415050628226351,2.4543384937491557,-18.915035413776003,-6.287082604671808
0.5812499,7.982799256063544,-3.9154426257404604,-0.05240190296285262,3.9482827667187803,-17.790118443567266,-3.7959052803298143
0.5912499,7.961944056006671,-3.8789556248795747,-0.055791022043166785,5.254648294194672,-16.33347607122012,-1.2295788269227899
0.6012499,8.060122334744086,-3.827223556687317,-0.024073488550397492,6.298088754585725,-14.591400450526953,1.2814395740481415
0.6112499,8.200385539416514,-3.814247742630919,0.050443459518015134,7.000976717806,-12.369580166953657,3.6953946819595656
0.6212499,8.251206060428636,-3.8356800374562527,0.09516970119960333,7.260512299725067,-9.900956243445396,6.073755801820234
0.6312499,8.33428999161187,-3.8955945118935364,0.11825268327989094,7.178460968096753,-7.22617224954308,8.377718447021532
0.6412499,8.499782577712933,-4.000126997888883,0.16218817647457096,7.27750583157235,-4.652476740176106,10.829195832738353
0.6512499,8.554347212520671,-4.1396274752522,0.2479356671078743,8.103998818923701,-2.5832013044235485,13.080223071496913
0.6612499000000001,8.482304422471385,-4.279919491851248,0.32138652502534676,9.282033325423813,-0.9054808514802114,15.169822056304106
0.6712499000000001,8.430560941634,-4.434189051070773,0.3316398070431868,10.671778864410715,0.2999024079065441,17.197649182202266
0.6812499000000001,8.336171017543892,-4.618187462499118,0.31121449244744565,12.228625769808094,0.7976602726834887,19.02492624702102
0.6912499000000001,8.176696136368692,-4.762635018254602,0.27492779229451164,13.39382718776832,0.519310987116682,20.525592557549516
0.7012499000000001,8.06163238386781,-4.86833785065709,0.2426205164418417,13.624113804978467,-0.21922029223815956,21.615937339199068
0.7112499,8.000655332191368,-4.97238253345924,0.22924541839300372,12.615444830892901,-1.0464377258106068,22.218197106101062
0.7212499,7.965656258868847,-5.069610372299016,0.22065141755851625,10.590751775252615,-1.949030629146605,22.36949068518077
0.7312499,7.924772636308041,-5.209196019349134,0.22381290129413725,6.987638211993508,-2.745054479233832,22.13090171999611
0.7412499,7.855490112573099,-5.390721443923208,0.20056562114351573,2.505120875473587,-3.186975557605447,21.60646264096144
0.7512499,7.785824397730966,-5.54198239550131,0.114367018356166,-1.4105165895940657,-3.4681441493041323,21.06823042147101
0.7612499,7.708079492706493,-5.64258750346314,0.042592726175315086,-5.12192245586955,-3.623136816558779,20.49558807360334
0.7712499,7.622270474091724,-5.727132499175969,-0.02961048401925273,-8.239990372911388,-3.6131075329254463,20.06825395461247
0.7812499,7.5429937855077105,-5.768991790008989,-0.1775535718629658,-11.048466740002366,-3.3954531724361057,20.073096790701822
0.7912499000000001,7.443931833930431,-5.82056152274017,-0.3552996748937918,-13.493855508240637,-2.7400700083408633,20.34980550339289
0.8012499000000001,7.330922356888076,-5.922792833155073,-0.5087369335686386,-15.11595634026637,-1.8743021174770602,21.072257783921202
0.8112499000000001,7.245405048040296,-6.000100566236278,-0.6555557168020355,-16.133251652406354,-0.5520052804146789,22.194224783539454
0.8212499000000001,7.125853115757767,-6.031162926083416,-0.8406034274023224,-17.03236935497776,1.3285111081447702,23.803781445609236
0.8312499000000001,6.942258239018984,-6.036266826959573,-1.0677764527280975,-18.17263334281489,3.80300844970333,25.909186896266522
0.8412499,6.714691655820776,-5.978297696437207,-1.2892906140658704,-19.69709879750466,6.7696303258064745,28.41686424307235
0.8512499,6.374639250387418,-5.880399125102838,-1.5430275215690226,-22.215553016882122,9.975507246742774,31.43420525400615
0.8612499,5.906297151754734,-5.798857421618534,-1.8574520174487061,-26.00272889915625,13.412286463473858,35.1261964999148
0.8712499,5.385443137660933,-5.699099093796114,-2.0932324875965014,-30.676539510431148,17.027963806938995,39.60937024969038
0.8812499,4.719610256227286,-5.594851766734706,-2.293192337738702,-35.79169676688026,20.6346909215961,45.12659662146794
0.8912499,3.923673916396909,-5.527135351455191,-2.5647403083764604,-40.97086912169002,24.555903047397894,51.99358627323611
0.9012499,3.239163109503541,-5.361502239559657,-2.834439814592627,-46.771530179423465,28.655837483332743,60.28453616045513
0.9112499,2.591948183948908,-5.08141565296705,-3.0489542016827498,-53.158097003759835,32.879354485786145,69.6169568661809
0.9212499,1.93268015991841,-4.664513583176707,-3.2018452924520275,-60.687639656026384,37.501057065344206,79.52987832237338
0.9312499,1.36908378959231,-4.14872069005353,-3.334128534506187,-68.87394154297978,42.794877811702904,89.36142942418657
0.9412499,0.6409678138368693,-3.601196918387534,-3.3833149063960866,-76.36305280467415,49.555778345448985,100.89982165083906
0.9512499,-0.1776575111044154,-3.0279162221895577,-3.347942877589467,-82.66727654733023,57.312087806081045,114.44399297959
0.9612499,-0.957538337027725,-2.6665765581145915,-3.1911828732281817,-85.34369432689637,65.52792442652822,129.20175204762532
0.9712499,-1.7521159291786763,-2.494692462690552,-2.9312248471627145,-84.04474294506007,75.00108927285888,147.89503526430002
0.9812499,-2.2388063743096644,-2.194864529947767,-2.566043374378754,-79.89401493593964,85.76231045057247,170.52473694348407
0.9912499,-2.4596793812094546,-1.801921546725483,-2.02254495123557,-71.72697550947032,98.32835587148396,195.51441714211006
1.0012499,-2.8116391606631326,-1.3173752631407556,-1.4391745233631308,-62.05438719528881,111.99498289514189,222.11998548061587
1.0112499,-3.4219569518842072,-0.8950863250140795,-0.9015412323034924,-51.45864409515207,126.00554900073162,249.83767340559262
1.0212499,-3.908581949373671,-0.9208719223743435,-0.3711884870598823,-38.47469477943197,140.70215251683416,278.5371756819291
1.0312499,-4.111440733589936,-1.1499492564062406,0.13981425706659553,-26.13363772142527,155.22581859226298,308.21673849802437
1.0412499,-4.339006813273194,-1.3912406781928166,0.7145072632453217,-14.823127314732622,168.784224772265,338.2155746766566
1.0512499,-4.646217330628019,-1.8862318163950507,1.5094760391292292,-5.869894223114696,181.88530993385376,367.87962474300735
1.0612499,-4.920541946025044,-2.6192648149033797,2.349465697121122,-0.31759964675781815,193.9269233913409,396.02631549134236
1.0712499,-5.252450569114725,-3.2263626030000485,3.102870023201394,1.8361693930990999,203.83019441514207,420.5932366017991
1.0812499,-5.668229637913406,-3.8978278650983897,4.138131024731663,-0.03124452064352565,211.09547428392514,440.81467633175197
1.0912499,-6.1360813584799,-5.629755035623675,5.864825127814889,-3.4039046987141717,214.97182090868245,457.83755457926543
1.1012499,-6.577360160365392,-8.358123392361442,7.927997936993749,-6.522618854677773,215.36460498636933,471.91171863794034
1.1112499,-7.051388582507186,-11.33323238873703,9.648158703413412,-7.911061566601025,211.1029850747848,481.6389712887642
1.1212499,-7.733342707468108,-14.981710236744696,11.999730918252263,-5.904947375378786,199.23195660944174,485.4255191296902
1.1312499,-8.568321654376229,-19.478658648101195,15.351667967531023,-4.073816994990804,180.76572753696485,480.6676202624099
1.1412499,-9.208350064994201,-23.308104674565254,17.799280197777197,1.041546842532139,158.3200368902293,465.00649540667786
1.1512499,-8.016080658740957,-26.78483967955064,21.290327731409057,19.723074739885618,123.06390419660346,432.88605782425566
1.1612498999999998,-4.049228865009681,-31.397396191309145,26.656780316595484,56.765630813989844,76.38313003980736,389.50362359513286
1.1712498999999998,1.4058249111695722,-35.28984833010572,29.363124389930256,110.92776936968426,26.180229410776032,348.2031409522102
1.1812499,8.0174931340633,-38.30106931992047,29.982606614631656,170.57671483687045,-32.19961578517827,307.09933827082267
1.1912499,14.340062351290458,-40.35484672479245,29.93652888698464,220.38413395334675,-95.76615678089318,262.3181492305946
1.2012499,18.071719175258764,-37.24044985685097,28.246304433159537,239.68685041544165,-163.71719336246736,207.12588078673255
1.2112499,18.72701791790327,-31.20050465919702,27.856117153329837,207.08842606056677,-239.19535183320727,133.4734428797068
1.2212499,17.254618300103928,-28.36313111331834,29.675003203228446,134.11251208654332,-316.39013729855793,41.00351809654052
1.2312499,15.112787120301352,-30.089381565297217,31.913406072229865,49.296603771152384,-386.0015582755484,-60.703863054071554
1.2412499,12.476782593945488,-36.058284475097956,35.06733325125904,-16.706427725342,-445.69803453833407,-163.23573719654323
1.2512499,7.712779474041953,-45.45734524211064,38.693605244306056,-37.638756167846914,-490.13579331853515,-269.5941503190407
1.2612499,-0.3172102317632726,-54.652602908099034,41.3156741253713,-12.026380465338923,-501.7898675137603,-385.1172784887756
1.2712499,-9.524364351134924,-61.01234884837209,41.060906764634886,37.29741777646985,-499.49112448398284,-480.4889522097739
1.2812499,-17.672732333381383,-68.38794316286166,36.512703727298195,136.7632710556404,-499.9371017038648,-503.97789385504586
1.2912499,-27.49110196949481,-67.73098320495123,29.620182594581877,218.13545809485197,-500.17461962265213,-498.6596597029701
1.3012499,-37.178523167295594,-55.08077093587731,21.56510366689011,199.7709849784838,-500.1638614348492,-500.0619037399317
1.3112499,-43.92087454614594,-44.81066916743473,12.889849479664527,134.9703606278514,-498.75525337137884,-500.61042516165554
1.3212499,-47.17759385068051,-31.52427756529395,3.37278927276456,34.66110339670004,-503.2924279265668,-498.7155548273207
1.3312499,-47.846304814463174,-10.957718310108351,-1.0894468006979166,-109.41000149155752,-487.52190422382,-501.69781372195195
1.3412499,-54.404953970560136,-3.0017145118013913,0.2974309365445832,-180.4015498084526,-410.9987440093321,-494.669117315856
1.3512499,-57.53326938476623,-6.11340094207247,-6.257602164682695,-123.04640122541178,-329.25963030492954,-396.4954578148718
1.3612499,-47.36289755137394,1.2300504515221964,-16.12916769154352,-52.03142930976845,-283.4202008995753,-219.1889470421953
1.3712499,-35.36503807354869,14.161898769144482,-14.123741090740193,-31.285954467048633,-243.3788821668918,-96.52620317036701
1.3812499,-28.651574710723256,19.169363145737876,-6.3463393316596,-46.38068252330733,-188.40030023235187,-40.890844462776315
1.3912499,-24.8214258508146,14.919585709792964,-2.995639272268753,-72.34994040432115,-137.82838642329492,17.527558777715267
1.4012499,-21.480146324441655,9.13699364000172,-1.6834334059328553,-94.24323700669596,-101.03921167700952,69.388649394724
1.4112498999999998,-17.68080563672227,6.225799557234113,0.6244246197107542,-107.32194328400591,-79.26438669101995,87.14229829906571
1.4212498999999998,-12.2788444301989,2.9834805913283162,2.1234365167701066,-114.8905620339106,-64.3758705777217,82.48075270495642
1.4312499,-6.11385381549147,-1.0824099255582318,2.378671773975876,-119.58389097871508,-52.64983520960049,72.83714461121008
1.4412499,0.05071920960989311,-3.56520448216529,2.3455501583136806,-118.59213099743609,-43.405608889023995,59.975997899813436
1.4512499,5.584395824579258,-5.52287400197253,2.104150237323226,-106.30589363907212,-33.35132076182745,44.15165730381613
1.4612499,9.307294145248767,-8.46554229415636,1.9675770449834893,-80.41608642036822,-23.14067207904549,29.08444327920432
1.4712499,11.802446461989708,-10.864801428501973,2.087016611387307,-45.47338602255692,-11.248206195256348,16.98223150013941
1.4812499,13.265609380589806,-11.82107259342242,2.160758967178234,-9.261785827496565,3.6418262435091826,6.102824900683831
1.4912499,13.581091700992717,-11.643603889824126,2.500927358537749,20.864391942794832,18.939040807969263,-6.264503654458749
1.5012499,13.560194128779964,-11.061102858734376,3.027095470924121,45.47925556155265,33.564466437674,-21.10497437721938
1.5112499,13.471252958310862,-10.76022072918319,3.2380176624520525,66.39427739220642,46.046978558502474,-35.76112018935779
1.5212499,13.120025549368858,-10.039375029971513,3.2711004781277535,79.50687921738687,53.65857755167216,-48.212858094655196
1.5312499,12.558642725905248,-8.815343145881158,2.946819389549279,84.47913001187882,54.348931477018745,-58.35772493499638
1.5412499,12.26736715781618,-7.937366313987517,2.2436299024699067,84.89112658882668,48.74196095533597,-65.85491026630044
1.5512499,12.156979347871534,-7.153982581143224,1.7813797195443555,77.9588498927888,39.8075613957359,-70.82870535791889
1.5612499,11.770395323776752,-6.241829433768187,1.7599132564524504,62.32449786679947,30.12353197996552,-74.04862756932339
1.5712499,10.88076127214035,-5.559032048855086,2.105941710234255,37.68994629415755,20.478484436618288,-77.21385922325894
1.5812499,9.895587804801705,-5.207643719565155,2.3387988331868788,11.668222130421254,13.09034891780005,-79.96364993148259
1.5912499,9.351401179291635,-4.995069537746647,2.2839458571515854,-9.738432130963156,9.058670311745228,-81.72340710291898
1.6012499,9.029728221406028,-5.002307375365402,2.384466206873278,-26.53515886157849,6.449618347474356,-83.01368532267601
1.6112499,8.709629959057503,-5.187013673140131,2.4432881600092418,-36.27316413408854,4.069353626048735,-83.6963121085035
1.6212499,8.352574994008174,-5.494854214278246,2.366656765989635,-37.85023419091721,0.6256134872019521,-83.17242939168044
1.6312499,8.17440770567451,-5.644800545000887,2.1964878519816478,-32.24989643136246,-4.138525619699925,-80.57600910542531
1.6412499,8.23512184835512,-5.34382027697622,1.9173525147718666,-21.924160747904892,-10.132384986649894,-75.82358462657567
1.6512499,8.282578648250803,-4.816157357384001,1.6741972937619531,-10.263124502943617,-17.06779086264806,-69.38491968451157
1.6612499,8.183466174696616,-4.0428063034616235,1.3446384880948923,-1.0013484478462322,-23.387651065862254,-61.75282338100335
1.6712498999999998,8.059962761766482,-2.9637742963593285,0.9647533719875483,2.875792909761601,-27.782967759583187,-54.08004238763126
1.6812499,8.04768990362221,-1.8993842520064999,0.7636316794919698,0.6998768271819967,-29.650674363265942,-47.19764695033742
1.6912499,8.087880572359287,-1.0180195258853248,0.5681590370826192,-6.473885524911535,-28.93828643062207,-41.46545751590416
1.7012499,8.195830406202163,-0.461699266138985,0.47708294419154984,-17.578486699792478,-25.100346266056537,-37.244966886450015
1.7112499,8.251218373604408,-0.18160654181842786,0.6190101416905937,-29.502479719160632,-19.63219134263198,-33.711026902028735
1.7212499,8.44615874632171,-0.19469706780992688,0.7138036415420765,-38.97258930256732,-13.35641929385891,-30.556219284189567
1.7312499,8.436366037335132,-0.47373827002996954,0.6987395326258891,-44.98256369364864,-7.527998746018836,-27.24308038308332
1.7412499,7.980976859059451,-0.8726250883345547,0.6418664223661832,-47.668008911900344,-2.5769750990925404,-22.72713287848267
1.7512499,7.3897222064562795,-1.0473216459215913,0.48671572290293197,-49.26269530956747,1.8557681736348,-17.402699988114392
1.7612499,6.802404990858584,-0.9812012345654272,0.2199378347882593,-51.36974444972288,5.399890560352698,-12.490501461037324
1.7712499,6.335171218171143,-1.134350276655503,0.07005672841396683,-53.791863240282765,7.8674582280408805,-7.937747651683855
1.7812499,6.017885271724319,-1.7675515946150435,0.048672088731959745,-54.62797017470414,9.998851370531481,-2.363752566781647
1.7912499,5.915927688182238,-2.4974252326307584,0.16742505945848704,-52.72851449418636,11.332029044128515,3.3686763976928784
1.8012499,6.085305138516442,-3.1239978170284095,0.6098311258216776,-48.75549864024942,12.092348728176454,8.048536126830315
1.8112499,6.333637972302432,-3.705597147988585,0.9935559076378836,-42.563073197154395,13.058967863106794,11.693617177311022
1.8212499,6.498963086704849,-4.087726040928779,1.012123586712236,-34.380241023007805,13.664610734656529,14.148899563776073
1.8312499,6.727625678203717,-4.257037385750439,0.8821787577191139,-25.641482674031785,13.474880448700686,15.63676554634711
1.8412499,7.074109646764849,-4.328157653882075,0.7842003288325338,-17.839717298889152,12.77559186437081,16.39590758605756
1.8512499,7.394833661480976,-4.35052897464972,0.7007669236373283,-11.963746241936072,11.841755902656795,16.685474471292988
1.8612499,7.687396930208234,-4.373901896608047,0.6419691705609923,-7.989396096997604,10.18228093405739,16.634995015295228
1.8712499,8.100060906688373,-4.358630299247834,0.6460912654365759,-6.398348925541063,8.22443158822552,16.574662024778707
1.8812499,8.589396306861003,-4.2005508007325885,0.6421270167785612,-8.021173926062424,6.8638966320650665,16.607135846820704
1.8912499,9.038231941329167,-3.9268375632998307,0.6311203263127457,-12.655336176359965,5.932453784923494,16.135345417689443
1.9012499,9.483681262375733,-3.7513382566749507,0.6460458377621492,-18.925258612098965,5.222383699225761,14.532906734920193
1.9112499,9.849733167008017,-3.729268655531436,0.6960696009703344,-25.698130529736893,5.231037255812378,11.854916395392715
1.9212499,9.986004482313255,-3.8198328677173587,0.7144235412745793,-31.92410852639256,5.756458626358344,8.698454833663202
1.9312499,9.982208808867737,-4.063429151433316,0.7466515889764077,-36.68486857646466,6.010586318565534,5.47069250243424
1.9412499,10.015957524648627,-4.411926481555539,0.826713842576227,-39.22270062395293,6.387959917689544,2.525472311286162
1.9512499,9.992649564866532,-4.700988200299599,0.8445961639718945,-38.97319144326805,6.876673619102246,-0.2110459691146249
1.9612499,9.89648210652656,-4.962133661995372,0.9761310929120246,-35.92027995837287,6.698922632832229,-2.428035907619125
1.9712499,9.89023722386041,-5.2005680931750025,1.2931108723310858,-31.095050917425592,6.377373836975331,-4.053380395595015
1.9812499,9.876021552808105,-5.270845398270877,1.5143058772645555,-25.773527120575405,6.4795334040114865,-5.498687011252832
1.9912499,9.74875351465774,-5.1626760140145205,1.580146603157383,-19.633733531076132,6.488177471637454,-7.064910530662097
2.0012499,9.608309668996013,-4.9365309794862196,1.5800712369547685,-14.416256826802831,6.093897694400937,-8.288641265987852
2.0112499,9.47058896836305,-4.675599977398844,1.5445349010404446,-11.425966116425457,5.360321227570709,-9.039658048156443
2.0212499,9.257234237919691,-4.403522400731166,1.4518523169520552,-9.61056486339396,4.288262333743813,-9.690614568354597
2.0312499,9.026585194531789,-4.125080657091858,1.313364049690305,-8.844238692931276,2.875682287832082,-10.555292477013055
2.0412499,8.867323797876665,-3.9198758862976923,1.2662726317457507,-9.289193671527006,1.7109343356030107,-11.477215943008698
2.0512499,8.752686820313464,-3.7065572579345645,1.2273051093754292,-10.891511699552485,1.0514718795316507,-12.24302243656186
2.0612499,8.646271382623247,-3.4988020139123734,1.1624071898912327,-13.508560859144794,0.29851562210765625,-12.885094774904621
2.0712499,8.55117746727202,-3.479792976904181,1.139498830885016,-16.639531730531747,-0.6833564147476283,-12.754596227091097
2.0812499,8.461287981380645,-3.525268496849846,1.161271584714568,-19.749054180023442,-1.2128947670807024,-11.363976746227111
2.0912499,8.38239006305454,-3.6395076072023524,1.2597874817506451,-21.923346719484876,-1.4785024932451276,-8.649438349177457
2.1012499,8.419838942089603,-3.8975441026407016,1.3702400026967518,-22.428481536435314,-1.0981570835090062,-4.445161526891722
2.1112499,8.455148220456465,-3.916595025022001,1.298101522145919,-22.941957632927114,0.20211198887478846,1.2945542955346439
2.1212499,8.269282997274683,-3.7446252706937284,1.1080216472357494,-23.049704464291146,0.7953603549311983,6.322399968391794
2.1312499,8.143962875251935,-3.757936655368346,1.0438892681520875,-21.304135499289277,0.42836905415222654,9.856296475666388
2.1412499,8.277336878959021,-3.9602688009969453,0.9960682796152549,-19.104746853564155,0.5188384757485953,13.528398248712492
2.1512499,8.329901409272457,-4.325861341510502,0.9744145856684298,-15.608372470745282,1.4579407369201076,16.654308877538973
2.1612499,8.279712005188284,-4.6334487926468695,1.0839018920435552,-9.70911444275618,2.0575836538774084,17.958433088914987
2.1712499,8.516146463393287,-4.668666958315301,1.3190250254305038,-3.2565228403634214,2.3897924628073515,17.508886174042015
2.1812499,8.864859142447761,-4.744583796652022,1.5222948904976945,3.157701708520743,2.631917094334267,16.025129972271394
2.1912499,9.022657447547202,-4.860326685467528,1.4305584205284854,8.796364828917715,3.3070499274709184,13.914053818020905
2.2012499,8.950036780737065,-4.743346253017918,1.1494298964372593,12.45367621597945,3.503961762610945,11.384686169361377
2.2112499,8.793888088279317,-4.449905488872464,0.8921971183573159,11.936212125498145,2.530383626599427,8.894616950204217
2.2212499,8.985666729661206,-4.121670482949348,0.7620317121580373,7.8467112712207925,2.6219305674444886,6.130048271636757
2.2312499,9.190469648064406,-3.8335381815731595,0.7508208974791452,0.9245131417367153,3.174513313841444,2.5826175999819965
2.2412499,9.263033804730057,-3.7450759015283968,0.774199915172079,-7.344756054560043,4.136903697277058,-0.966421831032775
2.2512499,9.278086578543025,-3.840181369098395,0.7820827636898972,-15.159414992138144,5.386874903826204,-3.685483314710876
2.2612499,9.239284884743517,-3.975042317237442,0.7491739612250932,-21.700035683280937,6.50963674148387,-5.2560196666054075
2.2712499,9.126103337244677,-4.083487526117296,0.6990404108349693,-25.77267246339751,7.355054108058091,-5.904000380942747
2.2812499,9.02448206906411,-4.276176266254939,0.7036326403233106,-26.978454679742978,7.806926591999751,-5.9800107376642915
2.2912499,8.992203303222901,-4.521472494419823,0.8140332169826572,-25.436208220344184,7.967060042724174,-5.381028452011424
2.3012499,8.983945403707798,-4.642278660924699,0.9452868091235338,-21.901042773370836,8.102988193878513,-4.161388277988912
2.3112499,8.998444614212172,-4.671932967005753,1.0444892191216062,-17.46928212429905,8.037573722683135,-2.6502906539499747
2.3212499,9.039141251240533,-4.719705827130049,1.2274743900890162,-12.451218517845922,7.954259190298652,-0.9119544355319001
2.3312499,8.87427038053278,-4.709525455764867,1.3396164087284537,-8.185094301471295,7.3270811462281955,0.8297160775222278
2.3412499,8.700805175864971,-4.672226698345936,1.3265537396660687,-4.648605550203414,6.948753809856803,2.518743746038374
2.3512499,8.673930161459438,-4.612046002147243,1.3514213996473525,-2.0574320618682918,6.961604046679318,3.7428344706966787
2.3612499,8.45006189352073,-4.41150843602195,1.2996022514678247,-2.168803494943928,5.541386992621627,4.273634262825679
2.3712499,8.408415469632722,-4.335885364131537,1.2630084201325822,-2.7573512857886064,4.906305180951481,4.530831654916196
2.3812499,8.41934818958018,-4.300458153734816,1.3658709344101125,-4.26041726568358,3.7278494470932073,4.721143298981452
2.3912499,8.380800211827346,-4.3200514460444674,1.437709362804816,-6.635442203033722,1.9325994346262672,4.885913169500839
2.4012499,8.435659594703955,-4.401434037981955,1.4247460813836863,-8.950392116168642,1.0350457716546595,4.949701677245431
2.4112499,8.437242438633444,-4.498580476219813,1.4234646565177629,-11.412723541296385,-0.030006861156104826,4.632566014139124
2.4212499,8.438034049039578,-4.626450836977755,1.4064985451005987,-12.811421268370607,-1.0557401542986729,4.062040488328608
2.4312499,8.462051097501305,-4.665959888822968,1.3122714247491243,-13.104003818689486,-1.8426363857780064,3.699321055380479
2.4412499,8.504959418649944,-4.676845266173823,1.2144715519496374,-12.975536588853911,-2.3612752267329884,3.3990397158395425
2.4512499,8.487179309645184,-4.63438536687378,1.1498594357775351,-12.947514001013152,-2.5860147643254807,3.334998072402693
2.4612499,8.380344872646662,-4.554847570573846,1.046674352987096,-13.007757086480263,-2.713397372494044,3.5829351388609116
2.4712499,8.345357168106684,-4.581535112510284,0.8621573617558741,-13.107757384852436,-2.5216069522746767,4.4164932255059846
2.4812499,8.398684852556428,-4.69056023034399,0.6987816800433962,-12.942358490266038,-2.323811725429359,6.146561226844091
2.4912499,8.359744841449878,-4.764038934506217,0.5916164519019669,-12.471081970337602,-2.2574628956652996,8.196103329255806
2.5012499,8.220597135163095,-4.801439348526832,0.4765694209563716,-12.142869825812419,-2.2475413537071343,10.11696734215108
2.5112499,8.12013849087332,-4.856372552410833,0.31121227322678563,-11.893323639801094,-2.0391005518341148,11.934401263189358
2.5212499,8.020517092525408,-4.885449810965578,0.12127721827525352,-11.786271639859898,-1.3891914263138851,13.737808634510195
2.5312499,7.860147870848928,-4.870501286285637,-0.0014909763364043197,-12.54256988751933,-0.39399653642835397,15.61032575290316
2.5412499,7.689247831715753,-4.87155040584732,-0.09110301804336024,-14.384500106398034,1.2287208417289235,17.60736160963806
2.5512499,7.4761105907589736,-4.916000441597784,-0.21583049574752192,-17.08159656696046,3.4797750592586345,19.87035037419448
2.5612499,7.18275713914036,-4.945711429995906,-0.3414833809753382,-20.601526498433117,6.172302251722865,22.317493753939377
2.5712499,6.808479321026813,-4.98254147526479,-0.42885663320521056,-24.471160962445158,9.319179734149557,24.57910756991999
2.5812499,6.3872277796123065,-5.032375953313492,-0.4751502053400425,-28.420569232070402,12.717921540007126,27.24026223685525
2.5912499,6.023056051718283,-5.1070814371608675,-0.5151211326702083,-31.82816866263823,16.633804725740067,30.683741206459054
2.6012499,5.6717561541000325,-5.179531396484165,-0.623970363397637,-34.128484364152676,20.69986706641424,34.88897403917218
2.6112499,5.261250495512435,-5.181125273222314,-0.7731519190138102,-36.58669130584288,24.82656823080157,40.27817087404958
2.6212499,4.8510023468260846,-5.130164876085189,-0.8531155646702586,-39.98544437754061,31.155555679790915,47.26672210016012
2.6312499,4.406063489086156,-4.905778473671826,-0.9558458936707677,-44.367334881550214,37.430154661598266,54.25560140771869
2.6412499,3.9917953171719995,-4.768330170993449,-0.9345119592023036,-48.79718988710704,42.961956719741224,60.865000536725695
2.6512499,3.573492963522063,-4.777742331629688,-0.8057747019757577,-52.28393551037332,49.228763079748056,68.34950411080551
2.6612499,3.031075053168003,-4.707425734136851,-0.825276605535505,-54.100438432194814,55.22480441708645,76.51374452674328
2.6712499,2.526271608647837,-4.531562603517188,-0.9237744465331851,-54.42023933900535,60.77274668519007,84.96715094739068
2.6812499,2.1434961280054,-4.262429405481742,-1.0661683307837744,-54.10399550395777,66.64688564173974,94.17626678165044
2.6912499,1.6630588463610083,-3.895712088327103,-1.2287913091885323,-54.08232059002837,73.19743718860481,104.47209748902058
2.7012499,1.1210283921528243,-3.52778970031262,-1.297575082716297,-54.89759521947785,80.36482454743722,116.18293402850024
2.7112499,0.7542012964770675,-3.216175032426624,-1.2436746162243197,-56.157825730080916,88.29501225301094,129.32858439029894
2.7212499,0.5053952404243381,-2.880645096457165,-1.1660275727223297,-57.40584135475936,97.38473934132755,143.70812010577805
2.7312499,0.26198508349953503,-2.629833279197235,-1.0254365900509563,-58.27628792427469,107.5048663181934,159.17085024227768
2.7412499,-0.07461412872922835,-2.60707474192422,-0.7126037426637797,-57.80205454443583,117.78278666560516,175.53101695356276
2.7512499,-0.5368237154993227,-2.6816197033367426,-0.3943127860476406,-55.504043221983345,127.95162595460694,192.71272166950072
2.7612499,-1.0062436773926886,-2.743192536219923,-0.22629979843129772,-50.89151697702068,138.2238436514003,210.62947481626384
2.7712499,-1.3548088640392764,-2.8517348825938007,0.06469154412636464,-44.32357122997982,148.49274476199327,228.89298506636476
2.7812499,-1.484814887052337,-3.1798256576468606,0.6784505855889015,-36.26288270771872,159.0503352703418,247.75467697609372
2.7912499,-1.408678170904329,-3.5619321298286777,1.336308787420988,-27.619740661042187,169.92459327339373,266.7221126900522
2.8012499,-1.258350835477563,-3.852862096820103,2.090875235505743,-19.393255702876107,181.2983552279646,285.54837719807915
2.8112499,-1.236982161106538,-4.434619057191796,3.041232316498905,-11.580362339850451,193.03671528687653,304.07922979259524
2.8212499,-1.4056381801704867,-5.075012668617221,3.729353694191639,-4.143686893263813,204.71695950209278,321.84791409063877
2.8312499,-1.7583603346685255,-5.5903496509990225,4.168938980655303,3.014902775335817,215.79474951015675,339.70985684938154
2.8412499,-2.215486510426631,-6.2910101728077406,4.643810456862734,8.683376885919358,223.5095381421336,354.260523133862
2.8512499,-2.6791753659264614,-6.9029216721215025,5.250106094741872,11.377244087099784,227.7630404444064,364.6618600427155
2.8612499,-3.1613360127976025,-7.869191630621779,6.562575310968058,11.856748321072907,229.5362815350832,373.08765866347653
2.8712499,-3.575025598250826,-9.294040670114926,8.026098551665411,11.85291307706587,229.37275380652972,379.5726416660028
2.8812499,-3.9478001640258054,-10.766319842324288,9.158255681836035,13.574301721508647,226.493031492668,384.07125373343393
2.8912499,-4.2031210713413225,-13.072550245758759,11.31088766802724,19.21069802332265,219.86494892529038,386.3904348825492
2.9012499,-4.238847381666527,-16.623914818344833,14.424303976406934,34.276767886984565,209.14634796107833,385.29922216548016
2.9112499,-3.7060786197841122,-20.21334897867245,17.33908360735,64.6343842850015,194.31121326187684,378.5607464698204
2.9212499,-2.0387148720759893,-22.95668560694524,20.078160187026114,111.44924460834135,174.85953885219604,363.9248861470196
2.9312499,0.2618276670709065,-26.049720887331294,23.098573082791045,172.6928778092961,147.70025812027964,343.17141069301766
2.9412499,2.9431680253280486,-29.155127216122303,25.666145441288414,240.1287800551003,113.2813544602228,318.7512812156156
2.9512499,5.355649501524295,-29.25300759039907,27.08904255707507,293.31269935015354,70.75919835875311,290.1905235913782
2.9612499,6.958826982724705,-26.52192085866044,28.14151574586855,314.6140937207867,15.148187049380278,255.66354237050018
2.9712499,8.853936354602082,-23.502539344067223,29.537589845153708,302.02959216254044,-53.08809150969724,212.551788914138
2.9812499,11.317918245917754,-20.441310312744633,31.89455179244141,262.1491231778664,-132.94729961608837,160.1812170534694
2.9912499,13.638245510878145,-18.794646738667254,35.65267931777594,198.83991670757226,-222.82685664457455,101.37335825967061
3.0012499,13.18868557047827,-19.66968799345972,40.25032936554883,121.55958431328722,-310.8741520096784,37.6723985035907
3.0112499,9.197133937627619,-21.122017077709607,44.73239310940268,46.615794894252765,-396.0144588159615,-36.69647444765028
3.0212499,4.461978156253919,-22.50521787706726,47.946179291235175,-14.853553598702685,-473.1681695994786,-123.16755163031051
3.0312499,-1.3245800677282764,-24.92847584342959,48.902706108388216,-62.39113449860216,-502.6864230950986,-217.13029882045063
3.0412499,-9.400044857587444,-31.44058237762206,48.05729371166831,-83.59491913576133,-499.53287690056493,-319.31717542361463
3.0512499,-17.718873668852805,-40.49820995861982,45.8971748118618,-57.36808867394754,-499.7882044505737,-397.1506099008658
3.0612499,-26.47012779059911,-45.71209849182792,40.77779539015473,-11.40413160069603,-500.21051767725714,-437.0223695654121
3.0712499,-34.377505879142966,-45.65723055039511,31.867473425843656,22.217242221132544,-499.8097804385871,-457.7836060476416
3.0812499,-39.563530566539335,-41.4660223643205,22.022619827087972,32.83773922560254,-500.4822305789411,-465.1441365018543
3.0912499,-43.2071727676862,-32.915881876570005,11.325789869690958,13.770320394877471,-499.00483443870087,-462.13584629507716
3.1012499,-42.92056846545815,-19.478319370209974,1.887277987911422,-44.511444063454356,-500.8689563941315,-458.2445125819813
3.1112499,-42.897573788356866,-6.012423345530971,-1.7980642105325706,-126.16856190615557,-500.56210481396874,-450.2804262978059
3.1212499,-46.35653170889831,-1.3021878564051885,-6.680814566299887,-157.9951809706931,-435.6474547375539,-403.47678550995823
3.1312499,-42.73937529197184,-0.7916596681270766,-14.667247197902036,-133.69953590515684,-331.0019755942268,-302.06018477248574
3.1412499,-32.3212255758581,3.248551921625114,-17.592228616184027,-90.39261415659387,-254.18576688678962,-185.61453435384593
3.1512499,-24.747173476215014,11.14280855307129,-16.07980845548604,-64.18172640457435,-178.67654064301678,-100.97473034888678
3.1612499,-22.058977013826496,15.176231392457447,-13.329417735348313,-61.811608964439145,-106.84679851017785,-50.17777128378171
3.1712499,-20.161764682847572,11.109088762130161,-10.543493554413935,-74.93127698317934,-59.70169015250221,-0.33326103245347505
3.1812499,-16.828052420968298,5.86013171968626,-7.989390729542542,-103.52538066179574,-25.701896922878593,48.37521343263699
3.1912499,-13.240129913275249,2.887599387425821,-4.624801463155884,-128.79149574395046,-3.1047581735087832,71.4142855069098
3.2012499,-8.731849285548416,-0.962639496126459,-1.4183542376118867,-138.35070389285147,6.007776496940141,72.58962086956124
3.2112499,-2.7712808953255594,-4.744498475453653,1.2088082647384244,-138.06549037184914,9.601346521761045,65.2713750822513
3.2212499,2.623310426880429,-7.037162673967147,3.185270336685293,-127.86316573229338,12.498607172954017,54.16475655671324
3.2312499,6.726757606946659,-8.761433330110615,3.977174740589388,-111.28564464107475,14.502336859319291,43.475345743785354
3.2412499,10.060180987112291,-9.9356069678571,4.064431016424676,-90.44990396797473,17.11684391410379,32.69697323212274
3.2512499,12.28045951396599,-10.163596259709276,4.222106596858883,-61.5413619142142,20.724897648632467,16.294287993683923
3.2612499,13.098251721763038,-10.185893064410584,4.4195250379715,-32.72511802980118,22.32834516111584,-1.6688899111261328
3.2712499,13.339323290519026,-10.042038635863468,4.216496700217682,-12.664620715800849,21.535033857948438,-16.56046224442726
3.2812499,13.157706172099225,-9.1123629237897,3.8257699010551653,0.12149598439202283,17.59517923976285,-30.21881880099955
3.2912499,12.372313583636368,-7.911357562778533,3.773029860754364,6.049662230069893,10.905279757187873,-42.381029358203314
3.3012499,11.443732670340005,-7.051700066489192,3.817335422870987,5.608059134283109,3.04391554557865,-51.950094538048035
3.3112499,10.932862955530736,-6.3231111312766926,3.7152906970475392,-0.012360750313187566,-5.153546406524748,-58.191791469837135
3.3212499,10.84534688392553,-5.4774999573506875,3.6517001524859682,-8.824008729506344,-12.285014678975646,-61.76668907796064
3.3312499,10.677210836014284,-4.678987537833042,3.705403613315956,-19.472144519813618,-18.182111591069813,-63.73336241321048
3.3412499,10.367830160438448,-4.299205892395227,3.4525646436279067,-29.55582319136884,-23.098395164363833,-64.20133477797762
3.3512499,10.136393067301318,-4.127157639856036,2.9325488323216398,-36.98765179457253,-26.654271261270665,-62.649386578218675
3.3612499,10.008202013632449,-3.9349384968671703,2.6689121761869674,-41.08527113557523,-28.987415751646026,-59.45970065319866
3.3712499,9.884098519242222,-3.992553378127377,2.3341054246074378,-40.86743093417698,-30.049421628721564,-55.490096230136636
3.3812499,9.67244338709398,-4.1715471650776434,1.642963925445137,-36.61993774831173,-30.247161661342194,-50.98589767710979
3.3912499,9.3834130524009,-4.102208824136968,1.162610206517735,-30.782978901013436,-29.56344458348763,-46.33858021264709
3.4012499,9.003264033968248,-3.7994558315448996,1.0513444956508282,-26.24938836246053,-27.379403962816475,-42.364318794549305
3.4112499,8.566117710802002,-3.445301772950068,0.9730464109597522,-23.94875540559523,-23.81879032181861,-39.362705215945915
3.4212499,8.117177740068527,-3.25311209510355,0.9646511393629332,-23.54815743636601,-19.51562547989698,-37.41659670931708
3.4312499,7.652236909721426,-3.1553658569814984,0.8140125848914663,-24.87027415350388,-14.920540904824078,-36.008168774044464
3.4412499,7.304198722075297,-3.034804226267989,0.45315527833296193,-27.481265889503057,-11.064084509510806,-34.535888308026536
3.4512499,7.211123987424719,-2.9628274946400266,0.24173206299905792,-30.60733373240308,-8.071360654483046,-32.968091337070035
3.4612499,7.239360279609905,-2.8802590708590534,0.10093282474814701,-33.39299240678058,-5.5076313487033,-31.144171887393533
3.4712499,7.21515160665207,-2.6396896573060187,-0.0590256448772951,-35.594441208214455,-3.7028950043458213,-29.336818730452958
3.4812499,7.157801685125845,-2.3585651362344704,-0.11017777650273909,-37.317791238849146,-2.1924041934484353,-27.654899909899008
3.4912499,7.148004504874395,-2.2473506558374874,-0.11361357255449002,-38.251473420495564,-0.811578815016748,-25.31331614462492
3.5012499,7.240803338819275,-2.2572495873914424,-0.03362937973122692,-37.51077046267139,0.2845704423682441,-21.854946160768645
3.5112499,7.38375474485733,-2.222146768917397,0.07245266987540484,-34.90251895572896,1.4558976613510513,-17.620177561810962
3.5212499,7.520688125550129,-2.282230228218542,0.2065652346433529,-31.0959217372158,2.4800598243467733,-12.711816728920041
3.5312499,7.7391436932950155,-2.495505024857507,0.4550460844179857,-26.506751953699514,3.480622832942843,-7.271307181742908
3.5412499,7.956958481951793,-2.5956623359707374,0.6254444622339534,-21.39602787686696,4.611909746491028,-2.18098837097558
3.5512499,8.058722608851728,-2.5701280972633107,0.6117016579348701,-16.425188911282465,5.255548162279112,1.9067090277943834
3.5612499,8.046952690382033,-2.5805127698217896,0.5426110306257932,-12.752718725367677,4.884494429620487,5.196234983772421
3.5712499,7.981174579747884,-2.657682813835737,0.5512550513708246,-11.243912485975358,3.910941561143652,7.9077385927825325
3.5812499,8.056582294561558,-2.709759896643682,0.5471763731505559,-12.34387825561128,2.6840919317689496,9.98511044807527
3.5912499,8.21362792942192,-2.7691156773343746,0.40722617558609364,-15.38826948150571,0.7965908379012443,11.308718529873154
3.6012499,8.312385640957562,-2.934894903867614,0.2490411249948235,-19.75158678502225,-1.8707603616675508,12.36261033558117
3.6112499,8.49932514909611,-3.128197992718969,0.16435352677894488,-24.675089905068884,-4.4293744205083945,13.117327048560066
3.6212499,8.7454755035955,-3.312649306168703,0.13731804710790738,-28.763509253956755,-6.4872064153908875,13.494133411203658
3.6312499,8.966567165195663,-3.5450026018601917,0.2266152053238496,-31.664361193674207,-8.500743717833803,13.525207327057442
3.6412499,9.30377310019745,-3.7014553113312987,0.3184649454507507,-34.426281392555474,-9.595440092596602,13.069627989783292
3.6512499,9.736237138659497,-3.625753253333269,0.3059565687740894,-37.47154547722471,-9.439694410559419,11.835901989284917
3.6612499,10.122573949677589,-3.510586944886632,0.35870722731400273,-41.033924976910434,-8.829744518737524,9.552395408211595
3.6712499,10.39638634831554,-3.563585066320025,0.46585216405466384,-45.035580120905976,-7.030548553944879,5.788928020934084
3.6812499,10.444781597583898,-3.747173748695317,0.4575109193163231,-46.94464376498118,-4.857253099046319,1.6997420991867958
3.6912499,10.264150006732585,-4.1318675014208255,0.46623089901211656,-45.12590993314553,-3.423424480025062,-1.4913953931559236
3.7012499,9.922586547519533,-4.621457613317139,0.5331067520440586,-39.54487603437706,-2.6938607905413408,-3.9089415213263696
3.7112499,9.580787052471237,-4.976984833302068,0.5054179665555223,-31.187823927560952,-2.5525824974188214,-5.349504861722501
3.7212499,9.382822154897804,-5.162201400368982,0.5038607123453968,-21.131648161839237,-3.007278968914062,-5.897147071990124
3.7312499,9.278377693909714,-5.074906951036082,0.5976744546613999,-11.540092692542334,-3.418742510805814,-6.113805283937864
3.7412499,9.22441165092018,-4.724238634359961,0.6425373018589484,-4.6092023287186885,-3.4673005083435178,-6.711238191800327
3.7512499,9.246006918878427,-4.354594297248936,0.7176161610536449,-0.7362287723111958,-3.0207320980615506,-7.907330879396543
3.7612499,9.269487991541409,-4.076508443476698,0.8081200043120933,0.44386841837336033,-1.7601437307198458,-9.057834774737506
3.7712499,9.160672452093216,-3.9082526269501234,0.778544543442604,-0.350027829891555,-0.5211888034066792,-9.74076019115565
3.7812499,8.915347998689167,-3.856774117463351,0.6965273706776446,-1.9251787797177018,0.24533574017484042,-9.787576616800909
3.7912499,8.618652335384166,-3.890307727039711,0.6422415177914046,-3.8946687825207262,0.45133559255974415,-9.209391057256987
3.8012499,8.389061902964594,-3.994668621899439,0.5805778191123737,-5.632725521603795,0.44244878077510874,-8.482958660436633
3.8112499,8.29747228746203,-4.102509978258024,0.516494392204062,-6.5637207337159165,0.4350384339947898,-7.550192602027681
3.8212499,8.30523912821325,-4.179599124978356,0.5097946827222256,-6.797170191069352,0.08560225089519011,-6.415602879839816
3.8312499,8.358348612672142,-4.3080002135453235,0.5765119264136882,-6.131994159059342,-0.4583503397558043,-5.383597680421155
3.8412499,8.509060985422323,-4.466263691501789,0.627926060431773,-4.518734017764176,-0.5978995459171494,-4.233782126260862
3.8512499,8.624529569995513,-4.54984182409438,0.6247723229315498,-2.270946347964108,-0.7963501670546429,-2.9866216942850303
3.8612499,8.709054955184225,-4.544634223726301,0.5605919826873967,-0.20534222615607636,-0.7434135597064937,-2.2199176388951565
3.8712499,8.84807995319223,-4.473897644616406,0.47072185174905795,1.7622982687031419,-0.14649580207657473,-1.6049818614087457
3.8812499,8.74280468469297,-4.344089631755115,0.32023915800572833,1.8308288016034042,-0.4019440213723096,-0.8865800499851765
3.8912499,8.771008494295,-4.233757787877021,0.16981950985138927,0.39555604968154146,0.0012330581354087495,-0.5225742179716573
3.9012499,8.917741085184408,-4.1501726390060645,0.19020283537192592,-1.3731288528263368,0.8362599665344542,-1.0009063280394384
3.9112499,8.949286736978912,-4.164219057997012,0.28706147908336066,-3.516049792269481,1.6149147534005737,-1.9923874254526357
3.9212499,8.992028235082898,-4.296805775916581,0.36426517882147064,-4.874470656692152,2.46496195660386,-2.9092310415827836
3.9312499,9.070986384231137,-4.414233501607662,0.4293989435800656,-5.303750817742792,3.045516793753632,-3.4774263031118164
3.9412499,9.11979222212624,-4.54824964721446,0.4311569234602293,-4.767490713294103,3.6311399658100747,-3.771708937441926
3.9512499,9.056366509009642,-4.601036060283615,0.4253759888896302,-3.9184980734959955,3.752348667675446,-4.058648712851238
3.9612499,8.99032610816376,-4.54778362831577,0.43213297014452456,-3.3968293899893336,3.9268458851145867,-4.539923652935132
3.9712499,8.93149982716355,-4.478916299473442,0.40997875495578845,-3.2669454990909554,3.6755281228207197,-5.358586049455216
3.9812499,8.79989488122401,-4.363979771662255,0.41867072171512976,-4.044755960638199,2.4868551453967376,-6.080060276775656
3.9912499,8.815547647402365,-4.368405738248644,0.47623525506062836,-4.625786679435088,2.5165636387229333,-6.560723613277071
4.0012499,8.79769635300478,-4.388151935315376,0.5154855112852207,-5.050278868253083,2.4223447861497593,-6.9175587204005575
4.0112499,8.693404033224489,-4.335882317015505,0.47558260200447994,-5.430669786023475,1.5220424107440909,-6.916883206038432
4.021249900000001,8.712674174308903,-4.3585932171484085,0.4718568042036731,-5.139726491814739,0.9513362553076634,-6.652760524186756
4.031249900000001,8.703487499464265,-4.311748409825039,0.5234661953734593,-5.20713963825685,0.4856492598737677,-6.114110597429284
4.0412499,8.653450652658885,-4.209085389564373,0.5390598023607845,-5.68736555476962,0.1337472494854741,-5.372553348542616
4.0512499,8.741402749626737,-4.139932719203662,0.5943399892387297,-6.095238968241416,0.43331090776738307,-4.750089506626662
4.061249900000001,8.861204920539665,-4.070572517433974,0.6804301462941582,-6.637935215280376,0.9754257070503968,-4.190417660743806
4.071249900000001,8.84931066053751,-4.0256808755873505,0.7197666589153852,-7.246975409119495,1.5126383616158665,-3.285763190853508
4.0812499,8.802542381498515,-4.057763662610793,0.7443413988474035,-7.6137600364613975,2.154325016524964,-2.162591214171622
4.0912499,8.736122857234793,-4.155502740752484,0.7570289060858341,-7.201579148260708,2.387667878888357,-0.8958796243713832
4.1012499,8.623199552903882,-4.253051156679957,0.7363816166748403,-6.270314410870048,2.0321091591575713,0.2630287785657787
4.111249900000001,8.593405661731955,-4.314081695307186,0.6747874545709139,-4.683306974787018,1.3598590886240125,1.1541698879950708
4.1212499000000005,8.621005017933987,-4.3180868177660345,0.6238011068889344,-2.720501645101276,0.6596235692908927,1.9367574505832421
4.1312499,8.653567453505806,-4.259450808943363,0.6266621614792076,-1.3595461835459615,0.19587473600140423,2.608159136452154
4.1412499,8.772312063278449,-4.229867139946536,0.6477930904270639,-0.35878271322661975,0.08074302896975732,3.1730183543038657
4.151249900000001,8.893590091871035,-4.206804360890434,0.6459474966273296,0.24991451411720897,0.35899911347981717,3.4207436464049614
4.1612499000000005,8.931217601978611,-4.169569679807219,0.585980109290569,0.2344854983868178,0.780898947907572,3.5002949862024857
4.1712499,8.911474359974974,-4.191551442273638,0.48442195130733057,0.07086160857627316,0.9498260463539394,3.4455175847653705
4.1812499,8.85215608364989,-4.256480095172869,0.41978876231766993,-0.16226935608777043,1.1772489126506744,3.120560742162048
4.191249900000001,8.819221291180368,-4.272001222454838,0.4082551936623228,-0.4113079681035545,1.6228254010657353,2.592822681229612
4.2012499000000005,8.841365855863172,-4.250264159042047,0.4007607242762021,-0.48578541190985036,1.8661741903069504,1.7919836246637706
4.2112499,8.918918877273834,-4.236183107412698,0.41456011587113306,-0.5121535301630318,2.151423876479605,1.1851924895554458
4.2212499,8.979313822552538,-4.215073585434892,0.4696337350261393,-0.554538477808416,2.7002052698448176,1.0259112365838068
4.231249900000001,8.996426189279736,-4.2267103547343226,0.5559445334610189,-0.32991544206518236,3.266344207078227,1.118888212292429
4.241249900000001,8.995580877344015,-4.284412939575136,0.5995383431865093,0.288070953369278,3.716697824103141,1.4328128950240855
4.2512499,8.973532920705779,-4.316179107456183,0.5788676103843595,1.17446332397551,3.850234228321663,1.8753551518129263
4.2612499,8.916656263031294,-4.334407882674621,0.5427611873042786,2.3236294250710072,3.605082661511112,2.3370474605256697
4.271249900000001,8.810526002141875,-4.260974324500572,0.5107540468523318,3.052309861594472,3.255707542110865,2.720142495857935
4.281249900000001,8.769702840719022,-4.138937570985029,0.4923251764778286,2.916024088512326,2.875880496669576,3.0092829305311937
4.2912499,8.814292480509055,-4.103338680655025,0.5275698167271204,2.2775481005882554,2.572139199505882,3.2431046381254243
4.3012499,8.849730146591808,-4.1374664780395705,0.5855638545194828,1.7142019573202285,2.4440080301894067,3.5124052041845193
4.311249900000001,8.84770482208092,-4.155929112087758,0.5751476661550682,1.10767644104908,2.2544761463657825,4.023796463928347
4.321249900000001,8.837403383289647,-4.210995905026935,0.5365868711278614,0.7944611984065294,1.91496978789792,4.644594097169227
4.3312499,8.797835664894095,-4.286623234220148,0.531706272367873,0.9502013264882762,1.5004991429954644,5.332022973504896
4.3412499,8.703965603100027,-4.281438715123161,0.533560209589557,0.9731590237455856,0.997313238467582,6.068227049015527
4.351249900000001,8.623942039510856,-4.283333666007402,0.4927188657545929,0.6258925988596171,0.535167829480606,6.690128306431585
4.361249900000001,8.598227156605876,-4.3368512909115005,0.4263075890885427,-0.19775312124664693,0.19137444144222865,7.200284020810255
4.3712499000000005,8.568701813792151,-4.384466044132464,0.3172154020778398,-1.5747463562029966,0.2794620356240547,7.577953233360685
4.3812499,8.436844710080894,-4.379594147480723,0.18384254990876936,-3.5523416491667974,0.42182328969128563,7.604520848172044
4.3912499,8.311171767045026,-4.42519820171932,0.07415935881573306,-5.435248110842626,0.7641400061407305,7.526906313729187
4.401249900000001,8.258831465210294,-4.499990559853377,-0.023032412999923372,-7.319042195124412,1.3086008802015892,7.6410631968361304
4.4112499000000005,8.24038691749716,-4.534445242233114,-0.07412068083917676,-9.268850949980353,2.164531765443154,7.897060258242527
4.4212499,8.20090666926265,-4.561065239974458,-0.1654110134941849,-11.315935238247743,3.6512750941279655,8.13828180920884
4.4312499,8.188400214424947,-4.609042120224033,-0.31076937485047157,-13.314192766056555,5.80194832636863,8.784760143956625
4.441249900000001,8.190759318251516,-4.695884895834692,-0.39831871327914314,-15.311794558145323,8.418227850644627,9.930321744444695
4.4512499000000005,8.067748782623713,-4.817335633689537,-0.4966425053498293,-17.995252412698502,11.392279122463401,11.767575540185367
4.4612499,7.786265527044875,-4.9437198931465485,-0.6138836520494912,-21.157521634462526,14.897343414242158,14.152898026801099
4.4712499,7.4748165768067,-5.1007787070854835,-0.7643208380881051,-24.488345279584152,18.67126588572009,16.97941845746098
4.481249900000001,7.1498409532844445,-5.219893219391078,-1.0136268466385199,-28.23386523826509,22.38477513299369,19.807517588729556
4.491249900000001,6.7251361997966175,-5.231024196522155,-1.2401156408243112,-32.50021521861051,25.89152626711737,22.29889773921755
4.5012499,6.307276008997662,-5.270694525870111,-1.3931930718694614,-37.181034098938724,29.956359920724545,24.843275407590625
4.5112499,5.867466092241538,-5.3327913476878095,-1.562816012059866,-42.48829085186041,35.09430019100509,28.418633984858428
4.521249900000001,5.379286588783836,-5.3233530370536455,-1.7127815803821045,-47.105908452478054,40.043177882581915,32.858058593120944
4.531249900000001,4.921796919486537,-5.27107749421119,-1.7944200461506492,-50.60061868748547,44.662101229511606,38.31517410356198
4.5412499,4.560451402775877,-5.1408565629649425,-1.8752106471612864,-53.5591125973717,49.982553866730825,45.451581440650685
4.5512499,4.26449984457108,-4.81874286403773,-1.9696540739400785,-56.849011963092885,55.84150559350419,53.851591955276795
4.561249900000001,3.9822727365992803,-4.392807280575683,-2.0657208803179135,-60.632232775054874,62.43420801240746,63.317153330295824
4.571249900000001,3.7151684528089426,-3.998463251730381,-2.154647834628268,-65.08223157303338,69.75343700109286,73.9150508317997
4.5812499,3.4653565395504553,-3.5844158702222986,-2.258276595179649,-70.77191580524337,77.67645849198233,85.58647787581712
4.5912499,3.1484669377710763,-3.1611816386904668,-2.3631265973544306,-77.23845017573504,86.289698610482,97.94074473144471
4.601249900000001,2.6990221484016703,-2.8795542184590466,-2.3191596628751876,-83.79877280847569,95.25260302543956,111.18706973705571
4.611249900000001,2.1913518329345134,-2.747589991746676,-2.124656220842373,-89.85219133621192,104.61243743603747,125.42147610904779
4.6212499000000005,1.5607887570171126,-2.732185790763661,-1.8736307433752524,-94.53528176861822,113.73651672017236,140.282300265758
4.6312499,0.8491079876276214,-2.938564587052759,-1.4899424078157275,-96.5762619948814,122.26979452062093,156.1700736744531
4.6412499,0.18082837759361262,-3.271298950135117,-1.042272405233939,-95.52047696455901,130.27041587885302,172.4851660330034
4.651249900000001,-0.5120671914220477,-3.501282260487687,-0.7656556440574189,-91.84000584475349,137.02625360382063,188.87936524972318
4.6612499000000005,-1.164950287379304,-3.70543956700297,-0.5064271895014544,-84.66489776691729,142.64724845597172,205.31840183192458
4.6712499,-1.5027149862953209,-3.9373989018823945,-0.023617201669637725,-75.59092652502777,148.10130781119352,221.79963183375276
4.6812499,-1.5590707340812506,-3.9941454388375064,0.5117016018422199,-66.65821147861762,153.73784904395075,238.40517415601695
4.691249900000001,-1.6381617002973423,-4.01162854004447,1.0198620841828425,-56.5723325838413,159.8444011098002,254.78059062058045
4.7012499000000005,-1.8919016522402483,-4.212482303534489,1.6365859876918345,-46.432601406482426,166.15672461910933,270.91891156642373
4.7112499,-2.067249113324921,-4.321230988297162,2.107681517645548,-38.02181602668423,173.31402030768194,287.15389057210285
4.7212499,-2.036260697166762,-4.275791902853821,2.414715533139211,-31.167670505879634,182.1474441261801,305.89483099167535
4.731249900000001,-2.0528553204862328,-4.4756518699501555,2.9303624991050756,-27.495479024795795,189.89931879871224,323.774121933265
4.741249900000001,-2.1819346913071715,-4.709427071978883,3.4219466113494894,-27.535652757368453,196.0796028874674,337.85719238193127
4.7512499,-2.4322463238396805,-4.849708755162981,3.801241254374995,-30.50353178025957,201.08155444650956,350.5805061634272
4.7612499,-2.800351456650909,-5.710331374165434,4.8200937939037045,-34.842357045569905,203.65519001487235,362.2302216516576
4.771249900000001,-3.128729908718566,-7.003611171318218,6.09961138044562,-38.0630643384886,204.7586375748904,371.8551482676106
4.781249900000001,-3.5254350839476105,-8.361896166875669,7.12023555262144,-38.487737739775554,203.36054181207825,379.941744880908
4.7912499,-3.925598078869558,-10.780000111532615,8.871535655905163,-34.21077196064488,198.8375785155037,387.81010381436266
4.8012499,-4.510299897179066,-13.866785238352566,11.19933420880443,-25.135100190663053,191.0668132606636,394.11902379330553
4.811249900000001,-5.2275673102800555,-16.737108761889374,13.19335378031662,-11.723799927981156,179.01126728156245,395.9348254488522
4.821249900000001,-5.321783916261528,-19.58278283506632,15.068352335016845,6.7335495296485774,163.10965819281842,391.6597138385186
4.8312499,-4.620104917736264,-22.265637633427247,17.187475315928904,27.657228897541344,141.6681005410504,380.03440441730527
4.8412499,-3.1607451567848686,-24.38823592851099,19.29632999988225,49.20787378856233,114.1353294850849,360.1134575436702
4.851249900000001,-0.823384690239282,-25.68692881916552,20.634994082147525,71.57838115187295,79.91125557786155,331.6868363433772
4.861249900000001,2.3407044738148532,-26.582983923338208,21.73038666505641,91.74984687190523,37.801356683072854,297.5705223403341
4.8712499000000005,5.469973277331322,-27.217198176433953,23.463359009146803,101.56720278662364,-10.146158184673727,260.2693125018281
4.8812499,7.868219662986312,-27.589854473925925,25.64088047988354,100.20004537730075,-64.54889538771441,215.6169150589256
4.8912499,10.67004416745924,-28.20531647086174,27.317928629264227,93.64342138718898,-125.32345901917387,159.88441818485583
4.901249900000001,13.596395862057895,-28.235691322357088,28.52303364775376,76.89335931837431,-192.15977663121635,95.20245748625088
4.9112499000000005,15.438540207723493,-29.068820180386073,30.895528482877666,52.545209244665735,-264.73588829044377,23.326777557635094
4.9212499,15.161000544042837,-33.327735337487375,34.80374351124448,38.25231601052503,-340.51984347975787,-60.713873246103184
4.9312499,10.850881792801797,-39.98639213297731,39.780519686525906,48.72368007619187,-420.31223460711794,-159.40848736703083
4.941249900000001,3.162227287256621,-46.316712207622835,43.95992271594867,79.70241919438587,-483.8265371176425,-258.85442886628863
4.9512499000000005,-6.098055686444899,-50.23812929276323,44.466423217906375,110.88184111313952,-502.0681678175502,-359.0471051563475
4.9612499,-14.336427248488565,-52.80662224518257,42.04269024587594,143.83399857457292,-499.4752622664412,-451.2433089163104
4.9712499,-21.74731569340824,-53.20796890566765,37.57662603820736,170.95024312173865,-499.92392758451643,-498.34479973911266
4.981249900000001,-28.64200859315763,-47.78422726252311,30.06430268493839,146.3585047894328,-500.06922443165706,-500.7621031430629
4.991249900000001,-32.799302316169886,-42.755118645505036,22.71060611349471,84.81317238867979,-500.37558692026107,-499.4756380693971
5.0012499,-37.226755701342874,-40.11783648798789,15.522386844700943,22.851439306727823,-498.838213797386,-500.55839869285893
5.0112499,-40.66149720356437,-33.3550470475103,5.626023872978694,-27.629171381790847,-501.6744687504169,-498.28920355628634
5.021249900000001,-42.09223559665108,-23.13286689395798,-0.37822263949135265,-69.05525487422514,-497.67646931098477,-504.16988804304225
5.031249900000001,-48.58908233379754,-19.226804526378928,-2.8980643027525863,-40.29564499602511,-429.6891225073649,-482.11560516372106
5.0412499,-51.591296642079385,-15.747750031002866,-11.985829303551453,54.804028056623686,-340.23360059022,-368.306753677347
5.0512499,-41.606866717981994,-1.8984773900891947,-21.559999329155662,106.57110863101909,-289.95877427966946,-234.01850835707364
5.061249900000001,-29.89887920169672,15.88970998451654,-22.322446098197886,78.91086614107323,-237.06189731906522,-154.9462259362392
5.071249900000001,-25.30968831718012,24.68793919786789,-17.57289845145102,-6.99610749418766,-169.59216094127225,-109.24123260782866
5.0812499,-23.573590748145712,20.956886445470452,-13.083123706297156,-111.27959282811129,-112.23686421911559,-50.56979924218573
5.0912499,-21.357588106041387,13.443954960869863,-8.848486390820716,-195.78805908570777,-69.46174803315412,9.084033538333008
5.101249900000001,-19.45452729982981,7.1912473844876414,-2.8574738526136647,-233.87284392202233,-45.53307968554956,39.809028010636915
5.111249900000001,-16.82247597227045,0.38143949360611695,2.4290877664691743,-222.93670576233697,-37.188945808194326,49.76813905769744
5.1212499000000005,-12.138600511311463,-6.117743964452925,5.062455574839488,-178.98345877060314,-34.00750997947458,54.65868471490655
5.1312499,-5.873559377025833,-9.772659643404484,5.562095433962531,-111.34987962161091,-32.126826609232566,56.220459723099296
5.1412499,1.3015071759991095,-9.718299697772634,4.125022395335085,-36.33837547166525,-30.93467567910621,53.81854000463786
5.151249900000001,7.276091336929314,-7.230731274299514,2.5366822925496604,4.80806875170846,-26.37046438529945,47.2663770198316
5.1612499000000005,11.211852570444284,-5.029401081995652,2.0567164482221525,13.39878076603266,-17.445936365957454,35.244879040550444
5.1712499,13.238556367785435,-4.493834517989513,1.9257683883401653,10.901911901827937,-6.760872381375226,19.37123060958388
5.1812499,13.393679676722826,-5.140533283505143,1.7162719172978076,4.807183896857309,2.590134719526519,4.404651435832142
5.191249900000001,12.575003578248632,-6.140757714082336,1.8323180354479744,-0.8778350408397279,8.169954394390569,-7.569407983066995
5.2012499000000005,11.996641302248698,-6.7907839324146195,1.8706853341803311,-5.15271277494823,10.657136539857074,-17.48660576210467
5.2112499,12.030360709196664,-7.1949970924341535,1.5071076035664102,-6.491053534235325,12.470755658568036,-25.19417411746168
5.2212499,12.00409509660242,-7.535479603839359,1.189504218566773,-3.2643987786237307,14.331340848398051,-30.77907137081935
5.231249900000001,11.784700879633334,-7.4577722680091485,1.0501789242327226,2.1249851128445565,14.750420026695666,-35.03459242104826
5.241249900000001,11.772697148933824,-7.288766283373367,1.4378599777575574,8.896351348739577,12.874909958017804,-37.74970399413427
5.2512499,11.76575641937503,-7.399383824282566,2.2877481451805752,17.370913537530356,9.548749859599887,-39.031027239473346
5.2612499,11.451891467557655,-7.476740139276251,2.6607236661941958,26.071941223387313,5.164485277154962,-39.05103494457873
5.271249900000001,10.776590437192189,-7.306158066645962,2.487739787854719,32.06803161825208,-0.837016781169188,-38.20397343551977
5.281249900000001,9.872435903110313,-6.960629280331971,2.2643754561923526,33.23499826978062,-7.4440406323990445,-37.361331170324384
5.2912499,8.979212475818223,-6.271213885833592,1.9676712486183987,28.633517820054177,-13.166747918455329,-37.29549700328042
5.3012499,8.261096169987578,-5.257486985997712,1.5415171624969077,18.922746376672677,-17.98780499929592,-38.677371236535485
5.311249900000001,7.935180414193463,-4.2145086002548435,1.0901239308529818,5.611927326457772,-21.508511730693893,-41.6048253821862
5.321249900000001,7.921471377848916,-3.4704510854899366,0.7895985585580886,-10.110287326694053,-23.78221681377763,-45.35104367407798
5.3312499,8.008144425065439,-3.1686406076754596,0.6495574125507031,-25.6546217322898,-25.247897568736896,-48.621968433614
5.3412499,8.212750333018626,-3.132871981862747,0.7650549319847834,-39.472115954875555,-25.633220960904097,-50.36767929190033
5.351249900000001,8.38894339031526,-3.134758826825611,1.0667913715202855,-51.17703946411139,-24.179163859094405,-50.72922385232467
5.361249900000001,8.325787950073344,-3.187652046504442,1.0084827266656806,-57.325727875889456,-21.91970264290355,-50.31032151773696
5.3712499000000005,8.273478875195234,-3.3807417632589187,0.6664797382154539,-57.85861438701907,-19.59886125139303,-48.96854088951675
5.3812499,8.353502877874684,-3.4060281672311983,0.3517105208307283,-55.11721738122312,-17.214329402339192,-46.424821777310235
5.3912499,8.2847557351275,-3.194046531898153,0.13845796540916583,-50.09957864253156,-14.897698108230532,-43.20903436225415
5.401249900000001,8.057172550892936,-2.9780412860854835,0.13915853212904106,-44.49515376876892,-12.281563433728964,-39.42019211810248
5.4112499000000005,7.791570812175762,-2.836844024072945,0.19265119028057875,-39.22056244244966,-9.256183921043933,-35.28494885627514
5.4212499,7.702005648845625,-2.78076078132901,0.13313355768383534,-32.77211732651822,-5.606802242255331,-30.95889628593782
5.4312499,7.916359844583857,-2.804463499570651,0.1719512836602573,-24.77534126267713,-1.5157414316568831,-26.80819794293162
5.441249900000001,8.175589192188143,-2.6785294557655064,0.3590527083812246,-18.45700444628747,2.7828096299112466,-23.725547126410863
5.4512499000000005,8.337628940749514,-2.5503477623291846,0.44652618331891086,-13.602485901667405,7.436266631947544,-21.78629768594786
5.4612499,8.403027631666143,-2.6165211202737475,0.3903898243899779,-9.177616263490112,11.58790388947416,-20.560997305991766
5.4712499,8.313838806607116,-2.725417890591818,0.38523548503210375,-5.820957897442388,14.081478265114564,-19.6739010487545
5.481249900000001,8.171736717306777,-2.829871600102411,0.3479904321431301,-2.5628485884922116,15.441473387667132,-18.90469028948281
5.491249900000001,8.0347280829445,-2.86803214883302,0.1727085144641926,1.2375425061792287,15.892401470958303,-18.42325080049398
5.5012499,7.937817745051159,-2.935476545296479,0.10686860122984966,4.593624340084926,15.09360386880758,-17.431460309990044
5.5112499,7.9968496239989895,-3.0173998327751863,0.09833683377133912,6.173692614038261,13.74471102465751,-15.52240999923466
5.521249900000001,8.176215023338226,-2.9189976724601467,-0.09936654572825825,6.103909642499692,12.148805025918895,-13.518675711770182
5.531249900000001,8.489950507647693,-2.763946819837569,-0.2909560356500286,4.389411969070419,10.098392149159414,-11.234085397198566
5.5412499,8.862455997601263,-2.65681505861517,-0.31522495020863406,0.6980073533809308,8.229850364837262,-8.35730640212263
5.5512499,9.070591430516568,-2.5744154991781287,-0.23689795403763136,-4.377218178628585,6.580205802889198,-5.0736114204800895
5.561249900000001,9.189123899488008,-2.63233371461601,-0.09185212105988629,-10.404136394726962,4.737940921904035,-1.3616937646824594
5.571249900000001,9.402920787817221,-2.8267737690550225,0.009197666539179588,-15.040144089586413,3.527094768207679,1.8878369722570578
5.5812499,9.579025760487594,-2.97936790731993,-0.07346287946953663,-18.078009099748623,2.6650559130984783,4.396727233616761
5.5912499,9.642106108330196,-3.061075808469383,-0.15849198248467136,-20.905938703473662,1.415802789465272,6.276613292248535
5.601249900000001,9.767468499708748,-3.143110975071193,-0.09432654126653649,-23.72687320316744,0.5002678687139617,7.471272385717736
5.611249900000001,9.964183043899999,-3.2934041743343583,0.030873340717169236,-26.063955872157134,0.5461648733654794,8.244993947399822
5.6212499000000005,10.151667865044622,-3.455144985701592,0.26152664512437185,-27.088617037351373,1.5215745318780005,8.517627371553884
5.6312499,10.226870389243583,-3.6744850346668727,0.6030702723747795,-26.475466113909132,2.933197156688042,8.230142151099624
5.6412499,10.093281477343472,-3.9975802215631715,0.7805945713229587,-23.90107062583029,4.272929098985379,7.627976606373751
5.651249900000001,9.812513707790167,-4.225103763965199,0.7247032468505109,-19.628685178071184,5.05884863244693,7.065610109360755
5.6612499000000005,9.50286301198947,-4.290641988675786,0.6608716898701661,-14.601735696996734,4.553602580025799,6.460589661838922
5.6712499,9.283746281588103,-4.297981520827315,0.7418080001819215,-9.216330066411768,3.4344834781600007,5.408759704406114
5.6812499,9.142697455509275,-4.282057436943534,0.9009177742476627,-4.441744227460457,2.361258851442636,4.195167469714911
5.691249900000001,9.031024326686607,-4.305138212380822,0.9915359120131013,-0.630192645374484,1.293339410654492,3.0935330665658056
5.7012499000000005,8.958974390996703,-4.151955453327249,0.943860121210843,0.6380920369581722,0.5586582577068906,1.7332710706338827
5.7112499,8.891608046693989,-3.82152487466622,0.8665927663314668,-0.9361906360044464,-0.7752649218811787,0.17383165781143872
5.7212499,9.122644506305626,-3.8108724969978267,0.8528553260742358,-1.9978442878874176,-0.3803594727687414,-1.064098879978842
5.731249900000001,9.249010004660667,-3.5902500367471926,0.8875714674244142,-5.635235514709878,0.22249614594867925,-2.397050213270721
5.741249900000001,9.201518988326736,-3.340374159527029,0.8669695878884023,-9.68134491225698,0.17199067558682865,-4.081488978370213
5.7512499,9.165272252933915,-3.3856898624066134,0.6943767540006228,-11.80598955662028,0.383697116194925,-5.588818320036313
5.7612499,9.001947213551071,-3.4134505474486074,0.44955985820692007,-13.874432616886432,-0.20074452083431477,-6.3474695115852535
5.771249900000001,8.902615500445371,-3.4622557197663837,0.3492430414985905,-14.520141231291515,-0.8372135187466462,-6.249586275337712
5.781249900000001,8.86961277655667,-3.558853969036426,0.4452105717033926,-13.455103713361803,-0.8471380382303302,-5.772420534471685
5.7912499,8.922033073916417,-3.715196681982055,0.5074613657611291,-10.684911987403591,-0.20779927159705086,-4.692164164988313
5.8012499,8.979965746018616,-3.8601414424284117,0.570173913658729,-6.482079457572231,0.46339926674908427,-2.5356604025329355
5.811249900000001,9.022785299847904,-3.966708099331777,0.666179908044407,-2.0296374886248674,1.4987797631248894,-0.38616489120528563
5.821249900000001,8.969470171458427,-3.905421095583618,0.6401129396504895,1.4952507823380259,2.658410868387827,1.313454115053217
5.8312499,8.829128404460565,-3.678542040948581,0.4965441164970963,3.141634406962283,3.1150935369107597,2.840800004592299
5.8412499,8.738555334391254,-3.45705698697138,0.3758657329013912,2.3434191471371255,3.111123435323587,3.642259674304097
5.851249900000001,8.702269562458959,-3.386458908079355,0.314248402274115,-0.2066760859949045,3.112751912110602,4.020218106172275
5.861249900000001,8.751829107403704,-3.3946225869062663,0.2788959716593489,-3.8157008210756453,3.4030425137550444,4.443692924402427
5.8712499000000005,8.903683302602202,-3.4950844995955572,0.38849232047552007,-7.127502186978117,3.851878567884932,4.7513438965899395
5.8812499,8.993712630417066,-3.7365596994162313,0.5712367457469433,-9.076945174504745,4.1284929605228085,5.156304729109879
5.8912499,8.965815970765494,-3.9477732911019707,0.6731922932817279,-9.76864377946461,4.476258841146922,5.696251151698723
5.901249900000001,8.897010656218201,-4.051294037318266,0.6947508981318782,-9.598230554420955,4.663312424755323,6.096333480870281
5.9112499000000005,8.845634456486735,-4.091007950798429,0.6866733567872793,-8.832193722653054,4.384271262562142,6.263316952410099
5.9212499,8.855714276920242,-4.150862242064904,0.7397724435151859,-7.554976826638726,3.5759358700817776,6.103168672651061
5.9312499,8.898842416074027,-4.184371057756189,0.7626027249659375,-6.307429299901251,2.563801760383048,5.600159105280038
5.941249900000001,9.002397034040117,-4.185349209121478,0.738726119368742,-4.846863322146532,2.152065088146652,4.933634523098483
5.9512499000000005,9.105516330020787,-4.154866986227042,0.7962180809707349,-3.4848774903588313,2.457891702291094,4.556220447248819
5.9612499,9.060353858687998,-4.059824497682328,0.8480768100308383,-3.398346700574006,2.651001155988031,4.109074757281587
5.9712499,8.979961850519175,-3.890377894831856,0.7525594922529888,-4.705152163283638,2.8055689447289804,3.1195595318556744
5.981249900000001,8.967310145612128,-3.7779142340498755,0.5543082110214589,-6.110345298679546,3.0094504232756805,2.1346923448334185
5.991249900000001,8.946204549347135,-3.77523060658986,0.4385565852872593,-7.266687210839195,3.2835014287939965,1.8622256469338918
6.0012499,8.983177084382573,-3.798200261526289,0.4857815880917563,-8.181255256702782,4.226480831965109,2.0109841486144897
6.0112499,9.107603089201852,-3.9150267738792572,0.6531574358765458,-7.778916664045973,5.845436992498972,2.4328378389267074
6.021249900000001,9.102069775253867,-4.0770195288168445,0.7753123308424539,-6.24876555633129,6.706680238728881,2.9862185521139404
6.031249900000001,9.062035254812672,-4.2109322706609165,0.7920649421689429,-3.5242589781833455,6.7709610156898545,3.632496519251982
6.0412499,9.140018852460335,-4.372729252113542,0.7995240313031491,0.7131607712885446,7.692793622247526,4.390876263389233
6.0512499,9.041264649259604,-4.444022458177042,0.8316920194569141,4.446147036595018,8.325089261167731,5.169659276247452
6.061249900000001,8.814504823194754,-4.328358443839686,0.7691811975652733,6.385276786527912,8.135384083007612,5.591985593056214
6.071249900000001,8.756196135461337,-4.186548227646389,0.649647110026761,6.725378645493043,8.062062676770875,5.4642254386268245
6.0812499,8.720806436984144,-4.065553170951469,0.5618061362297204,5.14579715177144,7.720591552831175,5.270145337776917
6.0912499,8.671760699032388,-3.9539095349186706,0.5374143867730876,1.9733130434846375,7.231874184453187,5.283018729457243
6.101249900000001,8.721365827898047,-3.8942938654442787,0.5920318429601206,-2.0202985790082315,6.970954865732172,5.292196479463963
6.111249900000001,8.72730641493223,-3.8946826154542666,0.6528298397201046,-5.672716409722999,6.679874619646523,5.4263288712269455
6.1212499000000005,8.649041421937065,-3.9926564737679473,0.6635243859404136,-8.597259952462116,6.404062930865538,5.98503174397168
6.1312499,8.563631290661437,-4.129504871358826,0.6135217362939693,-10.77925954168236,6.068000829421367,7.222134269639754
6.141249900000001,8.532142512254465,-4.254560485456071,0.572518864676254,-11.582639238413597,6.017954296065017,8.75288266121736
6.151249900000001,8.557563343077431,-4.359558142389765,0.5938707187634498,-11.35970212825497,6.453456207997696,10.400677621351456
6.1612499000000005,8.57744763819865,-4.447400586718291,0.660290456588912,-10.366703145336627,7.3424003004120655,12.010143636315226
6.1712499,8.521772908345552,-4.522370481041573,0.6974814872583011,-8.76785465516366,8.283790802262061,13.715027205124214
6.1812499,8.358163714751678,-4.581228780873235,0.6752261729625466,-6.4374585395733535,8.923603739248279,15.813561692791339
6.191249900000001,8.20139318360384,-4.580904298906543,0.5749378005397939,-3.9569192313141746,9.304382615226498,17.699079699050053
6.2012499000000005,8.10550815097881,-4.478272924895185,0.4714961634817733,-2.994124112879158,8.93196229109701,19.37688077806278
6.2112499,8.145472096720527,-4.3220731371109995,0.4478402667982382,-3.7656567192825876,8.768666493064972,20.865931119999292
6.2212499,8.345565580037425,-4.164829122809697,0.43465656501607497,-5.968897811001071,9.338525853842087,21.799529134099224
6.231249900000001,8.528996691433614,-4.056597501514436,0.45009733135623137,-9.428497798798146,10.261055794671666,22.216121048943272
6.241249900000001,8.631777333470641,-4.05736045801234,0.5071875646360382,-13.411869660198773,11.189952965924196,22.415281084515147
6.2512499,8.653488271247284,-4.159986620602927,0.5776982086158153,-16.9855600751363,12.291021599632648,22.606373172089974
6.2612499,8.605897916922116,-4.286710302231285,0.6136263752265239,-20.394992421904806,12.959143000970277,22.76399664750211
6.271249900000001,8.682739666953587,-4.482789993042379,0.6334925297489576,-22.295186390695314,14.057460394233209,22.781400083954175
6.281249900000001,8.703890846797439,-4.670408060470271,0.6505822393899359,-22.763811741151695,15.135044345450803,22.908190457105245
6.2912499,8.520083422572862,-4.715517985887932,0.6197534432934089,-23.613328130247115,15.308189981499778,23.088434790287398
6.3012499,8.461161422749193,-4.811952852652392,0.5617297062675035,-23.801794913589593,16.061945963898477,23.20467315616321
6.311249900000001,8.453538020364197,-4.993623620620398,0.5559027634400757,-23.597420184637667,17.685269275814143,23.803267674057878
6.321249900000001,8.16856605151653,-5.076878649936404,0.49455097742066806,-24.936920388208293,18.488438233967997,24.738352605871615
6.3312499,7.862715838537106,-5.140515332755723,0.3135862671947777,-26.745722269033323,19.34837805457008,25.666060460349165
6.3412499,7.612460967070232,-5.274736164453879,0.14863574928744383,-28.711163580456677,20.748749429238913,26.857645361834766
6.351249900000001,7.20615204301137,-5.422877910368848,0.0006659083995509426,-31.189915036957192,21.86359347469994,28.540925820652426
6.361249900000001,6.685883207857101,-5.5615935818213105,-0.19756842400747454,-33.8211915112954,22.923170806188843,30.680548115490964
6.3712499000000005,6.175410081961632,-5.610616578534529,-0.41213824749919714,-37.04774838181223,24.295766487286055,33.11157569033769
6.3812499,5.786031868351029,-5.617036066712129,-0.5813903313759513,-40.86579650008988,26.290827564450264,35.77076211120878
6.391249900000001,5.439406267302567,-5.54407616326477,-0.8015462609750607,-46.931218366033484,29.63472242214434,39.642745854216905
6.401249900000001,5.123587525410733,-5.378674376170028,-1.071627739825384,-55.04902978787522,34.49836989833604,44.536446967816836
6.4112499000000005,4.903026616111206,-5.198702786697045,-1.2819957564111852,-63.50133503888023,40.32415792767666,49.36077062535109
6.4212499,4.64223297197984,-4.9869589990212,-1.473360247339265,-72.82829914924993,47.36564841703159,54.625960577939175
6.4312499,4.296106201428302,-4.802995961506364,-1.7309984037736406,-82.01560180074804,55.61204531825061,60.82546433455769
6.441249900000001,3.8963638938122482,-4.713152808575626,-1.9158098658642946,-89.87338762408443,64.73508071658476,68.05527728977931
6.4512499000000005,3.4378394094196523,-4.713088525784152,-1.9324584176544202,-95.63665154912557,74.63795638747204,76.89745162820178
6.4612499,2.8686757351019168,-4.691463057793726,-1.925646425218486,-98.9115207161463,85.18949759100026,87.77173555435
6.4712499,2.1939951341754402,-4.675484167402318,-1.8409676455126285,-99.03064658319839,95.65588116365392,100.72347216135
6.481249900000001,1.3871206788971595,-4.926389181173417,-1.442588972059555,-95.77296754763825,105.71032205681217,115.83735328883236
6.491249900000001,0.5724922148922518,-5.266029123852529,-0.9825646880013079,-90.08776459262361,115.43776048804709,132.49487989471731
6.5012499,-0.06615688477267359,-5.231988006944261,-0.8305965638331153,-82.31310320878825,124.45230036358491,148.7662855057524
6.5112499,-0.5317254225557528,-4.9459528254952305,-0.7118973806381752,-73.40205138804201,132.32186705518728,163.5860824640642
6.521249900000001,-0.8786154704826153,-4.655942621093685,-0.5096054286748195,-64.9097467237066,139.52429245892566,176.70961653044293
6.531249900000001,-1.1710461931722436,-4.321098366987539,-0.3299118612974826,-57.7985342280474,146.34329282365033,188.82317268430344
6.5412499,-1.3454089796187432,-3.9992134149744887,-0.07549235609616523,-52.017507068369014,153.21520887119897,200.99804009445154
6.5512499,-1.3657474524390105,-3.6736308256132113,0.1765920174746007,-47.36270621769907,160.78767592784106,213.34504841212936
6.561249900000001,-1.3081956524775817,-3.2500189713923198,0.3361310298852974,-43.650055709433545,168.77468539407855,225.68845222898423
6.571249900000001,-1.2146301835515205,-2.836316183721855,0.5180969827247445,-40.60937103176878,177.0522778846981,238.58490378574206
6.5812499,-1.1480377152707544,-2.6328656753140987,0.8571486881878587,-39.06214260673572,185.86613413871046,252.67684755991655
6.5912499,-1.125614091556824,-2.6448956200755864,1.3286459002002973,-38.09683538989132,194.96526259298568,267.56580707906
6.601249900000001,-1.4481647916300746,-2.8275371205521918,1.8526025497891196,-38.45693570704588,203.79889519826094,285.6988033661391
6.611249900000001,-2.0889908622873987,-3.2917485825835713,2.3489784658190858,-41.07138016288775,211.29329102665136,305.2497635074658
6.6212499000000005,-2.550849707132696,-3.718750526591725,2.794511120313947,-43.87535749919947,216.9262211817662,321.6659045022844
6.6312499,-2.7171162139832012,-4.091899870624706,3.568220243013731,-46.48694499864274,221.81237801690227,337.4514316886833
6.641249900000001,-2.804336923177759,-5.004760734049176,4.894271412770094,-48.243310265756016,225.6316285020395,353.063237027706
6.651249900000001,-3.018319662887307,-6.370427747584903,6.367165804668854,-46.592290141746105,227.787768859884,368.28825834105703
6.6612499000000005,-3.25910306139843,-7.890431051492654,7.7910944856929065,-39.657099445676046,227.89166141480064,383.6392289632279
6.6712499,-3.460472097915359,-10.170919259392774,9.475190927118042,-24.831104182677308,225.94092444140966,399.0941884010129
6.6812499,-3.883193476563094,-13.277720419053933,11.87211295022087,-1.9917364825276112,220.20158631722967,412.58114677125656
6.691249900000001,-4.772435540827868,-16.514979608773004,14.713420837965286,28.08115156753194,208.24164995946555,420.14787224586274
6.7012499000000005,-5.63732325030037,-19.19390968730808,16.70580492478182,63.023349851641555,189.2097520010321,418.6123570274249
6.7112499,-5.521182892265169,-21.100463615166404,18.377974845364914,96.88170453784788,163.66822766579827,407.6791674376675
6.7212499,-4.539487992395908,-22.65971876509616,21.571723176976096,120.14851714803278,129.47159846370704,387.55110634790697
6.731249900000001,-3.0562433228189394,-24.590610151450868,25.468959703784865,127.21329059405181,85.55771999346193,356.3724237524429
6.741249900000001,-1.1157261233920464,-26.502955791656575,27.228710082307725,124.5664421154443,34.19533710069865,312.38578186763164
6.7512499,0.7747906903762457,-26.93630921878905,27.587187447448212,106.89724694573853,-24.791136988097385,256.5878197787412
6.7612499,2.4771737800281257,-26.903676557018724,29.309448758026136,70.55561474516306,-93.33552220074951,191.6495615931564
6.771249900000001,4.101055812552638,-28.424231998615998,31.332369341850697,29.66969988205287,-169.1700048633576,118.84515842314133
6.781249900000001,5.180030267761003,-31.418627895767134,33.13731264713908,-6.7798079212233775,-251.77152812840473,40.99067922945061
6.7912499,6.482278583444016,-35.97362144878863,35.593663833844424,-32.44541421670068,-332.4016176767863,-37.42497001625679
6.8012499,7.148623328494833,-40.953458857168606,37.97135283485905,-43.27155983473364,-406.50503223814815,-119.43408384124838
6.811249900000001,4.20760847995582,-45.89350161469909,40.21779410276105,-27.866928951835977,-475.6047910428492,-229.8064191370408
6.821249900000001,-1.4621121250092712,-49.73111972207198,39.89995656305714,8.60917178385216,-503.09425953767396,-360.2002665393363
6.8312499,-7.105199806167852,-52.435369994790776,36.88583333241871,54.76175252663963,-499.4655894341413,-463.5226079760543
6.8412499,-13.955595444326534,-56.59485135098347,34.68139368998942,122.48703767136115,-499.79854627183636,-502.5375999525883
6.851249900000001,-22.437892838328068,-55.72181701645639,30.46059644169597,174.44685072966163,-500.1804454714042,-499.7870471020264
6.861249900000001,-27.964578565313154,-47.185642020385785,23.546384317117028,168.13475815502267,-499.8984026010942,-499.56407158284134
6.8712499000000005,-32.70413237696323,-39.9961899607225,17.809529268874503,114.43153357319446,-500.38339655364564,-500.23300474893654
6.8812499,-41.86554439310551,-35.471306373952785,11.446869898235672,40.247104184214265,-498.7968513036235,-500.4434879874928
6.891249900000001,-46.940236476687545,-26.723985398314035,2.3961562593608305,-25.260448850474212,-502.20160134471564,-498.46828842302324
6.901249900000001,-42.87550558576694,-14.591800352403768,-1.3134617525191554,-75.60858878258972,-494.3564875651434,-502.4313239594942
6.9112499000000005,-41.721647210009266,-10.96499699481631,-0.2834299718538056,-54.93674066773989,-423.4925422729586,-494.576172229611
6.9212499,-44.8296980019924,-9.895233779462414,-6.669821259742321,41.45485258016329,-337.08717950689083,-394.5866766239474
6.9312499,-40.383308188995585,0.8960501491666336,-15.598511235212275,106.59247056951068,-288.34961560362706,-240.6500242854717
6.941249900000001,-29.948581004898383,16.613433069475487,-17.852547871849094,93.41803728511829,-234.61195292536158,-126.56040911667709
6.9512499000000005,-22.57810159052338,26.275422196638655,-15.542269901346224,20.280763027210728,-158.80691232837688,-59.0549206972934
6.9612499,-19.75948444133971,23.908071355880416,-11.880367070461428,-72.82130314037312,-94.40411326208726,-1.7328880136232745
6.9712499,-19.746854220165865,15.321821464750515,-8.135835383738236,-148.77559534747607,-53.93385281001526,55.152092377846316
6.981249900000001,-20.060637606344258,7.48849971366101,-3.198389545346808,-185.94669918757975,-32.561672294799806,88.99823760770755
6.991249900000001,-18.66775044131363,0.34595366078806905,1.871219624200596,-181.09909491480877,-25.5531201719326,93.2919375616631
7.0012499,-14.956711313733864,-5.962534046627721,4.231817442835517,-151.49736183783784,-24.658625992892514,84.7078228261778
7.0112499,-9.519898335342488,-9.84298067284838,4.497634065380028,-109.70979695538955,-22.154263033080465,76.96821741040067
7.021249900000001,-2.206646356004621,-10.2577783932701,3.5680646985076945,-56.364663463253905,-12.066366260568646,69.0271646245472
7.031249900000001,4.83420378435489,-8.381876493582293,1.8024232707970647,-10.332598689866316,1.4823192322727443,60.00426651886046
7.0412499,10.217066605998612,-6.890210481656326,0.6212960541893302,19.85776466948802,14.645575282351164,52.63610118230231
7.0512499,13.732595559342668,-6.609336001382835,0.7098754072036914,42.99249957795572,27.07392240791364,46.425539759712294
7.061249900000001,14.94626587379004,-6.82559268309941,1.1949803274774873,58.30848103527935,37.63008351380992,39.36998036904332
7.071249900000001,14.793319866321902,-7.035078353890425,1.6243516993069473,63.51400277795433,45.59517833808364,29.484978495619035
7.0812499,13.709211149281572,-7.189175466746686,2.160553380140622,59.18995934085867,48.83102733973405,16.985228328705745
7.0912499,12.181145136526187,-7.509063766044561,2.8640020279589726,50.36382314855024,47.90569822538347,3.682147538962281
7.101249900000001,10.800837563632497,-7.9752474643399465,3.5572356729779786,39.33649665132738,45.630979231818316,-8.903122462621749
7.111249900000001,9.64112995181318,-8.167350985117626,3.6283666189937755,26.781285284432684,43.25876965177709,-19.424362381558257
7.1212499000000005,8.883537789773966,-8.154202499781544,3.2724119841878263,15.038789958311579,40.48690144508714,-27.46103526277641
7.1312499,8.732695481062938,-8.131712906086516,3.292002082177117,6.251819411113458,37.330866819541754,-33.631551402993146
7.141249900000001,9.052029968625952,-8.005088674113553,3.572902163184807,1.8948268034255504,32.71026129662805,-38.70498726511126
7.151249900000001,9.40834526489909,-7.866014543011279,3.622000397690151,2.934327675067541,24.71230255461747,-42.4757852379622
7.1612499000000005,9.568958184139829,-7.828583010575615,3.240187742524636,8.259845170525173,12.861862752786227,-44.5083935215768
7.1712499,9.708902177869627,-7.54973991990385,2.6591829331684034,13.280994306176524,-0.5364211039601716,-45.132886224068024
7.1812499,9.813701853587613,-6.625899531826081,2.1154868264010815,13.641681980478825,-12.729766744390513,-45.52798194485673
7.191249900000001,9.642154816310136,-5.493526928648375,1.6672773156156837,7.472710239040156,-22.86860393849193,-46.78885091836361
7.2012499000000005,9.369368289841791,-4.608119032411956,1.3480441380909904,-5.206545511912194,-30.327945512172494,-49.02603218179474
7.2112499,9.224862584343064,-3.9364938826020186,1.2488971909753381,-23.500444254846197,-34.282857938623906,-51.64843187573265
7.2212499,9.173352719875762,-3.3148931375589545,1.1251717066678932,-45.79739925135464,-33.979814918907664,-54.87856704362235
7.231249900000001,9.279117101902196,-2.74747466656219,0.9983326117762267,-72.78283029289977,-28.566363589828896,-59.89433308721871
7.241249900000001,9.409772120955505,-2.719135763289107,1.2390671176246448,-94.84952406317126,-20.198230488032376,-64.79823891804408
7.2512499,9.208732591109596,-3.026228472804134,1.5355439796393495,-106.73591288979102,-11.915753972346218,-68.15029427289566
7.2612499,8.75717900277797,-3.3730627031100253,1.6908367631750216,-110.57401054616896,-4.7698769824505325,-69.63275280022346
7.271249900000001,8.434086209705201,-3.853557988555247,1.7364471921001197,-104.81635185213327,0.8568676911184113,-68.12722349123733
7.281249900000001,8.140252288164145,-4.175036726648112,1.7430339937569017,-92.45604051321682,4.546318139402225,-63.98401476465391
7.2912499,7.710756975480417,-4.210839299199661,1.7696204502291066,-76.7808306928699,6.345560049007583,-58.15186089244479
7.3012499,7.382575253898763,-3.972325637488536,1.5980713559382693,-60.079598836545934,6.963416346954483,-51.617159227115394
7.311249900000001,7.276868501166334,-3.4755694919635003,1.4404066459970886,-45.79984060033402,6.4889383186404865,-45.12474704444218
7.321249900000001,7.387391951508667,-2.9033576803188996,1.484362711894714,-35.46984104999151,6.226085215682262,-39.270762013600965
7.3312499,7.491492928032622,-2.453567643878431,1.5210231901958653,-28.45982709527064,6.5379836994782785,-34.65252386842202
7.3412499,7.567723178905972,-2.412543500687892,1.6229541687638047,-23.10262981465696,7.160994947713916,-30.646363020557544
7.351249900000001,7.764104750459733,-2.5339772065054254,1.6202940029044621,-17.81444150157439,7.719895961662556,-26.58727613056594
7.361249900000001,7.970354356600126,-2.5929848942036684,1.2832220550362066,-12.16492971499041,6.89734239243007,-22.493950026180205
7.3712499,8.190536160271572,-2.645030935147494,1.0148294324869047,-7.433152223529014,4.44997087208364,-18.344611991811952
7.3812499,8.438639423262272,-2.562900259527997,0.8988774502713668,-4.482766370939283,1.6575940857431082,-14.438419463155086
7.391249900000001,8.658832811169079,-2.325919632978123,0.6542151753736808,-3.5914672503883427,-1.2126624131008703,-11.134130046712132
7.401249900000001,9.073010857386732,-2.0417934993464013,0.2858752392310664,-5.543273867786422,-3.924619192436646,-8.596237391181406
7.4112499,9.560485182367913,-1.773683577143048,0.013935157644585049,-10.07623958284768,-6.237426341502166,-6.453332527604767
7.4212499,9.912725664359314,-1.6377094812898312,-0.0561325008943922,-16.511780843293558,-8.25497168444342,-4.300665946016187
7.4312499,10.238416411048583,-1.6582739537289015,-0.12432807614798966,-23.44517437128092,-9.585118575888801,-1.8693372603238008
7.441249900000001,10.411741256225568,-1.901903153987154,-0.13430320464951226,-30.1622010025507,-11.048665547961031,1.884391493568514
7.4512499,10.352841724322923,-2.24779000146576,-0.002621631648715105,-35.53243610437608,-12.345733180313742,6.13497426712341
7.4612499,10.228075232088674,-2.516838772055288,0.14489446757168947,-38.43810238517235,-12.837241571316378,9.015528033363047
7.4712499,10.14522616276526,-2.870782582908841,0.25967192181858895,-38.82182160432074,-13.321330267627182,10.186275060716609
7.481249900000001,10.10936116696004,-3.3038930893207956,0.3714893208399978,-37.134399591141346,-13.84140138604301,10.217642178635131
7.491249900000001,10.092082553287513,-3.5554194983924705,0.5445807734594699,-34.368072270722806,-13.811776178816466,9.138178682767107
7.5012499,10.104084065810117,-3.693965446887802,0.85088241995156,-30.680498740991172,-12.804314663306538,6.668130052983737
7.5112499,10.116019274177619,-3.8822226402765754,1.1658774056947054,-25.661215153066653,-10.830349709464146,3.1833916886227343
7.521249900000001,9.94495877565601,-4.067935046979898,1.325355752237278,-20.103894484165956,-8.352738809859447,0.049789805755997604
7.531249900000001,9.576506270799301,-4.1557744313784175,1.2448097387672195,-14.287017510925955,-6.201165995269936,-2.1503225240125614
7.5412499,9.19853705822809,-4.011344323128486,1.078776581792921,-9.078230010044654,-4.684694308682594,-3.5465326978256475
7.5512499,8.919678619918631,-3.867304523406303,1.0252085485342788,-5.184199970313868,-3.6869241185977106,-4.097685058544408
7.561249900000001,8.697388252233397,-3.7161539748057573,0.8701940828380402,-3.254354642575135,-2.8795815222114967,-4.665817184753262
7.571249900000001,8.567071791090976,-3.41439327258514,0.6910644314121934,-3.4302876847946115,-2.3109308166329754,-5.615093254863492
7.5812499,8.599213646655784,-3.2322173435557593,0.6756984542251019,-4.488358314476508,-1.8628624763712613,-6.271839253450313
7.5912499,8.628203445885879,-3.275745234506861,0.7518424449140019,-5.842741165360024,-0.9714787006575711,-6.361925466856725
7.601249900000001,8.572296980603506,-3.2444825855405828,0.7824281129774096,-8.336591262274572,0.044039495082309935,-6.126889202097512
7.611249900000001,8.494903184264894,-3.1916791132769142,0.7374262504809002,-10.101922235998178,0.2018744988474105,-5.7844747749862275
7.6212499,8.598731637124391,-3.355043330684907,0.6456291538506433,-9.758604951403548,0.9072130595625164,-4.993092383288962
7.6312499,8.650663623893434,-3.3607840908848607,0.5231032817557711,-9.325464160931364,1.4571954333006423,-3.659699943725239
7.641249900000001,8.732152286582423,-3.3373512143550093,0.5014121670325438,-7.865149543325092,1.8213596515601034,-2.5116672324930214
7.651249900000001,8.984275386295263,-3.393182540269314,0.5604451917109976,-5.441115432052551,2.2561597898772465,-0.9178642859135875
7.6612499,9.190039437002524,-3.4351187258850606,0.5490023218408673,-3.125314037600748,2.5247958336073557,1.0692127665501998
7.6712499,9.203910643258627,-3.419497969839592,0.44788850971991134,-1.7151320964689536,2.5886318657056564,2.779982706560153
7.6812499,9.159630354497201,-3.35717183431725,0.3037633419418472,-1.05601458967061,2.9504904462950012,4.310265614687045
7.691249900000001,9.14222708031306,-3.339328966988047,0.23304979884422852,-0.6599521435250432,3.3052711919126887,5.602951710392348
7.7012499,9.169548551629589,-3.4599390143866504,0.26861553588685105,-0.10139533510930804,3.5036287748619066,6.643252743173084
7.7112499,9.190833550894459,-3.5760435453910233,0.2994409465528952,0.5068405321869816,3.970699702924288,7.6069513884991675
7.7212499,9.184188345288243,-3.5977126668837087,0.32764584484895115,0.5586399909798867,4.457778068098239,8.323268192105061
7.731249900000001,9.17668402280544,-3.5834762720488067,0.37551643304475013,-0.13143452099860664,5.038804282498915,8.793320083968252
7.741249900000001,9.121628693478502,-3.5492257719378157,0.46955974520464766,-1.864639451446179,5.475390219485588,8.973505928425244
7.7512499,9.079281297460168,-3.5976143092640926,0.5467666044187326,-3.8663418851909275,5.702787052015345,8.740608351153877
7.7612499,9.061239267058813,-3.7124256698724447,0.5469032080063427,-5.497261693512451,5.64807051832957,8.23072956710887
7.771249900000001,9.032113016300341,-3.801598410341403,0.5265119506669098,-7.059869832598055,5.1699074896121076,7.5509264258547395
7.781249900000001,8.980029541208333,-3.8408662460252208,0.5136472042876411,-8.296629382156862,4.720505061940917,6.730610813813527
7.7912499,8.968435271608394,-3.8720479421565,0.5382893857726093,-8.818823166786894,4.3894327343569035,5.584429920926904
7.8012499,9.032080938626864,-3.9957071037137752,0.6433410739737043,-7.984208798744752,3.9242113955033506,4.551555586672937
7.811249900000001,9.031193777012673,-4.117860820779216,0.7489383157983254,-6.401576426674364,3.664728424999771,3.998909036824594
7.821249900000001,9.105864777490183,-4.171051606374294,0.768936090915469,-4.047426775082549,4.079749713126302,4.003946393477254
7.8312499,9.20238283761625,-4.095551921354307,0.7448650287552634,-2.176671538154271,4.477844283579726,4.109080877021374
7.8412499,9.190702943608233,-3.9303059695649907,0.7345861599876383,-1.7795520631004242,4.898484768474093,3.9717744557352797
7.851249900000001,9.13525347540467,-3.7649880596089824,0.7239979028154269,-2.3798884750059437,5.62655142821012,3.5443748088981963
7.861249900000001,9.048080428969975,-3.6466350855113108,0.7115811618372924,-3.6876703921746365,6.310818113427487,3.1144880267240884
7.8712499,9.006196558454594,-3.703975223286673,0.7686383675537257,-5.02039547652097,7.104406425815706,3.1072047309306625
7.8812499,9.014659166977765,-3.8329772383524916,0.837766595601867,-5.6799068593341975,8.118836798613092,3.4016639573227314
7.891249900000001,8.955528761578831,-3.902862213189429,0.8914853427581496,-5.827154419504208,8.829306867541252,3.7567130502130706
7.901249900000001,8.868125257155679,-3.9849828832927803,1.002143161917679,-5.405045852891724,9.069037524287204,4.1234355791090955
7.9112499,8.818260982448296,-4.0854816869991,1.0399566481944607,-4.471013374236274,9.078166707300623,4.597952002440075
7.9212499,8.702310175698639,-4.1274967249337475,0.9407291207208507,-3.798999049647723,8.593032147335819,5.288068173899494
7.931249900000001,8.584415878470626,-4.1009780997417975,0.8037105391064078,-3.8804004786704502,8.017292971329919,6.011907002228072
7.941249900000001,8.540126646249652,-4.028106060647537,0.7325794657809396,-4.914560847167093,7.505562056889161,6.502231279834328
7.9512499,8.566053701381419,-3.9554756381826786,0.7564153780497425,-6.685479100813909,7.0784491467363875,6.71401921670012
7.9612499,8.666040567243114,-3.943256898181122,0.8432151235005886,-9.133231472627443,6.9679176561224345,6.743101168004203
7.9712499,8.783331284555178,-3.9924214270129825,0.9095264516731996,-11.692465222460356,7.550249481134543,6.973795668845961
7.981249900000001,8.806571670176085,-4.079437268595741,0.8989494275630072,-13.306069770972073,7.975761307691255,7.490973342452991
7.991249900000001,8.754135614082177,-4.204252990038224,0.8478229476383373,-14.080318909081258,7.757682298980361,8.429113643799413
8.0012499,8.693885424075777,-4.27196821178202,0.830103249108985,-14.232302896636513,7.451387524723707,9.628397016726536
8.0112499,8.62278396720568,-4.2954042176406935,0.7952461362400802,-14.144562353777012,7.336984557573682,10.805794003877175
8.021249899999999,8.624651695527362,-4.390675386019578,0.7306322306497766,-13.731083262914598,7.134952883839149,12.006631208445848
8.031249899999999,8.67185404108584,-4.543148651875882,0.748252159254295,-12.772957951021603,6.94474792961761,13.433303370697622
8.0412499,8.632372807341197,-4.635316781182031,0.7793786328460276,-11.90858185496344,7.064120423822301,15.00673766229315
8.0512499,8.573444716459598,-4.7190179386735505,0.7487410193591976,-11.059369561099443,7.2558873762683485,16.35459512396419
8.0612499,8.557609539736394,-4.813314395946919,0.6990923248438696,-10.356344241550497,7.350197946373879,17.68524567729754
8.0712499,8.420230051744324,-4.862028955781786,0.5646640121729855,-10.477684901270795,7.194373971108234,19.46709368889713
8.0812499,8.183844479461701,-4.844045199225604,0.3754520789157687,-11.819992192261797,6.512297668592881,21.43133743088486
8.0912499,8.020705370650868,-4.829908269085948,0.23091464336849152,-14.533986086950897,5.262688641498154,22.979683623676536
8.1012499,7.9460156613567055,-4.810997929144438,0.062031363099476544,-18.37914297088264,4.0857046331312326,24.32937840451073
8.111249899999999,7.835861695209009,-4.732674949516737,-0.14376499094392822,-23.70291316520715,2.9690399096268667,25.47262850436902
8.1212499,7.725837815486946,-4.824121993761183,-0.3134044885229579,-30.3420977052633,2.325114296799659,26.51001279910166
8.1312499,7.640747057873799,-5.008356833758299,-0.42441826748167,-37.8388473065538,3.0156332943765496,27.738503539084952
8.1412499,7.402328834205449,-5.0743479110847,-0.5718816271500664,-46.313093456863626,4.279149725879246,28.95281926452895
8.1512499,7.088460698936711,-5.2671401880181055,-0.7939868895483289,-53.78688165092417,6.005848833329682,30.086919564741624
8.1612499,6.711772571360118,-5.559609221468944,-1.0035254230295332,-59.472690819195165,8.924722022044934,31.62802906140579
8.1712499,6.235481589967114,-5.759010521370571,-1.1825548892840227,-63.916997592047515,13.148851756867213,34.34944992544844
8.1812499,5.674670946261229,-5.83418332177973,-1.3881690796000652,-67.44611827859484,18.24942510302033,38.26007388119604
8.191249899999999,5.045159322861483,-5.788112892307812,-1.5797250908046607,-70.07590898367293,24.397524486364794,43.3961347010423
8.201249899999999,4.423391212609945,-5.59509959273771,-1.826196872276673,-72.42472393136114,31.342475285922724,49.9055605638969
8.2112499,3.9068072019407936,-5.306729324494346,-2.0859842418360466,-75.13418274705859,38.83473260769982,57.654499273798436
8.2212499,3.4704901356536393,-4.973307534891454,-2.1593891287630167,-78.3036124687047,47.212366809860015,66.3068478887263
8.2312499,3.0301391466886147,-4.641344624331586,-2.155701673542282,-82.29047946217855,57.08431851640609,75.90432389472757
8.2412499,2.5390018062011506,-4.333044203985669,-2.229096486871257,-86.71527318168957,67.52744800564916,86.46949724443719
8.2512499,2.101182539291697,-4.057119348552192,-2.267128283969113,-90.69856401749678,77.85945088965028,97.62079940076826
8.2612499,1.6888807204151952,-3.7411160153773255,-2.238544444516552,-94.8275135794707,89.3346685785666,110.20460643341777
8.271249899999999,1.2395675207446588,-3.4604542038660395,-2.1529383392516417,-98.13122694276912,101.16576957452077,123.53897732599921
8.281249899999999,0.7844942384108091,-3.2463430073285764,-1.9511828772889512,-100.45488634139406,114.83482563760441,140.49011040924415
8.2912499,0.4828663398137595,-3.063209281120263,-1.7031039460947803,-101.77515024255139,129.39900019233042,159.79121148974005
8.3012499,0.2899179669721894,-2.950807189723667,-1.344793241607349,-100.66489611418459,141.53480439972114,176.72769968407738
8.3112499,0.13245032634581275,-2.895121803214732,-0.8216077958663797,-95.8662001433779,153.3357245362432,193.23404418823367
8.3212499,-0.12021305310597095,-2.9213755369143395,-0.40470823957400254,-89.18258123480251,164.55310348654655,210.32090225163492
8.3312499,-0.5804110225975473,-3.3435692458029025,0.09645500944315609,-81.21375639341844,173.95086380374616,228.0457418853324
8.3412499,-0.9811521739418689,-3.9563412843904158,0.7692591470798871,-69.75246101103897,182.82043765597086,245.70170355477237
8.3512499,-1.2469309589167576,-4.186013978157065,1.2295904838996599,-56.488179715956235,190.86698646120823,261.96545441715335
8.361249899999999,-1.406747584499429,-4.236714543106894,1.6445821156818987,-42.56482214436605,197.23779158109676,275.94227333902126
8.3712499,-1.4418209664481123,-4.211941674769157,2.0793287253825627,-29.43387602077231,202.61322543389903,288.16570381759635
8.3812499,-1.542166675240837,-4.218121425518125,2.5869580928111224,-18.260638792462622,207.34078421758002,300.1955589826658
8.3912499,-1.778066089464806,-4.634458230028817,3.481554239332509,-9.069647301130367,211.250899010081,312.7412596014775
8.4012499,-1.9464047269010316,-5.113104008136573,4.433950467802773,-2.127366506222129,214.95254363558624,326.0267823505198
8.4112499,-2.0655048962482527,-5.512556521978951,5.374789848745683,3.161502986018411,217.8437591958928,339.17072082406247
8.4212499,-2.1308850378911286,-6.232959009584149,6.48868933721193,7.3154410322316705,220.73799358671437,351.55170343420565
8.4312499,-2.3715636395011583,-7.294919043548329,7.3967276099805455,11.814417258979208,223.23914479776573,363.23690598870024
8.441249899999999,-2.933363088185915,-8.720419775933538,8.351556940454183,19.26073054539703,223.68987915223016,373.793622168445
8.451249899999999,-3.6591386813728155,-10.733894654922857,9.811646966831912,30.349390157788925,221.07044273038764,382.72584484181925
8.4612499,-4.3024946775202695,-12.852388534617987,11.353821621529951,43.254248027311405,215.20205821060281,388.98332762846854
8.4712499,-4.83107361261241,-14.550083835776096,12.63345658512233,56.39755023908526,206.17772807805008,390.9669243141716
8.4812499,-5.2383196122062525,-15.90040566212932,13.764066736062732,68.77322649466305,194.3872688206474,387.8581087730918
8.4912499,-5.0280032224881985,-17.290864027180103,15.52532231450226,80.01594030242796,176.50745094262626,377.48994336498674
8.5012499,-4.0581665867225185,-19.029524713470874,18.034211795703122,90.41950497600327,150.77190286562245,358.8566647085226
8.5112499,-2.575126345020075,-20.748900725476695,19.79945317142294,103.13882808102498,121.9193513378955,334.9261878517697
8.521249899999999,-0.7216896191223814,-22.33722212145958,21.578150105112154,118.4676703394329,86.41176613816528,306.28134662259146
8.531249899999999,1.2502081632875113,-23.653993118749188,24.09515591977341,128.1393933855028,43.229087100479916,274.9073421771304
8.5412499,3.0042123556657305,-24.42468140739953,25.743765614844744,132.19967705183072,-6.384731429435911,239.09836937022934
8.5512499,4.426113971388102,-24.2560747116048,26.469233848717632,128.65076571505634,-63.50783591692405,197.10823111945538
8.5612499,5.699985538055353,-23.671689708006525,27.87622843556044,111.37635346447402,-127.89394745991056,151.6225498814286
8.5712499,7.064797142173667,-23.674981486656694,29.33844553207357,86.59763364737381,-196.4817721723757,101.35865488240988
8.5812499,8.39262509705669,-23.89217060049435,30.963468530123784,55.23224464328257,-266.3303462634076,43.99768861249761
8.5912499,9.047405770973036,-25.722996077995784,35.23325089473191,26.256067824971662,-332.4395932859135,-19.376524379965467
8.6012499,7.58448463301519,-29.593108511396018,40.87428266353886,5.730276680390351,-399.27774127456996,-90.95401522027848
8.611249899999999,3.386950452205382,-34.772437396505026,45.271705528301865,3.4352657225039427,-467.95288789678017,-172.57802288925794
8.6212499,-2.943213299604075,-39.271572403427996,47.033300698875095,13.393528246905811,-501.5251088441443,-265.37883767560515
8.6312499,-9.119476938343913,-42.02387361558326,45.688128656925095,31.965932026766644,-500.0866707707598,-361.0389625591221
8.6412499,-14.673018431842104,-45.71911119789942,42.42217326725878,73.35774970952026,-499.56261680497624,-444.39188597793134
8.6512499,-21.61930626322487,-46.219725241636816,36.952410291940915,104.52284878994573,-500.2879218223459,-493.62088483539867
8.6612499,-27.305014586820764,-42.9397703050563,29.284430844983515,109.7973125764325,-499.8177801108248,-501.78878225485767
8.6712499,-32.11216558658204,-40.807678962433585,21.09423466963351,95.69756958805249,-500.1843205071249,-499.7930517880022
8.6812499,-38.1525603503184,-35.10857241671176,12.082948588842738,58.59916885905077,-500.04848872846657,-488.06134601564844
8.691249899999999,-41.1447935664039,-22.79891706181769,3.7727588352370205,4.448486106937902,-498.82159262721376,-474.9234648781192
8.7012499,-43.39061893309517,-11.751102300101412,-0.8760347397708304,-42.581897459438885,-503.9181543772468,-445.67631454075604
8.7112499,-46.99093609717728,-9.907858972177612,-4.515949564161016,-20.196934110874228,-479.3397558151299,-353.01033428663663
8.7212499,-43.152554696871846,-7.354086235019439,-11.7280941000224,38.747246493302974,-393.866477171379,-222.6408321553684
8.7312499,-33.476341303736824,6.7248143683130825,-18.75347736327298,45.371834057523515,-304.79967162411396,-126.47995003856072
8.7412499,-25.797943481386266,22.456415248888003,-19.161354710563213,-22.880944376710257,-224.0888509340241,-89.85227224961275
8.7512499,-21.930293947025625,24.490132046894036,-14.518391254305264,-132.85501360335354,-145.89631634624675,-60.94834662490714
8.7612499,-19.93066191520278,15.500643200334117,-10.24588623700221,-224.41542187504257,-78.85128351556594,-13.143467134363016
8.771249899999999,-18.033645964676577,5.979203628337109,-5.411927389037119,-247.15893350232815,-34.0337233279771,28.04319548280474
8.781249899999999,-15.549915435130288,-0.8310564240198198,1.7951212951903108,-200.50978729010046,-15.502796677544628,47.395184734727444
8.7912499,-11.767983827047676,-5.278115258850314,6.885476475540671,-124.29942245257585,-9.755906743044392,53.52458302253128
8.8012499,-7.138042888478853,-7.376714289292089,7.459665212332607,-54.53649555394171,-8.792499460268273,57.65031485825806
8.8112499,-2.229556920251439,-7.020453679405279,5.6706226184139155,-6.382791006395075,-9.207037711334548,61.7451289488544
8.8212499,2.349204071002018,-5.514622720218017,3.67789474254418,17.347239322620368,-7.92794378745494,59.84422370384201
8.8312499,6.225669948192363,-4.449133315369848,2.0526536997431473,16.58617896135235,-5.617385104444959,49.57309583138884
8.8412499,9.261407151822057,-3.998660537462953,0.8571378894595679,0.5357850945396772,-2.1171935339925736,31.601311180564714
8.8512499,11.018028459406867,-4.271162847608104,0.6865527429291177,-23.85632572378864,1.8271221422524286,10.058214126628455
8.861249899999999,11.639265184849098,-6.258445949688217,1.15227607165863,-43.47740524038794,5.58826021478868,-9.676940737223878
8.8712499,11.6920029271583,-9.003977745356574,1.4131007073905555,-46.676561567693184,8.347069405121855,-24.592799218889674
8.8812499,11.675548439090063,-10.38743645312928,1.6283868203859329,-38.90874211512848,9.419519899525461,-34.882886634738675
8.8912499,11.709643290432478,-10.216334561764507,2.126860541710157,-28.93714287126264,9.20187046038819,-42.743359278948354
8.9012499,11.764032538272831,-9.759887899210142,2.489478162985355,-16.793903125751562,9.202192995382124,-49.07483663320441
8.9112499,11.541717642657476,-8.985523175369424,2.253477429224256,-6.301745264490044,8.778864342959917,-53.86582524338681
8.9212499,11.044032077290211,-7.927639299450704,1.9133375548842402,-2.6048029617529056,7.531864353036017,-56.548016032502886
8.9312499,10.497776253231743,-7.260172024068361,1.8543357134340674,-4.255982032545002,6.1254646026873525,-57.20178967666857
8.941249899999999,9.854584357540537,-6.767656204934314,1.7613123936398611,-8.818167643127115,4.390963120349752,-56.93880594192084
8.9512499,9.23597068592822,-6.227315498562254,1.6093059931610352,-16.070849977767338,2.5716784832094075,-55.954639173194536
8.9612499,8.85401595500197,-5.699642518998004,1.5375698508346254,-24.55967230133442,1.436478097579466,-54.74407791554091
8.9712499,8.702233170154352,-5.230759686967737,1.3438065779885198,-31.969892949456053,0.8548022011945761,-53.51661217619349
8.9812499,8.643222606618055,-4.946365903981413,1.16260943062342,-36.55173426110512,0.04496560059216178,-52.16537110898472
8.9912499,8.511022529131166,-4.961355236816554,1.2751998546592356,-38.266558387880266,-1.1556133523686574,-50.574678089282315
9.0012499,8.338811253650386,-4.9291063866639995,1.2224747463028096,-37.92151153875194,-2.34865292816692,-48.33886311359326
9.0112499,8.225660701946076,-4.518806252950039,0.8454961551005779,-37.54540166461703,-3.619970576920807,-45.97611438313086
9.0212499,8.127009085101811,-4.0150576294649465,0.6213207397917955,-39.17824139763677,-4.688262954010937,-44.1365807175099
9.0312499,7.967923507023588,-3.522760684204345,0.5352311072039443,-43.65002038985494,-4.897488571011446,-42.35247235077331
9.0412499,7.749632991082807,-2.952621056370795,0.27789825715617955,-51.14435657399771,-4.187269090530461,-40.834318605565706
9.0512499,7.712340546893538,-2.498489407396826,0.0696395496481445,-60.2886421705017,-2.0647959781108702,-39.56138642996046
9.0612499,7.958726583542721,-2.3780943894032034,0.23098897471166885,-68.83299390235105,1.5449558468420843,-38.142069258263014
9.0712499,7.991628554122022,-2.300361068562045,0.47654935583503455,-77.4511135004403,4.142042432589309,-36.96270313066854
9.0812499,8.058982384045237,-2.6330585524272343,0.7520487656811977,-81.01598461385521,6.542519558215073,-35.490203300512945
9.0912499,8.284601778151268,-3.366332461286302,1.1375677140771903,-77.2249007100269,9.389290075968805,-32.96320883675023
9.1012499,8.218347257652775,-3.7335297616473797,1.3704630097283672,-70.36092659374611,11.158538758868048,-29.4796910653687
9.1112499,8.096202593690096,-4.010472996629835,1.4100894205666434,-60.18706715131398,12.715305030335493,-25.323363603104
9.1212499,7.894337490830245,-4.153646987177972,1.2462795157001036,-47.214307667514696,13.437735173882956,-20.407318461677516
9.1312499,7.672203941492157,-3.935307933241051,1.0088179345582775,-35.12282526048935,13.110594992716969,-15.908507538915734
9.1412499,7.712828255693984,-3.6278628241069777,0.9421592036310364,-26.268242829362975,12.607912364612035,-13.269824197724864
9.1512499,7.893882688208875,-3.54994403814369,0.97606388601276,-18.86453364706412,11.59379742213702,-11.668688291113208
9.1612499,8.039223011789757,-3.5678983493694982,0.8473745499801251,-12.713757302958335,10.02390789985283,-9.766018830471138
9.1712499,8.181649479058425,-3.379367334486859,0.5784868148942511,-8.712687840696066,8.057734146160005,-7.583205056208631
9.1812499,8.39348468299506,-3.177934451809275,0.38205281510637973,-6.704111824917481,5.367913427599578,-5.608194331902849
9.1912499,8.637245748440176,-3.098029540181568,0.2403053906659562,-6.852364420849834,2.2972523075294893,-3.4616495111209415
9.2012499,8.902979515781132,-2.945082252574985,0.04954715238286297,-9.668214936848337,-0.6440782596117889,-1.212410717267616
9.2112499,9.193683910654645,-2.726777254426964,-0.08927252715217976,-14.534984438071321,-3.381704598249,0.7163823162640797
9.2212499,9.407380484199646,-2.7032690675930375,-0.12197673417822802,-20.018138559991485,-5.992655134218567,2.311510853750572
9.2312499,9.488756637218351,-2.875201365736019,-0.15241912944240946,-25.285942598659197,-8.298621772973446,4.329232174762528
9.2412499,9.57745177605462,-3.078019615898055,-0.19519679826492448,-29.71253343456407,-10.178279966878497,6.610669968201047
9.2512499,9.670285826063479,-3.1815292293917556,-0.18994445275985264,-33.44794678644,-11.818606713409727,8.638452822920575
9.2612499,9.77615995520015,-3.2293718391665505,-0.035825839906823365,-36.507101201112036,-12.775258717700002,9.734264882102586
9.2712499,9.972252432133482,-3.358672278092315,0.21791733386830592,-38.62976650809613,-12.63591272584816,9.651730909328341
9.2812499,10.083314281549233,-3.528086129696566,0.37980906164560263,-40.327978240738965,-12.124557749046225,8.563903592631155
9.2912499,10.023863380979204,-3.736022438312825,0.494882212932552,-41.02718880429493,-11.53144837803761,7.152538550399926
9.3012499,9.858297162579051,-3.9985402885588597,0.6247032256505565,-39.70863306210594,-10.740601010631671,5.423555815216115
9.3112499,9.567286550808833,-4.249462610395539,0.701278344623586,-36.04307221463095,-9.98966403362169,3.2719673328996572
9.3212499,9.25450988024079,-4.468819858011335,0.7405162410399254,-30.16252021773158,-9.665068960189078,1.1720679691830214
9.3312499,8.987410782562852,-4.572357105495368,0.7696263163183245,-21.95789517668976,-9.32631415402805,-0.5016264249960208
9.3412499,8.81959126009955,-4.500577036439763,0.7871936646569475,-13.613863724534909,-8.674895873276807,-1.2311629475963448
9.3512499,8.74837282438009,-4.320176992782947,0.7496765277536175,-7.723628348700922,-7.99411139648131,-1.2110712622326951
9.3612499,8.671347341864848,-4.079400671959379,0.657291959014433,-3.8061548059427426,-7.292029792957665,-1.039318965089564
9.3712499,8.626264401497497,-3.805275951882697,0.49964387170339913,-1.9997234764178349,-6.323059789427329,-0.4704909727817334
9.3812499,8.636783945630059,-3.5119563433311396,0.2690249203155281,-2.457134289696934,-5.143499102667042,0.20267569122848889
9.3912499,8.709919482892923,-3.27217587953418,0.15120023400114052,-4.657411404342279,-3.7950818690261423,0.416599368559577
9.4012499,8.784758307829444,-3.1950904420573214,0.15813070421641753,-7.521474126941764,-1.9208913980798288,0.34322418646369923
9.4112499,8.702656425924742,-3.213437876292409,0.07139078328143511,-10.3258645248744,-0.16691389144863183,0.4688495092279996
9.4212499,8.649111822890985,-3.265809405587727,-0.061400662078136,-12.525130254392442,1.3519783320625884,0.9454892504440884
9.4312499,8.694138065398235,-3.401277062685378,-0.08221298091901336,-12.748719222963308,2.809818735268783,1.9188046652727548
9.4412499,8.700652296766348,-3.5864898348135714,-0.00675807437506846,-10.572367502721965,4.222240584731386,3.3681054789523275
9.4512499,8.72253597222881,-3.820626813968311,0.12440663646869048,-6.469510840718085,5.542668911279743,5.041838199902012
9.4612499,8.808209498478107,-4.035195455730745,0.27419894493592195,-1.0547616612900075,6.82352367396077,6.788871509394479
9.4712499,8.853938414162934,-4.055676067092715,0.33433677709055326,4.3859190107889106,7.7721239032601295,7.967452996965215
9.4812499,8.942114919616179,-3.9817362532707232,0.317596831351188,9.072814288844425,8.699082061741517,8.445957391008031
9.4912499,9.044871862495054,-3.887976984296741,0.3226541061948161,12.355961792358029,9.991335542194168,8.895642026315064
9.5012499,8.943360643661043,-3.727306006345097,0.3752014283889492,13.542548813316683,10.669067521867017,9.558879419891824
9.5112499,8.914049413091433,-3.658965416028627,0.45858408439095744,13.316759141040945,11.651035453115059,10.034981019983393
9.5212499,8.961830705872952,-3.634431352779071,0.47018926768617814,11.722469688121643,12.821208584859965,10.36959158048187
9.5312499,8.93962804496068,-3.6382630073177284,0.47550950590555013,9.329039367248257,13.436998516781648,10.681090455442547
9.5412499,8.934127035044972,-3.7505437724719854,0.620388002780891,6.590218918968898,13.642016360775738,10.846003688183137
9.5512499,8.980582858209923,-3.8133477635762354,0.7615546621558764,3.3747948556284113,13.634703860469443,10.72433698094406
9.5612499,9.04644679785444,-3.874367518715128,0.8835366450970581,0.8802601621099727,13.542299859144014,10.133124040800189
9.5712499,9.075316504050267,-4.090963705434057,1.088327624395212,-0.7556030920617495,13.51677586490814,9.593979997500933
9.5812499,8.975593445442007,-4.237870008760938,1.2588477511283718,-2.611661860696193,13.190128459118123,9.378854481391954
9.5912499,8.944494664271087,-4.288934785147485,1.369947607992717,-4.162326707907226,13.472066374256425,9.088203731765088
9.6012499,8.918067209369456,-4.332855254353143,1.4573323397666793,-5.6628494429604865,13.596678625909705,8.696884867597568
9.6112499,8.830510091805769,-4.353346690214957,1.5001872629113087,-7.553284385983898,13.10215158942024,8.310118001894555
9.6212499,8.86771289740273,-4.382068553263529,1.5291315233349076,-8.947958609895233,12.698254082614376,7.958078897231049
9.6312499,8.967929365099623,-4.414559286766094,1.5647912329772367,-10.128094812770575,12.380951450558438,7.946680929232178
9.6412499,9.073132489172977,-4.408168653143958,1.5643465305362647,-11.588434012723255,12.236458334141508,8.150954445179542
9.6512499,9.14840328972148,-4.356321641358518,1.5720602028081092,-12.965547443912083,11.978738211879431,8.107023018628373
9.6612499,9.138824279901945,-4.366241269067272,1.5453848610795775,-14.130422430771004,11.737860857583552,7.585041292723694
9.6712499,9.083734477337577,-4.3518554414645,1.3963368506921818,-15.40743321814316,11.322058851805833,7.200779830087322
9.6812499,9.057393865805219,-4.289863220888697,1.2371259431789239,-16.666755683617634,10.455846469625218,6.7166703411871636
9.6912499,9.061915553619505,-4.27409621425233,1.1893888528684813,-17.493397226475874,9.490446709567227,5.688217961174052
9.7012499,9.02954261981415,-4.19415856439086,1.13326132667696,-18.258301836760538,8.50452901665433,4.388366035419585
9.7112499,9.01461585405908,-4.041875640677228,1.0371404567888727,-19.00563063817747,7.776036423540324,2.901754508175666
9.7212499,9.006924254809162,-3.958351046637697,0.9762956676754703,-19.250022523440755,7.563851768231441,1.2433364983048931
9.7312499,9.006402453862826,-3.9241629216731693,0.9424117193536604,-18.996392378980598,7.714892761781225,0.09560786786394339
9.7412499,8.996984947502016,-3.894591094714003,0.9047759125264954,-18.38254978473225,8.317814342750818,0.07461863051145431
9.7512499,8.952580041202454,-3.912989166153991,0.8474618436569198,-17.526754956164133,9.56420420740184,1.5022235062774372
9.7612499,8.899059252460146,-3.9401863081958863,0.7586861640595813,-16.788994146933913,10.939028230913385,4.190384216918414
9.7712499,8.851346131463764,-3.964842485047754,0.641917747955156,-15.89834509612363,12.163461408016529,7.027333486398698
9.7812499,8.827971869125257,-3.981442116334986,0.5887790529680297,-14.96898506975364,13.336682681958969,9.678222287700914
9.7912499,8.806102586528738,-3.994003789465361,0.5537901395475295,-14.185353634976302,14.29002065869748,12.084224770998963
9.8012499,8.708474645949815,-4.045383635643617,0.48130677427856383,-13.678111014736773,15.002907449050586,14.172768092238988
9.8112499,8.526328334601589,-4.130496521409212,0.41089218816020673,-13.763510915949986,15.64547600709877,16.337270154584168
9.8212499,8.289418709117436,-4.28906133629857,0.3779032716826124,-14.355169998060122,16.174206897387073,18.646151336642898
9.8312499,8.066251671979932,-4.546677134294138,0.37644115398952493,-15.082940461469544,16.46808030786419,20.73655443226311
9.8412499,7.870471157121707,-4.892937244567411,0.38404725811729934,-16.23880748061964,16.571810979307536,22.486237483139877
9.8512499,7.708836166201893,-5.232322671045662,0.3361862714043721,-18.19778734207743,16.56175296209726,24.05517445173608
9.8612499,7.586666915648851,-5.504808226388646,0.27625405020375887,-20.03906904772558,16.95906060377319,25.280697969828946
9.8712499,7.4015334414144975,-5.570462593256458,0.20258522606812024,-23.380178106545127,17.44823532978956,25.419157027348554
9.8812499,7.254025082211408,-5.488897658884,0.12186450403761966,-28.492842729620453,18.201688975953054,24.865267838020603
9.8912499,7.174049822906129,-5.640137103980059,0.05838741249696516,-32.37013878583441,19.699818999822607,24.75878728690257
9.9012499,6.950607279107862,-5.7269987410111485,-0.10466184653292403,-37.71256860748927,21.07497764369329,25.258961313085234
9.9112499,6.839849683407135,-5.777465252259464,-0.24516286556196124,-42.67392796630756,23.302302995571722,26.06136606496024
9.9212499,6.744569567717451,-5.767981191064924,-0.32828938769310606,-47.43953524019051,25.904476126233693,27.241213853395152
9.9312499,6.5360527645569775,-5.670442910600615,-0.4586688073072022,-52.51184527329163,28.320135677979437,28.82707497480971
9.9412499,6.363434386828227,-5.784101567186228,-0.5456273947620205,-55.37941108315654,31.70541525359786,30.779062450078296
9.9512499,6.133215055664037,-5.908941628487068,-0.6050438771485761,-57.5069021865845,36.01173836771985,33.712358308566316
9.9612499,5.776138218419737,-5.963670340831167,-0.7410589512324806,-58.4923635107189,41.362468006104635,38.0986143418371
9.9712499,5.272257160156739,-5.9535447258332725,-0.8417416765085408,-58.79029241505613,46.59909015291311,43.15011920734112
9.9812499,4.776030409684599,-5.867108195403213,-0.8796147241263321,-59.728639460162086,51.68378077762889,48.87615341070276
9.9912499,4.31090813606929,-5.723230035495065,-1.0223865345691896,-60.49035496244755,56.92303708045926,55.70461880766807
10.0012499,3.8350809278427604,-5.514222356526466,-1.2130138092315963,-61.44493578757731,61.93960202804752,63.39539959975842
10.0112499,3.3287447352009885,-5.232050606693869,-1.3479203515114517,-63.24053520245347,67.28670944013179,71.85668829540107
10.0212499,2.7381469134929928,-4.927624279395504,-1.4251515727751358,-65.02674852663912,72.65021422343767,80.99186306659483
10.0312499,2.0432358488733047,-4.608630665418642,-1.500061467396722,-66.55085027471671,77.88672636196453,90.92477086023064
10.0412499,1.2956332956787728,-4.274553036578032,-1.6282636398270212,-67.71154934775728,83.72112027032846,102.5417914009948
10.0512499,0.5232049666862906,-3.9079664363433055,-1.8155195395824002,-68.43192940653306,89.95730327436722,116.48216059142202
10.0612499,-0.1803537872655452,-3.4956066834202897,-1.9478505817343361,-69.11041007167906,96.51063438899779,132.6188279515088
10.0712499,-0.664631178680308,-3.0311190952450118,-1.9267754430309385,-69.33080058625177,104.29578928871668,150.70554878081248
10.0812499,-0.9713191978480448,-2.540181947798853,-1.8410054814533816,-69.42477124734734,113.1913193192279,169.93881240038598
10.0912499,-1.0572384796596073,-2.129658002720748,-1.7109162755986236,-69.53086627474758,122.91494841708543,189.7319943535794
10.1012499,-0.8015731501730525,-1.8492651846301198,-1.4712944607226786,-68.92865964555503,133.16211483337017,209.95641905721428
10.1112499,-0.3815152555569461,-1.6589199997902704,-1.0705398489032372,-68.03173410755595,143.75245594448262,230.55545345448942
10.1212499,-0.11234391204472362,-1.634942413981623,-0.5215858008169827,-67.18457795066833,155.24692079552185,251.36015540156177
10.1312499,-0.10044043569031193,-1.9470568179130356,0.0720642099228732,-65.0645379124864,167.02864655759532,272.4972735285651
10.1412499,-0.2540086694125006,-2.551740025712182,0.7832202586562791,-60.68817022758357,178.82598183597878,293.5642826003773
10.1512499,-0.4526648020917397,-3.206249047833189,1.4701336778087877,-54.35563068413387,190.14564997547512,313.0742080187477
10.1612499,-0.689648868398735,-3.7043902099629715,1.841360260334609,-46.695029557532955,199.67908474916464,330.2779452297585
10.1712499,-1.2520752714196028,-4.1486466379965545,2.156680862226422,-36.702385560657476,207.3737445434857,347.00443012627704
10.1812499,-1.930468886421934,-4.721707998571116,2.8941637818607493,-27.94503961835085,213.1108943351528,361.9806056997889
10.1912499,-2.396596830353725,-5.641842915575419,4.126514986166894,-22.878975802269345,218.5062190280242,375.64832733291894
10.2012499,-2.846409209854998,-6.743353433631651,5.505693040109394,-18.895183726724568,223.69786037289825,388.98801835281483
10.2112499,-3.297453791705505,-7.880462880846567,6.981594058112005,-15.062280800700442,226.86523961239791,400.4350083948706
10.2212499,-3.822904951063297,-9.657544581437254,9.308075504693326,-8.087502996121257,226.75724214010853,409.2883347613121
10.2312499,-4.767236757893493,-12.252847056051348,12.246053328979833,9.653348399830973,220.25563117005316,414.4525668111822
10.2412499,-6.219763933873581,-15.409181725466164,14.924705362915754,42.25432940499763,202.46800377934738,414.7612323441148
10.2512499,-7.88040581054246,-18.905447734953842,17.534122354261093,86.42333230303136,171.65323711971192,409.08650459650977
10.2612499,-8.961691374315464,-21.827549796613265,19.834680908134697,138.38126812530396,132.8443282193461,395.00053089265714
10.2712499,-9.044657929179662,-23.406922602616948,22.43714207989688,184.5306308984627,88.95593306341047,376.2260313096328
10.2812499,-7.610880959294541,-24.856188575544007,26.35324971054711,217.5082855025374,41.286560912680805,361.27119867564653
10.2912499,-4.437681258680662,-26.580192800936395,29.465934511679592,246.08300481477653,-7.156585753412048,349.88235647500994
10.3012499,-1.0252995340303874,-26.01078449223377,30.62007504467858,259.9585795310645,-57.90567337396167,335.12023655426265
10.3112499,1.864519081030541,-23.42009833649533,30.67728493063228,245.7012763074098,-111.76984797330174,306.8272064781895
10.3212499,5.017438403903994,-19.924275432567388,28.833182198432432,200.189733750973,-167.91346837399843,256.472168395677
10.3312499,8.595165758396096,-15.822323120235488,27.345842534943458,109.92016493039921,-227.89018696887823,185.64048177895782
10.3412499,10.902115581135451,-15.874365531811014,28.92132883991847,-3.7708154355718997,-291.4086603466711,100.73138960937005
10.3512499,11.088429037695965,-21.9765390443484,32.19195716035181,-95.94814582777613,-356.1214219274023,8.698002535070565
10.3612499,10.473426740176732,-31.76941068274509,36.26476688790827,-137.84265024540954,-417.04701232812835,-82.62972803544041
10.3712499,8.222318519948105,-43.18896435283942,39.791728162735495,-108.30776115766513,-471.4380289567059,-175.89723861414976
10.3812499,1.3147356027913732,-50.93761449157842,40.766630496933956,-19.23747402499409,-500.04842173034257,-283.009394247468
10.3912499,-6.71618313052498,-52.522773774561095,38.68936243440289,65.98702190057637,-500.4005014085912,-370.6400081438034
10.4012499,-13.731839318161464,-50.61266789329731,36.488468030225434,112.72233633650693,-499.5934375531555,-426.34346177246385
10.4112499,-22.510819915786993,-45.13135213788183,34.065044255175536,102.38615241141747,-500.19422443519426,-474.52278684433264
10.4212499,-31.024500376576235,-39.962741412357666,28.27958869964913,47.457146696072186,-499.86243949526954,-499.84127812520285
10.4312499,-38.1491680742532,-36.555032069857575,22.170349770553063,-25.81000841483689,-500.3265984424748,-500.6904927942576
10.4412499,-42.5616997138732,-31.796222753253232,15.905172590689828,-94.49216477765455,-499.4511949946763,-499.06250854955067
10.4512499,-40.95625887660391,-24.35239671075074,9.54997678557033,-149.6506253934052,-500.0516075571894,-500.23886429832226
10.4612499,-41.537856326275325,-18.33155079613658,7.219906324190531,-159.05274517210879,-502.3936342465647,-501.37551119290134
10.4712499,-50.7355934545572,-14.469518947127005,3.1503336002590587,-88.33000622639352,-461.8062919822794,-444.69732841844063
10.4812499,-53.13548865250476,-6.068923387905237,-8.006344329383312,-12.311256969154456,-384.1600794864016,-312.4606484930841
10.4912499,-40.44664911567967,9.01634163346978,-14.98026587138424,2.8534098924177718,-310.6493678374159,-188.92895569455487
10.5012499,-29.066205616437227,24.69117827326421,-14.286189123452623,-37.93710461827962,-231.2142218441002,-124.46104704961967
10.5112499,-25.581605619904042,28.241104239054984,-12.796482522142568,-113.47866472838005,-158.716612295512,-76.25592878315413
10.5212499,-22.66670350095809,20.04447882068015,-10.302581194453749,-181.22638969137205,-100.38872017877925,-7.209104141059228
10.5312499,-18.983822360034196,12.21646254994639,-4.790711297442104,-206.59801425516443,-56.090747578777474,50.275004791336194
10.5412499,-15.383142362809378,7.276931780684227,0.9732669142522116,-192.18604169867888,-31.390336310748356,73.25493807744655
10.5512499,-10.448391883003856,1.3761038463879627,4.154169791564095,-155.67770169011695,-18.957861886428795,76.91778185665726
10.5612499,-4.36680459515383,-4.6115837742445995,5.349431257534394,-107.11479740075521,-11.078303171759758,74.13547125592844
10.5712499,1.50840123273984,-7.566968508194134,4.585932639216631,-58.115902420970166,-4.371176698636534,66.06555578814408
10.5812499,6.3395989802505435,-7.385602848431331,3.133428266840141,-20.939860451447565,-0.6414674164762031,49.12968042972738
10.5912499,9.530090748269664,-6.848686198240187,2.4549706563471707,3.0888885923312253,-0.9203557985064651,23.631115775836893
10.6012499,10.754584183811856,-7.2888390783020425,1.9024559174936388,15.859050246314153,-0.8975288293095162,3.218687829482103
10.6112499,11.331937852728187,-7.668376120861989,1.1371812271852624,20.46423471384972,0.5025694376331192,-9.435712304541985
10.6212499,12.027689733060422,-7.652890486476915,0.9207645647286439,19.536620108910753,1.7914604719904508,-19.230197283115547
10.6312499,12.624914905588957,-7.853139475252262,1.2974266077531165,17.810507084175217,3.5573146730672147,-27.195352436229932
10.6412499,12.658654970542154,-8.063861436350825,1.7526871998493305,17.560806982411286,4.822039722969455,-33.893952396514074
10.6512499,12.071898322103689,-7.9936633839955356,1.8851543571874396,17.153148928399037,5.086438665388224,-39.73961062804717
10.6612499,11.447631199206114,-7.7827601588358295,1.5620867755012198,15.812310655435718,4.593633969356706,-44.328712851771265
10.6712499,11.028476426641616,-7.3746742364904625,1.186301166890409,13.86796266313979,3.876789404604671,-47.75480769407351
10.6812499,10.60017214387792,-6.919490911926048,1.1071712887416074,10.944539359286203,2.4713606343817287,-51.04101128281373
10.6912499,10.140702834715759,-6.665991917699975,1.1554269079380497,6.719694411027263,-0.04609371363805137,-53.69408646704557
10.7012499,9.766586447749988,-6.492583928370654,1.0186488272010337,1.4335324715545683,-2.534846853634275,-55.152619363423604
10.7112499,9.415617226120522,-6.158725462440033,0.8202181498656265,-5.022503289913077,-4.614846476197949,-55.700404561107376
10.7212499,9.01214150955875,-5.799678943663991,0.8813315836471612,-12.567408756260512,-6.271866848876894,-55.63680401758541
10.7312499,8.624867840169351,-5.561065093175247,0.9882353590474631,-20.080470331959933,-6.702361342101444,-55.15361744330276
10.7412499,8.367277951911545,-5.21118701640312,1.057019583149001,-27.60520751010078,-5.917263734124766,-54.374742859903684
10.7512499,8.245021798780611,-4.696011322155861,1.256875885297838,-35.70946206858526,-3.7812604371683203,-53.41271514940158
10.7612499,8.03374128201787,-4.059280754940798,1.3774201526366847,-43.94617453555196,-1.0376933892254103,-52.84172467612036
10.7712499,7.690573710185806,-3.396645422970505,1.4007837703829882,-52.50157535616309,1.3100189017045267,-52.45883581175007
10.7812499,7.41350145513876,-2.9184651749824275,1.4089913232157514,-61.24458550252282,3.2532147496386212,-51.66710742352161
10.7912499,7.299668363756252,-2.6829800840880687,1.1420510232323577,-69.51699074937767,5.07298302003308,-49.970898057282405
10.8012499,7.404585917924061,-2.7657739246057207,0.7258722448556921,-75.07618343428852,6.328771796605457,-46.93713592918651
10.8112499,7.61248724855505,-2.9876350057393344,0.5829088124960671,-75.59590674857712,6.612220810373038,-43.05485378761103
10.8212499,7.679166327125679,-3.045447965776493,0.6317114308225227,-72.83028637063808,6.715579702467424,-38.82150476718493
10.8312499,7.71603819789559,-3.0119720875022513,0.5857828048199154,-68.63969417011566,6.9619878248878315,-34.51278321310732
10.8412499,7.856568155637018,-3.0828535056851507,0.4905454335263976,-62.90365690162881,7.635448707431067,-30.31173845650573
10.8512499,8.116919565582291,-3.08717571934137,0.48192536509638867,-56.1210521448275,9.147270181527604,-26.25962502847796
10.8612499,8.529483981700825,-3.0338906411844593,0.6232269037542313,-49.46426871768297,10.797731172979653,-22.765744963357278
10.8712499,8.976449653198896,-3.0481480934023493,0.7892240880726297,-42.64428498144753,12.211040645784454,-19.867626770391954
10.8812499,9.266910442845957,-3.06629853952803,0.7948724680991915,-35.55058378819291,13.58193052452612,-17.52791473697212
10.8912499,9.219556731550306,-3.127064086652255,0.7576202676209686,-28.8416664496166,14.417860325042989,-15.08065757430627
10.9012499,8.939132706622278,-3.236206435969627,0.6216806319066416,-23.187586968044872,14.678470276622319,-12.258020263064138
10.9112499,8.706566675469789,-3.1864912316903324,0.32200497673190015,-19.284608631209878,14.17051482059764,-9.341971453815965
10.9212499,8.555269177916403,-3.0878691914932443,0.2200811298577815,-17.783707254972818,12.829880476284696,-6.4136338255439505
10.9312499,8.575618803036997,-3.113449565983858,0.38190237755405726,-18.813218427981838,11.307580871377533,-3.7622914336376625
10.9412499,8.845370343049229,-3.0609949463297585,0.4279947264025282,-21.286429924758696,9.779352881623089,-1.9651985002691388
10.9512499,9.036567620496895,-2.9445397548745773,0.3494598442371302,-24.150187853265344,7.448023066791054,-1.233400221641375
10.9612499,9.064665764361575,-2.929600004214459,0.32393545186443595,-27.817570802872417,4.7302505987822885,-0.4502957068068856
10.9712499,9.160311996326774,-2.9695040081304693,0.4056831092074475,-32.227663341520795,2.475849034625368,0.7363236185495275
10.9812499,9.316442941381446,-3.0541071740847103,0.5727830618532352,-36.04848107480518,0.46917225944370206,1.622793298859434
10.9912499,9.315410110997403,-3.280929870842967,0.7001644688566391,-37.81709123574954,-1.1944072155534888,2.229396440626016
11.0012499,9.148459637178949,-3.455149484232416,0.5902117150375987,-37.89000840107363,-2.6780649847607862,3.489142169610793
11.0112499,9.22255526633623,-3.3441994437310787,0.3533547914207574,-37.137181237037815,-4.433825138606685,5.934894216989901
11.0212499,9.753883230590668,-3.247732659961244,0.4082906264090796,-36.04959763152285,-5.874624401326172,7.871558550665649
11.0312499,10.161018269072416,-3.3004761712949926,0.7238642073253945,-35.01090100180535,-6.479965939847849,8.77226206074918
11.0412499,10.071887289897703,-3.3791973762182597,0.8812162284885643,-33.75304213478009,-6.123413599507921,9.002595974378954
11.0512499,9.769352439495767,-3.5145603665723533,0.7914602134371136,-31.09127157660371,-5.3841687033672185,8.798035679156754
11.0612499,9.467198264541123,-3.631828571722354,0.5746137568791556,-27.527285793171355,-5.192228603555582,8.714131048168698
11.0712499,9.200588630337304,-3.835218653010424,0.4736097293926539,-24.135094618171188,-5.822770387957091,8.765065094813423
11.0812499,9.174897681654256,-4.056213203955767,0.5800816392307888,-21.19799357366563,-5.855939269585545,8.534598573324581
11.0912499,9.287644784322993,-4.1041817765835,0.6975947851780392,-18.429499469059465,-4.71227379291525,6.979102967095416
11.1012499,9.324171016233377,-4.181645477279256,0.7277149081837324,-15.001066104902375,-3.2728735203442083,5.035615846010461
11.1112499,9.282108956773866,-4.2980410597083765,0.7567012097899165,-11.821655678285385,-1.9603304752119572,3.820476091060262
11.1212499,9.196764600178374,-4.309098969904784,0.9200979573150294,-9.722014272899088,-0.5622614921355629,2.6175004483251785
11.1312499,9.35789031612599,-4.26618945310246,0.988631004670337,-8.056981655530258,1.632310970721315,1.272704629107917
11.1412499,9.272034559311818,-4.04488995462171,0.8837551436228619,-7.8559661450345395,2.162087422434263,-0.4891639621494953
11.1512499,9.048495032626215,-3.952887702207873,0.7283582720815824,-7.703314578900543,2.5417882582923133,-2.0374670692722
11.1612499,8.922280159953665,-3.9834805211387514,0.6391265788194489,-7.5424946332306995,2.775343140860215,-2.907366013506898
11.1712499,8.739591988981259,-3.869889217920485,0.5974049920492722,-8.243441234542958,2.2669982812517375,-3.72118886937687
11.1812499,8.680592090087845,-3.8022782120951497,0.577732209005885,-7.988916429117445,2.378082025354503,-4.746963114477448
11.1912499,8.68707864467892,-3.8224104351851986,0.6575510520827312,-7.1271417988682835,2.1292222746201466,-5.509400710073043
11.2012499,8.795615523778924,-3.9074894429890406,0.7745601381655364,-5.690542454488971,1.8614882217471678,-6.006810039126027
11.2112499,8.826484074396538,-3.8973391599987552,0.7236348812171136,-3.5567127112040833,1.207359077563672,-6.190904559534648
11.2212499,8.81127948579228,-3.7707888438654575,0.5171523871739081,-1.3720162709922812,0.40559716571504584,-5.8850934882123465
11.2312499,8.822658310702652,-3.6436363448717177,0.40967255985253176,-0.4343886679169219,0.07591380151677347,-5.518416847531207
11.2412499,8.78361325410557,-3.511593256518703,0.42164655002414214,-0.877224669342312,0.27684672372506386,-5.233949780418712
11.2512499,8.785373576530551,-3.514348435582693,0.33091103782757264,-1.0323999170204095,0.8845278261642442,-4.836231668394594
11.2612499,8.843130426520297,-3.6137976531657365,0.24860432103051827,-0.7975356764420909,1.3670765631106512,-3.8035444979182493
11.2712499,8.895967496690222,-3.6541518750143065,0.2862336180196084,-0.23184487391300104,2.1135259907526294,-2.222567100638027
11.2812499,8.908008190782162,-3.6557934282928466,0.348574426192541,0.7493884099865105,3.259636140721191,-0.7585623708446804
11.2912499,8.960733599171807,-3.7473873988853983,0.4156950070024526,2.1898979633053703,4.139871397832723,0.7367970701227605
11.3012499,9.033372210340415,-3.8745245415635687,0.4129795783762982,4.34689818765119,4.710620952321356,2.0113485891939673
11.3112499,9.015759757007828,-3.962536920493455,0.36133747968281527,6.9763531862179295,5.118987195130602,3.036434032106748
11.3212499,8.90969157371604,-4.002862677292476,0.368936250291117,9.479082178442663,5.047787638247395,4.102147477132435
11.3312499,8.8141086081535,-3.9256100805547036,0.37582136421247764,10.760392186008312,4.972817626044809,4.786005679650172
11.3412499,8.776485286810836,-3.852783885491658,0.3862817099069812,10.885616050964838,4.841425123080996,5.246249002092969
11.3512499,8.808554532438647,-3.829915475699888,0.4016114451937062,10.00866353910137,4.623339764606925,5.562858530814081
11.3612499,8.8765394842328,-3.7988585859099113,0.39886172597930997,8.605468325251257,4.538318039468818,5.757027196711601
11.3712499,8.931051557366823,-3.7873291565200873,0.4559974792296549,6.773615174693914,4.365390354982864,5.747933736379893
11.3812499,8.99356107837627,-3.7692022659937052,0.521370747184684,4.362532968140936,4.414832544325015,5.4045111773385734
11.3912499,9.025575520743965,-3.780259020382299,0.5362102932460033,1.9741531410620106,4.4919482732368925,4.992896678954791
11.4012499,8.978215514329793,-3.896588143513572,0.5709013273350467,0.07038005340468564,4.318756886067683,4.70513566522446
11.4112499,8.887738148528701,-4.015967544166509,0.6001082174798515,-1.4500948030220389,4.317009716215539,4.4890291525369355
11.4212499,8.850927659929354,-4.1257190411723865,0.630650802453379,-1.9623337034792963,4.3198308627869135,4.252088804665787
11.4312499,8.878893963191286,-4.278561689519218,0.7151546154751578,-0.8579423292059878,4.246144826220035,3.936710079506811
11.4412499,8.901093521995458,-4.419967715344934,0.8152035901786358,1.1931061627316808,4.478729300810576,3.8656085296866274
11.4512499,8.953548088045046,-4.5260428147900456,0.882643240466616,3.413226831448241,4.970482760065109,4.270092957583899
11.4612499,8.979676011881828,-4.511483019738644,0.8797447295095113,5.097803308406226,5.477419876870068,4.676088025712752
11.4712499,8.897756838354109,-4.400189048059719,0.8253911671595984,5.781209334447226,5.8955990812072,4.8854398872052816
11.4812499,8.780898881798539,-4.294023298158924,0.7354319275144505,5.385011498258147,6.214036583988948,4.939366125204166
11.4912499,8.686118431704243,-4.224165239698255,0.6319859258026741,3.905456073401522,6.542029763673532,4.779125322240901
11.5012499,8.557028546818033,-4.22083395167649,0.5962005474514467,1.7867648377400538,6.67935346868741,4.695475388023308
11.5112499,8.465506957599594,-4.318312896119144,0.6328097232384535,-0.19951764269574868,6.673794671970373,5.1008205769621995
11.5212499,8.478871590478406,-4.390275613835688,0.6304207657830359,-1.6036723536820936,6.60862001775725,5.858502565238733
11.5312499,8.522444433243617,-4.384326338952342,0.6167972052829945,-2.8671038447778496,6.442065821812866,6.985095937822025
11.5412499,8.601602972859252,-4.38737127273957,0.6349130434249916,-4.302764418843633,6.715566216437248,8.23276311631749
11.5512499,8.675511029649165,-4.389140210656478,0.6827815089169366,-5.998025634545365,7.435831495044842,9.334309407288488
11.5612499,8.640573207254308,-4.430890815103902,0.7455572424024278,-7.439972022533563,8.357439694726866,10.365199336613648
11.5712499,8.563100669876176,-4.584298768829156,0.7863659903162098,-8.104981075910992,9.251807384621625,11.263048576791233
11.5812499,8.530978345810109,-4.742063723025511,0.7912219754305485,-8.228757008901932,9.983316356683174,12.025677009863116
11.5912499,8.487212259631143,-4.840208198596183,0.7551524742945042,-7.793698318667507,10.329851444141116,12.658164273464315
11.6012499,8.417852961118646,-4.866236069580567,0.6781384439876141,-7.624276307336573,10.353437202040674,13.485064423702127
11.6112499,8.351924946039867,-4.797407110379998,0.5912454840759063,-8.301412619783529,10.457434308704839,14.296385202894697
11.6212499,8.27484708336623,-4.6997722845961,0.5063953593660138,-9.804971988173152,10.670026997779743,14.979736034240108
11.6312499,8.316270170755793,-4.661392024273608,0.4596745815695527,-12.690487970689027,11.336812893511794,15.758961488458363
11.6412499,8.435403056791653,-4.714423676989306,0.47066257340754514,-16.309440171446216,12.384416413078489,16.280330390370658
11.6512499,8.354852077695291,-4.834878852928883,0.48133936354922285,-19.402609981501218,13.065664874522966,16.88543279636422
11.6612499,8.233209884673759,-4.964708145935043,0.4565501033019639,-21.87627460033758,13.721563073076641,17.762832597754578
11.6712499,8.19388763382805,-5.043628224547789,0.37711744918182066,-23.599230346169197,14.382971241191681,18.560991706831345
11.6812499,8.071223008132158,-5.072899703989635,0.2762534100844442,-24.587922947487925,14.516457728124415,19.398319191357217
11.6912499,7.92997729778739,-5.082960853768667,0.20479735629823032,-25.32274244349337,14.675840901851583,20.45073485243963
11.7012499,7.849059253590038,-5.057534630397256,0.11647998973958999,-26.40003525544155,15.297543807220315,21.545960525879213
11.7112499,7.777962460448982,-5.069324350084709,0.000969374616273757,-28.115470794963617,16.32053492922727,22.796467392460297
11.7212499,7.685125175804231,-5.1184130212667025,-0.08089332348963287,-30.932026605228184,17.89436799719696,24.25046937181692
11.7312499,7.575865671993117,-5.084153688731616,-0.18925530640266075,-34.77872544951607,20.0178746698328,25.780468962239475
11.7412499,7.421165600764547,-5.074166445246676,-0.2558888878471632,-39.0711123477755,22.299790761486353,27.277909879404664
11.7512499,7.211714829516368,-5.256281623425659,-0.25263102437823776,-43.31158696015476,24.710963459158705,28.980799698042553
11.7612499,6.963019571796995,-5.463609960058657,-0.31453285736739683,-46.75146404900216,27.514412248216388,31.18223968870982
11.7712499,6.672582976168506,-5.540981845636665,-0.45924669896844267,-49.60626259623807,30.365334529500203,33.58042588106256
11.7812499,6.372583834241821,-5.609448442094439,-0.6304658953031087,-52.62854808914035,33.42228776964659,36.43327647062406
11.7912499,6.088848638422128,-5.62387836512516,-0.8228041298554015,-55.79187402829263,37.2585351436545,40.02744152194354
11.8012499,5.650914405912168,-5.400261713707743,-1.037118336984344,-60.74278784211003,40.74327469680382,44.12650294308291
11.8112499,5.247683538380662,-5.391647727393682,-1.1115652125069242,-66.10389419955948,45.31085229239491,49.10486333898373
11.8212499,4.972466969299189,-5.6870228758129855,-1.1475320735230292,-69.36862397480779,51.855121449901375,55.64403256370112
11.8312499,4.38817796116441,-5.582869117724389,-1.3282439088077849,-74.17593247078813,57.07735012924679,62.97222321027306
11.8412499,3.8904202584412024,-5.451629341120891,-1.424640724332387,-79.10740930007825,63.3842504866193,71.20595636206795
11.8512499,3.54640591842052,-5.481944992830805,-1.4111548866566541,-83.15280549318562,72.42279640245005,80.6876935802288
11.8612499,3.08088936423707,-5.429484516941734,-1.483998889477193,-86.75812526387317,80.40305607482334,89.72176201029464
11.8712499,2.6555169760353525,-5.383822488108187,-1.5376909064463553,-89.70129174445654,88.17729755339097,99.19832536900178
11.8812499,2.320091892788126,-5.30108888178217,-1.4780878973364229,-92.26855959743764,96.91546051009604,109.84082357691001
11.8912499,1.9282525725089936,-5.167144896104714,-1.3733264725055983,-95.05775984722516,105.97629607783442,121.46707817579768
11.9012499,1.491630975430385,-5.23127651177251,-1.0640627469851742,-96.88569303318525,115.17839925868478,133.87042898773385
11.9112499,1.0725854409904456,-5.399067420322416,-0.6959685062718168,-97.42996909107613,124.44100120991574,146.56969899379843
11.9212499,0.6121386410927229,-5.451962579237048,-0.5449896589748358,-96.69912600710292,132.97141951165528,159.2418823924758
11.9312499,0.2156735713791573,-5.397930235474084,-0.4215504915893932,-94.36663078524907,140.4766896037074,171.78087266650073
11.9412499,0.02916006156048154,-5.253394458665136,-0.21770453962073813,-90.3535063371903,147.44874639646923,184.0512852669253
11.9512499,-0.08389950840092131,-5.064474890297951,0.026285706508291113,-84.75475988197962,154.12385687863846,195.92575806156472
11.9612499,-0.17540899617022426,-4.851978168078609,0.29281275167356463,-77.70264448790394,160.42045659400648,207.49061501337613
11.9712499,-0.16305908543291153,-4.579670778033958,0.5108152507867495,-69.42373193773857,166.5458041764199,219.01229334810128
11.9812499,-0.13230557976442467,-4.239344915344243,0.7135253380109556,-60.984267126524536,172.64992875087952,231.0373722453342
11.9912499,-0.1658094155733139,-4.079435059736358,1.102976649557234,-53.306739637628475,178.6929463883135,244.04882670197614
12.0012499,-0.2484599808032386,-4.270367644647188,1.71978524436213,-46.010043110154186,185.44951745826802,257.98787338109605
12.0112499,-0.41542935604819176,-4.41176329548929,2.249603329836956,-38.76887004602379,192.7580090855487,272.18009597561263
12.0212499,-0.7019945915669783,-4.629671026122586,2.7768678051267623,-31.41299281264469,198.70313944953975,285.2925533063053
12.0312499,-0.9927547850549551,-5.066517116421751,3.4361833563103548,-23.610295457946403,203.6023819751224,296.97232782730265
12.0412499,-1.245424434414506,-5.368033051663678,3.982083551856701,-16.01298238476595,207.91348547947163,307.4583138612115
12.0512499,-1.5477532593339285,-5.792099677822252,4.817062528093232,-6.723677930060348,211.20005443398892,318.3222926478086
12.0612499,-1.8342394844344532,-6.405130435154687,6.383425571266432,6.270318318788019,212.8097700167136,329.7283555669413
12.0712499,-2.00900058594963,-7.271900976959781,8.21451859205082,20.456928580873736,211.80692556716278,338.9334123408972
12.0812499,-2.061482928910413,-8.322366277065054,9.860071664507391,35.877099628840554,208.23207604004804,348.4860763804236
12.0912499,-1.7773404186132142,-9.039861134331096,11.401588374037393,49.84961458843643,202.92413527344078,359.2783418354263
12.1012499,-1.3831574031531826,-9.84307611451473,13.038151477417271,58.2450751494118,195.01741766821493,368.8645640854218
12.1112499,-1.3694419162808718,-10.624866248733493,14.22721489718984,60.76279028353055,183.00017414317566,373.74100167448375
12.1212499,-1.4346271017193883,-11.377282711442207,15.143316654591263,60.02541811811616,165.72976979739005,370.9107840882724
12.1312499,-1.2487841914731057,-12.830743803311156,16.50411481328036,58.51856200318538,143.32563946060816,360.4068702933769
12.1412499,-1.3081820395193908,-13.998766955254615,18.119549555587152,52.595829650376544,114.81784747773895,342.4580289425578
12.1512499,-1.7472195332512737,-16.465612375122046,20.416309455286658,56.020977393660175,77.04299479636704,320.84626711060446
12.1612499,-1.8519285818464235,-20.489773250224523,23.792771889553364,67.57985583471743,36.10860974527813,296.9102605069362
12.1712499,-1.8465403776142313,-22.597891325026286,26.091756608348273,73.24541892054651,-9.328762695476069,268.4281591675819
12.1812499,-1.158761562849713,-23.856267238220415,26.981053569811635,77.30969765751381,-60.53052008417102,232.94909249828117
12.1912499,0.3448102196543148,-24.464551821703783,27.744296335564865,72.38722702466946,-114.51304743316376,190.72187630079497
12.2012499,1.616619543637629,-23.529009720067158,28.418905246183353,53.77373942973067,-171.45258139841548,141.2593458614088
12.2112499,2.592984946056489,-23.044023524732093,29.466854433447242,27.561854559514444,-231.0937675782528,85.07379947060767
12.2212499,3.702117977633594,-25.463325525278638,31.839533276334436,4.023059433786144,-289.1606694909951,27.661892625608576
12.2312499,4.081675299289556,-30.52526556491108,36.36788971979606,-7.874570811308346,-342.3563503156796,-33.04807656991042
12.2412499,1.7804017949783313,-38.077732228824985,42.27633533913312,3.2084318055185133,-392.374531167013,-105.49512608506896
12.2512499,-4.753347670838334,-45.37364578517084,46.46798241674414,29.704955209909418,-449.72652729400323,-192.07622660820917
12.2612499,-13.585605743422178,-48.41602372935502,45.23056469145395,41.99969047911128,-495.47282994113095,-308.7144312989176
12.2712499,-20.75290385559833,-53.47635358924328,40.68783994702031,86.03590976023044,-501.69900310660876,-433.5929295884074
12.2812499,-27.549383128317732,-55.48281535956689,36.41426239501899,121.65589872129149,-499.2025455042805,-495.6178131896538
12.2912499,-34.0396130177132,-49.8659413068934,29.997526452960912,98.86018037772165,-500.10005008231553,-500.9631759222305
12.3012499,-39.372732260181195,-46.692642032294216,20.68220556968605,77.10802739985989,-500.2782843017004,-499.57607818237335
12.3112499,-44.32993636886475,-40.27168856805948,9.365781788683297,50.829363123338446,-499.7635831217428,-500.2165392391796
12.3212499,-46.69223461566653,-27.3874463743121,2.288682996143283,15.856487453987977,-499.18930553392505,-498.70577731606204
12.3312499,-50.024632491035966,-15.340498868776047,-1.6845543069431366,-14.074567977691062,-503.8558457084066,-504.50330666598563
12.3412499,-51.04372805098554,-9.85160345399061,-10.425527629368263,-20.258119227106118,-471.38617477778087,-473.12147757146465
12.3512499,-43.77584560138419,-5.704082603180205,-17.228020197554,9.429423753839739,-385.97601127971564,-368.51223926227584
12.3612499,-36.28178527781482,3.954882188284559,-18.06959421210782,46.11242274381439,-311.50905359192376,-264.1192446806729
12.3712499,-32.076978426676376,13.431850101664704,-18.347078592248543,55.26689539068582,-250.98577255316926,-189.4169928930058
12.3812499,-27.60899607414859,17.25483783222298,-18.401545802331597,35.28110632445974,-191.0797463170019,-124.69461021714002
12.3912499,-22.94540308967976,17.78401716953106,-16.11064041512074,-15.759009620889312,-135.7782121035685,-65.29200155497682
12.4012499,-19.37943888479904,15.340220040640109,-11.010557145517753,-77.65865208116094,-84.83795563674494,-18.590633465999346
12.4112499,-17.29963766535402,9.68606102137725,-5.976893070311823,-118.17314326362919,-43.723313766631996,14.018372762163443
12.4212499,-15.08103965799354,3.826217243482997,-2.7833552724616424,-126.55155523066699,-18.09830933219884,35.211741337290285
12.4312499,-10.816030152834934,-0.16890416553608467,-0.07066547017041246,-111.77072629894455,-4.04652029826503,46.272576035232
12.4412499,-5.535940038605228,-3.253395773136582,2.7013419255059596,-83.48171095192485,3.653511594172041,51.511606903989545
12.4512499,-1.0631302310434714,-5.785680870151385,4.422867123711065,-47.333724238375446,6.841907341393799,55.730282583211114
12.4612499,2.499857633977649,-6.835995338777355,4.203886157950181,-10.180311114440181,8.15075450454135,60.55152504320336
12.4712499,6.428043244554758,-6.34842898699469,2.705820231745195,19.94879733456257,10.874402176534671,63.1306627482668
12.4812499,10.480892879130884,-5.2788544459212385,1.4526152709985791,36.2406697581466,12.411214994944075,58.98946599724804
12.4912499,12.651457384008559,-4.816440061095201,1.354751658413146,36.27036886266507,11.177219454968373,48.68111379717309
12.5012499,12.977095332374956,-5.04315265618622,2.1895792741560647,24.33339050865739,10.339612926411046,35.95722476572085
12.5112499,12.522960830594377,-5.747607924725413,3.154540555106806,6.514496696673816,10.992107505323684,23.095857426785933
12.5212499,12.18258691322359,-6.637750704960497,3.7214641653175695,-11.649088104732531,12.075672212127138,10.81808134479817
12.5312499,12.28027370791361,-7.350935754730802,4.237839204488759,-26.792180482321847,12.93669258646088,-1.2480487487430607
12.5412499,12.437024099331063,-7.912735160842139,4.739338552139407,-37.43893434476413,13.472729893008395,-13.288753233928992
12.5512499,12.26923171186449,-8.525130947655894,4.718506664135023,-42.15635691943773,12.662742628003517,-23.80417858120764
12.5612499,11.791021789602242,-9.07403634214732,4.386918955306836,-40.574427229646915,8.746043034921199,-31.138065839787625
12.5712499,11.26800942515701,-9.224393879977855,4.155720302341266,-35.01365647589869,2.427512156057138,-35.331899011471506
12.5812499,10.83361320430396,-9.074071869603316,3.9394688924417545,-28.4680692777394,-5.0538224331249895,-37.245803079524855
12.5912499,10.507494804693314,-8.733097825109844,3.51639208766849,-22.323432446210866,-12.771747826513645,-38.00322620531588
12.6012499,10.21489032187139,-8.17832967810137,3.1173286080987457,-18.267878677081185,-20.437408765999475,-38.89555968406503
12.6112499,9.824846199515516,-7.592779780113432,3.0468938254058684,-17.10673744046313,-27.589378022899503,-40.6821849131056
12.6212499,9.34197987883826,-6.9447978832118595,3.0522705249163615,-19.11303876122909,-33.45696397955364,-43.47858170122795
12.6312499,8.862152037486453,-6.194960070088144,2.7914825926540985,-23.75891074392021,-38.126517824566676,-47.30850862375623
12.6412499,8.488912033286311,-5.598415053156019,2.4772650343570866,-30.12535711372824,-42.01762436610214,-51.99139715157442
12.6512499,8.233937694142389,-5.132399682896951,2.172652435422669,-38.33090841324518,-45.31152785949232,-55.93501566916015
12.6612499,8.024139930924596,-4.6525784766793254,1.8337420214498246,-48.20021294946514,-47.93700337763905,-58.412324435915714
12.6712499,7.78282839988389,-4.222243320585374,1.6326529432521582,-59.26930747172641,-50.028075739409196,-59.83794366481291
12.6812499,7.635790341161517,-3.6527285809467247,1.2907538021189828,-73.00841295189974,-51.1172213750083,-60.76334131159283
12.6912499,7.663372656345997,-3.234364235425239,0.8985716248100327,-86.01868757505191,-50.950338258953224,-60.78573817345699
12.7012499,7.662766123941638,-3.28850141697547,0.8587131565969803,-94.06849696591372,-49.56704091662388,-59.33558788202323
12.7112499,7.577187893687235,-3.356032615956713,0.8980113666955301,-98.9426850525482,-47.06658268102129,-56.82529229508514
12.7212499,7.493317240439833,-3.3459175417140736,1.0173908851163826,-100.30958045524724,-44.05570069793602,-53.97686102409603
12.7312499,7.376113432396082,-3.5019335095315447,1.2297277226253132,-98.44282584704632,-40.897876929920244,-50.88736481868681
12.7412499,7.257366951604416,-3.7129622650851477,1.2099460594757434,-93.85862675344009,-37.32768695904189,-47.025096526740384
12.7512499,7.161469304162428,-3.7617236322684753,0.9415659336412109,-86.57279869927355,-34.151766242794764,-42.52813036612489
12.7612499,7.148331945963407,-3.768898185688418,0.8121558282691489,-76.55162549228821,-31.240673710319175,-37.82082642468492
12.7712499,7.255114329772704,-3.8236606949043814,0.9468809069988982,-64.91290673921374,-28.254459237580832,-33.30308128226169
12.7812499,7.447194156762419,-3.844984854012741,1.0347288466506308,-52.553911836134645,-25.456880672737746,-28.965098401628552
12.7912499,7.67754652882506,-3.811652647042289,0.9690328136146361,-39.665814427185694,-22.786824404136897,-25.072166970503048
12.8012499,7.862135754472354,-3.641865288606185,0.8843987022839854,-27.916206949340463,-20.34899810495452,-22.101335773082006
12.8112499,7.9606814209993715,-3.331841241946434,0.7108475501449506,-18.749290330867254,-18.00642603235102,-19.93603301140618
12.8212499,8.023606211988325,-3.1335340845899324,0.3835771032403635,-12.322805137665394,-16.032268072171746,-18.231349367379007
12.8312499,8.159744677826735,-3.0319433960689905,0.06463754181098665,-8.53484662004712,-14.447168562434113,-16.415176106065342
12.8412499,8.264904208044884,-2.74037046989666,-0.1437107333288501,-7.705449114138016,-12.811131754810669,-14.907966638756402
12.8512499,8.359145485409542,-2.4168379270754885,-0.2303888143460931,-9.569099250509591,-10.907719169128487,-14.152640282374373
12.8612499,8.643538479630905,-2.31091551236894,-0.27484568482897836,-12.742105322746225,-8.754773956498667,-13.715170031162259
12.8712499,8.952150428438024,-2.4467409493702963,-0.2639620145452045,-15.113339337486112,-6.423513772393954,-13.340953707103907
12.8812499,9.012688718689029,-2.712678044034264,-0.2374980422084717,-16.42110644409499,-4.391112023066929,-12.322339267338121
12.8912499,9.028483486088367,-2.870283143682555,-0.2936376390481493,-17.419686772589266,-2.401505208576098,-10.381404871726366
12.9012499,9.201433531094755,-2.887580109574056,-0.2893433121616415,-17.47814087983938,-0.4396531584783267,-8.731057293438788
12.9112499,9.300853824674885,-2.9858110617981937,-0.19106475645753573,-16.541215315258153,0.681016610700666,-7.903379236511508
12.9212499,9.344096543791897,-3.2526972787653228,-0.18302221503439578,-14.179665642581565,2.166341982537884,-6.957243950274674
12.9312499,9.334463990413427,-3.4308198169034316,-0.22612183000434644,-10.778687676520333,3.397697332808211,-5.542340030667365
12.9412499,9.234755193381458,-3.506721454812721,-0.21047041107811246,-7.693001649382468,4.143941304770548,-3.6195908834518695
12.9512499,9.129737108649373,-3.5737799451417667,-0.2555157222038973,-5.252520366228208,4.983567193643041,-1.7872806439568827
12.9612499,9.107007820632015,-3.610912083458866,-0.36962030253438194,-3.507565419676466,6.054232210446017,-0.45173544680911565
12.9712499,9.030471918071115,-3.6625331600541466,-0.4059544165863252,-2.1825121357704598,6.494780419173456,0.8201506224556743
12.9812499,9.002852447713433,-3.785913884780456,-0.32362166978340995,-1.8518404895374012,6.933266843808927,2.236409178203074
12.9912499,9.168831645857768,-3.823465376027526,-0.2467557153274899,-1.994126940492733,8.070250790061769,3.31036179025861
13.0012499,9.247522702573917,-3.7765825895920284,-0.219252036528759,-2.1399917866396705,9.270532816468442,3.900287783000111
13.0112499,9.085760297054264,-3.817148748069579,-0.14071380006113893,-2.6570535038897063,9.676587886429987,4.250694394009967
13.0212499,8.947852401236368,-3.9625945997862595,-0.10763276239789185,-2.860704258608053,9.274524655013069,4.310916975126481
13.0312499,8.951202016117545,-4.045094498741178,-0.19794989208104222,-2.2156605482841956,9.005419422133782,4.055404936109962
13.0412499,8.900193852603282,-3.962187669268884,-0.2701938336602589,-1.9557942153285266,8.144625331266031,3.522311706439889
13.0512499,8.965197311213842,-4.0106304263812955,-0.17192005591561757,-1.5122959597766286,7.614577753984739,3.1425747469356735
13.0612499,8.963340336918966,-3.987542342568205,-0.04630085551644886,-2.39682031873512,6.695461143320976,2.7861897765817223
13.0712499,9.012848494256568,-3.827409101452677,-0.04508739421884548,-4.2402076282799825,6.534418002483687,1.8036062335445044
13.0812499,9.31990441542826,-3.7261778234391048,-0.018821802851416474,-5.226475411112817,8.49511046786207,0.7040463190552825
13.0912499,9.26347723755143,-3.6037625099933663,0.11523106196885656,-6.875377578984635,8.983760729907692,0.012774669878853357
13.1012499,9.218699892880947,-3.6193413075687113,0.2699047679238006,-7.9302070599687,9.712122339517045,-0.8675241134896479
13.1112499,9.27644181198317,-3.673457920388037,0.3660308987478631,-7.2004864845423935,11.206118849979722,-1.5946958655863175
13.1212499,9.163096336438434,-3.646680564646631,0.3930317007302183,-5.617322979656677,12.126693353643269,-1.3860622767417359
13.1312499,9.079697301029606,-3.6009588256802263,0.4192971510768485,-3.8384914000079355,12.461646915216509,-0.5483026147162131
13.1412499,9.147949886738447,-3.598088878019303,0.5897826455231167,-2.312632757734513,12.54989198033408,0.3552631673064996
13.1512499,9.139233329455767,-3.6467626273421856,0.7519972872198566,-0.4467191763744738,12.62311862744108,1.0268840312686243
13.1612499,8.940663870088816,-3.724293730532954,0.7122888189408172,2.0393840633361284,12.183645632541248,1.5593974872551444
13.1712499,8.819823290132,-3.7902133535943006,0.6506331746390779,4.659514056303696,11.362096788881173,2.5146526516567365
13.1812499,8.801440945587476,-3.760408124340527,0.6132317989407415,6.356331572162377,10.182708858384437,4.154613225788022
13.1912499,8.80225034072836,-3.695727093869127,0.623549831226857,6.275319307259535,8.695639636914763,5.960897338117898
13.2012499,8.777308578784998,-3.6610587622898727,0.7397106013480498,4.5369514833620155,7.7134469006458914,7.295676201566822
13.2112499,8.710346134913598,-3.6818427951129262,0.759441287128273,1.9800340041411049,6.849104199991331,8.107671204748106
13.2212499,8.805047904427141,-3.799707141482768,0.6666610621314646,-0.02215764173178175,5.494879600677263,8.441587472609186
13.2312499,8.9519513967281,-3.922556294708828,0.6447738471274556,-1.6264795937490024,3.9269536958725277,8.671185250135267
13.2412499,8.950792943475555,-3.9923062708047343,0.6844153096487757,-3.1812546867659877,2.7670260079388878,8.692063980735771
13.2512499,8.877428746682012,-4.0533177822702315,0.6721656918840246,-4.2596678192327415,1.712289587930714,8.429602785963851
13.2612499,8.859268122482542,-4.1907837349197115,0.6038533079104182,-4.759625230314125,0.5676816830675334,8.314628390469315
13.2712499,8.865915052328674,-4.3491002496914835,0.48704432342823795,-4.4715395307623975,-0.38246280454925213,8.54510714237717
13.2812499,8.830132106044822,-4.409260710990297,0.4319143552525331,-3.497679678156872,-1.1440088737266798,8.799720090098903
13.2912499,8.851990871672038,-4.454961526724794,0.4802241569197614,-2.5081517088601646,-1.6693991419333467,8.94264477889656
13.3012499,9.058212236742081,-4.510346611554188,0.5122040230937364,-1.2071690865951616,-1.2815929825404706,9.128529375195617
13.3112499,9.18520349091125,-4.449332775350263,0.504037455025555,-0.1687608434457615,-0.5708559063178373,9.04612463721996
13.3212499,9.145238360932419,-4.37539242779477,0.47259953505920815,0.2968629049699934,0.011738895662439873,8.578094014028277
13.3312499,9.073328299215076,-4.35177085909572,0.4233716294972563,0.5192348517261999,0.577419987378672,8.016314124790194
13.3412499,8.991259499123133,-4.3206212977695255,0.29329109854766666,0.35269993230680896,1.1729670764010793,7.324460410324654
13.3512499,8.940786158545052,-4.312626018708899,0.17069438464191997,-0.15799265606961738,1.760781315801708,6.752131916611842
13.3612499,8.878295385835782,-4.289422855142192,0.16425165531712818,-1.4243357952643303,2.1867164674978237,6.532626151290342
13.3712499,8.779302396649541,-4.252135305774918,0.15230756876949025,-3.227927573136287,2.897776351270443,6.334732944165209
13.3812499,8.684947610494687,-4.242825401369526,0.13912522071921407,-5.028922606131943,3.730804667233017,6.070647549884728
13.3912499,8.673428556758086,-4.289902688230216,0.18891735657559244,-6.395495607461099,4.731579616094591,5.9552122741796065
13.4012499,8.687999476664311,-4.393245317202083,0.2385795580684889,-7.116097423884843,6.030583573253868,6.460475707592492
13.4112499,8.651666447910156,-4.507709764791667,0.2829424589528731,-7.082059907548343,7.2008169929635795,7.410279410609577
13.4212499,8.630672306818777,-4.595682044352018,0.33962340895128784,-6.617962707863903,8.577546943385252,8.685307385130217
13.4312499,8.569236361742297,-4.598315192920479,0.3485417974323274,-6.179279516213048,9.716752753788034,9.877517045425387
13.4412499,8.445223573877346,-4.602308341316749,0.2978882552485121,-5.900858181277351,10.385656336469104,10.935889804678576
13.4512499,8.356211487197813,-4.659700861752013,0.2284206655922397,-5.813720654739124,10.962420832026105,12.012336183083736
13.4612499,8.260939536253277,-4.673389696001392,0.12523523084945065,-6.2548266297786945,11.05677190445717,13.313992102397727
13.4712499,8.219391756088637,-4.658307537549717,0.03677234427099604,-7.722243681856307,10.876678004772895,14.898342048695026
13.4812499,8.233813562328727,-4.67590525202013,-0.009516330755790791,-9.964693158819902,10.922925376875932,16.38365428905687
13.4912499,8.179121931590966,-4.721034960934389,-0.059382359062932766,-12.903995580304459,10.948185711143944,17.978102599333422
13.5012499,8.131856223378511,-4.804356423264047,-0.09058301536055952,-16.313257141083454,10.974423027548443,19.716947436954353
13.5112499,8.126533671508218,-4.950331936881867,-0.12212058456411143,-19.41430888296708,11.194403862623329,21.63076075925173
13.5212499,8.068075791771975,-5.155100963907798,-0.1613344076558959,-22.894395614639162,11.298362890896739,23.794223110271563
13.5312499,7.957079611484718,-5.376233268362064,-0.21835978354943866,-26.8170570108284,11.656598597080352,25.753929539896816
13.5412499,7.846075950545561,-5.597074521376759,-0.3774464631565388,-30.459292529147106,12.177165028620076,27.463834250734724
13.5512499,7.780381784078725,-5.756756561091291,-0.5867387765808082,-35.024232925563695,12.824758008997824,28.896813804871048
13.5612499,7.7058827385115585,-5.849892378256331,-0.7807842636119673,-40.327221515423446,13.91022524695459,29.838283800074727
13.5712499,7.573018981328373,-5.993405414183989,-0.9943901096768258,-45.70493390658821,15.460966578454663,30.517066459304214
13.5812499,7.45400849255143,-6.177526344178158,-1.2034646406991876,-51.322610375987765,17.663846650357222,31.049482360039647
13.5912499,7.303378779042285,-6.33345763785865,-1.4308000910548089,-57.148582022382016,20.877039471499618,31.661922188144626
13.6012499,7.1050436559441,-6.413195061739434,-1.702400949870318,-63.446045892970695,25.04631775127379,32.59020471126684
13.6112499,6.904184539001609,-6.392061577445585,-1.9744090418106686,-70.44395424769168,30.16701386961899,33.667471993617134
13.6212499,6.635072216389615,-6.402080810261046,-2.1379725000967866,-77.64794743532728,36.403981490046746,35.188951536304984
13.6312499,6.232856482292326,-6.485357458391831,-2.2074581729595577,-84.76726847305633,43.17445319633788,37.289358406554854
13.6412499,5.804372264075268,-6.465172875139291,-2.3304288141341263,-91.83070554187405,50.38689546930407,39.76335665892645
13.6512499,5.383799502092471,-6.318614409445692,-2.4866109612146774,-97.95063925024871,57.60268483448806,42.7901363788686
13.6612499,4.923503877211685,-6.13512735655228,-2.5803911193893603,-103.0068518067549,64.95070033093245,46.53998685874184
13.6712499,4.471313355827484,-5.939366330799734,-2.5742895027622628,-107.04996777915599,72.7648450547604,51.31468362192982
13.6812499,4.003579156217824,-5.664645157848946,-2.5184825575238756,-110.3611126822203,80.88576983456235,57.5450926598906
13.6912499,3.509733773626782,-5.311402052680303,-2.435165086502557,-113.60353977155228,89.43517109388472,65.06979453894193
13.7012499,3.010411448164169,-4.9668588117431485,-2.3527909331155548,-116.89708272618456,98.5118272868431,74.01997688780672
13.7112499,2.4475375644578077,-4.722976496246148,-2.2016929610691185,-119.66910464123592,107.8597728821777,84.50764166061806
13.7212499,1.8880533147924403,-4.612460703085924,-1.9414041517150322,-121.69069560549363,117.20569158267878,95.74810963890339
13.7312499,1.238502848042658,-4.438368732695932,-1.7216905533522517,-122.21289568163003,127.34021162074981,108.92366556033281
13.7412499,0.43636874771352024,-4.171937999872516,-1.5330805656304207,-120.2862036912989,137.56364383016364,124.49818866743702
13.7512499,-0.15019072797405306,-3.979965487360762,-1.2833083562014738,-116.09503662390927,145.8191774436209,138.9260685671429
13.7612499,-0.585528824209683,-3.7916788493132465,-0.9230490182717636,-110.15077931519394,153.35199755109917,153.72104616560483
13.7712499,-0.9158400250392289,-3.5973037543922923,-0.4918236211656144,-102.70894225053617,160.48311765481407,169.3418413034611
13.7812499,-1.064105995825727,-3.478284002275779,0.028692811541569385,-94.44486750132255,167.09395259744844,184.9421280776486
13.7912499,-1.1654960602591735,-3.4343072347189896,0.5976085971049448,-86.13627887594498,173.4379342731282,200.92386641480644
13.8012499,-1.2910139152197395,-3.5344280869548568,1.2296063972779547,-77.43842618389237,179.20461220390976,216.96936430288613
13.8112499,-1.354959505099272,-3.806562138771512,1.8674287933772649,-68.05246062195287,184.52418206680557,232.83480133234212
13.8212499,-1.4220881278610538,-4.029128536486658,2.3543395587535914,-57.62809789870102,188.74074479070507,248.39485795780453
13.8312499,-1.5427479666756632,-4.103918027457943,2.8398454395654835,-47.0157480715197,191.04953914284718,263.16580582718564
13.8412499,-1.594977361421124,-4.247340669549431,3.477360040082103,-37.70031925071704,193.20121365474998,277.9765097463998
13.8512499,-1.7259204733678633,-4.682263380853787,4.368504367804535,-29.21301079202391,195.24402563241583,292.78717412535
13.8612499,-1.980522359702336,-5.166108539454722,5.215365590714716,-22.003007940387405,196.47652570680165,306.80837742830175
13.8712499,-2.2399881956771552,-5.384232320042804,5.676896947446455,-16.729471681187924,196.77889128105232,319.56331337746064
13.8812499,-2.6687027672609367,-6.016631932152193,6.4788292481173615,-12.435201870547047,194.99525886233275,330.66919221258917
13.8912499,-3.1672364222224947,-7.049933925195027,7.550093754036098,-7.156898282027322,192.05411647250835,340.7592782358202
13.9012499,-3.4884326730950295,-7.919776021484317,8.299463166564056,0.3867559108266872,188.06599222720808,350.1887124482946
13.9112499,-3.65882423285621,-9.374717663505113,9.36458538107877,11.4271768133231,182.83728676046871,359.59073419548844
13.9212499,-3.760338732745097,-11.027192328592694,10.276773063832463,26.890673930318435,177.84356890819407,368.6106398436715
13.9312499,-3.8645503471600624,-11.818248600313831,10.489566368243441,42.78059307717574,171.89879469283883,375.75589939237585
13.9412499,-3.7442705310586564,-12.277736394478596,11.321216465907757,54.82953159962515,163.0914530902901,380.3373620211974
13.9512499,-3.3825745181803835,-12.740908119050003,12.741129544529436,60.330761058434724,151.5945209923394,380.9279030297958
13.9612499,-3.0252045706424835,-13.428451671856891,13.790490007756814,60.561606828754186,138.33297171763746,376.2488777721212
13.9712499,-2.4444413681534853,-15.039945432511445,15.099032648100614,60.72514058546365,121.54991833915204,366.6508974102609
13.9812499,-1.4906279764017683,-16.91211323394528,16.24672776806696,66.60320038675489,101.04515577490803,351.15024382838527
13.9912499,-0.4956487351225821,-18.108202586538567,17.281198961248204,76.53856458208236,76.17689848068052,330.3059449743868
14.0012499,0.574900771150447,-19.497700078734375,18.82471796048195,88.64998185593018,48.79461776981102,307.4264104323118
14.0112499,1.7615793503381423,-21.194423152161836,20.4241306502083,103.18743192517265,19.57375120099254,283.6251962666075
14.0212499,2.7259331616322147,-22.60204388468392,22.109245058336892,118.40825767080457,-14.439323415129705,257.17455153480546
14.0312499,3.8700589098110325,-23.307124632375142,23.611671727486865,132.60015562055654,-53.42150702809171,225.18437892362223
14.0412499,4.91911080764942,-22.458251588118895,25.258921380818705,132.97610668191288,-98.1388703340343,186.02271308926652
14.0512499,4.800497729467081,-21.35249983444941,28.277095033848592,115.13041457933203,-152.30856633602113,138.98309473805784
14.0612499,4.124283739976776,-21.923798151086686,32.863129487693605,90.57579567805459,-215.61323640470516,85.26284498717521
14.0712499,2.870684950978271,-24.762950518823246,38.72069034518305,73.22566598306904,-285.83481940869785,24.836913299019233
14.0812499,-0.23235161477885632,-30.148016317219973,44.75626464399678,74.28341555668705,-363.0695809159538,-41.41576681218852
14.0912499,-5.160466923192051,-35.99483479482947,49.16373364465412,89.123211051125,-445.4661174240107,-110.3888894160578
14.1012499,-11.082257136009876,-39.259395233255894,50.26381455457573,114.74501268993714,-497.43904211670014,-187.67103909437904
14.1112499,-17.081984258384285,-38.915582477334986,48.60019099140494,137.8045864531115,-501.31989616452665,-273.37294927753055
14.1212499,-22.912612809515853,-37.078379550382785,45.8774408391389,123.4342759230539,-499.1662145266203,-353.8843839564372
14.1312499,-28.567694747059928,-37.75394096240716,39.94035518858431,83.22806826790304,-500.31937935864795,-416.8520973255872
14.1412499,-35.15166015230775,-39.51663222797506,30.732104502336167,38.164895573253396,-499.85087481125885,-450.60726487348245
14.1512499,-43.442306426854365,-37.519670206998605,18.601737119718806,-26.78789671808216,-500.24070291522196,-458.6793769321218
14.1612499,-47.527983413949606,-30.49068607081653,4.711482608651262,-84.88750452340146,-499.82670634323006,-465.44857919441074
14.1712499,-45.95583595793875,-19.36040471579438,-2.6241362056947803,-125.9515548180294,-499.1161201336262,-469.8286661452812
14.1812499,-44.640526093526454,-14.914308792382089,-6.714824099221074,-118.00783180392986,-504.1436528993829,-426.20982908001406
14.1912499,-39.95509516666815,-14.580444361885522,-14.70078657026881,-60.0618511878389,-472.4273914302096,-322.64603334221084
14.2012499,-30.047788581216942,-3.0981642003613006,-21.225932062088813,-27.48477680401293,-389.26644834250527,-225.54330095238336
14.2112499,-21.469879768275604,10.71340976670947,-20.898327688704992,-42.48994492341157,-311.81500110921803,-175.59173034357812
14.2212499,-17.273905283768702,12.957439451229238,-17.606392387171027,-74.65362629786158,-240.88241651386772,-141.1499239286142
14.2312499,-15.782936256626654,10.911932597773312,-15.734572095206042,-112.91600305411146,-182.94148734279136,-96.2543755156383
14.2412499,-15.100883721067927,9.370870748617374,-10.926247264013464,-158.10454945474896,-145.3516308968715,-54.12200323740945
14.2512499,-15.098914333959312,4.712183227729487,-3.1549023600995234,-183.6041886040422,-114.11078836424242,-28.694583111428653
14.2612499,-15.187861955695523,-1.2761027727423733,2.0480011326990124,-173.25041515772764,-90.11092451778417,-18.034460677854323
14.2712499,-13.161753581815862,-5.293065838855925,4.536902004006934,-139.70065967122827,-74.04008227899764,-15.045543103047486
14.2812499,-9.164267197553682,-6.9933932392059415,5.915731810760295,-97.53905760297111,-61.7607852048462,-14.226300978144534
14.2912499,-4.555224950794504,-6.792951344331215,6.54460668667348,-56.296640050049,-48.566589831977474,-13.351281310844827
14.3012499,-0.36397686224994674,-5.31857934361458,6.163799148334392,-24.0989162683505,-34.64112564683125,-11.865446723256861
14.3112499,2.8401007067542468,-3.582484042679418,4.879991541993398,-5.026560519665663,-23.22827250475685,-9.897569956376945
14.3212499,5.264210107294911,-2.16724309563909,3.121730338679936,0.03370609812906411,-14.267434247953277,-7.503762497591393
14.3312499,7.139841044920166,-1.115468390258347,1.4900889787008482,-6.153556491534369,-7.406935716808163,-6.328157164916493
14.3412499,8.555236102377384,-0.7365589633872894,0.5673953151499819,-16.665051070458613,-2.163038855150156,-7.838487098629101
14.3512499,9.304828337986455,-0.9812637205607432,0.3800692716228735,-30.0432248564777,-0.09186079193433003,-11.256060153296957
14.3612499,9.58677748253506,-2.0858999516013177,0.5786850951099938,-45.86538123185121,1.01371196294644,-14.566528868641178
14.3712499,9.617716624249795,-3.8664594844289315,1.0353183013856135,-57.73254837523159,3.662888741777775,-15.394722730606087
14.3812499,9.443290276665593,-5.028401281204211,1.7088799973091258,-64.66192330377837,6.4577317263855925,-14.599625616932991
14.3912499,9.399821061205923,-5.7022888632591915,2.2641677870259374,-68.58213360063945,10.757741156324201,-15.436940464438852
14.4012499,9.402913330305063,-6.501245754343388,2.4258404350605023,-66.58826510348777,16.173767780495346,-18.19681389917934
14.4112499,9.114241252299179,-7.1210202569737735,2.480336317676947,-59.79779394403218,18.882468652067807,-20.92460329428888
14.4212499,8.77216519565874,-7.5450959436078895,2.4112203156283285,-48.60089994207986,16.514801351821795,-22.200162536891916
14.4312499,8.712746003799138,-7.9836730129941955,2.074799424610564,-32.78134819185311,10.152122143877719,-21.444375000711094
14.4412499,8.66331362484149,-8.14662481287589,1.7947399164359887,-15.948167022664492,1.7888302363156716,-19.06466289383184
14.4512499,8.464011982379123,-7.892230156824751,1.6004519432692732,-2.082764729766535,-6.602342615662479,-15.770315799957759
14.4612499,8.250546342212528,-7.293212395267753,1.4616310893700553,5.598851712007613,-13.810986527553254,-12.870532044065667
14.4712499,8.101892817321787,-6.676661673353067,1.5003628148267174,4.860785891173831,-19.27563461948919,-11.301023656068228
14.4812499,8.11157954460594,-6.04562828191972,1.289291032598013,-4.456053171091231,-22.23791931519779,-11.199390256189526
14.4912499,8.365028323662806,-5.261761639495848,0.8366875415947118,-19.654261872981873,-22.346527250367206,-12.550187218560872
14.5012499,8.734531211282091,-4.35926109305025,0.7350159100138006,-40.432483030809436,-21.126543960382403,-16.50262811700403
14.5112499,9.146058007767872,-3.7071211132328927,0.8889197052720984,-65.1452766765674,-18.742938989555103,-23.21585621145844
14.5212499,9.508401631178568,-4.025098351388513,0.9574513272479263,-84.17273315177039,-14.718654776768695,-30.498656589013347
14.5312499,9.505519454677975,-4.718305797422188,0.8109077766628592,-96.03303573467895,-12.379554180457195,-36.666356191830936
14.5412499,9.101377360204513,-4.9288673535908165,0.4363740345889279,-104.44368504892378,-13.981493921762763,-41.20311115583239
14.5512499,9.047521124396033,-5.454318252956939,0.30425479019306473,-103.47926667856208,-13.966413984145023,-43.792834760809804
14.5612499,8.909447678321204,-5.640574708091432,0.32557995722117417,-98.55286378260257,-13.809764141381272,-44.895106189683496
14.5712499,8.6398878114729,-5.0280213284537885,0.3517309080936738,-94.68093839072625,-14.596898991063046,-45.41069473615201
14.5812499,9.015457808280162,-4.802524175075261,0.6496438216998331,-87.20760262075395,-10.926694089131527,-45.38220882728551
14.5912499,9.393617766324931,-4.920576955524638,1.0526344279064461,-77.10405818869924,-2.7526663438367267,-43.83220898251994
14.6012499,9.045748904346125,-4.711463925968018,1.3083646205892907,-67.8898851958671,5.086001437078018,-41.09621378752758
14.6112499,8.330670646447917,-4.176618739475392,1.4420173858878362,-60.943825698980916,9.93704681868465,-38.23893622179932
14.6212499,8.064689915369387,-3.900259737160797,1.580238854732473,-52.75567844962362,14.029780262460891,-35.738255936357916
14.6312499,7.905321000221361,-3.7800260116415125,1.5288912176849772,-42.99281110676953,17.420463554061758,-33.25760471288617
14.6412499,7.888565760883808,-4.002379168121885,1.1610431311460818,-29.103789411773747,21.050309145863668,-29.219005274542177
14.6512499,7.993467024128399,-4.440491080870319,0.7635309763083937,-11.929801761576337,23.06611965373428,-22.823964817732616
14.6612499,7.481097577937249,-4.142050746973186,0.2744831958422994,0.5000197528916472,19.40826674901684,-15.785649173700216
14.6712499,7.445817411853633,-3.712978312130253,0.20338597931374636,9.677372440808913,16.61951268720685,-10.258565775764996
14.6812499,8.010648871938344,-3.421772404192905,0.4424250190215992,16.496566671683766,17.58841807847649,-7.215837983820859
14.6912499,8.24854373827571,-3.0288655614654165,0.518113213661751,18.580202119401164,19.16471304276988,-6.2928244477582265
14.7012499,8.282115638326403,-2.993914168977537,0.25832999667922446,19.220029170649575,19.983079858091255,-6.0461735131254555
14.7112499,8.248776979652193,-3.1889374485225175,-0.25012648435089097,19.91466302674416,18.988062274109268,-5.30744832869286
14.7212499,8.186072686837566,-3.1495528148143883,-0.6196911092420402,18.842651194281974,16.676796061685003,-4.128448336867816
14.7312499,8.292627122432043,-3.0277486062057895,-0.7031142604538918,16.26310187067616,14.654988423377278,-3.1858364921860796
14.7412499,8.481029494685131,-2.934073464937084,-0.6767582577512778,11.74595059470432,12.750345515543072,-2.754653667902921
14.7512499,8.679887231851044,-2.995403363070755,-0.6739242114233417,5.550204380168874,10.714997208594367,-2.3143677468382924
14.7612499,8.934034223558161,-3.167939121245752,-0.6669444090886818,-1.7334059454668536,8.908342500716033,-1.5115444835453584
14.7712499,9.175883668854597,-3.2612572058263702,-0.6287061156328579,-9.08425494662294,6.966580880789523,-0.6178010831568016
14.7812499,9.435394063701215,-3.5613704127513377,-0.5038815533108004,-15.662055578096993,4.49419747565383,0.521020505333721
14.7912499,9.53487644746148,-3.925186314033142,-0.34877089510418435,-21.1407698421551,1.9823901252019138,1.9099914012921777
14.8012499,9.441002435181124,-4.2111345634609325,-0.28590125734084165,-23.77184284383819,0.14978972679883396,3.3172735670814237
14.8112499,9.386271117056069,-4.438012811072918,-0.3321825235151425,-24.927700332106614,-1.3334953737582638,4.736082008444742
14.8212499,9.350794286392897,-4.618254027237718,-0.28182708703275067,-25.254980900014402,-2.9346703225769617,5.975892456907126
14.8312499,9.296862759992662,-4.849953920268282,-0.14020496429977766,-23.867126399447447,-4.275647881673515,6.902902059903439
14.8412499,9.270184978593633,-4.929855532441664,-0.057076707197852426,-21.52474684143808,-5.252075497540772,7.374547979366892
14.8512499,9.390073831212707,-4.92318459138158,0.04016493250745411,-18.921137108919428,-5.271454884148861,7.3036507938331745
14.8612499,9.427060775583643,-4.986242320302581,0.21406522276318662,-16.189184656368184,-4.441030476644873,6.921940715125145
14.8712499,9.271419518514836,-4.957871654618016,0.2820240088012706,-13.231858500071397,-3.542578882183777,6.105863431671549
14.8812499,9.17364822310084,-4.787846874816886,0.2377175768278296,-10.707606880477968,-2.7889365053327637,4.7014284685676015
14.8912499,9.118219903384768,-4.663520131794453,0.2538906481115915,-8.786491013185186,-2.1768752660933783,3.052705338085403
14.9012499,8.960388279243844,-4.634579606259125,0.28770893391924923,-7.019152960512307,-1.7374218299163813,1.3743180028556972
14.9112499,8.78092488550887,-4.530940826592055,0.2652801447575927,-5.748718094212313,-1.3767207597833455,-0.30846373191094784
14.9212499,8.72711129485099,-4.354509688378243,0.2736862613188234,-4.984547971284771,-0.8952900874365386,-1.8048255360582504
14.9312499,8.718635142328118,-4.234399388483938,0.3386352309566809,-4.5685579652309904,-0.4787772716697046,-2.7979551689423183
14.9412499,8.67621025019563,-4.176027140544093,0.37677954323883145,-4.892051274125704,0.02524181746947169,-2.917579687402253
14.9512499,8.622872069627597,-4.061646675667005,0.32213269463575966,-6.234004024811911,0.6634425917030533,-2.4277963993158846
14.9612499,8.559004829102905,-3.9049235539955216,0.22259979603927801,-8.20315969703148,1.0797284998285264,-2.0065548996924916
14.9712499,8.496407117242692,-3.8098892454375397,0.13646489786787777,-10.30780823702666,1.318637314180143,-1.7910119451587452
14.9812499,8.412117692496555,-3.7675427044466923,0.059743498905309785,-12.33747908846476,1.4630681505793086,-1.4433913793169428
14.9912499,8.319385457600841,-3.787524215679256,-0.034721382965976114,-13.894571786844365,1.2645158563012593,-0.43857799209982157
15.0012499,8.343767487766067,-3.8274720553556314,-0.056856624895479546,-14.857297802489537,1.0564550833955155,1.493331368996104
15.0112499,8.542946188833234,-3.8713565301061483,0.03752568827203292,-14.89324098200946,1.2764439989111513,3.8424501384306824
15.0212499,8.7372233199649,-3.9805378465334513,0.09363222794389864,-14.176894746562477,1.9162907235122544,6.080344397363823
15.0312499,8.78719442136261,-4.108138890451077,0.05232402858072588,-13.275827241276142,2.628669984366417,8.349657552067065
15.0412499,8.73649922282594,-4.202960158827978,-0.019250131389565592,-12.491605441115835,3.4812163760686556,10.275538390390816
15.0512499,8.634158562746515,-4.196654527530274,-0.13633625129767502,-11.934813444170732,4.453188256183857,11.343502472305932
15.0612499,8.579653719899902,-4.251309010258547,-0.21700772296648127,-11.407839817426822,5.105498762214256,11.769708828344854
15.0712499,8.610274506014429,-4.478746578041911,-0.20205565722315388,-10.387152301048534,5.914188422965566,12.085895868779707
15.0812499,8.625181068447086,-4.691446322528948,-0.19866574055270617,-8.94985810037503,6.743851458063262,12.66907415307402
15.0912499,8.623781158784961,-4.7900318748754795,-0.20825016475252672,-7.732967352294627,7.796244884444582,13.407576635060414
15.1012499,8.558763586683883,-4.868407748399991,-0.22521688454537603,-7.339192300842906,8.993720086128855,14.177434891151156
15.1112499,8.452807664310003,-5.004180359125458,-0.2684574578781264,-7.876032120475103,10.10399070162678,14.776771339878126
15.1212499,8.4317173671101,-5.059156774854935,-0.3419048092107444,-9.367757382922369,11.028707357164105,15.07194085376901
15.1312499,8.494457256431323,-5.02852248349097,-0.3604187256100285,-11.125449453018826,12.16021676525348,14.951475473032081
15.1412499,8.540433672767369,-5.031409125328375,-0.2783091617878703,-13.389685190943208,13.40557013207569,14.22999124599772
15.1512499,8.448190692002726,-5.114175289207004,-0.20908216314023628,-16.086709602352926,14.713913955078306,13.042305228421332
15.1612499,8.224795214183956,-5.194410455276913,-0.25243746340459133,-18.909475029812103,15.888393927737335,12.01117675128959
15.1712499,8.024199858255045,-5.265729164287697,-0.3603518245080305,-21.18103063183795,16.757415527829608,11.358624439313326
15.1812499,7.833705775102006,-5.321315434444847,-0.46963718522332565,-22.50305375651527,17.381536512793367,10.952321966999975
15.1912499,7.651128750961393,-5.364853076899625,-0.5209459150520441,-23.377420116559872,17.828717441639043,11.12404129995545
15.2012499,7.5456348074161355,-5.412744824681189,-0.5021039604984477,-24.503552599673373,18.91181894160276,11.981534672470401
15.2112499,7.412863979984334,-5.410911446897947,-0.5309591517964064,-26.021660321162738,20.565868751257735,13.510311779640897
15.2212499,7.2495981106353025,-5.371745066896971,-0.6045714426616002,-27.939002718809107,22.451456833662714,15.42832778463018
15.2312499,7.118047475752437,-5.321360546883518,-0.6883965590543301,-30.34137100348829,24.894165183339492,17.770908402260204
15.2412499,6.98002239460497,-5.208332084453836,-0.8039876900001323,-33.63955040775915,27.464647333792126,20.42923832672074
15.2512499,6.856518238365124,-5.096713260222482,-0.959630990282472,-37.493559720925504,30.66612609129163,23.206902533457708
15.2612499,6.684134513900557,-5.002821486170996,-1.1976208483153536,-42.03113750810985,34.45627810225961,26.416365150204797
15.2712499,6.435916628331714,-4.854051263693799,-1.4061621994583489,-47.446738889712556,38.630779318192,30.225736162232312
15.2812499,6.202358957379744,-4.707486985895284,-1.5388913088835712,-52.85047355299383,43.66497139592378,34.51760038503254
15.2912499,5.921136820425383,-4.585776107556192,-1.6977355678452142,-57.88302311446059,48.97725363125389,39.36276760333754
15.3012499,5.54520922805791,-4.521757275756652,-1.8194460696078194,-62.05550510436398,54.17478404438956,45.16448733185289
15.3112499,5.121049957490693,-4.495826538074646,-1.8540342104304781,-65.3132336994128,59.76118296661684,52.39284521146237
15.3212499,4.68342946220254,-4.351556363034111,-1.8838463470931774,-67.8349356650244,65.63752621772532,60.86149512431638
15.3312499,4.257323738962562,-4.144257250982733,-1.9267830949951332,-69.90826678905829,71.54840107203732,70.30065706339948
15.3412499,3.7835527993333478,-3.9362608282500338,-1.9173974308970592,-71.92824191228432,77.43468743677542,80.7899037213704
15.3512499,3.236067648884617,-3.6992410222624135,-1.8533083232772893,-73.73456042989453,83.643355841193,92.42384153053975
15.3612499,2.7036407716126334,-3.4494259798730784,-1.740887447029929,-75.0774917262355,90.59385477270551,104.84562386989857
15.3712499,2.1984100233744988,-3.231073703728554,-1.5969930613794292,-75.53290648660382,98.3051648865419,117.86022390411436
15.3812499,1.669968133046315,-3.1218047951182974,-1.3837262068704514,-74.80846929114578,106.5023273438808,131.905438878632
15.3912499,1.1478606708584358,-3.141392617021596,-1.057251403380455,-72.9189373867755,114.75544230331839,146.9066914095716
15.4012499,0.6132790837912122,-3.2785370620457877,-0.6510123960317201,-69.27566696466114,123.17244787743803,163.11223872988745
15.4112499,-0.0041270511891352765,-3.6134613546896364,-0.10998229985546891,-63.094457108812385,132.17431480820488,182.2689279322739
15.4212499,-0.5458800125467299,-3.9766681146048226,0.3939030837361817,-55.47542843493685,139.3232218732712,199.7553545003238
15.4312499,-0.8985027651232796,-4.161862728093415,0.6444795898678108,-47.44436677685204,144.13324434552266,213.37168952202325
15.4412499,-1.0746593786000687,-4.30595519835188,0.8101464673908237,-38.12692148731184,148.00904327670872,226.08580978169883
15.4512499,-1.0270281168489148,-4.438718935306663,0.9809463654071205,-28.23324754745991,151.60720891708112,238.5390463826707
15.4612499,-0.9025717200682142,-4.543207555069412,1.216908140143613,-18.115987015086695,155.2821293299841,250.43459405226895
15.4712499,-0.7281220681957532,-4.750928953333167,1.781318694464102,-8.640653438423197,158.83764692529252,261.74087546247904
15.4812499,-0.489766680331107,-5.02627311618992,2.4999733876961665,-1.0355394610290871,163.3148290433276,273.1781906565921
15.4912499,-0.4671302786149435,-5.187903424959603,2.9307659969668327,4.331347100274814,168.75206294462362,285.2284838876091
15.5012499,-0.6084848586911459,-5.4803433294026105,3.3113170099983926,7.609792496286542,173.89190604235486,297.4746944826353
15.5112499,-0.7654035754638551,-5.802748794962312,3.601956774206872,9.446880477892174,178.86867035233473,309.3169597372059
15.5212499,-1.0689058175097115,-5.981400362739041,3.6823124452695972,10.613393370959603,183.00237074572496,320.52965999514777
15.5312499,-1.4702317096817137,-6.523551753915548,4.03434729180035,12.130824049805337,186.02092496775393,330.7657712768357
15.5412499,-1.8388805609317083,-7.146521192491595,4.485531233419273,13.527509414298859,187.70925080571206,340.6816681806854
15.5512499,-2.1748602190352075,-7.48543192770428,5.028426766804159,12.372969745075263,187.72981456780497,350.57318384054713
15.5612499,-2.520782981954156,-8.278467245087691,6.1466339620112524,10.400801448810851,186.88752352579908,359.95143200268166
15.5712499,-2.821980921241157,-9.17391025146635,7.226563789364907,7.772651955752235,185.4829058844147,369.04588355885846
15.5812499,-3.215383204974957,-10.062961036243758,8.334172710659695,4.10399532277432,181.16646685454654,377.7097205921778
15.5912499,-3.8017161491620945,-11.95434393354415,9.982608525095587,3.6628421428816034,171.70891246722317,384.6954896010304
15.6012499,-4.515057261568149,-14.112809516260278,11.302795302967533,9.583248348090711,157.4672129869635,387.58262730980204
15.6112499,-5.456039281927475,-16.566019061338427,12.665767762677808,24.606320924649136,136.34958624852308,384.4302771659238
15.6212499,-6.192783610431958,-19.882441590441392,14.80989826293978,53.69612729564553,105.03405623352566,373.446770631056
15.6312499,-6.499992082348707,-22.649819466567514,16.84697373624202,88.34024425421349,71.11041710732935,356.9254253885905
15.6412499,-6.507574916147706,-24.69960717477698,18.68110291235613,120.01887397544222,37.311095604351536,337.73389246002205
15.6512499,-5.861326294727956,-25.691691455814663,20.504588550219246,140.87407700112647,-0.7263184552885622,313.9141091605399
15.6612499,-4.546335005848679,-24.69542596686099,21.555121353029342,141.90692349603012,-41.613597422675184,281.6280535147799
15.6712499,-2.83720020950409,-21.488083388045403,22.51842352072737,107.37671519214146,-87.80541482136819,239.25748258407484
15.6812499,-0.4942329461966099,-18.753871780256343,24.249054757524767,37.4793539682723,-140.19439763383468,185.78033623968665
15.6912499,2.353319604223099,-18.91260734576764,25.47638672171016,-42.88908412028355,-195.9561404168564,120.21104418134338
15.7012499,5.298741870577169,-21.23871786395314,27.064240578835467,-116.05299565306535,-254.00352407021586,44.292531795719555
15.7112499,7.20788537100053,-26.56071805650732,30.871229605443155,-165.16671920567208,-313.0922656169054,-38.4428811215836
15.7212499,6.909264862060186,-35.238739884499346,35.65632127525348,-170.4846769365987,-370.63370169774913,-126.48909118882963
15.7312499,4.872228567341847,-44.546993380832454,40.04145299439735,-130.31460102436262,-424.97579366963055,-221.45601282381546
15.7412499,0.49900550113850395,-51.556456577982516,43.48122822934356,-53.94259294956327,-475.8204678072175,-332.35747629622904
15.7512499,-7.089096393244645,-54.670868715800005,43.81584773383415,42.75566603644546,-500.8304104127517,-449.28622174839353
15.7612499,-15.894851822441243,-55.21073760746386,41.240220255159876,127.51946265570362,-500.15823470866684,-503.1358880847641
15.7712499,-24.792673706104093,-54.620780602285954,37.299213653604625,184.98230359026977,-499.6952165211016,-499.92366929485104
15.7812499,-33.9317495431508,-49.83170315325058,30.166369470362536,207.1516625475278,-500.02495914930375,-499.3321938835324
15.7912499,-41.11543523094034,-40.49361473640554,21.69585203668511,162.04965023033657,-500.3104237347013,-500.2695104077997
15.8012499,-46.78485150062879,-32.821140240351994,13.352234398078929,65.55589542085265,-499.7269995105674,-500.606318026255
15.8112499,-48.37003877792999,-23.95807300108228,2.971569753189387,-36.72169650536682,-498.89514868664617,-498.34939977409385
15.8212499,-43.564239165646946,-9.18333131548169,-2.943117806989808,-155.09124332808074,-505.3149842560577,-501.699035823192
15.8312499,-44.06546561882666,-4.809272300728413,-3.226680369250962,-191.03428988169193,-463.52538226402885,-499.7314137399189
15.8412499,-47.04225984070345,-9.470370632957916,-10.368122564908926,-89.54770426003535,-360.1541385525174,-392.41988327141496
15.8512499,-40.31828360387136,-1.2714123763978311,-18.606400254987246,21.025432686464868,-285.26619821498076,-219.49316592610015
15.8612499,-28.709349001760543,16.604263056940905,-19.722662842583315,61.130149697523294,-221.58271488998236,-104.89922064745464
15.8712499,-21.33430696260492,26.191404109609678,-16.76898195258586,34.02458960482015,-144.71123318616736,-36.33059937284351
15.8812499,-19.79046228308981,23.115368385475758,-13.037918034751543,-32.0452741546161,-81.79662141289502,32.31235988874049
15.8912499,-19.74087980275593,16.835578785864126,-9.41791764420532,-112.62615166482779,-35.97920649020108,95.6384835216536
15.9012499,-19.59308257589511,10.882061852552926,-3.0714104156338284,-171.12373308898373,-12.354365639446163,126.29836533477173
15.9112499,-18.44085013613045,2.943646650644677,4.576682054486751,-187.02754649503578,-7.43447948785729,124.83774013996513
15.9212499,-14.784155940756554,-4.842989661979877,8.64939781068236,-168.586537544338,-7.458833831247714,111.23582790606989
15.9312499,-8.900817503550089,-9.949851050078736,8.33762931228937,-128.18743452928084,-6.743977343973521,99.3277483610383
15.9412499,-2.112287756564806,-11.49456723464867,6.093363156131072,-79.97223516445735,-4.664293967230773,91.2809652489955
15.9512499,4.254817606785649,-9.828460294070098,3.6244240053742773,-40.32617863990476,0.09691330552100604,82.2840940276815
15.9612499,9.208858384330071,-7.318321174489841,1.524358940586194,-19.47527198150613,7.925111603326393,70.60061575512596
15.9712499,12.350637895734948,-6.20588318410904,0.4301708023038334,-13.425678066576241,17.707947543335614,57.55985393474832
15.9812499,13.5952176399569,-6.4503339880926625,0.24885381104930354,-15.124200800106921,27.704384144289406,43.13422139457392
15.9912499,13.257972408508138,-7.599121287293978,0.512601448725392,-19.042076099731773,34.679748747469155,27.557514291018816
16.0012499,12.40556721044053,-9.244754442170324,0.8531941125364194,-22.092573461318523,37.72166986959153,13.012240252229805
16.011249900000003,11.764456450717491,-10.441676926095168,0.9652798602113752,-24.567310564192265,38.86556374559611,0.6480484747171362
16.0212499,11.292731743489846,-11.000837082717002,0.9566900662679009,-24.1680387764932,38.90613458222273,-10.322727341783304
16.031249900000002,10.939553755919889,-10.986664524420137,0.9721243531056262,-21.492258465627287,37.65411075170995,-20.965350586786172
16.0412499,10.5052664560553,-10.457535529625519,1.1013685685226393,-19.544943091713662,33.57782426070316,-32.23779329463887
16.051249900000002,10.202410648124808,-9.916484933804103,1.474499919323,-19.94670047611832,27.747403055604536,-41.73566298230313
16.0612499,10.233305813791347,-9.61669088093094,1.982686471913678,-22.066352906849282,22.191153765290448,-48.85582422474215
16.0712499,10.3144492923108,-9.322947345355976,2.228029866694731,-23.90245177662143,17.30478817858445,-55.68077475329888
16.081249900000003,10.27874862052498,-8.949987924281084,2.0682268954821166,-25.025095438203554,12.339328863419095,-61.84650794757032
16.0912499,10.245210993818208,-8.611427198932416,1.8437907747698485,-25.233609959587007,7.038981439287939,-66.54021187982963
16.101249900000003,10.17588312703088,-8.27245642776642,1.7833515163729075,-24.49672663511178,2.282769305559291,-69.34088589567372
16.1112499,9.900128312335065,-7.776598041839409,1.769057189720328,-23.661841829439588,-1.3209587450898812,-70.72713912875818
16.121249900000002,9.40453315123507,-7.303123763723452,1.7620042112969745,-22.84083868982143,-4.861628585816867,-71.28530964570524
16.1312499,8.884005662471917,-6.95313627233205,1.5885714315842918,-21.669193669294863,-8.548915701873794,-70.86033717882893
16.141249900000002,8.553155933273555,-6.389157912758599,1.1651488530896237,-20.40180273428551,-12.044708976580015,-69.63740222235651
16.1512499,8.386101686892278,-5.692145567981957,0.8796352463968931,-19.776068260909785,-15.785197708737456,-68.02048646879686
16.1612499,8.28916143048566,-5.05858166396066,0.7731386514155104,-20.278752987235563,-19.212425486330375,-66.50699155080548
16.171249900000003,8.238792253186048,-4.433405751130221,0.6716363382899075,-22.299406115382602,-21.73209675356657,-65.55805599662366
16.1812499,8.220949288172209,-3.9355228243531597,0.5973790337358009,-25.170110558863602,-22.946036275564747,-64.92911065735348
16.191249900000003,8.08789539525626,-3.5943482369540063,0.5196541999159902,-28.526915558716368,-22.94222136654346,-63.707386966268956
16.2012499,7.89265878322065,-3.297235609826307,0.41024112356292314,-32.483976142757534,-21.994647396683373,-61.792669042348685
16.211249900000002,7.773113203081354,-2.9702374449635123,0.35931003568213127,-36.836856442013506,-20.073051780484853,-59.616713293067654
16.2212499,7.727810487965822,-2.653863371028311,0.3520548802622614,-41.289778353714524,-17.15593693879668,-57.14430098497814
16.2312499,7.681976798933872,-2.457625608360968,0.30051830037394944,-45.06565798453369,-13.377198825117967,-54.41178075361477
16.241249900000003,7.654101503702553,-2.4326208284532793,0.3320545613969064,-47.56178836236644,-9.33840720411356,-51.31362479386493
16.2512499,7.685694323842033,-2.4945364978792197,0.5716295097399001,-48.66074177000417,-5.357793683684986,-47.06625376754752
16.261249900000003,7.77953338491961,-2.696084506231011,0.793236317780903,-46.664212598477484,-1.845126948860678,-42.273954456856124
16.2712499,7.789087439001508,-3.2148447198113703,0.9161823219099543,-39.53285060067442,1.2440092644104592,-37.31472782883976
16.281249900000002,7.490666694957949,-3.6036727263435635,0.9067011816585088,-30.163650491983674,3.0972047071084536,-32.00301562080036
16.2912499,7.331847615751794,-3.6178152166357167,0.7989024508477869,-20.542616155235383,4.255997674076263,-27.58095001029432
16.301249900000002,7.455189760783227,-3.4774251018881177,0.7308277580296977,-12.112625935577794,4.701135022622247,-25.146242693728478
16.3112499,7.637983133463342,-3.3929174741191352,0.6180012527126173,-5.0514805126174345,5.437931488139019,-23.87900830481577
16.3212499,7.786100351339581,-3.3115483849071046,0.40421115073440744,0.17516551140490214,6.390726200745544,-22.52485947813447
16.331249900000003,7.843780394422583,-3.004561842467544,0.27235995838274873,1.848614838635903,5.784788813070257,-20.94322894704727
16.3412499,8.071761015689171,-2.837684665665932,0.24002007412950094,2.7210647323090456,5.575930006106574,-18.998474002001398
16.351249900000003,8.221723343863449,-2.6938191056388154,0.19941894833738388,1.7689161897341956,5.385910655562257,-16.74958704200255
16.3612499,8.425281016308254,-2.6150278724593354,0.17655965055844977,-0.44889682798197,5.349669059733791,-14.377873887145377
16.371249900000002,8.741620239038092,-2.5733771279759328,0.1002831858078468,-3.3432550243754378,5.3753641574252375,-11.874427904561434
16.3812499,8.999552876504742,-2.4627365857409593,0.04222553289546739,-6.87246981149565,5.520524696747856,-9.519006861740227
16.391249900000002,9.101220499073007,-2.4918746529707865,0.07177123843519442,-10.16751100314606,5.904413549439534,-7.850228074371798
16.4012499,9.116082755305003,-2.754352487810197,0.10692097316543227,-12.337382341868215,6.248555153499576,-6.026374061092789
16.4112499,9.25104627116756,-3.087474318488518,0.13632021735858302,-12.108734301272532,6.603259435273309,-3.6007993552274034
16.421249900000003,9.421811662163549,-3.2837045094460553,0.1298441422925103,-9.693416898477096,7.00131571907834,-1.1991951953677948
16.4312499,9.430400419553735,-3.423712252839698,0.20512227453815163,-6.2986388878078055,7.063498053550655,1.178180092083187
16.441249900000003,9.428722647515679,-3.5201160024322493,0.30172925884723917,-2.633940607334828,6.945498968462251,3.5419361267422205
16.4512499,9.364506827867332,-3.538253774634058,0.29421507382162165,1.0653551161331367,6.468163900704856,5.948979931815135
16.461249900000002,9.18849324599452,-3.497078841928275,0.2612886979597055,3.61982151219329,5.834834824155611,8.443791822789363
16.4712499,9.069381120549712,-3.400622897083405,0.17561629822062588,3.8265152923271293,5.290824433194087,10.289358441869469
16.4812499,9.060667961800918,-3.320976965034415,0.07808803227638411,2.1124994745700523,4.612498814052705,11.461399728551397
16.491249900000003,9.142133674902045,-3.342757204469225,0.14205267605723446,-0.820893619569716,4.170462884009204,12.152530058901352
16.5012499,9.181060137426398,-3.424080538051937,0.1902037628802477,-4.365224174724988,3.992060389108379,12.30419317194776
16.511249900000003,9.140648467398417,-3.5350200289786535,0.1784068863600164,-7.750866327008329,3.80451199009371,12.113789571310491
16.5212499,9.02673983897972,-3.6569387320641926,0.20753259570814875,-10.897104833517583,3.4284168643443818,11.818662312346207
16.531249900000002,8.915172027314984,-3.7211088034644497,0.1937649308771635,-13.72515398521557,2.978672281574403,11.38189290039224
16.5412499,9.050359237139013,-3.8556280353269297,0.22152593324271883,-14.30885842749119,3.5118990576982787,10.964625146070189
16.551249900000002,9.07685940303572,-3.9697330069457113,0.37716618164782045,-14.159857937595435,3.564054127555769,10.610018512385086
16.5612499,9.043020038740643,-4.063296652872699,0.5547137339365937,-13.41005929263511,3.703168236175427,10.304431194262339
16.5712499,9.159577829208052,-4.112500544705465,0.6232083224099567,-11.555109561973106,4.7192385218302295,9.662112181767034
16.581249900000003,9.188905730499227,-4.078894657369298,0.5912291966859579,-9.73706767505465,5.640042178409557,8.735047820063874
16.5912499,9.103787924322875,-4.178138886309413,0.6090647090753615,-7.012710071326764,6.347257857501821,8.401636433984086
16.601249900000003,9.003943080863227,-4.3096401335932795,0.666327215243606,-4.323419883920393,6.899961616804162,8.713759955891907
16.6112499,8.945161408847838,-4.2895805494563595,0.7154720827336148,-1.9524752800530079,7.392767359751471,8.662035803723557
16.621249900000002,8.875242291095615,-4.11517335997715,0.7962415778737194,-0.24639850684865347,7.3852659138487935,8.234663865053488
16.6312499,8.979014008545693,-4.15210852270178,0.88422941595862,1.9617226017609406,8.069409107974977,7.982052900121578
16.641249900000002,8.83880797055963,-4.1773990631429205,0.8571317989550417,2.9315316385115255,8.005770135659903,7.911870272217843
16.6512499,8.569102455723531,-4.132064130887157,0.8346316902860748,2.763196277661693,7.0153083945264845,8.264089570754845
16.6612499,8.545437776781498,-4.187128216520108,0.8339513489064304,3.506184521615581,6.4891757619767665,8.547519111937634
16.671249900000003,8.456697002964965,-4.199811392034415,0.75713130980447,4.049720260211318,5.11475270711563,9.307896595705545
16.6812499,8.420264345156383,-4.271286671764649,0.6942283617579864,4.1758021334101585,3.3479045353104624,10.43707705758451
16.691249900000003,8.596162147501108,-4.385428225475054,0.7213167889642624,4.742217634613892,2.3899888535536795,11.143794485980132
16.7012499,8.787317280222945,-4.424291198628183,0.7837260026443206,5.373026523666426,1.9023759508743645,11.962771757284445
16.711249900000002,8.880782115509561,-4.4670316948344055,0.7841115776883381,5.630874451285843,1.3078426348660175,12.472140788559523
16.7212499,8.9334988362045,-4.620906751582703,0.7637387765731883,6.067094490138053,1.1802915835909245,12.5180344142065
16.7312499,8.886734815790076,-4.748783056525153,0.6872835945443153,6.4598505913380775,1.391012360462926,12.571088566023038
16.741249900000003,8.783558748351364,-4.7431033627184185,0.4722673800717434,6.316313165406642,0.9916028267601511,12.743993128990526
16.7512499,8.80799275002238,-4.687632197384558,0.31515608529593675,5.386923009160721,0.8688105791178428,12.628740727275332
16.761249900000003,8.786027947109554,-4.64658900656228,0.3024900254532518,3.7338479478838043,0.6483494445234351,12.334784871484958
16.7712499,8.770776950899695,-4.689239310528046,0.3091451265828856,1.5392047373426532,0.7882497734559234,12.034909350596097
16.781249900000002,8.825773068049784,-4.792113713336496,0.3346932205080014,-0.6093303408681092,1.2682607336877227,11.820209970172755
16.7912499,8.747423823032126,-4.82411453218258,0.3627316356551799,-2.7783935555290813,1.4951139034129135,11.606060743458299
16.801249900000002,8.664769571571506,-4.888817826093345,0.36427905061153915,-4.590296639570139,1.9986562146374751,11.339595772735581
16.8112499,8.598812989224722,-4.967416561139495,0.34542235683484374,-5.823364808487589,2.213195628422072,11.070781806180202
16.8212499,8.510330041228181,-5.056835081221578,0.3464291452597552,-6.320853874540888,2.3646978605290045,10.723620649243836
16.831249900000003,8.432897745370838,-5.138677828102019,0.38906742694376145,-6.261397172938888,2.901720355988355,10.353631087086386
16.8412499,8.381191457736865,-5.205046442147903,0.46224426319793704,-5.959552794933696,3.6747784121798337,10.18940789607281
16.851249900000003,8.394902722121643,-5.262954578046905,0.48597626583904835,-5.970369194690881,4.592737429860797,10.008403828560748
16.8612499,8.403880222850606,-5.271505333383088,0.4631551679000592,-6.089619689112675,5.26129345754971,9.797672376298587
16.871249900000002,8.336485426565476,-5.244708953281256,0.4349752282098975,-6.708858395679942,5.8951072597843135,9.497000128705723
16.8812499,8.19176611376401,-5.1486906235241365,0.3237243214333902,-8.870745300027814,6.679094507926082,9.064436120465201
16.891249900000002,8.041076098375969,-5.03028528033215,0.20141360309829942,-11.988495335528235,7.541636918503124,8.791718699942493
16.9012499,7.943841478470074,-4.9500905742051176,0.11685417765476526,-15.795816135570684,8.36676394057911,8.715655140628822
16.9112499,7.859507431847213,-4.929870670297512,0.023878637117562003,-20.082416344331282,9.224341653999497,8.733685106457498
16.921249900000003,7.764159956233114,-4.993462581505459,-0.02474093263121228,-24.32746444365872,10.371027940183788,8.97300888750684
16.9312499,7.667840729324558,-5.067823950915551,-0.09928895895625599,-28.922873237688485,11.93249513681994,9.472708444726258
16.941249900000003,7.543504414229368,-5.106406193457082,-0.261663334971246,-33.74526961808099,13.854013546195311,10.13263029042681
16.9512499,7.39443390817899,-5.16795630547256,-0.40690622774360136,-38.40214315582605,16.11310314892176,10.908150036802342
16.961249900000002,7.268099478635697,-5.286021232637226,-0.4816183807568176,-43.08806225319866,18.786639591252143,11.613332330683807
16.9712499,7.119888131624906,-5.448734472980897,-0.6018287257603249,-47.9659480614655,22.381133007151135,12.45152675652784
16.9812499,6.92150697492651,-5.625719323155231,-0.7909473080933841,-52.38828910096088,26.562265887018146,13.521614115977806
16.991249900000003,6.638773825672437,-5.818482884537987,-0.97920092513369,-55.81080649761445,30.977539498279892,15.090078287773773
17.0012499,6.330576587189252,-6.029880241978783,-1.1238580937487284,-58.55014068048893,35.955974886680956,17.605673170728565
17.011249900000003,6.057722200975318,-6.1721670471247,-1.2811724439703964,-60.84745742060812,41.476127146280966,20.990158319530163
17.0212499,5.811387360525167,-6.211231183144007,-1.4719646290955835,-62.959203635140426,47.580733323407806,25.084113533856858
17.031249900000002,5.5848934662935426,-6.186879549561282,-1.5991842786011243,-65.26753823977461,54.33317813658087,29.820934929418915
17.0412499,5.360436328519346,-6.185074474321228,-1.6714202454234555,-67.70730735903264,61.604362744909075,35.123179441600165
17.051249900000002,5.116909955725171,-6.192194124301505,-1.7653493301920185,-70.494502574204,69.22226867087156,41.032975473401436
17.0612499,4.8347360002991975,-6.139622458604652,-1.8775605458332272,-73.7697132965173,76.98186419539984,47.520537207426656
17.0712499,4.533971578972707,-6.00559405001306,-1.9695108622664956,-77.30313172528528,85.00268106301218,54.44783566944268
17.081249900000003,4.17194708378848,-5.80305157831436,-2.0286244441816317,-81.55084156774727,93.94075216126114,62.57207399097078
17.0912499,3.8213024171736647,-5.5420657980480215,-2.0522009507531624,-85.71259035341696,103.08443103307853,71.73256256920934
17.101249900000003,3.4909841843935934,-5.2191611025847,-2.0385058598339607,-89.3985258930528,111.14810152114745,81.03962796124185
17.1112499,3.0864613253302293,-4.851666836347393,-1.9492319198134898,-93.1473409375675,118.80649483488646,91.38773491246472
17.121249900000002,2.664667189096722,-4.549086241740223,-1.8011954882442263,-96.34025436010877,126.91722916446778,102.93064844675958
17.1312499,2.198954378310689,-4.251340878702631,-1.6211935278305134,-98.31718242181596,134.76483759589027,115.51415018031567
17.141249900000002,1.7256530241769876,-3.9929543217843073,-1.3601989610582501,-98.70004869611972,141.8283255755477,129.02897768701112
17.151249900000003,1.255621976451995,-4.058431908665784,-0.8534020064531288,-97.22947426063058,148.4939745026366,143.31854862945008
17.1612499,0.7256807686495248,-4.249701035220216,-0.32128529063146416,-93.7356050864386,154.82984713444978,158.03766759889166
17.171249900000003,0.18998212434985876,-4.278230706033142,-0.04306243001529754,-88.54887673614272,160.26753854601674,172.6706554346065
17.1812499,-0.22163321438588895,-4.374020165124845,0.38225339167729006,-82.05068160696145,164.9175882695054,186.84511174973125
17.191249900000003,-0.5352828739975052,-4.579875062619571,0.9815195472103284,-74.17861780190742,169.00527058608785,200.4023200374072
17.2012499,-0.9140873060040674,-4.62054331846737,1.3142634385475855,-66.32529870967412,171.9265188488384,213.38183769948395
17.211249900000002,-1.2365874399602397,-4.565000093628556,1.676041061064619,-58.76674770278966,174.1987207054265,225.63556664468092
17.2212499,-1.3181982334243232,-4.677535044889387,2.4470623422366717,-51.10582392185404,176.80137981020664,237.52881525634064
17.2312499,-1.3217756576688795,-4.879987852835818,3.2245324637996005,-43.504640753878924,179.6672691502804,249.24062877471565
17.241249900000003,-1.3982746934455816,-4.8432511316682625,3.6797543048716346,-36.06149958645561,182.15731988777614,260.2774919578373
17.2512499,-1.5660847766762316,-4.976931602752011,4.396881408487344,-29.372990947502906,183.38555890042963,271.4251899524804
17.261249900000003,-1.6628504871979435,-5.621279699890443,5.445579992049977,-22.05864556017843,184.64483846400955,283.908872742345
17.2712499,-1.7647625428218108,-6.206289324405476,6.182290924469296,-11.656157366906582,185.8295326473252,297.5602790902198
17.281249900000002,-1.9340244309894496,-6.9934853373943415,7.049852710218438,1.52490937820561,185.63715364902268,311.48368659254396
17.2912499,-2.048198069292177,-8.055922162684372,7.951267829121676,18.175267321487908,184.47546205185674,327.4857446432208
17.301249900000002,-2.205544035560544,-8.70457716033926,8.423654995270399,35.9742101368081,181.3324342175208,343.9938853079243
17.3112499,-2.283716687027396,-9.346386836613398,9.287737174114815,48.7882222051016,176.6274272980707,355.9175455107922
17.3212499,-2.1694169756457726,-9.850859639937443,10.380377560997111,56.48417638053229,171.91577421560362,364.5789332560756
17.331249900000003,-2.2210724373588704,-10.343137273019781,11.571527792085101,58.91435980859504,166.20755536296724,369.98757204180646
17.3412499,-2.3923474625675136,-11.631878812293559,13.033210299367736,58.880417379294414,158.78506115731315,371.0305395282628
17.351249900000003,-2.256945868091398,-13.161195122245958,14.270091421402045,58.70055367102836,147.1765002903253,366.85804085333206
17.3612499,-1.4969958220553137,-14.511301283225743,15.268551379696646,59.56728368047435,129.70657386484146,356.3995904751816
17.371249900000002,-0.39838829852560914,-15.533152713579645,16.24386669488588,59.81522882115114,107.39688950539072,340.0323790839577
17.3812499,0.34355195517982134,-16.59664771644452,17.80603736355729,56.912501165086155,78.91355121002472,319.7437840321406
17.391249900000002,0.9159087399594373,-18.21246282986679,19.572396179409047,53.33708567412158,45.10265982817261,296.62250278318123
17.401249900000003,1.8439370777369675,-20.014497826373358,21.006459294014352,51.3517749332052,6.634031007953868,270.5887545758151
17.4112499,3.0501623803920133,-21.8413514589025,22.28570288954514,53.172236100521694,-38.497438147060194,240.44369253042802
17.421249900000003,4.387700751754331,-23.142968798201476,22.78750154599775,55.95044545748708,-89.51122740736892,205.93294968601376
17.4312499,5.610910221353184,-23.37806701967035,23.299554537404187,48.9739551763877,-143.81317468454557,168.44952926810691
17.441249900000003,6.10797282728965,-23.100357438187704,25.13377431076062,30.222739572764713,-200.32549575671374,127.39239761127189
17.4512499,6.619841709436105,-23.188438097323456,27.239157754482477,6.539699144591381,-256.60821763450576,80.71576998019708
17.461249900000002,7.349280237367319,-25.030047509874134,29.982173122884156,-18.358033033842396,-312.61499620836594,30.870563622831927
17.4712499,6.559834635109819,-28.927624061276614,33.743521675051824,-37.4870478141074,-366.3323416113822,-24.862235936250162
17.4812499,3.363365643520042,-33.79667840581849,37.26283477954382,-41.534086985191934,-418.3088256024835,-96.66515829586224
17.491249900000003,-1.8470371179115586,-39.11705825260741,40.866272310435065,-27.920003169753947,-471.37423384928223,-184.68040279225764
17.5012499,-9.639426356129286,-43.79966451228575,42.132015702835076,2.2435091654437667,-500.3905837536858,-292.9594620846396
17.511249900000003,-17.56699442324836,-45.883195663748566,38.47744791812826,44.56699996557905,-500.37775470896463,-410.784571469922
17.5212499,-21.701543941698255,-43.105997402898026,34.19792506839171,61.03164209009837,-499.50708093745004,-484.9395281508235
17.531249900000002,-25.708117103187025,-39.209173735490005,31.22641970375269,49.984271537135506,-500.27123568143276,-501.722942992772
17.5412499,-33.62551471765955,-37.54733161965726,27.495844903159135,30.883442740354187,-500.1141742489247,-499.54410477279254
17.551249900000002,-42.3120216171105,-35.61062642802819,18.11830055653959,14.247424080780808,-499.0805421209124,-500.17478056979235
17.5612499,-45.89967899108773,-26.805150915122468,6.100542942095084,-0.8160388865179159,-502.3394553021124,-499.0307068683531
17.5712499,-46.356083824696945,-12.49468484896011,0.9375477010006839,-30.268896090517224,-490.2210757464453,-502.75144666001313
17.581249900000003,-48.427317111611096,-4.881996057237261,-4.3965363127066395,-38.70745674146566,-430.2298199319369,-482.9965426608888
17.5912499,-46.39903919116569,-3.89162066717393,-15.511025347027392,-5.240902927021537,-362.1908001068716,-387.11573157836636
17.601249900000003,-38.10930986473917,2.3924523968405387,-22.997629308534826,24.0357392870382,-314.1683974312027,-257.1459353871671
17.6112499,-29.177143897469488,15.545567382857778,-23.145311684772082,5.135598319252574,-259.78340413470966,-166.1429040270275
17.621249900000002,-22.47744768464915,23.206886868324084,-19.37153236029508,-58.356534937852864,-189.28234108206078,-116.97974833085445
17.6312499,-17.82475218228056,19.327400607112285,-14.8983315392322,-127.23796847755337,-117.52662446637314,-66.62284799591255
17.641249900000002,-15.40401749783929,12.156260721860553,-10.070534902449118,-172.933730304537,-54.684363523317906,-8.999823565764558
17.651249900000003,-14.941150819855373,6.191102478819576,-4.040110206547838,-181.84462760759064,-9.512128348086934,31.561566998882437
17.6612499,-13.645570785906596,0.05494780725791791,1.7559897405458107,-153.86337648014305,19.51327832738846,50.76103735761452
17.671249900000003,-10.168741780577218,-5.334230044069849,4.845720927441396,-109.0789119344857,37.86000876785914,59.576471277950795
17.6812499,-5.39411449366314,-8.286160883928037,5.246452740534053,-62.77985732722786,46.140588938593204,64.48379275890484
17.691249900000003,-0.5890907618746367,-8.512992629094956,4.761964055019324,-22.677312695521014,44.95695100064213,65.46256511946478
17.7012499,3.6552436364475778,-7.2975846260629025,4.449285387988441,4.888894095616697,41.08784290498386,61.982052913361876
17.711249900000002,7.385128560969584,-5.95473436491718,4.053821508802358,18.25290121575128,37.642029005001426,53.668262005511885
17.7212499,10.37587287007409,-5.365930154701243,3.128294712990415,18.907669028083323,33.26188989581249,42.68570433550762
17.7312499,12.219790846059182,-5.6585794047267255,2.407998991560623,9.8269187940467,28.919370513451288,34.22785126388268
17.741249900000003,13.586792320796889,-6.000312224179467,2.4934971588094617,-5.851099300927866,26.58557942700873,26.182281533214567
17.7512499,14.355113512978903,-6.425929249558928,3.208581336951842,-22.686020994423792,26.4487559551555,15.576507777304183
17.761249900000003,14.335003780241985,-7.270313945106058,4.050948254649386,-34.65573702570408,28.184782219969104,1.745830527193393
17.7712499,13.740397898128494,-8.412452713150069,4.451270973636772,-39.35486131183734,30.6374775229456,-13.70791130278033
17.781249900000002,12.705114924020323,-9.725443826917616,4.243722610882497,-36.45231969139014,31.629375979000947,-28.095239638996574
17.7912499,11.428320144362171,-10.745609133521983,3.5591627144506797,-27.903719026404904,28.980649289785227,-39.77071364412839
17.801249900000002,10.426251260659013,-10.911719804409795,2.956691063093237,-18.12089488431754,22.786988647318026,-48.58319678740754
17.8112499,10.096533442913406,-10.37576611007966,2.6738134416332993,-10.034099812492984,15.071564204770961,-54.954064797950636
17.8212499,9.991354827973135,-9.707805533680116,2.516474920394059,-4.59385970410613,6.136270712806415,-59.57956696292568
17.831249900000003,10.026096118954305,-9.07072556447105,2.492969775088116,-2.7912431678656735,-2.714442344176877,-62.81305842217187
17.8412499,10.354497893001705,-8.374975281484774,2.579030674981228,-5.315947956484319,-9.53904384928703,-65.21208204425
17.851249900000003,10.55374552450269,-7.485618481024878,2.602715901865071,-12.506140814176506,-13.9761016603977,-67.60310029261029
17.8612499,10.413343966141381,-6.4952477469815735,2.8218867386516204,-24.37714003493035,-17.224093143343527,-70.37702244911685
17.871249900000002,10.092467266958256,-5.819336399326516,2.9879532517164638,-37.66456321402874,-19.05555540740671,-73.58488330671014
17.8812499,9.499510029759387,-5.434680786989254,2.61022870492427,-49.71143104322416,-20.52932789084992,-76.59907340620585
17.891249900000002,8.789478722830967,-5.167487747305335,2.115273843693713,-60.6075439765074,-22.329473288398066,-78.21172492614905
17.901249900000003,8.278869200323411,-4.986116773306171,1.7955913893302062,-69.04736044257868,-22.981418639541786,-77.88859771459977
17.9112499,7.868913416214948,-4.774481750175742,1.5687350950332115,-74.30060395998424,-22.591617685449897,-76.07535868877171
17.921249900000003,7.406862897018859,-4.4672916562012785,1.4036092596581762,-78.69722771863616,-22.12410629006678,-72.88837403871214
17.9312499,7.114365980846639,-4.125230375729989,1.3202405727226274,-81.79608982199723,-21.804116324254203,-68.95131673784057
17.941249900000003,7.123475970501345,-3.8668652790282705,1.4097823757720858,-81.9708369375753,-20.688953938920825,-64.7456207075884
17.9512499,7.098073277293901,-3.662979426315498,1.5329823780859082,-80.36834854674288,-19.341476146662224,-59.50111283274437
17.961249900000002,6.979763000117961,-3.539229855043548,1.6095781822148039,-77.29164374325696,-17.745780196211953,-53.268764478526194
17.9712499,6.869132431566934,-3.3757884158982043,1.667374871224237,-72.87960802687405,-15.525253574039823,-46.20900864776513
17.9812499,6.765966298377383,-3.1063803239469157,1.742625232413782,-67.36668525588397,-13.422770333512561,-39.435908530351035
17.991249900000003,6.730851380990244,-2.9830565023136164,1.8450127795841393,-60.57521344553749,-11.130887577450709,-33.3659969104706
18.0012499,6.768915280908331,-3.0644558453953947,1.848633695055506,-52.12719269499628,-8.594637162025617,-27.390375710988724
18.011249900000003,6.848082041492734,-3.0657486343065803,1.8170790218862038,-42.8106998833986,-6.566782326273592,-21.345651860092698
18.0212499,7.037735589515393,-2.945845732028582,1.804216676159307,-33.54693910175299,-4.928154724804864,-15.20095770354788
18.0312499,7.250573767804901,-2.770333307591628,1.7644528469606735,-26.0586093278415,-3.2258912591106337,-9.464989645231356
18.0412499,7.396819039753503,-2.5251421758082717,1.5832438520319607,-21.583454216033967,-1.1196583975260512,-4.413908028504436
18.0512499,7.47273450155027,-2.3364179622992896,1.3993775914994184,-19.886541784763725,0.5873841620979325,-0.4111849138309661
18.0612499,7.632516749743986,-2.251512180224383,1.4055089327379517,-21.07788584109587,2.130655815749758,2.358010289203591
18.0712499,7.924569677062709,-2.216222755756322,1.3439071832667095,-23.495111549220514,3.7250684460591867,3.825081974770046
18.081249900000003,8.13154154060343,-2.2435867299276375,1.161166910962644,-25.871884599701826,4.623313710780385,4.412160057726047
18.0912499,8.272683184704936,-2.3581274413346955,0.9967101598051833,-28.69050561813147,5.08767231570993,4.954176526910699
18.101249900000003,8.485894769771882,-2.540541671594627,0.949742362629534,-31.980231618004016,5.302232124867755,5.996039728803449
18.1112499,8.677260343631039,-2.799233328219288,1.0810097388251398,-35.356928853291315,5.282341715446054,7.1535457999450065
18.1212499,8.641824531715928,-3.0732011148067526,1.1305951651373214,-37.59822304571934,5.171325164356345,7.833850983558789
18.1312499,8.485956657173773,-3.3268896683428606,1.0304217768272694,-38.03275087116201,3.9942272456895425,8.110286061397957
18.1412499,8.535370182120875,-3.5161364628685545,0.9277312052252628,-37.957218337858706,2.491278129756772,8.073438683381024
18.151249900000003,8.54131105781141,-3.5381257258724284,0.9081127956127065,-38.69890232970592,1.1871027873571525,7.953208939519104
18.1612499,8.188222372156103,-3.138051976703193,0.8619722825780486,-45.0687139208729,-2.528688903708821,7.219361452654468
18.171249900000003,9.309496257384113,-3.705192059211169,0.9591338573316421,-44.66572921447672,1.7228042278658195,6.797711842358143
18.1812499,10.176838060483623,-5.065154102505422,1.2976396845594864,-33.86790664907311,8.772018389518678,8.493119656442884
18.191249900000003,8.704978114334596,-4.77081681519081,1.240537587071723,-32.38469734695224,4.263590151244313,10.78901490847448
18.2012499,8.869676474270825,-5.058503960425854,1.2570132520191182,-23.39593344131605,3.502051602253351,12.056390207556312
18.2112499,9.642674461420619,-5.708440648398054,1.4643159158562304,-8.677072092392237,5.348207317938653,12.826017951663676
18.2212499,9.112405621181876,-5.642666893974476,1.4539248341543844,1.261550119546607,3.9742266981119947,13.867615685647278
18.2312499,8.688608140565368,-5.623280974659114,1.3082204737222247,11.928354400085043,2.7575586861602117,14.181266460795465
18.241249900000003,8.722472498653916,-5.354438065359646,1.0351094988529874,20.21565966441918,2.040088272664608,13.888595470898046
18.2512499,8.724539047660535,-4.9485930424299,0.6977817353517265,23.481042896641817,1.1711931122023067,13.551668993252463
18.261249900000003,8.608988604489962,-4.56707666181835,0.4526623442347463,22.401434844440633,0.8075829747951987,13.239059265686684
18.2712499,8.540862716423254,-4.1036979373884055,0.279713546741819,16.330452127454794,0.49352492398697145,12.605012786284888
18.2812499,8.667934517907687,-3.7919655068315183,0.12773099932210172,7.689425677321701,0.7011202307498966,11.45762643857426
18.2912499,8.742012735056441,-3.6719358864302905,0.028854773562316652,-1.5272260379279656,1.6048134201286663,10.260198532138098
18.3012499,8.558174952996445,-3.6476849958195365,-0.04479342255928924,-11.711413144929404,1.8973217640001128,9.497261052431355
18.3112499,8.511078706411139,-3.8481371137599107,-0.022199374350025367,-20.590350314974025,2.5314154106372215,9.478644965560655
18.3212499,8.564607223556928,-4.125580471260171,0.0340797495917078,-26.669147990781788,3.63528442922062,9.927540050380175
18.331249900000003,8.46889350804833,-4.419041214985739,0.13653871394633305,-29.582732595190734,4.643489781466877,10.811583439356985
18.3412499,8.44828558454918,-4.864876446450712,0.40259255547954204,-28.246785196521472,5.933198716922095,12.137418559880764
18.351249900000003,8.562648309909758,-5.199702369180978,0.6343296972779942,-23.656442544786753,7.489270248386726,13.668782655112764
18.3612499,8.572241568749444,-5.436403490241134,0.7676395054540319,-17.723689684076483,8.939702285063538,14.879913002377496
18.3712499,8.451144484521244,-5.572442358793859,0.7934062252856025,-11.610805414751223,10.648214300560971,15.713736382324525
18.3812499,8.378596997781043,-5.473461269137501,0.7123305954785133,-6.003276593117632,12.249284800018122,16.244705660429563
18.3912499,8.38208491141417,-5.2906157988114755,0.6270352303555179,-1.5755687168316284,13.118166599997979,16.528688159688297
18.401249900000003,8.32363539093421,-5.039976973138977,0.5982287302140664,0.7274565779860903,13.85990353263446,16.440720767863166
18.4112499,8.361724065866243,-4.795256935395931,0.5815301465933274,1.5520620533701879,15.072486281260478,15.932313260851735
18.421249900000003,8.441798687844994,-4.552112505265871,0.5599422666581438,0.6980592369642395,16.131312843227942,15.438313879592766
18.4312499,8.43005780171183,-4.373522769338695,0.6084818010186661,-1.529341343660866,17.260603366884368,14.670215660601414
18.441249900000003,8.392263177456133,-4.369969766084135,0.6831576971086643,-3.9966252801222524,19.133949599364936,13.925772658001177
18.4512499,8.32230334014104,-4.511665325342735,0.720355483846096,-5.816845668501343,21.031518998161978,13.767105291666233
18.4612499,8.268094870897357,-4.642969526820573,0.7846068161111593,-6.5909882339685595,22.40401602269439,13.78243936853886
18.4712499,8.346744054537087,-4.770099532189637,0.9517172300536446,-6.049324043557748,23.538695332520195,14.037502638236404
18.4812499,8.382354334908129,-4.977805938507584,1.1686455106096048,-4.205123860773113,24.487028847277667,14.565498681172121
18.491249900000003,8.275851381152574,-5.129854929976209,1.3150606739690582,-1.3229968095429405,25.040357530615747,15.334621494079698
18.5012499,8.233249852747354,-5.186681811451279,1.365800967868295,2.3783720834071445,25.00307217269409,16.544929500011175
18.511249900000003,8.272711106403117,-5.202096898583102,1.4492596974346148,6.234756044768058,24.46600483139974,17.86393470974733
18.5212499,8.256631093936994,-5.190822929837422,1.6435364186516321,9.57323179756654,23.763283253297576,18.821390565606535
18.5312499,8.2693994918684,-5.176896350769825,1.771278907416888,11.870270649740842,23.17920572497656,19.508365954374717
18.5412499,8.403277046776443,-5.126626688404953,1.8227246930595196,12.908551101646514,22.42273304134519,19.602757145247207
18.5512499,8.510254873895033,-5.102321910512775,1.973296419896968,12.905008730896148,21.428617546111195,18.808420251698433
18.5612499,8.49528590897689,-5.226241217831067,2.1526561232814587,12.782419898892945,20.335835637856267,17.56400749997412
18.5712499,8.398016476982102,-5.419714811265003,2.2865049462712546,12.602169159013414,18.724907517493627,16.251333758748434
18.581249900000003,8.285002683408559,-5.660010144400699,2.4126089841314964,12.568786004541682,16.590141066890308,15.276095759775687
18.5912499,8.166010825014796,-5.885112316539703,2.448267189527643,12.921405831541735,14.232887986801892,14.308966508558253
18.601249900000003,8.012280771245868,-5.990536670768479,2.416102116855137,13.312371244284414,11.473480595975845,13.024108369367934
18.6112499,7.887692770385092,-5.999884997543848,2.4426624841980336,13.285250314413322,8.444560640102717,11.465648891929948
18.6212499,7.8626354775135985,-5.9583847076740515,2.4749456058007477,12.77972857095837,5.833848695152934,9.321248114119577
18.6312499,7.868263898323192,-5.965801442391477,2.4481371289642397,12.419344648875244,3.342938834067499,6.914708409053115
18.6412499,7.856488097672179,-6.035881265356177,2.4328842514454014,12.516192411791373,0.8764349489805665,4.806086556712448
18.651249900000003,7.85424688719792,-6.065856543766137,2.404159574654366,12.72938036117219,-1.1803685159675792,3.07586379816197
18.6612499,7.897239298561649,-6.0240222393733465,2.2786628374722544,12.765096735032714,-2.96202906867896,1.544640979164947
18.671249900000003,7.9880533406031144,-5.914744028589235,2.1570328139243093,12.299001292669173,-4.411979694250623,0.32178039475982745
18.6812499,8.07251958647237,-5.810435984753945,2.1004422036736283,11.656802587376239,-5.551116090941451,-0.7829828447504462
18.691249900000003,8.131318229964858,-5.785648757160355,2.0679250876657824,11.496293059129991,-6.588168004737576,-1.8374507858578706
18.7012499,8.141908673283634,-5.841675028406986,2.029205087027312,11.82903598811261,-7.452153840069736,-2.538688908416031
18.7112499,8.130524929978982,-5.881774872560497,1.908076484960707,12.367435427231518,-8.014786071536998,-2.7963638625078118
18.7212499,8.141136000435303,-5.81306089350001,1.7474092863691244,12.871098111093053,-8.554773818465499,-2.9091907128618297
18.7312499,8.173150720820708,-5.715502813658788,1.6847087951892734,12.925856530783163,-9.107948293875804,-3.112561041483678
18.741249900000003,8.20412348846671,-5.655456004663344,1.6318933815117684,12.70204350982573,-9.417127151366042,-3.1855719338572897
18.7512499,8.206164040084706,-5.604434229336085,1.494758054955666,12.015592744002522,-9.502362686521547,-2.9996823544986357
18.761249900000003,8.186023814214638,-5.553478193181568,1.3483654035925203,11.05439835199375,-9.599352470264554,-2.473338592973324
18.7712499,8.176834293766337,-5.499557979589897,1.2786811390998774,10.236790263073395,-9.638133986939467,-1.6894715565088458
18.7812499,8.191728556320419,-5.459477647924688,1.2459154696122816,9.314531259915357,-9.534036338715179,-0.6970322157205419
18.7912499,8.174909293065598,-5.399893914037771,1.235283850969469,7.9320927972631425,-8.993770811023095,0.3642668941678056
18.8012499,8.117915903812236,-5.340228505283657,1.2152842426514001,6.102149333623655,-8.18528501790842,1.3265410642207467
18.8112499,8.07861544140694,-5.361772366187635,1.1999874126779182,4.4512951861785535,-7.235297334581838,1.9534353416288517
18.8212499,8.049067923340116,-5.40574018924141,1.2727320410317615,3.1576549235059113,-6.366407427019698,2.3317064338815565
18.831249900000003,8.007801614887256,-5.412671469125847,1.3261176829235826,2.086092598276036,-5.715131988218947,2.6095007575304976
18.8412499,7.999046005652,-5.51002211699045,1.2938126767078384,1.9097878747911308,-4.886197797307988,2.91945859528458
18.851249900000003,7.946450538513267,-5.689849983512559,1.3142672071765469,2.725582927450043,-4.269811324937126,3.215110908152384
18.8612499,7.8081272377549675,-5.7820476061336965,1.3670725398069714,3.856790038206249,-3.803816893675345,3.6158310590170397
18.8712499,7.656952939009657,-5.721572067240967,1.408748836769121,4.258037725151773,-3.825621080943627,3.831392519618062
18.8812499,7.63970697594955,-5.706264920617238,1.4268372769791104,4.57341896495975,-3.8398015269185155,3.686806044743227
18.8912499,7.667912399461069,-5.746451472945966,1.438118024992892,5.019988002981507,-3.4526250014929922,3.7038028714481483
18.901249900000003,7.640132675910285,-5.729634376489451,1.4611808205542474,5.055893396475087,-3.387446647112681,3.87205995070351
18.9112499,7.652030015957861,-5.638610323911881,1.4972155483251344,4.759894492616613,-3.3035779682234305,3.9048086563473325
18.921249900000003,7.7502995758976,-5.616741515845776,1.5357654813635688,4.8432101929553,-2.779690303332268,3.8303703771673456
18.9312499,7.829439976412096,-5.609444844427888,1.5363380034756573,4.722864806528227,-2.265647786510246,3.9621591841022785
18.941249900000003,7.871593941141415,-5.526806479788664,1.5482469547096225,4.244280477849127,-1.793558692450548,4.191787008054187
18.9512499,7.961160012325973,-5.484775088240578,1.6099059142911951,3.6906192516661833,-1.0335195193197895,4.2186902419465655
18.9612499,8.083517168902926,-5.521082703120041,1.6628210178478897,3.693392253478032,-0.21284166273962643,4.159084227397014
18.9712499,8.094757793971253,-5.535599111309742,1.7216680041004186,4.039875414236086,0.4106794866478148,4.043762191702776
18.9812499,8.037244361058018,-5.611317267393291,1.7659591565164992,4.813203751791002,0.9781071778676848,4.037331941226317
18.991249900000003,7.981578496632102,-5.68198092387826,1.8016145615662205,5.745598299731549,1.1624122879552348,4.133565463253547
19.0012499,7.972674166502299,-5.670766767002268,1.8534706818746047,6.764171845064853,1.2822123086645327,4.068040462424929
19.011249900000003,7.934012128373855,-5.653027874201071,1.8568702605261307,7.732720837203742,1.3051513210854084,3.8427822577735293
19.0212499,7.861445044977487,-5.677357716512585,1.8063532411854215,8.36432215658686,0.7852746705781988,3.919290859715396
19.0312499,7.869766561433538,-5.70668716954867,1.8029989839381262,8.748333355548715,0.16118358651619138,4.245249738554592
19.0412499,7.878746385995085,-5.6773877043653105,1.8168110999936256,8.984494675908506,-0.2870071538115014,4.573258397281026
19.0512499,7.846393962694079,-5.582742799924466,1.7845402685354386,8.612460089217214,-0.9985691231043944,4.869210955332701
19.0612499,7.889543588994469,-5.533578595020683,1.7553916050451623,7.79979284392641,-1.5437045915596632,5.157230267570356
19.0712499,7.935193753498072,-5.531363736020448,1.7855148435572488,6.92875555116295,-1.8499107229237235,5.126372276575822
19.081249900000003,7.915206072815667,-5.512182179692932,1.8182163665149857,6.2678138987106635,-2.2798907427559407,4.703657373984806
19.0912499,7.895152492385578,-5.47507465752302,1.7868708921541325,5.810510839761114,-2.850871928897438,4.474743560812604
19.101249900000003,7.946200140080864,-5.476158550016539,1.803013740111949,5.106632153794772,-3.2927573732434134,4.676352427385131
19.1112499,7.996912769133571,-5.518493767586127,1.9099749801763033,4.516260289861918,-3.468636227634447,4.903841272100188
19.1212499,7.916539130174702,-5.545599530318181,1.9263714959451002,4.443378503705013,-3.6365267347244496,4.913005875245011
19.1312499,7.885862348863807,-5.573454312509516,1.8752954830355761,4.737325348428385,-3.9768680146023163,4.9722147634811
19.1412499,7.999175230961044,-5.582661757093051,1.8628604570154867,5.41404517617635,-4.54674205332176,5.294119881528039
19.151249900000003,8.115785815884852,-5.617045189306089,1.9191583559414414,6.042691024992641,-4.948760631813021,5.537584766421752
19.1612499,8.124455119689136,-5.629683300582372,1.9463075512934922,6.370880063443519,-5.180215792307423,5.59728410953964
19.171249900000003,8.10266980773224,-5.620526376560182,1.8719644534146598,6.316432776625655,-5.4716343895329365,5.7034804207100605
19.1812499,8.064767072253208,-5.650125471680879,1.837856727153846,5.934736947421235,-5.810020843564065,5.434789406629193
19.191249900000003,7.970540125292657,-5.709838119213754,1.8454890975017513,5.423231393281284,-6.108097223176621,4.975993745980894
19.2012499,7.896147204510703,-5.812999415148887,1.8119348566932592,5.275323206121299,-6.580170588826899,4.7776587754414495
19.2112499,7.890470599333219,-5.9169755520437395,1.7828268166448242,5.608369515921085,-7.3267435552111175,4.797925613386673
19.2212499,7.890403004657326,-5.989293197723352,1.7773209512969923,6.059438811435485,-7.976631864319458,5.030663934437707
19.2312499,7.8750447224348346,-5.978224280141177,1.7337597558125861,6.07068117899831,-8.450194150100064,5.537629624887211
19.241249900000003,7.870728873036141,-5.919130001056033,1.7115265199166474,5.433730143339935,-8.876177281989422,6.049669735034205
19.2512499,7.812451900347574,-5.840393195138944,1.7125581127677583,4.171341978066092,-9.20338099333612,6.343591083763655
19.261249900000003,7.7522757946393765,-5.784016292348907,1.6637329825244191,2.4969376620784223,-9.298756885804066,6.471609393807793
19.2712499,7.7303292457326425,-5.77903430490611,1.6091617725704301,1.062865227076657,-9.621649004821483,6.495017464400214
19.2812499,7.68556940812533,-5.877956221607883,1.5854344358051058,0.2505887195016161,-10.046043336855535,6.6088677199375265
19.2912499,7.603548352232792,-6.010624958605429,1.5391964185371305,-0.4912096087245727,-10.501007476670752,7.106662485836641
19.3012499,7.568766106015403,-6.111112144771091,1.4729631504656169,-1.1217354597337776,-10.658630807501897,7.810089251284959
19.3112499,7.565655035426868,-6.208237285474348,1.4495560871070914,-1.8917705275865306,-10.507331475015398,8.338645787824984
19.3212499,7.566885723322164,-6.318932753258505,1.4545980835606662,-3.2317007138805973,-10.263100131385514,8.841395396945552
19.331249900000003,7.564301592007349,-6.434024766828032,1.3781926171902006,-4.845049253591397,-9.722690523244934,9.12578602179843
19.3412499,7.508490754065365,-6.540681921901826,1.2703777290731997,-6.861051647791388,-9.187252838184664,9.300493995460595
19.351249900000003,7.396420626233809,-6.6615373960212025,1.1975594894915975,-9.484313870286323,-8.616093970370176,9.372847157544724
19.3612499,7.243803747982803,-6.787895705275592,1.1142284933451472,-12.760182302205083,-8.108273907891947,9.347690091505129
19.3712499,7.084668221208134,-6.95186792768585,0.9691473873426795,-16.289244425465625,-7.617160795239771,9.339358279768717
19.3812499,6.87772949489043,-7.0800050765147695,0.7625645213261014,-20.3296493106914,-6.6325942471537225,9.056438022662698
19.3912499,6.66221677357592,-7.072475786754753,0.5354472030555409,-25.610232324646525,-5.381749840050587,8.208563016831793
19.401249900000003,6.585616157035615,-7.039661487472755,0.33894452770285094,-30.704593459947567,-3.7270789220246128,7.154642956589925
19.4112499,6.547954914065098,-6.9837223133648525,0.16401612264547066,-36.262421858513534,-1.2747823729133774,6.066052599678075
19.421249900000003,6.490059228686879,-6.909892025357385,0.01446588359095578,-42.39486762012607,1.7151404908714623,5.2053651325228305
19.4312499,6.403035731963312,-6.885988886336281,-0.14183395877445637,-48.2475925508885,5.3501592097516,4.8845958372525775
19.441249900000003,6.249412705939749,-6.878002594987432,-0.3179491757472659,-53.662606918559014,9.58979258680339,5.147849887315326
19.4512499,6.077856759329184,-6.870909250418224,-0.45796852523977916,-58.221546198882706,14.81305615164643,5.840468081675326
19.4612499,5.8876878579691825,-6.910541024402739,-0.5647006743422016,-61.79193763711304,20.759069433669147,6.839538914121476
19.4712499,5.673857986039705,-6.9009437864816245,-0.6925920883124856,-64.56114279754846,27.09858872379603,8.432100982243508
19.4812499,5.447703348526879,-6.798410316239217,-0.8249897307728836,-66.90343784422681,34.07464164216095,10.712590045836306
19.491249900000003,5.195538208021518,-6.641016445844166,-0.9328220489509289,-68.97584071953312,41.64861041330551,13.629830525520648
19.5012499,4.931291700616977,-6.432454871256137,-1.0151557818937555,-70.9284183522891,49.63392427417055,17.190269107431973
19.511249900000003,4.650941051624825,-6.199036430142094,-1.0376815570731583,-72.64797859405965,58.04135310749517,21.427815923721905
19.5212499,4.312143431535862,-5.944227273982686,-1.0190463083113344,-73.5797761011245,66.7522270336865,26.410610271791178
19.5312499,3.927189794465376,-5.670666256257691,-1.0011994306651597,-73.58482346812389,75.67339297843704,32.746793836748736
19.5412499,3.5069014966638505,-5.374808349527908,-0.9808603956296962,-72.88015083895942,84.65116753214268,40.85211934291103
19.5512499,3.020350879936121,-5.009027770229185,-0.9456388120289156,-71.9052959536814,93.67130021532328,50.44432467238064
19.5612499,2.4949827824806876,-4.63321300609795,-0.8413192563927352,-70.7540005693218,102.76072809318701,61.383587347864996
19.5712499,1.9504091856806125,-4.3452630203705125,-0.6698587962214476,-69.47153673334982,111.73525976132771,73.47485758226689
19.581249900000003,1.4573262975626313,-4.108811639400717,-0.5607782996634082,-68.28760969043849,120.1773191615865,86.12595453822091
19.5912499,0.9718223072666538,-3.89222880457062,-0.4480320612336852,-65.94603410139023,128.38122467879484,100.06921541481859
19.601249900000003,0.46821754124251364,-3.699509890923835,-0.23126461477555024,-62.149345461825966,136.36871354004865,115.37265486048769
19.6112499,0.1323100931079659,-3.5462993017137863,-0.02876640130415739,-58.32150031812802,142.94146900862282,128.82410456273118
19.6212499,-0.03706910331007311,-3.36019277372808,0.17431951564902637,-54.210020211982766,149.3034072131969,142.07708782257376
19.6312499,-0.06698402988910274,-3.0801123344687595,0.41685790034729064,-50.27180777425656,156.11393251000067,156.27482901272168
19.6412499,-0.04217607896949449,-2.773906204725871,0.6845728133287067,-47.46254278515739,163.5070210642354,170.95853382516515
19.651249900000003,0.01290901757969598,-2.4839139986193506,0.9469140918126594,-45.56407520787235,171.56572362091572,186.2834582244345
19.6612499,0.08181311720659941,-2.2176161129676246,1.1649718531752964,-45.20298828674772,179.99771332196917,202.67007696799496
19.671249900000003,-0.009808059218182293,-2.233765759378781,1.5369684566769968,-46.10416627857559,188.12151476708132,219.96199409033315
19.6812499,-0.23275337382594977,-2.488671195256997,1.9869796004759281,-46.942037564591324,195.72279928638926,237.47675855671736
19.691249900000003,-0.5266402906576988,-2.641672681405029,2.323589556533419,-47.63174063841448,202.04821078691234,254.42162972429043
19.7012499,-1.00742890517064,-2.9572009760134823,2.8010631394399574,-47.58355750990166,206.75700841941185,270.0156738770678
19.7112499,-1.5712629092615593,-3.620726045536632,3.538353730311859,-45.71152557714861,209.33306755220036,283.8939529081144
19.7212499,-1.9934190146020223,-4.373452579922805,4.266982133811928,-41.19399808368879,209.78587044388334,297.01868919375886
19.7312499,-2.368060913251254,-5.236357102680378,5.20276945623021,-35.19160991416405,208.4882089930376,310.50270943433503
19.741249900000003,-2.7496209204666933,-6.705452358827302,6.708501438850538,-27.36423401967828,206.0492315991371,324.90614976004287
19.7512499,-3.078359272335543,-8.402628161789458,8.20570149027919,-16.17960465918679,202.84243388123684,339.94965696874823
19.761249900000003,-3.4977825863030447,-9.78904325580812,9.26998980115217,-0.9671574367334174,197.19764275522434,353.931104141899
19.7712499,-3.9899267662057287,-11.428501222046647,10.621856426590595,16.48828785662064,187.7692975380501,366.09416946343606
19.7812499,-4.416026374645725,-13.388659736110954,12.280206595057967,32.61599780764903,175.66543706476483,375.46572808249744
19.7912499,-4.6779184884454095,-15.029223223533018,13.6079304409807,45.31378140842966,160.38886563387675,379.94475824613284
19.8012499,-4.5490079778538,-16.041239853108127,15.023661252301494,51.378590035299545,137.28875111492172,375.60948610869366
19.8112499,-3.6897658118488903,-16.66815373942174,16.636509010147297,50.38374881151462,109.4627918836024,361.5362954367134
19.8212499,-2.182796056435456,-18.001358324642,18.970192601187435,45.96165287776379,78.58163280134588,340.80852465018324
19.831249900000003,-0.7452217782593276,-20.321592498396203,21.51036127755109,39.01531466937677,41.70841860664947,315.59997801180276
19.8412499,0.7443513527858362,-22.23261129607949,22.316404028109403,27.85431735697073,-0.6646433517491712,285.50956080095295
19.851249900000003,2.9748902557978836,-23.35297406225364,22.69365261589884,9.172147594420736,-49.21001586581237,247.81667936358156
19.8612499,5.610827727450712,-23.82674833521368,23.717814857295103,-17.744752588850723,-103.14806377587857,199.07416724238715
19.8712499,8.012597591151115,-24.24364917617128,24.919362066141126,-49.94286336411041,-161.8638616534546,137.33544678324637
19.8812499,10.156425673442493,-25.92265045607406,27.124477698837907,-85.22318165923322,-223.73139006198286,65.52472205647955
19.8912499,11.999816928605114,-30.04293219023129,30.764987729538404,-118.27690026229634,-280.934750183869,-15.928480363434156
19.901249900000003,12.111574001273604,-36.85127699226832,35.207621619963234,-138.36651428839556,-328.3902352597166,-111.7009562590866
19.9112499,8.363084414125632,-44.73426608450962,39.77548747968501,-139.6701482467765,-370.7092632024697,-227.6330676875271
19.921249900000003,1.2494870943130536,-52.79478687407377,41.625823471800395,-105.37526863644581,-407.954482787729,-373.4386195938155
19.9312499,-6.825668152924014,-59.56874357834955,38.74467044840742,-33.06779742799035,-448.8368910733722,-487.3119824264348
19.941249900000003,-13.627815378992159,-64.68395420849569,34.33852931890425,56.5177100752395,-488.1268919387686,-504.15460242946887
19.9512499,-22.07588454106715,-67.42117860403614,29.594534092449578,152.1478119158389,-501.2564973824131,-498.02360191964596
19.9612499,-34.642796233609545,-62.96942059643616,21.91469528857294,220.2244206579259,-499.85608728405856,-500.3867854771147
19.9712499,-47.497008566386526,-51.419286707080204,10.427889903363294,235.0359267048068,-500.120099550774,-500.8066098101109
19.9812499,-54.507678063016094,-33.598113410965844,-3.5970629228681315,193.51718115271788,-498.4461278680442,-497.8526174661534
19.991249900000003,-55.46764590911684,-9.898350577642722,-11.094885537575523,79.09464677020559,-504.6633409426874,-502.933773736547
20.0012499,-55.55714347046035,0.5265670245218645,-9.913354144140445,-21.80462918339293,-476.0549622842038,-494.29059361330474
20.011249900000003,-48.170312081942896,-4.25762135200417,-15.849987178122642,-21.841262533432005,-362.4383380410579,-370.24922961887324
20.0212499,-35.81806537964565,4.535126367926933,-25.397015915402122,-6.6886063998919365,-264.16974235215383,-220.15231315034487
20.0312499,-26.051778392531958,19.718114954987588,-24.52839287957123,-48.96456361709716,-213.04758465362252,-166.13329745638416
20.0412499,-17.849017512839065,19.0875031940503,-16.693133865721926,-100.04993734875835,-149.39377895750678,-130.43643344090427
20.0512499,-13.564515498204457,10.806008678739339,-10.363788993046049,-128.87848118614534,-86.3869740657548,-74.8839073724344
20.0612499,-12.002862562192568,4.6492027912396665,-4.689931463917907,-130.03902453308686,-40.87483031630416,-29.593895300553122
20.0712499,-11.390135987889247,-0.4144507667574876,0.8220862375330908,-96.36144610854572,-11.254797229225362,-9.407069496200917
20.081249900000003,-10.825303019757795,-4.947448357839467,3.5340965663849486,-46.63137788616277,3.1958555513634783,-3.9330161177574636
20.0912499,-8.601695478423247,-6.833817663113292,4.840439852193219,-12.416664414893628,12.370858345282553,-3.945791045631688
20.101249900000003,-5.697759357615177,-5.885270029268905,4.6260668995897385,-2.5766192936020396,19.346543181170137,-9.672096261510013
20.1112499,-2.216033326932718,-3.896082675624192,3.132644957193859,-10.213067875109552,22.593527349319917,-20.475163151449173
20.1212499,2.1560129669452324,-2.5089949173772954,2.6015080252382514,-26.167477135607804,25.306856987631175,-32.72323905163478
20.1312499,6.144167136673024,-2.1469676535262963,3.2287299884852,-42.39564087653266,29.23158953479241,-42.0015591465462
20.1412499,8.942736885382807,-2.938026259062096,3.820646205748735,-47.68752016064664,32.73834559485641,-46.73754014243174
20.151249900000003,10.8193562823652,-4.187661788255334,3.87373927095643,-38.44742886179476,34.13310386538282,-46.17398587800065
20.1612499,11.825337295265259,-5.0796931394026945,3.7077207966915124,-18.652947256277862,33.23498758070672,-40.94000614060462
20.171249900000003,12.056510597495086,-5.4687263143754175,3.3549987214540007,4.7807198297787625,30.541168304765257,-33.37732672956409
20.1812499,11.85493444264732,-5.3370297080414915,2.770894312354723,23.416640662228193,26.375703327931234,-25.863656535399468
20.191249900000003,11.486114188927035,-5.055282486389558,2.2616038627419646,33.51069587062261,22.039348430424972,-19.350380433632246
20.2012499,11.314487963736218,-4.9237582157465365,2.019741820794686,35.551377741604185,20.231082371837463,-13.932696403877564
20.2112499,11.233235526162462,-4.768533654543397,2.152943159830063,29.85684179283963,21.05818804424993,-10.505111678808378
20.2212499,10.844867600468275,-4.828127463235789,2.450920975672324,18.028496997090528,22.274593769009755,-10.205209482901061
20.2312499,10.21062813555563,-5.146504680761779,2.5139027485886816,4.436464670210495,21.77757205636647,-12.531349894192694
20.241249900000003,9.626031852123537,-5.457642321668819,2.3697209733034894,-6.365234547566801,19.648488367922628,-15.91862710410324
20.2512499,9.145259157093745,-5.797445547632246,2.1958762034652564,-14.404669852940941,15.619132624024903,-19.68699093796889
20.261249900000003,8.856400366408824,-6.192654993838405,1.9804690509719778,-18.2027448071726,9.557937726188602,-22.84765294523656
20.2712499,8.80045597712371,-6.4813225735572235,1.7500505029678406,-17.847725258887,3.043464922488612,-24.87873093743758
20.2812499,8.755795859029469,-6.5590370198856025,1.6842955346727788,-15.442308574184107,-2.913388907332417,-25.86300683919129
20.2912499,8.540682412925841,-6.393561082844716,1.8182148632972013,-12.334198821896909,-8.129024782737233,-26.13001717221329
20.3012499,8.37886980693507,-6.0414303511242355,2.0148534932743156,-9.95026583865277,-12.167168134451488,-25.75579296847865
20.3112499,8.405663920210884,-5.624451510366229,2.146499941364864,-10.492560643628297,-15.174780697666575,-24.822593332549154
20.3212499,8.495941347101695,-5.257579819615617,2.1268309775715104,-13.351408382650341,-17.653784252260493,-23.71809247773285
20.331249900000003,8.680528393946156,-5.087738842731548,1.9516763377372228,-15.370356754806112,-19.201824270147004,-22.715393902020512
20.3412499,8.788861020465509,-4.8705031901994715,1.7765025748883958,-17.581738490695166,-20.263305123988047,-22.045142373784213
20.351249900000003,8.599415910607288,-4.414094075936083,1.7344960724642422,-22.193887506364728,-22.20130752731112,-22.23579417188825
20.3612499,8.64079565194626,-4.375934272293358,1.7110528704136916,-23.955164064925853,-22.021166220821566,-22.79509019627029
20.3712499,8.62406403431395,-4.311050783912955,1.7058762825975886,-25.34711901528063,-21.165119643233727,-24.010935010083905
20.3812499,8.12770822287361,-3.59052694900407,1.7382416911153573,-31.087792755308122,-23.036043067249814,-25.7142399158554
20.3912499,8.647479639885596,-3.9751956092677676,1.938497121493204,-29.41850762018742,-19.060681874881784,-26.6061545136878
20.401249900000003,8.760599895722725,-4.2156149579642275,2.068703898292159,-28.151370268482065,-14.85555937330797,-26.788441944227923
20.4112499,8.062672749210483,-3.8116095129402696,1.9476345232029153,-29.865136364309322,-14.488773495763754,-26.492592417003863
20.421249900000003,8.018934201009227,-3.998201771580612,1.7830173866257164,-27.53203076562212,-12.598974559080451,-26.051117046745638
20.4312499,7.943355267366381,-4.144903956975512,1.6652084163975072,-25.00850248172772,-10.747508443745971,-25.449452647578884
20.441249900000003,7.551115113228388,-4.126613800769183,1.6344220773897595,-23.699573246429644,-10.334299226448511,-24.753137159183026
20.4512499,7.3063125077168705,-4.061754304835938,1.5955036815690224,-22.025825015263838,-9.316158168554878,-24.47104155093536
20.4612499,7.168084525411812,-3.861889701638079,1.5626353505342565,-20.430246998492745,-8.464539032401527,-24.620249510748465
20.4712499,7.1347109819281735,-3.757799057279407,1.5009976440772466,-18.189549296494423,-8.305809530392777,-24.59984453030351
20.4812499,7.052072872974715,-3.6622260685995296,1.3323047833072985,-15.583534013466137,-8.544255595815997,-24.0408735304626
20.491249900000003,6.912113766258447,-3.5692625417650694,1.1500276349324887,-12.818136191877107,-9.157326839103167,-22.66436667942276
20.5012499,6.947048399084307,-3.4437801296200985,0.8737221059507543,-10.619041018606785,-9.69904471268995,-20.276768638442977
20.511249900000003,7.193313468110498,-3.2112426936242016,0.6343004118954433,-9.628835435490242,-9.881423435400363,-16.828390299282894
20.5212499,7.519038055207101,-3.053922029325634,0.6263736769447275,-10.052113138958022,-9.408144764442127,-12.686870603144229
20.5312499,7.800239018961623,-2.9457749771328916,0.5472234294835977,-11.852346193445412,-8.27713484897822,-8.365411144657164
20.5412499,8.018223965133451,-2.7678471891022376,0.3054152938174786,-14.761096492483317,-7.017589098925416,-4.115863460589292
20.5512499,8.231353133990803,-2.6139638423474176,0.11432915376874245,-18.882538712712424,-5.635716235950763,-0.11645671902114252
20.5612499,8.387111046073056,-2.6259996801839742,-0.020532530607097442,-22.959923988985924,-4.153753566479558,3.761318183237926
20.5712499,8.517936473745483,-2.7751404156325483,-0.18831399640350843,-25.67414089492733,-3.556835766725267,7.699243844158426
20.581249900000003,8.720794565676263,-2.880867914291726,-0.33942665455348553,-27.67009180149246,-3.6993274897713393,11.645372785002083
20.5912499,8.967135083230513,-2.962898720288657,-0.4021500081847173,-29.469255873963238,-3.554425503511687,15.451733036730232
20.601249900000003,9.18105916481639,-3.114965634169257,-0.3997183336240698,-30.88916426792117,-3.5327107407812846,18.81105962203621
20.6112499,9.371052804200948,-3.301911703357774,-0.26875670935683627,-31.992598735217715,-3.2954475811361235,21.197321477954848
20.6212499,9.60142546203992,-3.489499596967441,-0.06597474868718303,-32.9137364037787,-2.087255120941086,22.44550354502161
20.6312499,9.75314145210677,-3.7841601251053727,0.1369700103401326,-33.26104323309578,0.01870958910816748,22.951043948801484
20.6412499,9.764159256015965,-4.305307688356026,0.4338055350912726,-31.199746497578687,2.666189404650446,23.257963042634568
20.651249900000003,9.419100570931965,-4.435597040164492,0.6812072710188731,-29.51412349968763,3.0837346794575713,22.755947606538907
20.6612499,9.211156469325543,-4.456430094751209,0.6642129667706168,-27.265450719287088,3.4086993584819067,21.431998524612123
20.671249900000003,9.352388627932116,-4.987098052139196,0.670194819740147,-20.919552462838126,5.978136753620762,20.509527895145194
20.6812499,8.602220363400214,-4.719572275159844,0.7483668916006795,-20.51090919644782,4.587560476615047,19.312697774756735
20.691249900000003,8.327186847335662,-4.625046433555719,0.7360624276511728,-19.01620946123302,3.5997008616929325,17.341718196150225
20.7012499,8.811170782323984,-4.924162946209896,0.8057546729915105,-14.735970757737476,5.333675520421015,15.35713030531432
20.7112499,8.967198590833446,-5.0140233808638355,0.9916402555218782,-11.518261146860935,7.158526516730366,14.14460773469101
20.7212499,8.817447949632372,-5.124442584895409,1.2049944331847782,-8.25329972576329,7.6569008387109765,13.296530672986767
20.7312499,8.812827263840475,-5.0622039869087,1.2713052858798448,-5.508408864685316,8.219643841231301,12.28741544541342
20.741249900000003,8.932105585202342,-4.95577949138147,1.2305034089542828,-2.70560090632589,9.51157620834827,10.9399829557542
20.7512499,8.932791540591792,-4.925370745429802,1.1928892631796093,-0.00405256315923265,10.831402556590065,9.56457008720088
20.761249900000003,8.852405222866075,-4.7641204659485785,1.1502904552374749,1.1194211844174558,12.529813724170792,7.793337718813842
20.7712499,8.768943446960666,-4.582096851750582,1.1669867691350118,0.9428798931053863,13.813984158499117,6.152380547637026
20.7812499,8.817594896166327,-4.640897573476406,1.2108963180119685,0.9653266154079,14.885384218003836,5.095454766195393
20.7912499,8.672542216396968,-4.540703989554643,1.2011139958057628,-0.5746228167122844,15.076483645675932,4.260789722310946
20.8012499,8.73053633054057,-4.5954992644579615,1.2336386738087164,-0.6355523222517884,15.80766932580455,3.9808894464847318
20.8112499,8.759550613037307,-4.6499362221483524,1.2410901790289373,-0.23318605291539815,15.568623016216096,4.263065258374377
20.8212499,8.57968344896409,-4.625070728989183,1.2275061798398919,-0.25232478298917477,13.798039352077895,5.011123703967018
20.831249900000003,8.593920658838234,-4.7770256516633545,1.2649865585859779,0.33524225824823634,12.318629297247783,6.116536904410516
20.8412499,8.715994203251855,-4.865048459505338,1.221392539598013,0.6267192483060253,11.116731361677697,7.389168916868974
20.851249900000003,8.715875619580864,-4.835231506962838,1.1245028010058515,-0.1979472660452733,9.081660170350553,8.633987808161795
20.8612499,8.672995957792049,-4.79117796397612,1.0301020500896567,-2.4195043560405827,7.322536721875858,9.496456738838296
20.8712499,8.70285097292429,-4.7262181850759974,0.9462598691644388,-5.718722895474219,6.278737127884756,9.919223610398218
20.8812499,8.725607062660725,-4.7372777230639285,0.9171859015940065,-9.39688814481914,5.020870635351478,10.138326477603991
20.8912499,8.652671759710891,-4.8646587651497235,0.8567733947045724,-12.748833927621254,3.2185587434868586,10.364641920994424
20.901249900000003,8.62029385120692,-5.0421543660782895,0.789801498474392,-14.986010266142104,2.2787132629517854,10.717683670643835
20.9112499,8.560490693078554,-5.166836625717385,0.7822284338938655,-16.858747955744377,1.3671367880505982,10.973207980146066
20.921249900000003,8.502900437556335,-5.241938159640198,0.7834000974972843,-18.572822799074498,0.6192180232113815,10.792419846522746
20.9312499,8.46164235938289,-5.337418819884938,0.7697719096923312,-19.630524986622387,0.4387854079578074,10.365198056859589
20.941249900000003,8.356140963716404,-5.483524386298742,0.7772022876379048,-20.359008462408145,0.19678581344069626,9.949359891743104
20.9512499,8.118285586659796,-5.647700215963307,0.7008721282787813,-21.107312037781412,-0.2552222415662284,9.68047533518135
20.9612499,7.844892791113181,-5.727455258071252,0.4949522450500337,-22.398746736881865,-0.3896958879447777,9.585722629297377
20.9712499,7.6747349169009755,-5.74252512449617,0.28314534026037413,-24.335348298067817,-0.04116446454248381,9.45007966117705
20.9812499,7.471402585562661,-5.705779690064649,0.1093176592993502,-27.60279358734164,0.5745587590293084,9.35797522417465
20.991249900000003,7.249318526463865,-5.653820541654869,-0.0415939606801841,-32.31005716965295,1.9985686065160064,9.298817547925935
21.0012499,7.057428646341091,-5.6296732757472405,-0.20694167518663845,-37.977630015991146,4.012653613504325,9.707395190819796
21.011249900000003,6.846953184767424,-5.644667987267984,-0.3821832448073426,-44.14001344099367,6.701494989628968,10.812746588809752
21.0212499,6.601733004278243,-5.6753508077573125,-0.5374360858520625,-50.343793415956476,10.053005633161757,12.58723554719641
21.0312499,6.353257958972662,-5.7442389920528925,-0.6791172266725104,-56.579482771082624,13.639106837492461,15.291264466484506
21.0412499,6.1046584018848336,-5.867795798951574,-0.7913450956060587,-62.34495043248433,18.04639054948272,18.83424012293365
21.0512499,5.718519916205444,-5.93316943858312,-0.9463100443218826,-68.08682623317158,23.057197282073368,23.11010408263083
21.0612499,5.154245433740764,-5.948197079055693,-1.1629720617267336,-75.09538938777408,28.988098559040058,28.879135225315334
21.0712499,4.5148678735148415,-6.059867054683655,-1.3942890436902455,-81.39047691707901,35.36233972153354,35.304153131216694
21.081249900000003,3.720212257429166,-6.112192926114298,-1.6132028971026666,-86.90955058014592,41.04917642196889,41.586791669280004
21.0912499,2.8898633354227066,-6.043563268883766,-1.8003484907527663,-92.095064896838,46.87865587634799,48.317653203124074
21.101249900000003,2.1875044980960627,-5.934508176788314,-2.0127300687854643,-95.90324808649768,52.79506469815985,55.34198658154397
21.1112499,1.6237224424490804,-5.807514395189783,-2.2127887178000174,-98.7160291977189,58.88125686017622,63.167214568456174
21.1212499,1.1572311986368031,-5.687816434365403,-2.322936595255664,-101.07286154355349,65.80596286823958,72.36586654025518
21.1312499,0.7838258364551405,-5.593126960590639,-2.28371606692365,-103.27134801448098,73.72968301588895,83.059316790825
21.1412499,0.6397019072815986,-5.501280269953933,-2.123558402266368,-105.05717187369366,82.59541348516277,95.2156581767776
21.151249900000003,0.7188327722887715,-5.33447493620609,-1.9664077100736166,-106.54418841734274,92.29745813538399,108.30384059879876
21.1612499,0.8181649604790766,-5.168451835652404,-1.7663605501168647,-107.73849542320637,102.69782310332756,121.71163782142847
21.171249900000003,0.8306341026117635,-5.104780404675751,-1.4875042172053712,-107.94490274969772,113.2248673099547,135.29906974622185
21.1812499,0.8096428574691316,-5.055140398402731,-1.203242207432053,-106.38098418081809,123.61961250364077,148.94413842873456
21.191249900000003,0.765035960568977,-4.976462212427172,-0.9376871097315871,-102.63578997900127,133.50890531231474,162.2138771099286
21.2012499,0.6873110496704571,-4.931835995665441,-0.6718572534748611,-96.37446319349796,142.28475287481254,175.15116417704917
21.2112499,0.5625502350145369,-4.983976340683771,-0.29119154530213426,-87.757880586135,150.15613888182935,188.00707205038472
21.2212499,0.3737882362945952,-5.091855058674604,0.2561015164220002,-77.83173625601873,157.09645501300247,200.63331780745077
21.2312499,0.1866612494869032,-5.1730025647223865,0.7399031997396902,-66.47996717322305,162.79455357796783,213.34456714765662
21.241249900000003,0.05426286954994575,-5.17849382633901,1.1033124162708599,-54.34374235797135,167.67958658178662,226.4328079577242
21.2512499,0.0016348606861528749,-5.258794999873174,1.6303247358694497,-42.73301893681551,171.8431073490155,239.6104267989448
21.261249900000003,-0.004412819391364878,-5.550500510392004,2.4201301412421654,-31.78998534006673,175.7511209690345,253.6959648256011
21.2712499,-0.009111440182575,-5.540900295503441,3.1141363434854172,-22.83965221098721,179.9998346402199,269.07612363715026
21.2812499,-0.029714715180205405,-5.489188301122357,3.773274727325141,-17.71699759494342,183.3877440730897,281.6042630766744
21.2912499,-0.14024382257066242,-5.98997048755434,4.572413523358646,-14.635852279088056,186.1056356627875,292.47434581508713
21.3012499,-0.38351937605693043,-6.581051700979387,5.082828420839257,-11.286177144201252,187.94141317128322,303.4581266415616
21.3112499,-0.5600972139599385,-7.20343644822045,5.676494902806089,-6.34421901096465,187.92644996393855,314.33288136455974
21.3212499,-0.5774480925589631,-8.131197516589557,6.466702130526647,0.7099810156488836,186.3697953228641,325.78621993452543
21.331249900000003,-0.6990352771812514,-9.191319497020622,7.176451954566946,8.756427579554625,182.86915837574205,336.99985820831034
21.3412499,-1.0090572254996675,-10.245823338416193,8.000192481823243,15.663710807794654,177.3843494473569,346.35425650850607
21.351249900000003,-1.4090273314288522,-10.883822463380692,8.790663804298704,19.334100646394827,170.63374506632718,352.1127449998662
21.3612499,-1.951123623727458,-11.218646295474018,10.05904209461778,16.070596846047405,161.21302449450056,353.9992643653915
21.3712499,-2.434618671247366,-12.090871407055477,11.723223052654548,7.859424543624685,147.21394137786191,352.4807281631293
21.3812499,-2.468449636448437,-13.477968692503119,12.81784222921821,0.6547358299967089,126.71235559670409,347.1871047015934
21.3912499,-1.8045026038386374,-15.218447698718013,13.992955601175415,-2.1443908119601662,99.47926161412323,338.3896539434258
21.401249900000003,-0.45122117715519133,-17.322991439266215,15.743657685191813,0.656159435895425,67.82185981687654,326.8058443748237
21.4112499,1.1447576652951694,-19.49734924360595,17.28723746573866,9.99329506674549,33.278946877704925,311.74576675412834
21.421249900000003,2.2457418988152056,-21.158676564966502,18.461519370304742,24.204122186226815,-4.698889819829338,292.34856501393693
21.4312499,2.8273354325177205,-21.952555687384795,19.463716951922056,35.29079898819937,-46.20762649632381,268.1577782964814
21.441249900000003,3.3041469894671804,-22.982257036250783,20.509122531724866,37.36316733674983,-90.24789493867208,238.1001222955593
21.4512499,3.7519362402478262,-24.614401735932752,21.52801023142918,29.816119631273807,-135.8254119999908,199.1219418806771
21.4612499,4.6934024649790995,-26.180502826876854,21.98483062694803,16.953071632867143,-181.18223727796786,150.54046934712187
21.4712499,7.245396450580792,-28.60797601573253,23.136137915779482,9.936697797715317,-230.23184819943333,85.91079633335397
21.4812499,10.084111637115173,-33.38121688567078,27.1705072170796,16.27744844524958,-291.01054999691195,-2.88194290248363
21.491249900000003,10.051130386611192,-40.304923111451245,32.93258413709877,40.0328460874034,-348.73458992444847,-91.9917477389134
21.5012499,6.229563812086009,-47.7118595246564,37.606740891706565,80.87379335584255,-400.20614511098563,-179.96699424383766
21.511249900000003,0.6012399966843243,-51.78813916764455,38.6748424754314,120.38864301227922,-452.0194399104679,-273.4434804526891
21.5212499,-3.9205637931754533,-51.270044883816276,36.89947645675084,136.3794684193895,-491.80722538152617,-377.33654565370347
21.5312499,-8.512483090492523,-49.66619587798782,35.714639848888034,130.5552481454489,-501.5419597275369,-474.19006466921536
21.5412499,-15.272633049280005,-49.91885127215542,33.36665760159857,113.71593544285247,-499.4334124684359,-504.3002070901373
21.5512499,-21.605348031645164,-52.71347848315343,27.72703378875311,99.08790993743298,-500.17537875231517,-498.7358983458215
21.5612499,-29.126565730867917,-54.62082676549409,22.745116596794194,90.6933738291321,-500.0477608333859,-500.1097228387016
21.5712499,-41.84850983575418,-52.41479250776354,15.919102533720201,100.72345801966124,-499.2404940786685,-500.47920943161375
21.581249900000003,-50.19185231973229,-42.33952644497638,3.9942543596928157,122.28296460443208,-502.6179964329882,-498.13037580243855
21.5912499,-51.06185106129374,-23.715333280591466,-3.453313746442663,115.37504954221225,-485.10447153927254,-504.7797291929781
21.601249900000003,-53.677189349767055,-8.201559964703714,-7.737191197183658,104.67387058324746,-428.8833500177956,-477.00016247549013
21.6112499,-50.657257371439904,0.24415246866002932,-17.95766735523756,105.3134082598032,-372.2831766193144,-352.0843346933464
21.6212499,-38.70980653932766,13.516029673231898,-25.498048047315404,61.60215899113005,-315.437767926357,-214.60568508703068
21.6312499,-29.128729110539865,28.71688647733571,-24.71513770054756,-38.97831569536454,-241.33629990573152,-130.8230543907867
21.6412499,-24.12812128200369,29.50696548736773,-21.210310560166732,-139.76169587402467,-162.0055681706417,-60.5463754241851
21.651249900000003,-21.74877962221416,19.194498925595152,-15.354014046454154,-202.72392274191208,-94.99854104872404,19.810906137019288
21.6612499,-22.015841835735287,9.747943622658422,-7.4394687191743545,-217.15080170087322,-47.07840242759457,81.21809222183123
21.671249900000003,-22.54996913639879,1.4703311839448874,0.13150509183406905,-185.7723411876406,-19.208534882526763,106.45090728605659
21.6812499,-20.218766939983798,-7.239600075821493,5.257235884188725,-118.17464402969367,-2.4177166200741125,106.10280658687448
21.691249900000003,-14.068198518277718,-12.547346062349648,6.13261069894729,-31.276154276460545,8.132919850885555,94.29877513566548
21.7012499,-6.360150237900807,-11.85621168366518,5.563488654784017,25.273920378643652,15.713070535837788,82.32249864937968
21.7112499,0.793809262688998,-8.378975781332393,5.0078832526528485,46.98937190009452,24.028766642939075,67.54154576871473
21.7212499,6.5780475975729304,-5.354686611605304,3.7633252148153735,53.82639288858291,32.117564606176096,48.11057243375007
21.7312499,10.565566516394503,-4.216939658219581,2.501986577727679,51.6498707595879,38.686274651691924,32.257966581560865
21.741249900000003,12.8767044963907,-4.961720264845591,1.7506517505444033,47.41815942945269,44.267096219163676,24.18402108893172
21.7512499,14.007296927685493,-6.146010362970781,1.8112488539999196,45.71406055359774,49.63550324600301,20.66562250820508
21.761249900000003,13.93709036851915,-7.050707587103773,2.446445027387168,43.7483220830273,55.25138203285469,17.03971839725896
21.7712499,12.632550046333833,-7.927931319974338,2.744978474997764,40.69950336594998,58.525062504224586,11.613105767573037
21.7812499,10.852001215095637,-8.55996457870923,2.8334595037579646,37.48190883593983,56.75764355325292,5.131836694528227
21.7912499,9.411980336176091,-8.857687211219393,3.170051233512207,30.196782638996908,51.620561560381255,-1.33835651687439
21.8012499,8.488223586939707,-9.04562741251124,3.352417766863829,20.38204356958678,46.159496667820726,-6.757895419615594
21.8112499,8.040042213344826,-9.068823212320941,3.6503137700198525,10.457961049540234,41.620540181810675,-10.99058066839501
21.8212499,7.947319686253845,-9.066438241840544,4.211935022290181,1.9996004137917545,36.158028102085765,-14.411752900985661
21.831249900000003,8.159193208212525,-9.136183831321096,4.584703249919285,-2.89656325560635,27.233655505987,-17.3301462714595
21.8412499,8.592668950304427,-9.094812780291154,4.790188004193988,-5.2966593951361185,16.033333346057564,-19.195882550428298
21.851249900000003,8.803920251402491,-8.883113156043137,4.6363279573461735,-7.381199071823906,4.7016605887544,-19.660810139623422
21.8612499,8.701447511108542,-8.576685114742865,3.8499717108206544,-10.451484175978067,-6.026183952066898,-19.257201772713866
21.8712499,8.56266556684793,-7.980346800412015,2.9519947595302822,-16.973800170100805,-15.24889754134857,-19.13696170060988
21.8812499,8.512420728068141,-7.094561543329026,2.360342794615863,-27.978701336367457,-21.845194646152933,-20.4395364998017
21.8912499,8.554451488133504,-6.234735384300605,2.0157968655887135,-43.22409847006355,-25.266351412378878,-23.894520927297858
21.901249900000003,8.645607357423755,-5.682728227700565,1.867149068801148,-62.3150070871461,-25.88878341834349,-29.538892732789392
21.9112499,8.717925607758765,-5.50427190240087,1.8374642510132408,-78.40373495727756,-24.265393535000005,-34.86397362940891
21.921249900000003,8.723152537592078,-5.455009491175664,1.8185436902744898,-90.08128092814344,-21.383825081807853,-38.91455298022345
21.9312499,8.684261145524106,-5.62738156329798,1.853999319248803,-97.13660642574403,-18.535108443779865,-41.93391278429559
21.941249900000003,8.583219304076676,-5.911625525629125,1.850318810531947,-97.89392179972633,-16.012563146874083,-43.06521574225754
21.9512499,8.300941359193121,-5.934796338298999,1.7764813394996473,-93.58447704539958,-13.972803198211812,-42.395854715224274
21.9612499,7.967095906086608,-5.789480609157764,1.7596429315457225,-85.65448335476016,-12.32075062439623,-40.59486548113125
21.9712499,7.787813448994628,-5.768736096835039,1.9179192627528638,-74.60106803651742,-9.896652249354434,-38.48053100719309
21.9812499,7.748904253546283,-5.678775108281065,2.242672102372738,-62.29023047673334,-6.349676001321429,-36.80176073837569
21.991249900000003,7.808937989897814,-5.631913722698729,2.667650501057502,-48.116818039079604,-2.079914649655576,-35.41861788053996
22.0012499,7.764027433822878,-5.583240846679338,2.965582328076302,-33.429682548762024,2.32358588499953,-34.424747843717924
22.011249900000003,7.58047047040798,-5.359959395868743,3.0550501392088716,-18.565771081226924,6.902242160957628,-33.43122390785855
22.0212499,7.403887729365252,-5.103998623616918,3.0475815176522585,-3.6986279849812163,11.266587035543468,-32.10768112475388
22.0312499,7.170646456995851,-4.954694959863914,2.8394512710609687,10.775032282659463,14.992148757654858,-30.08815765223024
22.0412499,6.312740774126639,-4.24204807542187,2.4417556895900017,17.18162441141166,13.53549561812872,-28.595694507247217
22.0512499,6.2684136187422625,-3.686513653583812,2.136267494533768,22.239053685845168,14.231696227497178,-27.89416532062977
22.0612499,7.145906555650534,-4.2014150420574135,2.094339160716496,34.736677891969975,19.424383965702635,-27.444868334127996
22.0712499,6.623387865919233,-3.790053089810495,1.9921957903954326,37.66863675615744,17.329126930028146,-27.505389288005233
22.081249900000003,6.423201561949652,-3.543669913081352,2.003953726552386,38.89788123028463,13.5114290894632,-27.97456792647446
22.0912499,7.085232217884355,-3.7783385504305893,2.0699900955133126,43.04321058253158,12.62745297812444,-28.391244429654666
22.101249900000003,7.3325327417542665,-3.6356567023434874,2.0799516210295588,42.223427855372286,11.423152852149554,-27.960940348951215
22.1112499,7.180827053949725,-3.461983827770229,1.9780234633285367,37.505120667370655,9.06365675441047,-26.688427501713655
22.1212499,7.2985903047875835,-3.4801627977866456,1.7011046197025055,33.45645168707128,7.819732424641152,-24.713189770681907
22.1312499,7.436518764208998,-3.415955838134143,1.2869215438569637,27.03063859712441,6.197243157757756,-21.723740698254048
22.1412499,7.633070519528705,-3.3633467211523587,0.9657924890181275,19.127584944628865,4.7169397005743345,-17.78929099425142
22.151249900000003,8.132920198987465,-3.323096548728741,0.909286167009534,11.01818969792061,4.01466040390113,-13.890899177116477
22.1612499,8.774658629974365,-3.31788288233098,1.107002525478007,3.246875068805964,4.222908974655733,-10.755485583431861
22.171249900000003,9.273317324155341,-3.4426429892039567,1.3023724580268998,-2.6513328549338038,5.325428782511653,-8.204861168008103
22.1812499,9.468107731089315,-3.6855156868122063,1.3820212154043,-6.2728309550588595,5.9733961525752575,-5.581455983350963
22.191249900000003,9.36839675768298,-4.139322825394063,1.6132323410301566,-7.617053304764923,6.236223885569579,-2.446233688802972
22.2012499,9.047734878933849,-4.532306859121134,1.7511426923952857,-7.3527965436936045,6.55296687495742,0.9564096880325802
22.2112499,8.675417525615972,-4.734653978399851,1.6272911250639424,-5.75637241527514,6.281940899150019,3.641608561094521
22.2212499,8.496394622897443,-4.926641762220282,1.5366562594094146,-2.3959892605464876,5.3997257772148695,5.484115198796886
22.2312499,8.423159454372934,-5.0762866709250165,1.6851771813751253,2.0583098526435797,4.378835824336589,6.672854254818983
22.241249900000003,8.201324728186972,-5.178998054700465,1.9993116259653563,5.992615133189125,3.786364903550382,7.199849145954578
22.2512499,8.011005949587975,-5.1822560729676255,2.225532969102394,8.627237791508222,4.040400644178627,7.135601324964643
22.261249900000003,8.150765220139169,-5.062945767777415,2.3347895440529136,10.290837140467923,4.79603199103656,6.324017053827836
22.2712499,8.487892795962255,-4.875893336379021,2.46265720720295,10.759360474140722,5.609980569103597,5.141985459962568
22.2812499,8.622509614953062,-4.718743621587519,2.6856141114225944,10.480320328304622,6.447102836843338,3.9543461782342004
22.2912499,8.543130998744848,-4.637159323685293,2.9159401761045833,9.565738044734982,7.426925502109258,2.993393752496554
22.3012499,8.521672524589198,-4.572883022880166,3.0115661989914724,8.339514531939002,8.140541621566392,2.4162266313253826
22.3112499,8.656955785291395,-4.545075687954992,2.9284311482226113,7.752973644717805,8.068150213205074,2.129801618478608
22.3212499,8.782013090393141,-4.50845091448313,2.793760711654282,6.561844362877603,7.17318785200147,1.8473578453653476
22.331249900000003,8.843949766015493,-4.347250862661486,2.801093653409654,3.512029864640438,6.596508884796743,0.8842538959574696
22.3412499,8.90413751075267,-4.14239667785535,2.8826916296159992,-1.3517670209888677,6.556711952982325,-0.8407930797542161
22.351249900000003,8.96119601022238,-4.0699129723249605,2.93895497421974,-7.147414222233679,6.916385353999537,-2.462410496792385
22.3612499,8.980351517398832,-4.153761467309748,3.028151807317909,-12.789598577529949,7.466707309296439,-3.3931790115487166
22.3712499,8.985379706082423,-4.326992696706201,3.1627954545616572,-17.077253425773357,8.306235479193846,-3.804557260674868
22.3812499,8.971635752122099,-4.5063086718666705,3.2342848362178276,-19.02774036251948,9.216281192665658,-3.694711190306914
22.3912499,8.886319084264592,-4.695159098251767,3.340267792057199,-19.57486193022196,9.303332192603733,-3.3900062623865175
22.401249900000003,8.777277204308401,-4.959646133921899,3.528556101638476,-18.314788014320147,9.51310576236216,-2.8383940352578585
22.4112499,8.532237754971167,-5.252547167583992,3.57854476549726,-14.717605984705674,9.446848863068196,-2.107064335417153
22.421249900000003,8.240309995889252,-5.453881928762011,3.503479832206447,-10.315257750638695,8.063895062341446,-1.604555375345832
22.4312499,8.122231822802839,-5.546821283454071,3.5092613340269803,-5.6717181827278775,6.5557766685938645,-1.4816295809127322
22.441249900000003,8.10563451995888,-5.5720455438791205,3.5419450603158564,-1.2008751314756072,5.477276435650288,-1.683972517282271
22.4512499,8.102598792185416,-5.4247050464476265,3.5552796949852365,0.9003821122386322,4.251848691123549,-2.1680832811180544
22.4612499,8.205867004594822,-5.321681465288309,3.5710238523460998,1.5774260349508618,3.557291693999499,-2.7340481610476175
22.4712499,8.131103154142572,-5.19788214432821,3.565251265318709,0.06366707876278986,2.721189152744185,-3.119911379714372
22.4812499,7.996050964184707,-5.129063135705586,3.52271727470303,-3.149082454691405,2.0192921850795,-3.2957603305269942
22.491249900000003,7.976651094037566,-5.079809653920979,3.3535087789457005,-6.854662122262481,1.2498126031008892,-3.7547753288917134
22.5012499,7.9651930617950075,-4.879403828831568,3.085792750447375,-11.34968424145958,0.009211883064972727,-4.676859560612332
22.511249900000003,7.922467721699084,-4.732903074573654,2.9070223884885555,-16.224406735315128,-1.0240852408632515,-5.994821724800505
22.5212499,7.913589264652668,-4.800694575128287,2.805760924353895,-20.811775444662644,-1.3228326496147085,-7.162203001292531
22.5312499,8.015732859635074,-5.038962478350188,2.656702861143342,-24.040886999743055,-0.8242119689969077,-7.029820398641373
22.5412499,8.021138560921932,-5.272014378377304,2.527925330017207,-24.926898654636652,0.17880762518325727,-5.570485052952318
22.5512499,7.9465253344916675,-5.380169309111175,2.3568683285760113,-24.55890983046484,1.3159682842391924,-3.220940975678631
22.5612499,7.964137239381632,-5.3553845698841265,2.0680803257905565,-23.769830798246076,2.330707412256782,-0.5260648218196178
22.5712499,7.948801248005805,-5.293918250615934,1.7563869951123117,-22.887612290117307,3.0867726223492564,2.018391813123015
22.581249900000003,7.813394996462722,-5.278761143087512,1.4610634083470306,-22.38757362702924,3.56154789587189,4.128822011033321
22.5912499,7.647621022182233,-5.260496240530605,1.1668050614548915,-22.675491263863563,4.023119755432869,5.875167756577084
22.601249900000003,7.516348068174445,-5.173039957935897,0.893230730457985,-24.306720857105155,4.785825255714827,7.336987380835318
22.6112499,7.38954513256482,-5.071030646874564,0.6305944561534037,-27.6196823708475,5.884534190365958,8.52342473164942
22.6212499,7.218796652667521,-5.054678675851529,0.35117400380595853,-32.57889508785543,7.595716040238358,9.710649617932312
22.6312499,7.033746972012624,-5.097043558680308,0.10476937010097942,-39.20261459598032,10.3564390288323,10.94779181095986
22.6412499,6.791976007294962,-5.126031466443858,-0.05731686289164522,-47.00906122508114,14.147471169891746,12.148670569060315
22.651249900000003,6.393728743297945,-5.179936800047211,-0.19406540698162164,-55.44510315130128,18.724308338336712,13.341185134688878
22.6612499,5.834427018929019,-5.315116470094866,-0.3163034858708967,-64.22324675643027,24.01252492927612,14.997109275136493
22.671249900000003,5.2089096277139095,-5.478282747953316,-0.4548047565260511,-72.73492334146323,29.900636665895746,17.85987657670428
22.6812499,4.585056647169302,-5.68037437063849,-0.6486690265419396,-80.01036176347212,36.12964706901276,22.251797088264066
22.691249900000003,3.9392202698578194,-5.779156714942984,-0.8401474262901718,-86.2386204942954,42.641133349841034,27.800988913728574
22.7012499,3.368468299545867,-5.601370331543745,-1.0353245122327326,-92.57358625558855,49.83691780245057,34.20299450248465
22.7112499,2.938719866085351,-5.309158572866949,-1.2182908758265,-99.30062889874306,57.97817449198931,41.47578980552497
22.7212499,2.6328755760744387,-4.9663688828703245,-1.3488032759837816,-106.50137370076892,66.91167021574948,49.20932541484706
22.7312499,2.36306998189192,-4.59041537124005,-1.450452822080831,-114.6243166806716,77.92850170352703,58.609148482240215
22.741249900000003,2.131633424524931,-4.297560671248947,-1.425197628470805,-122.40194346743293,90.67052223507864,70.87202824258657
22.7512499,2.0526165504020915,-4.117006395755013,-1.3082774043853493,-127.74044747339491,101.79575456733612,83.60459311726241
22.761249900000003,1.9500054077238418,-4.034043042124835,-1.175084432591134,-130.63305423876255,112.25270874155537,97.58243709600455
22.7712499,1.7501368100590073,-4.062781940219179,-0.8904763015630269,-131.1731174506547,122.53550404171865,113.19791922196747
22.7812499,1.4577410414896377,-4.302864711186614,-0.46457665058401965,-128.9435024957129,132.1008432297143,129.4883494775454
22.7912499,1.0979199508464068,-4.630139535937723,-0.11564170309998935,-123.13612507211468,141.01719670517116,145.6830678511065
22.8012499,0.7012675828512441,-4.8558418000579495,0.15794579414514998,-113.89039467034863,148.28734087098178,161.08397408058968
22.8112499,0.2720016209035839,-5.125225977442304,0.5447760908760223,-103.13198218362875,153.82674670545651,175.48471905633568
22.8212499,-0.034675287694020125,-5.317740194309753,0.9160788724392579,-92.3799993518191,158.6974585274367,188.97630446856547
22.831249900000003,-0.22633415925878675,-5.196069740574178,1.137509338641948,-82.4794834399509,163.0002825224655,201.32380412426363
22.8412499,-0.36602478184594184,-4.919297747351643,1.4152473195892086,-74.38589982620404,166.71220867940266,212.46237461620993
22.851249900000003,-0.4487971494250683,-4.842862708145233,1.9197940696127305,-68.26457121722545,170.3133476699569,223.03254079340377
22.8612499,-0.6891269943358963,-5.024052163208259,2.4093754457254897,-63.52120069592019,173.63373367556272,233.4519906527215
22.8712499,-1.0766735438414052,-5.2659557575800875,2.7483365432060287,-59.32804383814358,176.2545967495807,243.78391091838972
22.8812499,-1.450443537756355,-5.583057167641453,3.15844918042241,-55.527602324687635,177.84405953212368,253.80676022604203
22.8912499,-1.8400168280869247,-5.8861191954332766,3.6562570906435443,-52.98824757611961,178.57264180407407,263.0365009319226
22.901249900000003,-2.2138256942405756,-6.2641320507302565,4.100444013756786,-50.57899622136924,178.62162425640344,271.103657203767
22.9112499,-2.5780479056660695,-6.687402845904125,4.529261336586579,-48.05214237223315,176.88809862862368,278.318268727397
22.921249900000003,-2.9215428983359537,-6.978516834737581,5.127587060627771,-47.43871579045072,172.8707843958675,285.31045397353233
22.9312499,-3.1151799524024097,-7.892683090832275,6.332570877870939,-45.865670210306604,168.1190204919748,292.74189457913576
22.941249900000003,-3.12536953722068,-9.435560406859027,8.04751470333331,-39.782688257326605,162.72244067011692,302.7963802004024
22.9512499,-3.0830177717829326,-10.832871351659652,9.450686913694895,-28.418158248304373,155.2420990712131,315.22322253952456
22.9612499,-3.1449536067535284,-12.424629830305499,10.650332239842204,-13.818460975737139,146.55421997145666,326.3287615466363
22.9712499,-3.146870562576794,-13.99858738921598,11.778135763470495,4.40704650742503,137.0605423398235,335.4650025925796
22.9812499,-2.8922305045124075,-14.630320605342856,12.411850072514618,24.54798238750319,125.54446934007336,340.93286005578534
22.991249900000003,-2.3591051469298145,-15.211422530626843,13.19430379733082,42.85004523531377,111.44813679186112,342.5651554995474
23.0012499,-1.5832223600312987,-16.117775624419533,14.211869640343242,56.20290266564463,96.22909980927297,340.7726359261682
23.011249900000003,-0.5909503713032854,-16.84526455530416,15.521572247314626,63.95526909330396,78.86058807041692,332.37559160295405
23.0212499,0.38449710718801505,-17.87457953239455,17.29169025117626,69.60356390152631,56.06386246421313,313.4791913063132
23.0312499,1.3110323953682737,-18.88875589755383,18.516057766531937,75.58491712256237,27.116922076352203,285.7056940040759
23.0412499,2.387803935239571,-19.981531238866893,19.784015988019657,80.75645483620316,-7.344332925585715,253.230920769539
23.0512499,3.3947501425330833,-22.282755282339455,21.850866835034775,88.46935096896202,-46.24446861220128,217.92735973075557
23.0612499,4.14915809464621,-24.918772958208244,23.345521602839746,104.77364592993264,-89.45611191593437,178.38039115242793
23.0712499,5.0508940528903805,-26.39891270658842,23.935841235162126,124.73813090484549,-138.02169015408228,133.38760833271584
23.081249900000003,6.346869456866283,-26.81749502726338,25.33439620254755,136.50884841007647,-191.18599219008902,83.37835214128916
23.0912499,7.3942338101604905,-27.051590943027907,28.13867609484573,135.22050375538356,-249.18693547648778,28.675450811312388
23.101249900000003,7.141062099838,-28.102485948504064,32.47228678422073,125.05040634350529,-312.0223284759766,-33.0772252640421
23.1112499,5.022446216698507,-31.362510651261793,38.94343967586418,119.140719854993,-378.40881893530457,-104.62157100713927
23.1212499,0.6773346509072593,-37.046863582524004,45.517882388640665,137.68545612011232,-451.38324184585446,-186.7178308114562
23.1312499,-5.400342357120621,-42.583242725900746,49.1342628594609,187.8949367476222,-498.5385569176446,-278.41989665543554
23.1412499,-11.446723139084234,-46.93232924804407,49.11882451195271,256.7461485881944,-501.143944909858,-367.5434639771532
23.151249900000003,-18.399943355712207,-48.108569057887195,44.93250533564006,322.772960667116,-499.1918008523604,-437.5810529881578
23.1612499,-26.593561527070715,-42.34102553918851,37.78742879020679,336.46702744200286,-500.31808849306435,-483.2765773860922
23.171249900000003,-31.735192979854304,-35.847873877768194,31.04278758480439,286.7898169030068,-499.956889207111,-498.52610061489816
23.1812499,-36.23767876214821,-32.49719252171917,25.21236281768689,193.88397593309355,-499.8723253962085,-487.8037673176776
23.191249900000003,-41.741841268814525,-30.306154853724404,17.477874381528334,89.65611725361964,-500.4175236731731,-473.19777932489114
23.2012499,-41.20350351510186,-23.077123900988173,7.994639808909652,-7.053937965723737,-499.2362093032673,-478.5834238898587
23.2112499,-34.63339939460219,-12.239689815735709,3.424931738955394,-96.91680374750342,-500.3988687371845,-494.2663354247372
23.2212499,-36.86333253579795,-11.467719251976977,1.7376159116533139,-95.39735500037402,-502.14475091500134,-462.07992764145206
23.2312499,-44.48155171133964,-14.165149347543105,-8.500772611742784,-14.139503450825266,-454.2635690980419,-331.8206255288519
23.241249900000003,-41.23328634285003,-5.477420338555297,-19.581998505442986,53.221613988644236,-368.34122170055724,-169.70955400967787
23.2512499,-29.619608405664515,13.468201180776576,-21.776359433587018,59.59684533040167,-276.68453074873395,-67.87988694487451
23.261249900000003,-21.34280965170871,25.24153999017964,-20.62066451322609,0.25730501682516876,-174.56968709075898,-8.261136082126132
23.2712499,-18.416125280073498,21.78353772187431,-17.37012565243369,-85.59669449059645,-84.90871495272573,61.52130181686418
23.2812499,-18.36333010927829,13.679048569404411,-10.455130178025302,-149.63861917342888,-14.631554959595098,125.49858296426598
23.2912499,-20.351368562398722,5.890946338349983,-1.9926622893514745,-158.21831396701748,24.79508304155526,148.67295135851705
23.3012499,-19.69373801444269,-2.940187007560885,3.7781832936187465,-121.08316969855052,31.035623865959337,144.05705756727514
23.3112499,-14.211949775060363,-9.796825432375101,5.839706497128804,-66.78406057706786,22.850044790261858,133.06711069803717
23.3212499,-7.332376131131359,-12.006930652302861,5.4985721094824305,-16.406794965368494,14.391666850512829,120.26130462829029
23.331249900000003,-1.1464210007506326,-9.90738148570635,3.7391545826664805,10.865222029616902,11.103558182705285,104.18726019094852
23.3412499,4.6612173361968,-6.384729274050188,2.092496704290801,11.3172643625436,14.407563404817697,84.30608149832928
23.351249900000003,9.802663308167471,-4.617483827343988,1.3933079386309846,-2.9495160787613037,24.19029533956406,64.83982719838608
23.3612499,12.856591233093402,-4.951444037958489,0.8995679431299066,-20.35782866865786,37.456774007327176,48.88311639680627
23.3712499,13.396015900809799,-5.844023346512619,0.8114028031884011,-32.95117249517778,46.934423216149554,38.61860922129834
23.3812499,12.481588307331025,-6.4482390979046835,1.9321088400204025,-38.06269512911071,50.00529332892546,31.278463025866873
23.3912499,10.851374099053038,-7.187506732581417,3.3496051911925213,-37.89149610083112,49.10270823178685,21.968202591606953
23.401249900000003,9.090326245076382,-8.066329815409205,3.9984219388976765,-33.32836999780781,44.21272274054553,13.813681101559045
23.4112499,8.062424457760612,-8.588593279978724,4.175452371234908,-27.169008260896376,36.49195819567799,10.082259296393246
23.421249900000003,7.97307623295522,-8.693127866120202,4.297610057903323,-21.82411244264237,29.175026145173195,9.925905992233515
23.4312499,8.270581544271517,-8.376129609326012,4.125681701758407,-18.27167300725207,23.745453686844606,11.746241001562247
23.441249900000003,8.565373307796355,-7.730006109552807,3.809555002431276,-18.71463387337824,19.119725160154083,13.897929048289777
23.4512499,9.174475436014733,-7.012356750304015,3.687763443071009,-23.48326805906097,15.984875521430789,15.252210716569738
23.4612499,10.005935789113183,-6.263862487997441,3.51624517219068,-32.843998818972786,14.35131789178574,15.965624871985833
23.4712499,10.456580558582603,-5.754433312401458,3.163761610707985,-44.867347176989526,12.480276158855316,16.089659428742106
23.4812499,10.43029005387295,-5.432957565668804,2.6486484979404534,-58.66356981840897,10.20758996224563,15.766492798316818
23.491249900000003,10.021325657111895,-5.312722446652271,2.0846218504674576,-73.15944431595325,7.208977373685549,15.195388148077488
23.5012499,9.45411058487547,-5.289824355558694,1.4064519627513647,-87.32255855008152,3.598420603564783,15.002890240345153
23.511249900000003,9.010672377529652,-5.194844336832982,0.7371994079344582,-100.67621656516377,0.7162149670740716,15.572218006776026
23.5212499,9.038506801627268,-5.023467385149462,0.47236441154351017,-113.48069712389453,0.6008017207731657,16.043633336982264
23.5312499,9.358118494447167,-4.67825414279738,0.45631671856560657,-125.82128371395956,3.2274325772093517,15.1518532866684
23.5412499,9.386852127072727,-4.6665678232668615,0.4773962393351336,-135.11186481014877,5.684547125129138,12.845501722567617
23.5512499,9.28858062436469,-5.100490489173219,0.8280360473515636,-140.21075287893365,7.85603238075804,9.99396792129462
23.5612499,9.35437664123278,-5.304694947091175,1.224887095284211,-142.14543873498624,10.79803892182291,7.154252672260632
23.5712499,9.482847136769802,-5.410076539663336,1.3243109173742265,-139.7349170851983,14.520932115126778,4.4795007258973705
23.581249900000003,9.633715204346831,-5.452708864436543,1.382117762070027,-133.91295694501878,18.371754424635785,2.842003155597944
23.5912499,9.775196655151094,-5.105906038226058,1.606393887362322,-128.92714762199788,21.071634666466384,2.501960882398002
23.601249900000003,10.028010286550945,-5.098513249774486,1.9871604313557378,-120.05032816576345,24.682423628192495,2.4802923266652837
23.6112499,9.860809777217117,-5.0222766311903095,2.236279250195947,-109.49529844588189,26.76281477961743,2.2749200050519556
23.6212499,9.454775043887583,-5.188683492275671,2.4934340448171133,-93.97630684562246,26.759559343248682,2.634194828401343
23.6312499,9.219164421008891,-5.628067306556406,2.756981789781982,-72.45583399737424,26.20441866223296,4.029673655264724
23.6412499,9.080676438240054,-5.655485061245434,2.8230872363748607,-50.37656148484291,24.566159388729524,6.290544299782291
23.651249900000003,9.12368341314098,-5.4314631729365335,2.843364751164346,-29.61023050802096,22.446653672920707,8.714837975581526
23.6612499,9.13300442582394,-5.06459236531464,2.7466670142595087,-12.237989514790016,20.614308710185462,10.473224370941697
23.671249900000003,8.982898758712917,-4.534097951901038,2.5393489353491656,-0.45830458647008065,18.777738611368292,11.418472801266889
23.6812499,8.885753314843358,-4.088368845448633,2.5095347751574515,5.377385730081417,16.814954494481537,11.770383508899284
23.691249900000003,8.783212455353187,-3.9301813138940815,2.541245270963436,6.304921538625426,14.79577232380913,11.398702983598552
23.7012499,8.567952035690833,-3.9175692816706267,2.3153649129742133,4.770840657705902,13.145994685792624,10.690320395927024
23.7112499,8.315758536031193,-3.96736812059548,2.0889733954707563,0.9728636356786107,11.090443048931977,10.589992173036382
23.7212499,8.190094960531445,-4.171155100708563,2.075080262907198,-4.466316491463766,9.749395877912475,10.492896390564962
23.7312499,8.05383604006913,-4.077490037723005,2.021253690698254,-13.087611140206976,8.924179589345396,9.062463709515825
23.741249900000003,7.762707162276028,-3.9045573349475475,1.810287784137927,-22.84709317623516,6.742788263369668,6.621803090171069
23.7512499,7.750232848620226,-4.156211222129577,1.6431932108796308,-30.09749897320313,4.809637274736715,4.084098491073897
23.761249900000003,7.898613683294405,-4.615772602365866,1.603766565479722,-34.77650687959025,3.0135918794752095,2.4242016509058644
23.7712499,8.005385605434162,-5.051390992778446,1.7836696617060162,-35.87768623034276,1.753719304093996,1.6996744156419237
23.7812499,8.038048562935291,-5.339481846315067,1.9337862792760423,-33.00325499017842,1.0608522728485112,1.8124424103227343
23.7912499,8.109950423032881,-5.387511209750566,1.8958515902206992,-28.717482394619108,0.5491990262736591,2.6982018216305397
23.8012499,8.225510819795128,-5.358681933716932,1.7864844425554176,-24.60870745769808,0.48763484563560056,3.1530149108521504
23.8112499,8.120178513103637,-5.339783688970569,1.6731153512665367,-20.125585399130415,0.34794578768176876,3.0168783564561545
23.8212499,7.943911917738499,-5.235413162864401,1.5353037264467013,-16.04373139266323,-0.06821046623055507,2.990295481419022
23.831249900000003,7.909249913785559,-5.056850247751006,1.4050465708113646,-13.643328519101873,-0.19853963134777536,3.473315625715474
23.8412499,8.010847849283392,-4.958214992712982,1.474385952945323,-13.059712953198558,0.2833599542283861,4.086299596388033
23.851249900000003,8.096078133954297,-4.978840108300027,1.6981378697219467,-14.004928137428596,1.3396641721059184,4.189821191764569
23.8612499,7.954651614039439,-5.0149083668664085,1.773466639608637,-15.125385447729593,2.441770373213608,3.7233457487269006
23.8712499,7.709265514364199,-5.021469317132868,1.7421840104723076,-16.400444460788183,2.981427716014173,3.0480053941126823
23.8812499,7.520049660471676,-4.915644954752673,1.7296359811791084,-18.474368374327543,3.0109785210004176,2.5645608964208932
23.8912499,7.488289173848745,-4.935884438168788,1.7948679995284929,-19.684443238149377,3.1445074732047393,2.5289233924314036
23.901249900000003,7.5077156877219124,-5.39212356426173,1.9821371899481628,-18.256188886863825,3.2369703022814207,3.431754074604991
23.9112499,7.36282041231128,-6.123207275122057,2.1641591233662205,-13.141594655480146,2.767381897751741,5.460076147713161
23.921249900000003,7.205853932415378,-6.756217759669375,2.1967996258330285,-4.059552292349533,1.4468512807475324,8.244513771360449
23.9312499,7.268529312885135,-7.0675827375130185,2.141260989819673,7.025138257066906,-0.6159308591369852,10.961747392027274
23.941249900000003,7.453195256810738,-7.029127044961521,2.156626698393453,18.039439984569388,-2.7017614846590576,12.372085515126539
23.9512499,7.545220462079979,-6.7408967121422965,2.1244727682096713,27.478455042902947,-4.5989185120251,11.971578075718485
23.9612499,7.700438628432453,-6.4335040639047785,1.9839449549262036,34.411144448783325,-6.012133307048213,10.483629009742181
23.9712499,8.002235081817046,-6.1448679359538465,1.8696837241877127,37.903634515918704,-7.28144776071274,8.884381108259664
23.9812499,8.208864222411666,-5.775955862674941,1.7199456915641176,37.88311181059469,-8.52749317708142,7.589233950558793
23.991249900000003,8.225342524979217,-5.4288583990974795,1.4547540597710336,34.32266671608261,-10.04976512071623,6.838452372837075
24.0012499,8.25946305485123,-5.311116554473536,1.2132913103639924,28.513615223654057,-11.318455996796493,6.561863077462136
24.011249900000003,8.35295231576329,-5.313561216116048,1.1188562486216445,22.17938978350781,-11.970199107822594,6.413248566348094
24.0212499,8.324662123513502,-5.361985015580652,1.1892653884645898,16.157238871943004,-13.368665364796803,5.517873007011332
24.0312499,8.24629858153592,-5.5642654681975054,1.2224371107441176,11.49015052236829,-14.63962256678799,3.807576207280377
24.0412499,8.188418282073297,-5.861393254778603,1.1699284039411095,9.648078594523867,-15.020859922488963,2.1361154974270162
24.0512499,8.12790214781469,-6.100821956752353,1.1945297048278385,10.052664927203093,-15.402423053991217,1.2734039453624768
24.061249900000004,8.065292562399218,-6.174939203312565,1.2418241526006593,10.83688924022871,-15.475960353452168,1.125021845580147
24.0712499,7.988997198695703,-6.155766861589849,1.2625846456232854,11.522731967102708,-15.039664493277327,1.4299914883402445
24.081249900000003,7.906439082833138,-6.09031033089033,1.2515077796040655,11.470547129728613,-14.303828769476441,1.6466349233972424
24.0912499,7.777839775774316,-5.933025303826561,1.1633160270039482,10.121977641105273,-13.603850347616566,1.6444648299480267
24.101249900000003,7.678861146996125,-5.7985241753276675,1.0476074087350846,8.069991025702645,-12.961715647283352,1.5141801085873021
24.1112499,7.64084877443967,-5.7922359327243065,0.9916284819740742,5.528062690507475,-12.237499289657071,1.3015331343726824
24.1212499,7.66008758323318,-5.882029535895847,0.987859365777235,2.991965120320672,-10.999921827885474,1.2165605395317076
24.1312499,7.691916581213453,-5.976106306632018,1.0199885415571355,1.492794619504791,-9.426818233934867,1.422074979027931
24.1412499,7.664807500615475,-6.0884602160257595,1.0908656257566993,1.1225383306100152,-8.123367043323661,1.7616535957094404
24.151249900000003,7.5778758912752355,-6.262028992570173,1.1338830482980236,1.8495018174317843,-6.872360055842055,2.2102683544483797
24.1612499,7.461684088194677,-6.429497380613973,1.125550431827108,3.4487069347601897,-5.59447106960801,2.54313402783837
24.171249900000003,7.420159682985661,-6.541542162927183,1.0447065142337826,5.263023359437125,-4.442433131242627,2.5414044236600604
24.1812499,7.4035166752034485,-6.574593348846347,0.9461096977922985,6.405336807846255,-3.3758087205833385,2.766727274456885
24.191249900000003,7.314344504660531,-6.567786632975247,0.9290674153071741,6.209262577503244,-2.2488551461472093,3.2388654484711683
24.2012499,7.205987178234255,-6.514354793916922,0.9229064444500367,4.195752002286369,-0.7585152538246962,3.7141941050018104
24.2112499,7.120814269092182,-6.464339222897992,0.8440184767989395,0.7254979016900409,0.9740127994902957,4.1516156591740945
24.2212499,7.033618054402353,-6.504329753186696,0.7465864114604355,-3.5085081748633846,2.6831714012134866,4.6118785178032535
24.2312499,6.914842743842386,-6.548530859822686,0.613732756704366,-8.45374795656304,4.373696375676915,5.169372782602861
24.241249900000003,6.8261647542706445,-6.509548109449079,0.40914495058852207,-14.308212436337017,6.328649401630576,5.234700425197466
24.2512499,6.76609480090769,-6.4806021968233445,0.2575653945110777,-20.568795673674245,8.44673050624758,5.222539028773501
24.261249900000003,6.668117533807461,-6.601899878757445,0.18968044546422522,-26.223023100523335,10.92754240588199,5.515904843496268
24.2712499,6.566936225450371,-6.8185344038020865,0.1119787313641453,-31.399877632395864,14.021947602258864,6.421988374402432
24.2812499,6.481563648673729,-7.066492940767213,0.04095298309636545,-35.848736242886304,17.44010445446554,8.046417099457251
24.2912499,6.351801509699771,-7.250478325243793,-0.048684911189312126,-39.808004267629066,21.027577381349644,10.12397199853508
24.3012499,6.118796779653589,-7.280021582723268,-0.1644486824018991,-43.848398541365285,24.94972203952014,12.446540573785798
24.311249900000004,5.853381716419067,-7.311909787685295,-0.23773960548660164,-47.63002539748967,29.09195425390574,14.566945078321618
24.3212499,5.563357372619904,-7.439424233758121,-0.3030311039840491,-51.30043373799692,33.34600246593408,16.714783334950006
24.331249900000003,5.204550351827321,-7.482156213577122,-0.4011311894309549,-55.2282760846393,37.76416219203042,19.072899428942677
24.3412499,4.828015556677384,-7.369751211942577,-0.5098106610600516,-59.363098671203,41.98071572468317,21.51951444222996
24.351249900000003,4.505566161888997,-7.191217454823353,-0.5968828908347427,-63.54324840644662,46.4707639284611,23.862621213888687
24.3612499,4.228302372264039,-6.9931891262068895,-0.684260239065061,-67.59685161647327,51.4266927052041,26.57993341304923
24.3712499,3.955065348056206,-6.725587913606984,-0.7181629183734461,-72.07856027250203,56.87962156820088,29.73034405434772
24.3812499,3.651586401129483,-6.368942879778015,-0.715922862003267,-77.15469024338745,62.59676322239805,33.473055208201146
24.3912499,3.430510445324803,-6.1070340463656505,-0.7687248367241196,-81.6088348840949,69.0766444199383,38.03850879779658
24.401249900000003,3.1851674408013246,-5.857890831217118,-0.814212029994533,-86.45101239056382,76.57448661994657,43.31749032319787
24.4112499,2.8589959802082214,-5.586982281496533,-0.8413756364803335,-92.19252342661544,85.94197386592184,50.00180344870887
24.421249900000003,2.539979257673993,-5.3945364489500465,-0.8813997116593942,-96.6574433603171,95.1022724037621,57.0474586714556
24.4312499,2.2550981609960252,-5.349680628776079,-0.8694874615413041,-99.29898730397204,104.21043637801019,64.98654065793446
24.441249900000003,2.0437513236466613,-5.386355420464733,-0.7662848411190614,-100.75548936273265,114.1445111750977,74.91446552597138
24.4512499,1.9141292451193523,-5.433440692487831,-0.5393275548274247,-101.23182785313637,124.18671532279238,86.90714253276448
24.4612499,1.7351110195583679,-5.523532418462879,-0.2694023971595448,-100.57062359494896,134.21409797307356,100.29100113800207
24.4712499,1.4455097281162732,-5.653813243502694,-0.01596535560120309,-98.4170414398214,144.14830945457325,114.11089632931746
24.4812499,1.097036279892856,-5.822444246812721,0.28728437708351456,-93.83435924993208,153.0549278348197,127.50690509124166
24.491249900000003,0.7291479514946339,-6.0869779892823095,0.6752095439594891,-86.68330596857224,160.42476638425074,140.2876133301649
24.5012499,0.38224429160741646,-6.375737770525138,0.9944628320998984,-76.84543463895501,166.29354613373852,152.06982469202583
24.511249900000003,0.1113745089544645,-6.469381652264304,1.2032055970531372,-65.16381261063327,170.60137270308317,162.60479742702486
24.5212499,-0.035682971386101006,-6.478087426303535,1.493044230898531,-52.930311787843195,173.78081588137576,172.40422707018942
24.5312499,-0.11291929271350465,-6.479289858364199,1.874582885988475,-40.87858576872337,176.4410826832771,181.36756545458812
24.5412499,-0.19707159051883114,-6.413817836751836,2.1716636488661423,-30.03167114594806,178.21609765547385,189.49466970203002
24.5512499,-0.19979052883900053,-6.322605829629922,2.361946020301321,-21.283531113925477,178.84461859813788,196.94160028165751
24.561249900000004,-0.047635960091793765,-6.091275013723987,2.4971221303548643,-15.751530348920385,179.192747183707,203.63029752218603
24.5712499,0.03676628975463338,-5.846008121785883,2.7046051110568237,-13.418573932602945,179.0911053499976,209.5453775540689
24.581249900000003,0.0027268749298324925,-5.929986981086816,3.082579129117466,-13.393698991039104,178.22120083553705,214.7131898906746
24.5912499,-0.012316745496671265,-5.929209521614045,3.216838773597023,-15.774091182948053,176.77729292322945,219.5815296372748
24.601249900000003,-0.030674905232935614,-5.8456309620280225,3.419848741761279,-20.56864401559795,174.67185300473156,224.48310360501344
24.6112499,-0.10827758807498707,-6.4471823832352015,4.297526138868596,-27.280011506243582,172.42861467907994,230.77332295747323
24.6212499,-0.23483002525303526,-7.195206288962972,4.9103709737594246,-36.40278066822649,171.11520641183156,239.0738940525034
24.6312499,-0.3469473350272122,-7.421416935532269,5.011023068695474,-44.815452566275155,169.99232887799047,246.31631206057682
24.6412499,-0.4428007759424827,-7.943678925041832,5.592125817607549,-51.86162162448597,168.19901925910975,253.0775524340673
24.651249900000003,-0.6664798762434606,-8.787042159303127,6.197658958961322,-57.01516533478808,166.14257384939816,260.33886050978884
24.6612499,-1.0883616772925953,-9.424079665300543,6.4174547360389536,-58.82749036107721,162.6914223229354,266.83345391973256
24.671249900000003,-1.5235114458267494,-10.126935924756845,6.97802150880055,-56.95651358600282,156.7185937060352,272.35229600446496
24.6812499,-1.8892797119600968,-11.400626921152547,8.05862287136107,-50.50195209909509,148.41240040927323,276.7533475480916
24.691249900000003,-2.3843574638657863,-13.136633417858894,9.078756400084526,-39.06703241125955,137.77136380771967,280.30491219828724
24.7012499,-2.9920589926699637,-14.585612518585206,9.665506611987496,-23.548867087865865,124.8954345298567,281.29236898642046
24.7112499,-3.279285523621119,-15.58959565012295,10.022879243085324,-3.6614156137437934,108.94506741588097,277.2518482131677
24.7212499,-3.0640840023670455,-16.96733510893948,10.992137009039917,22.043778890574337,89.617477638793,269.2452512161562
24.7312499,-2.7491958032034054,-18.988851313125554,12.518942893314852,53.76206322164907,67.91323213780103,259.44153775820706
24.741249900000003,-2.352971810111063,-20.584797283595137,13.511997457543403,89.67770942609334,45.449673676727755,248.23575624161495
24.7512499,-1.6429092808839771,-21.156117968791047,14.167260865339726,125.94732517341942,21.777095445186394,235.87441665088846
24.761249900000003,-0.7249899029523917,-21.226932893997105,14.847332060152716,156.24462830566353,-3.0368453459178975,223.4420022455457
24.7712499,0.4948379907945036,-19.854255846101978,14.891509061542315,168.7404707433063,-28.123393821957283,208.6123927818505
24.7812499,1.9780933439553154,-17.19144090672484,14.971870087298152,158.59643223816914,-53.93423978172161,189.2023474023728
24.7912499,3.1037255643776556,-16.225180959294818,15.736464975358203,136.06281425845305,-81.10003073236878,166.1336744588273
24.8012499,3.933027588919791,-16.05316792451952,16.902920447881424,98.91493643199641,-113.35812666776849,138.1599392026104
24.811249900000004,4.891806396915545,-15.909786374504277,18.458664976043156,54.71413369822635,-150.9464883874811,104.13520095011296
24.8212499,6.114132861160662,-17.537879932639594,20.768870419986058,11.13176584581287,-196.7155706924232,55.821567893773675
24.831249900000003,7.053904176211241,-21.01175549601299,24.095502826936176,-27.28650673689029,-249.9005959881343,-7.067305909851457
24.8412499,7.058178789301706,-25.05730246883284,27.988285871286788,-43.800878718534214,-298.1407312315414,-69.95711022046953
24.851249900000003,5.905625611329072,-30.72790532743177,33.43093867839087,-38.225931154032835,-348.3195930943225,-139.0970141103147
24.8612499,2.591437436741596,-38.765312197767834,39.70950402744046,-6.62117074369829,-399.0542859561172,-218.17408496398917
24.8712499,-3.228393521517834,-45.84933796177513,43.895730343493675,56.23528205995393,-451.48549362203937,-308.59903832384936
24.8812499,-10.082764249033394,-49.24372447612865,45.66707400366087,134.591490987482,-493.9447757874022,-413.5854307868052
24.8912499,-17.066890034060787,-50.925530913230844,45.05596705481197,213.7772890697172,-501.79029766540225,-491.0968149370369
24.901249900000003,-24.182915694352328,-49.00581243002392,41.25530982429182,257.6853649350254,-499.2947699026959,-502.7447553773317
24.9112499,-30.5797198308668,-42.85161469609358,34.827324975707945,246.39578034720753,-500.02904310837664,-498.73001893002845
24.921249900000003,-36.01867489911833,-37.13387756695272,27.083934254959598,200.03692852442234,-500.3223300886392,-500.19098299559715
24.9312499,-41.857949479661485,-33.10789761390508,18.329065308624422,128.21167303964017,-499.6822831428069,-500.6323380312703
24.941249900000003,-45.47857825726204,-28.452611215625183,8.313181570491047,58.96298320036789,-499.3680991228766,-498.57264024931817
24.9512499,-45.02325200416399,-19.476293304263756,0.06269460677312647,12.372879631823002,-503.5448707984533,-501.4916295724828
24.9612499,-47.11620553286347,-10.989552355236038,-5.131978632205274,1.8115285592261017,-468.526138478165,-498.89749766040137
24.9712499,-48.73825366640675,-9.767073814824904,-13.452467671319987,43.00183312446602,-381.7249452921743,-403.743490426192
24.9812499,-41.15014198153757,-5.6205912110112,-24.48045664525886,104.98806408754453,-306.42398874511764,-234.1240901780004
24.991249900000003,-30.110796929208938,10.432364363217626,-29.897425654484028,108.81436555811393,-241.82184363724807,-104.35469529615484
25.0012499,-22.34754144811697,24.042317921999544,-27.711297408706223,34.6785800589339,-168.01591329121956,-37.91570091051169
25.011249900000003,-16.99746633400022,23.935864209802507,-23.036663578218207,-67.50618232059782,-95.8912759416946,16.941986733581054
25.0212499,-14.551128237490849,16.104567510258928,-17.22501689194714,-157.35584683880248,-36.16775540564383,80.04027462036349
25.0312499,-16.123686626678627,5.726042469063314,-8.278373675472082,-199.9225452420647,6.034477138116895,124.98710446721651
25.0412499,-16.952069803267573,-5.012299567630239,-0.6164749086081966,-177.37672349250772,23.94924831192095,138.59730283093063
25.0512499,-13.920270921163048,-12.18247725584257,3.140192715291826,-121.07335023590802,21.994673625803717,133.95629180024324
25.061249900000004,-8.894389720471608,-14.841337764412115,5.085388467154218,-63.671295973697596,19.492190629074155,126.56529523717782
25.0712499,-3.5746403655846204,-13.259600532266878,5.116956946829638,-22.070171140881335,24.590608139979885,117.80395447623427
25.081249900000003,1.7870108653910535,-9.546793193763603,4.145843808867498,-2.8670182535423043,32.60422374744975,104.43524136333657
25.0912499,7.571268789351488,-5.99312764585806,3.5915577275885084,-1.5849580828659489,39.9782944421086,87.01654847417954
25.101249900000003,12.629470272137894,-4.472295573197422,3.460921650739349,-7.692716098711539,46.501526342066576,69.99952268026304
25.1112499,15.144184635128733,-5.226815803304787,3.65796978528729,-12.427066669814591,50.4730328335091,56.25067715593481
25.1212499,15.140872571931158,-6.748259840604785,4.102662177400255,-12.455903316805713,50.532642532952146,43.89942602025152
25.1312499,14.160664207514836,-7.961629237267993,4.46327432164262,-8.682578254335175,48.12878422949288,31.8105194619295
25.1412499,13.33014641196153,-8.656978841633338,4.831551954768683,-5.517429018685428,45.08948109443739,21.188404261090472
25.151249900000003,12.930737096683103,-8.991791049047412,5.260815913622745,-5.244354034997879,43.105936354972165,12.568356160678501
25.1612499,12.293334401803655,-8.955890120430889,5.307881824212001,-6.657375852546145,42.05151047846463,5.436594886512633
25.171249900000003,11.102969595122385,-8.570783561645333,4.968811974770332,-8.54232738244698,39.504549264352995,-1.280478206177021
25.1812499,10.198019615894538,-8.145780549841199,4.83479592373153,-11.0902387601791,35.61221789350688,-7.772117462549777
25.191249900000003,9.734570969689486,-8.119255795424808,5.072655419502634,-13.15172452608691,30.42257179988537,-13.108290678637415
25.2012499,9.547178349587835,-8.308957294566511,5.0688286904295685,-13.57533607798035,23.20488226799463,-16.522737317553943
25.2112499,9.672921570990177,-8.15428463297657,4.69913420340742,-13.107172908567088,13.781541373913097,-18.465348486583572
25.2212499,9.926027640238697,-7.663062210025759,4.386932539029007,-13.2418435800808,3.348967490078293,-19.943986743595932
25.2312499,10.084730577932266,-7.1055610548823696,4.092871339027876,-15.139383646616952,-6.863273440563165,-21.32378806971961
25.241249900000003,10.03096390682996,-6.401890581149374,3.6914981235478264,-21.287201953616325,-16.996245897524034,-23.107557876120893
25.2512499,9.963009156045379,-5.611635083723784,3.3921207250127328,-32.08066330248931,-24.492557195081815,-25.635375369193383
25.261249900000003,9.917015516551546,-5.105215494918566,3.2850622864592878,-45.04582849965035,-27.91954001881039,-28.592424127254052
25.2712499,9.703983074397414,-4.857512713843121,3.202399433478602,-59.55053452546166,-29.93226890866703,-31.77513409264032
25.2812499,9.355966911152832,-4.800759253155058,3.031093100992717,-73.52112641925571,-31.561360927546474,-35.042997043415724
25.2912499,9.046911839050036,-4.79705727741281,2.6740376304397864,-84.84966528825217,-33.07192393944295,-38.00258871630822
25.3012499,8.777214870926441,-4.781325434528232,2.3874986358052994,-92.48552453863032,-34.75288755224555,-40.72741952399443
25.311249900000004,8.516593432509506,-4.878770264020613,2.4643538069540103,-95.60706472616887,-36.365669485765,-43.413489214855545
25.3212499,8.250899590863769,-4.878866842244434,2.5337263589997936,-95.3224422543881,-37.52307798079582,-45.6441193282782
25.331249900000003,8.0933838585379,-4.766826388562777,2.5479671450007393,-91.51274606447589,-37.8095302893784,-47.36872564290878
25.3412499,7.980492960691167,-4.661686254364955,2.7899815086026183,-84.82491617787043,-37.6934286657425,-48.29169426257173
25.351249900000003,7.961569396037375,-4.6499643354475,2.9523672687318125,-75.81759867979781,-35.40340759894348,-47.517522822446026
25.3612499,7.89780790266175,-4.661584891381751,3.0512150107944254,-64.70930841411352,-31.855393964783122,-45.014806185185876
25.3712499,7.56234874798253,-4.421256534791302,3.186509079863543,-53.7332772215735,-29.58779736674647,-41.78443452280527
25.3812499,7.331507757109864,-4.31084495682508,3.057570909547306,-40.848271405172135,-26.966948535478664,-38.05522445431988
25.3912499,7.232009987145977,-4.26531186978429,2.755514636045862,-26.445055099328375,-24.028182682711964,-33.572633023163945
25.401249900000003,7.149884238510836,-4.084680547936503,2.5959038596943107,-13.941341717530463,-22.080379750026253,-28.85175683752107
25.4112499,7.046056184620833,-3.7211287990214807,2.414216644444622,-4.537955011860109,-21.004193761584332,-24.68713189514546
25.421249900000003,7.009251164045893,-3.2901845083685735,2.0749023025456097,2.2789477630313977,-19.657505798531496,-21.491402338360185
25.4312499,7.04394654420072,-3.00892087887707,1.850058225987714,6.432868041243626,-18.06953983749576,-18.690581443170462
25.441249900000003,7.135493458861813,-3.004228381792616,1.8281388072694555,8.161760478506299,-16.359307573571815,-15.607864835436272
25.4512499,7.240793290143027,-3.0517672971824856,1.6187098117912495,8.15235640168533,-14.489601150030078,-12.510084441861236
25.4612499,7.3360118020819325,-2.9064765908252244,1.3155388187178514,7.159196559454806,-13.294319591223049,-10.42011207036174
25.4712499,7.564105147945444,-2.9362054220751803,1.1652106275283949,5.818871374554482,-12.68270971593598,-8.943004679321893
25.4812499,7.825073231576947,-3.194051470996291,1.012883072430353,4.584223502740613,-12.408878291656029,-7.20310442101927
25.491249900000003,8.011679596410778,-3.379847845362261,0.8197216871511642,3.762399759299792,-12.462244688572591,-5.359797920836773
25.5012499,8.224326954721798,-3.428334831633,0.6554489733735813,3.2185534756230214,-12.54427462759339,-3.4044873338521886
25.511249900000003,8.393756221697254,-3.485892773677029,0.6083236137166165,2.704171236518202,-13.001474733056048,-1.350351144830124
25.5212499,8.46659297635875,-3.5351832665274867,0.5443324619535589,1.463228392493007,-13.944154147763697,0.6279372376576726
25.5312499,8.555227642342347,-3.5265429785648377,0.3001108164721411,-0.3957509789901481,-14.47969424802335,2.263732954427764
25.5412499,8.60368067244686,-3.46887747664936,0.10898052281300172,-3.5830687002886017,-14.908183247481341,3.4934438623272897
25.5512499,8.685467556614398,-3.477802537807968,0.03674839998256876,-8.27506547513302,-15.364547179168722,4.500136056800464
25.561249900000004,8.777951332170813,-3.599829841731399,-0.034433453394137364,-13.436032960626646,-15.705319701828843,5.346297503198561
25.5712499,8.72400515865456,-3.8002617024325533,-0.07926033301682234,-18.50425264002295,-15.555509748743388,6.188991075410703
25.581249900000003,8.654317942619079,-4.1333210354776275,-0.07666336952041733,-22.309754763239873,-14.099835474702632,7.493957378508859
25.5912499,8.654432768426586,-4.55712007484578,-0.026664843940008263,-24.574151593143753,-11.666242126818863,9.280676635913457
25.601249900000003,8.50573879388572,-4.933805106319186,0.06175378282162747,-25.33767797145843,-9.3232336479805,11.123206006477643
25.6112499,8.139503225774995,-4.947646037680432,0.12088559359195578,-26.88623327693586,-8.584269397993458,12.008023759697107
25.6212499,8.278769943452165,-4.950004728148704,0.15365525258724472,-27.156937958182596,-6.623971284812847,11.530171321715018
25.6312499,8.599971631320075,-5.149068422712391,0.26452683965385476,-24.708088355808705,-3.181655675385477,10.302673655877562
25.6412499,8.3869092146191,-5.114773148130961,0.33504597352789767,-24.151441783432045,-1.3812596035642326,8.990828266686353
25.651249900000003,8.39270043219191,-5.347042104386295,0.398328171590587,-22.128681568283465,1.0334283370227872,7.916825256748798
25.6612499,8.476558965635858,-5.585046955674436,0.45783906835606103,-18.099625596265366,4.413882255572234,7.17729322643377
25.671249900000003,8.407123532204832,-5.579683563613581,0.41827858024080483,-14.113997674524224,6.660615605137505,6.633423842548856
25.6812499,8.34534056398897,-5.455293025420404,0.42097882882250787,-10.496669575892385,7.74525762167396,5.860404018371958
25.691249900000003,8.48245406294916,-5.429159670751153,0.5022876366759205,-6.309470211695351,9.832888850261751,4.906373557858629
25.7012499,8.609968916686958,-5.430585983587396,0.531579955299204,-1.966743507319851,12.04013476023215,4.286462204213109
25.7112499,8.618396064389065,-5.2184820649219,0.49677363044798895,0.9217077624080181,13.552529485620159,4.047599793316036
25.7212499,8.704434964629183,-4.940719100823701,0.46443104827701504,2.5978234963903266,15.202689468479134,3.856739612236754
25.7312499,8.805607771227296,-4.658255750620269,0.4840572715453385,1.7189144657674627,17.386780797208292,3.6606348615235054
25.741249900000003,8.845733852908966,-4.448274950066573,0.5528254925023198,-1.0180368928867098,19.72058263678544,3.5306807928992843
25.7512499,8.803961605375394,-4.36100947126973,0.6064897901919422,-3.9633150939343005,20.88020423179004,3.3797772869279887
25.761249900000003,8.681821689975635,-4.378492088207336,0.6869550991262364,-7.273553172481072,21.66100822223688,3.4127141026288705
25.7712499,8.561829795647462,-4.554601415506212,0.7716267828062007,-9.90392668373267,21.533602088976394,4.055257199680447
25.7812499,8.467590631160975,-4.665990734012156,0.8571617274163811,-11.874980524040568,20.205168803953946,4.816159716493057
25.7912499,8.489240691087526,-4.839121054912311,0.9950290370554868,-12.17367201767046,19.057461522415437,5.412853952226266
25.8012499,8.467490521517925,-4.958296124887181,1.161443613849423,-11.974886258943982,18.129013389968833,5.897009376206224
25.811249900000004,8.416510770988541,-5.02039005787947,1.3240594618959451,-11.697985441384633,17.14520469737628,6.2152778416962455
25.8212499,8.401664441594297,-5.114693091827843,1.4705731684789132,-11.325532845001403,16.568752758478425,6.136526586269763
25.831249900000003,8.407667629868225,-5.272083510587542,1.6002685956124467,-10.273134055578884,16.38303207714993,5.999353116212116
25.8412499,8.382276136577772,-5.377214937097709,1.6494077239877958,-8.597472213574221,15.591924317435893,6.021520518873259
25.851249900000003,8.305125772663638,-5.383085991591244,1.6245275356682611,-7.1534135860008154,14.200756726373635,6.072147177823043
25.8612499,8.2982705764935,-5.411524847173527,1.562520203574759,-5.8045739323701735,13.03849458641365,6.10944160666921
25.8712499,8.27238192500408,-5.359289866624435,1.5446348150459857,-5.6102645190435485,11.675598315539384,5.971517348762992
25.8812499,8.256355819007766,-5.3003639747734885,1.5666960840527737,-6.539500854079689,10.575227123712775,5.498443532123457
25.8912499,8.311752046978429,-5.275353938141458,1.5053877992722535,-8.146159887385714,9.699947966133005,4.9650777179874614
25.901249900000003,8.287574625938156,-5.2243940796054655,1.411184629511175,-10.58170157133989,8.758829452016133,4.525024958241942
25.9112499,8.199460738766977,-5.210776081672559,1.330906308191279,-13.207869487384466,7.821977485173831,4.211749610327706
25.921249900000003,8.078813559412046,-5.24277908292238,1.23422601416924,-15.95714289935577,6.913635949052505,4.384129896770997
25.9312499,7.943291331431181,-5.321932664923088,1.1633908820100816,-18.484012927032225,6.067614656749021,4.9602259437093466
25.941249900000003,7.803241803961889,-5.486502932700253,1.0434386438837797,-20.518848005876702,5.499876875147701,5.93233114563691
25.9512499,7.660360227655214,-5.680448472206354,0.8841978949200953,-22.219748270986333,5.247075127130892,7.447428991237392
25.9612499,7.509085596062917,-5.828042539116296,0.7520368878571224,-23.83358727204095,5.077631073460879,9.128831770637033
25.9712499,7.358165469091933,-5.911368463291267,0.5456438644199656,-25.247540351276875,5.287824262977079,10.82457543614093
25.9812499,7.270265495223701,-5.9474283860450505,0.33905760262129225,-26.86733193235878,6.030162639025233,12.560553234068456
25.991249900000003,7.214699878439153,-5.942780584956679,0.19030022968483112,-29.147818734302597,7.183815454231255,14.157884397689363
26.0012499,7.11254248146041,-5.88854046304018,-0.055621708183523584,-32.51603513649713,8.696693364817584,15.732065476089018
26.011249900000003,7.017379566896441,-5.900030738253244,-0.37046100132386933,-36.655539575753764,11.25434766635405,17.491653652950088
26.0212499,6.843655517406142,-5.923417270715863,-0.6048302179354179,-42.35770217492687,14.641980666447685,19.44095159482714
26.0312499,6.589497009514562,-5.883608513057805,-0.7921489943783068,-49.15306315987219,18.902215321701778,21.28706228252041
26.0412499,6.328913150561231,-5.857445591752851,-1.0380421213854576,-56.59055289904716,23.88079725885371,23.08877022649687
26.0512499,6.030759387349217,-5.902975799940597,-1.2754386617883156,-64.42292633394979,29.587449732242007,25.184387836032545
26.061249900000004,5.720813835282706,-6.00234600054096,-1.4282433617083201,-71.52116414493403,35.85113649683419,27.697901082205895
26.0712499,5.374481408754546,-6.118990895802096,-1.5395153302889881,-77.51172079472123,43.01203852391101,31.27042648451714
26.081249900000003,4.9152691441751255,-6.164726697426944,-1.6201222276920908,-82.1903200675657,51.65948479677755,36.34586581199464
26.0912499,4.513605405430025,-6.080029633015481,-1.6593296036771847,-85.09888272287617,59.908034715503355,41.90245082695283
26.101249900000003,4.152595048365656,-5.938372302989852,-1.6712782160087516,-86.89874133824408,67.94404845177748,48.33456637247716
26.1112499,3.742950806256863,-5.773419967183795,-1.6482768281587883,-87.64132517697885,76.34231732736814,55.709477955832256
26.1212499,3.3136779292504235,-5.597956237711079,-1.5220757820393362,-88.08942424772128,84.81889125819968,63.96759804689168
26.1312499,2.9073187537009835,-5.453073696702046,-1.3258075261529447,-88.32257022798167,93.23597191453986,73.28781744999588
26.1412499,2.4910369614718983,-5.272504265265205,-1.1791829144458004,-87.52332618306905,101.3981907866151,83.49009818532208
26.151249900000003,2.023910308774149,-5.1251729158579495,-0.9507501293018812,-86.09418563364095,108.99023606577583,94.20391874807873
26.1612499,1.606630977438803,-5.013483593085996,-0.6758340112662586,-84.23626493718585,116.06469245264685,105.47251613943075
26.171249900000003,1.2723665909979824,-4.803516314769342,-0.5065246709276445,-82.16758692602251,122.92383979535111,117.17185538023129
26.1812499,0.9613187249785285,-4.548693200822381,-0.3220741034413053,-80.11474620849991,129.39035903311617,128.94575736647877
26.191249900000003,0.7264726363226534,-4.279924584153746,-0.10753444000091932,-78.37089770226642,135.4604801099898,140.7318913524986
26.2012499,0.5528587723120769,-4.006881632954823,0.06865259440480603,-76.79469459466705,141.34142212668536,152.84308935999331
26.2112499,0.39423171838640386,-3.810906460690863,0.2627255650271892,-74.66791500650369,147.06911688324317,165.3555830114055
26.2212499,0.27966577774965273,-3.6677813118737053,0.48616264699043815,-71.74010557489909,152.79623909726064,178.37901327474458
26.2312499,0.22233698108292566,-3.509731031708944,0.7234267241901946,-68.02737468790545,158.29986008989877,192.16046830092483
26.241249900000003,0.1628309999315402,-3.41749485635973,1.0262685820553954,-63.455541609888954,163.6911412891387,206.46537723721985
26.2512499,0.02667868778929945,-3.5541427562268226,1.4385057534247496,-58.083926829459685,169.01230654919456,220.55744590933887
26.261249900000003,-0.228611212433842,-3.8875546864419412,1.8816255398843145,-51.70465722528297,173.48012301249253,234.2687909760045
26.2712499,-0.5654296924157569,-4.057083390848107,2.138763063504615,-44.98624234744192,176.48782712371306,246.8777414617097
26.2812499,-0.9090626379965137,-4.315416554313171,2.5436832404805108,-38.44521380055426,178.93648793194168,260.458140439938
26.2912499,-1.1886329621037561,-5.052611441814741,3.38790869676835,-30.922016078966617,181.10454229271764,275.842614821162
26.3012499,-1.4072428299210322,-5.618169040717542,4.084353184298875,-25.1060482699217,182.27363771246794,288.94026853792525
26.311249900000004,-1.6297974103754675,-5.986405763777364,4.593326408321706,-19.83134164386933,182.9029310395397,300.83635257992285
26.3212499,-1.9316297251635717,-6.999593428495668,5.611995638831341,-13.06290118580594,182.7862499556407,312.31076651728006
26.331249900000003,-2.353707107671423,-8.462744983336181,6.654463302350297,-5.2952570882145595,181.51569908236237,323.5721831850901
26.3412499,-2.8599059433900353,-9.397608619340966,6.843690211268773,3.4065251924024094,178.63555514814283,333.2679526492123
26.351249900000003,-3.343462489494319,-10.140974610118501,7.2479699925544425,12.95893807506909,173.5280664632219,339.92506711583184
26.3612499,-3.629847708274301,-11.074490353704322,8.39740005442083,21.604459801582035,167.2060095026315,344.1798534514257
26.3712499,-3.8604516843156977,-11.94321022139048,9.375995255131729,28.689702804209336,159.73314324442248,346.25608856093885
26.3812499,-4.233524530902254,-12.943740502789199,10.260006376255584,33.90791842593559,149.99750265162862,346.11581722328975
26.3912499,-4.713192389984825,-14.203734694828093,11.527969519943348,35.77457227175911,137.77602367775458,343.1730305835415
26.401249900000003,-5.079468167775095,-15.400759604521186,12.73697614788329,33.771800705867,121.92367932974973,335.5179937163109
26.4112499,-4.889499191678721,-16.52166009226031,13.532255745532542,30.417023467075428,101.57855286424817,322.20052578965567
26.421249900000003,-4.128093106027074,-17.8116257825075,14.417553327101452,30.401227801011252,77.32045718791679,304.4876691668814
26.4312499,-3.097152752879052,-19.696814199013527,16.451081525915715,35.6481512158945,49.677880646715124,284.64444126499427
26.441249900000003,-2.069344173973922,-22.302584420804312,18.8986994731432,46.08796880978679,19.846837312274715,263.4587424054228
26.4512499,-1.477832728484868,-24.27580428814956,19.834831274434904,63.12119885506026,-12.901629936598487,237.5806904077276
26.4612499,-0.7955511918588012,-24.823851858633077,20.104458513710647,78.82697289742003,-51.651368907560695,203.87766185321527
26.4712499,0.8837725395561472,-25.02473617276557,21.214670521883974,87.8263429878347,-95.04622993673108,163.2492875918963
26.4812499,2.7299376550808057,-24.93772332733632,22.344861765803472,90.85380362768852,-139.54663636259667,118.23913690207199
26.491249900000003,4.138682230567661,-24.998540877543814,23.977368017793438,85.90199531919801,-192.9426928557114,64.81427876424695
26.5012499,5.788449010238699,-27.31087857520595,27.62859088825412,81.4601314108244,-256.2381384553552,5.215580655625461
26.511249900000003,7.021322034980434,-31.627789283644965,33.4650173530103,84.94818169014964,-313.60676478238946,-48.16024112924109
26.5212499,5.563519680547218,-37.495696535048346,40.426952608299814,101.63393171470008,-372.93448903370694,-110.08495147067906
26.5312499,0.8597088272612279,-43.02180771574592,44.291832639994404,139.6021148447118,-444.93191255936586,-193.5155386714589
26.5412499,-4.867110296714099,-44.15020160372407,44.413562242473546,177.49526363404064,-496.8824493087442,-291.3677234154628
26.5512499,-10.909058242662235,-42.389638495333834,42.97472292009873,197.51972779028756,-501.5632655204302,-391.20956635509145
26.561249900000004,-17.190233766883303,-40.95599297523508,40.394812268087726,190.6547861809935,-499.10231578072626,-472.3298997630282
26.5712499,-22.108024858363947,-39.879184268492246,35.789080036067844,162.20110112353908,-500.29503978772277,-502.1004491517544
26.581249900000003,-26.40884146355952,-37.06185757452488,29.53132210511598,115.99458159763057,-499.8768994221686,-499.5205041286052
26.5912499,-34.21587318174375,-33.872876816925206,22.541905940867725,46.35230263486955,-500.3543217062028,-500.27108269919376
26.601249900000003,-43.26776789551471,-31.812291381153717,12.042155291126734,-12.817680757920368,-499.3153310381109,-499.5423049256005
26.6112499,-44.967524942966214,-23.181723562569825,2.824531334320847,-46.45084241075538,-500.2487071882552,-499.3008637795842
26.6212499,-45.01571699881827,-12.211538479382781,0.26089419764686766,-55.315637373933754,-502.3148505802065,-505.0518256732436
26.6312499,-48.10775936627236,-11.01073815598677,-6.152028843668258,-1.6070185687010032,-454.2671133899896,-437.60579424189245
26.6412499,-43.68915901792133,-8.019278950823836,-16.77488948446921,77.52043881538738,-368.13790104271027,-285.7562852270308
26.651249900000003,-33.20941889542761,8.388108328946304,-21.70909323790574,101.52193613980609,-296.07824535355894,-170.6437413444191
26.6612499,-25.043805542723398,21.471001485315828,-20.675614082071238,52.131240703330455,-220.08152717381714,-108.42209918906138
26.671249900000003,-20.48416835697644,20.577122550418814,-18.385764642567445,-28.76355273843843,-139.11997042195475,-46.77456988848026
26.6812499,-18.631070124127362,15.580363387268896,-14.758303634643054,-115.35172520777965,-74.01015592401012,16.983413116208695
26.691249900000003,-18.07491990952616,10.336593505780504,-7.446374817085423,-174.8506703971162,-28.75411652090648,52.616464744087594
26.7012499,-17.574186764096027,0.6951200110620657,0.134948294783232,-177.29762357689407,-1.910518441406498,61.55274906112411
26.7112499,-14.65516830404158,-9.202006956460867,4.108616844342106,-131.84174913973465,6.55090005736967,64.12661413588263
26.7212499,-8.50162819264698,-12.664427229261777,5.0291712016388175,-75.23082319392803,5.850679263248458,65.78907159342664
26.7312499,-1.807533695858343,-11.371121395904535,4.345889124873236,-27.200102994205366,4.1243060617842815,63.878448146571706
26.741249900000003,4.068435570738829,-7.6861662539329485,3.230820594007046,-0.9757985563951346,4.871964389856403,59.0867214366582
26.7512499,9.530768635368453,-4.63287898190168,3.149369223716463,2.5443367142260707,11.05728407455661,51.618413710130746
26.761249900000003,13.624950038681817,-3.756531755908272,3.6156282689900237,-4.779440067666563,20.42341318019877,40.46347153405236
26.7712499,14.770178996164653,-4.039965914581236,3.4536379248071984,-13.382768109515123,28.51927202443756,26.309835941426943
26.7812499,13.511910073269666,-4.94114139692866,2.9096490076373493,-17.91413853232798,31.84341388084248,12.264201952129172
26.7912499,11.866776813151255,-5.951659393771285,2.6430466852466408,-18.73286103137731,30.464171720210178,0.43039714691752184
26.8012499,10.942715601484494,-6.870774123978229,2.342563584818415,-16.930737363091698,27.954229123894205,-8.958070254027039
26.811249900000004,10.787129366937158,-7.530434471686633,1.942868915621273,-11.080491375505948,26.421952303324172,-15.992006269392466
26.8212499,10.818375500338673,-7.299455670336323,2.1362727030822692,-7.197824364685457,24.861834057642433,-21.440527787520892
26.831249900000003,10.755294006373994,-6.881637525261535,3.0326772761322243,-7.87261866051302,24.056085790944817,-25.654403380787613
26.8412499,10.606184975090818,-6.765462169946087,3.9821767613228016,-9.75580940295317,24.367266341846197,-29.01852446540793
26.851249900000003,10.343497114716635,-6.612220765305513,4.465954327841892,-12.194517367750555,24.317750222648847,-31.215533049206783
26.8612499,9.92347741025831,-6.390781692443456,4.514887385236566,-14.976198972069735,22.65419222477394,-32.211573399015336
26.8712499,9.427389303480618,-6.164539243910877,4.32311220518718,-18.961008970213797,19.18988698537367,-32.5389077647535
26.8812499,8.946214018101596,-5.978436905595137,4.048522521851181,-24.149860366807648,14.3553626421636,-32.51140804985234
26.8912499,8.631303583922838,-5.649043550544629,3.6513702588515318,-30.667432131499652,9.73509418417849,-32.051029193375555
26.901249900000003,8.508092487038859,-5.028256951313466,3.1383188865145217,-38.964389994003554,6.059630424178463,-31.813876507783313
26.9112499,8.273088998791714,-4.646489480288113,2.805118950888056,-48.20952582454378,2.010944777382753,-32.580935165347796
26.921249900000003,8.01312995526987,-4.474124912223898,2.5350515413118035,-55.50725294058197,-1.0813642914768014,-33.30185475574178
26.9312499,7.8762950611323665,-4.249504862250394,2.31738218952603,-59.6877681341536,-2.5653680440847766,-33.43670330683313
26.941249900000003,7.770490360487914,-4.21483918167491,2.3491624941956397,-61.472176737348235,-4.079959161286012,-32.42942846262948
26.9512499,7.752230924857412,-4.355315260958711,2.545829236848006,-60.53215169995286,-5.4191952272756145,-29.452505911330874
26.9612499,7.903133882899028,-4.404784603077809,2.667189086749975,-56.66378664988143,-6.321469813042174,-24.938985970642197
26.9712499,8.240841950739776,-4.3167501168259,2.6600149326014324,-50.63314472437065,-7.046450629199927,-19.819709531774002
26.9812499,8.565779278895322,-4.256528268753986,2.6351608750582813,-41.46412256740236,-7.850281632247267,-13.950535529016364
26.991249900000003,8.523902665516,-3.9764160193210762,2.620817477217412,-32.46108241719907,-9.94642040148156,-7.917162538269214
27.0012499,8.508008536611621,-3.5960440182294247,2.594354721990137,-24.69743160989795,-11.46711971851802,-2.434451426441358
27.011249900000003,8.63302173789543,-3.1639755743084486,2.5099188252436755,-19.297452780386603,-11.534587240059592,2.379046094278762
27.0212499,8.730848623465613,-2.8059121235033344,2.3017844894425523,-16.102849174928615,-10.515442787110391,6.793739115944761
27.0312499,8.812323995553278,-2.4604038796002374,2.130654724856449,-16.922727163902298,-8.85436908947013,10.29415034977866
27.0412499,8.980326333652366,-2.1515853584963547,2.124019403997115,-21.92054943114513,-6.805801628517691,12.515208278687842
27.0512499,9.111702750109274,-2.131977051129909,2.126645290107756,-27.58241939200421,-4.874837060395338,13.403537648955599
27.061249900000004,8.929701670871092,-2.3221567432211807,2.055563688254662,-32.87837502166026,-4.73360871094214,13.636225163601683
27.0712499,8.997332719586563,-3.0814911032281485,2.1862137786512843,-32.344876667481884,-2.687290717892199,14.449851490227653
27.081249900000003,8.819267704410692,-3.7896850218746265,2.4298863811644478,-28.06249937791133,-1.1830892118038674,15.891816171428246
27.0912499,8.172214477362402,-4.0450607048143175,2.3996698739664835,-23.511503158970953,-3.415619570394339,17.652311536914436
27.101249900000003,8.163748801248827,-4.524273729683875,2.2876130991214336,-14.477873178875473,-3.8682704713103764,19.070737700792396
27.1112499,8.145673182519152,-4.382636745294407,2.2208372917408297,-8.475513542377346,-5.611318875458572,19.273004784543893
27.1212499,8.265377775352823,-4.097038206166042,2.1271800346196343,-4.446581707647353,-7.143055349612842,17.94912497020167
27.1312499,8.392016105759634,-4.098739105951587,2.00569866585426,-2.1320983158353384,-7.756966314276296,16.157103892577368
27.1412499,8.219018844624557,-4.16633480159505,1.9458928412996506,-2.5931311257003467,-8.736871059147692,14.71797572395534
27.151249900000003,8.227892324153704,-4.315292726107566,1.8530271381419638,-2.917698380268664,-9.059787745900863,13.578337209764134
27.1612499,8.349694508873686,-4.259145090966121,1.6793842322018175,-3.9863620942780202,-9.319896978359273,12.568900858282616
27.171249900000003,8.56619350472936,-4.2201547812037745,1.6418041758037454,-5.197832838501419,-9.435659366593216,11.17013223596096
27.1812499,8.787119981992978,-4.263521300713488,1.6616196672898305,-6.497008661893804,-9.162465869014165,9.424137852854326
27.191249900000003,9.02829005676961,-4.364968962407331,1.5810724770574225,-7.340651344670135,-8.99412917154716,8.302939123178739
27.2012499,9.269402860830507,-4.432645826886533,1.4591446519101894,-7.567180650089919,-9.569497427870651,7.87064343548394
27.2112499,9.47492003602095,-4.4673448624244,1.3991943929987591,-7.440440810288961,-9.868575346467235,7.580120383174848
27.2212499,9.526572985271237,-4.620152452562572,1.3485863636370936,-6.57280419226625,-9.541596594019449,7.690834023043522
27.2312499,9.393073611825304,-4.759739120319562,1.2342302621091037,-6.2620215277741025,-9.55256281364696,8.214283173331198
27.241249900000003,9.309246351680194,-4.809060072791234,1.1589368050459057,-5.740987972020569,-9.675879656697251,8.357507058052205
27.2512499,9.1952955157136,-4.722446717028042,1.2010635095432292,-6.10469818652559,-9.861905845462259,7.577225734195082
27.261249900000003,9.074702648753046,-4.7336801149831125,1.297533196853202,-6.682671777620547,-9.036442752295118,6.207985684783911
27.2712499,8.940412537023242,-4.963566532444784,1.4142948613207886,-5.615178911020115,-7.883307560081112,4.978769350903462
27.2812499,8.632867843021332,-5.128781403753759,1.5392346876196994,-4.379489299763545,-7.126031114571124,4.144767324790583
27.2912499,8.3241483082584,-5.276864719664203,1.661705599695817,-2.259615708103866,-6.440048316720623,3.4525212912773715
27.3012499,8.089318271787338,-5.31183196959038,1.764971754745226,0.13920105089016138,-6.243177125602892,2.412979509861006
27.311249900000004,7.896580427998005,-5.1898671994400205,1.7102526212253517,1.8120984798886315,-6.672555346277048,1.2105239657649107
27.3212499,7.9075337747186145,-4.9583869471857955,1.605852415177309,2.4939130883857947,-7.1887521486112105,-0.11293876300025575
27.331249900000003,8.183690971524985,-4.786074689666326,1.6778157680999526,2.0575677556740097,-7.474833781679453,-1.8006238115375872
27.3412499,8.367313137747995,-4.686304111899178,1.7965124640786356,0.9727184582359952,-7.2374000583310725,-3.36830229516004
27.351249900000003,8.369153297399102,-4.572473681669132,1.8083255556903923,-0.39339121105927033,-6.634098725776626,-4.701023268781803
27.3612499,8.299459060209973,-4.5461017944411095,1.6495499234310236,-2.2395777257228793,-6.438645854318951,-5.436841328130391
27.3712499,8.153157485288512,-4.553290563468577,1.3542019033979344,-4.0682247165573795,-6.642465414740968,-5.652376931793184
27.3812499,8.03944658592358,-4.516773431445819,1.1338155095649176,-5.262759059316129,-7.066823488625503,-5.734108414946297
27.3912499,8.026320529607274,-4.437275755468796,1.0076566779504812,-6.800970547973927,-7.638913663456291,-5.870864552985382
27.401249900000003,8.108232055328218,-4.365089107517131,0.9510495165968929,-8.95462495724077,-7.495396482192503,-5.540412171250724
27.4112499,8.315113644184992,-4.320583714060687,0.9978951714228428,-11.76119224733445,-6.303101096142585,-4.6785143557393765
27.421249900000003,8.485722156592816,-4.305321053231562,1.0439552520614197,-14.455618552112119,-4.730625860424014,-3.567571893815928
27.4312499,8.58625762932849,-4.516462703898375,1.113181955172818,-14.659947169250431,-2.433959560361966,-1.9083751144609444
27.441249900000003,8.61558968179968,-4.794921790219229,1.2354132304788181,-13.099069677479617,-0.2508733034821617,0.2452883289888209
27.4512499,8.571924986398836,-5.035746396782488,1.3547921538619743,-9.758491170653096,1.7380970841857566,2.639006131175718
27.4612499,8.34156812546355,-5.214203112772482,1.3268963339781554,-5.345785347989369,2.9699623701138584,4.9681053673809235
27.4712499,8.151582402849142,-5.351695592296923,1.1571462408476907,-0.14945072873387946,3.5226150833315395,7.252739396426216
27.4812499,8.03150170001887,-5.367011100606935,1.0510195251012528,4.2368851328847255,3.5210770946242675,9.356014828830304
27.491249900000003,7.912719616687069,-5.332984202008853,1.0779580596612264,6.439432460904671,3.3262819563738577,10.990220851468207
27.5012499,7.866176996648203,-5.291349640554018,1.0398122641945327,6.414517510467193,3.3943851442641035,12.000454767876127
27.511249900000003,7.889171168789666,-5.202562990850981,0.9489738250914387,4.162183213981038,3.7227010912838643,12.663117911431327
27.5212499,7.896056282319364,-5.148750087899249,0.9124139770927514,0.15050964645539727,4.000629810592863,13.274053983789138
27.5312499,7.802856669805763,-5.089405630239506,0.8340623512060199,-5.860386288919957,4.6084050807094386,13.769742817246582
27.5412499,7.754305870431289,-5.1504525375874985,0.7626795061224703,-12.82624946084361,6.029743629448319,14.215387495373564
27.5512499,7.685439493405527,-5.318490599672486,0.7213023859228932,-18.89302712924386,7.451125582238295,14.83108835909552
27.561249900000004,7.542314614916229,-5.507591465379868,0.6694069762236579,-23.827458940942247,8.9572585792611,15.593634560228004
27.5712499,7.416003545685062,-5.716423518931217,0.645131688476355,-27.561289495385477,10.579461631592855,16.290269845957766
27.581249900000003,7.2936063434589675,-5.93181723736145,0.6391512237187429,-30.362434707693605,12.594148741941915,17.001298090718024
27.5912499,7.1299428089846595,-6.127259210958054,0.6007094738651663,-32.89612367339028,15.274347606306758,17.71727078248848
27.601249900000003,6.926254700692671,-6.305187882722315,0.5511922227106276,-35.481039843302575,18.30994721368445,18.430039047100298
27.6112499,6.700496735464741,-6.409050137984033,0.4318215347747311,-38.068357070546135,21.652706362300076,19.004916434233813
27.6212499,6.4325888185587505,-6.415468812364754,0.2500573429903732,-41.21723141397422,25.34344182167808,19.485430220185943
27.6312499,6.144702492692158,-6.462641952726253,0.1783237819812024,-45.187775510179485,29.05220311705762,20.058447573442024
27.6412499,5.8749867330378605,-6.500583611865638,0.1024102099579042,-49.50667026422316,33.577104423352914,20.691322382871515
27.651249900000003,5.622153047184467,-6.362500127964968,-0.0973616662419669,-54.80752722023431,38.62140539085789,21.334725768683484
27.6612499,5.4207690199555,-6.201747085724651,-0.25676036914316325,-60.87966319222906,43.78076459421456,22.496699749662685
27.671249900000003,5.209289556730432,-6.086362311415934,-0.33041285858142827,-67.12660244924838,49.48747142334597,24.528701185993764
27.6812499,4.97366477823074,-5.994951579665635,-0.39889736547480603,-73.08215442045774,55.99859320584244,27.589226067432254
27.691249900000003,4.74765509495315,-5.909324321352687,-0.47914807704317786,-78.15434891584728,63.21917570204751,32.0239080872996
27.7012499,4.484534386646363,-5.778390785032073,-0.5409768553877667,-82.11272098231227,71.00744396172179,37.86089799332847
27.7112499,4.184419919103134,-5.586054656132267,-0.596120023277566,-85.50036489682165,78.78882497725719,44.96967514482576
27.7212499,3.9248594617354082,-5.320555132186136,-0.6421597193284229,-88.29589364363055,86.70893074627878,53.282943146190995
27.7312499,3.7132214488013453,-5.06413439917039,-0.6540097577330632,-89.73541997673036,95.37159051142666,62.29910721270836
27.741249900000003,3.308252752458802,-4.7898229568091715,-0.5953896601318293,-91.08820632402835,104.44360428281006,73.26878273118824
27.7512499,2.8734593219154947,-4.6502271534897135,-0.39431946733036766,-91.00166706027792,114.4778099537451,86.26471581369748
27.761249900000003,2.5924489376268918,-4.735115746527626,-0.15874515252574542,-88.29581946178841,123.51577050283299,98.36346979349122
27.7712499,2.1918877986746623,-4.919167864310296,0.14197351674052974,-83.60138827000367,131.0793401119014,111.01929686673621
27.7812499,1.8250993658369539,-5.2109989928545515,0.4957158004350522,-76.3393915563983,138.68335251155946,124.23396124994993
27.7912499,1.4836409799839292,-5.272021694403511,0.7166336612537012,-68.22698466417434,145.62080868176145,136.7046219485535
27.8012499,1.1652382492284232,-5.137684120128562,0.8978799898363043,-60.11058862964202,151.42777592878545,148.3262111739909
27.811249900000004,0.9650799857480794,-4.997824208551273,1.0505539897843033,-51.760055671070425,156.71222103296196,159.43369854914565
27.8212499,0.8453589382132108,-4.752233731800977,1.1089973653775935,-44.89730563599833,161.82082848722067,170.49883946467307
27.831249900000003,0.7875675513604741,-4.449441493898783,1.1694558520525704,-40.45791401741325,166.87813166680198,181.23238359036458
27.8412499,0.6910728893143069,-4.152199337496496,1.3087784278861445,-37.96662939514027,171.79560385846963,191.2693888324408
27.851249900000003,0.5336488563043199,-4.046191450935652,1.675942363752408,-36.98943592578326,176.47330028397334,200.38079128782886
27.8612499,0.39025275546259214,-4.253201303024933,2.0872843792078664,-36.263676098269734,180.88782278704468,208.50117894279288
27.8712499,0.24090000186962515,-4.4969717353489775,2.19724671904062,-34.70419461987267,184.60621559527632,216.38236889613873
27.8812499,0.08691326237848931,-4.791710704278288,2.370748137126349,-32.049688447624106,187.1982742519514,224.1337016026605
27.8912499,-0.06359719306445494,-5.246866486666597,2.8825835884496125,-28.870887701200584,189.1436015251958,231.8086713588782
27.901249900000003,-0.1823069659155859,-5.40174203103812,3.250733794598331,-26.420338083649764,191.2739714640816,239.11294144888453
27.9112499,-0.316989395720012,-5.1995444810240095,3.35460962937087,-26.627669880128817,193.53164739181622,246.07614624101637
27.921249900000003,-0.48136809427877947,-5.13995835046758,3.6295730450289083,-29.944154842056285,195.63213565239565,253.49158917525108
27.9312499,-0.6096762013730135,-5.335540958957759,4.3451403341794474,-35.7840455818522,198.12263175056736,261.7328453733443
27.941249900000003,-0.8602484127391898,-5.847522071393133,5.154755340154308,-41.92679558305891,201.14480661932646,270.54777472554593
27.9512499,-1.2800335400498213,-6.7296346629431225,5.765299740209118,-44.26626279708409,203.3736813831533,280.66974853907703
27.9612499,-1.8349719129831104,-8.351072245654388,7.021111614751053,-39.01587664982499,203.0835202590675,292.27520373097167
27.9712499,-2.482458408514519,-10.421535508134477,8.474278279078032,-24.985882848611038,199.94815601117494,301.8944945851644
27.9812499,-3.1161522979175165,-11.802495514408044,8.90101003089008,-3.3373018880287306,193.98245917483615,309.1768803355575
27.991249900000003,-3.4764032728286463,-12.325057721193636,9.070416248932801,20.883957332711752,184.94702083177737,314.3834462717034
28.0012499,-3.4660974315178565,-12.411648031832641,9.728004631454914,39.790894559496195,173.91668378684201,317.38154886375133
28.011249900000003,-3.4233606878313503,-12.183810564505047,10.658336517419627,49.126379430603386,161.89237457753572,317.37895434511717
28.0212499,-3.8505554283803405,-12.769275957180737,12.289409466236025,51.196774673503846,147.52653300055962,313.33339656601777
28.0312499,-4.734458226562894,-14.814771395357637,14.115063814608389,54.96964589418232,128.72155578067776,305.5433296809755
28.0412499,-5.396338837869648,-16.96527897872531,15.193232422086275,67.55882151654707,104.5951484697479,294.65779450894445
28.0512499,-5.3256953014958555,-18.688288306558764,16.348898118107826,89.12007859019015,76.98079439987197,282.2073225063892
28.061249900000004,-4.900095594881096,-20.26972623894129,17.669420494338116,117.10224905400652,47.00665271802347,267.76074102388253
28.0712499,-4.456316308712031,-20.75243638828429,18.154130285155563,144.21665222454487,14.67763389447854,249.5911711022853
28.081249900000003,-3.9536392470797836,-19.922177429208222,18.720185348901467,162.10544409906646,-19.971501664842624,227.19699867904438
28.0912499,-3.2564073830877454,-18.42411610898756,19.945241686231284,161.56514542353816,-56.47355243653379,201.88338352514248
28.101249900000003,-2.1170100711080524,-16.448549366955746,20.98945698833504,135.27449743084992,-93.35112257831183,174.47190368097228
28.1112499,-0.7876732839137104,-15.032867986534376,22.065241989904962,89.04566577042239,-131.41562478587775,141.445951419036
28.1212499,0.8137243854603077,-14.873429192462885,23.087148443532694,31.51908544362319,-171.31319701868148,100.68578433309344
28.1312499,2.393740455436912,-15.609520718651007,23.905857050159074,-28.088633118200352,-213.49477591100526,52.0605233983377
28.1412499,2.8856942882782506,-17.09084386148544,25.696993412750054,-80.76308271973043,-258.1994682170715,-3.4873452171888117
28.151249900000003,2.4622113835232264,-20.29295117551872,29.766341147283033,-115.29131633514179,-303.2606502129213,-61.9796794114125
28.1612499,-0.139477483311884,-28.14960578022249,38.263731392209245,-108.97590871754306,-362.2102288656053,-133.16311040242692
28.171249900000003,-7.304299276478064,-40.05707598713685,48.00875091203267,-48.469313724692704,-444.1075618841454,-223.93361006142547
28.1812499,-15.670848926784135,-48.11296488808315,50.805232474470294,40.89083919138374,-496.63455619582464,-317.8822492184859
28.191249900000003,-21.894132934732323,-50.33771693446639,47.254834098249646,137.7364339746704,-501.1985674588835,-417.4281200523698
28.2012499,-25.700407745871782,-45.67921315598313,41.38534317359453,201.78980322563703,-499.25588088928106,-488.99718690268253
28.2112499,-29.02870589135983,-37.36676159463013,36.45861951708925,186.95740196096324,-500.2947798537875,-502.36716712265246
28.2212499,-34.49525890256145,-32.84733069002463,31.12599660668153,124.41327875480965,-499.8345161099506,-498.9316198826959
28.2312499,-42.718153124952686,-28.857532340685832,21.28696307268459,33.39017399815317,-500.24988211175094,-500.26761357845044
28.241249900000003,-48.723863402665,-23.833539818932998,6.782781758328345,-71.03345771041518,-499.94245502295956,-500.5772584518563
28.2512499,-43.84245882836162,-13.986852538284104,-4.922779326802163,-169.8790983079601,-498.66003097465415,-497.6647988877711
28.261249900000003,-37.14758179540127,-3.3876505389566165,-6.198655713545872,-242.49675622689432,-505.1126271940814,-505.1659145906714
28.2712499,-40.131960331957245,-5.896083937920787,-8.352943375204445,-200.8781219015701,-471.7325688283036,-481.8470022749143
28.2812499,-38.32544116947933,-8.060083235414172,-18.95751726960894,-85.19700440100034,-375.8146224765998,-342.7020311938065
28.2912499,-28.28247887416455,3.870436356571094,-23.939784124254142,5.967893140451706,-294.79035616503444,-185.33621066084794
28.3012499,-19.653221675732315,19.60239615417076,-19.092591796449604,18.48599136986801,-211.61343692690807,-101.47234154851044
28.311249900000004,-16.594039860252565,22.50978577840669,-13.329080807127706,-25.076375443983668,-117.15265824615314,-48.36847442854402
28.3212499,-16.458111705132,14.736993332208485,-9.19982962430167,-73.41379152086213,-45.926971796405375,8.701935692956715
28.331249900000003,-16.361835575795276,8.105063067407572,-3.6313512304804343,-107.88653958876907,-0.8484628771484468,45.409089293638004
28.3412499,-16.65791194386551,1.4964735239440057,2.4455320477683866,-108.50260204218932,20.49660333842953,47.832355360231006
28.351249900000003,-15.730703387721784,-6.500574522834908,6.403318182535043,-72.09680231610771,25.68219735041819,36.76891211048725
28.3612499,-12.23023768245888,-10.763530153849073,7.992655826924446,-20.16197810640239,24.021199160505777,27.87630174739907
28.3712499,-6.570222817321481,-9.574689523633204,7.332348184563495,27.68660071230638,17.427397595165065,24.025426762467024
28.3812499,-0.3594214926604138,-5.299305922540013,4.771715762890526,53.60766532518862,10.178926575376437,23.402510039534143
28.3912499,4.087320459321314,-1.6264894401269225,1.9608930926329702,47.902947189432474,8.07111532881657,24.252123642005085
28.401249900000003,7.408588899948983,0.014243842904248644,0.23485896775844242,24.415933225657753,10.237376843743922,25.764124511985575
28.4112499,9.930241562027884,0.26855181632552577,-0.23089605713356717,-6.4664334400139225,15.078085505683386,25.641299370286347
28.421249900000003,11.432178192177059,-0.3948813173958069,0.3062644244565518,-37.405374255033756,22.05402419087511,22.31539425780348
28.4312499,12.004183603773152,-2.0823521666619333,1.2900312846921633,-60.562171832936365,28.867581023919662,16.38748733842376
28.441249900000003,11.796117996228611,-4.042316701649631,2.127740407731156,-73.17921046348714,33.05533219022506,9.231403992116306
28.4512499,11.21839661847418,-5.44262840959161,2.57250725359974,-78.37835313513183,33.23953056730963,3.142034824290066
28.4612499,10.627678321569789,-6.421920192050731,2.7523539204355263,-78.76311246732547,30.915840085772174,-0.7624001718149447
28.4712499,9.872059431516778,-7.297851232070108,3.0270041633791704,-73.57158303228408,27.067740573300046,-3.606372658571313
28.4812499,9.415968243086143,-7.838253003895803,3.3681048033685803,-65.44216112610495,23.266289301458574,-5.3792130327951995
28.491249900000003,9.399566442782904,-8.061854870392976,3.7456012288165894,-56.6074004836028,19.977021633160703,-6.397212907509214
28.5012499,9.34566459252973,-7.905137024014684,3.9557307993081685,-48.891956935816495,17.383793444691307,-7.584236798082592
28.511249900000003,9.226945900223797,-7.386432488594223,3.8422771015729005,-43.984338623045396,16.402348469010693,-9.111323365689367
28.5212499,9.161980423898314,-6.933996646790092,3.649892152839832,-41.16663720107187,16.499402399232483,-10.916888675911627
28.5312499,9.15916469498254,-6.521915603733476,3.3179304982605595,-39.604710622208195,16.89359563220736,-12.227507710296846
28.5412499,9.142238384256858,-5.931943868694716,2.84062074213202,-38.874619367422255,17.49009760005494,-12.606773134478285
28.5512499,8.97956027863257,-5.445362580656929,2.6229631510409384,-38.89134122322996,18.140013655857018,-12.222412966121325
28.561249900000004,8.617437419577485,-5.315267523289568,2.797260218369831,-38.85594386838945,18.153154362187436,-10.770977203558804
28.5712499,8.10008354366423,-5.270779009333429,2.814903350939378,-38.033105604513615,17.58186028162332,-8.204764992701858
28.581249900000003,7.661638828875224,-4.9768926421776305,2.241579864065283,-37.17376006123781,15.742988890053043,-4.381089929905819
28.5912499,7.5753723943845035,-4.574603011471878,1.57598353742749,-36.797155429416414,11.881341572283047,0.14858725874391587
28.601249900000003,7.7860854927768095,-4.26212872206093,1.3220974123165885,-37.745925090859814,7.375642887539739,3.7894658438785127
28.6112499,8.001639381890604,-3.877828201833893,1.1283487794605,-40.415888781485705,3.4013270807934823,6.883397487028626
28.6212499,8.132681122907746,-3.4526785642632847,0.9460677227132865,-44.39630472920368,0.4644443117645552,9.531818747777459
28.6312499,8.177305753687325,-3.1572311843129066,0.9896852999173258,-49.73624489689787,-1.0707899831500662,11.705241749221319
28.6412499,8.297072139889586,-3.0268898403055404,1.1658032999107795,-55.856168995192434,-0.4841603864707146,13.918964857493087
28.651249900000003,8.646676350466956,-3.163210850164698,1.3755362823165125,-59.53962676073093,2.642312184457739,17.01376278713347
28.6612499,9.075563769204907,-3.293714857264298,1.5839351713724448,-61.48669460809969,7.400684315659292,20.570282914614218
28.671249900000003,9.369213669836487,-3.2263207920123853,1.6741981678788298,-63.192214282923885,11.914407349534411,23.909044978009902
28.6812499,9.532642834204637,-3.487044484269316,1.7597368125284443,-62.22862835553776,16.063018610388447,27.125406417706458
28.691249900000003,9.417464576955945,-3.877902620511049,1.7104714475494398,-59.412698293561576,19.350927735476994,30.42015756059567
28.7012499,9.204879988369216,-4.136092316893115,1.4389247064588444,-54.24883005598245,21.470707347769146,32.87347374207013
28.7112499,9.09079741519766,-4.309911794563839,1.4191524769252006,-47.20098903871326,22.89613696926411,33.363328481896716
28.7212499,8.969716781902084,-4.449974783773356,1.6859666802859326,-39.875475830493954,24.056837306090856,32.055642760727935
28.7312499,9.003243394301728,-4.6771595628793845,1.9377517868133916,-31.25276327128266,25.73274888971858,29.123739648919607
28.741249900000003,9.25253126883295,-4.914616986996672,2.2219358317200544,-22.02290047750362,28.169454682797877,25.164871053177766
28.7512499,9.374800440030668,-5.118503320400294,2.4435895228526854,-13.88803721340437,29.40456427160624,21.060961947690203
28.761249900000003,9.453450112513822,-5.437003127304969,2.4794724008445184,-5.640277249704026,29.958547511739372,17.311187047507843
28.7712499,9.481241133848853,-5.581750714968797,2.3943863022849294,2.1834770553431198,29.897075948062618,13.983654538748853
28.7812499,9.47441750188262,-5.46593247720122,2.2873254821043645,8.240534127185024,28.857893162740684,10.514966994452339
28.7912499,9.5175794930786,-5.310623368114046,2.1626163213016896,12.453273206323464,26.92019294573891,6.243644913603907
28.8012499,9.581673591776307,-5.292747560416785,2.0282380015502146,14.870971116631203,24.137077551474178,1.8768530366437053
28.811249900000004,9.685183518629948,-5.303548698441696,1.8927089695437442,15.583090701772498,21.013936451314443,-1.3521138771895602
28.8212499,9.668931004606854,-5.321315002280357,1.83665315766527,15.406256723737858,17.438011619736592,-3.331169948481302
28.831249900000003,9.508604103189967,-5.436298563606336,1.90449306161494,14.954195389774021,13.874770702829474,-4.306942074158074
28.8412499,9.339718474094163,-5.402629952022046,1.9276188990191063,13.184663355418115,10.512409217515424,-4.920204550427722
28.851249900000003,9.178798856831072,-5.221167580695403,1.886383053458851,9.607788650648502,7.136229763399391,-5.652179495458291
28.8612499,9.000165690336528,-5.140493153833983,1.8805459755894183,4.820002827151472,4.094399602428453,-6.689675091448839
28.8712499,8.712233179369553,-5.074807234549256,1.899675557856299,-1.949837485106744,1.102454640654052,-8.206153459194946
28.8812499,8.127852840919115,-4.6811291126844905,1.8162898575153896,-13.285939924882257,-3.32326401991639,-10.441227190371704
28.8912499,7.623766398999407,-4.070695311359957,1.5677475730197115,-30.186454504131113,-8.053415564254218,-13.88435534891514
28.901249900000003,7.762858424318531,-3.944816725847801,1.3939138462755392,-47.820304263177746,-8.978497987375713,-17.81788010405973
28.9112499,8.440520874758086,-4.816391272038584,1.5175802010510209,-56.21030360582222,-2.7808743793903887,-19.460704974815275
28.921249900000003,8.389448434832673,-5.682059378277798,1.7425026723846724,-58.386284127541586,2.0557559977338835,-18.333468573250382
28.9312499,7.696353100937978,-6.112126465596614,1.9414709918429212,-57.703740536640765,1.537865641025184,-16.47742125192319
28.941249900000003,7.675998271047206,-6.971653836666817,2.280342132374981,-46.595855615056834,1.8335635843930127,-15.113866664673385
28.9512499,7.549102580072708,-7.361901827585815,2.519781840690742,-30.919141534543883,1.0125143379913668,-14.119363979105774
28.9612499,7.247140265818095,-7.470933521819561,2.52679800440856,-11.729500868663578,-0.40751739283158545,-13.296897903927599
28.9712499,7.104512480193104,-7.605327382084226,2.3718899870874357,10.014680861843283,-1.0218242955065118,-12.014758261005658
28.9812499,6.9344144466733235,-7.2417597671919305,2.0318518522923,27.785387439306064,-2.1110162830182544,-9.929355549649069
28.991249900000003,6.826725106459334,-6.504411462684751,1.6322564612022248,39.52392228298409,-3.5246252614347475,-7.752480301211771
29.0012499,6.895626795683575,-5.638143658856304,1.3014256831958657,44.30592991824999,-4.726347540115508,-5.617663199311494
29.011249900000003,7.080426192791351,-4.788996391846006,1.038489449337468,40.585614800662,-5.53996603336957,-3.908714265835322
29.0212499,7.286813854700115,-4.210491876497138,0.9226533591482701,31.591231597304432,-5.752007483235637,-3.1142233183246604
29.0312499,7.438193172217156,-3.916566318422664,0.9315337769346562,20.28195773642188,-5.5123006906172956,-2.710011924851817
29.0412499,7.616964099435109,-3.8275321685121457,0.9400502220903774,7.805451845088173,-4.975796222848567,-1.9458222743353892
29.0512499,7.787347717191569,-3.9189249222380353,0.9503641103910715,-3.489668966060527,-4.646006113628635,-0.6662518202984616
29.061249900000004,7.83707546564404,-4.242645253853138,1.0402805061649856,-11.872566981793126,-4.559947378821298,1.1809383299936358
29.0712499,7.797267762465646,-4.654836950461772,1.1813344331958773,-17.072152845263844,-4.846321196590032,3.815110804622909
29.081249900000003,7.841396780487071,-5.054858933751928,1.276628265963563,-18.890834924359968,-5.174884304792488,6.434742467052365
29.0912499,7.989162285043539,-5.364424499641851,1.3533050641419055,-17.786035864787678,-5.22435390588365,8.563914322270083
29.101249900000003,8.044864927973938,-5.572554196533354,1.4964478134892205,-15.575733836216997,-4.96874997166014,10.84676050016338
29.1112499,8.080585088124767,-5.737892798688705,1.71166794291567,-13.296321871940899,-3.9207095293832737,12.872100844739789
29.1212499,8.239593785519702,-5.870889764046299,1.8650682876196176,-10.52835465154903,-1.9372585987034159,13.86533686558681
29.1312499,8.334875818802708,-5.984505472940228,1.935206035331024,-6.930435741670793,-0.023190612451056962,13.917476982933609
29.1412499,8.227228193077309,-6.054818275807773,2.020871821615881,-2.9993697511096453,0.7885177094135686,13.128912694905344
29.151249900000003,8.160477027413101,-6.144279356222648,2.0741002659610026,1.568740132834714,1.066000017499049,11.614481291290279
29.1612499,8.189442366890113,-6.172388669842464,2.038241488344586,6.633157590909266,1.3292517769243555,9.798425314130306
29.171249900000003,8.11002758472938,-6.089903431538919,2.0236073780829043,10.73709044330992,0.8608801964101603,8.020432275522213
29.1812499,8.075646313238188,-5.97219232231298,2.0327659884780025,13.373380364212784,0.2581367092556431,6.186669100014351
29.191249900000003,8.135215721460623,-5.752363000486099,1.9558041759465952,14.558502818200585,-0.0840855822827629,4.113216318140428
29.2012499,8.13440397277414,-5.455454195956867,1.8422998399017387,13.262927048561313,-0.747287219693945,1.9555621231943006
29.2112499,8.198386044964918,-5.258385907573278,1.8817040103819096,9.672053110951925,-1.0051082636986188,-0.34428567920716396
29.2212499,8.358974027964248,-5.223299519744317,2.037199545249763,5.585045617959207,-0.6681979467619077,-2.4657901340526647
29.2312499,8.452307707977717,-5.298270575897012,2.1160990659381618,2.8555747633732818,-0.2743389164561534,-3.8466698202808822
29.241249900000003,8.400858998303427,-5.383175124399059,2.0934116032600714,0.99865101327065,-0.2211054687623082,-4.600539761616359
29.2512499,8.260744808070283,-5.462179979037117,2.024852222103337,-0.13346111156720908,-0.07157242385194239,-4.7866802753542075
29.261249900000003,8.073871508890585,-5.489390530915781,1.9377238663649894,-0.4969632895854022,-0.3086654289747103,-4.58642341067151
29.2712499,7.949302097576853,-5.49013246723068,1.8813146328613852,-0.7973826589713959,-1.0326774649215602,-4.032741449961056
29.2812499,7.9236966189963045,-5.505888287306756,1.8381609343599108,-1.4304631318847785,-1.6386530063067155,-2.893189757701299
29.2912499,7.871176113110648,-5.466945377633927,1.7512404393961116,-2.760374242242726,-1.856722901850337,-1.2338846138527586
29.3012499,7.744893926534626,-5.412398552275486,1.6800426591649533,-4.541125658855118,-1.9056613338178814,0.786862458215351
29.311249900000004,7.554242477072076,-5.425637704902909,1.615291210492176,-6.439952643654722,-2.041361905683736,3.1037081089836818
29.3212499,7.326960458106597,-5.536838220242712,1.470217671541368,-8.47894641823803,-2.1483767002789396,5.6529725391262
29.331249900000003,7.089971515111286,-5.679220725718546,1.291234018075137,-10.908049664023137,-2.249555438028169,7.991746454025709
29.3412499,6.87023942344105,-5.76043944927421,1.13567001317203,-14.139572234916397,-2.1661834424705275,10.314122011725066
29.351249900000003,6.666282620464299,-5.817637051792181,0.9672080831753803,-17.92063578962444,-1.6455687036838493,12.484352895509419
29.3612499,6.447638401031534,-5.8892853898689665,0.8068845510864282,-22.43391175869184,-0.9877927289205775,14.528047757539419
29.3712499,6.229990147315702,-6.001872816707819,0.6866971811015615,-27.447090695921283,0.33634657202263096,16.57248209698206
29.3812499,6.017673166813231,-6.157812063877825,0.48478500805751434,-32.23771958388882,2.7884463657611485,18.687334815670155
29.3912499,5.763088465913641,-6.251430131938783,0.18358904328343392,-37.02342032546501,5.756130990390676,21.137821309191995
29.401249900000003,5.507679544512061,-6.262799864038152,-0.11226070035272077,-41.76831545363509,9.859537487560454,24.153071566263304
29.4112499,5.298513558793868,-6.248070593504158,-0.31270919894525945,-46.08741628047119,15.042351642997406,27.82441906329899
29.421249900000003,5.070358862348543,-6.094215010744528,-0.4861067084590398,-50.61661736297001,22.060245817024967,33.08311278746056
29.4312499,4.781721234138305,-5.838375146886105,-0.6363623726116608,-55.11197344544568,30.650808526711753,39.45927874589177
29.441249900000003,4.421202077401231,-5.633809213870637,-0.7086955435780997,-58.63248061708414,39.08562914433363,46.04160272354476
29.4512499,4.003134990022554,-5.512359982751574,-0.7948612901595331,-61.40203441875094,47.97272291904208,53.42361599706286
29.4612499,3.5423781463387254,-5.515379893370476,-0.8620779857682912,-63.2322657889328,57.25367444599608,61.5544413725003
29.4712499,3.08963583796078,-5.52110263055763,-0.8286747521296591,-64.3104379398909,66.9342136295355,70.45085008247327
29.4812499,2.664587383330103,-5.479448203503272,-0.7789759782506769,-64.77415908249272,77.06890822993357,79.56727227150266
29.491249900000003,2.2054061967899945,-5.48811318178559,-0.7169937176364892,-64.06673421063755,86.717667437344,88.65572345928386
29.5012499,1.802254342922062,-5.4914325374491,-0.6413917179367846,-62.2589094554807,95.90587904845233,97.99757083037841
29.511249900000003,1.4620752508525872,-5.435872586397244,-0.5857995829843907,-59.5149129420336,104.73853061330614,107.70551542125145
29.5212499,1.1840378595179937,-5.321993016877524,-0.49543716482106553,-55.98234192018391,113.365718490223,117.45503302527912
29.5312499,1.0104654599950458,-5.102485642683581,-0.4232692248431152,-52.610754076435555,122.19466896930685,127.0301675163609
29.5412499,0.9426644648468095,-4.776905291920859,-0.4038340565287898,-50.16053791404878,131.29454693863312,136.56188122251243
29.5512499,0.9413992644076471,-4.371083191279499,-0.39687157501496495,-49.20021972446623,140.7708602978317,145.9801725812239
29.561249900000004,0.9010916926458569,-4.060982164752057,-0.30117303469835216,-49.06150449358041,150.5760653264789,154.97516274699117
29.5712499,0.7945150553937282,-4.082580961034221,0.013790982391717289,-48.641386885430954,160.59269648657303,163.66134547244303
29.581249900000003,0.6418926523145163,-4.290473002049887,0.3228791709628534,-46.87064780616012,170.73690029062848,172.72402377629476
29.5912499,0.483785630119246,-4.548028214440047,0.6110703312331773,-42.601388727709534,180.15148549331533,182.40520055678718
29.601249900000003,0.39937434719426645,-4.879697720008202,1.0490849448344288,-35.89689788648413,189.09696374309004,192.61821564537019
29.6112499,0.3107378111255005,-5.042252509705566,1.3818114199793121,-27.794916237789295,197.74646072195733,202.79966794645102
29.6212499,0.2290059184108993,-4.954668623190694,1.53506367860437,-19.187178104209366,205.82686916281997,212.3208429245187
29.6312499,0.13988316839494,-4.926331179731395,1.9542241067982238,-9.435608023721038,214.65723160327272,222.30957432913362
29.6412499,-0.16738779715649799,-5.189100221852365,2.6611904070697046,0.3394666081964784,222.7586074978189,231.67705471264696
29.651249900000003,-0.6026373480954235,-5.458769298566924,3.1595339346397324,7.573630501462887,228.27443003150805,239.3397787468563
29.6612499,-1.0932513886125004,-5.628682405794685,3.9006832258904933,12.487955848462343,232.41634953430625,247.36100654854383
29.671249900000003,-1.6689306646594093,-6.1543907389405135,5.225775741659408,16.4758096364929,235.35855861804316,255.2088452596794
29.6812499,-2.189389740019744,-6.570418516253345,5.965916263591205,20.351511572085762,236.34311023696475,261.7841286014009
29.691249900000003,-2.6268425050629007,-6.528418711292925,6.209030929409198,22.513980386222617,234.11639682400644,268.15005766748715
29.7012499,-3.0532123045565056,-6.960491438592871,7.2326967579034696,23.084977935426565,228.9208592838865,275.75946366785155
29.7112499,-3.4402913053043993,-7.692649592974197,8.389503652840274,21.977929219842846,222.59958646373036,285.32953995238245
29.7212499,-3.704693174241811,-7.978197343804595,9.080428463482749,18.49393256640414,215.34881115758932,295.8368987015814
29.7312499,-4.010417955477739,-8.465147234804617,9.999362907185827,12.265056685356624,205.5272682782388,305.48866445081063
29.741249900000003,-4.366783741211601,-9.272774297826116,10.999783013280053,4.324357903616382,193.11674067271267,313.17055462738057
29.7512499,-4.757907552582093,-10.223785001717708,12.204099852287044,-2.7635259530628637,178.41537645634648,316.85918871630474
29.761249900000003,-5.257065979130562,-11.879148042660477,13.606363074360926,-5.211478800550827,160.47198054779682,315.2568001030338
29.7712499,-5.667579395778392,-14.204504647782917,14.94745626925352,1.2879655094716176,138.3695012825874,309.0722371265253
29.7812499,-5.881164518786624,-16.75741687903455,16.676488387017223,19.506253358017013,113.12105819138453,298.3250532974806
29.7912499,-5.839456000351957,-18.505933870515495,18.362441260126012,45.49266139958027,86.3278442686411,283.5784314646782
29.8012499,-5.508374370345294,-19.424118745383517,19.801273246600772,71.22600965392931,56.797043729104566,265.7930025314896
29.811249900000004,-5.0425933432897025,-19.74735698614334,20.94177012132268,87.58601804881843,24.36033273485425,243.2274744929509
29.8212499,-4.769666784866977,-18.87225104224005,21.038803564681356,89.84469584841241,-9.85005490441323,214.0391935281097
29.831249900000003,-4.287828605083242,-17.060420966299382,20.583176037223843,75.39494995032233,-48.03498197665319,177.39955388039846
29.8412499,-2.7970754664213757,-15.802147012133632,21.099381868303595,40.26392241246455,-95.19387976054095,129.7475835891123
29.851249900000003,-1.5564237433592736,-16.34745592547436,22.283456689994633,2.361387108028786,-141.07790268753482,83.130842758598
29.8612499,-0.9385237761987045,-18.24971288541591,23.21116098488438,-22.384785940062866,-183.21838954638324,43.779591136666326
29.8712499,0.09918574870524915,-20.5730841774158,23.942664374084192,-36.70194213228169,-227.30395038475814,6.148435107467096
29.8812499,1.264051003620002,-23.127849331997446,26.139791046344946,-43.45257964095661,-270.5739122233576,-30.51302675378994
29.8912499,1.2916692303633186,-26.899212456931295,31.3991434974704,-37.95925334516623,-313.83125890133863,-71.9221394813026
29.901249900000003,-1.0483184279035376,-33.014383651826435,38.45220595834915,-9.809618386069713,-362.5826345783734,-127.03771527302762
29.9112499,-5.507261404877005,-40.17844590920846,43.967560665915954,39.99079636457342,-426.6503645517442,-200.34297748284803
29.921249900000003,-10.399619041228066,-44.671594584969725,44.49175443963786,100.39147582609188,-486.5031130272392,-288.66596423789525
29.9312499,-14.85095046285422,-43.25918058777489,40.46872334134671,146.14830663910044,-502.48639101938426,-381.49709218040573
29.941249900000003,-19.283997660634334,-36.833255497071384,36.15302954954815,139.23137908582197,-499.24563919056635,-461.9361371675244
29.9512499,-23.513833327684964,-32.47083545283028,32.37502967340963,88.70884412296755,-500.0017659741076,-499.94614395359946
29.9612499,-28.65174770690457,-31.13631810367414,26.627253098918157,28.606778807718815,-500.0705462195979,-500.44566228092725
29.9712499,-36.765059834647765,-29.43252092024992,17.654987012555807,-33.35002546217476,-500.3554662377848,-499.72445600478295
29.9812499,-44.19108704330323,-24.548825846364466,6.527972111252145,-93.89181991687283,-498.8025425021804,-499.5054027681104
29.991249900000003,-44.11635037762826,-13.50365130626514,-1.2550921558385149,-160.6775825785236,-501.8972726715692,-501.30098230293174
30.0012499,-40.848601803033674,-6.12233687389671,-4.927837145721413,-197.74242963229702,-497.46548528335046,-493.38096248613147
30.011249900000003,-39.19016057497192,-6.914344161324218,-10.659967298074395,-163.50502117923986,-433.66838207433176,-426.52140080381815
30.0212499,-35.7846373915063,-5.414512557467116,-18.780460985472853,-96.68162447392514,-354.1823460261842,-305.8246780735347
30.0312499,-27.782315275648884,4.389407927533543,-21.851162433870005,-56.40644332456384,-294.3885304759949,-199.60423177822315
30.0412499,-18.6513048872314,14.74650939634132,-18.227506267792524,-58.206573891046524,-218.92045768110341,-141.1386604042053
30.0512499,-13.332958534865979,14.964039277464925,-13.008723043586606,-77.07891246011268,-129.28835775099662,-88.40371447403449
30.061249900000004,-12.916764291930578,9.55734587769436,-8.114057358685157,-90.20813528170774,-64.0003205880409,-25.05619674256747
30.0712499,-13.955666768577649,5.855002034745851,-2.6185607374731594,-96.99768539090111,-25.81718605442788,21.065292382383237
30.081249900000003,-14.163357419272952,2.6939449952301535,2.6132226987664184,-93.26142350251388,3.0772267255072814,42.36105692242283
30.0912499,-13.7075522915941,-1.9697770603359988,5.349216282994959,-70.83249597090196,20.11521667842195,47.15418299471005
30.101249900000003,-11.63841097501806,-6.500221681513582,5.962145460739863,-34.36223147715455,25.05989610352405,46.497936328128
30.1112499,-7.667659361902148,-8.225352251952344,6.129042788858295,4.773184650877797,23.697508753919337,44.113706354990924
30.1212499,-2.8360127347012547,-7.281842344229219,5.881550065108949,34.6353330726838,21.755503125392746,39.793596274206664
30.1312499,1.812145145649527,-5.580180443436477,4.704161841910511,49.60356333180275,21.38650450559213,34.28247503158803
30.1412499,5.790876214139759,-3.5912132834818338,3.117336063819152,47.37055917379373,22.667246611599715,27.471620030220173
30.151249900000003,9.017530277702486,-1.889226767188916,1.815496266166688,29.251010387347595,24.521611874538745,19.00912280364026
30.1612499,11.445703763207154,-1.4632516462635445,1.1195245192906904,2.8037636642125987,26.535306332181076,9.334101070110549
30.171249900000003,12.753853134811068,-2.0041710560776873,1.1044858038383114,-24.637159606188597,29.691336704486908,-0.3062877064767611
30.1812499,12.89892572812783,-3.16760597290052,1.5836147704265873,-47.622747654882254,33.87268243945619,-9.088647435721324
30.191249900000003,12.352065123020253,-4.779721759452439,2.306234929309052,-62.330578532681514,37.64712360627784,-16.034943512337158
30.2012499,11.67704341330211,-6.350437533510772,2.9829427783354507,-67.53515041365506,40.26410395579614,-20.583194746983075
30.2112499,11.01064107551,-7.626376363626937,3.536449454051625,-63.38868942045456,41.96798947030343,-22.733818215667043
30.2212499,10.405126487051337,-8.45511597528851,3.9088649022123594,-52.26276512908461,43.03581342666634,-22.761358687599632
30.2312499,9.742175496514584,-8.893747504102649,4.011629609043292,-36.77444890285528,42.42974412819877,-21.553875842726935
30.241249900000003,8.97821683924674,-8.940309241715708,4.053498693060431,-21.006481637994792,38.93855592521134,-19.8843990967381
30.2512499,8.432935334390645,-8.549739173181006,4.19786095297572,-8.730137127608444,33.15496722454931,-19.036116626586477
30.261249900000003,8.040805918740837,-7.792540512699041,4.141076127711847,-0.8601519809921374,24.505005533524876,-20.321991433155404
30.2712499,8.01906725451275,-6.750995202115554,3.6655292702759485,-0.4286025517118595,15.793920653327921,-23.33601484285887
30.2812499,8.400426808567774,-5.778801748023044,3.1603228709986393,-7.238713868472686,8.750116686681917,-27.493362031588536
30.2912499,8.708722105480918,-5.071109071154615,3.0749826186326636,-19.91189565432422,1.4312516049833763,-32.99281766116615
30.3012499,8.872204027045878,-4.690032860591267,3.208016966587531,-35.42092512732278,-4.8053042889017235,-39.166196343180246
30.311249900000004,8.912851596334187,-4.535576929954412,3.19400303466709,-50.52605105730224,-9.290443194710482,-45.34065251974669
30.3212499,8.885629155540656,-4.382393152688718,3.1277541516119896,-65.84186842343428,-13.047719897214998,-50.430720368985384
30.331249900000003,8.95669196734023,-4.280635335056621,2.9330926801925035,-78.88003177551498,-16.061944573164464,-53.59428635367219
30.3412499,9.075555329276972,-4.227854134541828,2.5696339993905344,-86.36988232528736,-18.572972752928546,-55.084892433033986
30.351249900000003,9.04566344826627,-4.277461100237309,2.300325306425763,-87.76381788262057,-22.22417532204804,-54.93826089061028
30.3612499,8.985588237496676,-4.5440008268034,2.1836540132326587,-82.38992693360383,-26.500221122209478,-52.482587275843585
30.3712499,8.957087252354702,-4.734005263023055,2.067235971686017,-71.42927320239,-30.41502350579051,-47.991812191131636
30.3812499,8.951840940050227,-4.718237525186687,1.9469210410113795,-57.07978608007102,-33.806578896912534,-41.91780398851331
30.3912499,8.989485184658255,-4.646164150161776,1.8645579910610333,-40.81870699320235,-36.32098091583966,-35.16005626730067
30.401249900000003,8.918802950767693,-4.424245375653166,1.7156362831680834,-24.873865900488266,-37.71701546803553,-28.195085386127953
30.4112499,8.706214773566536,-4.080379081018784,1.55874600447439,-10.806225070618117,-38.22637674161123,-21.397075202621888
30.421249900000003,8.60480820607622,-3.765777371023767,1.4555550626615872,1.2959986370520684,-37.10599128661621,-15.488799730809712
30.4312499,8.596489846685682,-3.51409715866538,1.375408661683672,10.658474933328826,-33.97564314871358,-10.236852999517797
30.441249900000003,8.480553182833958,-3.383190769976541,1.180636363616906,17.393508423799606,-30.09335736772884,-5.037369463801881
30.4512499,8.30634483505555,-3.3015287365271764,0.8317493282309351,22.019392083484522,-26.653304558162777,-0.0516961151213472
30.4612499,8.12682166083099,-3.1692042868284234,0.5424643116404364,23.465638639662394,-23.60254010003234,4.158679087321754
30.4712499,7.877055001290622,-2.9358351184558997,0.2474341549942201,20.967978503153038,-20.81328412448351,7.071538782075943
30.4812499,7.729762314692655,-2.7304174736279094,0.02124786714485282,15.402974098533356,-18.731382520688978,8.184598217281996
30.491249900000003,7.801400010404583,-2.7091422997190335,-0.04071376340756559,8.109066423395246,-16.717561647606328,7.951544262449631
30.5012499,7.985407316209984,-2.887227792779084,0.0032483755249501857,0.2781753105412175,-14.280890474633889,7.396651993236866
30.511249900000003,8.267140933267351,-3.270099683492077,0.2312625803765005,-6.563200945764079,-11.737830763255156,7.320631341565559
30.5212499,8.575488386335673,-3.6707559307991966,0.5349318203991719,-11.855584495063596,-8.785135744843616,8.012250551330302
30.5312499,8.758031470841546,-3.9616054060776325,0.7598357000647576,-15.160498785897039,-6.202091305217821,8.90274850473704
30.5412499,8.884358697751036,-4.288465597182965,0.8775467129919409,-15.977089623746217,-4.600765352993332,9.753136926067608
30.5512499,8.933738346839913,-4.541263212841284,0.7858756358824701,-14.588245048771833,-4.023555653697001,10.694139754373312
30.561249900000004,8.86136079401027,-4.634496854306046,0.5860965556070511,-12.371023239979044,-4.608666521888656,11.362503788606789
30.5712499,8.800672431392936,-4.668499404975434,0.5254145185891205,-11.11540261264178,-5.2727122832135445,11.41177959512089
30.581249900000003,8.806187289887333,-4.697338647185084,0.5405488386115656,-11.864817600100807,-5.6735453396959254,10.824852747898326
30.5912499,8.858751419549467,-4.704436455046618,0.4665422261748873,-14.193401720988042,-5.673291309192361,9.387962686904697
30.601249900000003,8.94200901933252,-4.704388629038309,0.4232031696020411,-16.600509813447353,-4.999063412110776,6.870328000659893
30.6112499,9.10503425021866,-4.820456104910285,0.5071186700372429,-17.733091505882165,-3.5599918123721137,3.948927447453712
30.6212499,8.951016166579354,-4.659561199155398,0.6059571480709143,-21.019744762267166,-3.333109906347793,1.0319011501505955
30.6312499,8.943827432781177,-4.375367684054294,0.6951186511569255,-25.413833998277585,-2.025295542303866,-1.7694718171437231
30.6412499,9.281643231553538,-4.96053788496751,0.8762598409770888,-23.306077865604557,2.644011735551419,-3.4802214774483384
30.651249900000003,8.571877670238964,-5.051183877964952,0.8679002014500702,-22.91139471536787,3.087274270493498,-4.047402663326917
30.6612499,8.175013296221763,-5.046453515409968,0.801181973827528,-20.061831750349743,3.5403568854126513,-4.325923555286606
30.671249900000003,8.31643843693918,-5.146056493635289,0.7821773401948975,-15.34312523371784,5.2524010697445895,-4.4860873370845935
30.6812499,8.137539081132694,-5.022035206073259,0.8453866547863785,-12.29421597946935,7.24346279138248,-4.132962987679113
30.691249900000003,7.926283923595191,-5.02786752383538,0.9720461839110196,-9.241068780917335,9.561077316431165,-3.6263729814819006
30.7012499,8.030832794925907,-5.013812877162009,1.0185377267214164,-5.7673013558048964,11.264409821093746,-3.2032748621296894
30.7112499,8.109172845524263,-4.9680808343013805,0.9812413451577744,-1.7992713575373231,12.356313376664207,-2.674897958643103
30.7212499,8.1872423461471,-4.89762654904934,0.9122466555656158,2.2403408684511765,14.030826275982236,-1.344102067938519
30.7312499,8.404839574368506,-4.732525678212609,0.8785653897648087,4.902131318555352,16.254748150148213,0.13807074830583563
30.741249900000003,8.397190379799923,-4.327882834105606,0.8208010713622692,3.618355384823653,17.90329752075772,1.132128722790219
30.7512499,8.434405651052172,-4.209750700997647,0.7121049518481277,1.8541702143095353,19.162334744104918,2.345882025242309
30.761249900000003,8.505365637167436,-4.1883003544122195,0.6385433406113761,-1.7629759631808193,19.5018004429876,3.6285188388464316
30.7712499,8.55486986152207,-4.143913980291394,0.6605000515290536,-7.229538868035659,19.66970947831118,4.718382553073073
30.7812499,8.60686111777721,-4.226062587308421,0.7551354280639773,-12.292946539002582,19.763056700999204,5.244761129338598
30.7912499,8.603776487768654,-4.379318397338048,0.9075884200512213,-16.420088765262488,19.507878293497615,5.469808815211552
30.8012499,8.654556009570468,-4.75288809477586,1.0466913420968442,-17.94487517679738,19.497796311953145,5.866344589049024
30.811249900000004,8.626573255693886,-5.054500146615999,1.105946709772393,-17.559631464643765,18.92745997403597,6.500532475761493
30.8212499,8.624338641606986,-5.2227064691943434,1.224493169462406,-15.701855632870004,18.39180738263804,7.069118656685469
30.831249900000003,8.604491624581174,-5.323160905001561,1.3987803616659653,-13.027967528074827,18.213702410923695,7.327057803011547
30.8412499,8.58040526923314,-5.44006678258059,1.5472349889139798,-10.015739934191206,18.327823810788782,7.600475723880563
30.851249900000003,8.55655345680836,-5.533883966385842,1.6468233029565258,-6.843508934062324,17.96934766039514,8.145147381808945
30.8612499,8.476361821578429,-5.527661772130353,1.680513978916145,-3.8746462167559748,17.08560500573913,8.560155093413293
30.8712499,8.410359374717274,-5.461070330106515,1.6533648972183759,-1.3667664896525913,15.863533383003366,8.716679108020394
30.8812499,8.378875691528693,-5.320351109566106,1.6146431748417678,-0.14048921874723194,14.41087159177236,9.000050808655919
30.8912499,8.349614705768598,-5.127199224629702,1.5661364226265444,-0.9651397385258889,12.979770358936959,8.802912036443486
30.901249900000003,8.379318575177178,-4.964555636571449,1.5336152322492558,-3.494843254819951,11.605766906586657,8.007974213475002
30.9112499,8.534469351045958,-4.8387289239418285,1.5521059749689987,-7.016589012107523,10.82532411949804,6.914893727499956
30.921249900000003,8.645572876918454,-4.777871219065041,1.5733468392786327,-11.034013695663852,10.488121977645937,5.708764751927866
30.9312499,8.569047663301925,-4.841135668262461,1.5944628797883198,-15.22198909575954,9.910861754629076,4.684117349411192
30.941249900000003,8.407369686630993,-5.010774514221185,1.5877711811241408,-18.532053414847088,9.403785021583381,4.060967016132898
30.9512499,8.228398271127373,-5.192831642187153,1.5037366033529074,-19.94411770252984,8.788249316312667,3.7257455212450146
30.9612499,8.089509249848028,-5.370435912331152,1.4555082099434153,-19.4917717347039,7.712686997024403,3.6741483383169915
30.971249900000004,7.976727283499538,-5.469412631910964,1.4615750492152444,-18.58463432419528,6.802157115064608,4.011366950920559
30.9812499,7.810093115107899,-5.480302272518462,1.365615496855108,-17.78291405440219,6.414073073994231,4.698961257966161
30.991249900000003,7.626334410801759,-5.42970058546716,1.1917901830930915,-18.039578331822387,6.190568747782888,5.770174907033858
31.0012499,7.4694157747633785,-5.393324563581442,1.036813569067649,-19.203063830266817,6.204721271246223,6.808707397785473
31.011249900000003,7.281556460882579,-5.362550172299781,0.8392281531051853,-21.301843898013885,6.762212579208365,7.7629298387447845
31.0212499,7.07045796027122,-5.349430481301393,0.6846516327845834,-24.165998256092582,7.94016074901069,8.881776335642412
31.0312499,6.863111276794512,-5.428744040951572,0.6143680059626628,-26.90418863805387,9.692190804265302,9.778054380219073
31.0412499,6.655087339038638,-5.614691438235447,0.4110667671698738,-28.93253094389999,11.918644617624906,10.825567895210016
31.0512499,6.505163955317898,-5.804156511379905,0.1367186588611114,-29.96989409919158,14.906464332334963,12.044854966557025
31.061249900000004,6.386583525062585,-5.9746829415830405,-0.025230992096592842,-30.686890376412634,19.203386457988298,13.658040257413903
31.0712499,6.1367944689685086,-6.141879537543658,-0.1706573908969144,-31.264175615171336,24.58454911367404,16.209610381559038
31.081249900000003,5.838905622968867,-6.211977699661149,-0.4103737765743989,-31.746397352901624,30.458600999753763,19.48665759386653
31.0912499,5.556377269031765,-6.1481155422453995,-0.6771295471763767,-32.7242310400649,37.56028614886123,23.617154035847044
31.101249900000003,5.208398413381989,-5.971971263864879,-0.9215167393275969,-34.70248690332174,46.95352971239203,29.46728888038221
31.1112499,4.928466791273588,-5.737664336463413,-1.1469015962058715,-37.18174311278908,56.03491677515087,35.690457238305406
31.1212499,4.682159983493736,-5.507492163521067,-1.3396526653572665,-39.96538134578306,64.50061141153718,42.14022327277817
31.1312499,4.383332209091769,-5.245342523785284,-1.4924841371555992,-43.649283332687695,73.54261275921796,49.61838014813679
31.1412499,4.11438424364289,-4.9247620900513445,-1.6229154511486965,-48.24325337476701,82.78200567679822,57.77348950933863
31.151249900000003,3.901161294825085,-4.6755381608047974,-1.6248459437008445,-53.08808598799684,91.93868333442778,66.6998853025053
31.1612499,3.635033614430002,-4.661351284063109,-1.3830459321652286,-57.93578144356333,101.10669932120045,76.4652684496184
31.171249900000003,3.3023790343653445,-4.77141519052537,-1.0801129505676228,-62.10693572110379,110.26129224098601,86.765899518073
31.1812499,2.9212944285086713,-4.79609772456272,-0.9231261532882616,-64.84210898856601,118.95316575580598,97.35181912682548
31.191249900000003,2.5652106064251154,-4.807360444872761,-0.7750743275279615,-66.03601565545995,126.81091884829787,108.01071305544183
31.2012499,2.3504045891259437,-4.8595491960050685,-0.49134694709197807,-66.1838005418697,134.21303609505583,118.53529637416459
31.2112499,2.1063544834893047,-4.7778613409663615,-0.17960027003898973,-65.82535804224666,141.40099382342083,128.85509105509738
31.221249900000004,1.8112373254675176,-4.574473420428042,0.06351878574676625,-65.00674097094611,148.41486464380367,138.6260984724075
31.2312499,1.5650274154060313,-4.480092793263074,0.3559910614545231,-63.61255983973994,155.133918710163,148.40126747502993
31.241249900000003,1.3475593807826518,-4.476549246339902,0.710249728431001,-61.36777707868842,161.6890158686843,158.56764263918663
31.2512499,1.0850854626447128,-4.431532763772034,0.9944858197066317,-58.1492549730227,168.03164161901506,168.9998042453333
31.261249900000003,0.7706689542349116,-4.403608982322074,1.2711370811336529,-54.15360243040112,173.66127110758285,179.62442786539958
31.2712499,0.5353903000507064,-4.371525399389281,1.5507072045019767,-50.15079466690325,179.02043698898575,190.19552484655068
31.2812499,0.3051124982862448,-4.231137836594473,1.741981121339367,-46.478200869170784,184.2799641056843,200.6077211261039
31.2912499,-0.010267877736902955,-4.228153711837048,2.0941638358086125,-42.936872883406245,188.57726175368813,210.22630398344356
31.3012499,-0.31856969510467625,-4.504851266071957,2.609352671770665,-39.27686378700659,192.52055949909962,220.08617201978322
31.311249900000004,-0.6802953912106261,-4.760282550713279,3.105365982439573,-35.213942041033654,196.70101374413682,231.71402677472068
31.3212499,-1.0574957670411906,-5.261053773087405,3.87191247604436,-30.767817852043983,199.64188041812872,242.0562995143729
31.331249900000003,-1.3680324418971694,-5.941373215255921,4.587741313598832,-25.229027620990617,201.6640730797549,251.1171698363948
31.3412499,-1.7331945838986949,-6.177798294155229,4.805829028430697,-19.187763627326415,203.13505252556783,259.61135294848503
31.351249900000003,-2.0053898037118523,-6.4189873909311785,5.134466893060325,-12.273687093156752,203.94417879682842,266.9436433452057
31.3612499,-2.169192461376565,-6.750716384281054,5.573242924681823,-6.530857665434207,203.86720219985995,273.7271425752579
31.3712499,-2.313910413397827,-6.562589204559721,5.7041560680610175,-3.9944182293619694,203.3853003683463,280.4037381825482
31.3812499,-2.4921558904178474,-6.638269103793031,6.423071911430204,-3.8546027684646944,202.43504606316273,286.7396626114656
31.3912499,-2.7407689763238317,-7.8880436259548175,7.77364346820318,-2.9113078977629763,200.86727987948507,293.8686428229044
31.401249900000003,-3.1051587610288345,-9.24761427993382,8.545156330071203,1.868145000727481,197.59905001088595,301.45790630081143
31.4112499,-3.664261875815848,-10.148503661686815,9.311952620967883,9.859355095150157,191.11743022042293,306.6917499061374
31.421249900000003,-4.137488748177915,-11.0199623236491,10.182387642522643,21.16534661980999,182.2683688916701,307.7498305860116
31.4312499,-4.389338902500205,-11.579334863704494,10.722384530087746,33.09219027423144,170.96539299324832,304.6680607400419
31.441249900000003,-4.506863447179945,-12.337019011905761,11.874877496142668,42.24070638614434,156.45140044291642,299.19685534480044
31.4512499,-4.719897100923278,-13.495042480106932,13.612643772686218,47.06217022580565,139.46899530594638,292.5416429847829
31.4612499,-5.2579748216241375,-14.444518894688551,15.285054654554472,46.47391115201317,119.04839334376243,283.38791089891606
31.471249900000004,-5.668251332011292,-15.163695346433052,16.69315874349171,42.98719663153894,94.45500693480204,269.82002667205023
31.4812499,-5.522292776319701,-16.035291979348788,18.077012764473615,39.989164221056676,66.58288326082204,251.91801279485165
31.491249900000003,-5.021064503411231,-17.422317207871657,19.694318015445344,40.58858383819406,35.277203880095215,230.67872011434838
31.5012499,-4.328192245728871,-18.92013791275248,21.14389828390739,44.9114591161399,1.6579524416579474,207.08437118445832
31.511249900000003,-3.319443692294953,-20.25405882430945,22.36281164631839,51.13967025361728,-37.58624772444074,178.96610449046295
31.5212499,-2.0010538837725886,-21.524574924127176,23.70801291354152,57.12395606594766,-88.25333131387731,142.30608378370195
31.5312499,-0.9365078135228266,-21.869940485887987,24.922219610827018,54.1294721731412,-139.29620149932018,104.19800400511846
31.5412499,-0.16981513491569886,-21.2455720655758,25.871271378937603,38.732701536001926,-190.20307756193824,62.33705205662253
31.5512499,0.5728277594918618,-21.074628587714272,27.768101087144853,13.21886549894414,-242.91419664911112,12.572340338434797
31.561249900000004,0.9835983625024497,-23.032155944003442,32.036315073884424,-10.998309268009395,-294.1798367193711,-43.61443853535964
31.5712499,-0.1738005290471437,-28.266405506491846,37.8551187304854,-10.811246294121057,-345.500193547275,-107.98221972716873
31.581249900000003,-3.234944391066056,-35.910646713465944,42.99481754447833,31.119806834589383,-400.1280739471978,-183.6031800965068
31.5912499,-7.706171056137948,-41.5040500870372,45.44085563646881,107.16759722587683,-462.183797537421,-269.68219795983134
31.601249900000003,-13.013711847430493,-42.95151423744946,44.78152056798801,191.90378451008954,-499.9571896316576,-355.54573781549766
31.6112499,-19.367051663133157,-42.189723133580614,41.98833325890279,255.84813524475513,-500.6341171911966,-423.05485563383724
31.6212499,-26.403931926337613,-39.43628665847779,36.42665449932859,281.66493776596025,-499.4122116940983,-459.15179205618523
31.6312499,-32.4424864508939,-33.38397295569965,28.28568443668655,254.961991457895,-500.26954317896906,-459.94208951736726
31.6412499,-38.19471587596214,-26.397311951721846,19.664388615846555,173.1298792106071,-499.80504509334696,-433.1665196917903
31.651249900000003,-44.57644351474833,-21.847074947313487,8.606813040253435,66.3859497228758,-500.47524167383983,-393.59209642632567
31.6612499,-46.65334586708979,-14.29834427352874,-5.379690246517934,-51.249150373055635,-499.2059091567163,-369.96914410856715
31.671249900000003,-39.95177094232405,-1.6496183884997526,-12.721978623651745,-179.6025159728204,-500.04925555296205,-383.5353470182398
31.6812499,-34.89587207292741,1.72374391212864,-13.081991758998571,-246.60958581097137,-503.47925722595414,-387.7163466166272
31.691249900000003,-33.63846147162401,-7.563592447860884,-17.92655202543406,-203.9075763009366,-443.7579084727935,-312.5585068293141
31.7012499,-28.03124698812395,-8.10631624186097,-21.659709557833217,-114.85896875885412,-331.43760187084877,-192.57535831255058
31.7112499,-21.078096365104187,4.112755903831984,-20.193912709123783,-48.92287460266623,-241.8073274054441,-108.82149566627551
31.721249900000004,-15.448789209187803,12.586011441525393,-17.504702455166534,-27.872820792383166,-156.81831125925697,-65.35435323348645
31.7312499,-11.622595630808997,12.130420852758638,-13.367493311675602,-40.55818394736856,-70.43272592629344,-24.09345869803904
31.741249900000003,-10.372713256526215,8.681166868723732,-9.16429367259623,-70.33427018864604,-12.133883556645893,18.77309980478399
31.7512499,-10.795458646626019,4.91459326833078,-4.398574587286704,-95.67154723539329,19.54000606370388,51.053233214454515
31.761249900000003,-11.041493136003893,0.6078089296625785,0.6727823106959853,-100.04280596834097,34.9415238064562,67.07634212912355
31.7712499,-9.60041971955313,-3.678042421615394,4.578492354995089,-83.52880569607481,38.49458994366842,68.97112294991595
31.7812499,-6.802671515249034,-7.057978152748228,6.949875818328666,-56.02579776862096,33.23947377878253,65.30482686424794
31.7912499,-3.1388599457295947,-8.845721384487767,7.48506886662872,-24.67607494742152,24.170408669541807,61.82439017674292
31.8012499,0.8717780233846263,-8.810449803886906,6.545118004041777,4.411360160629329,16.64709908292677,58.43543598991565
31.811249900000004,4.789614117304556,-7.230746376149148,5.308383107235157,19.907240182662736,12.185809659658402,53.11514421597672
31.8212499,8.200618270931322,-5.3503847184273585,4.730203273706077,17.072464328997164,9.32497575729695,44.004227404630676
31.831249900000003,10.444908438302713,-4.510016377988895,4.623853186838997,2.2610632922116265,7.316347276627599,31.379086193766007
31.8412499,11.467556179135041,-4.470512880095123,4.446600374564921,-19.06412114737822,6.741163750492538,16.554128729708573
31.851249900000003,11.665411374438499,-4.798900454718926,4.181686972285449,-41.07330427098306,7.14057541386042,1.5977559300026933
31.8612499,11.668522486994078,-5.733918809040478,3.923717162704877,-57.57535353940647,8.43376410914476,-12.08858335202917
31.8712499,11.834961733378096,-6.929502316464231,3.8205427492590927,-66.14376382038375,10.699934599461262,-23.31526607468975
31.8812499,12.03295573568874,-7.836523002597399,3.9730269216999163,-67.39351555488925,13.4665431058608,-31.933459527919318
31.8912499,11.891955157650235,-8.48767780991814,4.229769382968939,-61.690590677904275,16.36818577111424,-38.80602462279893
31.901249900000003,11.145040712407909,-9.09470787787138,4.53033632525085,-49.300594917284954,16.855345798124407,-44.67421008752576
31.9112499,10.335502281366894,-9.628153352043666,4.71726408984225,-30.80425279231697,13.672978819518168,-49.14038081893519
31.921249900000003,9.955337166132283,-9.821775573109122,4.652420173889442,-9.238636455819737,8.580330992687694,-51.423035657649386
31.9312499,9.609176923752155,-9.51538606258595,4.537081126827741,11.339571887075344,1.0563035367855687,-52.16257679624476
31.941249900000003,9.242347953723115,-8.888905116351381,4.387626335236062,30.279488297062034,-8.046507191431386,-51.98339366327381
31.9512499,9.03072987831798,-7.798731889134473,4.12932766087391,39.512004195941245,-15.79098727001224,-52.412630633258786
31.9612499,8.921993959388832,-6.476784737350036,3.973481941277707,39.31256317775798,-22.572840460973055,-54.33344000719942
31.971249900000004,8.865748775568479,-5.707416623021162,4.050247169359554,34.86852023549701,-28.293834885951124,-56.966997953986414
31.9812499,8.650026779803701,-4.8484591553418035,3.898863461568403,23.704367312525445,-33.234397276905504,-59.82835334486933
31.991249900000003,8.549981485790134,-3.851020868300184,3.4382191941673397,8.739862855346564,-37.11462111513045,-63.16759634496003
32.0012499,8.637035661089163,-3.2504611922281903,3.084041401963017,-7.794868689618522,-40.3585438819741,-66.97332733417473
32.0112499,8.614766729453551,-2.9019888690592124,2.789627932200082,-25.529615805073234,-42.92048076591175,-70.1642427965246
32.0212499,8.413299389155522,-2.5518819733037295,2.4050504062178635,-42.37239941641301,-44.84368963302151,-72.59869116172959
32.0312499,8.321726974800614,-2.217655748205811,2.2253960448874808,-57.69291290056421,-45.49658719702963,-74.46106667785276
32.0412499,8.281758101974964,-2.110089949486225,2.293662924200944,-69.850144837104,-44.25532437043442,-74.84587567406864
32.051249899999995,8.166178163969231,-2.3697015379041075,2.4177693405012386,-77.22643824469408,-41.46388825525707,-73.34902567853075
32.0612499,8.048884153040134,-2.728962199207823,2.52544827070882,-79.55026458758185,-38.524894426742684,-70.2217574059525
32.0712499,7.875159819804697,-2.849407490898868,2.4242976694193565,-77.5492246354991,-37.1959651155624,-65.5961932598975
32.0812499,7.979833730526137,-2.9501353392417737,2.266300850075816,-70.82378183592347,-34.99845924158721,-59.872804459616056
32.0912499,7.95798365288604,-2.9502970136198154,2.235992083776361,-60.61885278080611,-32.787991572295255,-53.61183815771535
32.1012499,7.652572821326213,-2.874289769525475,2.1563615019392617,-48.31953401687331,-31.07620459155007,-47.04701437393979
32.1112499,7.3097321197606355,-2.7548709569285488,1.9017436062734945,-35.02537709694701,-28.758300890247703,-39.9492355617972
32.121249899999995,6.9092843236997465,-2.5400939582639923,1.6457742653012224,-22.481549358385504,-26.495684562301104,-32.11348168751465
32.1312499,6.505272889399353,-2.494132817009883,1.491431838106769,-11.122267931858026,-24.261478408343645,-23.88541649063539
32.1412499,6.271710758012136,-2.5380654483831044,1.2350826046753494,-0.5571480423853843,-20.81626005350202,-14.906878290389065
32.1512499,6.3047720522939485,-2.406404920187592,0.8428628049218112,9.115407846117243,-16.522426227017867,-5.056507922738861
32.1612499,6.504243100454195,-2.3427244552412754,0.6676516246140958,15.449341979376523,-13.78285429118852,2.851850837805553
32.1712499,6.718498814259101,-2.436743620053491,0.5843835882380659,18.652513277729103,-11.844332945086204,9.016075542402444
32.1812499,6.885438781881091,-2.2947713553140945,0.21785656339125548,18.481511262168162,-9.707475239735555,14.415840012364868
32.191249899999995,7.078852661095261,-2.0009009664236355,-0.19247495136102294,13.8471700698896,-8.470033679489463,18.727510034606798
32.2012499,7.4249718268924125,-1.9147789004030848,-0.30477266163621436,5.553965298475932,-7.559441105744842,21.90227633651919
32.2112499,7.951465443437372,-1.982978360625669,-0.2763083312599763,-4.599499642208763,-6.112185331067657,23.927561133893008
32.2212499,8.391286271015124,-2.147264232602554,-0.20031709711013207,-15.483895270831718,-5.166885013019163,24.96762244349188
32.2312499,8.80388171598931,-2.3727278118393933,-0.1446031781414921,-26.185472571480638,-4.453027456827033,25.38824252659607
32.2412499,9.448450395600025,-2.8891337120796043,-0.11028536296147297,-33.04699077771951,-2.2484183291048114,25.783486190297914
32.2512499,9.820959214278624,-3.50558535196487,0.09628243188855251,-37.093115045412,-0.8169002029942416,26.51903918540707
32.2612499,9.966651330572482,-4.129648097463021,0.3121408070920349,-37.38182484913275,0.31585126567922145,27.797143216756744
32.2712499,10.13248042034699,-4.835284072658646,0.42218274838173686,-32.47927528712281,1.7326601559601087,29.282743372027955
32.2812499,10.047536703406557,-5.104151005396761,0.5562601818672165,-27.45334747073526,1.385149462930082,30.001663554838196
32.2912499,10.04101248981194,-5.223350708078464,0.7917711289874881,-20.941377508841303,1.5612736000499112,29.498277026026532
32.301249899999995,9.992509390658974,-5.4542858586355845,1.107386816384413,-12.233750958683377,2.3112346691445804,27.925085324577125
32.3112499,9.642186225845668,-5.553689113160824,1.3726726747057112,-4.621555061632233,2.053544580833565,25.63776617829822
32.3212499,9.358745251416316,-5.548039092254055,1.4542175298390994,2.1959913283850936,1.5179386072298007,23.28355347745699
32.3312499,9.255990791851012,-5.5289103466951826,1.3741132091973465,9.609408258977686,1.6131078137937893,21.06231925670985
32.3412499,9.055463866509887,-5.247186782346206,1.2595589270011764,13.722137986551788,0.7080571248193543,18.49696011666113
32.3512499,8.905953005622875,-4.724745075527187,1.2540585361183796,13.158780716983252,-0.27079877887915754,14.932266704782517
32.3612499,8.960565746420587,-4.271249290492874,1.2824412868650097,9.862628252252842,0.1745040661867027,9.833350444457006
32.371249899999995,9.028230872281641,-4.032148891979615,1.2552214414979521,4.676834073973711,0.7654960855517556,5.395101264630166
32.3812499,9.004484607270792,-3.962028404093556,1.2881956491190891,-1.638370070698136,1.5452198316868342,1.8863582618599413
32.3912499,8.89991732632518,-3.950393940893155,1.2674118659812197,-7.139271270224568,2.69925405019086,-1.2528867059732671
32.4012499,8.884577431461356,-4.026579553382775,1.2030401389188439,-10.15694703000975,3.5824899566022674,-3.441391192500055
32.4112499,8.895452627737525,-4.165926063179082,1.22450007474844,-10.517264730774405,3.9207384017310756,-4.417082597027777
32.4212499,8.875984263839573,-4.3907591795668415,1.2871108923215573,-8.021347159023497,4.359436457274596,-4.25436502190392
32.4312499,8.846010835915642,-4.63314209311641,1.3878351050144164,-3.899971859528368,4.668446002120612,-2.9632794732681593
32.441249899999995,8.76783895801754,-4.7343180774392195,1.4331869083441542,0.23492294564690658,4.539588086262727,-1.2229314477426465
32.4512499,8.663941973703125,-4.697422171171453,1.3729543797213637,4.200112533626257,4.882030901236184,0.262341892515848
32.4612499,8.517566527227086,-4.589738978124942,1.2870771225759172,6.7889083404045145,4.7869003658346045,1.5381376110778313
32.4712499,8.443876586840354,-4.523218380272332,1.2487620847958463,7.680923786610658,4.0942416268659345,2.8278547922112804
32.4812499,8.37563620878995,-4.437507313790021,1.2264782735447977,7.274954588227915,3.506889288828692,4.030516136344349
32.4912499,8.238518879803998,-4.291445887101911,1.1402929158916628,5.3322932317108584,3.1462823389495354,5.014331755844444
32.5012499,8.241055356926639,-4.224388739592753,1.0797679336891246,2.166084037109215,2.8872101763186917,5.8890387759194835
32.5112499,8.326087475621312,-4.252272816339861,1.0884790901960013,-1.7729445378948383,2.7225068151343392,6.788695926429393
32.5212499,8.316614173255088,-4.302264197471621,1.0982028737720793,-5.901039495949324,2.771285850189047,7.7168771659109305
32.5312499,8.271765725335886,-4.3950955125483615,1.0641767053104836,-9.708794317170671,3.1910133514623387,8.460467486188124
32.5412499,8.237827660590314,-4.5726835240852735,1.0033796253373741,-12.543928325909093,3.865624246777521,9.315801463327757
32.551249899999995,8.275050608143104,-4.775059003486926,1.0337662450114111,-14.083366836021515,4.611641164906375,10.288080134073562
32.5612499,8.31397192698535,-4.956680918301162,1.1249366321562073,-14.208498580266758,5.573062120982903,11.330013804003677
32.5712499,8.30706982133585,-5.065552952559248,1.154206940151092,-12.795531836527482,7.00881050557615,12.415979897514374
32.5812499,8.31675251167763,-5.146747778072658,1.126204333020906,-10.599375403539721,8.241702421640982,13.224484369091378
32.5912499,8.318333056617691,-5.270621422624767,1.1256522532429731,-8.560792274803163,9.233459435068898,13.992105361560352
32.6012499,8.27231545871418,-5.337872475186069,1.104343032880872,-6.901501201741906,10.246125667402978,14.811192555249386
32.6112499,8.205287288224122,-5.308710452850388,1.004062742319572,-6.432129264865435,11.360715175199804,15.253761704925834
32.621249899999995,8.212440377873822,-5.254772611553028,0.8877355391974924,-7.876308256627211,12.431278488403292,15.448251113651764
32.6312499,8.231229150584749,-5.194981247514627,0.7975167814345187,-11.267951282533236,13.436623207924894,15.168595239823622
32.6412499,8.168285024936297,-5.2311532928338185,0.7551332099694646,-15.444501927814244,14.711526607013734,14.45630594308361
32.6512499,8.006088047883708,-5.423038899851025,0.7147743103293688,-19.509292050642397,15.932409902031658,13.974476579905804
32.6612499,7.830376396684822,-5.681361956967887,0.638961189052862,-23.05651498524183,17.21039834991669,13.909431794148597
32.6712499,7.666348334015216,-5.881597519875376,0.5485563667164609,-26.432859340208854,18.452819947379382,13.94166525921049
32.6812499,7.508082025015524,-5.996983608511088,0.40036014173744716,-30.709418950232084,19.866081235103252,14.050677752894615
32.691249899999995,7.3847281063300265,-6.072040721315715,0.2156885218643541,-35.967140080606825,21.84631373399668,14.240095850736958
32.7012499,7.231397707530976,-6.081467320861216,0.07750320799903897,-42.233614792677024,24.46313097790911,14.188508003751819
32.7112499,7.03717380626309,-6.155452845023385,-0.05807652452833635,-48.938540455463965,27.601529218043943,13.907435289204894
32.7212499,6.833730469518872,-6.38638398856222,-0.16963502556143686,-55.13418227431993,31.304514722838146,13.641136873767081
32.7312499,6.618516456657839,-6.612346676691301,-0.3161619759436436,-60.792639364952784,35.981086072481034,13.9890335594139
32.7412499,6.3555575376642555,-6.71608888396485,-0.5074039940976,-65.95518185574485,40.846308286516745,15.34060216006616
32.7512499,6.079221911305696,-6.810138654305691,-0.5979093226008284,-70.65579697741344,46.0407802726054,17.372925796172602
32.7612499,5.823021117358728,-6.916570643522549,-0.6282036128049279,-75.1632007201141,52.03118778106746,19.89614808792126
32.7712499,5.492586694322706,-6.925677519805168,-0.7102939962886572,-79.73880249810266,58.79890037486918,23.185687646419396
32.7812499,5.08557753388766,-6.860447927717668,-0.8736118362387341,-84.48533249684478,66.7146316450933,27.479751774828973
32.7912499,4.789450761604686,-6.794239631208178,-0.938918794591894,-88.31491272760488,74.074398734316,31.977330119065652
32.801249899999995,4.587905583642443,-6.644445504200664,-0.9268489527410946,-91.80994709753652,81.33202746705933,36.71344354300645
32.8112499,4.368493456008561,-6.322973435076878,-0.9660366403235385,-96.06214347322363,88.94266844907428,42.251705003243536
32.8212499,4.197613720586154,-5.9539590340499355,-0.9568168072631192,-100.72744077398453,97.01463967464619,48.50055347169859
32.8312499,4.1649098318549225,-5.559049979178701,-0.8110359616202126,-105.72889593482577,105.62461652304583,55.55122751919627
32.8412499,4.24029614190393,-5.1392220235176564,-0.6325205970631139,-110.32734983951062,114.65232353198742,63.61777045029717
32.8512499,4.252208856244468,-4.7643012670399445,-0.47509546926369156,-113.65689291899393,123.88619807876425,72.55662610615278
32.8612499,4.023231705468978,-4.446370236946043,-0.271661454327081,-115.77795772913215,132.62708717568822,82.51718872993278
32.871249899999995,3.6728597765119275,-4.1838337013174325,-0.053409836964800346,-116.26405858865267,140.7166450982544,93.52444827294715
32.8812499,3.321288916138173,-4.00887524085341,0.23187015424032426,-114.80017644598557,148.24478584676288,105.30768414244805
32.8912499,2.8288604797702828,-4.106231930785428,0.7011983806225767,-110.8414266754466,154.58395197724624,117.97825644807054
32.9012499,2.1702108297986444,-4.339702315972419,1.1399039514380438,-103.7849353268798,159.10622763711197,131.00748834616297
32.9112499,1.547130719026017,-4.403454923546717,1.417872009650538,-93.75870844722513,161.53995367336103,143.7082320115698
32.9212499,1.064355675117611,-4.309853224663134,1.625094269555337,-82.36724007144016,162.29541623831062,156.20679259354418
32.9312499,0.6927455114849228,-4.087036552705258,1.7638860255153197,-71.0260455977251,162.3938055884416,168.70368536917664
32.941249899999995,0.4579053730548838,-3.6564699879085363,1.9537498184152762,-61.33697291720485,162.40218674306672,180.99766381085433
32.9512499,0.38121185810928876,-3.1192157039030572,2.232441998850695,-55.239085844650205,162.98235777612805,192.94461129658345
32.9612499,0.3989141182567763,-2.587973386655776,2.411029821430064,-52.49519663296905,164.2467902082522,204.62319203441237
32.9712499,0.2905332879708789,-2.455125505811693,2.821523882474861,-51.77918531896815,165.81001275033304,216.03259192839585
32.9812499,-0.07815249780762933,-3.2200992363445704,3.6349871189335823,-50.419711449250784,167.36694268698838,228.5740434833841
32.9912499,-0.6800003387240146,-4.260385646835192,4.1571488947383335,-45.218626061462196,167.95904407629098,243.03593511527902
33.0012499,-1.1870242241199493,-4.732230091940865,4.144186253195594,-37.65362699119519,166.54139948081325,254.4093363444304
33.0112499,-1.3349679967911627,-4.746607966194579,4.046976766122201,-31.160990671308042,164.39716053354886,263.09039501530964
33.0212499,-1.3266177927656253,-4.638604341450464,4.029564781135356,-26.68370543911724,162.9492513905016,271.2788013446889
33.0312499,-1.4627661547234323,-4.824976310156918,4.4980865159590335,-24.388764202777114,161.68961914786436,279.38214486468866
33.0412499,-1.7945811517656602,-5.68677936020411,5.714616639568652,-23.900776922494188,160.81524015053913,287.4453693032775
33.051249899999995,-2.243281948205821,-6.540848175799029,6.3061031829706335,-24.70121141875799,161.1696455186458,295.03296277828053
33.0612499,-2.9340899696152873,-7.2669203881892654,6.303433451851396,-24.86553836847757,159.87175911077705,301.1739246540667
33.0712499,-3.707693730942249,-8.703737927048936,7.095902761558385,-20.728584729659538,155.974174571835,305.0455439032382
33.0812499,-4.38472638528356,-10.32065619029818,7.822747971688671,-9.437829155126,150.51490348563146,306.13569200866164
33.0912499,-4.81354459686928,-11.324767150301128,8.139110193296224,5.328348768414804,143.23662624703908,305.1847906055347
33.1012499,-4.933014559926136,-12.375978078779111,8.773631061827452,20.53814949044121,134.54518376940774,303.3690875813173
33.1112499,-4.930841160702139,-13.148430530635318,9.249154950669912,34.79251632870591,125.39790212777879,300.8937191287701
33.121249899999995,-4.807490380611335,-13.141089384739152,9.595539962979979,43.569920530050695,115.84575563062175,297.95218273942953
33.1312499,-4.523269685143455,-13.336982079679778,10.520969433315393,47.830121121826245,105.4149758963237,294.99779685201264
33.1412499,-4.509841790829314,-14.78803419034917,12.45953534395828,52.231861725669084,92.94249770621562,291.1309664826733
33.1512499,-4.737090045388461,-17.113980368798817,14.50364870881927,64.44052829924368,79.10146899372171,285.66901052101304
33.1612499,-4.633255176287749,-19.21084154454091,15.999896165257873,88.35441010392316,62.59871600830675,276.5164584767915
33.1712499,-4.125750497672353,-21.387000254280647,17.407114096592718,124.66012645202817,41.046441225940114,261.9503475071616
33.1812499,-3.4754420332970093,-23.23601471001631,18.37024047824675,169.8994787937045,15.881143056136667,244.29644780099207
33.191249899999995,-2.5080430892812906,-23.8915183376991,19.33749607754378,213.74652901368458,-12.868650058280828,224.34814549306446
33.2012499,-1.0329717883025442,-22.618098394586898,20.06343729095352,241.3245802761669,-46.768350327893444,198.93700267935498
33.2112499,0.4792953666811613,-19.520707901895616,20.359517616608667,235.3434461214971,-80.03532531351955,171.53773693556127
33.2212499,2.231282734628483,-15.824959837615049,21.559210237408013,193.6970648908244,-115.26974596226907,140.85172057550636
33.2312499,3.6022208648328164,-12.964626172028337,22.8570957464332,123.55061871194955,-157.00621342225102,103.82110000217573
33.2412499,4.06239430560932,-12.110350918519233,23.597203070100957,38.97156919614639,-204.4831357517705,61.74710427102994
33.2512499,3.800424201452803,-14.097177176349266,26.08414215742284,-35.592000797116455,-253.9054753863597,16.030192522614904
33.2612499,1.8563584865703173,-18.948865222351433,31.049093050801226,-79.04788718480195,-305.66933153111546,-32.49422576231044
33.2712499,-1.0214089095422354,-25.125704695830926,36.35962066130437,-87.56038697700487,-362.2324058802003,-85.29621759142512
33.2812499,-4.634818854312267,-31.543521140912652,41.81247612348483,-62.45038053924856,-429.01965030691395,-145.40990267090453
33.2912499,-10.249123927918902,-37.47631619919273,46.05457700315137,-8.384173555297679,-488.5802383638161,-213.62159727305198
33.301249899999995,-16.689532839007573,-40.91144339834448,46.72937299062642,58.034294523746475,-502.62539540731757,-284.10392155422596
33.3112499,-22.493438268419105,-39.142405735117435,44.70714468492953,102.91759612921605,-499.0755330853432,-350.5064662542099
33.3212499,-26.36031651995744,-33.4505363493712,41.054688268241684,105.8778143644825,-500.12798253726805,-407.9142201456977
33.3312499,-30.03190785644621,-28.661103331812377,36.108627439533294,67.39433135358327,-500.1001457881693,-451.6045665863051
33.3412499,-36.32094252573313,-27.44124405428227,29.617952552778785,7.191338106466057,-499.80540945334076,-473.83273170231206
33.3512499,-45.01289429918011,-26.429351546244696,19.583397524302782,-62.263919574351554,-500.42355905527495,-476.39342000299274
33.3612499,-49.35320659588679,-20.908082039326437,6.021831661320467,-124.80412992226417,-499.37697104903305,-483.0890510672925
33.371249899999995,-46.16820942999327,-10.493714383459272,-1.6932417300385232,-156.53772070673367,-499.9125584827996,-500.2214069642567
33.3812499,-45.33295340091186,-1.5599111862938775,-4.701587996682937,-159.62926715022638,-503.1646702711084,-498.76031106968554
33.3912499,-44.71394907924957,-3.841896525878574,-13.369634715134701,-98.60004856001696,-453.5254836941712,-419.48883292103784
33.4012499,-37.428435795734394,-2.01227432059431,-23.640648643525186,2.384616007280192,-348.08639342181937,-267.785704099134
33.4112499,-27.399653339692637,15.732937935908975,-27.513817442730986,41.489443893945605,-242.16775266727595,-136.37748723119878
33.4212499,-19.074255726465996,25.962738724249874,-24.57246740199463,-0.6309066137898914,-144.32043518596728,-67.05606065214707
33.4312499,-13.950496868655135,22.737968071601767,-21.732654585126625,-77.12332709448481,-53.16172186469346,-7.705888931205937
33.441249899999995,-11.806550989209262,17.33609022698519,-18.453016982871883,-158.80482279694283,22.133874533979892,52.54978315308756
33.4512499,-11.558318838078398,10.65036112915577,-12.06308927320425,-210.86105967613645,66.78389130866545,92.14422868262996
33.4612499,-10.520881496508894,2.1113345201014204,-3.9509233161872426,-214.4425382349421,84.8778290498509,111.10825492497318
33.4712499,-7.835753402352919,-6.35073411666391,3.5462018418026693,-174.9128804050539,91.14506070579772,114.33935695096224
33.4812499,-5.072123167676057,-13.319050030384787,7.537189263578676,-103.2497643049503,88.89031446358476,107.78667649229128
33.4912499,-1.964632001793757,-16.92587276811597,8.293025190807201,-20.098398940686003,78.12929545610064,99.52660352955176
33.5012499,2.5310909425088806,-16.11701220554422,8.35503417470673,48.9190931235094,66.55540064343789,92.64569737956353
33.5112499,7.115939386156091,-12.455104035627611,8.246700968470686,88.59319880134166,60.34511716796083,82.30559598625703
33.5212499,10.236833547885304,-8.402742911757095,7.500277384518161,97.09925177110259,56.30188951081629,65.59754172603388
33.5312499,12.107323716614337,-5.268824384507446,6.310137892956531,79.5221198938667,51.81583157290165,46.19980205820427
33.5412499,12.983152204758303,-3.461851501815042,5.057927328269294,44.207231968398766,46.07967694757734,27.24326935931469
33.551249899999995,12.701255185023383,-3.095886286809878,4.192756840090479,2.212976370592919,39.364475786242785,10.168490921857266
33.5612499,11.724632848625578,-3.854255599714415,3.776547811603098,-36.924729048436525,33.39326656388271,-3.8937896936312772
33.5712499,11.269825212689845,-5.0023726268336235,3.622141730087386,-68.78699623603498,29.757943577971307,-14.84853921014375
33.5812499,11.626018403387262,-6.149410966503681,3.787455944283933,-90.86122523321377,28.965725043807424,-23.44307734976476
33.5912499,11.719694602480937,-7.317219347299597,4.103924184139946,-101.1361497907639,29.402475117407153,-30.176469321890043
33.6012499,10.968277605045689,-8.379242302143307,4.366399156264948,-101.05316028400709,29.937387522903144,-34.99425279663597
33.6112499,9.867986685376499,-9.124156858386364,4.581543302641207,-91.95115269024946,30.738828216929257,-38.01115027566067
33.621249899999995,8.91169706513421,-9.531215941594207,4.726239614444899,-75.18294618221951,30.332955981098458,-39.72351383943274
33.6312499,8.36789926085189,-9.627459729108146,4.666982331161334,-56.53032794765239,28.3012756565344,-40.11453414137066
33.6412499,7.9839355297201555,-9.180928575502469,4.5109082433092205,-39.4273958897091,25.386912885830892,-39.804550394524576
33.6512499,7.529079928124289,-8.449269924112178,4.4011920498349255,-24.82814635504037,21.307025668152697,-39.214676759887055
33.6612499,7.223514672930625,-7.792754132470781,4.205556269089942,-12.728858702878835,16.744924574682415,-38.38585029846882
33.6712499,7.133681373992108,-6.9742800271673415,4.012071511093653,-3.8310950350892528,12.53484628145976,-37.4345069699734
33.6812499,7.130275831774308,-6.127567835039272,3.948089378376352,1.7188760580568034,8.587993532509387,-35.93434525665888
33.691249899999995,7.294785982913853,-5.482398637380102,3.720130366924898,4.817581975870125,4.283566918500921,-33.80251583235348
33.7012499,7.4964503645809755,-4.901395818685341,3.545923091757671,3.6535782938384056,-1.2851230139123386,-31.134556343602696
33.7112499,7.54218388092101,-4.33205298034388,3.4908173304654437,-2.6974396716412827,-6.706895701383877,-27.902502316133848
33.7212499,7.628371349003617,-3.8733984059048674,3.2019788083736542,-10.873912473534611,-10.017132262077268,-24.689557715128352
33.7312499,7.687446868323358,-3.4251013350521147,2.867172677443839,-21.291813617648113,-13.05233779072485,-22.008426354631002
33.7412499,7.705554279046284,-3.1122812986144033,2.7294661221103578,-33.02337435436452,-15.93749754486046,-19.78638071531685
33.7512499,7.8862888094792005,-3.1162795171155606,2.786816855254881,-42.79378669418885,-16.817096350303267,-18.36263785010783
33.7612499,8.117951972200796,-3.1946566698019954,2.8543160185760175,-51.143066706513544,-17.0266214596484,-17.42488697057504
33.7712499,8.45938188101701,-3.3954959040765362,2.9571384240511382,-56.56182079324094,-16.989316658011294,-16.655309503267514
33.7812499,8.759836613054848,-3.7598330795392703,3.216274038465341,-58.14635471482094,-16.076613842265743,-15.965091404352993
33.7912499,8.804307962089583,-4.106658191577373,3.3713449179118853,-56.27549928601388,-15.011426195296965,-15.311288543748468
33.801249899999995,8.750202640062911,-4.333106134980768,3.360108630832895,-51.14789578471076,-14.436072520671088,-14.45967241850121
33.8112499,8.672191658899093,-4.598645796069075,3.370270111564874,-43.15380773913385,-14.490860332704246,-13.416082079247596
33.8212499,8.545958003888119,-4.823996561265816,3.1865281898524724,-32.55353088527128,-15.576075825925942,-12.128810508584863
33.8312499,8.553204085745023,-4.702177887717883,2.7697659367458796,-20.428632327665074,-18.052407061145146,-10.841595153392985
33.8412499,8.691066318002784,-4.523090655572459,2.5593911828399367,-10.616006386689742,-20.96599176068867,-10.26698261985097
33.8512499,8.752610667157851,-4.4204419725659605,2.389908767613281,-4.375092558962993,-22.946499635132326,-9.8999033673042
33.8612499,8.675305661069315,-4.128641724590206,1.9668270756530395,-2.3166628622979224,-24.47498850815482,-9.240286113078145
33.871249899999995,8.596170659868022,-3.875387433768592,1.5990127518031978,-4.360758553905508,-26.02793211235525,-8.799427920536903
33.8812499,8.650517317141018,-3.822314141590838,1.4231719040524025,-9.280995380378297,-26.77518050878183,-8.770131911973047
33.8912499,8.78062763717659,-3.744447987574017,1.2634963236531254,-15.555110005731414,-26.707822466684597,-9.264237342243147
33.9012499,8.911595479018544,-3.6829453977181767,1.1591965442408365,-22.395581454150992,-26.314025927821035,-10.310647855184282
33.9112499,9.052408587890039,-3.717211763531855,1.0798331830533283,-28.557899917144216,-25.472528450054668,-11.156404629364795
33.9212499,9.080593471048577,-3.9058056365882217,1.0277197003488383,-32.52506300512355,-24.8500145767629,-11.062800716106793
33.9312499,8.948465251155056,-4.254799841939801,1.0674617792806367,-33.955627272918555,-24.422521678584307,-9.834492979476023
33.941249899999995,8.782728839754071,-4.480956742326983,1.0067227761272806,-32.97162288274821,-23.813140562834807,-7.627634079148393
33.9512499,8.661688393412614,-4.45022252302996,0.7870676450222854,-30.555645621471616,-23.17231890796017,-4.903066036287514
33.9612499,8.566307880301439,-4.3831775422790065,0.6749650162701168,-28.494663879072533,-22.28980014558456,-2.002956085137627
33.9712499,8.530152941667357,-4.334570530039889,0.764150624329055,-27.426939562095672,-20.345001297848672,0.6807033985571519
33.9812499,8.507601892323661,-4.277745122440939,0.8408232449197152,-27.02541253149719,-17.54816940157807,2.7123509933213055
33.9912499,8.392315059783726,-4.2773023724457,0.8620208539431046,-26.831000875572744,-14.496044394759162,4.453301312212671
34.0012499,8.206727129594249,-4.3402485493575504,0.9722292545016021,-26.95199646569603,-11.425242285229738,5.783307003668389
34.0112499,8.01199152921344,-4.48968592243512,1.087568909796811,-27.16523544882344,-8.691606582043645,6.465068696540187
34.0212499,7.896434144805593,-4.615075354797508,1.043135961271923,-26.662650819540954,-6.440114028260396,6.619508415645568
34.0312499,7.741707306936991,-4.515503526945621,1.0240334921859198,-27.479752923037687,-5.261611213328567,5.881999003754856
34.0412499,7.712867341442072,-4.429424893850233,1.0466564472851883,-29.462234108078917,-4.359120292692529,4.089202075075624
34.051249899999995,7.8271277123794105,-4.70426305561483,1.1332874521779455,-28.56052502347476,-2.9774357900150745,2.702662490172938
34.0612499,7.608935917064484,-4.87450631469461,1.2246811067737613,-27.38993853720034,-2.46502873355521,2.3341793987940007
34.0712499,7.524198973381793,-5.074112088841939,1.141409720208477,-25.476859132732745,-1.6367770140342743,2.5897033622999133
34.0812499,7.587555672900603,-5.267276098580607,1.0552991643594143,-22.098282267716062,-0.8394641811624347,3.2427922510567604
34.0912499,7.728978298856279,-5.3192057499249685,1.0324099895191505,-17.999855564209362,0.012610583766745061,3.759730645974389
34.1012499,7.8975404892979375,-5.314325703096471,1.0834434346517166,-13.552704091677862,1.0753324763034342,3.9962739157123446
34.1112499,8.138352537375898,-5.324995372192223,1.196640145267306,-8.365799340005312,2.74659633878987,4.084388292498421
34.121249899999995,8.350499239309134,-5.128325762395777,1.2398862046078236,-5.282627322320144,5.023548027945191,3.8829159634745496
34.1312499,8.636067646513027,-5.113670044364025,1.186346208283673,-2.1583432880594553,8.433596707343838,4.13764956365259
34.1412499,8.585882344005551,-5.03116142684067,1.0157001884572112,-0.7338509997409095,9.93360495881649,4.3045897564606435
34.1512499,8.39639394715038,-4.695623028375662,0.7990095750821831,-2.5526561384558866,10.81219097753008,4.014202073567858
34.1612499,8.536662462277086,-4.619017864233964,0.8018735455618756,-4.338756300626359,12.60671315074031,3.2656469448364542
34.1712499,8.793066147093086,-4.549102419055322,0.9453941388368432,-7.172613723417757,14.97874229532938,2.272412487260873
34.1812499,8.80935714536835,-4.700678896066461,1.1108574331594845,-9.684042948975751,16.612657825114187,1.592035708442697
34.191249899999995,8.634452480839872,-4.964274187918625,1.2884578030552771,-10.870737690192115,17.654415034549228,1.2998564435586641
34.2012499,8.489384626287807,-5.136425657887273,1.3848040036078564,-10.174616555658973,18.03948404030139,0.8852056374374065
34.2112499,8.383699419728964,-5.348438734738462,1.399254826512337,-7.647633341295877,17.74862746917575,0.736878431610905
34.2212499,8.197419539129394,-5.573680642014757,1.4417318478448022,-4.201649152652194,16.25301062389188,1.209688892403385
34.2312499,8.063904071246052,-5.644731375583414,1.4749725155232492,-0.7573773359313566,14.375139723736906,1.9921400656266082
34.2412499,8.160588633068972,-5.534436458419022,1.5807694294968284,2.2095019037725927,13.10408391418233,2.387331808557698
34.2512499,8.318183989291677,-5.2912576035254695,1.7398927833333468,3.5596721001857277,11.86862561746496,2.280639738418573
34.2612499,8.478294320162489,-5.127035323427773,1.7801326628550154,3.504932748675891,11.032961554689226,1.9046869623401563
34.2712499,8.556169079517472,-5.113119323354492,1.784553424698095,2.7019401764143973,10.49902027676399,1.648655430325394
34.2812499,8.403581956231003,-5.179336981085485,1.7620161622644601,1.2077798025491318,9.613400554695875,1.8552361146619434
34.2912499,8.216596068604112,-5.158105327493999,1.6580151203967108,-0.9961611227891369,8.295479816726068,2.0768736341620517
34.3012499,8.177789254940702,-5.122272144595046,1.5694099833813728,-3.2282496519299144,6.411066476129687,1.9552849342711458
34.3112499,8.182762608647568,-5.183101205298782,1.5816116003042426,-5.3799880999794745,4.409991944938038,1.7659204318009083
34.3212499,8.16966432066076,-5.279928795788806,1.6235949593148362,-7.20784892645604,3.0374048384154473,1.3435480876915693
34.3312499,8.178535199141237,-5.322984260220797,1.6297602170813092,-8.670097643940615,2.359376703019753,0.980359091901537
34.3412499,8.185905157069223,-5.388014224838303,1.6537027422463308,-9.815026117317819,2.220074774715317,0.7957669712726542
34.3512499,8.09405807375309,-5.470323963147713,1.620169160311833,-10.449349914798564,2.266062242297179,0.7811115906776221
34.3612499,7.906755504100419,-5.524599870628572,1.5205052191727033,-10.935590074762127,2.474588138376259,1.1180149607302503
34.371249899999995,7.679888434011588,-5.581296681452508,1.4557455652115245,-11.39782877959395,2.7990379407960737,1.6755523091891005
34.3812499,7.439313369820218,-5.636175937461109,1.351946202135166,-11.66612246276619,3.242587991163295,2.243534595378102
34.3912499,7.255502002907068,-5.680718586264447,1.126170300808825,-11.61481527505044,3.4033045543097407,2.9020875476793675
34.4012499,7.161946907678622,-5.681894140698435,0.9355192083393099,-12.146950858973554,3.7198031347545326,3.97434585139103
34.4112499,7.068869700300889,-5.664265054538596,0.8825360054012068,-13.210611763482612,5.160504933552115,5.407192188215402
34.4212499,6.9584146916784615,-5.688868930055989,0.8186293037746644,-14.694217232298016,7.499127105043661,7.161646527399322
34.4312499,6.831977194748271,-5.735765474849599,0.6535742972426991,-16.50275813038318,10.340682829882745,9.304996745742537
34.441249899999995,6.695534238524601,-5.830181611308278,0.4497634683369612,-18.158914378311465,13.57801203251641,11.732310935528485
34.4512499,6.559587951300936,-5.946811776733542,0.2711823762541289,-20.037040429246822,17.70040470343746,14.421639290453074
34.4612499,6.397005826460966,-6.00207386972118,0.04777993731059159,-22.374192753834198,23.099688117835772,17.285963055808526
34.4712499,6.24331613656784,-6.051380302570621,-0.14833198023827232,-24.56701718101178,28.484428570487815,19.40466437203093
34.4812499,6.042920490716533,-6.129039162683781,-0.27896532204214536,-26.521102038192907,33.95785360705274,21.350860586618243
34.4912499,5.838342844715537,-6.19392855811723,-0.41790597095502924,-28.7580680885478,40.07575701960887,23.907969983588835
34.5012499,5.63310766749835,-6.153277576058882,-0.5500629574486352,-31.470047579323985,46.79247012900661,27.210922126053294
34.5112499,5.369490720657077,-6.066593862153719,-0.6614448539599935,-34.42421067068404,54.01470332180743,30.806552771936918
34.5212499,5.070283436319013,-6.103816935313608,-0.6647813359342349,-37.52681963540338,61.38378975192997,34.88153025668411
34.5312499,4.789179176813378,-6.157789141950869,-0.6333849838985113,-41.06345709461391,69.14594264264835,39.334160499531066
34.5412499,4.508357171858583,-6.055618540426909,-0.7178237114112387,-45.05047503952539,77.34976392914315,43.73732973509391
34.5512499,4.245074653329482,-5.871454095414537,-0.7770426555838852,-49.6343089674818,85.62756299518395,48.38110032051361
34.5612499,4.032934359519603,-5.700859507741643,-0.7252763497711365,-54.69061748545748,94.0958576556031,53.34419554202576
34.5712499,3.805798649445993,-5.484384182026364,-0.65848948151412,-59.705111048601644,102.65335552974304,58.8255806745811
34.5812499,3.5586602595373735,-5.205961622799319,-0.5818152504998495,-64.6691427114237,111.21415142774369,65.16515567962625
34.5912499,3.323803061763261,-4.909899647381859,-0.49293726927055653,-69.24501438388535,119.56161618489185,72.69705209445652
34.6012499,3.0770193169782227,-4.589547404240177,-0.43192692393632454,-73.08289862466361,127.8555290257132,81.38544862918963
34.6112499,2.802749834451106,-4.255524994283672,-0.31581500404762064,-76.16277723188152,135.8091915457167,91.0604334355536
34.621249899999995,2.5098004898338275,-3.9961395326245883,-0.12537863903351784,-78.38931813396822,143.3878442439702,101.98561572782687
34.6312499,2.1594684438381853,-3.8393306118805155,0.08591206105228086,-79.16079937417607,150.5054852525324,113.7401921883331
34.6412499,1.7556874971154786,-3.9696496102983554,0.5265285073462135,-77.55570973013712,156.96518101065766,126.47800842089477
34.6512499,1.3182535703101643,-4.313957624005319,1.0317908073410442,-73.85894991029643,163.03387827058702,139.54511515222913
34.6612499,0.8154728910309532,-4.48541344168452,1.276963599328679,-67.44734682038491,168.06766593755748,152.79721600845423
34.6712499,0.3753494161408338,-4.554607342453206,1.5117007261161168,-57.66246024133893,171.7908517230016,167.3816991698015
34.6812499,0.19378798156917312,-4.576177458857847,1.7971149546655236,-47.818754747307366,174.79629373089134,180.42902395134075
34.691249899999995,0.10867010156031845,-4.373934186234582,2.0047209580806795,-39.36817579010588,177.8598004815782,192.24133892653825
34.7012499,0.10595062789098406,-3.9775197994266156,2.2274970351592653,-32.800968752958674,181.51712439740615,204.00689835503977
34.7112499,0.14560419780190137,-3.650188428904009,2.55675045382446,-28.74212558522952,185.71091888800188,215.4133793376522
34.7212499,0.07361740029888919,-3.377413767731257,2.797654959283929,-27.2895077909229,190.47633967626263,226.7065819768433
34.7312499,-0.14787393475501218,-3.239751405518346,3.0361721188289867,-27.814113728723868,195.33315775923012,238.3210946095582
34.7412499,-0.5541910733015744,-4.033016207779246,3.9285443025517424,-27.66103257816791,199.60288979941976,250.84079160688052
34.7512499,-1.1536332500534165,-5.336812814142399,4.902528981198721,-24.539791188999367,202.9699305930636,263.1513546297375
34.7612499,-1.7742662401065041,-5.942462955849241,4.988794060004007,-18.953417876498634,204.5046575447012,273.9628405769574
34.7712499,-2.3734448945184097,-6.418845977518374,5.2520135813662705,-11.760370189634195,203.67495888378588,283.19555539105687
34.7812499,-2.9184052294814946,-7.3007752236721135,6.181082758133421,-3.2701374995974977,201.38748185411254,290.6885342213222
34.7912499,-3.3507275636694223,-7.8093662918395,6.877990200215489,4.007011959652296,197.81839504806302,297.20238807865695
34.8012499,-3.7200399109968085,-8.40530913473743,7.927132442464316,8.503016652465318,192.99630976672995,302.33780235936274
34.8112499,-4.026998359977537,-9.543965574411843,9.159528557285576,11.498794490802453,187.9169145204009,306.6957958416575
34.8212499,-4.311073916924421,-10.297287971927943,9.789783985701527,15.145456788739882,181.15081723394303,310.10516212739725
34.8312499,-4.693753204849704,-11.439099897741784,10.95606396571967,20.183013735694512,170.95653738674702,311.2126278140407
34.8412499,-5.208984896525624,-13.076567605643058,12.016705193423057,28.76422192152391,158.0231943991128,309.1794832019392
34.8512499,-5.659145831242696,-13.817577554571695,12.180513563176206,40.71302579785591,142.39461551222192,303.0213690249389
34.8612499,-5.877501071202326,-14.454248522366044,13.037186030748604,53.37168055055425,123.79200307252769,294.03227776075073
34.871249899999995,-5.75113769106715,-15.54845993535167,14.461738739822508,65.79780824821266,103.50261810054708,283.8831848626071
34.8812499,-5.491302257539842,-16.211763901254308,15.635884316121878,77.70695754439025,78.35098269997496,270.9667241069296
34.8912499,-5.2146133701280615,-16.4172926971134,16.979587239740976,84.81607803879726,51.435534245324504,256.2644638465585
34.9012499,-4.722575017346733,-16.65823221180936,18.130958038895205,85.69576893556425,25.646299746247312,240.17322584764088
34.9112499,-3.939194078883399,-16.706386806937438,18.589658541118297,80.03845706308906,-1.7320043683567214,220.91404376119894
34.9212499,-2.671136909440985,-16.451137317490588,18.546929631954608,68.37997633251429,-29.920964114604622,198.70383688016184
34.9312499,-0.9219124204646573,-16.35047504420484,18.698296005396507,52.03580975160831,-59.80541533118892,173.8909714076932
34.941249899999995,0.5311759922755666,-16.578353410433497,19.487358136248826,32.26775776024416,-93.32940942877448,145.46640524260005
34.9512499,1.366718371000539,-16.970083448277915,20.772407800175365,9.904161923463628,-131.97355018913453,111.7330068932294
34.9612499,2.3614050778002795,-17.909550364722183,22.464653131927612,-13.960908472988498,-174.5218673410493,74.58727960256458
34.9712499,3.5595145116296485,-19.629122531147168,24.96517925616239,-36.837945466296894,-217.723929986824,35.41201401773849
34.9812499,3.8170708304152368,-22.88991086658705,29.594269603954842,-54.581373246539606,-264.7582729866167,-7.7669320780173
34.9912499,2.2899640949421527,-29.259951597199912,36.38856836884002,-52.1850435247593,-316.2884386842869,-59.73231039482672
35.0012499,-2.2740090742847197,-36.701039349936586,42.96699566502829,-21.450841333237396,-372.2050130001001,-127.26047860246204
35.0112499,-10.24487022415244,-41.31581721959656,46.23291144687578,36.5022779037995,-443.37432894294875,-213.16268105814615
35.0212499,-18.897953142981663,-42.250360309300675,44.515443640622514,106.26134771741255,-497.0211724463791,-304.2251318835928
35.0312499,-25.60023664094561,-40.89193992427323,40.93136961161108,151.86189343582828,-501.6897298585425,-378.89891577655504
35.0412499,-29.553274399813308,-36.92899574492026,36.62483272892516,149.61958893763523,-498.9982255437959,-426.0531868316244
35.0512499,-30.82992541809226,-28.463438829507936,30.231973082550844,93.72641770193611,-500.1997834045216,-450.55476311607214
35.0612499,-32.915622722538785,-19.04010890560704,22.44284593040211,-11.108750685272545,-500.54279332955855,-466.6204106428708
35.0712499,-36.63503072067421,-14.947293959691251,10.129275291846525,-124.97072908563489,-498.7609401667523,-482.9514605932111
35.0812499,-36.25420403666092,-10.318831990599211,-2.2715291304204284,-205.02392084791327,-501.044220759718,-498.01559682235103
35.0912499,-35.4739689672853,-1.6922449278327314,-4.470090473843661,-247.461596207155,-501.0539287896267,-504.71767062615334
35.1012499,-37.932539239063566,-3.3092378359547516,-8.197689313146887,-202.60632305070712,-425.99773801107057,-448.08232371286044
35.1112499,-34.72660089635161,-6.64016564843909,-17.10715997133711,-85.12328738279454,-309.8762664384473,-308.57279403564377
35.121249899999995,-27.391189859243166,3.3664645599657814,-20.60565717219182,14.592491889480044,-239.31365595300585,-186.66190274125117
35.1312499,-22.134128216911066,13.068210898291591,-17.888868402265338,61.06082499183068,-189.62328277548025,-118.810141007889
35.1412499,-18.354325119263745,12.762148209821639,-13.818637419060087,61.26337706018891,-136.70803812704557,-65.30291915642547
35.1512499,-15.54111418554234,9.675889673833158,-10.220601600039627,19.47260856887252,-86.92770182155894,-14.76717129264868
35.1612499,-14.592503502421561,7.042415777853474,-5.770472348915389,-34.90078171949753,-48.38450049781779,15.490060994130932
35.1712499,-14.33019005359043,3.534541055735042,-0.9217889797478549,-74.32799849789266,-26.870596686197153,20.40742696850719
35.1812499,-12.639637383150644,-1.0062824321770756,3.3684677826795,-94.83357189166172,-18.482211027488535,10.773958694326
35.191249899999995,-9.46556123164232,-5.422124388476624,5.775827712964501,-98.92485396640048,-16.599848823721583,-0.3015659101964963
35.2012499,-5.478444422208261,-8.022309846803582,6.0596087328428245,-90.3985965177089,-16.986266806703977,-7.0345064389010155
35.2112499,-1.190036170969605,-8.172246088113198,5.390739066259631,-77.78715651600233,-18.531820342248214,-10.419065732446867
35.2212499,2.841823356875983,-7.157841107632271,4.678472106383605,-68.26948952920795,-20.69817200150511,-13.176574163299028
35.2312499,6.248732897938622,-6.202371099954945,3.85087085700716,-63.75081441866926,-21.630919119309006,-16.824225431103446
35.2412499,9.02973986314372,-5.3624524541973715,2.777954260906991,-62.51648767311856,-20.459606328802323,-21.19345942850196
35.2512499,11.000261538501283,-4.831534305942282,1.8457871073475618,-62.0553650104314,-18.00313472037862,-25.619609450987316
35.2612499,11.926381617029941,-5.052326090339973,1.2935513283254054,-60.396322544844246,-14.937194177631842,-29.643668575179642
35.2712499,12.086199184313356,-5.629779483557689,1.0420993076378307,-57.73818868898031,-11.136284406107405,-33.07192299169968
35.2812499,12.128508175114547,-6.042099138376434,0.9957394764398587,-55.23081291403169,-6.3842327222915065,-36.03149890101458
35.2912499,12.406487168572507,-6.444482706163562,1.351021341056195,-53.19428662951502,-1.3991576616236785,-38.49765259023462
35.3012499,12.623133359848378,-6.9472398568449005,2.212838678696688,-49.218664717260665,3.8877227754498813,-40.75734566395562
35.3112499,12.585595643373047,-7.078654498382598,2.8427226284556206,-42.45009654691248,8.199638474266315,-43.17551034118036
35.3212499,12.223691920495803,-7.090030067690159,3.0963118151705955,-33.075104864151164,9.363758939755241,-46.03028180338249
35.3312499,11.42387313517955,-7.322631802273246,3.308174090885557,-21.150976696756235,6.8075492626746374,-48.74291599458659
35.3412499,10.544811584774738,-7.286334196275203,3.321797158112424,-8.237524494901038,1.764159622547699,-50.78357320254301
35.3512499,9.871720893568853,-6.869980324518562,3.1123786262579944,3.9701529372720823,-4.575489303406878,-52.443815763800075
35.3612499,9.367208334689868,-6.464702261227756,2.9752042175309716,14.441986067514529,-12.574192326607253,-54.01936668812745
35.371249899999995,9.146263727067733,-6.027017841943408,2.967301947718026,21.703040242901864,-20.237770945710892,-55.14468612713271
35.3812499,9.032135981171004,-5.232474801907772,2.7648766524930863,24.14371355943152,-26.97621232491879,-56.219029715122744
35.3912499,8.719545559709916,-4.197190892784236,2.562798784809022,18.663892814056894,-34.27966071401278,-57.80755661792506
35.4012499,8.687749866880267,-3.4400391375216266,2.626870376388671,7.133982554575931,-39.161810909779255,-59.24054287191411
35.4112499,8.756911042136071,-2.8348829042409642,2.4489570287385067,-8.371379950012228,-41.15325660803959,-60.56716082309954
35.4212499,8.53918356158343,-2.2270927425466303,1.94501272191993,-26.68719784669769,-42.43800201714023,-61.68370262962834
35.4312499,8.486540867687351,-2.0367759368573286,1.6098420096302124,-43.43898838464511,-42.55508827068967,-61.557282734342245
35.441249899999995,8.568059179435927,-1.9833387197876915,1.4811750595927997,-57.281762905055785,-41.19655915743578,-60.41825608743653
35.4512499,8.585235159353942,-2.0746724896953004,1.4305796605907695,-66.37499232476688,-38.17983058317828,-58.43116905404551
35.4612499,8.361647983911576,-2.4645194880115313,1.3998980698151997,-69.10945579062324,-35.258081944923376,-55.05538985488365
35.4712499,7.933544738956631,-2.8738615898317934,1.5128208545731099,-66.28455279605996,-33.492826344017274,-50.06392717522738
35.4812499,7.729839205405224,-3.2088456428055294,1.6866341093696986,-58.12189089034236,-30.74662353277215,-43.44099168341475
35.4912499,7.693305533810474,-3.4170344254119582,1.6910413916952065,-46.23926019631225,-27.356866024192062,-35.57976106024678
35.5012499,7.584004334683892,-3.4232832805188402,1.6772159954220145,-32.855536705999214,-24.491272372373828,-27.311467583013943
35.5112499,7.474790697956806,-3.2683678079181777,1.6033295220799528,-18.921121933188925,-21.183027371803504,-18.277903812070786
35.5212499,7.416373810609138,-2.9706902531389696,1.356386080582558,-9.005285612674424,-17.737725412065583,-10.909512536935623
35.5312499,7.427611240617883,-2.556752045800917,1.1512784921482595,-4.454302390371937,-14.657368530956871,-6.368893910997992
35.5412499,7.484664749469854,-2.2943817654215874,1.1395614749775702,-2.484020902556553,-11.382084300135167,-3.159882914333426
35.5512499,7.534584262858108,-2.3300482196835812,1.1941848026506046,-1.6301003642215004,-8.430934536195219,-0.8161329371925063
35.5612499,7.553612987831232,-2.550846016993362,1.2202666532420718,-0.06675605457527553,-6.406907467248731,1.204262378719069
35.5712499,7.523950407842428,-2.693039364444878,0.9490728625130442,2.1596581481012267,-5.319828201304878,3.379903288145977
35.5812499,7.546194490631735,-2.7181116314362743,0.474655924424388,3.9394546698996327,-4.9280432408747945,5.9347905857224745
35.5912499,7.7220747969577195,-2.7015776396305866,0.3548877883416672,4.3982449510803345,-4.980903776141172,8.527685864949463
35.6012499,8.005645398926676,-2.6631461960005858,0.4630618827398482,3.708773470857944,-4.488451120114374,10.734642474312672
35.6112499,8.326181620937684,-2.6844515612867212,0.5239120187137807,2.5439843268435376,-3.167461164750859,12.308003734866556
35.621249899999995,8.596575711949678,-2.818922765205503,0.5075764918462952,1.1237875091385587,-1.4655276489193487,13.64983535582909
35.6312499,8.781716744437707,-3.028253920996161,0.469630168532756,-0.15358793631395176,0.25888886467823874,15.195114402959613
35.6412499,8.852665378173729,-3.29267666012472,0.3396513487599022,-0.8684441270063002,0.7563090724593385,16.65780989378223
35.6512499,8.950859040444676,-3.4362417244411025,0.14696172242875422,-1.4987951372647539,-0.07627237120242976,17.581975281995724
35.6612499,9.40890182963639,-3.4887396180647854,0.07702979205090947,-1.7204564692492217,-0.24167492453832698,17.917246423661886
35.6712499,9.869594711291162,-3.4822930607167537,0.08394349779909431,-2.5614879799703627,-0.7860353411442491,17.38712035246155
35.6812499,10.079517895052597,-3.513060605675299,0.177905245544585,-3.8818002820179154,-1.7649147251147959,16.191810588140413
35.691249899999995,10.236009527160597,-3.681880589906896,0.34639468436068216,-4.455697474200593,-1.932094198712738,14.918108774529626
35.7012499,10.24327931148118,-3.872193661752082,0.32424351243204097,-4.482627724397771,-1.9953955136958572,14.003456368765743
35.7112499,10.099296661181244,-4.003691433909333,0.13559913720231836,-4.037610848280262,-2.4410046253018343,13.686719524619825
35.7212499,9.920677466331327,-3.957980755790789,0.07288138310202409,-4.978650671780181,-3.5808780239268225,13.316572434951562
35.7312499,9.784710388362935,-3.9425921926567162,0.07164770617624638,-6.6800834393558075,-4.411429858603175,12.684696804802835
35.7412499,9.532964045792943,-3.9670953041381476,-0.010518910949060625,-8.394459247691467,-5.180696448894428,12.082312766106696
35.7512499,9.423298144857146,-4.091542552893944,0.0442455350893038,-9.227667976241094,-5.306896397004291,11.346705846081592
35.7612499,9.378408274582249,-4.179137861854014,0.256090248892292,-9.979324210066265,-5.088469271018209,10.690068409700919
35.7712499,9.173809647755867,-4.130515908310757,0.4729333267217939,-11.292038514725771,-4.8467691938278294,9.860685343261988
35.7812499,9.188555405341585,-4.39475102812245,0.6892779674626087,-9.263636924969742,-2.709473316057559,9.108131019631093
35.7912499,9.05488721777667,-4.6308116158243475,0.7908157746312914,-5.945004978803201,-1.092348085262003,8.792561225477217
35.8012499,8.626029776139667,-4.494225298540345,0.7254336519852707,-4.161464904711083,-1.5478603194484406,8.235655716186457
35.8112499,8.502676684872341,-4.341771111709957,0.620584178770972,-2.145135883401004,-1.229426710541161,7.088903359703725
35.8212499,8.477359299894655,-4.150980388576139,0.5421481566266837,-1.0320719828543004,-0.44833471553654547,5.530201604511391
35.8312499,8.383434782024207,-4.001756778123521,0.562646379885139,-2.290921940985578,0.47355897592052937,3.91494338862308
35.8412499,8.35370871547413,-3.9923894592763554,0.5978874835984539,-4.4689438116667715,1.9862160291841524,2.663045526970303
35.8512499,8.444203969654987,-3.9665292483570824,0.6053991781215086,-6.7001000692591575,4.161471385108439,1.8139274403225618
35.8612499,8.61625744426609,-4.003221226706557,0.7133555062726514,-8.20091973256755,6.987453676426641,1.3517950313449416
35.871249899999995,8.702220637665928,-4.0670979855416665,0.8822238466048413,-8.469297167177427,9.644637395262727,1.2801804984365381
35.8812499,8.750146662464422,-4.179735373444429,1.0191137179756935,-6.772347197920215,12.22291644788367,1.3148228773656234
35.8912499,8.75536608135575,-4.349519277948608,1.0891331585315953,-3.2307202782790694,14.220461655876749,1.554330431020004
35.9012499,8.6320848016576,-4.414695870915027,1.0637971723792952,0.9163475963537621,15.41365172962041,2.0364466564827532
35.9112499,8.492386577262947,-4.424504473709902,1.014549916406429,5.008774012222438,15.82297361095912,2.7510581583626528
35.9212499,8.379469978893209,-4.357985314574523,0.9477688895515964,7.601282060374585,15.331521280902408,3.2751587953396952
35.9312499,8.407113234273979,-4.251681224567022,0.8619739400438997,9.185466715410973,15.079020611995348,3.7198735175556368
35.941249899999995,8.452115092252724,-4.237133162061595,0.8023356353821821,9.072394344069261,14.917274885009764,4.5327223997062465
35.9512499,8.459503224933508,-4.274147621744995,0.8252042642488092,7.246262472279562,14.923730125497315,5.53499441940525
35.9612499,8.500901852209779,-4.275397500051284,0.8587507754514723,4.717553311653284,14.88670223846112,6.517583994780886
35.9712499,8.596986096071172,-4.324969476676977,0.8322474815133704,2.502542020465831,14.697133810688323,7.416060297338121
35.9812499,8.651863063309184,-4.389783004038572,0.8192038683405871,0.48743659504057985,14.231905710004591,8.223831813176227
35.9912499,8.65108908909244,-4.4160054635974735,0.868735256991117,-1.5259310181308292,13.486786128862208,9.125308694522316
36.0012499,8.703055412033915,-4.518886976437006,0.8812049712964135,-2.3222447801669,12.664444188885495,10.133170002956396
36.0112499,8.717245915588627,-4.634073390498289,0.8167234119745594,-2.7602855740367684,11.673604268049798,11.346163441080336
36.0212499,8.672204145052692,-4.658402891377395,0.7451908718587589,-3.7898112341682415,10.783043960368882,12.473505526666873
36.0312499,8.694963802373119,-4.6298044606643,0.7430360835304669,-5.868877083364762,10.346446794712291,12.997422819276299
36.0412499,8.769973231184927,-4.607395513170233,0.7629064334576134,-8.55777683887069,10.177677100474856,12.815291146758705
36.0512499,8.848521640555973,-4.628900755959814,0.7733579942718947,-11.13032209230682,10.443941351499078,12.01457725127577
36.0612499,8.863056584365845,-4.669311463730167,0.7955652548258929,-13.531994128055874,11.126849271682529,11.155643086037788
36.0712499,8.821469005963761,-4.7243248507241455,0.786726629089093,-15.272564695018021,11.97910292976472,10.310789765165689
36.0812499,8.747528731778958,-4.885040678687916,0.8225593928535738,-16.055613592440622,12.875260287480529,9.739942908367496
36.0912499,8.603892985105277,-5.04823807255469,0.8505718320446991,-16.618100841522278,13.907815693074928,9.474494310384346
36.1012499,8.441535991630248,-5.144647082284237,0.7950215557133617,-16.90236230726014,14.994343188602508,9.108638145843116
36.1112499,8.370466937994133,-5.257335102930718,0.7627717486234162,-16.996046891960432,16.196840520672577,8.715809394304374
36.1212499,8.314659582766858,-5.327536294340701,0.7251321184287625,-17.344340181773703,17.470997259513354,8.236628567145436
36.1312499,8.17752587821278,-5.306203571032574,0.6654836697957454,-18.48466908897352,18.9990441781882,7.768939420478766
36.1412499,8.048922709056683,-5.290410196131643,0.650666337490573,-20.76620174310209,21.52771584387709,7.375685611991026
36.1512499,7.953569074301282,-5.334991939709034,0.6314577936983155,-23.543307863936175,24.286527382090757,7.242274038817626
36.1612499,7.821230235238699,-5.432967495902133,0.5745832468471149,-26.32660774525311,26.957205746735287,7.680203886562455
36.1712499,7.632179531032584,-5.513316166914931,0.495001627290652,-29.49841179436318,29.717829682393646,8.775598264324742
36.1812499,7.468039362285588,-5.543448868074014,0.43015943705968684,-33.11508162204213,32.58760863386534,10.489685641770626
36.1912499,7.300812293710265,-5.624008155698332,0.3741404245536038,-36.73495606798975,35.6594362064522,12.501170561697142
36.2012499,7.055078240929091,-5.751595215672735,0.3326682178509038,-40.38257157774019,38.6273522626059,14.755637990885088
36.2112499,6.831086425115119,-5.862850420374437,0.3281628428533406,-44.1167498120431,41.77754861320095,17.44894304214083
36.2212499,6.6227354688885205,-5.930514037758295,0.3119971568604011,-48.0055811008663,45.240725016015595,20.39991044730595
36.2312499,6.356688786317154,-5.9574139320129325,0.2222305766190818,-52.11115016187887,48.7268768191004,23.35481686771008
36.2412499,6.134986689461816,-6.020788096972063,0.1419038237292244,-56.624715166088876,52.18157952372356,26.441631092848183
36.2512499,5.952485774619424,-6.116446626937032,0.08216621826637581,-61.81480183522199,56.08392126777208,29.80145975123437
36.2612499,5.6954998924749205,-6.097786312637804,-0.06527661377828084,-67.50959761591305,60.376845393887066,33.244780721209615
36.2712499,5.431987224945263,-5.9798054810123045,-0.2209779149421447,-74.12062627014568,64.80684725172938,36.66340481914215
36.2812499,5.25564162052605,-5.89614535089628,-0.2927271050856789,-81.32184628445876,69.73913315327482,40.174610142298064
36.2912499,5.146286636396189,-5.80987701853294,-0.38501344500522894,-88.82343349742159,75.31366964150939,44.246907502461
36.3012499,5.058851916968892,-5.622041063121957,-0.560311905138588,-96.9860932987435,81.60642135466433,49.23099202501396
36.3112499,4.9468343175475376,-5.375031677477936,-0.7170779404297042,-105.55908006439995,88.70962162073258,54.56552728763496
36.3212499,4.8241420998892055,-5.152064091261622,-0.7991684917653684,-113.60415460866135,96.6680517989254,60.42745858607131
36.3312499,4.730397429628422,-4.976374120469124,-0.8436217320192899,-120.19863665606545,105.17469062318915,67.01137225344654
36.3412499,4.610857299145076,-4.802760042433275,-0.7755279018759696,-125.67709028393118,114.45278325498629,74.74086102802279
36.3512499,4.352262435400063,-4.63362893001748,-0.5956103079057076,-129.60047488450195,125.65497960837048,85.28983972537311
36.3612499,3.965130358239858,-4.650983845606437,-0.275793361828162,-129.91664367275212,135.91340898471327,96.72840819462054
36.3712499,3.5036757276303816,-4.989478139853881,0.31652440440324164,-125.99317689575983,144.3125992161718,107.8814774894167
36.3812499,2.9516920962050834,-5.36079667397657,0.780222602737492,-117.65400647843757,152.25185987573224,120.22824154540264
36.3912499,2.298582258382957,-5.435665589411126,0.8843175563391654,-106.12183499327959,157.98183538318443,132.9644997260635
36.4012499,1.7146873390620379,-5.2589621981378984,0.9887284267103302,-92.6719256548105,161.7467272824771,145.1584498664526
36.4112499,1.3110115003780474,-4.910906815893007,1.2065797139750658,-79.59874825924709,165.01503448641938,157.0936983167514
36.4212499,0.9070249597881297,-4.482029000374822,1.4008516711346166,-68.73509350441213,167.8090909197818,168.57418390236387
36.4312499,0.5370508672780955,-3.9886880647054577,1.5816274659547456,-60.08013073529466,170.4413423665146,179.15554849570273
36.4412499,0.3495690357654422,-3.7619762415871993,2.129860476511779,-52.61492144610204,172.9516230681736,188.8539391906988
36.4512499,0.14065378178247326,-4.083744569498133,2.899868962551991,-44.55274329298388,175.26361588800285,197.9354371541275
36.4612499,-0.26162044661788314,-4.39378909867933,3.137160580306861,-35.46943758656818,176.46168610302865,206.43433349698907
36.4712499,-0.644486357020245,-4.494751205095931,3.1374944574607415,-26.444801917631114,175.90033643457002,214.61899784187028
36.4812499,-0.8418925531884801,-4.89212701159761,3.6243892284371313,-17.513918479815448,174.50459421093586,222.6419388398686
36.4912499,-0.9675283631581244,-5.165914632306579,4.1398990410840755,-10.250987956203442,173.3419785184966,229.92543306029265
36.5012499,-1.1291254807926974,-4.695176636695254,4.151837598543437,-7.888439370996125,172.13627258815865,235.85460094736735
36.5112499,-1.16846988286659,-4.055389282689742,4.090878047673017,-11.188593955826022,170.954369864634,240.8612930905225
36.5212499,-1.1361032464307548,-4.044707046159033,4.577138235053586,-18.37793537699278,169.987996782227,246.2059843018693
36.5312499,-1.3245974754060716,-4.755133689677527,5.381333960284421,-26.22004369482585,169.39589053017292,252.73424121896437
36.5412499,-1.676160464432172,-5.598958861465038,5.900476942640794,-31.095214671753588,168.83460753647398,260.24890392257254
36.5512499,-2.027505115617636,-6.694290550423932,6.428393886330861,-30.131163473518512,167.04674485460777,268.2486589752549
36.5612499,-2.205141830235412,-8.088566224809673,6.936698580996701,-20.095403149177535,163.45101590952305,276.9909494175475
36.5712499,-2.2916708382817426,-9.164579941891985,7.3998161461742775,-5.483365509757531,158.717901764266,284.53119187473294
36.5812499,-2.4310549257147462,-9.978284808720483,7.8796025542788435,7.796607814997965,153.5760099719543,290.3405571901013
36.5912499,-2.5002790948117846,-10.296039587074958,8.164447079688697,17.30844433590551,147.86077236076792,294.8231062645593
36.6012499,-2.5780101515554974,-10.603852592192702,9.037043823556084,19.99464869444075,141.23676517492012,297.60984364242125
36.6112499,-2.8757208438005124,-11.565575872154705,10.220393675626427,16.510876589949188,134.1741599524685,298.6934633579403
36.6212499,-3.2901890448882654,-12.385074318670702,10.724627285244116,9.464829574311679,124.91741851139967,297.0779700522932
36.6312499,-3.521296372253737,-13.516559378247367,11.709452092472803,1.4088687521624645,111.18005721296834,291.6269395227296
36.6412499,-3.4086833249207618,-15.572565371065588,13.337138667205169,-2.3614228744195622,93.76938239831196,283.01708459726075
36.6512499,-2.8403347499601628,-17.55531126351987,14.599388141948435,0.7985234384102177,72.72726144183838,270.90068182070456
36.6612499,-1.7085220903677312,-19.51319893439765,15.69055723455616,11.441180171598441,47.24451110325694,254.57905493335127
36.6712499,-0.30146605900127665,-21.271374611475405,16.60306456568174,28.5027293490344,17.73425643305087,234.63264076214116
36.6812499,0.9667393697445644,-22.586274685221372,17.961132594394662,49.27121340435248,-14.92685704203754,211.31231735843858
36.6912499,1.8959269815955277,-24.411066345696558,20.567097726668784,73.93472380197666,-50.44211680519466,184.1694836149126
36.7012499,2.4551385302023263,-26.156777553767526,22.953790213522034,99.50151869374703,-89.77681334422188,153.07641140773694
36.7112499,3.1971456166813006,-27.028292430801717,24.716052003534433,121.03904057012541,-134.48877544980556,117.03313759942684
36.7212499,4.243558422193541,-27.494099188278096,27.71248430216225,133.35964513946612,-186.2265532296658,73.80443981498537
36.7312499,4.294572456402927,-27.01051377372916,31.58040743056138,124.19555871706838,-244.63874474316106,22.383106841996973
36.7412499,2.1664633204994255,-27.377018423336477,36.09092869955729,92.79954143501493,-308.94570134683414,-39.38915545869967
36.7512499,-1.7246136637163871,-29.770029385145566,41.3806612970019,50.82419790677655,-380.9692814520885,-113.3741199424746
36.7612499,-6.46155980039003,-32.92170113226901,45.58972506962192,24.358155347006285,-457.75846171126705,-205.01354518422966
36.7712499,-12.192026893541072,-37.852816512320445,47.43888886201713,37.06294181538787,-500.3481443185755,-325.5834730185086
36.7812499,-17.14945456937104,-43.031471733732644,45.92195839643438,78.91023877023666,-500.5628776831918,-434.8199221937415
36.7912499,-21.62513888097581,-44.664664062983874,41.824482945153775,113.00527936221339,-499.4014522955534,-491.82660020747727
36.8012499,-27.151475889749893,-41.638465257355,35.643093512398956,117.25322228713648,-500.20970974406436,-501.59897934316365
36.8112499,-33.65516425705973,-35.46237351891238,27.245082754568013,79.53673877498285,-499.99782774904764,-499.2134174202345
36.8212499,-40.462738815028814,-29.804117415764505,15.66430123616829,2.3766305991749768,-500.3261029167631,-500.603295047565
36.8312499,-42.73892792613017,-23.667927632790644,2.599009106509578,-77.26960675701827,-498.50966850276393,-499.4923536340897
36.8412499,-41.36358443510833,-11.82557011223138,-3.057539937821728,-148.9823399942108,-503.4513560139976,-499.07748647749605
36.8512499,-43.47220546064605,-3.2264545371414055,-5.766734864544475,-180.8322200518112,-488.893456274403,-505.40226430786544
36.8612499,-42.00929910332153,-6.907260819950459,-15.35369498818902,-130.86006025671435,-402.6406647553531,-440.19215774003726
36.8712499,-34.14062497385745,-7.272995950393386,-23.632001249914783,-26.57837141920556,-304.6693168555831,-283.6150506767899
36.8812499,-25.613373207444653,6.720622684207661,-23.381394649154753,54.02252990499515,-232.04757051056214,-162.28730790606488
36.8912499,-18.7024831351604,18.55888747355892,-19.347913882096282,63.701702001976486,-160.93608540000403,-95.54631911843583
36.9012499,-15.212576695725916,17.12820713714947,-16.266333195859207,21.97518376023894,-96.24660078329882,-29.6122489953814
36.9112499,-14.589779513116024,10.686064642935646,-10.77702960225781,-25.47091231263979,-43.22728290358194,27.44291277370293
36.9212499,-16.44468026550451,4.977818441439697,-3.636614705223859,-60.44895269161705,-9.328711520605944,53.08072668184623
36.9312499,-17.156270735068556,-2.130835531613091,2.4190298701523654,-72.04655426834684,3.773265684449288,53.06187758923067
36.9412499,-13.976777124268919,-8.42392639593399,6.4255041729465425,-59.694209439893065,7.665724031093343,41.41972488542735
36.9512499,-8.786877138481627,-10.52561196496607,7.616329490467331,-35.224071676443344,4.637356834069131,27.47559196459478
36.9612499,-2.999451365800719,-8.844020131381715,7.24231186701594,-12.868722283732918,-1.455708615051255,16.060856407109107
36.9712499,2.6500452933817695,-5.958772521016102,6.434571317403329,-1.0059441323378546,-5.392309946160907,10.389904207113904
36.9812499,7.369307262035581,-3.4083130510845687,4.9227290623249695,-1.5830909650717373,-5.297459085153946,9.62661242955256
36.9912499,9.515938106921986,-1.5742328217458694,3.009886478446384,-14.23228724066713,-3.589996744241911,9.668956177618451
37.0012499,9.755690896912261,-0.45726415962036493,1.370658920980921,-36.096995224610964,-3.4679638128911807,7.946308894029974
37.0112499,10.05851762142555,-0.21888611431722405,0.4777019260032085,-60.77755582516113,-3.3384070819912948,3.900892039276666
37.0212499,10.411070307131853,-1.1768864483307757,0.4601820528651527,-81.41898102524664,-1.5472040773196947,-0.7772003663296977
37.0312499,10.467534878196073,-3.0881439810072657,0.9168450584496856,-92.27984704885498,1.524924468989376,-4.205155848368471
37.0412499,10.499898488119525,-4.871693875081382,1.4647529883329367,-94.79645844218827,6.114274828798433,-5.785088727608098
37.0512499,10.541534786384828,-6.218228050736918,1.9791160247814497,-91.11093202347696,11.881500005052947,-5.997152142442201
37.0612499,10.349311021544638,-7.508873736577092,2.546328625850937,-79.27104259929108,17.748106395711215,-5.7506528077092485
37.0712499,9.941494188235612,-8.428612784926278,3.057111930469421,-60.63250503650271,23.30299450167511,-5.26217416211168
37.0812499,9.565891243075098,-8.825217091994396,3.26894171190173,-37.76786982741191,28.052213047247857,-5.090307904573496
37.0912499,9.045941249193154,-8.980183526326208,3.370282913664379,-13.749959481891834,30.253585798109224,-5.5525534045835645
37.1012499,8.399360791216681,-8.905403547253817,3.3316964719287934,7.96555933509507,29.151775662177407,-6.511689113621476
37.1112499,8.164541526917457,-8.386242187190897,2.7669668165237877,24.67773978025357,26.40767758501875,-7.339139996471428
37.1212499,8.348712818100722,-7.564388843271246,2.072540963488016,34.97500550782017,22.999825981831677,-7.9305314945302525
37.1312499,8.70821818399297,-6.542752770208514,1.7340080828576108,38.00514959813891,19.714070195872633,-8.820391366236375
37.1412499,8.945534747773147,-5.5198449369993785,1.6806012609397032,33.722080943434385,16.887782133284198,-10.884092417141366
37.1512499,8.930373741832515,-4.817468467282828,1.8525835242357207,23.68945916186672,14.808983161879242,-14.585967404823974
37.1612499,9.046899595943822,-4.345337010530582,2.097817136474594,9.054448731317772,14.297407821497908,-19.104147861711212
37.1712499,9.177304666346208,-3.958082198307788,2.1664281505066407,-8.388068430308206,15.021207346789252,-23.208731005596793
37.1812499,9.099045961242236,-3.588684550227974,2.0005078444365147,-28.968512169073833,15.157132737305993,-26.860179033268764
37.1912499,9.389008040188036,-3.3934684216005926,1.695836906502259,-50.99658671832414,14.250069495719101,-30.070565019384365
37.2012499,9.927628721734646,-3.3459868882244193,1.5021389477243077,-66.22726947744383,12.29920788508248,-32.34906416353842
37.2112499,10.084536775653122,-3.338452759052443,1.657062291225584,-75.38924675124011,8.70811417977885,-34.280181653387615
37.2212499,9.959770738512377,-3.607295156653581,2.075805590896918,-78.90475095258934,5.4841528970594045,-35.32090049581483
37.2312499,9.76288524739739,-3.985708406374426,2.313897379711074,-76.05175813950898,3.681083969818687,-34.66327727361957
37.2412499,9.453182075918019,-4.18156279752559,2.495502669043533,-69.13791024630785,2.366964425436938,-32.58575584324601
37.2512499,9.088423660781569,-4.23987490699228,2.7317489779346413,-59.96048139279896,1.4458220418482797,-29.637965459160068
37.2612499,8.842862230849466,-4.185050165522822,2.860343311117964,-49.822900493639715,1.7894404869868255,-26.07722216319272
37.2712499,8.726314149532088,-3.988749966818728,2.9418479389434635,-40.074998828572205,3.0944310084711493,-22.602765333399983
37.2812499,8.603324247969017,-3.7955499653416327,2.894992220642706,-30.889328706686022,4.091613082441355,-19.545739979464248
37.2912499,8.440831999008084,-3.61926729105671,2.693610619659076,-22.540095711300896,4.078674424956795,-17.098655245100876
37.3012499,8.343157827706769,-3.423592190507102,2.5043323348504787,-15.170014664342911,3.6240109912008225,-15.759745603178594
37.3112499,8.358587835479314,-3.2391952288896357,2.314584386484619,-8.217819472917741,3.1965683406423415,-15.333221924410307
37.3212499,8.385612249601575,-3.1206814581700466,2.1305012853063734,-2.2964843196597746,2.077906617246297,-14.96286568948261
37.3312499,8.388538976482852,-3.015078633972305,1.8920529079480592,1.7301213897366112,0.35932974850877636,-13.97628621827972
37.3412499,8.421879310286522,-2.8836256187113563,1.5726260848911444,3.678344571633489,-1.341954584472119,-12.312883951084052
37.3512499,8.567974065885034,-2.842424564197103,1.3443999526680082,3.306539143464887,-3.085752704733162,-10.556292241851637
37.3612499,8.833278556937678,-2.8260022419656536,1.1549339598273554,1.3969544141444183,-5.189443059841747,-9.182441000631755
37.3712499,9.07878190587812,-2.9122154961853273,0.9332270829993009,-1.2924614061702007,-7.5199648564585315,-8.096957077061196
37.3812499,9.175648577411426,-3.1795587039742106,0.7582792533427243,-4.25168342318638,-10.022195031553501,-7.17320472870839
37.3912499,9.202974355765742,-3.3771958107653317,0.5822321030008749,-7.044483425684243,-12.510696281528084,-6.0669106938459745
37.4012499,9.301393179399678,-3.3270031689244117,0.3780580559551801,-10.660880600359532,-15.068652217449156,-4.462668525433732
37.4112499,9.370195742451351,-3.248637062121577,0.37017006210245496,-14.467367908571868,-17.26431456463841,-2.794068816833981
37.4212499,9.329701688026816,-3.284740741767098,0.4539608011475518,-18.314258236736602,-18.51245962329278,-1.182787879778409
37.4312499,9.233942928830926,-3.3276142582559083,0.47018090296578074,-22.581167810589285,-19.507586878002,0.7885113139592269
37.4412499,9.164621132198722,-3.353344015780642,0.5045113028150167,-26.765543922042298,-19.95853605727257,2.636639755977403
37.4512499,9.128639093610678,-3.397622932819227,0.47626955245760294,-31.05933251949635,-19.324231374651422,3.7173307338918775
37.4612499,9.099652319116123,-3.4328523265039848,0.44025427928009736,-35.47953726792253,-17.93754300152636,3.767166563488347
37.4712499,9.067959505127414,-3.561485826717839,0.5536967981492198,-39.15546667734559,-15.73081180996459,2.8503402148976753
37.4812499,9.0196970138954,-3.8031144711472584,0.6980532837216546,-41.16942094517626,-12.430268489043446,1.3479144332431108
37.4912499,8.902633570556242,-3.996336560958059,0.7985724876749408,-41.419937664467795,-9.366761038697732,-0.2813084779155725
37.5012499,8.757698610173525,-4.13588649578652,0.9313010710367692,-40.01367770953367,-6.877924799661952,-1.7470648619535887
37.5112499,8.585718294424513,-4.238984698252905,1.0132073424723456,-36.78928230582483,-4.051919479295726,-2.656313713578813
37.5212499,8.230574582190737,-4.234375684168306,1.0770063453540009,-32.887328466352564,-2.4074812642843835,-3.1304052194558305
37.5312499,8.045840557501345,-4.313128019651608,1.0762361057594687,-27.66343153013168,-0.8437458553118541,-2.7569551481892027
37.5412499,8.068761648772297,-4.578285894473617,0.979372129133427,-20.216934186830397,1.2141788766562542,-1.2290118178376037
37.5512499,7.86486959822972,-4.454792162701846,0.9339108523041916,-14.958654143246102,1.375828880490394,0.9042338766655889
37.5612499,8.160773071968046,-4.338095762239469,1.0500574293030134,-9.760221513485256,3.476374074075831,2.586822140102199
37.5712499,8.585799503252346,-4.298135901319279,1.172810227003903,-4.9604131252631385,6.431722551080281,3.6968590644874357
37.5812499,8.678830929495987,-4.1544617758350135,1.2290253078989946,-2.331706872460183,8.660181174527489,4.255741879717388
37.5912499,8.737009593383926,-4.184257619762437,1.3184374644471764,0.4729696906376266,10.887579692746021,4.2595201775328935
37.6012499,8.657425720370487,-3.9733945825527117,1.2031623709516723,0.9671083787542684,12.181897799604368,3.8198399245275927
37.6112499,8.793166499366105,-3.878550108047085,0.9354991866749922,1.2846979490302344,12.808169712626425,3.44043607046689
37.6212499,8.853887970035725,-3.876728647564501,0.7772554309458399,0.5554507520090585,11.54138804918989,3.519919746758609
37.6312499,8.878909094003184,-3.7533819439888156,0.7505993710186853,-2.380759771971493,11.14428964195534,3.437301818666229
37.6412499,9.024456433090377,-3.783283144842582,0.8797948090433381,-5.402629419873593,11.361501180584646,3.2131625463026676
37.6512499,9.137023284727082,-3.8120039148150595,1.0177737723715274,-9.453721476006752,11.620571161121552,3.2269644859700897
37.6612499,9.2652849759049,-4.113430291562491,1.1160875719664847,-11.301107588423774,12.451420759598337,3.5768087436612648
37.6712499,9.167211727838021,-4.371601105824442,1.2534233975198654,-11.257655562984754,12.368481359472081,4.289443077919442
37.6812499,9.027329225526309,-4.529850844376415,1.3682922385577838,-9.311616076159911,11.45298893649959,5.228838775466649
37.6912499,8.982259691968073,-4.693605023966895,1.3597940816856027,-5.692328911084052,10.54468912313742,6.340337946319072
37.7012499,8.89827607853407,-4.81537654212402,1.322282401207833,-1.914583874702104,9.103616130567445,7.646419667881752
37.7112499,8.755935816423069,-4.809619568100312,1.305092130135342,1.2029870227436372,7.29493384707203,8.999524641396313
37.7212499,8.704271375250077,-4.705562617932621,1.2648598852611024,3.197593379079519,5.688069200234707,9.834316711146593
37.7312499,8.721985788173688,-4.542019623509663,1.2475922548410756,3.273173775732689,3.954509640053007,10.114463416389333
37.7412499,8.744128155949957,-4.3967338767665645,1.213603068544281,1.9514303491244471,2.631725454970178,10.124116535915563
37.7512499,8.737901298860526,-4.257154826480298,1.1159202909715464,-0.6718170178948178,1.7369826068681622,10.119819768258232
37.7612499,8.683531321498478,-4.163052626505275,1.011195795352952,-4.630769932946954,0.6736005705592228,10.144542665256497
37.7712499,8.657110937827593,-4.131897331110868,0.9587949083203066,-9.014934305142152,-0.14734028933261017,10.199503604352628
37.7812499,8.694813180853432,-4.137015452869151,0.9363714021804347,-13.26546000064023,-0.36566640291761837,10.07939998128769
37.7912499,8.71851861044326,-4.236484145561362,0.971998119673308,-16.780755959004964,-0.354803139529104,9.959705398156624
37.8012499,8.751891635704784,-4.376452173469155,1.0698897518654984,-19.157731088973655,0.12202382583258098,9.783793586597257
37.8112499,8.777645944969363,-4.546344788068714,1.1595333729817234,-20.13211803660209,0.8713537895217756,9.538279034690062
37.8212499,8.703499964084537,-4.831143944333892,1.2561097584880214,-18.846501525251167,1.7063220301294044,9.579492565529536
37.8312499,8.582106171670555,-5.068094825177032,1.282317750725312,-16.24979526916265,2.3068648151256053,9.616328334554863
37.8412499,8.463087470725222,-5.138544663940472,1.1800952425414386,-13.251499417559236,2.309901569085457,9.568044374480886
37.8512499,8.379618837474638,-5.161964090600844,1.1067360568518638,-10.473794573483831,1.8349161541393382,9.569201476830367
37.8612499,8.387050124524453,-5.151505828064047,1.1131925649094219,-9.089637739214584,1.971954196901515,9.468623665885172
37.8712499,8.310522475271863,-5.042433919098614,1.069530392903336,-9.40250848217654,2.212307787050624,9.445237306201527
37.8812499,8.171064676906761,-4.953066592049441,0.9736488214307483,-11.566943590217127,2.1840938213296393,9.647963680103024
37.8912499,8.145972952981444,-5.0308327119314935,0.8629007764264813,-14.42855042067524,2.876130199419314,10.17911697006019
37.9012499,8.049366248312017,-5.108772694284512,0.6965337654385596,-17.554421727069734,3.3872894551808734,11.027291525943337
37.9112499,7.947821984329622,-5.193447782095453,0.593686833940549,-20.674105749736047,3.795529475159319,11.835069659437108
37.9212499,7.915751417170914,-5.3397990169637595,0.48258132719315877,-23.255229886462597,4.367570417442713,12.799985299350654
37.9312499,7.822699693437446,-5.478574241271929,0.28350750463948404,-26.02314465840933,5.188863076619106,14.011853300339737
37.9412499,7.729033342155945,-5.638120061790236,0.14591312306273713,-28.91887342730168,6.6028814500885495,15.247297235167398
37.9512499,7.599439676653714,-5.795642790978432,0.04975218880811333,-32.01217576023197,8.557098492788263,16.530986028389115
37.9612499,7.446692310995667,-5.915572721746901,-0.05842807940221229,-35.27274004246049,10.942122018674336,17.64262018339864
37.9712499,7.318603483298389,-6.023659981424717,-0.17672435373406492,-38.18633798348056,13.717685961947907,18.761915066961336
37.9812499,7.166620540531135,-6.075913542029145,-0.30787450959925344,-40.69769311186914,16.96025544736185,19.91969190519109
37.9912499,7.027493669157427,-6.089574027567403,-0.4305660371852088,-42.937651861119605,20.819568178271943,21.310564408452425
38.0012499,6.8852386370631145,-6.069809120689071,-0.5631484434705558,-45.46051254437501,25.335683831873123,23.150731334451773
38.0112499,6.696831737753039,-5.942367305556963,-0.7253894221829771,-49.019065917185,30.46329779319201,25.115881018944894
38.0212499,6.4745644375114475,-5.757952539950792,-0.8805188610352226,-53.338412923925084,36.30059924418255,27.172541979405196
38.0312499,6.2253178553717055,-5.617328549764996,-0.9871113643201072,-58.58925500700529,43.649642767827224,30.11686327137665
38.0412499,6.004856903151057,-5.488528338302323,-1.0504400085900887,-63.372260014420604,51.117243000848866,33.576980234474654
38.0512499,5.844770421460994,-5.338114840457141,-1.0832395338595708,-67.26666211161105,58.148200970390484,37.44874824726677
38.0612499,5.701605918493565,-5.293143175688597,-0.9696970576600391,-70.6983093411973,65.72662823162953,42.24196593184306
38.0712499,5.573675999048044,-5.343642225833043,-0.7547896395252606,-73.42283183217504,73.7374179763585,47.6386730638514
38.0812499,5.450593520549906,-5.329410512202339,-0.6073191210048515,-75.33230322233103,81.95334369077433,53.43026796075495
38.0912499,5.318987678368139,-5.350005666761787,-0.3845093029922424,-75.92338347384779,90.21931704399857,59.49775409743624
38.1012499,5.19763992523084,-5.454016507104523,-0.04779724130801818,-75.14983701844322,98.36786810527238,65.49636057454012
38.1112499,5.0122783000912134,-5.496095427430868,0.26736316589426423,-73.02664814660723,106.02400890968552,71.29268736640688
38.1212499,4.715807241601552,-5.453314419939363,0.5725677523043483,-69.2908941835294,112.67320283070862,77.0884220271815
38.1312499,4.402761809840864,-5.353373238624487,0.788525021152548,-64.09461152005339,118.5772958427256,83.22254816683669
38.1412499,4.059396038524885,-5.111232562418503,0.8677345838303397,-58.511930480635094,123.63846969449749,89.92024993903946
38.1512499,3.753345297352732,-4.80556817131745,0.9350298470961762,-52.9699015404061,127.94532588306537,97.30723736005093
38.1612499,3.4474694701254296,-4.613675232523735,1.108032885749276,-47.825937016932244,131.54654467285826,105.34290439922373
38.1712499,3.1028547335477357,-4.4219719678295055,1.2079362180610207,-44.04961206198658,134.9734598175201,114.08264832987132
38.1812499,2.758645132816261,-4.216460726184435,1.1584250394898,-41.64231132864415,138.29801570925952,122.99257554385323
38.1912499,2.397398265714165,-4.0478068341228255,1.1798454837671066,-40.714736768160165,141.16062407031552,131.60243274981016
38.2012499,2.090695611462319,-3.9246432839030305,1.2880617218889165,-40.89447177942077,143.87090733963157,139.67396263415705
38.2112499,1.8145167078390498,-3.9909450107425695,1.4531204590132552,-41.063681761790136,146.35091009310688,147.2842511576509
38.2212499,1.5837357439223763,-4.152588980729028,1.638488168063315,-40.952363720840026,148.62849356780424,154.81105709937268
38.2312499,1.4150749620480036,-4.264292339330587,1.811700953802735,-40.08084002092626,150.77653326353774,162.5625637899593
38.2412499,1.2828781702129655,-4.422799970847644,2.0794695666035645,-38.443121035483586,153.66016651980712,171.71575158945728
38.2512499,1.1564202617645811,-4.505766626902191,2.230508451526828,-36.56612008175968,156.71079753359598,180.7873888769728
38.2612499,1.0693483784601028,-4.542506686785238,2.319006372248088,-34.3472350967003,159.4201701141997,188.93760522227322
38.2712499,1.004969463228732,-4.753378487209671,2.6018657714980944,-31.674803660851108,162.15237914927903,197.79328721291077
38.2812499,0.8909627874310481,-4.981177299323214,2.8670728405408257,-28.24154853145843,164.94494895115392,207.02767884122937
38.2912499,0.7651976478515979,-5.179981074683484,3.0585987415135376,-23.715651643595844,167.7684697709511,216.1733108845048
38.3012499,0.6227192573436723,-5.35501961266023,3.2806958437848297,-18.656483825720933,170.58632524987271,225.08138401047225
38.3112499,0.3197700475501194,-5.605711626023674,3.6851339694126484,-13.74712903981175,172.89067856916503,232.80118254476142
38.3212499,-0.10166352366332099,-5.930293174485361,4.0450461351305975,-9.965678739581893,174.4066088097189,239.15615466135318
38.3312499,-0.5080721234018397,-6.054823482215518,4.187330014035446,-7.880603578784901,175.3777602270612,244.82244940595822
38.3412499,-0.8921179087045796,-6.4926782773434795,4.800267014360385,-6.246270358475571,176.0129679263053,250.6590946483879
38.3512499,-1.2195194229901754,-7.455883732551611,5.711975147439053,-3.0538729261747855,176.22663554750923,257.5820890678279
38.3612499,-1.5086782830679006,-8.31400907190766,6.270786741575731,2.0781511136027295,175.79984951134324,265.47286787017384
38.3712499,-1.7987283344401275,-9.02354380455995,6.695001193924352,9.149580565842506,174.2100745236708,273.36353516877824
38.3812499,-2.1223790400772007,-9.561636308008781,7.09781773137156,17.52998464435917,170.59416824953038,279.90001161678157
38.3912499,-2.4677654235199564,-9.774958502415714,7.516923060498369,24.022849336457583,164.8839141877308,284.46176211720166
38.4012499,-2.731432210109369,-9.869304969040096,8.10964744891049,26.86788171753455,158.33629528681982,287.0680509232914
38.4112499,-2.9986529165964506,-10.342354672063882,9.007942523848623,26.6370561437769,150.47757577151185,287.3417164112793
38.4212499,-3.449829103378499,-11.408679616851133,10.153531001072263,25.185695946697393,139.63354824018586,285.4076417579021
38.4312499,-4.023079916920436,-12.861487772773392,11.498117235207163,25.109150302654058,124.9067272904261,280.5472876636497
38.4412499,-4.39017965490203,-14.654775036008438,13.312648156461114,30.542660724710146,105.92995528274933,271.5947004156942
38.4512499,-4.210439787985344,-16.68373245542311,15.625549850300832,45.097179201612455,81.52870905557079,257.5841826288972
38.4612499,-3.605128285583252,-18.605829443865318,17.48268867557135,67.28122271255727,54.69896966104373,240.91316727187987
38.4712499,-2.8397896516709777,-19.91105000466093,18.540277913690662,91.36923850401872,27.4912747932785,224.23180275214588
38.4812499,-1.9272441547554888,-20.356104161897566,19.904830699060874,109.11914447247852,-3.7518362560066354,206.13143406221099
38.4912499,-0.9162718156157966,-19.77407458080995,21.528192695109617,112.01798151744698,-37.908518906361564,183.80346313044575
38.5012499,-0.3111044727545603,-18.377863787727602,22.36970666113385,95.69518148100627,-75.20146536601199,154.22487902025213
38.5112499,0.10160844308266068,-17.003295098022097,23.04069917361933,61.56020168031345,-119.14418171818275,116.10415470369998
38.5212499,1.305398672389179,-17.07492617140822,24.885686129270656,20.37825315482342,-168.86757452091896,70.56032280791425
38.5312499,2.3023347700978203,-18.999961228931298,27.77537868765747,-16.70134280441737,-222.12040229514758,21.283552122632777
38.5412499,2.3699558024277803,-22.78734996555732,31.905390623496558,-37.992862362596306,-278.61756693062733,-29.815838340664463
38.5512499,1.9343719141242592,-28.07738445688062,37.66074575001542,-33.324986975566645,-336.21267538232024,-82.67968730126991
38.5612499,-0.7814703157779307,-34.354460134388056,44.806772128364734,-6.147175805945381,-401.05362804934026,-140.66180983006052
38.5712499,-6.42830277301726,-40.120075694334034,49.75826192845532,47.61006728064772,-469.266190503371,-212.2711457431383
38.5812499,-12.891401298561943,-42.71164061492057,49.80264662704151,122.32913472896412,-501.62382661087963,-297.3573395928922
38.5912499,-19.354020181414413,-41.54151921553843,47.092790477434775,183.95175258596038,-500.02075692842936,-377.871806079734
38.6012499,-24.915954561490913,-37.845175235099035,42.778356307753064,203.99096880073833,-499.63207722533394,-435.1885071975525
38.6112499,-28.404635414411306,-33.45376768703913,36.19691866868823,184.33356209301388,-500.2005809064497,-470.17552288747413
38.6212499,-31.79264272367306,-28.853696852765545,27.655541905618936,133.72039970706837,-499.8538473436773,-486.814713591137
38.6312499,-36.80272934120508,-25.253619220951595,17.42167870607617,53.085139872386414,-500.54968727978076,-484.0069911909075
38.6412499,-39.85836738547276,-21.536212757493924,5.105801973948183,-22.732696444141936,-498.5702037218333,-479.9474655149671
38.6512499,-37.49393609914711,-10.852909656451093,-3.5979464115842563,-97.07610770094156,-501.9763802508866,-495.3072520679221
38.6612499,-38.65888392739149,-4.037542863163112,-6.042288009801579,-132.14160363042467,-497.90400007011465,-484.9330174643537
38.6712499,-41.651760540478165,-11.59171842550805,-11.781403727328724,-51.880082385044815,-416.87782815052844,-382.776327514566
38.6812499,-36.991406444236546,-11.869949321606326,-19.723324550769732,74.56288024167976,-306.5799497002318,-244.21085291589378
38.6912499,-30.121218066386625,2.6640896352202144,-22.30435297500931,154.9524385131996,-229.85472208253108,-155.7958822593744
38.7012499,-23.946154333941646,12.23477065750665,-19.450059197452173,166.04762749036695,-153.95365996370066,-111.75969693406472
38.7112499,-19.322683492363623,10.721076858705331,-15.318979074635262,135.73034565827626,-75.05121184192853,-64.8906044209798
38.7212499,-17.254129612790866,8.347477891602418,-12.215134860843396,82.95519517746696,-10.18451541626371,-14.556239764714077
38.7312499,-16.867509155010094,7.1018607002262035,-7.406042060416796,28.7443760253811,32.0877098167458,12.337955041577226
38.7412499,-16.239157912320124,3.558463078190072,-2.938434760797943,-6.679697053717471,50.84747727529132,20.057894198687514
38.7512499,-13.374677202201095,-1.0818407964242833,-0.648851106383986,-24.42303264865286,52.62496958994074,27.04545334745593
38.7612499,-8.498989281364322,-4.290690022349344,1.2999165650144,-32.79315391532317,47.14678291571055,36.95077264600265
38.7712499,-3.567082459820184,-5.547862878434571,2.568111420280059,-33.556330280837905,39.88955306833229,44.6851082742486
38.7812499,0.6120399741068294,-5.386775630934832,2.9152262042434205,-29.91738982826106,31.108532651340823,47.95726996521854
38.7912499,4.811227389978069,-4.7988039735365104,3.4703305823029846,-29.648905333825148,24.125134434854115,48.58494776409476
38.8012499,9.110537928193702,-4.525110922470192,4.265022591232327,-34.54887211330399,22.53407230858626,47.55547487332599
38.8112499,12.318166919807277,-4.4443454857636935,4.857847087787079,-41.487447976107916,24.493899124877483,43.5952984694672
38.8212499,13.67616130954226,-4.586946979892623,5.442618188482483,-48.25634749461872,26.526797166567093,35.751474846919
38.8312499,13.505600855446612,-5.3853996153453165,5.937208857949246,-50.10601928340368,28.10517475812318,24.964706245629934
38.8412499,12.704419913625294,-6.47669738973652,5.949322153624742,-44.91106407317495,28.731781994929452,14.554873252192458
38.8512499,12.079791677533432,-7.321210848212566,5.45073074802034,-34.90985813324264,27.104626758797373,6.862509644985239
38.8612499,11.726356170741685,-7.639549051595669,4.686226768170107,-21.2235153409567,23.58633684624323,1.4903432523162667
38.8712499,11.325836516365907,-7.308944769658547,4.393336166197331,-4.61663233203321,17.844801092396676,-2.576323008640294
38.8812499,10.823587674796052,-6.808929370260695,4.68385645865034,9.843294714729627,11.07193180452598,-4.9720769053849585
38.8912499,10.530085557110882,-6.419972363933663,4.861547120579497,18.384744784819777,4.7071410217525145,-5.619575974069098
38.9012499,10.594166767154709,-5.897287349108781,4.781749615886346,22.04501505910918,-1.3968766861699655,-5.190003623835111
38.9112499,10.819547417111428,-5.3402139938164215,4.6061251266707695,20.597954147099806,-7.077387782020932,-4.488923438787048
38.9212499,10.866730718159292,-4.919358511531746,4.40126304815839,14.007284377284398,-12.239006352744703,-4.108773011508697
38.9312499,10.595117986514728,-4.599145777771239,4.18575769112174,3.0020248361968958,-16.69319795774921,-4.540064090680134
38.9412499,10.20142182489911,-4.268282906235952,3.823749220300191,-11.545042043181065,-20.320771824960687,-5.950397401834995
38.9512499,9.866573161482778,-3.94090510891085,3.2823397746481695,-28.944171646388458,-22.980246369126373,-7.94864155205961
38.9612499,9.651437339695757,-3.5753523890534815,2.755399628184583,-47.77353674903286,-24.74789197487429,-10.051206917056088
38.9712499,9.509741188632193,-3.40993277409322,2.4952240836173,-65.66031570501177,-26.88287300069402,-12.126277669966424
38.9812499,9.394471950288539,-3.730457934774343,2.408334565532171,-79.22627354210562,-29.453473353741302,-14.267761351077331
38.9912499,9.24803133347847,-4.071366054346009,2.16648688754215,-87.04022536131617,-32.845586641052215,-16.572645167371967
39.0012499,9.13405374447395,-4.363370449830039,2.0456936159996393,-89.46079762843695,-37.6677882645666,-18.448492751974037
39.0112499,9.172887123390582,-4.893948100637023,2.2835282769703023,-86.41716283027775,-42.59759541242341,-19.26360706309992
39.0212499,9.229785940235283,-5.411677318640483,2.5292760871684674,-78.89451829694855,-45.97004000820513,-18.797952811094966
39.0312499,9.058916903888395,-5.479269094742762,2.5667413499753686,-70.16187730342327,-48.1584204132342,-17.480220051193253
39.0412499,9.046299542693253,-5.27817650409957,2.48074346928463,-61.48769373414033,-48.427829549005786,-15.934215217660396
39.0512499,9.117697948061386,-4.82499668549662,2.446108335172915,-56.43500166726122,-46.58998716244464,-15.106859769505139
39.0612499,8.729520913770067,-4.514168608457881,2.4538163604082492,-53.2145691894014,-44.92153018007004,-14.584295915028257
39.0712499,8.439182950060731,-4.7237859231901105,2.2932080781862063,-49.757501680245525,-41.78350323788233,-13.789494783334353
39.0812499,8.205384749254614,-4.517707137361107,1.9610119939561481,-49.2168574717313,-38.27575594884267,-13.123434153808805
39.0912499,8.071791807413817,-4.07528378795801,1.6016584502847198,-50.1899036953074,-34.29502429723615,-13.200313838955887
39.1012499,8.052861323857302,-3.712158187971452,1.4670597379953016,-52.51099684890719,-30.701999195257443,-13.73558396772534
39.1112499,8.0686170740795,-3.5503911397109436,1.6425063535903295,-55.28667077809365,-27.040504911944474,-13.954023704300656
39.1212499,8.122481622456245,-3.529192169656643,1.8572053610663624,-56.82951080613234,-22.781321520840088,-13.767497788269871
39.1312499,8.159515071628196,-3.4953152543532493,1.9525609467524268,-56.70180572625192,-19.034159279671236,-13.047572677462492
39.1412499,8.121226529642769,-3.570476891104757,2.0343120376333803,-54.341188757990906,-16.288174815286,-11.650815175522482
39.1512499,7.986043222559271,-3.6512970120929076,2.023018365728548,-50.11606085216516,-14.402198388804317,-9.794407174929898
39.1612499,7.856570482622103,-3.5251337834763556,1.837770234560745,-45.40183274619402,-13.14816750283663,-7.972152145699872
39.1712499,7.853159045137954,-3.3591419368893383,1.6626128740307977,-40.97854416650506,-12.450727022894974,-6.266224969946778
39.1812499,7.977650727245449,-3.3185218851548037,1.5598867683441289,-37.23316387193281,-11.85781313495898,-4.269840527672961
39.1912499,8.210054696963065,-3.139441651967543,1.4691743441984229,-35.02767949409497,-10.91982787241292,-2.169105229150506
39.2012499,8.522968183749379,-2.8854220920803275,1.5067265565135408,-33.526409353020355,-9.75716337146018,-0.5835817168987978
39.2112499,8.8733373109823,-2.8680317698691224,1.7156127721607655,-31.3418130555974,-7.773330120619384,0.2922051183434649
39.2212499,9.064067072133636,-2.8645235122691255,1.8071230124561202,-29.785570412751717,-5.588697902375505,0.9420510083224901
39.2312499,9.167468653895058,-2.916078021410518,1.7982585959716466,-27.489736608651576,-3.366214467151932,1.845451937539669
39.2412499,9.250372615061137,-3.2136683124954444,1.8370372157806365,-23.00044734405536,-0.816482961126934,2.8768075687856065
39.2512499,8.993026716371686,-3.172762929127313,1.6366997531039453,-20.44186939003015,-0.7476152227515471,3.6401302875931685
39.2612499,8.94512524494081,-3.06645134776993,1.3863133068996354,-18.253771732060887,-1.0361427903969231,3.6555685156608417
39.2712499,9.11719464534171,-3.0304602096437603,1.2862983150691802,-16.659960744810256,-0.8953125652951717,3.177234208170563
39.2812499,9.123845691804677,-2.9579980646781863,1.2219976356315136,-16.813434990512864,-1.316102080213059,2.734408707387971
39.2912499,9.04037955322883,-3.109385092493594,1.2598655435825223,-17.6196296927144,-1.597082323666725,2.4582091649934377
39.3012499,8.97717625759868,-3.366423659255257,1.3299117235515259,-18.420675011681166,-1.4204027281485345,2.708995912346615
39.3112499,9.022799188008104,-3.6142733333192685,1.2933780676612618,-17.82407107947754,-0.9631888407441951,3.2565567349959093
39.3212499,9.082461691151494,-3.7893466679846624,1.2794976379197784,-16.110261396326056,-0.3400295809547759,3.713959460370059
39.3312499,8.99328457302488,-3.800145794679247,1.3132000804008848,-15.422730390772934,-0.3061715017339045,3.8452217646822877
39.3412499,8.911805266533285,-3.9235124626417357,1.315132576623269,-14.14930422906846,-0.22350377263532656,3.822778566840378
39.3512499,8.865309986037255,-4.013579634115471,1.2249382053918005,-12.799631869596443,-0.17187654402507105,3.9799025603484974
39.3612499,8.83714874040077,-3.957880408279286,1.1208359665594636,-12.270238865074983,-0.12437881227350393,4.203638414324805
39.3712499,8.79605631393186,-3.9549453193538238,1.1522199657464998,-11.683266504761571,-0.2901761015381304,4.512607910149509
39.3812499,8.719097882071924,-4.018411821372947,1.1604458772821744,-10.89616979887937,-1.0297488022000794,5.135022925320404
39.3912499,8.717321281906633,-4.0733550837206,1.0318989187755707,-9.917434396435825,-1.8688829280916375,6.144772468850589
39.4012499,8.814560449551442,-4.092121019813763,1.0136121990371945,-8.803126050581447,-2.174765794561934,7.37030417034505
39.4112499,8.801839435122162,-4.06974826401483,1.0929494771921422,-8.92693339157658,-3.160556159682783,8.564668738149617
39.4212499,8.899101982019017,-3.998270124566531,1.0806820989846293,-10.459970423473447,-3.6956578117058525,8.797984285897318
39.4312499,9.261795687665678,-3.99033647172716,1.0387776179079993,-10.890179709609775,-1.8500719970344528,8.457386375405308
39.4412499,9.048092482809952,-3.792846122708537,0.9940246706811171,-13.229061928196053,-2.1859889935272476,8.239191885072291
39.4512499,8.893367472749619,-3.8370456276213383,0.9797090261758826,-15.147471100374073,-2.5728069942752376,7.9763097969011145
39.4612499,9.017845856397447,-3.9872294475000496,0.9715542705373077,-15.707538660068073,-1.857951696565549,7.963470180864729
39.4712499,8.94449786679078,-3.9356445360473367,0.9255749226199401,-16.724592225792033,-1.6486832215723581,7.977469209426045
39.4812499,8.857509837353915,-4.076609379677954,0.8764058938273229,-16.594669987083844,-1.6377453789050276,7.817997170479847
39.4912499,8.824975601868125,-4.28738772659146,0.8465090692135157,-15.598809613432788,-1.6691590848601274,8.053764586439426
39.5012499,8.795296786357662,-4.468681523386905,0.8991011956511479,-13.87794892191419,-1.3596349909183083,8.654743775685033
39.5112499,8.815202942638646,-4.65578439829239,1.0074387653339265,-10.761327878202428,-0.5156473040419124,9.351098008190387
39.5212499,8.857202274602823,-4.729446256048649,1.0287541053679379,-7.389274276215222,0.5308182073100025,9.901487141786497
39.5312499,8.789768151046578,-4.750013058600772,1.0002187469403903,-4.600836913425544,1.1855336545338366,10.159290683587354
39.5412499,8.633405160365141,-4.764541985042572,0.9383829216302032,-2.8867083658079085,1.2452368341429203,10.476299786859654
39.5512499,8.573667655736323,-4.700500239561685,0.8094165988514425,-2.9837046236730442,1.420337853594291,10.541524552707196
39.5612499,8.525267216517708,-4.633967743205402,0.6555631088454977,-4.6608180336774945,1.6472235693336474,10.224454441617745
39.5712499,8.44592550855916,-4.730542547903791,0.5249164020887257,-7.3604894175305855,1.799346262876984,9.97049054369981
39.5812499,8.454659911082025,-4.879539205830053,0.43159219157814543,-10.702327673210922,2.464103034207841,9.964362876921045
39.5912499,8.490257736982988,-4.949500718845815,0.4091424501426572,-14.221069771634752,3.4756349715661874,9.925423024702686
39.6012499,8.471574864307401,-5.018532239587376,0.38332176856305245,-17.602804255706033,4.328608617695121,9.807240860479538
39.6112499,8.425383224379837,-5.19260378535269,0.36087980580249845,-20.235702185407174,5.084715183261397,9.927878710164114
39.6212499,8.33735554156892,-5.381262078667049,0.34435260956428104,-21.913931764781356,5.868437716806111,10.491885397241184
39.6312499,8.212220593862629,-5.525326259377713,0.20932174066786333,-23.40128753483268,6.462151397493843,11.502290880564038
39.6412499,8.103651527328992,-5.625275800486084,0.0387852363354246,-25.25386641066287,6.917501008114496,12.841105476309147
39.6512499,8.035832165595693,-5.637929536690668,-0.06813024507656246,-28.122580245411175,7.527566194321587,14.096282338513356
39.6612499,8.002251039863525,-5.630653250755284,-0.15641669430151342,-32.14312541432233,8.66894118183141,15.038235122453663
39.6712499,7.9558288788449705,-5.699681374736995,-0.23581579090147742,-37.21868746398636,10.106893679091673,15.67948571851095
39.6812499,7.833967282152386,-5.89533949966727,-0.25997566448415255,-42.76646335981147,11.38420657475457,16.232053964763995
39.6912499,7.674011824352109,-6.152662921448827,-0.2664587663233426,-48.066230857292275,13.182536970899841,16.621204366876345
39.7012499,7.489332716056905,-6.270863219680447,-0.34133423701134274,-53.20530221509554,15.224317964707385,16.88385717056226
39.7112499,7.33567518001069,-6.327479540633755,-0.46070867768714985,-58.36374225394003,17.34613833985223,16.998051115398884
39.7212499,7.185403778855267,-6.380272778439794,-0.5471853337137773,-64.8275229700743,20.443572185105097,17.11353816453828
39.7312499,7.008897620701161,-6.353218412348916,-0.592165470540209,-71.64249243454103,24.28729224542165,17.63941188919131
39.7412499,6.85507460836846,-6.32299244180217,-0.6816782034213813,-77.74800204657701,28.522103829492455,18.497164835757026
39.7512499,6.683778885505152,-6.323427857298009,-0.8175581540930359,-83.98837251684148,33.44634280635467,19.79721409592179
39.7612499,6.496585824228964,-6.353489306985431,-0.9573808371809233,-89.42402474319069,38.94998480136124,21.698447648199153
39.7712499,6.286891738514896,-6.3873333889331025,-1.0716548685689193,-93.39244202745328,44.802289184772796,23.870755178143455
39.7812499,6.050161765722202,-6.3829580919028475,-1.1340924128631753,-95.89956366478765,50.96054875129139,26.465738931234217
39.7912499,5.836654008179397,-6.332707703909169,-1.1604688375542447,-97.0521394703028,57.5389533583992,29.64552250873477
39.8012499,5.63072002901823,-6.159487828367423,-1.2176541720819845,-97.9177867894148,64.51134915542329,33.40451522855664
39.8112499,5.382302065727012,-5.8797774402463885,-1.3438898596611093,-99.03418188404731,71.92283810133372,37.74388674429453
39.8212499,5.11241745281178,-5.615821564401241,-1.4005083728553125,-100.40863423968229,79.82836368887736,42.57870223561669
39.8312499,4.768368698338844,-5.474755046798121,-1.3062782643815076,-101.90674447999604,88.132954670464,48.016189777015946
39.8412499,4.40051656802901,-5.383642339752233,-1.1654949966044483,-103.14443018981429,96.9250097314675,54.040937689029064
39.8512499,4.125054129761227,-5.249848012026983,-1.0925389626458784,-103.46532404710693,106.09782226605526,60.64014842193941
39.8612499,3.8913022013452907,-5.093421797198292,-0.9754112186181462,-102.75725434392247,115.06678140246161,67.90706084966833
39.8712499,3.712987711340043,-4.932548575993535,-0.7534873134887147,-101.00550960141209,123.93088637121188,76.10764326001855
39.8812499,3.5480652968473545,-4.690905186373039,-0.5485606445619718,-98.24242070195946,132.57935406999525,84.88928383812838
39.8912499,3.3274028918456495,-4.323085750332008,-0.412387402531232,-94.90390063704159,140.86523684699694,93.9946608109624
39.9012499,3.089803294286813,-3.9455287362905027,-0.2869045445870471,-91.09028190554402,148.67279816356003,103.76574155092615
39.9112499,2.812438090394239,-3.5941047703983635,-0.1630126183836276,-87.47028318665681,155.8534813509642,114.19267573006499
39.9212499,2.4841423543896477,-3.2474074642081483,-0.03950041216473982,-84.01253642978327,162.50152126013174,125.57364859617645
39.9312499,2.0080019648650027,-3.0180407154764737,0.3403012211355821,-79.43150398415605,169.15377237696012,139.39563472062437
39.9412499,1.4807204509949141,-3.0046331647726174,0.8612047116262252,-73.73398361811091,174.72723408444068,152.71088800239764
39.9512499,1.0166272923936626,-3.178018664019236,1.2864723955542907,-66.52016133702001,178.30536748329743,164.67740797709288
39.9612499,0.5615859918705091,-3.7321474745887904,1.9242747122245587,-56.801790019567235,180.30499488932008,177.38180644379625
39.9712499,0.21531564896320252,-4.333472502907936,2.5349220941804766,-45.02179181218195,181.5488863990843,189.80252246457374
39.9812499,-0.008850890645821808,-4.515378426709326,2.822194210949537,-31.89398543026935,182.2341921550259,201.20003871086453
39.9912499,-0.07246458003545168,-4.491745482525508,3.1164362509892856,-18.51638970202553,182.41815558431125,210.9865843511596
40.0012499,0.02287296311933101,-4.480638732237458,3.460462490261688,-5.88446279625757,182.5571150857276,219.35971689404866
40.0112499,0.06423617323518173,-4.425640074097508,3.7754026121506756,4.36528858450041,182.62237150276852,227.42596259923093
40.0212499,0.07747480376170872,-4.5458260116258336,4.393776351805884,10.83517273383982,183.260900199492,235.75875796798164
40.0312499,0.11108610479678198,-4.855399230407079,5.0694547719022145,14.190630841940523,185.50267932339295,244.49159248327854
40.0412499,-0.0013920118225846751,-5.080917863394712,5.475960564771337,15.49759080496572,187.9472065359889,253.44823862606975
40.0512499,-0.287510022251585,-5.489912437744013,5.9222176295251545,15.83204530500639,189.538843306071,261.90705632259113
40.0612499,-0.6597174518949587,-5.894066598605204,6.235280382978373,16.47653442849218,190.38676780645685,269.5163347729203
40.0712499,-1.0368601981048622,-5.939278563584374,6.230458429695141,16.790962338104226,190.05521273813594,276.40432140316074
40.0812499,-1.4195841210259772,-6.216162723409129,6.656952170183269,16.387695931261675,187.9672542032782,282.8074436793014
40.0912499,-1.8455501628822404,-6.81086865369837,7.582072261078007,15.851140834487058,184.64891891343188,288.2566159989643
40.1012499,-2.383898547905272,-7.3582461314145124,8.408088269960349,14.621601001542587,179.61761813921288,292.5327240788641
40.1112499,-3.0377181089083964,-8.34720181487426,9.338141155907232,14.532283693842832,171.61779705088028,295.6977150174104
40.1212499,-3.6138911967078986,-9.56391495712086,10.370246930402597,17.810551108636204,161.10290774702733,297.7891365983398
40.1312499,-4.037202626134746,-10.847977177733043,11.60726032644681,24.840448760333338,147.649501629694,299.8496787941871
40.1412499,-4.371057828742155,-12.6150290173866,13.145419945452145,37.85552293748736,127.0391214938768,302.1713884532304
40.1512499,-4.587119764076181,-13.720685789857693,14.131459328758726,52.18476396627268,100.9355448286003,303.0220247080522
40.1612499,-4.571334621631885,-13.24330336912623,14.803491893119203,54.22440396864529,74.30424789023397,300.83869320282685
40.1712499,-4.626383838259818,-12.41674733772164,15.836157877403908,37.79756876115003,44.15614342664586,295.8757477474853
40.1812499,-4.863472741989463,-12.393990066405621,16.40432312120399,7.823871407198095,12.43633774982397,287.7981187009138
40.1912499,-5.1373046404456915,-12.657732975111342,15.968710170258767,-27.751212473469636,-20.431555540049793,275.5676788612692
40.2012499,-4.7841579872152655,-13.262759787590204,15.57780193008636,-63.77862360352363,-55.21312352477982,259.3545529430525
40.2112499,-3.8473208264302614,-14.99174441026232,15.955514130376402,-95.23484984976727,-91.103250455287,238.78390766358845
40.2212499,-2.81643341106955,-16.966307253487418,15.78155124830394,-115.66468118486824,-126.62388265035206,212.42538835655483
40.2312499,-1.3987942898768109,-18.342381546814714,14.715609648816931,-126.73690158216458,-159.91112627113782,181.4686902274513
40.2412499,0.7526456202555515,-19.585304656050564,14.02062720114094,-129.63881322271854,-188.14411922860882,147.80944612339533
40.2512499,2.887811153507042,-20.744127537028326,13.963140690168727,-126.47258006359162,-211.5572557162252,111.7582217384753
40.2612499,4.343680751200134,-21.992751215590523,13.778867068663871,-118.42204171128586,-231.38610667348817,73.50766990409986
40.2712499,5.600377080391865,-23.778964825169012,13.836876024558768,-99.68942290506787,-246.9130626160608,34.391796199637945
40.2812499,6.824129692310938,-25.974909269281028,15.215771885886916,-72.10541846849476,-259.42537401795255,-4.882160613694941
40.2912499,7.377729187605175,-29.244124944553032,17.36398264831275,-37.79842446636739,-268.46642063749727,-44.94585902563929
40.3012499,6.183756896079042,-33.64433254208761,20.249307988950438,5.2060239424107015,-278.5686197282716,-87.96644233552185
40.3112499,3.141411457678295,-38.464758611160676,26.172543047737467,49.580080030513585,-294.01662435145647,-142.52977565223227
40.3212499,-2.699872150644506,-43.98238055014871,33.9068324321643,90.12265277979915,-321.4402843265746,-214.72158915512966
40.3312499,-11.692619282074501,-50.17108975589094,40.25786972837118,138.15767483111912,-364.2693458643416,-302.63528326673514
40.3412499,-21.153827990281638,-53.98578790301119,43.59429079231772,188.0769897089623,-427.21215195227774,-413.0998263529004
40.3512499,-28.967822330627236,-52.73779602736385,40.83165224756131,232.2391863747217,-486.7314324572603,-493.8953118316939
40.3612499,-35.16467048367827,-47.14332191360109,33.66546483180895,238.05347854219525,-502.4487069048517,-502.4868816598506
40.3712499,-39.7434287634992,-40.35934490373745,26.496345913391888,194.4469078673453,-499.14839679949245,-498.63011836058047
40.3812499,-42.88341597333096,-31.95878528492725,17.389764916661193,121.2189333775911,-500.3900266207705,-500.2589224394208
40.3912499,-43.97145998983405,-22.385918549466965,5.770711642793196,26.60783386655461,-499.3648503826491,-500.64274650783943
40.4012499,-40.493311523681086,-12.747452018686849,-2.376531217380914,-65.39382855654286,-500.60903104209615,-498.65142616880655
40.4112499,-35.502734902486345,-5.583239173374818,-3.701356099361239,-113.26692577208088,-500.54183544881334,-500.8579434432514
40.4212499,-36.09421933262749,-5.730148239086276,-7.088664207943878,-63.82133747230566,-455.3242258810322,-502.02876396574175
40.4312499,-37.2754169543073,-6.576144881931662,-17.058485666237456,38.306874907486915,-386.5835225079252,-414.14426510176816
40.4412499,-31.48351699084981,1.1965246931281561,-23.568336388848355,106.01695292964855,-332.0306783560737,-265.7950709446917
40.4512499,-22.544091177988953,14.169833705987404,-21.282953452775793,108.70388092795444,-256.38194587294106,-174.09616569384164
40.4612499,-18.65836393161857,19.89520788417288,-16.454259132035407,54.88650453464644,-168.1404467943216,-118.62088874356131
40.4712499,-18.71871135565955,15.914688683477863,-13.968534403505,-27.168768032252228,-99.31993815735177,-51.944433018466356
40.4812499,-18.33456976017678,11.549709697127826,-10.649649495158778,-105.97161450362582,-50.39766913122217,2.138924304297308
40.4912499,-17.029494581282737,7.769731977594244,-3.864755437517003,-148.98937260743435,-20.216895361675714,19.45040819411874
40.5012499,-14.766245557608633,-0.1498023179010748,3.1750989089708086,-136.4185238887579,-4.152771444212672,23.035214065915703
40.5112499,-10.828278200229883,-8.025723553259814,7.156127315411496,-75.79475566920682,5.946674944173625,31.735610005980845
40.5212499,-5.570269248486497,-9.966023257077575,7.577676528763091,0.7369744480238314,11.852419947963954,42.051941606751114
40.5312499,-0.31064210723793206,-6.525933931516386,5.464540628833551,54.19912383267235,13.48848763261936,49.20658099874024
40.5412499,4.244245382216517,-1.4952535829873301,2.909014074412083,65.41765877078716,13.916332931531619,52.34573837143137
40.5512499,8.05326249357186,2.466672123963849,1.330885005217859,38.93451691862715,16.014597308748648,49.893838112879195
40.5612499,11.233428934190185,4.208203794157804,0.4693969699646912,-16.13187029516238,17.55546723440839,40.95162783201391
40.5712499,12.962179070784568,2.8451728276298893,0.7668957223085242,-72.12709216292447,16.09523478691451,31.580987972857702
40.5812499,12.93549168471018,-0.773579111898499,2.0627200934123318,-98.9748945153118,11.696252414354404,27.462374514133856
40.5912499,12.58342868586748,-4.48003476229281,3.395998405573646,-101.2652622810937,5.485349463011663,26.20335252511667
40.6012499,12.453987329604045,-7.151911979624713,4.533587093340868,-83.4667357935618,-0.9149534346924397,24.76459864267639
40.6112499,12.350187878584391,-8.61973517195494,5.264354431264496,-52.126610602043314,-6.469652294978802,22.426270184091262
40.6212499,12.2933804548513,-9.097770467097824,5.460098744793101,-17.804340259524327,-10.48977438821313,19.73954581781035
40.6312499,12.227780329576083,-8.74999847805908,5.193893007541695,11.953015484999739,-12.622945459025276,17.173588696858328
40.6412499,12.171768598128205,-7.9747066102962565,4.537370641886132,33.80216348760381,-12.932849765594716,14.36189276364541
40.6512499,12.1083024034973,-7.144186848637186,3.704893966092605,47.78104177408176,-12.32496776721287,11.428508197101719
40.6612499,11.913612139047189,-6.146978710690218,2.709097341263299,54.01954889210107,-12.319925075289154,8.413171075421914
40.6712499,11.607035814125865,-4.9929640260829755,1.651011267603848,52.45192455900187,-13.624074455074572,5.051800107186636
40.6812499,11.203192536713104,-4.029991695311646,0.8319452086869132,43.996612714152675,-15.790766699623498,1.454344102960849
40.6912499,10.684249141977325,-3.419020221713983,0.246626069607997,29.474091884650775,-18.061920180151223,-2.043920813717697
40.7012499,10.174346128557353,-3.056012079006911,-0.2198213939920643,10.064036400969286,-19.887467599348742,-5.621878914578247
40.7112499,9.761652841155513,-2.6943471827170202,-0.4125766971162833,-12.823287369113677,-20.835423263082745,-9.868176462243666
40.7212499,9.407089136128185,-2.3754974884906774,-0.26647751667653485,-38.15987864655562,-21.100685594317422,-14.719097033761331
40.7312499,9.173082147543163,-2.3055020054802795,-0.0073450935461574895,-63.895328057889174,-20.240328045794783,-19.451439047700013
40.7412499,9.074267576854743,-2.4464627084861377,0.3516431700426247,-86.90695352234026,-18.103242380897292,-24.091705128960193
40.7512499,9.063241208835924,-2.92220675516404,0.7456670118415266,-102.80016247670848,-15.274463553774869,-28.23389695378421
40.7612499,9.019862846654704,-3.646901515222967,0.9863813583802286,-109.71759059382299,-12.401229655128262,-30.539043861052992
40.7712499,8.698129126102746,-4.347103789890259,1.1794715394191904,-107.41023185960724,-9.161580890627226,-29.94167226666882
40.7812499,8.20501264933196,-4.774254232004038,1.413976184392556,-97.37346037422026,-5.775811202184143,-26.355145877778657
40.7912499,7.8857493770342515,-4.831184075102967,1.6349078329414999,-84.22899851757668,-2.8237957137217244,-21.46914266062314
40.8012499,7.638137415719894,-4.687799098884741,1.819603502264288,-69.59622452651573,0.3639084024810116,-16.10757775211148
40.8112499,7.456653944787183,-4.368150437548802,1.9304981458580615,-54.646416695135386,3.0419792194621307,-10.895320954887556
40.8212499,7.481091985205415,-4.009115699179136,1.9958666888728473,-40.3441467147935,5.309085397527078,-6.329813643907093
40.8312499,7.497965443059511,-3.681442150083807,1.9270807963419205,-27.649295995105387,6.916108913950215,-2.796944870061751
40.8412499,7.505687593844649,-3.308623537012276,1.7979565590714484,-18.230949687895084,8.230979523491271,-0.6132302573866955
40.8512499,7.653544266467435,-3.0315697881657933,1.7992473021494377,-11.905034539631334,10.772704412062186,0.05973804823072406
40.8612499,7.777330738856045,-2.833082740505666,1.7151480608451346,-8.072192782648983,13.48408590672494,-0.2561829395782209
40.8712499,7.917053330548903,-2.6973403590605707,1.55238684786269,-6.357738358572061,15.449976181415337,-1.287455157151689
40.8812499,8.069968748894254,-2.65006925192886,1.51213933758082,-5.914380514882192,16.739525327645858,-2.4673855912783402
40.8912499,8.208061263479038,-2.8543306728648314,1.5729577164946726,-4.677411391162574,18.179158251385847,-3.02918423089963
40.9012499,8.280618233699611,-3.107185427689531,1.602978050285615,-2.3170207852244,19.225115267457635,-2.941654551537383
40.9112499,8.39648615183593,-3.2221763363599565,1.529930148661851,0.6638073596151972,19.19301188589755,-2.455151478431722
40.9212499,8.504276030693047,-3.236860398546177,1.458403808939546,4.303336029506477,17.72469371530636,-1.4385875847333047
40.9312499,8.618997482300056,-3.1968080207781244,1.4010138216879016,7.85641820750231,15.559762900682093,-0.4957569020827239
40.9412499,8.734866371503934,-3.0874349367999403,1.243730402781744,10.103912715747601,13.1559706282716,0.14357684314940786
40.9512499,8.879767119884715,-2.873673918554,1.0290722306342852,10.338685142612489,10.526065728830305,0.5338448589521909
40.9612499,9.230999280866856,-2.679516934086262,0.921808956958403,8.755928855856075,8.362343790213679,1.003022224310049
40.9712499,9.676199515479741,-2.65848404651847,1.026880740897468,5.956331905619755,6.769167874415937,2.062251303299999
40.9812499,9.934962967519125,-2.7511265620006475,1.2164055694228078,1.7666950104906698,4.632641041236374,3.461917944986417
40.9912499,10.196210929714868,-2.953946164460749,1.2652887250444573,-1.4376184303194173,3.2191567865849025,5.2366779135346695
41.0012499,10.282384026020631,-3.055017749448509,1.134769151859836,-3.76453190937266,1.9215240782947447,6.8203844873405375
41.0112499,10.202604013366686,-3.177885265014433,1.0657430095902183,-5.349981397857433,-0.020141981488848132,7.990104164840859
41.0212499,10.032493633541756,-3.379153167287686,1.1451405573187003,-6.202384214639696,-2.5319249911382045,8.67158218302837
41.0312499,9.842435386827434,-3.5352639117852793,1.1586411637202756,-6.583077525669511,-4.880295105669488,8.863375817974523
41.0412499,9.612567654423625,-3.6412743666428726,1.0408183218761948,-6.796306362573221,-7.198092831584271,8.5056232576401
41.0512499,9.45087281633494,-3.6698415351849536,0.9437783912962765,-7.705324398320207,-9.649119705231305,8.001824786422624
41.0612499,9.429655717819898,-3.6874310131842467,1.0674170414110304,-9.71280902395336,-11.476743473374876,7.503117622009285
41.0712499,9.390255426459605,-3.744341858895442,1.2689589998631987,-12.15245911704178,-12.4666628770689,6.859406485102152
41.0812499,9.163326624635376,-3.6591436221978677,1.2684030499681318,-15.501129663264296,-13.687313217785057,5.740919932067161
41.0912499,8.643251909015614,-3.168885430726166,1.0962661063589514,-22.830293831571097,-17.35838940501175,3.3646202691883498
41.1012499,8.79612692024579,-2.9340543342797916,1.0504186271324578,-30.682752217171295,-18.363403442050835,0.1850359234564594
41.1112499,9.538991258153445,-3.191836412258319,1.2191753144324442,-35.72026373200364,-13.724411380107856,-2.602431877430873
41.1212499,9.495139674049925,-3.39820447328258,1.3361891771852257,-39.83501751913565,-9.700869912899234,-4.666014700080037
41.1312499,9.403899890702434,-3.9737162297507194,1.3113478017456353,-37.669103727841204,-4.692077942433078,-5.50272709050438
41.1412499,9.093568438434884,-4.437279385752964,1.4301518787194705,-32.587383579876025,-3.524758159948347,-5.074459610038529
41.1512499,8.516724290808918,-4.299861799865469,1.4721883549938752,-29.05479594667448,-5.694490101246843,-4.464688026831641
41.1612499,8.761550316789794,-4.613266709759817,1.4465230189019593,-18.51447148470388,-4.636725944027753,-4.435880131177569
41.1712499,8.895689931501918,-4.813233648041504,1.3799169767962685,-6.023709480428993,-3.131391693906839,-4.298312158511911
41.1812499,8.58445513503519,-4.6701542141426176,1.2609698210807638,3.9208239307402946,-3.2271617713797593,-3.5296223599456127
41.1912499,8.474789801854826,-4.387552494017854,1.1037702620671457,13.406458829378332,-3.685341457719245,-2.47068498131757
41.2012499,8.646168061658257,-3.873053326454156,0.9193466615124605,19.13144500983886,-2.9660174469576184,-1.3012149371419386
41.2112499,8.668915746103949,-3.3707622421333343,0.7144114304109939,18.526995034087616,-2.1829950066431,0.009421123979396918
41.2212499,8.699632162086743,-3.006080849038553,0.5483435490774411,14.101874677156735,-1.1104402910870153,1.4720129453853843
41.2312499,8.821252256268815,-2.7803949187293306,0.4660732887897037,7.252622127052977,0.6956510403711782,3.157686837668808
41.2412499,8.810872375180567,-2.6284077958137964,0.4857399251646798,-1.8097435613910517,2.582716765257087,4.351473370349061
41.2512499,8.72740476863462,-2.641616778647509,0.563658601820734,-11.042526231393632,4.225810176251187,5.1783045381512105
41.2612499,8.84687246815428,-3.0054512242034117,0.6413786857695934,-16.903241656363097,6.094274441662094,6.197980322779045
41.2712499,8.781590203617666,-3.3874235082498068,0.7720962077576536,-20.45717681271961,7.298465276863049,7.502509541186442
41.2812499,8.700651856054346,-3.8419906042021226,0.9177965341547104,-20.35704429689517,8.617221355585215,9.08126089483089
41.2912499,8.666230704637174,-4.192139035489995,1.048326629843077,-17.60579041106315,8.778944556159631,10.617707489376444
41.3012499,8.726029919417245,-4.482972568698174,1.190657554613668,-12.647703226655088,9.037309018665903,12.163874664185387
41.3112499,8.78411774928418,-4.677640854106091,1.2442349972791469,-6.2761343947005575,9.483549639440536,13.551038061792465
41.3212499,8.71861407148709,-4.590648724430314,1.1993186642009936,-1.2372536885396987,9.243742963991199,14.879870145029917
41.3312499,8.776528218011126,-4.5488015391141,1.1889158447906563,2.7631649359933754,9.2954497073017,15.698688417231816
41.3412499,8.854674265110049,-4.477660603906248,1.1870514626953057,4.6858727464799035,9.303157730302097,15.761789029207183
41.3512499,8.933415839369564,-4.315270833960665,1.1764484316659014,4.568286970766807,9.450278218632036,15.408347687661388
41.3612499,9.041793399666396,-4.202964726084905,1.1814843639627874,2.8221509652473493,9.575673430571436,14.763091279175088
41.3712499,9.087882185523355,-4.131280256031405,1.2068688492362036,-0.4884876469621429,9.662142584177356,13.897980513344788
41.3812499,9.0284057342933,-4.06713935693188,1.2329611598197943,-4.102628249958506,9.72055676332895,12.854242756435545
41.3912499,8.945061473944635,-4.044295567645287,1.193687672495525,-7.716323521367939,9.881282625261063,11.585433443334754
41.4012499,8.81542412443833,-4.180558155761941,1.159548548944569,-10.738964906599081,9.764226103257654,10.478473873563054
41.4112499,8.692254715211076,-4.3645262141717955,1.210356504595508,-12.229891725366357,9.470185526356234,9.62220564618973
41.4212499,8.750942209022629,-4.445252117948434,1.310162504020343,-11.883322466498614,9.303594554896128,8.882439663629862
41.4312499,8.872515605420727,-4.511076362245344,1.4551569294073663,-10.688976557472824,9.303570981407368,8.145989855975388
41.4412499,8.896819482341117,-4.493069624626803,1.551694025886502,-9.446563583451159,9.624132620014837,7.7136722221606435
41.4512499,8.85735385589888,-4.362726369679739,1.5184274895103909,-8.613108892637763,9.896215444118853,7.8275952010859875
41.4612499,8.808127846934788,-4.2368140362248905,1.4247818751219907,-8.808694995948809,10.02832684525622,8.09029089647248
41.4712499,8.781578749374892,-4.104802384397816,1.3472739336884463,-10.1402443655057,9.989092381740159,8.404829555715756
41.4812499,8.822836632518591,-3.9955916712796857,1.3247531888557305,-12.261309454747815,10.046764114473321,8.631342684529443
41.4912499,8.860530605240994,-4.0144674682773385,1.357111209670061,-14.542219839861222,10.423947586657915,8.958241706912045
41.5012499,8.798691811183891,-4.103448652825457,1.3678146086203506,-16.85243094639203,10.562474430026608,9.543034703392701
41.5112499,8.70560160177531,-4.238860171609089,1.3343465428541352,-18.508697964466155,10.615361828363639,10.405544127158594
41.5212499,8.607998245153437,-4.400130328006354,1.290108889253903,-19.07329089137563,10.249959312896927,11.427296848715912
41.5312499,8.5771016991506,-4.615625220695525,1.2640671857167785,-18.635487653821563,9.2962715319157,12.74996126232769
41.5412499,8.57340382051135,-4.822886046881888,1.2545055983284592,-17.85776196571209,8.356227069453789,14.356195447077562
41.5512499,8.525341353669539,-4.864984578669137,1.200557193443865,-17.57710554779864,7.766257450975081,15.918345250679327
41.5612499,8.485594814723456,-4.8374748016325935,1.1205298426401362,-18.390512880417806,7.460803004337046,17.207836733317716
41.5712499,8.46617740567205,-4.840676276986131,1.0049669988141292,-20.358465285263502,7.420295656157047,18.205629675187954
41.5812499,8.399174933350661,-4.894938172725208,0.8843817579426665,-23.359001867676568,7.375350715027625,18.91072339184871
41.5912499,8.24340393863263,-4.982096301094612,0.797622391487822,-27.084009966319538,7.596526753981024,19.601303249678523
41.6012499,8.098518244609583,-5.077902190488569,0.6824344312340254,-31.19509617347209,8.294361139902254,20.361065211582467
41.6112499,7.921169873997777,-5.190465126443451,0.5213841150076162,-35.97572724364329,9.036793097570259,21.147884303830246
41.6212499,7.679556467958553,-5.325049469557644,0.3451314310486415,-41.78064396037214,10.088015895127095,22.415172288098624
41.6312499,7.522853919142394,-5.416953285918228,0.16160508932074807,-47.37526041021456,11.725457171785283,23.998169597460294
41.6412499,7.371824869931839,-5.44484699807169,-0.06933402630453438,-53.35948250499069,14.054919790330446,25.646282184724196
41.6512499,7.141425303194584,-5.410488853963406,-0.28940325574523906,-60.14207086156701,16.6015851559393,27.29198463599733
41.6612499,6.887956211942865,-5.370334229268175,-0.45575355729961575,-67.05567279524959,19.711114600333328,28.734778473699684
41.6712499,6.6242481918015566,-5.383830201983341,-0.5885423871406431,-73.87057390560581,23.486594116782243,30.15957180644624
41.6812499,6.352411882685925,-5.433142776569332,-0.7116163964901073,-80.14238141038675,27.72764059875222,32.14556674136349
41.6912499,6.109399593185669,-5.480454068577371,-0.8310031709091961,-85.90676977331559,32.477954774183274,35.101219628975116
41.7012499,5.853792718266901,-5.557845102282559,-0.9132606869470119,-91.13028916721298,37.927168812741705,39.18419087299226
41.7112499,5.556069461632464,-5.5782162799204,-0.9623687865318494,-95.65821126182416,44.25884321638306,44.326149471866536
41.7212499,5.182644409359925,-5.518248705861816,-0.938908584109072,-99.58348383297641,51.344916280592756,50.436429902932645
41.7312499,4.758852366076612,-5.521699306514955,-0.8010904173994794,-102.7446987662089,58.896384186834986,57.520673666902795
41.7412499,4.323694771033288,-5.557761873639048,-0.6777159854447916,-104.76463254238269,66.61570915929529,65.9400160901608
41.7512499,3.8645612119546104,-5.506116913674251,-0.6442462255067269,-105.66904718552368,74.31727453810706,75.29048382064136
41.7612499,3.4171391534739453,-5.335352733124106,-0.7627638819121211,-105.83354100928335,82.04440610417899,84.75364790679569
41.7712499,2.9974906492953934,-5.196945256596797,-0.9185442122669035,-105.64253229642672,89.58223319502352,93.73911531296201
41.7812499,2.6349086274196027,-5.096635989081867,-0.9190434325965192,-106.00275502264081,97.4773784840539,101.99173242010185
41.7912499,2.328510418569648,-4.8843485050850095,-0.8585124275005152,-107.09101709172167,106.05301243941493,109.67941283228521
41.8012499,2.008202813506771,-4.6719284517745425,-0.8357094289768708,-108.19506573515791,115.0644956547459,117.24907779737002
41.8112499,1.7013134899350981,-4.546463875788284,-0.7935418400039214,-109.01226143701642,123.96634680603204,125.0537243073143
41.8212499,1.3690672638967563,-4.494676828715656,-0.7428995082548385,-108.47261432262829,133.0650538249249,135.00546748264543
41.8312499,1.0537295906864224,-4.573210289888238,-0.5812003003461945,-104.96300535690624,142.68196173177319,147.56366564893727
41.8412499,0.6780446566216125,-4.709341149605348,-0.256952786441953,-99.44267044251254,150.0462996492289,159.27373384548164
41.8512499,0.3474009043846809,-4.742565816928865,-0.018825821359617738,-91.6622916861583,155.761258042507,170.67204225763456
41.8612499,0.18393382715500764,-4.8218263316125025,0.24300043073058233,-80.8646303003311,160.83925542749463,182.17319503251872
41.8712499,-0.049121912130386844,-5.107271122760208,0.7219960281387506,-68.52764348179346,164.92854948698636,193.28832075974555
41.8812499,-0.30611523602070206,-5.285999286715399,1.1065200015189611,-56.24560245696993,168.72935485140428,204.08629689845253
41.8912499,-0.4467594816677033,-5.143145797147642,1.2894708036291003,-44.92711640144296,172.56132122442253,214.13935056903395
41.9012499,-0.5248511622376033,-5.0274251984190945,1.587334990666654,-35.245571362577586,176.01569431145623,223.12879447591268
41.9112499,-0.6208478881690911,-4.976636799707525,1.8964646286466802,-27.976403474751386,179.07121823517423,231.05889396176073
41.9212499,-0.7405483586222195,-4.915093937224737,2.2739038453362865,-23.779609558308824,181.68792455844437,239.14042820318292
41.9312499,-0.9128080352143888,-5.44328659584725,3.1661335653300897,-21.150191351813383,184.7057769728062,248.03780301114267
41.9412499,-1.1238264065578016,-6.393042027725583,4.174320310293472,-17.857084308045373,188.6559830884898,258.0021534945276
41.9512499,-1.2712145684115777,-7.143076011061995,4.851430162751736,-11.286042459356501,191.87947156750732,268.5617693697591
41.9612499,-1.4060086332120207,-7.9241752638753296,5.3927472743642655,-1.4272914958629266,193.43357551480793,278.6593746200951
41.9712499,-1.5941586641274237,-8.503724434993664,5.535124908529211,9.779683004975608,193.53342059248808,288.1775390986223
41.9812499,-1.6440952587309912,-8.722218506438622,5.6565662698898835,20.838241081801673,192.538698772347,297.07609489050606
41.9912499,-1.5349287541376684,-9.366577005216733,6.8092473674756215,28.561784229312792,191.37203319918504,305.58216484051206
42.0012499,-1.5358133852285045,-10.202535449171755,8.344433311897143,30.98852015531024,190.9140354953152,313.4859739154262
42.0112499,-1.6437534804885043,-10.554511755847964,9.242211321375432,30.13618696731985,188.87871009158715,318.9270719925844
42.0212499,-1.617616324063058,-11.746692762357194,10.698297330174492,28.549210387366237,183.10627067904167,322.1817904713719
42.0312499,-1.3538235660747082,-14.492101543685319,13.310819352113057,32.476797684614155,171.9751111829717,323.705963772802
42.0412499,-0.6254143160086754,-17.001781826716904,15.652252346923037,48.99691530179679,155.32500138617806,318.9949153555965
42.0512499,0.2569225153833926,-18.797696419079106,17.64852206402536,73.39835146346527,134.52029299800037,306.936338555529
42.0612499,1.2045805674867074,-20.93386730152177,19.981636253262256,98.79664310076711,107.37633015613379,289.82191125030323
42.0712499,2.052972715526674,-22.514302525375125,21.310759884257436,120.67100225009659,75.25160811122174,266.40078771612474
42.0812499,2.2185432764761734,-22.481235485493396,22.08335808067086,132.25842527089145,36.16675583079799,233.57775709472492
42.0912499,2.5777257584872952,-21.600486615125575,23.784059741061327,128.11414213984693,-11.359282775799029,192.22536840294845
42.1012499,4.145915907680189,-20.92550440388747,25.79486037284455,112.08339186622244,-64.92037331819026,145.70946739808562
42.1112499,6.460168610896019,-21.490698470552967,27.724065405440616,96.62169906703673,-126.60560019587798,97.90491414156556
42.1212499,9.069727592510045,-23.33830348887895,29.88091429951542,90.53318471183503,-193.51050926092634,53.92369234228341
42.1312499,11.123890988428261,-24.486420928649242,33.0598353304466,86.34458868332614,-260.5558057718676,13.399205764071382
42.1412499,11.024728791412217,-24.98738124038601,37.15949575609954,78.5237649051797,-327.6739155513516,-32.73108830109196
42.1512499,7.763078418781327,-25.995097738281377,41.22876058804428,64.45964849124815,-397.6510068485523,-91.14157128976376
42.1612499,1.7416719559966878,-27.760223282591735,45.77819880264184,42.754546102481754,-468.11877934223895,-165.11606805748056
42.1712499,-5.535055684969028,-31.875811580522374,49.52610889894649,26.164686631141926,-501.80634423601845,-255.3570102382667
42.1812499,-11.87650497859392,-39.030541436658424,50.51723642603491,26.979999119780846,-500.01998174983106,-352.24602683031935
42.1912499,-17.19314985340607,-46.62976397254911,47.82737094968458,48.076058200502054,-499.5891286713765,-444.6850546690558
42.2012499,-23.06666115898198,-50.903984766687906,41.10508817069853,79.29685799200762,-500.25742507596647,-498.0260858578159
42.2112499,-29.11978086682203,-51.1833246682994,31.86635105671474,103.29548095745663,-499.81337856583804,-501.6601762128064
42.2212499,-33.40838771121086,-49.15569107345937,21.071132257688575,115.96897615874262,-500.4192757034506,-498.0741976421508
42.2312499,-36.576485094011964,-43.21244672278485,10.979886420918737,121.03389181421868,-499.2301035257693,-501.60586656903416
42.2412499,-44.961807809478664,-28.882465108097755,2.732364044395971,110.75667138361611,-500.35675049146965,-498.6114266486076
42.2512499,-53.29258294815063,-15.117329978852124,-8.240600068985604,81.6436599085819,-502.2525100109917,-425.5297842192132
42.2612499,-47.01964655440525,-7.714587852224667,-18.750881999823754,55.64127819711123,-451.85890972161394,-304.4173634519294
42.2712499,-36.82296641209751,6.54436730376907,-24.270926557396862,5.870666426510857,-366.58206107852675,-221.84964626932054
42.2812499,-31.694120941457303,17.610219685517514,-24.273628284531526,-74.68053941348104,-291.0444415622818,-177.37434749731827
42.2912499,-25.313500324065984,15.186168425835778,-21.320018980414808,-124.53314801497305,-198.32581078113606,-127.50867628170883
42.3012499,-19.820262691893127,10.313210055068403,-16.583019623105976,-138.17600867367727,-105.28080593127704,-64.8582537486181
42.3112499,-17.341439637997684,6.308021871792793,-10.557066649911505,-123.80074695688756,-30.341521854388475,-8.898948030925144
42.3212499,-15.557871718128103,1.9607023728335073,-6.081204394739207,-80.80186868304914,21.98025483963681,29.38822406671843
42.3312499,-13.397116591520678,-1.478361045168859,-2.1973498802099725,-32.36664995440729,45.8681812864875,51.851930456693424
42.3412499,-9.815146311474228,-4.249630690923419,1.8882790037544597,8.499426167494883,55.57224135619558,63.39759227247172
42.3512499,-5.790306397201033,-5.572568969626615,4.343474886770709,42.62254967915077,58.54197118119382,66.87433731766133
42.3612499,-2.1731907546657103,-4.931393206039015,4.734183424624926,63.60577135962287,52.58626105287033,64.38761326153364
42.3712499,1.737415697602861,-3.2709514488539235,3.801671706292304,61.96432826993882,40.99356260311349,59.258978505135595
42.3812499,5.684981044285683,-1.8791542974947957,2.976186301857732,38.93573956787168,27.78063782999858,52.140534158445405
42.3912499,8.850297472075235,-1.388918511967643,2.8814166294486663,0.6885685296370424,16.988758187985525,42.38877915674349
42.4012499,10.731220558268706,-2.0962616468033866,3.2971424041131545,-40.363012743647026,10.995320297679012,29.606503817261636
42.4112499,11.358735571918068,-3.8529552967036786,3.952757428303929,-72.86390413306822,7.774767253280039,15.308955741919629
42.4212499,11.48832972013408,-6.06914111657478,4.491486933346636,-89.99114619104373,6.658073231218909,2.509437012546904
42.4312499,11.202371474268855,-8.39667476289844,4.824201449057534,-88.62233232928043,7.065631652967494,-7.077276678561846
42.4412499,10.488594339881026,-10.161144939358332,4.905008192672966,-75.91246444675693,7.308250671331842,-13.106020946623085
42.4512499,9.672931752001928,-11.03861977469715,4.516182675483977,-53.15055283980881,7.2396370960886705,-16.884164178539756
42.4612499,8.795522149835582,-10.929276819178963,3.800639805831158,-19.472455532127434,6.429450469256939,-20.05274686580065
42.4712499,8.168459452785486,-10.035595936101092,3.2105068717811114,9.752653461021131,3.906914217341429,-21.99617653971602
42.4812499,7.926009527910201,-8.929012697434878,2.5597421205394197,30.22056722555115,0.3488540286252131,-22.512609478934333
42.4912499,8.083499213731251,-7.50986794647125,1.9491692005986643,41.448034622706466,-2.852701465456457,-21.329406104842036
42.5012499,8.421632400678332,-6.063337448470583,1.635001240263091,42.08850220448042,-5.383626270490878,-19.572772528139897
42.5112499,8.788086848482495,-4.970265113961706,1.3030373026330881,35.11246901080604,-7.531484200588782,-18.410344053547746
42.5212499,9.18848154530007,-4.082894861985555,0.9328424618384606,21.84840192303289,-9.346897090627783,-17.5971294734268
42.5312499,9.392055828230118,-3.503011948917694,0.859294797204209,3.5123804840522896,-10.524920783763125,-17.484359598020966
42.5412499,9.32173472988568,-3.1298361189921793,0.8021608985566264,-17.600001071457818,-10.299092456307145,-17.916646205051954
42.5512499,9.10875587550944,-2.6506936569571593,0.4739609263658813,-39.727134168596976,-8.885465239653263,-18.770965481092723
42.5612499,8.923052979959987,-2.4203045331006257,0.297474178024666,-60.43970396570864,-6.707313572677288,-20.266403054830256
42.5712499,8.73510040947805,-2.6363223696277354,0.44618301001141725,-77.44918831801428,-3.583647020907741,-21.61813130204309
42.5812499,8.398510837693673,-2.95544261560905,0.5745371899267916,-89.34731158519004,0.12571591065425405,-22.1980332533071
42.5912499,8.115337457933967,-3.222931531965261,0.7051873620295827,-96.13535703848433,3.1942707808706223,-21.75614236971386
42.6012499,8.152768623740277,-3.7593053117638147,1.1597884601083621,-97.46432228565527,5.443550115039148,-20.062288759513663
42.6112499,8.255681458335982,-4.369612457187113,1.653944171769811,-93.03310467389697,7.417356883504968,-17.46918552335715
42.6212499,8.128059001888037,-4.498039834114268,1.8143067746369475,-84.9834480643214,8.712005752222659,-14.592559087578948
42.6312499,7.86871378411322,-4.509582446655152,1.9602363767569846,-73.77959064472674,8.830946386924676,-11.9313002663994
42.6412499,7.592760012924387,-4.676165107122859,2.2182777942319847,-59.89032216556396,8.34098125722001,-9.127461668330634
42.6512499,7.401842912782122,-4.689187488763898,2.195792479132718,-45.513171208411656,8.244079094128137,-6.153683028350681
42.6612499,7.349560930178721,-4.4954995073956185,1.8151907099095705,-30.386080604823874,8.300952693722037,-3.3142653060249465
42.6712499,7.273873556172401,-4.009095390511184,1.4966067154437492,-17.829917453497274,6.227171232656017,-0.9739292109478163
42.6812499,7.511505271167606,-3.4969209886695753,1.3859827903488853,-11.424720394586407,4.868284667625371,0.2805927517726721
42.6912499,8.125191757097362,-3.567450604999807,1.3094844798618264,-4.604522859435233,7.066178465070487,1.5763147986245105
42.7012499,8.213806347991023,-3.553769602818409,1.2731700643974615,-0.6041165907533732,8.572401668143595,3.8387468173141484
42.7112499,8.094639628389908,-3.3850035050643763,1.2245252204430241,-0.01493541853806539,8.495405148627833,7.013027739006063
42.7212499,8.439946300035238,-3.3975568827395497,1.0673041312851597,1.3879176049467605,10.289452337231456,10.510622449181627
42.7312499,8.932914103648633,-3.5532810087916733,1.0797445569858155,3.464219696670366,13.894420307726238,14.044724696604993
42.7412499,8.851664082229417,-3.424860063093608,1.1496915074810379,1.81567063014749,15.050245263340162,17.057852508320735
42.7512499,9.009531142395154,-3.3716767533578174,1.0951088188597298,0.23996846635860777,16.956056687433747,19.0885837097048
42.7612499,9.491085417227918,-3.4077100003546503,1.0105743624196102,-1.2758757516180292,18.724673447896024,20.112573076345946
42.7712499,9.76252314251239,-3.3061325987213595,0.9491067023218831,-4.4097015334674365,18.664157420935535,20.314053604108402
42.7812499,9.905077956689986,-3.3994619968597966,1.0046062422517357,-6.8292854333003365,18.753616591415604,19.807739808799756
42.7912499,9.886605277994889,-3.3997851100463152,1.1378714938710708,-10.685664188460928,19.162869265063236,18.712789906992057
42.8012499,9.88569962941814,-3.2676725430718125,1.2067589987018534,-15.91242190822624,19.58860494920758,17.22898563635191
42.8112499,9.93782471100854,-3.20877347250124,1.256594248530887,-21.524929311803483,19.843589612565875,15.193802748506512
42.8212499,9.946444887325104,-3.289503829625465,1.4023252827315027,-26.979644764912006,20.054816320339107,13.146261720228285
42.8312499,9.995393506571235,-3.3524675191381617,1.564567711257578,-31.649490805295724,20.435571491812667,11.562097606418451
42.8412499,10.144507161779428,-3.4044575166858957,1.750551579371083,-34.94770093223084,21.018609596478406,9.962032890169631
42.8512499,10.20830990812253,-3.6846050012837352,1.9363605994802986,-35.7850588844672,21.719984681545995,9.0353750871649
42.8612499,10.057633946460381,-4.006648348401625,2.0237605625929906,-34.45952560518003,22.325445851324183,9.265521756788884
42.8712499,9.80358303929423,-4.326276555850928,2.1229702558469183,-30.837572077032195,22.68502394007356,9.999082396431065
42.8812499,9.549035514798645,-4.7334079692401385,2.398017061112264,-25.160119445212317,22.948281788316564,10.65080179629355
42.8912499,9.432211252474563,-4.916609111646289,2.569351118696297,-19.767350214146703,23.38605352490508,10.657014495162336
42.9012499,9.404542510085712,-4.871854219932348,2.5120103404151806,-15.268928101470056,23.44498798370216,9.4941342779898
42.9112499,9.322572751692233,-4.827450209557088,2.469381381683712,-12.166286166183923,22.672138891194397,8.016725045632686
42.9212499,9.236568301246326,-4.822656034807672,2.5568221516553,-10.815990112518888,21.514234392085292,6.762183982645179
42.9312499,9.201605698283357,-4.739362946381609,2.586974507380704,-11.190480852234135,20.47292008347411,5.506381135260328
42.9412499,9.105923084243361,-4.6220834053887305,2.46723541341203,-13.208777725832627,19.34952036907682,4.198712674716359
42.9512499,8.990933476261606,-4.548424075215391,2.256526780040601,-17.03373913889694,18.030282145192796,2.9202744198931887
42.9612499,8.932297318134452,-4.4510111351004,2.0844492735936315,-22.439929618168513,16.474863482416467,1.296152670265024
42.9712499,8.910725464889877,-4.344495291986906,1.9777718386631216,-28.422124256106734,15.00853804892112,-0.9872663655834691
42.9812499,8.845376458414858,-4.231466602194999,1.848438910922903,-34.10692677242669,13.598322969993305,-3.761727344771673
42.9912499,8.749502029774321,-4.21530300497918,1.7799994473122212,-39.04601156547619,12.003454252384305,-6.212575826761448
43.0012499,8.686997859923672,-4.388129553374586,1.9010039428490468,-42.875899682077296,10.959863097802238,-7.626833678482845
43.0112499,8.657993920305405,-4.448618262864748,2.0605973627979584,-45.63222993830418,10.940555140760718,-8.255031342794828
43.0212499,8.63609921327786,-4.344316785481651,2.1242126710968248,-47.35309810273116,11.462487561565023,-8.485232742106765
43.0312499,8.502177394064537,-4.3472229119890216,2.209535021796267,-48.38639601233641,12.057454790513537,-7.908592748281361
43.0412499,8.256269342730018,-4.382602689873203,2.2611580182422726,-49.133912345731645,12.940567504613492,-6.726571977158643
43.0512499,8.023282285588671,-4.336138073554247,2.2011559474465767,-49.17639276523542,14.005139121006758,-5.25472321273509
43.0612499,7.889910530691627,-4.361552078614147,2.0597127688728833,-47.2685330094834,15.050192806496954,-3.4228904661206663
43.0712499,7.779354602915386,-4.563119557494142,1.9342797659943436,-42.99847741624633,16.08387022758848,-0.8853308101839985
43.0812499,7.659903733364901,-4.666879768689931,1.9108653920301915,-37.32470282417637,17.26366452160338,2.1954103209457427
43.0912499,7.67300086141639,-4.5282014818245155,1.9115260990741034,-30.890331215108855,18.284507288269246,4.891239815431571
43.1012499,7.821144239143041,-4.465996924169732,1.8583156623909907,-24.84754804130447,19.062128664913235,6.892531951970347
43.1112499,7.855213266211507,-4.2975907318221696,1.766384074648028,-21.7035474718566,19.32594960400786,8.595901418242397
43.1212499,7.891508644365517,-4.088163686184165,1.7124564556402222,-19.98715902745295,19.895634288208722,10.149273194736008
43.1312499,8.013333487866309,-4.01816316735929,1.6931417883500801,-19.29130812675425,21.079172389467935,11.753471744701697
43.1412499,8.002296492028226,-3.904856520888384,1.6337916560870533,-21.487964495190965,21.3669281746232,13.600489051405283
43.1512499,8.014133925232239,-3.8576198958008936,1.6120816322559328,-25.42005630681109,21.86188649943594,15.622984925030883
43.1612499,8.072243465262758,-3.7571029549493957,1.6289176011698998,-31.286001664337988,22.701049165468344,17.142036575871856
43.1712499,8.178567478512003,-3.721082215593389,1.6532743549492848,-37.75810232671002,23.07930342375737,17.95746973215609
43.1812499,8.33905796474882,-3.936990386732605,1.6863375318597256,-43.66009190993833,23.312407978249297,18.62641033854523
43.1912499,8.300686855150149,-4.33300150740296,1.7195902885142884,-48.33485492628976,23.166451003465962,19.541712058372504
43.2012499,8.091211656658865,-4.721405994294218,1.7788895214791423,-51.21040545799367,23.02098237441808,20.108348432199083
43.2112499,7.9136589606674335,-5.064943633807943,1.827007435917064,-51.657424704242665,22.579567523824124,20.08829152111387
43.2212499,7.789572281651428,-5.47587893855619,1.8419611308820825,-49.46665660517725,21.727039779091616,19.677440259004378
43.2312499,7.618155212616362,-5.879943996477852,1.8172675336350181,-45.04489390103648,20.5826034996277,19.150823013391488
43.2412499,7.519542298073115,-6.120978471934705,1.8406984779888063,-39.00192416738069,19.13207645705874,18.216813064257693
43.2512499,7.519569050072178,-6.229751955810078,1.9219372485518067,-32.58726328080312,17.277053264012576,16.78821359573398
43.2612499,7.673660380027486,-6.423678822657873,1.9658495573573458,-24.433731822034193,16.189216190010256,15.737154818666696
43.2712499,7.763915236216916,-6.62200065410857,1.958118602433181,-15.49876995608155,14.904990842729022,15.449152861902478
43.2812499,7.691553785186635,-6.642178301808024,1.8730195028963343,-8.286669005055437,12.518586220287148,16.05103360711321
43.2912499,7.765295263320136,-6.650720078495978,1.7555645398168958,-1.8846118065414685,10.632310578435048,17.124738150163196
43.3012499,7.875245197863589,-6.734657234133366,1.65444860159923,3.719163143561853,8.277918492142174,19.02730038795459
43.3112499,7.947964626180753,-6.869755934678631,1.5577305955657803,7.7387152768860625,5.851949908551538,21.162970064940378
43.3212499,8.062186003401832,-6.918066437411073,1.528872201732276,10.493154930374502,4.1634030688890595,22.44673632099175
43.3312499,8.115946478561575,-6.948197872683095,1.5474052190108183,12.65130465780182,2.148199740700843,23.357912055783363
43.3412499,8.024867062128399,-7.129925612854186,1.4983287849138323,14.65455205905742,-0.07205853420034855,24.174313148223746
43.3512499,7.89110277332497,-7.243563152500753,1.3719944926387337,15.496284155654468,-1.8958326009889046,25.102512714951033
43.3612499,7.828055252684594,-7.281810300355345,1.209229633147075,14.875741206114345,-3.31692170349188,25.996836205960204
43.3712499,7.780414106780014,-7.332750618446369,1.0450772186564683,12.058897522206543,-4.65112079904598,26.408374649245264
43.3812499,7.752212611727908,-7.349178335888882,0.9802558896774339,6.607606560501433,-5.661951419008623,26.00178433389574
43.3912499,7.7804898075856,-7.366831773887885,0.9267828561553478,-0.5236406237242089,-5.838792219912378,24.377028490699338
43.4012499,7.749655615075139,-7.3984309473573155,0.7884918849491819,-7.9793481579273715,-5.890671171217147,21.67361402243352
43.4112499,7.646999760031089,-7.573464563068621,0.6610363327466955,-14.544499416236404,-6.260417872933973,18.386073980035338
43.4212499,7.550855544743501,-7.8414462814172134,0.5687394408674175,-19.69813220634251,-6.270845743943967,15.302706517116716
43.4312499,7.401048944414965,-7.982329509358444,0.4471578643791337,-23.79925361471361,-5.603482319041316,12.895299291307804
43.4412499,7.1374498931356465,-8.049690402511224,0.27905074638710237,-27.48808960930442,-4.72308113406502,11.09251088597509
43.4512499,6.80194681318821,-8.196571168731385,0.11159480230114871,-30.759393153255708,-3.443251961367583,9.91023871865278
43.4612499,6.458287147941833,-8.27642724218112,-0.0680916114443177,-33.96842857523806,-1.4885249127085411,9.286256624564588
43.4712499,6.13160005537513,-8.20448783114213,-0.28769195651222373,-37.38616052342133,0.8421276551204337,9.117489480156987
43.4812499,5.829150293700652,-8.075593110245162,-0.4961762243422793,-40.667368305381494,3.565427615855572,9.567893452321359
43.4912499,5.525768334172688,-7.9296415336222195,-0.6233901175747977,-44.01970551452995,7.033908996946394,10.807586973940614
43.5012499,5.175580445677211,-7.752904589036655,-0.7025623915162917,-47.72313256295345,11.423024059725345,12.823966087442052
43.5112499,4.74514658263353,-7.491637290301741,-0.8888591453556928,-52.49040935944597,17.281486004150256,16.50674519337217
43.5212499,4.285700420370083,-7.139061934098946,-1.1023177258471852,-58.131063683032494,23.446630184556895,21.3276660108379
43.5312499,3.8784355068353986,-6.6678394666481635,-1.2470036356257415,-64.62680208377712,29.85780559009397,26.253501116165484
43.5412499,3.4875962891316137,-6.158383133772226,-1.3648829613106972,-72.21887477370736,36.99046579632061,31.51484856203207
43.5512499,3.09117651196764,-5.726005081732081,-1.4862038964015245,-80.4507720851149,44.10813273100929,37.54181392722562
43.5612499,2.776754216292822,-5.381921362437661,-1.6018358271086643,-88.06067144351563,51.7125515488963,44.69896182255154
43.5712499,2.4457822083614262,-5.063064777808344,-1.7056676818654004,-94.69875583649065,59.934109493006986,52.9178089919949
43.5812499,2.03885391458783,-4.750397804678416,-1.7663683392847627,-100.57531117845997,68.57473531910122,62.3842116389731
43.5912499,1.5479528492727035,-4.568036824107112,-1.7134366252183322,-105.26236870982358,77.52039890599492,73.32772781998482
43.6012499,0.9571703026690416,-4.538567981394259,-1.554654181085155,-108.39368561288696,86.81049142935731,85.62810777500711
43.6112499,0.4928248822088145,-4.4696036146963625,-1.4301303045254403,-109.9048368329631,96.67191650802083,98.55919121934042
43.6212499,0.15582025228969593,-4.390649975259763,-1.3365074174927072,-109.37848921372503,106.36933425068867,111.70866143511107
43.6312499,-0.10086605755227007,-4.379192889534129,-1.1850057874851294,-106.85045516216134,115.68075101646821,125.26321167244222
43.6412499,-0.2564333542992487,-4.293382357341551,-0.9849582334512135,-102.38659397835255,124.41551841985472,138.9371537316639
43.6512499,-0.3819676710175702,-4.11386934851008,-0.7559316978629124,-96.42942151779064,132.28968362005298,152.54901969950717
43.6612499,-0.5085574028613269,-3.8494409040721043,-0.5556520749798373,-89.84091433693551,139.694258975891,166.25464133476208
43.6712499,-0.5652863360048983,-3.5674035791238845,-0.37344401938060445,-83.18890807936526,147.09388845486652,180.26342661693837
43.6812499,-0.5381691406143925,-3.3364348840833804,-0.1058859405804642,-76.95216150148299,154.37866215452243,195.14145564206933
43.6912499,-0.5527274103858381,-3.1962726312075755,0.35930240927662555,-71.27686007631551,161.90833646794187,210.78186706419172
43.7012499,-0.7651612831212663,-3.3763010276295224,1.0900309317839816,-65.7564952013825,169.3856586586367,226.0045962678812
43.7112499,-1.1447600547161088,-3.671700660631141,1.708485976206418,-59.13923461709717,175.08819715619043,239.88601471969102
43.7212499,-1.5116531771952708,-3.888453176628061,2.243283805578782,-50.268072385371745,178.04114367974816,254.0896192134276
43.7312499,-1.7482226118380746,-4.468308177525515,3.1297971547996677,-40.68497384348085,179.0213652499373,267.9953659441916
43.7412499,-1.940120246514434,-5.488646648577786,4.252536463916603,-29.613072401724526,179.30598468087527,281.20926069500047
43.7512499,-2.05757415761048,-6.465846121979584,5.350618053833888,-15.007784345457678,178.31601599596317,294.41669733309027
43.7612499,-2.0706683108235695,-7.364629650539724,6.516306501414101,2.141350311862478,175.50842469824917,306.1170547877151
43.7712499,-2.1492607959943917,-8.279397454880785,7.5815128066474955,20.272212384376544,171.5461148939734,315.84113926484747
43.7812499,-2.2802401731977926,-9.110869846269152,8.34712249512847,38.49541310596433,166.78266443634857,324.1152688094119
43.7912499,-2.3019933017593552,-10.240127044576374,9.327076537916955,56.884988999358335,161.69663936354297,331.1101483198561
43.8012499,-2.301532529839335,-11.81764693540722,10.894591538642041,74.48633635063572,156.63801778429357,336.56227730472517
43.8112499,-2.3706737144753904,-13.252692358483484,12.54295702792501,90.09149671235943,151.40441101255666,339.3598787661623
43.8212499,-2.3571100269440914,-14.64444878310421,14.048554359213938,104.63380172461477,145.27423239789107,338.94409832251296
43.8312499,-2.299617384403611,-16.334423320755413,15.879629586281267,116.70191079496891,136.5527548999934,335.1377919778944
43.8412499,-2.126898395076552,-17.60264032621915,17.866410042238737,123.90008251390766,122.98990935711267,325.13554518400014
43.8512499,-1.1684389984835635,-18.211749705192325,19.179679100789603,129.07442075257063,103.38057604526237,304.9105780468212
43.8612499,0.9151728899785633,-18.547884038036923,20.076422476849118,133.63191716101198,77.4290950583285,274.8967432025082
43.8712499,3.7886009627102557,-18.94031163050866,21.93198884434173,134.96989585972534,44.66837304843709,238.26345328804285
43.8812499,6.855674686778159,-20.13794147430347,24.48889480377699,133.84146498808855,6.192385321305486,198.4490273251879
43.8912499,9.2047020900772,-21.749867208807323,26.546387234237336,135.0727235553299,-38.16596567405435,157.17579276237979
43.9012499,10.294451924795506,-23.347160832556185,28.650481781030877,143.37211051249741,-92.58361226098224,113.30435078562742
43.9112499,11.114924551664652,-24.43842377108442,30.793684070035628,152.7993741789019,-155.171646482705,70.12390643027994
43.9212499,11.636020926335732,-23.957638246533012,33.25576620888924,147.68053637607866,-222.92152386608072,30.544619592439478
43.9312499,9.359109768705085,-24.730153140003697,36.756755836969646,123.66191377635404,-305.6172581898549,-15.169701030451497
43.9412499,4.363616111086561,-27.662128395939654,39.46323358655778,85.25643104243473,-388.9869186007197,-65.19360513588052
43.9512499,-0.519315115381874,-29.839602137763645,41.574598430087185,35.559653487983624,-457.11589451623837,-117.0780597175773
43.9612499,-6.25481651052041,-33.18394502599484,44.68475263435271,-13.031461490563562,-498.12733741068183,-189.3047742193546
43.9712499,-13.491795709859069,-39.15801235350988,46.81026173210068,-37.68376199424933,-501.13723292595085,-282.86718585080723
43.9812499,-19.931050441565212,-45.884308338846466,45.75185471582399,-22.20683872191686,-499.285869413412,-381.8336304893991
43.9912499,-25.07450836880004,-52.028247149086766,41.92694604935749,30.37272474809821,-500.2826912681256,-461.92581631315323
44.0012499,-31.485421408796025,-56.803087967747054,35.09512777784859,106.897099501438,-499.9068670579293,-499.9128127234993
44.0112499,-40.737492395508355,-55.69080972671893,23.196606121975005,176.10982421803084,-499.97483423205927,-496.69852400231287
44.0212499,-46.15671032285187,-44.338531031178626,9.737898279066872,200.263862425112,-500.4681848953909,-471.7440345820441
44.0312499,-45.74841495617718,-24.738364402308793,2.6330743608565896,178.6455342288583,-498.4533926492416,-457.2149339658253
44.0412499,-50.5159523581412,-5.27248687090867,-1.400180987369244,108.44252245219619,-502.94253776835467,-440.5478793778415
44.0512499,-53.32654563301587,1.1907927060703167,-11.419456929216805,39.16733117977175,-492.71875616590137,-374.90457657814744
44.0612499,-45.22642401390191,2.0280276584391843,-21.57832665391754,19.56211456984849,-403.8149090332648,-268.84180897595166
44.0712499,-37.324076940425506,12.171475738459819,-26.461982821168537,1.9709526828662343,-282.37066593749677,-178.80441397959163
44.0812499,-32.137006812592205,22.127964105309083,-25.809455871048314,-39.41645285633982,-177.70782304675225,-119.39575431377301
44.0912499,-26.934599960529066,19.956745006135435,-22.515260614450476,-67.63329504782887,-84.09528461130495,-47.9688750535917
44.1012499,-21.953574275137065,14.21605685119722,-19.177906813159147,-80.4680902587821,-2.260350954292874,41.57107397975349
44.1112499,-18.305244844589716,10.718834118232262,-13.669599876166357,-77.76065653180032,55.746791101864666,109.40343923269192
44.1212499,-15.418414227471228,5.248251163809998,-7.516266291509607,-55.52588964802079,85.53512647237554,146.16003704279672
44.1312499,-11.881140828790206,-1.8794666029892397,-2.556933626411366,-30.312390696343027,94.80834044231564,163.60085312315002
44.1412499,-7.114905231886691,-7.996107391743228,1.891213372452052,-12.594270379238864,87.99219911722545,158.9146571486255
44.1512499,-1.3990775547441063,-11.20419866782448,5.0591969781970185,-4.028508015374675,72.96034159023569,131.94166926464132
44.1612499,4.144862641579663,-12.011288289060401,6.719402504588881,-5.866913405119125,58.579038075987256,96.6088655946064
44.1712499,9.236546469244566,-12.355126707622636,8.06091501686922,-12.363282997999873,48.467993227933796,61.811219892180794
44.1812499,12.448883837754579,-12.43529534852592,8.377234298372692,-16.924424720004474,41.945013434792166,32.901615569126754
44.1912499,13.260516680096986,-12.11337378863632,7.492012200483545,-17.138570124050307,35.999644278427084,11.348235326551839
44.2012499,12.867752259621845,-11.333811636020268,6.458752013169206,-14.461080560306758,30.20419730982008,-4.799710622890549
44.2112499,12.385089950549121,-10.29288746146816,5.598323661678328,-12.35827352036681,25.741222670057443,-17.809703003600596
44.2212499,11.857941729883565,-9.421250169426141,4.936055601979108,-13.076304963239297,21.8120348384507,-27.792384240770932
44.2312499,11.121645148058702,-9.056727903382722,4.456483228641981,-15.072613262142006,16.941881553204645,-34.71665872588596
44.2412499,10.36137716911128,-8.845642036801053,4.214547849494679,-16.685225783364338,9.478181739700641,-39.4582463336449
44.2512499,9.738651064720916,-8.542757754126178,4.391409964178488,-19.00161264675396,-0.3946927208393659,-42.618901377509594
44.2612499,9.08074787161492,-8.601760714693395,4.904785132368098,-20.930734464047593,-12.067745176423426,-44.208835537071245
44.2712499,8.513485519465856,-8.981886775087842,5.194869565525385,-20.64149243089562,-25.210082983130828,-43.83648890189064
44.2812499,8.431190494246499,-8.95297600806991,4.970987305403254,-20.864457608638897,-38.39973705437874,-41.73373065364958
44.2912499,8.68727869315257,-8.28563145302428,4.590502900231119,-24.593404926495715,-49.98589797265106,-39.49357062019951
44.3012499,9.08716427284529,-7.1770807187036905,4.182382838870979,-33.31122727936426,-58.41754173370295,-38.79229739455556
44.3112499,9.693784012083862,-6.0478632497235125,3.8116923084358696,-47.36411305713283,-62.622360416154415,-39.714817803353796
44.3212499,10.253156989551789,-5.325022737682585,3.7446294420204755,-64.50631217108503,-63.17880346739361,-42.11157679557948
44.3312499,10.360550228945064,-4.982114661109674,3.7639845907231964,-82.20315262262565,-61.70426517569603,-45.734077566846075
44.3412499,9.986563278638236,-4.771091189985162,3.464261334974386,-98.48063587376673,-59.40493115488558,-49.803170061618
44.3512499,9.195374825737183,-4.763077926459406,3.0525200762721876,-113.08374538185616,-57.324197171240186,-54.260621401233955
44.3612499,8.285770943218827,-4.990435906243832,2.714280750210552,-123.66672890636758,-55.73754648048248,-58.690088580157
44.3712499,7.714382269822727,-4.9683087888802415,2.2090060647043006,-128.66422947972873,-54.02691629266373,-61.967769851475154
44.3812499,7.480510727982074,-4.651979643998122,1.611625119444196,-128.7124272758914,-51.692804811125356,-64.9729463260455
44.3912499,7.217212316318915,-4.290840143380018,1.3054040318742273,-126.05633175961066,-50.22301939886329,-68.03441568462358
44.4012499,7.21646569688383,-4.389897944190017,1.6151781145316977,-118.75088903123418,-46.98120781455605,-69.95867857310809
44.4112499,6.8612413060747155,-4.34525945454796,1.8999692306694584,-110.83814965385514,-45.68346567233659,-70.64625335160342
44.4212499,6.4700801252458,-3.7658804832444797,1.6271124800894767,-105.79643019287296,-44.631523853886584,-69.54720538128257
44.4312499,6.6783358134841295,-3.3791288421339956,1.2469914112245664,-99.49217134698377,-39.55208708742859,-66.80164407549518
44.4412499,6.591848471085425,-3.000286793035087,1.0947107496257416,-93.81923570997162,-34.69151585931067,-62.82538689998556
44.4512499,6.478195660626595,-2.7395651108959505,1.0312999779586867,-89.42304469491475,-29.82488095880277,-57.3879429323086
44.4612499,6.566701245867783,-2.618577383098796,0.7883425059187315,-84.31467674735565,-25.043884669094457,-51.234325733443406
44.4712499,6.7020755910831555,-2.5034331887244896,0.5468725880793635,-78.93980153873476,-21.005251741130873,-45.433332380053265
44.4812499,6.936499412331815,-2.5404627908929744,0.5233407831371967,-72.95371085883826,-15.778055541242717,-40.02091283577139
44.4912499,6.957468782622661,-2.8639443645911973,0.5414787800350165,-65.06341163511982,-9.965971611230746,-34.63938872022382
44.5012499,6.74117152435688,-3.109578304720184,0.418458888677042,-56.3359278772144,-5.115128766461111,-29.09779470429531
44.5112499,6.82479995620149,-3.1519878079073926,0.17965942749816144,-46.5444577900294,-0.5200083469920591,-23.666176286398354
44.5212499,7.1867399490685955,-3.1969977838158234,0.052231815714888524,-35.209068260493126,3.8445824811817646,-18.394228098003282
44.5312499,7.37473746740659,-3.188491620631215,0.05316149168637427,-24.516788163978706,6.299099188719248,-13.009672428015248
44.5412499,7.732074708798104,-3.2267036459542124,-0.03703063450010725,-14.30471146466313,9.294407545639514,-7.317581924894188
44.5512499,7.962236038918638,-3.0632892022136784,-0.23948158979068201,-6.2159932359815,11.069397761660516,-1.5022100690510123
44.5612499,8.115621157176857,-2.971351800064741,-0.4565552760533913,0.3938988712562354,10.14440289191895,4.3769669171967776
44.5712499,8.607579189783156,-3.009566121154718,-0.6436019745194036,4.923992516977308,8.433951751248093,9.37407211617143
44.5812499,9.317938303203874,-2.9077883542076655,-0.6719472576186266,6.419245853408686,7.0997853637990955,12.925781623966683
44.5912499,10.053758493923642,-2.923361473836834,-0.5377577145188335,6.333338879096658,6.394995038367807,15.133327321461703
44.6012499,10.603940845018226,-3.292553366978381,-0.3899694781797679,5.661090483661216,5.555967844376567,16.88970216428673
44.6112499,11.006610006288014,-3.6008687961984807,-0.267049682214402,3.6870606071203857,5.256608809814829,18.289241167841507
44.6212499,11.198652246228267,-3.7586786996741095,-0.15582521797220772,0.4758065457180931,4.752116982615254,18.377312523798757
44.6312499,11.166524633406167,-4.055738028735219,-0.014096496506220005,-3.011340804451054,3.332399105443081,17.188402594460406
44.6412499,11.047284646559437,-4.442583933894813,0.09023037729514531,-5.936964029460126,2.0510548429770568,15.503789232026321
44.6512499,10.812162082309106,-4.675638001089914,0.08988603508877815,-8.159555174484137,0.6561273366623167,13.317319869492605
44.6612499,10.583660680500913,-4.785267965625066,0.1598084317313959,-9.475958922709875,-1.0688168521123773,10.40584657179493
44.6712499,10.474577673288824,-5.020297919176198,0.443660035284682,-9.723029072862076,-2.6675859071749524,6.8771577727616995
44.6812499,10.313499538896236,-5.423316266039958,0.7744456713798344,-9.359389063664144,-3.7405833246573446,2.9251101122873764
44.6912499,10.03515550068234,-5.598950364301568,0.877071770053379,-8.851907213905653,-3.9870349795541835,-1.5622497798764035
44.7012499,9.795629979678354,-5.4921312201179635,0.7945044511889655,-7.532187095371163,-4.025596982875699,-7.034037985529199
44.7112499,9.673773355026237,-5.402281348908558,0.7870485334697499,-4.9593828468622725,-4.293706509482145,-12.928124619132026
44.7212499,9.4252241824093,-5.319916098044972,0.8246430547305651,-1.6441869593017695,-4.696419005170374,-18.516910444310255
44.7312499,8.972777589078026,-5.144440144249798,0.8257506797551015,2.118650047816005,-5.1622627882978795,-22.924966649226626
44.7412499,8.558724482276373,-4.865170385655617,0.7590441428813545,5.645837947303311,-5.549096924134869,-25.794957167807222
44.7512499,8.245191229127958,-4.516554611214345,0.5850766833586863,8.286486978610158,-6.034189389063167,-27.294684628999793
44.7612499,7.959666089064601,-4.109293186555858,0.30850789395617706,9.846254776326033,-6.675980667700876,-27.53517754719702
44.7712499,7.810345227449042,-3.5773895323984344,0.10168987169341366,9.463166334390081,-7.538498130882541,-26.8299088883552
44.7812499,7.951710135376923,-3.2800597047855495,0.14527593986598247,8.494620211752428,-7.021554902384255,-25.301176870387838
44.7912499,8.024164282755601,-3.264248500113055,0.19960165093585283,6.904775563639471,-4.977055432765374,-22.782212705074578
44.8012499,7.758661103120057,-3.027952332271435,0.1522458116973806,2.7180349636216605,-4.096770802775262,-19.779016648504292
44.8112499,7.905308711526931,-3.1529766602841343,0.1650770471559796,1.0710592598816395,-1.7622972114867779,-16.39918157168683
44.8212499,7.912103974577612,-3.323888794098659,0.1252628376663742,-0.6447192697020833,0.08674364969926021,-12.49463300553001
44.8312499,7.729193357789574,-3.4017948076950075,0.06586901791206151,-2.743735717982406,0.8315535208391922,-8.175761572794022
44.8412499,7.840005074018695,-3.6464549791728227,0.09026619836027032,-3.426546925638016,2.0711233142223526,-3.9229530994355457
44.8512499,7.907162687572311,-3.8343811636370204,0.16248999366361125,-4.078666299544123,2.773733105982987,0.10085091722405673
44.8612499,8.069951860134788,-4.133711118187097,0.2242643744248297,-3.2456039565781905,4.031380074745171,3.95470809667183
44.8712499,8.178689206575141,-4.40632030736427,0.30597117865639395,-1.3048697233564135,5.233533601812046,7.323164189270369
44.8812499,8.328156432707223,-4.687396766543922,0.47610954218801,2.1453157458950773,6.219936634666164,9.973390717077912
44.8912499,8.551714157071858,-4.842481211021422,0.5094758983333655,6.603816113430237,7.180898319414,12.019815161681095
44.9012499,8.630793475110195,-4.756493285790672,0.32967992285447406,10.215554474243499,7.648109023050068,13.303550706372327
44.9112499,8.670386653775669,-4.624863790385951,0.16652916216858626,11.758251879755134,7.575443696493432,13.715542788798308
44.9212499,8.820545696417584,-4.5294597377400025,0.0660097852098014,11.515449330709354,7.7451501395085725,13.239305879839677
44.9312499,8.9768391665767,-4.455380818597581,-0.044713607941091575,10.373317195570312,8.2141687274058,11.762288975042
44.9412499,9.084765903037791,-4.353860100114696,-0.07141534127433592,8.44752505286859,8.294596527508821,9.490916008847163
44.9512499,9.258098932297061,-4.334842864882057,0.022501475467523367,6.666185016048238,8.47016402294915,7.14887064202309
44.9612499,9.452201077424618,-4.391260307879024,0.19483759449429927,5.551520480284233,8.928490507515665,5.135639347872709
44.9712499,9.480864848088304,-4.410857515146685,0.37090724374823236,4.874791889456245,9.320357784014123,3.46276698644146
44.9812499,9.387788677712262,-4.408025008295944,0.3884212182911929,5.063143936663242,9.416322634888958,2.147334879880269
44.9912499,9.220654652146374,-4.376187949781014,0.3086951681732748,5.444755230027356,8.672049980975402,1.047429554847441
45.0012499,9.060692515504412,-4.383047253941983,0.34713548455852067,5.408562063613125,7.77400692882807,0.24146577705505884
45.0112499,8.975800137814465,-4.375173994550123,0.4196326911892027,4.830491478641626,7.038285888854576,-0.45590539734254737
45.0212499,8.950677791809891,-4.297008722433922,0.47783299921247024,3.5343739323273042,6.4972900714837305,-1.1275073863958813
45.0312499,8.903723564780439,-4.275374741959435,0.5666418671814638,2.146266574294445,6.310648004760948,-1.5186521259041366
45.0412499,8.745530525903769,-4.286917524553694,0.6009103183604456,0.7308222711604431,6.145785513387638,-1.178806910725387
45.0512499,8.60445909772861,-4.338399885853844,0.5700417686347352,-0.35816355145524953,6.187003079079374,-0.008781494116927979
45.0612499,8.48508854301459,-4.368829597344024,0.5425635609381477,-1.3049284030337702,6.061625781352383,1.4816847408647333
45.0712499,8.392068294338433,-4.431052504926105,0.5246251627621689,-1.870277423176797,5.946363806371309,3.487764891984462
45.0812499,8.31281676407761,-4.493784393457629,0.464062006584642,-2.1368319390799466,6.237552968390429,6.054464802010142
45.0912499,8.208459618114217,-4.436592389710567,0.3101798193763055,-2.9417623332646583,6.446520912420501,8.807319224021052
45.1012499,8.110933983447978,-4.35103123648791,0.13706528958644382,-4.4701618552017495,6.521121285691007,11.697606500126938
45.1112499,8.032555473328559,-4.37386654394645,0.022052412602757226,-5.953644211713173,6.75035211765683,14.53317343817146
45.1212499,7.896837417189526,-4.501220885274464,-0.06833069025521456,-8.099262873530387,7.1792296162527895,17.32592163930686
45.1312499,7.797988282837875,-4.69653147636412,-0.14313238274574575,-10.974787529158487,8.136189621591749,19.97726605567285
45.1412499,7.738545562346024,-4.877134267005325,-0.20087533700458768,-13.373560933506592,9.623311304446764,22.07808898355684
45.1512499,7.598552277841253,-5.0012532335750475,-0.31070922121827627,-16.00581326045861,11.143192390846192,24.00611397411242
45.1612499,7.436362408681996,-5.140462584040027,-0.4711922309674679,-19.22777400983012,12.834471048333752,25.99445620492927
45.1712499,7.33038690315321,-5.194534525449435,-0.5766857977028169,-23.26218749598783,15.11776918345015,27.604370339860257
45.1812499,7.2558362902394835,-5.200965606213936,-0.6664039917677593,-28.32864507179926,17.873760358745916,28.90994060617591
45.1912499,7.093656826471218,-5.370654171748601,-0.7893574759043799,-34.708003230661554,20.89917801672623,30.586619223603346
45.2012499,6.898265519020749,-5.63498265600116,-0.9301279900193546,-42.917818171524,24.96537651881917,32.94941238446056
45.2112499,6.70178252673735,-5.758272151596877,-1.0819336652743874,-50.760523875936464,29.187642341294794,35.2356147390354
45.2212499,6.36900444195659,-5.805051732115402,-1.2173517457131084,-57.67444430288695,32.74212771263219,37.6002022855487
45.2312499,5.955738490907214,-6.012714590915784,-1.2960471557794369,-63.16104134814822,36.43081882814747,40.610874450038324
45.2412499,5.536907241879049,-6.242239807840205,-1.2851443491164096,-67.285165041218,40.555000137892684,44.61383783491242
45.2512499,5.0829301708932375,-6.295774313697591,-1.3638092535086144,-70.18907679588402,44.60559904115467,49.46347994086493
45.2612499,4.604531237901477,-6.257597040602652,-1.5337243110488517,-72.14518102754923,48.52222722939025,55.144280295901154
45.2712499,4.150432520538764,-6.176654806809565,-1.5756330913389094,-75.03478239422869,52.67454336519235,62.052077543716216
45.2812499,3.75620431245922,-5.993413508831933,-1.5900307677665015,-79.4540241171263,57.58576376747437,69.70260427097128
45.2912499,3.4296665756350997,-5.74625351944695,-1.7182905210237644,-84.84646722224569,62.99018572725603,77.83994671916274
45.3012499,3.1899931638350965,-5.485138462756891,-1.8359667432421802,-91.14456935436903,68.31470423097437,86.594123518685
45.3112499,2.9606513051902565,-5.183184569331689,-1.8752641132303733,-98.11432673519877,73.97193564692157,95.86826818738116
45.3212499,2.6930121923923926,-4.84357548549521,-1.9348645424742323,-105.35286967316463,80.26210226263959,105.1677886575456
45.3312499,2.422007928744534,-4.503295214302662,-1.9993380242746608,-112.10283969412255,86.8032170288391,114.57008452077844
45.3412499,2.1481540789854052,-4.212273187333357,-1.9980282514667733,-117.91101076696482,93.72129653249044,124.87745260150297
45.3512499,1.9035704837100986,-4.012440187368092,-1.9218328672454081,-122.2566801526832,101.24115679860016,136.9288100449319
45.3612499,1.637702155965257,-3.7744360144307816,-1.7323727542647378,-125.28815250302785,109.242581963863,150.58860096624798
45.3712499,1.3697640859766307,-3.4006666945064703,-1.4643752857111736,-127.49073543213296,116.93792929028974,165.320208207568
45.3812499,1.062099929849166,-3.0117752728854557,-1.2214524572295309,-128.24405220505287,123.50566442439744,180.56836470955724
45.3912499,0.5886126483596428,-2.916701552638946,-0.8592370315241471,-127.45787345969747,128.5801957082306,195.85607826879212
45.4012499,0.08548119574959974,-3.3554151867879556,-0.21110662498532212,-125.63237188332695,133.07506825186175,212.4578223151812
45.4112499,-0.48227679771840526,-4.255436797099668,0.7194915124307273,-121.08621205355222,138.06784798046715,233.24184522740174
45.4212499,-1.0096375108077116,-5.175678968236137,1.7237988540134488,-112.99367075009646,141.94823690779847,252.5249245559536
45.4312499,-1.1300893785923516,-5.598183408678627,2.4554173141466906,-103.20149374901486,145.1409234085842,265.99691291461295
45.4412499,-1.1487454607409704,-5.772304618029075,2.7937182213003537,-91.74207484425239,147.74248294655223,276.2013564054475
45.4512499,-1.2435023963066218,-6.321389643890724,2.9992875104480956,-76.8615625568687,149.14690760462977,285.29520006833303
45.4612499,-1.2970387030823232,-7.107974458372747,3.169516552112469,-58.79403588416037,150.5679064062438,295.33393295464884
45.4712499,-1.3722870874062083,-7.770884155344244,3.3343351794619482,-39.073049399488,152.23705909815433,306.5106780160342
45.4812499,-1.4447947663267324,-8.591116334512645,3.849149499315613,-19.171501290820746,154.27499232503544,318.023502474181
45.4912499,-1.6077519764944923,-9.22192649067689,4.311996027160463,-1.3305917693406206,157.13068262603895,328.2594700183732
45.5012499,-1.9778841611321485,-9.44424745664526,4.270454550512484,14.788570407841986,159.51690932372807,334.6630766205349
45.5112499,-2.3022356454115998,-10.151779583027082,4.392937127182869,30.774258619616315,160.62677538927113,337.79313148731836
45.5212499,-2.6878816460894916,-11.437388592600783,4.861878502090628,47.240753869075206,161.02667543163923,338.94227907091323
45.5312499,-3.2394751646416657,-12.424012467076425,5.226531347192569,63.54608770061313,159.52191693798315,337.85197522210615
45.5412499,-3.425945087669638,-13.058325328945779,5.833623697917617,79.29276413485876,155.87889366489262,334.8935026917081
45.5512499,-3.1864761607119494,-13.952898478592637,7.164696366521869,92.82002965093369,151.98875772187407,331.4119373233589
45.5612499,-2.980970552594665,-15.144723760285425,8.76218263081202,104.20830435463618,148.9438906448612,328.2607451863469
45.5712499,-2.768085398567664,-16.652405416355613,10.337239043183018,116.56240569755855,145.4723008086826,325.20211955063394
45.5812499,-2.2844889900679117,-18.63562867224724,12.14997947004191,132.4298612907266,139.22147391728683,321.45299407858903
45.5912499,-1.42894391472297,-20.09970835298798,13.826956113281394,150.7532552270355,128.42118721953025,314.0345898883642
45.6012499,-0.3343032253636038,-20.670197782428225,15.088297576301477,168.54448980126782,112.85523997839427,300.3889402763704
45.6112499,0.6738375099438396,-20.52332117577465,16.648891603938736,178.65752543846335,90.83749467572669,280.40913303735573
45.6212499,1.4523170908474257,-19.887539875492596,18.731794678758437,172.66220476953336,55.41118660860827,250.57750628720305
45.6312499,1.9458894864013172,-19.78562742901968,20.72161029435634,155.68513202596415,13.353737053457243,217.6364517420434
45.6412499,2.438286322853147,-20.46161051712264,23.59115896559011,137.28023742760143,-31.15616207578219,186.22309450439565
45.6512499,3.836539579187123,-21.527961472319767,26.967204976871624,120.73357983552513,-82.69815151283018,152.22507581123978
45.6612499,6.2855215473929045,-22.364389977425056,28.928565816273043,102.9823269240747,-139.01006387049807,113.92732576044527
45.6712499,8.687307969581724,-22.947103815250472,31.512438747992306,82.44040043408135,-202.8489881108108,69.21509313554827
45.6812499,10.47084418677262,-24.045058522739886,36.93297888981291,59.72816892538463,-274.5179810693132,15.766692267453518
45.6912499,9.237950069064565,-26.979832518962166,43.031087115279085,41.52043518370168,-347.3801472702222,-51.032551742643925
45.7012499,4.164334935165045,-33.028399381069434,47.64855157654751,44.180088489665735,-421.33726543453844,-135.65979376688747
45.7112499,-2.7079597989880675,-40.41003177392941,50.678318678086455,76.2526186268176,-484.2542487208971,-233.94287577489973
45.7212499,-9.9825548950348,-46.5775963830768,51.445896549976624,132.69751704041113,-502.5925974057597,-338.02718271809516
45.7312499,-16.65470767796536,-50.71403218641226,50.26604504292259,197.64801570066038,-499.2716769400734,-435.33851571836027
45.7412499,-24.44288042685874,-52.18489797715574,45.592510388343,258.680212504902,-499.99512451542375,-494.1858514033667
45.7512499,-36.23089664940683,-50.737113781011175,36.818175390941306,286.3562237090325,-500.15747254330967,-503.8911237291361
45.7612499,-50.198063732464085,-47.544995670339574,26.20992578782722,262.49967510934965,-499.8032415616754,-477.48699269023746
45.7712499,-60.16900695209263,-39.39953832221548,12.297403073007537,207.9708756338817,-500.31817176132176,-429.66843034847903
45.7812499,-61.06239388858722,-21.18807276576096,1.2595448134515763,119.53115804460376,-499.71794931411597,-415.2122495288923
45.7912499,-59.76545008014887,-2.563800101957233,-5.532159256457673,2.622713758379094,-499.28061394461577,-407.3226866647895
45.8012499,-55.85758098875626,0.4469677018032602,-16.2606233182492,-89.68594757632518,-504.09465170183984,-340.2887906262448
45.8112499,-43.11175716324932,-1.3654974309595618,-23.810967970933913,-101.8122458567034,-470.00203544280356,-248.67353957099763
45.8212499,-31.026522209930352,7.765435377245809,-25.161552257014186,-88.2309242770968,-382.19087222597943,-186.4926029815099
45.8312499,-21.69129395567815,13.38126527895963,-23.75053062537076,-91.0258873707156,-276.1569714223343,-133.95765383729633
45.8412499,-14.004281916712696,10.952157082507277,-20.419924378507513,-89.90026806840686,-163.7265181970979,-73.60281662492754
45.8512499,-11.637684318109773,8.717960800285926,-17.09772633299103,-88.24057026193083,-82.8103765960597,-22.797225646056866
45.8612499,-11.192606916045845,5.889556948006505,-13.18752797861583,-81.1805995972488,-31.636638263421126,17.36327498254825
45.8712499,-9.602756456190406,1.9448987458056732,-7.785241751194196,-67.88880365198932,0.3402978672433862,47.06536853971182
45.8812499,-7.4175200867440445,-1.913391546959015,-1.55645812781137,-54.36734536157437,18.8532762699909,64.14169876509632
45.8912499,-5.0954431199676335,-5.716744667101184,3.399738015046089,-35.0213198016761,26.563888147042675,66.73681645621603
45.9012499,-2.161635032654437,-8.390853550459227,6.761298158174073,-9.975905230422816,24.042993696062982,57.562228984813956
45.9112499,1.3325851966433118,-9.548278785813487,8.441710465415525,13.374673853058031,15.722075380199534,43.96619788014907
45.9212499,4.9005691839644285,-9.886548516313994,7.789384809723401,32.50141430767618,8.015660152853084,30.164566021237825
45.9312499,7.625691340958735,-8.908871067865004,5.7133387323104285,41.94381493147455,2.902309155526118,15.77758634203625
45.9412499,8.869901316327397,-6.683450372424217,3.648998337301523,36.916893555648166,-1.8069305758805625,-0.1480639412249672
45.9512499,9.027813274288421,-5.003592113270488,2.3352694378661805,23.073733093931605,-6.4072832732236265,-16.233497103356317
45.9612499,8.979934554196879,-4.406876370832184,1.883482462379788,4.546430431910745,-8.940568437663407,-29.562500300492587
45.9712499,9.046276484417815,-4.350598260420636,2.1172054853337237,-16.36365853106912,-9.944965672387672,-39.2854159524968
45.9812499,9.367694702746645,-4.658155069129472,2.6805810191807606,-34.95021556865731,-9.733841356642456,-46.056149948359995
45.9912499,9.788983789771644,-5.181794398126998,3.3048189134689636,-48.63149826950485,-8.539666116693192,-50.35485828485463
46.0012499,9.802369248789132,-5.976455563860876,4.065346349721092,-55.094992609645715,-7.989918140667199,-52.20935365478148
46.0112499,9.45986183735185,-6.6609958280872394,4.564570555184877,-54.795697196444785,-8.47666402521081,-51.75764964322117
46.0212499,9.079261730557754,-6.9411551071858,4.39615504369112,-49.42224580987453,-10.649930098178991,-49.680298971851485
46.0312499,8.87653203108614,-6.999096151389999,4.114714304946349,-40.417761167927445,-14.29371818362837,-47.34356809319724
46.0412499,8.827681627997865,-6.815648643300201,4.070463761625547,-29.894362831588822,-18.796844454270463,-45.64437876794296
46.0512499,8.76477323608705,-6.322908157270305,3.870989712099608,-21.890345762418562,-22.261755726401773,-44.83969840390497
46.0612499,8.757047002123908,-5.523165185064651,3.51600149024015,-20.002439332501325,-22.93263883007176,-45.135088088085915
46.0712499,8.844492989232927,-4.757605332555366,3.381193200443821,-22.936811942945837,-22.72582106640648,-46.44064485950088
46.0812499,8.97415264561878,-4.21081989282804,3.328119969010432,-29.222870960878474,-22.526664615021197,-48.253587422509845
46.0912499,9.00418102013711,-3.744296895197767,3.1598467605427363,-37.69751091321957,-22.718383579361337,-50.378286257942605
46.1012499,8.896875515736278,-3.417474361979562,2.9539417454427266,-46.2038164772575,-23.85847756893002,-52.23199730927022
46.1112499,8.770184708088061,-3.1646001639617087,2.7694208424896725,-53.65179872837871,-25.640185085117956,-53.47013556389321
46.1212499,8.619855579885883,-3.000716041281695,2.4859784971047807,-60.03887505826173,-28.025385380464943,-53.60995115051776
46.1312499,8.442395977640183,-2.929938394465009,1.9730039441447849,-64.83954896742462,-31.136275225614902,-52.23257937396111
46.1412499,8.441006833066027,-2.684937504550292,1.4404904058423307,-70.2033873466725,-33.612760235207844,-49.8676935514815
46.1512499,8.722247357031616,-2.0305140243156834,1.0817330695908687,-77.75084026414243,-33.733206738575184,-47.64618113574474
46.1612499,8.934264648942177,-1.3341079506524842,1.0042523060666013,-86.9670391467993,-32.21643032762593,-45.96611989745003
46.1712499,8.890454294290992,-1.0553415930200953,1.1829605195324178,-96.93748870853037,-29.780854124583303,-44.29747872982137
46.1812499,8.813275622422102,-1.067912665727897,1.2443362640676041,-106.34626426729845,-25.248652754510612,-41.756729076178566
46.1912499,8.734091189649238,-1.1402962096856888,1.0246521668458255,-113.58688565134335,-19.874491080216494,-37.82852103522647
46.2012499,8.53217454659239,-1.2349420703479903,0.9679146055424213,-117.1238682706701,-15.458359685730398,-32.93474376592909
46.2112499,8.446881579811391,-1.665003804937045,1.1679192253627189,-114.79935867832809,-10.893298527207278,-26.526248691389167
46.2212499,8.447886364610657,-2.316519068158603,1.276894165711935,-105.74215629254707,-6.871229538921058,-18.525316268044076
46.2312499,8.316146626345091,-2.8896917354919536,1.4763197104479613,-89.57500803061399,-4.193703614485088,-9.09129335843958
46.2412499,8.246839183101986,-3.383728319266578,1.7210726922835262,-68.9498511362866,-2.0692529101077017,1.080829399723962
46.2512499,8.208598015616278,-3.6058370007986484,1.5029379317746239,-46.19027591654453,-1.312950080008843,10.5416808905516
46.2612499,8.323218295125159,-3.593115522243447,1.3059157714015424,-21.058533895154586,-1.3324293853472724,19.05716138747602
46.2712499,8.540789543162072,-3.2647497653220365,1.2900491160339533,-2.8815648465020534,-1.1488026107486038,23.80856251147592
46.2812499,8.739553558117189,-2.8296304678853503,1.2008603605514034,8.945431249975663,-0.46443536342158337,26.003696448812118
46.2912499,9.040978633760304,-2.739386139176295,1.2200297236171724,16.373004444777017,1.1386533239246892,27.57401083445656
46.3012499,9.32108354001048,-2.766177485975312,1.1063601677073411,18.884608119923932,3.447051486088549,28.839802481385732
46.3112499,9.393748423140453,-2.5734222381741616,0.7703793442531043,17.453070782794946,5.259379447981721,29.635122408245746
46.3212499,9.443959170729423,-2.3605250853925677,0.4629539876913284,13.3457342596497,5.608918033920988,29.363187253731567
46.3312499,9.655236544258441,-2.284450910754698,0.23875515022159546,7.748121584280107,5.279000468873735,27.82986985235682
46.3412499,9.891956985248315,-2.3170489553987723,0.1551167297032733,1.9059538743203015,4.645961587309235,25.30509480895831
46.3512499,10.127575349366024,-2.5056521664396287,0.32250653154168196,-3.224666390066964,3.6157566065949354,22.04296927509636
46.3612499,10.411156643162661,-2.9137816037044777,0.5190718692800467,-7.088132598589894,2.7306355103362723,19.032228183919838
46.3712499,10.564540498020266,-3.2816445508917202,0.5241317269322955,-10.192486580123042,1.7951267347703805,16.911476506283456
46.3812499,10.533699462740612,-3.4939403549948875,0.4589072704827411,-13.015542007487525,0.700981408889915,15.323801836950768
46.3912499,10.428846672443973,-3.613138982068879,0.40231661995273993,-15.391989840148124,-0.2063413257108899,13.828372310044267
46.4012499,10.34873029238723,-3.6853356735701794,0.44867174434684204,-17.25407987340404,-1.2197659806395436,11.875843226994027
46.4112499,10.233197325446051,-3.879270769976675,0.702636194753699,-18.664207128760083,-2.3430084547128107,9.247750959208094
46.4212499,10.076737237698643,-4.13074763075182,0.9077485571718088,-19.287555899023562,-2.2817699836099736,6.626775330928637
46.4312499,9.816440378440117,-4.309746152283907,1.0299174890599767,-18.85580864091484,-1.5977657091996846,3.9586027081662407
46.4412499,9.45586594903959,-4.505613598049009,1.2702701751614474,-18.01931356690886,-1.3478765696039752,1.1152681980206969
46.4512499,9.190693048758655,-4.666268825357759,1.4532987919700033,-16.536248776951695,-1.001755385301714,-1.7376885111697333
46.4612499,8.807271685337582,-4.703875301892352,1.4853096717899035,-13.739380858721375,-1.4790927369438296,-4.411336602808122
46.4712499,8.319411086529973,-4.726039934966577,1.5357024227351312,-10.213169204977893,-3.29339222355746,-6.664915187908433
46.4812499,7.909575865989259,-4.589184633884514,1.508629298063781,-8.172354518730502,-5.88433991257995,-8.140592502469037
46.4912499,7.5323739202416125,-4.068375627005046,1.2709824036381832,-9.722132571089976,-9.342593947289032,-9.395171814750938
46.5012499,7.357610866488143,-3.2551168288476666,0.8820133896985115,-17.085001097951857,-13.827240435350756,-10.95902693138182
46.5112499,8.05737432096698,-2.885270518363754,0.6165676035776221,-25.22478380573347,-13.818533843092009,-12.727982309227452
46.5212499,8.849512673924984,-3.016167159861828,0.6260447831396564,-30.625332166795765,-9.442343922246513,-13.41670833130737
46.5312499,8.690164761332474,-3.0849346008897345,0.6147948344394554,-35.63542645372872,-6.806350859598458,-12.222370542976932
46.5412499,8.776519053483167,-3.6049015369318904,0.574372754312781,-36.04058488098943,-3.92157037970405,-8.922986224428936
46.5512499,9.014575310705927,-4.219627100716675,0.698955957551106,-32.39134539949299,-1.805265975522043,-4.393318883211287
46.5612499,8.960180472265165,-4.389984372939675,0.8081929572236544,-26.723797189112947,-1.411614894897966,-0.49254220698029716
46.5712499,9.177065499053546,-4.646993574420988,0.8471211965727087,-15.709118326658666,-0.13647093142467923,2.112308225172481
46.5812499,9.265582973512995,-4.892591117326179,0.8163931325771892,-1.820790235049282,1.2640302287759926,3.7250654847734745
46.5912499,9.048566783666619,-4.836774608545235,0.5948847025781163,10.765243280431507,1.6869496530769024,5.102369054614807
46.6012499,8.950095476692983,-4.643336571620815,0.2914177299843685,21.07340210576355,1.5526867020509239,6.6973718435079155
46.6112499,8.950609034557912,-4.351850050931749,0.0769020281552215,26.957291234069395,1.2864245255605942,8.238866355872439
46.6212499,8.917277662931543,-3.989890749310312,-0.02492918845818739,27.35642402820324,0.9626497169681423,9.089449682340888
46.6312499,8.81012666233764,-3.6433491316129705,-0.11276246355437916,23.119042995518747,0.3544843149064693,9.436113929999472
46.6412499,8.801415807486695,-3.376745587193474,-0.15498315902708182,15.153882967142678,0.07713110405285697,9.177521220557116
46.6512499,8.967869279830241,-3.234736695138814,-0.05159637586936631,4.7679835895079785,0.8595507050406241,7.936977649155192
46.6612499,9.018506076133816,-3.119505360590172,0.09736133038559687,-6.707961402458687,1.6976037296284938,5.633172557834564
46.6712499,8.992141058347286,-3.2529786322063043,0.2600783894816561,-15.913941989578015,2.2529687625723134,2.727358236098083
46.6812499,8.993583815273011,-3.8394831169338306,0.5114564234599942,-20.587305507546056,3.458386205790536,0.5296835886686523
46.6912499,8.882447115457959,-4.389203366369055,0.7506644244843363,-20.254550041148885,4.561782845574832,0.01622944818185857
46.7012499,8.745227353129799,-4.630436210062236,0.8752899707889665,-15.691264815846381,4.7688536802778785,0.4622808344679936
46.7112499,8.638542569987427,-4.750012117634153,0.942798305609458,-9.00279383529235,4.653515910055592,0.8866311730810684
46.7212499,8.579173346174361,-4.767183942058353,0.9977341173373979,-1.9942559618839792,4.719366627681642,1.6704473083655018
46.7312499,8.660475520450486,-4.6096253533454075,1.020428362031868,3.728527648652515,5.084566238004701,2.324696113192349
46.7412499,8.870947212181205,-4.381489967566101,1.0797620589411425,7.545217113640645,5.639184996789223,2.3581465525010916
46.7512499,8.994532810478942,-4.1841314657061295,1.1682173345516171,9.275791078303385,6.3412202610586945,2.0584849912336205
46.7612499,8.962191640000546,-4.091324949618813,1.1322688683490545,9.768109815059837,7.039095657493012,1.7951764857825399
46.7712499,8.866433897499109,-4.087442826771888,0.9767363469135968,9.743872026059206,7.212980685993294,1.9375521015803656
46.7812499,8.729618626836853,-4.085253880806695,0.8175375409291558,8.912042409436351,6.495366791609379,2.213446157586209
46.7912499,8.773487559510947,-4.118425736300301,0.7465464748798284,8.14932886891204,6.153440861206368,2.3876134220617615
46.8012499,8.946057351998896,-4.182250988526488,0.8333960550210144,7.8846529333713535,6.3598902848403505,2.159712701236046
46.8112499,9.021108393597657,-4.307203626777917,1.0042118662368253,7.7103832279375055,6.278326037667407,1.6472591039021134
46.8212499,8.995129928656697,-4.491054905240748,1.0940056382832961,8.429765788600065,6.290132929675546,1.096277300962609
46.8312499,8.853652678329713,-4.660730638285318,1.0635625004521332,9.763398618432348,5.819789911500007,0.7006369114851313
46.8412499,8.712290278608497,-4.807518043193076,1.005574113369055,11.505112082778055,5.063457654534493,0.8029108334763515
46.8512499,8.562725113663753,-4.834355585472288,0.935886215977196,12.969883852794773,4.061371596573244,0.9858901931101361
46.8612499,8.451069117227549,-4.741457388689581,0.8327251178545294,13.412743118493756,2.7808498832199935,1.077753736542602
46.8712499,8.451528549165364,-4.623667949835864,0.7816076743853182,12.485249915859011,2.023005803569267,1.2175365069834694
46.8812499,8.488968269349513,-4.478350581725818,0.7900118950323275,9.836030701190321,1.409201576482393,1.2481328564054366
46.8912499,8.515598843443856,-4.3398330382768755,0.7269858548376404,5.282017127909039,0.6619650727996068,1.421088293030209
46.9012499,8.554631419336895,-4.2518772170731065,0.6194427002125282,-0.012348183749550438,0.4809411195826598,1.8319141208437595
46.9112499,8.549491841629173,-4.249885727556201,0.5533562377899275,-4.878690695343367,0.5123545346315808,2.3331558815917606
46.9212499,8.54633064972218,-4.38157450113654,0.5332058660597421,-8.992626032940365,0.614521343879037,2.9387254059208843
46.9312499,8.602545860834368,-4.455190506984055,0.5437588935214682,-12.594130587701114,1.373890789510848,3.582157545297779
46.9412499,8.675437861563617,-4.501007688246916,0.5534202080049462,-14.910248523682776,2.465845403287677,4.175164367537031
46.9512499,8.689195990617742,-4.5793247649522355,0.5789642629198406,-16.15212942913303,3.5481775389579067,4.707194447957376
46.9612499,8.668556904945097,-4.732268543108451,0.6210017491770294,-16.262386021613548,4.917508997688861,5.520193112038215
46.9712499,8.645034857850897,-4.898042827980582,0.6146095850510797,-15.204684935388354,6.5098704036354915,6.643666184234298
46.9812499,8.586506643108295,-4.938995843854779,0.526547237279169,-14.081456738544972,7.752998457281871,7.672061558462275
46.9912499,8.592728893941254,-4.959103454240993,0.437833075172654,-13.016860451473239,8.875137612953777,8.661771101116306
47.0012499,8.620852732629332,-4.965309682808913,0.4233303434509964,-12.509163550244006,10.237935054489366,9.3861452479137
47.0112499,8.569218986296745,-4.946303949974461,0.4376742025930287,-12.845670504155706,11.670312700224969,9.897074720279157
47.0212499,8.463967233318133,-4.9844840645644455,0.3854867397279818,-13.879750009148724,13.086367736844124,10.248767997824274
47.0312499,8.346148382832935,-5.032343196277322,0.27178480257409626,-15.56667952466972,14.493256551268232,10.672320948135264
47.0412499,8.24252310562654,-5.023310874547328,0.16542052971937662,-18.030898688947357,15.62425330933084,11.131497964488277
47.0512499,8.140916933512402,-5.015780670690042,0.108014671527049,-21.029313649855293,16.999248208646666,11.682051708807938
47.0612499,8.065268368486125,-5.061392453463277,0.07482545695982064,-23.785258103054993,18.65986920263474,12.913140668415194
47.0712499,7.947736100537894,-5.161605466367844,0.023730833078006826,-26.91820444748281,20.299721016160483,14.910396068389172
47.0812499,7.765035592927918,-5.265277367558469,-0.05567645706943421,-30.545759812323773,22.070258849677984,17.63743941442211
47.0912499,7.546890024723412,-5.322165502224342,-0.21641047036088598,-34.20769196744033,24.01211285612745,21.171335950792074
47.1012499,7.17498517874191,-5.286203208171586,-0.4766888877779936,-38.965966271989736,26.338161598784453,25.948015982237067
47.1112499,6.658824883754597,-5.134890083964437,-0.8021338434271476,-44.66208919543965,28.960566824019285,31.640652810754155
47.1212499,6.101706147657558,-4.990060874468982,-1.1165161735672846,-50.42415933513103,31.702954411308635,37.87888620335165
47.1312499,5.608504515351391,-4.898686673624507,-1.4080487656145517,-57.10611409911755,35.06618437021454,45.55314110811732
47.1412499,5.2272852459784085,-4.784357340528385,-1.6986344617362308,-64.43573264628479,39.081411278916725,54.261124641134586
47.1512499,4.864447336262295,-4.748105809809939,-1.8226289163958698,-72.68532040769925,43.40634344212255,63.3966330941439
47.1612499,4.576406790216202,-4.8059145649119195,-1.7882269940823083,-81.34693476329063,48.80486222957271,72.16475797815644
47.1712499,4.286970529361593,-4.836240211579126,-1.7510142630265364,-88.79803002684544,55.21722732622092,80.29181069796113
47.1812499,3.826911774478206,-4.9043305067731024,-1.6130481991031953,-94.67100880411337,61.61562784402118,88.07879266380446
47.1912499,3.3858419356707055,-5.233184976086827,-1.258109287757294,-98.0874516210913,68.24610870805577,95.99750513774245
47.2012499,3.0189156037000227,-5.652287949179959,-0.8600648253218965,-98.26948102154732,75.44712724569078,104.37126971697334
47.2112499,2.6152719719654263,-5.834853123580463,-0.6900626047604748,-96.1368105732167,82.2793933105698,113.2259045709547
47.2212499,2.270503947443535,-5.929882467366462,-0.7170095517906698,-92.03876871764123,88.51531808441081,122.56722114687477
47.2312499,2.062118702444818,-5.950237358074266,-0.7031270994984681,-87.90816362093553,94.74136707581289,131.90333156338644
47.2412499,1.9638965421297558,-5.735866731180005,-0.5725094166653528,-85.22451513777004,101.38663241771296,140.53741035648454
47.2512499,1.8984806090218473,-5.417766980457545,-0.44400796384408237,-83.17324309024886,108.36595422894626,148.079319668541
47.2612499,1.8862766023083695,-5.339352427459648,-0.11950646649005663,-80.99007334566744,115.65064331397431,155.13604938973887
47.2712499,1.9624035820521628,-5.542038178029097,0.41808620668593677,-77.98987137081377,123.4578372399862,161.9503916501136
47.2812499,1.8914168477215956,-5.705221610083712,0.8059771357848047,-73.13929513740597,130.75142901887452,168.61354927562255
47.2912499,1.677372049200204,-5.935348100879324,1.2620548792964779,-66.13619780583194,136.47970515854053,175.13449946554456
47.3012499,1.4990406775443308,-6.3290227193667565,1.7562622480114807,-56.99540064090799,141.09381319498186,181.02101145646625
47.3112499,1.2677175348668706,-6.467263792717192,2.012136692531224,-44.61287366333966,144.73732935028534,187.4064146931331
47.3212499,1.1841078973901025,-6.352390959045798,2.274832300506253,-31.989496872282512,147.58875938997957,193.5357913441648
47.3312499,1.362528316511195,-6.191087441398987,2.5357488007826507,-22.42690637469542,150.3361046647975,198.6337675349969
47.3412499,1.483615306335609,-5.932432545487583,2.8315943739368405,-14.913580820113744,152.8648373146581,203.6556069982342
47.3512499,1.5336463352699914,-5.852616173815095,3.4011605738723345,-10.01608801321342,155.26782201815737,208.57142810404497
47.3612499,1.5816390245489047,-5.956330667018035,3.917474514769487,-6.997660750386805,158.4039460980516,213.9989334311589
47.3712499,1.5424944498972841,-5.9290566821349175,4.0882213215829495,-5.018262717282374,161.5263435407249,219.90847174079815
47.3812499,1.4956485047271104,-5.876610935155275,4.28257532038071,-5.042908286533677,164.2508992939913,225.82030083906508
47.3912499,1.4933634869466583,-5.635079931111523,4.376045781407653,-8.148262117373926,166.5801638821174,231.63195898087912
47.4012499,1.5051421453004499,-4.915010078061331,4.225967026702666,-16.509455777956422,168.1561389876126,237.1833532530145
47.4112499,1.4633371725371143,-4.559773992846454,4.6419423305902585,-31.279439084712795,168.871670554667,243.3125021962569
47.4212499,1.39043807507913,-5.018319615517943,5.371761358093108,-49.35693058624207,170.16666147465278,251.3300457006718
47.4312499,1.182526930977845,-5.508210465233576,5.730623814148112,-67.13432558798652,171.42384579837514,260.94935722061996
47.4412499,0.659348420950204,-6.724342407955296,6.721784955924262,-79.73118920163044,170.3279673867331,271.1243917918091
47.4512499,0.20206690944938654,-8.969229339021666,7.891058856600333,-80.06872857651268,167.34885700069563,281.5268490918175
47.4612499,-0.08643055494798081,-10.816506528925034,8.239246898277033,-67.0983784985324,162.05739357868455,290.79968941375563
47.4712499,-0.3803937385926462,-12.22278244250146,8.451475798782843,-42.09288437655564,153.7409957643135,297.3285255663399
47.4812499,-0.6936703190490882,-13.380478558400293,9.010584763846595,-10.925433620429448,142.66597938192842,300.7023155536327
47.4912499,-0.8957674857504325,-13.951756861481185,9.943247272607506,15.862114527847345,129.7739847437633,299.6700198942602
47.5012499,-0.8053344827747048,-13.403569525102835,10.361695836969462,31.12857391002017,116.94296594133041,293.0299516517609
47.5112499,-0.709281073804916,-12.996591969863323,10.978536634934276,33.73150878740739,101.09935931076863,281.7345469169953
47.5212499,-0.5344808068786869,-15.037944081813494,12.854778554802431,33.65661884184623,78.7668864049538,265.71594703936165
47.5312499,-0.36816917953693273,-17.32667155868836,14.262088770083432,40.79905875266393,53.98053709063292,247.08431636690156
47.5412499,-0.44631605667209023,-18.972257889789066,15.388490698139082,56.073612786737904,27.12713728896296,226.52907747349022
47.5512499,-0.5337205453573378,-21.475473200109587,16.90225734517035,82.70393505243925,-3.06767672241317,203.10243281058447
47.5612499,-0.3737463163453524,-23.642256691304542,18.12426571239967,120.81033778321215,-34.43463075528501,177.68319480261465
47.5712499,0.01085740691098036,-24.9402632455681,19.391617308846808,161.88100086358972,-68.19065835158625,150.73063422362242
47.5812499,0.6709502609317082,-25.60553375589611,21.289129569561233,196.4826840035231,-107.72334701905044,121.00045508270537
47.5912499,1.7662679674490187,-25.49842424741026,23.91089138867594,215.17445023668913,-151.43377552678294,85.50491835335067
47.6012499,2.5773243803347476,-25.95379687478644,26.773283488103793,219.95587520763885,-198.34759671756655,40.344603368055516
47.6112499,2.9295251412515646,-26.81751803800442,30.480048446304597,217.60669150590994,-246.77095705071397,-15.492621245501956
47.6212499,3.0388936376258022,-27.792791444646006,35.9411910341852,206.5925874573634,-293.7914242514942,-80.58347662894599
47.6312499,1.1519353465202349,-32.182046624617236,42.006758095192744,207.28140528390858,-340.0486526226068,-158.69043538257918
47.6412499,-4.80704839677845,-38.53095676356835,45.715370551908066,243.7815624136464,-396.1774941725889,-247.683596018968
47.6512499,-13.200436896916646,-41.85601203216056,45.39641321354753,296.66331245286295,-466.7995812250975,-326.82733285364196
47.6612499,-20.714586262186984,-41.26142101260212,41.32729628215892,326.38573411864365,-502.370862182878,-374.76108168293786
47.6712499,-26.910260384090375,-38.03813678471518,36.98052361053787,315.84818023722556,-499.9047709419362,-388.6733342387595
47.6812499,-31.094472510825646,-32.92222185682001,33.652485690532764,265.11382201014726,-499.5868589608769,-386.9066375673323
47.6912499,-34.72473022887398,-28.29688054619277,28.462945425874082,185.4829118933245,-500.1726884347884,-384.50256575804696
47.7012499,-39.63865964563809,-26.677512555167755,18.571419256375552,90.83519758235423,-500.1233396052791,-372.2747448894627
47.7112499,-40.98974368716387,-23.462454575761004,5.950571691416936,-1.1251875318124245,-499.990322458428,-363.254493443697
47.7212499,-38.08604221658831,-15.211131185700527,-1.0723302751597794,-64.54464117364587,-498.8475907601127,-376.48641508596097
47.7312499,-36.971809399907585,-8.885733898778197,-9.06805524762242,-104.26663418087205,-504.16565034151904,-349.1274963272771
47.7412499,-33.83005797756614,-7.516721317325804,-19.481820147017306,-104.77742166311324,-475.3610583651146,-259.507714810919
47.7512499,-27.157499620499607,0.12830723522724236,-23.253149225702042,-76.17507542131125,-377.4751137614921,-180.42366002404455
47.7612499,-22.764990351057826,11.379422299457037,-23.6808617851462,-66.42723624167208,-267.5800677335283,-139.12914623289046
47.7712499,-20.515008679468266,12.490222587054998,-21.02656125130835,-65.2913543900851,-168.25015221996415,-99.39113094949269
47.7812499,-18.940967900376698,7.225791899803933,-16.51667701835459,-65.82707919570294,-75.49792306846109,-40.431346453889645
47.7912499,-19.02271815931103,5.305040266629145,-12.019591251801968,-74.95485599209972,-1.1615064273945053,4.013815157863585
47.8012499,-19.455955705332652,3.304930573747858,-6.264176851057692,-73.90455051916855,42.759193409244006,19.14806607743088
47.8112499,-17.877064526926475,-2.6216038642260515,-0.09621277089402744,-53.98571708353343,60.971401274584125,26.990400238457678
47.8212499,-14.304504547080313,-7.7110298967878546,3.0037829172304367,-21.429962476483762,65.62159744755431,36.67448128401539
47.8312499,-9.076183666717107,-7.826034287658117,3.2646395303415487,7.501185893251322,63.82186654304218,43.999053718088255
47.8412499,-3.0068090742730496,-5.168987521932567,3.8587034889512646,18.20691930295644,58.36048641659727,47.99085214950988
47.8512499,2.5588297399111015,-3.074757538906816,4.516042881701436,11.046359488469497,50.81837893275471,51.780317653909904
47.8612499,7.267951020030679,-2.0138821761321974,3.949023103225105,-6.7695474704472005,41.3431252559477,56.249127407299596
47.8712499,11.600883300126311,-1.5394525410987006,3.6599769587779662,-31.521993292000143,31.5206707083947,58.186108161367954
47.8812499,14.350341979838419,-2.0071861645081652,4.582409997461001,-58.587931106187035,21.55552479358389,55.195025942551425
47.8912499,14.612603825222894,-3.8688090634145924,5.39488711927701,-78.5904835759892,12.112063174416772,49.44635426414286
47.9012499,13.681805224046922,-6.470628926691216,5.809130997913789,-85.79032537894028,2.8898485338454987,42.36197310648827
47.9112499,12.674489683242154,-8.63138775335339,6.435623581368592,-83.58160497965916,-7.301848273072679,33.25963569784435
47.9212499,11.805403073254718,-9.795290825614945,6.965042358087458,-76.82250993211709,-16.118864070528247,22.393287616319196
47.9312499,10.989427041615194,-10.231497303959593,7.112987024598371,-68.3613942209671,-22.918433887512634,11.049802760098101
47.9412499,10.322121866154552,-10.486246417002741,6.8311845171833925,-56.65494023366594,-29.572849614266097,-0.4539497489726476
47.9512499,10.151233953363567,-10.216920700252357,6.3643475402413054,-44.478087219351416,-35.0363229152386,-9.58899592097231
47.9612499,10.564973608709364,-9.637097110922038,6.100411842192017,-33.6501965848402,-37.620391332937935,-15.209545231876405
47.9712499,10.831970943558707,-9.0156678757193,5.775331255658034,-22.885445847581504,-41.20171025991122,-19.97644626479007
47.9812499,10.683056124803315,-8.140834404595683,5.107223510141222,-14.41270364074689,-46.67169630316384,-24.103279851630415
47.9912499,10.423328443880214,-7.1258870445086995,4.216607804127927,-8.951980633461307,-52.3468314591233,-27.363308323725267
48.0012499,10.109893607745848,-6.171528999126276,3.4072348010475735,-6.937821847776323,-58.2144604177932,-30.17633694522274
48.0112499,9.770203716593008,-5.416824473019479,2.5453423112363507,-8.901113995763362,-63.93696164345977,-32.66667223724319
48.0212499,9.551975853062979,-4.886312854707888,1.7004098842106266,-14.771108496942938,-68.54381898702063,-34.83754515796231
48.0312499,9.444601277179295,-4.4516820759103055,1.4314369243804148,-24.465195096669063,-71.30770032171515,-37.60012085145045
48.0412499,9.368180689687428,-4.029535150062607,1.5673024457415514,-38.249143716635736,-71.43229186366824,-41.748895292523976
48.0512499,9.214480095820422,-3.7508178499895695,1.4981115071679687,-54.77664140415047,-69.13857289588582,-47.2271433457856
48.0612499,9.088213566176407,-3.6510192625027904,1.239560408136488,-71.36798965243347,-65.0835336257764,-52.71594156363617
48.0712499,9.048137618498222,-3.5822296057070804,1.0784840762836994,-86.8876270333413,-60.347858865208046,-57.37325806665927
48.0812499,8.94061555000716,-3.442128664348251,0.9952891285071375,-101.03079172514008,-55.86529458538083,-60.90753103760814
48.0912499,8.742127757298311,-3.657113813552909,1.0578070037067866,-109.26405158565645,-51.49755677534941,-62.58264869981391
48.1012499,8.443073423323492,-4.33468156586631,1.3113143299584102,-109.23383167492115,-47.381167472643035,-61.958866550009
48.1112499,7.994069097835652,-4.857946864462844,1.4952944165976205,-102.48816086457144,-44.32436664771529,-59.04022318595548
48.1212499,7.612281338413879,-5.083563253814309,1.5309814157698323,-89.66156688250247,-42.092607194909064,-54.35146698260504
48.1312499,7.395435126309066,-5.150523181883222,1.65689284855532,-73.14432801736852,-39.84972559854036,-48.74787516864693
48.1412499,7.248490681983956,-5.006215454988459,1.7308048899163695,-55.918221878761074,-37.37379749103415,-42.707570751120535
48.1512499,7.151889727992746,-4.436802400830467,1.4916662970311405,-38.97746415970498,-34.37774681454681,-36.13821424039166
48.1612499,7.16478766107322,-3.635181491698794,1.277508729019851,-26.442972583976058,-30.76860633721392,-30.464264089851962
48.1712499,7.127736708811481,-3.06531421585431,1.192005607993505,-20.39827697239181,-26.983185565624897,-26.958614587321385
48.1812499,6.934049079259852,-2.7416345844440255,0.8610815155795786,-16.449913875561464,-23.174031570015696,-23.80945826129552
48.1912499,6.802837690978508,-2.6777267485007203,0.4791717578564459,-13.270692476827813,-19.847617108271287,-20.22863614713986
48.2012499,6.879289508109537,-2.709517988471739,0.3356506464532264,-11.818593403891105,-16.89041270365836,-16.59334973572487
48.2112499,7.053364542715184,-2.5388709260875504,0.14829565635877992,-12.04232680358842,-14.235113603940777,-13.305015810010993
48.2212499,7.241205926996597,-2.26794998079516,-0.16105162049356736,-13.200022007060479,-12.461899209839217,-10.720974654855745
48.2312499,7.46173513217368,-2.142526005372648,-0.26654175423021,-15.771767329081403,-11.012232833863305,-8.379794278613037
48.2412499,7.7712970172827704,-2.1064909371451126,-0.2660176906533547,-19.92862429569184,-8.931759020218102,-6.10880845065882
48.2512499,8.164637806236822,-2.035488122178934,-0.35889794846976325,-24.490603465851425,-6.633161993273701,-4.5551282087863925
48.2612499,8.536721893524641,-2.0356851553691224,-0.3903644710877018,-28.310887156028706,-4.415996280224043,-3.473435326043495
48.2712499,8.795444682043401,-2.1366292606376396,-0.33779221872776644,-31.481471445757002,-1.8483058102603955,-2.290065969922034
48.2812499,8.88590305181278,-2.302373570067268,-0.29862072226140945,-33.57184766306274,0.4723715832842323,-1.026375813540936
48.2912499,8.921091944985994,-2.6448832298262346,-0.23142450611257295,-34.13842024404356,2.2809377648515348,0.23857272124832843
48.3012499,9.0693438847049,-2.9622133007763622,-0.21791153033320568,-33.17373936578617,3.779484742469638,1.2135804591449824
48.3112499,9.282375809595928,-3.1432890631300063,-0.26257356416326216,-30.807663798098012,4.77685139031808,1.8992490164685434
48.3212499,9.510211194736973,-3.373865444183717,-0.14632361180845527,-27.041495285554994,5.87033321326536,2.5068380876072935
48.3312499,9.704819306962564,-3.701624996524273,0.18120260743848082,-22.201292932781662,7.821659160462326,2.8756134256111308
48.3412499,9.757840284024253,-3.984065415770546,0.4860504114391998,-16.475282896603463,9.875586257931646,2.97403310492548
48.3512499,9.722862541744208,-4.104581747029852,0.5318715509785997,-10.111908305468816,11.282873944576915,2.9659426366949266
48.3612499,9.629791955334877,-4.175725066942107,0.41150409862724996,-3.366125271362097,11.678804844325066,2.966682915949987
48.3712499,9.227319408588814,-3.9172823766030915,0.4331306711988755,-0.7158294699599983,9.924512263726248,2.7346176857419184
48.3812499,9.095062955973807,-3.5574337385251433,0.440893104368067,-2.3144837523169173,8.872232170074303,1.598744931278814
48.3912499,9.22908308607756,-3.561817326668288,0.26589585679318267,-4.018207493378117,8.568074620751288,0.10164428747409224
48.4012499,8.771942662195531,-3.4133207058708597,0.31139074728569427,-9.060965346497095,5.7128269846324775,-0.930229447079029
48.4112499,8.76027698835628,-3.6541999201673767,0.38355369689936836,-11.84194282782017,5.101954524698724,-1.6385969757575056
48.4212499,8.860278568383208,-3.8820794310603,0.39951301889487784,-12.599456625616458,4.747180764317646,-1.9354166089043572
48.4312499,8.824680861625248,-3.9611544784684485,0.49100419103959014,-12.792096432131322,3.934101294758044,-1.7399262222473204
48.4412499,8.848879386207184,-4.079021941195069,0.6541041692502371,-11.813764320775705,3.999052318110507,-1.3834314752165537
48.4512499,8.963902554539489,-4.058255610937021,0.7723368634588583,-10.37363032679556,4.953577636719037,-0.9050247328966826
48.4612499,9.096585795809034,-4.024028185165068,0.777976578525105,-7.965919567118602,5.325825915578802,-0.6697787319635203
48.4712499,9.032482469665016,-3.9291916082635256,0.6984539185541959,-5.869173495965514,5.322678740609288,-0.6509093589461327
48.4812499,9.1651669390975,-3.831021115721354,0.713656019137069,-4.569174863835068,8.273181974136001,-0.371843618607528
48.4912499,9.184868410779945,-3.9600655579083783,0.7215223820637253,-1.9143795402051478,9.587949523744733,0.5711787227316928
48.5012499,8.861845400207729,-3.8715255874764707,0.5569067678989365,-1.5775413883571687,7.910135702094596,1.541556667423151
48.5112499,8.974883689415728,-3.8861055552866075,0.5166860344647736,-1.2543821310530228,8.914936651126126,2.193200316349265
48.5212499,9.072025099852944,-3.9664043356089667,0.5925425381619388,-0.537954766592993,9.918364935892447,2.616055496880708
48.5312499,8.832970917491986,-3.8289090972610755,0.5075569998928313,-2.010508312941341,8.726349151602848,3.1120355919448506
48.5412499,8.84401561484783,-3.8361916269937604,0.4015105264524148,-3.1240854138652967,8.59245449742866,3.5409909819379797
48.5512499,8.950237838268654,-3.8669909384420085,0.3561670289115489,-3.7465779793768212,8.742224710467674,3.7317425523947785
48.5612499,8.887797929890905,-3.8574429400508574,0.26680572238723416,-4.865547658506568,8.184306081545028,4.045215416693885
48.5712499,8.799342660525392,-3.9363305846243977,0.2758332437286815,-5.982359225007485,7.681266953451441,4.400637500196642
48.5812499,8.878520398695557,-4.138747678603234,0.4504998886430049,-6.11408760703337,7.816091051672302,4.651340100492382
48.5912499,8.936943195503758,-4.326145516728798,0.5668536485547173,-4.927347592980858,7.957727629788798,4.898674798076145
48.6012499,8.882329903084827,-4.501237342252023,0.7046140446570576,-2.974146692696822,7.899822120600249,5.345518329445907
48.6112499,8.9201842642084,-4.652434664044939,0.9067461212020592,-0.59877424633232,8.198580611512437,5.923602808496703
48.6212499,8.930469234802217,-4.614013396053917,0.9476255066466232,1.1963610982192323,8.566213561614857,6.603507924670156
48.6312499,8.85276599319901,-4.5293763654528805,0.8962834449993999,2.27646815806324,8.79355574947765,7.270117365061435
48.6412499,8.79220307916191,-4.440530460027317,0.8358027872982712,2.007081319271401,8.192684866936329,7.621837466870091
48.6512499,8.801045605895434,-4.306079562260482,0.782469673765954,0.4968352772896925,7.12480454636791,7.753501609961984
48.6612499,8.813283129985326,-4.139910820436234,0.7274275603551852,-1.9688947405221973,6.253227657681928,7.4913472041847955
48.6712499,8.809066455588365,-4.056164136415998,0.7300898195812876,-5.316194129248476,5.346283752809485,6.936384090043896
48.6812499,8.83739970243492,-4.079707347278008,0.799225076792296,-9.21511371439886,5.007588749052663,5.959686930021527
48.6912499,8.831999555718996,-4.101336784655607,0.7767750884158424,-12.71637151064164,5.030680088118618,4.790113680564428
48.7012499,8.794761865910083,-4.140793126157166,0.7113434539733874,-15.04984960706399,4.66435177981363,3.4429767549765
48.7112499,8.832311893079575,-4.233992971709894,0.7392971719933203,-16.189222982791417,4.227068829968667,2.2685035069366095
48.7212499,8.908520548026496,-4.398180480001336,0.8963175558014095,-15.55759690726513,4.2087792515553515,1.4846605632658652
48.7312499,8.962561059072838,-4.549171432814572,1.042163807651983,-13.113326016570452,4.722126768205154,0.791162958829751
48.7412499,9.034399092423893,-4.675456841467935,1.089652093824231,-9.007215794487644,5.390850067861435,0.5229080287129474
48.7512499,9.09689391524312,-4.725182312325277,1.0965234922134863,-4.203685031223203,5.852263901167548,0.8429994908139541
48.7612499,9.062080657782758,-4.652854478687096,1.022241105032351,0.38875748562772844,6.336865221242117,1.5524564624593038
48.7712499,8.90688425108044,-4.47719490017405,0.9376067839545803,3.239161329099647,6.404387936381184,2.2188310044857507
48.7812499,8.761580819236725,-4.292650910221353,0.8498326514270996,4.1880113361375555,6.331412113705646,2.312377724318698
48.7912499,8.678416207568231,-4.195849202735178,0.6904107464440027,4.535735746771027,5.896397582943818,2.160497141995688
48.8012499,8.658188692254383,-4.1753233372914424,0.6060750853343004,4.146467902676027,4.864003285851588,2.4707605466897626
48.8112499,8.69576212887516,-4.163193553186167,0.6497341165605283,2.806264655636987,4.189133243120021,2.833293834786256
48.8212499,8.795195136340332,-4.056493518570323,0.6846168742461859,1.0433057447689758,4.076822127464876,2.613264457277852
48.8312499,8.946790455878668,-4.034211956798151,0.720622612589843,-0.4099367203993094,3.8547674051038436,2.3814467508659924
48.8412499,8.993807718302401,-4.152027231283582,0.7885719998321408,-1.0113928700026893,3.7106733011899777,2.835790995687416
48.8512499,8.902340244324716,-4.224478712782992,0.8220399343987448,-1.1122589172218815,3.535782615664525,3.820613616697791
48.8612499,8.852250500012705,-4.268692413641323,0.7861302008517013,-0.6228595387407306,3.2557009399051515,5.086140396637105
48.8712499,8.82757370834427,-4.326338905864102,0.702872802934504,0.3870818352081521,2.890733276846867,6.399004355208404
48.8812499,8.799578799701681,-4.31820924595061,0.6138162585562552,0.9208748628099145,2.1934453482014433,7.642541042422478
48.8912499,8.858081252614463,-4.242834176953942,0.5916214298954064,0.7436018640051444,1.4470925148923752,8.590453560256222
48.9012499,8.895629384342824,-4.224811539207568,0.58082207367856,0.04198945870788256,0.9005601768776634,9.337179701699933
48.9112499,8.792476871923133,-4.285003659365683,0.4797155583475531,-1.477394237344735,0.3894079345522273,10.36914306279111
48.9212499,8.634379294090227,-4.357444940573318,0.38272496724600485,-3.7882519673124664,-0.19021420283297655,11.469124916051427
48.9312499,8.527391304719552,-4.490562780061048,0.31545386056567937,-6.54577931982279,-0.6498822240921954,12.618281312526381
48.9412499,8.421954654584487,-4.6481481314412285,0.2057979812531229,-9.476578357189894,-1.008061587473236,13.86756206410628
48.9512499,8.244493591467995,-4.737268459384868,0.10370341031261449,-13.083148724140983,-1.2327249213054163,15.37538327995271
48.9612499,8.04365168576428,-4.8514941177193105,0.030937576291637157,-17.380311810579233,-1.196012837460317,16.640822657047092
48.9712499,7.870612430095008,-5.012675081412354,-0.08198023833072009,-21.96665033851117,-0.959800273498644,17.789407592289027
48.9812499,7.722913345959201,-5.155283513953013,-0.25843570683954387,-26.22868204210083,-0.3591768554248237,19.31092730405666
48.9912499,7.540884886640363,-5.296199549721765,-0.47517279850824673,-30.771174072818045,0.7129396240597825,21.164135938425733
49.0012499,7.329026403955005,-5.369335456018818,-0.7064483199201887,-36.26766370676323,2.265855127189992,23.31572798902646
49.0112499,7.189733644980631,-5.434392907184552,-0.9010884138044246,-41.98465963804093,4.489128911964307,25.34341632540212
49.0212499,6.996413455948045,-5.477256887859695,-1.0865012381430286,-48.7287546432668,7.498663472990849,27.49138145603718
49.0312499,6.650936460996427,-5.380918154244539,-1.3407649830675972,-57.31088095282458,10.652431299566686,29.75832191770903
49.0412499,6.356913845477314,-5.345949907248685,-1.6297164144813188,-66.0421790073181,14.423228316578655,32.22044708918772
49.0512499,6.10199006964146,-5.387293905592704,-1.8715941593696663,-74.21747576748824,19.086464330712637,35.282487913785445
49.0612499,5.758567626567138,-5.356820535506474,-2.0739689687816005,-82.78218015294625,24.105725543886198,39.27312701645172
49.0712499,5.499426679442034,-5.40954300101452,-2.220564730137112,-90.54824710895998,30.444095114774484,44.50597498629476
49.0812499,5.250660332060858,-5.396426699169836,-2.2644918667104386,-97.86561756609036,37.682385320809495,50.79810645634301
49.0912499,4.947974060677094,-5.348641700661462,-2.2936025978114496,-104.89288079042713,45.19581456578359,58.036944586359525
49.1012499,4.649159942579127,-5.355161491295801,-2.295878885971026,-111.0488853766124,53.378619166005954,66.12906202604158
49.1112499,4.235444004781252,-5.3470877437382,-2.189871054014832,-116.66121395218414,61.488654043001816,74.96431227597101
49.1212499,3.863986640327242,-5.391686939313552,-2.042009423594742,-121.12102459508222,69.82505237360196,84.39400350010068
49.1312499,3.5048694073382527,-5.425027038284151,-1.9334919177564356,-123.40649019334556,78.09056921359655,94.12849921699191
49.1412499,3.078208030140106,-5.406064138066762,-1.8089620043691415,-123.35263807904353,85.63285887378812,104.36951067287029
49.1512499,2.7522330160480997,-5.409591214864395,-1.5998755827306292,-121.01924336253003,92.98111614435042,115.45960851318493
49.1612499,2.4237516824900416,-5.2942329386486495,-1.3658756333169675,-117.02737949462531,99.89360532154359,127.83540606625047
49.1712499,2.073239866100401,-5.007494701733934,-1.1654653721965615,-112.38838659165816,106.56733900603025,141.08679069689856
49.1812499,1.8158595823864965,-4.6624227303998405,-0.9658922978687131,-107.35980925296857,113.4902284799311,154.62463585158514
49.1912499,1.5201506951980408,-4.332759846723361,-0.7671491957839057,-102.69819588038555,119.7731509232849,168.14922895323613
49.2012499,1.1795412662837574,-4.209021413092484,-0.4839803171302468,-97.66369234065459,126.42593914927205,182.89910166099298
49.2112499,0.7795105423305029,-4.293213170737957,-0.061673043781122885,-91.26418655900382,133.798845054538,198.3171056940568
49.2212499,0.3223489462207196,-4.671357006203431,0.5039220214598611,-83.91333752998324,139.0915809349913,210.35077119876902
49.2312499,-0.06235958844474732,-5.1944939359587075,1.0260585519647274,-74.73053466181184,143.3969630646205,220.45645023679327
49.2412499,-0.39150331152976475,-5.4543676327949075,1.2919041309246162,-64.0735302885045,147.63074971338682,229.32282378856024
49.2512499,-0.6372599985368048,-5.607206934354498,1.4902193708882319,-52.575736525367574,151.31448500148397,236.84117768268732
49.2612499,-0.6979589494910611,-5.663288025923562,1.6022466020791384,-40.834801716205575,154.93019452214804,242.95842559668802
49.2712499,-0.7032424068083235,-5.665492662350493,1.722039320353928,-30.251283382241237,158.079235694947,247.99470043128397
49.2812499,-0.7564005965839412,-5.914325716848529,2.139146518050963,-20.595770391310193,161.27010478329794,252.7826362960645
49.2912499,-0.8062137484731516,-6.082576462983675,2.623360278864341,-12.66627562301888,164.77030200815742,257.5500455547455
49.3012499,-0.700781877955034,-6.091824052048532,3.0001691166189977,-7.017084693259544,168.55220906466533,263.184330371361
49.3112499,-0.4843492440189384,-6.488535448317592,3.6261399978263618,-1.8065508458458146,172.82205314268384,270.47971102552066
49.3212499,-0.3832892064049393,-7.417025038418648,4.594157541062038,4.230560766705433,177.44515792721262,279.3460316594518
49.3312499,-0.4363205891577195,-8.164929279777633,5.187595659035466,11.528559367904395,182.29821000814275,288.28352998119516
49.3412499,-0.6219384777668739,-8.55180568612472,5.423613015468969,21.385751132789753,185.63551182172966,295.7661826696722
49.3512499,-0.8211253897371915,-9.354390203743234,6.104906584939856,34.01814256188111,186.712048774837,302.7059594696457
49.3612499,-0.9415651886022735,-10.377315482133477,6.888355396106514,48.16958850309704,186.38504010428915,310.26983296885027
49.3712499,-1.0630745190469426,-10.993193171798715,7.635965647544246,62.208464794891434,184.2390858507048,317.5269963885832
49.3812499,-1.1819729391075602,-11.385582813503001,8.799098211960562,70.51065313638773,180.1335816751657,323.80056454630176
49.3912499,-1.2958093932391113,-10.816049787138589,9.313848444757484,67.0666642755548,175.30126414364597,327.67970401197607
49.4012499,-1.630579173026356,-9.565547482069288,9.445268538524674,52.21316892379953,167.60154844307266,327.54688347113347
49.4112499,-2.4279011593481097,-10.051527815719382,11.366382890832263,27.043874962731632,150.51445515423745,324.24029881744974
49.4212499,-3.6093776882394084,-12.501821535366428,14.031986742366676,1.0196753916833705,122.21715956211021,318.67355319345035
49.4312499,-4.542085510394786,-15.152955522810105,15.756765284787505,-9.18436019832284,90.30025258444186,312.40804338667255
49.4412499,-5.059667825686653,-18.297260133575595,18.040725433837075,-5.60766188481249,54.55734953066738,306.60301895242816
49.4512499,-4.744170883774293,-22.008441590340034,19.216963589947206,8.260715171011935,20.221874174991076,302.14199748128317
49.4612499,-4.32162561708767,-24.021240968745776,16.4688314557825,41.328002248361265,-13.145860512013623,291.66807296858536
49.4712499,-4.27270326056191,-23.381204498045246,13.788060337617564,75.56171316310308,-55.31289439229296,268.816855344422
49.4812499,-3.2821499414890707,-22.559006820462493,14.744775744612012,87.69657491079793,-100.923932989134,240.25108166878533
49.4912499,-2.112734120839807,-22.055158320371625,17.012565215691055,80.45302719234046,-146.7807958724705,206.61876356091616
49.5012499,-0.7828028014189563,-21.160258557899617,19.218027558051094,55.64677815616557,-192.15015458099072,165.3855533334273
49.5112499,1.0993585431852284,-20.819764017503605,21.099315087803063,15.629599306720745,-235.4713723558531,118.78631634341234
49.5212499,3.180752281775683,-21.933627166595212,21.804840425269557,-27.55222667285361,-277.0728002332099,65.89332899127662
49.5312499,5.184875349763997,-25.12612195306959,22.705831367746907,-59.903830579854514,-316.04337790422346,5.608191739037803
49.5412499,5.816355612151084,-30.06401253021167,25.6813368650456,-75.95830212436776,-351.9100085904489,-63.307286979065026
49.5512499,3.847768523265882,-37.05710805626074,30.835896651337112,-63.46299329756242,-382.9558654068632,-148.8116304609518
49.5612499,-1.3217114543406387,-46.34246959338894,36.14500346821485,-7.659016762984992,-417.4876731463527,-251.03613658168845
49.5712499,-8.269459412587201,-54.00662011232784,39.817807526033334,69.55628149231498,-465.576350207319,-364.58279943297964
49.5812499,-14.483683940601484,-57.39022268430427,40.79040132341134,145.92097890098833,-498.2893070490107,-467.4920764695794
49.5912499,-21.051273302139304,-55.72577664863466,38.17189389120231,200.7072774295675,-500.8211563976849,-503.77727689156035
49.6012499,-29.253324567102027,-50.07369393065685,33.23582854398513,205.78224074479948,-499.4849042165144,-499.2503036302158
49.6112499,-38.31980696631424,-44.59907268580666,27.04497575401815,176.1005369954804,-500.06783309289426,-499.7081306515397
49.6212499,-47.44079047885083,-38.38419246572784,18.04713917812475,119.95443182199914,-500.3747477610286,-500.2721182337593
49.6312499,-54.8718007836719,-29.41760463363001,6.583368479968133,44.771252986819086,-499.32599192809715,-500.3477144705905
49.6412499,-55.26712054289401,-17.116015458175927,-3.1766085656832863,-23.861620814667702,-500.0862967265897,-498.47093011389785
49.6512499,-49.25889960479244,-3.4436841728262406,-9.394957058888705,-93.00964160668433,-502.55966592874734,-502.897336956788
49.6612499,-44.60961350058128,2.377193255460775,-13.791373384613424,-114.728289815916,-452.57352433445226,-491.39034499551167
49.6712499,-42.92235950127074,4.118572961501575,-20.028104639308598,-75.52972922224252,-354.56309117484193,-388.87722128828307
49.6812499,-36.89309078916828,11.072849711872871,-24.515255407456852,-30.5035795413106,-265.7824503552002,-237.5945790789429
49.6912499,-25.35129436116193,20.52492437166214,-22.610957564883993,-8.913212297722724,-169.3548820629487,-122.55142319666845
49.7012499,-18.291300751242233,25.0017703877639,-17.026527341753926,-16.303957378973546,-69.78850822420692,-43.42482055053527
49.7112499,-18.675726799929055,20.137893907590815,-13.102963508800842,-40.49906255029111,-0.6737178392698261,38.15057141892974
49.7212499,-18.45643807053629,13.162069064750066,-9.26535113260805,-71.61254554757109,42.91830764371211,114.24767429789769
49.7312499,-15.53558174872446,8.55692893830723,-1.3217888382963703,-93.45109369208427,68.93088883164589,148.35164607478998
49.7412499,-12.180441369922008,1.539549388991412,6.515945800019289,-90.83748251956898,75.45024764150385,146.37537753594782
49.7512499,-7.7139732369421825,-6.945878292401726,9.708828536144424,-67.10497520368907,69.28822460389289,133.15599936735708
49.7612499,-1.7841282784373982,-11.703671211642478,9.59283532779206,-28.69177552964847,59.13692056688587,117.1598290768968
49.7712499,4.8227309839442425,-11.929145713978649,8.383797620106755,10.9905622489017,49.663734741628915,99.00970025406475
49.7812499,10.516721634658532,-9.992721101516345,6.980230012091095,33.579256240874216,43.69649067941288,79.9028442366638
49.7912499,13.678395575405382,-7.80967856907529,5.165500836740585,37.06667372311688,40.901643701319976,59.64001071179139
49.8012499,14.301874343240135,-6.077193363331907,3.0109488292074715,24.671673757009977,36.1008142285554,39.249665758824264
49.8112499,13.85949092928992,-5.312637170800416,1.8987745761938186,-0.7591137598570756,29.35826445841522,21.565590084547104
49.8212499,13.17417385535492,-5.969539458157138,2.2628400258390373,-27.45778313368554,23.588153392089637,7.357496239184737
49.8312499,12.58888486177748,-7.650211478564328,3.5122570817337615,-45.62209500795937,19.199191773105692,-6.6560807394745565
49.8412499,12.16298660520844,-9.286109051917594,4.782399508596739,-51.878460616838204,13.973714615328806,-21.325338617711246
49.8512499,11.808536189832521,-10.346987909507135,5.815384638739535,-47.270775690248385,6.922601421107737,-33.15852997333157
49.8612499,11.612910816246991,-11.385245822000478,6.153786091118375,-32.12260693801271,-0.8314806246563128,-42.939041972005974
49.8712499,11.34323574380603,-11.932138699214574,5.60839016354625,-9.625211243268902,-10.375667357549073,-49.061842497852496
49.8812499,11.064190677040214,-11.721813504069141,4.818852471601778,13.751409221807638,-21.5061485080251,-50.73964223405672
49.8912499,11.077254900553038,-10.844776626848583,3.7486891038882693,32.730194360271256,-32.346944409562056,-49.68268486944467
49.9012499,11.222678083402576,-9.2571709271717,2.7683095051134843,41.51483501666477,-41.58061605646796,-48.121021570695405
49.9112499,11.211357420150105,-7.598991594049063,2.4495741680875063,38.35040067767018,-48.410175997715164,-48.1451457070795
49.9212499,10.896092764920402,-6.276143921506698,2.3254696782105366,26.248114375341856,-53.25003745383717,-50.4211592813324
49.9312499,10.317274422292552,-5.199671934893346,2.037686326146693,6.830885843927562,-56.948835424952364,-54.62105156028895
49.9412499,9.676841969308722,-4.454942937909095,1.6556846409871495,-16.86733915566168,-59.122864750138504,-59.62347620326869
49.9512499,9.092841052162346,-4.108904140113503,1.3794009104078315,-40.76869065801561,-60.13889782212561,-64.50739953717735
49.9612499,8.646754119747419,-4.129207620760623,1.2264777351408929,-61.760571993429636,-60.20412374603123,-68.87610050227349
49.9712499,8.317129170497683,-4.210172224465417,0.9641031407642067,-78.69675525069529,-59.63703225614368,-72.21805358787897
49.9812499,8.154324831964795,-4.316684026119718,0.766438767436776,-90.0810795153159,-58.92829909692111,-74.37295937293587
49.9912499,8.243339841494327,-4.5520499409976924,0.8430511183631768,-95.06203711626496,-57.624159371657434,-75.55097332865384
50.0012499,8.457474912002343,-4.664639593629283,1.0821689380436579,-94.36891234577047,-54.940626173814785,-76.08963015701934
50.0112499,8.253538890280984,-4.584982796153068,1.382645116052653,-90.73128501654682,-53.55854550612767,-75.98898329563431
50.0212499,8.08575523920692,-4.638634762194555,1.686224449327139,-83.15477186130596,-50.02948474137449,-74.75262641572752
50.0312499,8.08587614436592,-4.591732740995391,1.7274517405196699,-70.973219379186,-43.99264874947236,-72.46216566152702
50.0412499,7.8182931253318815,-4.018860457426444,1.6502103346197297,-57.60242665537412,-38.15782219446517,-68.77976158071266
50.0512499,7.426296176375431,-3.2082042129848958,1.6423366532957846,-45.022963444980476,-31.93096204337203,-63.969806763288666
50.0612499,6.792306633172699,-2.2643809168676383,1.5091822832577246,-40.053034075773304,-28.84748646688975,-59.354914871298924
50.0712499,6.882402802209413,-2.200718844561093,1.467017622713691,-32.767127575737724,-22.655125211442577,-53.4829478066941
50.0812499,6.897441013497379,-2.4003653892090244,1.374473014112326,-24.583071809783124,-15.261219420094058,-45.95103214513021
50.0912499,6.195636395729018,-1.62839421468188,1.0216769247497115,-24.899313404816386,-11.811503165408947,-38.368431478677635
50.1012499,6.07308444909897,-1.382725697494545,0.8605616405073866,-24.43387037941569,-7.866572748251333,-31.619443803850867
50.1112499,6.14256876821448,-1.5712535121054907,0.7860964573391436,-21.327370043286663,-3.5092927085831684,-25.699323667604077
50.1212499,5.9027847822766395,-1.479120560125564,0.5697100919451702,-19.626536447063042,-1.786220112670558,-20.16502630457023
50.1312499,5.965339547987654,-1.768989883677652,0.5133822680836709,-14.48275768027382,-0.006931613898993235,-15.012091945672745
50.1412499,6.1344317567138695,-1.9975351056746908,0.42197711477909516,-7.926804021624218,2.120407362054193,-9.977700831404277
50.1512499,6.346095920690016,-1.869147703937753,0.14749388512997566,-3.3916893525397738,3.6188412268973633,-4.759870603487747
50.1612499,6.822323074961338,-1.6941451207011302,-0.09976339450802894,-0.42277933099155524,5.037578180993024,-0.2029214647308853
50.1712499,7.445239194104489,-1.5703351343227816,-0.1872293709869462,0.6090943862466557,6.884829023701673,3.4273150421984973
50.1812499,8.090265601917299,-1.5946309757688861,-0.19682769250880675,0.598566755796423,9.046230041543824,6.732781462035871
50.1912499,8.706690334572247,-1.6397107475925108,-0.2782427153956172,-0.05358146780158128,11.290600046303187,10.108089259763222
50.2012499,9.284709505524058,-1.7369542319051043,-0.2549526109527166,-1.806418016408407,13.615140444374596,13.378880190849703
50.2112499,9.882451840374797,-1.9309972157182989,-0.12054336163613406,-4.224218045655216,15.955447614209174,16.098607016265504
50.2212499,10.382461662318923,-2.1415797402698296,-0.0172371392575602,-6.191556966769829,17.638006214211845,17.97387197098928
50.2312499,10.726647358916102,-2.4116749876363546,0.08082761602950851,-6.438276184660474,18.532468041598825,18.92664033325799
50.2412499,10.936182549930775,-2.7407884910477476,0.13169158136081813,-4.762146232831432,18.421288687974066,19.483177251217715
50.2512499,10.952417718636678,-3.1115725958068525,0.12789903131965216,-1.60095952373311,17.031264514473897,20.29297824370124
50.2612499,10.783500358815004,-3.514795076368338,0.1345823948398209,2.55084070085698,13.96286234917729,21.84748305724325
50.2712499,10.595430757456773,-3.743793876971997,0.1467174386476364,5.597619334899814,10.119087300421588,23.20905561281063
50.2812499,10.523881181909184,-3.9006228493955173,0.2246891099322899,7.083522623000835,6.668030700460507,23.694245483202987
50.2912499,10.451547808951348,-3.9610432169071346,0.35318681959953274,6.375180617904723,3.3964323330764397,23.194469063112102
50.3012499,10.270073286707206,-3.901279943721634,0.4460373776320189,3.7172864425155154,0.5272828744758198,21.199839268405228
50.3112499,10.149199335365928,-3.9732656877357173,0.5454909043028708,0.8109910881138898,-1.1992268476186345,18.45870914935209
50.3212499,9.992912348165268,-4.004504700702342,0.7198105571112771,-3.3459455678934935,-2.4195851968335154,15.211289799114684
50.3312499,9.728771587082374,-3.9964947587941397,0.9069936422144388,-7.963887091360004,-3.561394841833887,11.402690999363937
50.3412499,9.49885066335123,-4.103323373838262,1.1071909591104783,-10.857509395934125,-4.218310896872356,7.339744147835017
50.3512499,9.335048789245272,-4.204683451169166,1.2972862155706015,-12.32467577338246,-4.424453316636278,3.405439167526781
50.3612499,9.187237529267954,-4.202151575591686,1.3517611624122747,-12.832098048527513,-4.469350469619342,-0.22087842777763456
50.3712499,9.056146399172336,-4.169814412019615,1.3599870089485242,-12.237775461814108,-4.534708024730104,-3.4430629687791936
50.3812499,8.900239304819785,-4.135184205052653,1.4201347559744966,-11.267212742868148,-4.61842834230992,-5.963540243784284
50.3912499,8.799731454765173,-4.124592720486459,1.4674823957172787,-9.482598177373843,-4.012721810851508,-7.831928808899816
50.4012499,8.648569111237855,-4.092666430946596,1.433247569393895,-6.616332938978296,-3.34268971435206,-8.88546986878601
50.4112499,8.519634392147772,-4.050685904012033,1.3384480193567438,-3.3159527612203705,-2.7763930362634963,-8.96017813388483
50.4212499,8.573380375419353,-4.035196477262783,1.2709910498961734,0.5814420031032648,-2.0870888591901187,-8.230847169526372
50.4312499,8.590664398291423,-3.9563462447867233,1.28171591316642,4.537565548018516,-1.7150696809905484,-6.741467292642669
50.4412499,8.575102397290104,-3.799536498335721,1.226660836672401,7.230565627841176,-1.2978511157393997,-4.790681097896968
50.4512499,8.585922543048957,-3.6403101160078433,1.0376005082260478,8.553829774482885,-0.7574156264529411,-2.4895305297557897
50.4612499,8.5454414738627,-3.5081121599619074,0.7993447360594735,8.22430707070829,-0.9194714148323653,0.09016464674884372
50.4712499,8.520701064178365,-3.3752878346148716,0.5224680778665953,6.254113559982268,-1.6969712705725153,2.7437263890319725
50.4812499,8.545460204221229,-3.209217945297627,0.3252327417808836,3.087159781162271,-2.6461315932770146,4.915918481977456
50.4912499,8.691902354596508,-3.169722109802487,0.3027566953886081,-0.6324267072148921,-3.0355993724220425,6.559499132390565
50.5012499,8.759605683898721,-3.229679276415609,0.41551230395843386,-5.087186362213976,-3.487394981659429,7.906831279449278
50.5112499,8.670506214651887,-3.315716849661507,0.46355438052477865,-9.532799549505393,-4.091957021077128,8.899230265990486
50.5212499,9.05166635281951,-3.874678947232656,0.4675328170300532,-8.936313252927048,-2.150181045161916,9.420774877290759
50.5312499,8.988687346805449,-4.20371510696254,0.5211215212823807,-7.1625019765141404,-2.289595183918727,10.501760317032193
50.5412499,8.702484699558976,-4.231769268842424,0.5239821695604352,-5.160042227229351,-3.207169491836075,11.212660779986862
50.5512499,8.965349001072783,-4.329425796870598,0.504238233012544,-1.1550924247957937,-2.0311643406065043,10.810776371499184
50.5612499,9.048210257520402,-4.175916428731885,0.4904004932990475,0.7871254724681442,-1.1883342532090126,10.0682731803992
50.5712499,9.060025995491594,-4.122482080091988,0.49925232659387714,1.7778053560658393,-0.2084640206964572,9.150745856341404
50.5812499,9.168510441322242,-4.0406002826438145,0.5755276327751537,1.4165014277421628,1.1231642366496457,8.103024711482513
50.5912499,9.222981084949222,-3.9667416904788704,0.6617061181647907,0.1525117234691959,2.9920666845287056,7.082997766263661
50.6012499,9.217086151260347,-4.074035298508224,0.7553770565731189,-0.5904274902868308,5.4084744490124,6.094482839839742
50.6112499,9.094723488821336,-4.176310078471441,0.8309981507641769,-1.2623083900728167,7.085457929997604,5.261218870912511
50.6212499,9.00204847526095,-4.260514485473641,0.8594329766467209,-1.0364310934112555,8.254228250057146,4.500282185279309
50.6312499,8.932013823147019,-4.320209468886729,0.8387407678584983,0.2311260193516224,8.810422155469796,3.522834532661773
50.6412499,8.859530817511137,-4.378015351065937,0.8468394820487721,1.8235044736583672,8.667274818710226,2.344998114479269
50.6512499,8.840950398844514,-4.452708059848353,0.9296389152423424,3.7472534120587,8.530196410276393,1.3603000900032567
50.6612499,8.859962365919134,-4.454511018901391,1.0521129081579108,5.3352275537392435,8.646340230194609,0.6664198250524582
50.6712499,8.877183266247691,-4.486055975828488,1.1680006743792426,6.762469603612003,8.620156679891311,0.23451474245934084
50.6812499,8.831319419252548,-4.439247240346699,1.1405314583154373,7.698221205683251,8.250154045645697,-0.254921648609949
50.6912499,8.784592900050102,-4.272470621403281,1.007678117846696,7.440548150808314,7.758817493049296,-0.7893874544239959
50.7012499,8.760645416813814,-4.107533778115988,0.9020751998814064,6.100189275582167,7.01922014038932,-1.2306033791246298
50.7112499,8.749510002973377,-3.9063693463931255,0.8621732741622331,3.458776794617702,6.295820996797345,-1.4678483406280565
50.7212499,8.755921919953828,-3.75721529379701,0.874840567777736,-0.13502796508360732,5.8612940515736005,-1.434569227546149
50.7312499,8.771714685813627,-3.7647449141851195,0.8647276290080177,-3.7885414803471886,5.70312721687868,-0.9726126827852919
50.7412499,8.832953153126939,-3.8741724742927683,0.8447830404413191,-6.507598419319759,5.717823863482238,-0.15439306771604597
50.7512499,8.82707719306875,-4.016849258993515,0.8716657286001149,-7.845663138001222,5.5256126609810945,0.7543903427849387
50.7612499,8.78610739626103,-4.122149567110279,0.8549483188547655,-7.882681661370825,5.334995594453049,1.7450591683741246
50.7712499,8.754880455219453,-4.1276551890328195,0.812743628814844,-7.284147670146061,5.194692106293493,2.6442700276223037
50.7812499,8.684989715898944,-4.142202121415154,0.8058064574465615,-6.50935180908611,5.070114234245632,3.606330965060574
50.7912499,8.622361509669691,-4.194534424464582,0.7714517416224174,-5.464977534657346,5.0304214576342945,4.676695554739156
50.8012499,8.642773831968869,-4.19972551489974,0.727962023977721,-4.264735951037546,5.130787618500031,6.02782113798059
50.8112499,8.723938518213462,-4.1871582743034015,0.7219093082706664,-3.63199706815579,5.687604471871982,7.481169363265565
50.8212499,8.755544207828613,-4.166914039444538,0.7442648076528582,-3.8847521432599468,6.378389663023331,8.760884637078403
50.8312499,8.746774929607266,-4.148634369351486,0.7789588616146599,-4.574259371289848,7.117221805664194,9.680085045477432
50.8412499,8.71110859684183,-4.175774477374538,0.8056317397135978,-5.42572644427758,7.913902922114395,10.105003021383165
50.8512499,8.653552520756914,-4.2364020834729965,0.7887650819642636,-6.250213751795316,8.744344680913084,10.147510932191032
50.8612499,8.596115447007945,-4.291900025473822,0.720610113004789,-7.132784312598548,9.3246326775554,10.34910556282276
50.8712499,8.540431382288272,-4.333170151638358,0.7237658045069477,-8.207900946367081,9.798907511359134,10.707553929480607
50.8812499,8.55678429397859,-4.379620778653788,0.780130699031644,-9.223083507818409,10.524536994742952,10.906088995557235
50.8912499,8.618916560695805,-4.473445528203852,0.8219338147165618,-10.276457806347997,11.487780620038816,11.054005079060026
50.9012499,8.633760786129598,-4.559547602985559,0.8286859042747323,-10.726626738124505,12.227329081863141,11.445792320402807
50.9112499,8.63479621969809,-4.583872993165527,0.804449132670889,-10.707087785429076,12.722160780125488,12.139015198468652
50.9212499,8.593370673213583,-4.582703028959749,0.784163212616156,-10.608967581331259,12.961191897616041,12.85631573732304
50.9312499,8.565756415132736,-4.622098470367477,0.7508711842725716,-10.235924266238115,13.11689176382116,13.536307760711418
50.9412499,8.552597400186109,-4.6536240294397535,0.6912143550775243,-10.32309108332351,13.31996371863136,14.338444812634071
50.9512499,8.565743192099488,-4.64452056295575,0.64435705401594,-10.892509027976317,13.625483019051927,15.09249065474735
50.9612499,8.602923425492264,-4.629846813129353,0.6158505242933914,-11.930839321561283,14.150753877558591,15.808242300946807
50.9712499,8.583010315370421,-4.622599999415235,0.603235554580323,-13.998294792508274,14.78576601413532,16.648399123307325
50.9812499,8.535024192195017,-4.701922174155107,0.5994032178101816,-17.109411662507803,15.58847356374544,17.59562548588586
50.9912499,8.4335892252397,-4.865710610746978,0.5074307376354962,-20.614053620309136,16.482901551162993,18.98974226711676
51.0012499,8.254622301070492,-5.009283586023949,0.36339806186203544,-24.81929750164244,17.300766004557154,20.554350634923914
51.0112499,8.039555443917552,-5.101798483772988,0.27791912559178866,-30.127137485508545,17.94139424139281,21.778916864444927
51.0212499,7.876462197014996,-5.2554163687938455,0.17534027211355532,-35.48922722306853,18.96952201027517,22.831646768239978
51.0312499,7.691127326811575,-5.424337573636952,0.006603725009613982,-40.81575881797593,20.17944967979116,23.61884181994079
51.0412499,7.458118599940654,-5.624695629958212,-0.13771034479904862,-45.92856068048375,21.62490154642934,24.06883436711186
51.0512499,7.24123060932789,-5.885944783131086,-0.18541660812003666,-50.21393583605956,23.493233815274166,24.51383956491559
51.0612499,7.040438590414421,-6.129200091562987,-0.21508959171747147,-53.96936800818946,25.954181338636193,25.15926243771957
51.0712499,6.79335088989347,-6.242596587059719,-0.3348406743041661,-57.513816798606626,28.96694004885,26.42911074065665
51.0812499,6.566235219591466,-6.216779515482917,-0.4929216127773016,-61.12872256495865,32.35154868174243,28.358429702727484
51.0912499,6.313794599759418,-6.068000231757858,-0.6423837377041309,-65.92718978264492,36.15902255747539,30.94993538891006
51.1012499,5.993477070396883,-5.773930267614577,-0.82953511736377,-73.102516784947,41.32129387127841,34.77939187884688
51.1112499,5.723200909540843,-5.492654707078727,-1.0248839361660538,-81.2770052423345,46.534457599861,39.195415632942314
51.1212499,5.484647843101517,-5.323146920201847,-1.1961763740119038,-89.22147811935564,51.661819579853656,43.859128486826386
51.1312499,5.199386968695005,-5.157399018155433,-1.3512837254860217,-97.38454248536146,57.32857153303175,49.305517489889034
51.1412499,4.885568750018575,-5.070700156363974,-1.423430885280181,-105.09349184999287,63.006762109918526,55.42870423851777
51.1512499,4.56612580477915,-5.195271914576432,-1.262040491408693,-111.63745963314126,68.71830640797002,62.264060313541485
51.1612499,4.3131738296594575,-5.424724994032087,-1.0009544523898377,-115.99808482651328,74.82873027561267,69.86933917081373
51.1712499,4.0555396096831755,-5.611219807411752,-0.8947291214951999,-117.48161113129387,80.68266520274325,78.17042219807512
51.1812499,3.7498357486074276,-5.749053621842549,-0.7415371376387733,-116.6564773414996,86.0502047552222,87.39837594689735
51.1912499,3.47906226253864,-5.8381870672177,-0.4618666046936271,-114.11793773812933,91.47886201322605,97.47713228281464
51.2012499,3.2553325849051236,-5.797001227942596,-0.24130708680798646,-110.16558611357006,96.9672575421912,107.83939906206378
51.2112499,3.1160966407597046,-5.6371291106394175,0.0018897513048608846,-105.03291624999568,102.45045496114446,117.91033365988109
51.2212499,3.195782980528235,-5.535483886509194,0.5054910543797284,-99.08491191390253,108.10136900088305,127.81286140491972
51.2312499,3.358566414063634,-5.533456677805498,1.1655816854351226,-92.30054155544424,113.93336655261069,137.77493165987417
51.2412499,3.322653045261757,-5.520020694614338,1.6464010365958281,-84.44474430653527,119.69654595174818,148.1199057496289
51.2512499,3.0854384936464836,-5.47862787118434,1.9101773056992686,-75.54186352060051,124.65158279581688,158.9485697245628
51.2612499,2.783542003180975,-5.365598817811206,2.0693226591644813,-66.07450014620652,128.55917177516315,169.5003139536617
51.2712499,2.5412166359939365,-5.176256613594259,2.0256980973651446,-57.16562122608226,131.26550493704667,179.25282982628363
51.2812499,2.371178215593822,-5.0439134491182935,1.9283055113656253,-49.988365670002274,132.70254721814612,187.71895898694697
51.2912499,2.1115796996524274,-5.154910906013494,2.0647111317606437,-45.35564384198173,133.64165899595028,194.10357309230736
51.3012499,1.7429057097202318,-5.212022580209289,2.1476028035108112,-43.77787868765978,134.51063551891812,198.43156719694719
51.3112499,1.4804505668968706,-5.194864999171136,2.10307694445177,-45.50631726125856,135.09361994799852,201.97995505517113
51.3212499,1.435771052053735,-5.371982121825399,2.146686891452138,-49.31608381337895,135.6633269330081,205.42288400998302
51.3312499,1.4391258580816098,-5.513635981537711,2.197782620158773,-54.05585168521341,136.31237881484884,209.29003703152415
51.3412499,1.4419438811946255,-5.51001747477166,2.2757760540790635,-59.28164384845086,137.2381170355479,214.3116780099492
51.3512499,1.3378755205833095,-5.831253329298775,2.648030167346304,-64.67191522746843,138.3589820491367,220.68594917775945
51.3612499,1.0169549011634,-6.58247599676745,3.124702864187035,-68.859213971396,140.04988335609985,227.93684979755588
51.3712499,0.6241272573593889,-7.107174031557287,3.2499284781367828,-71.21400863523026,141.78063270695236,234.88294131158128
51.3812499,0.2437301317511549,-7.704436883942135,3.455120120672965,-71.39769214838634,142.0543680169634,240.50121624291376
51.3912499,-0.18695770876389875,-8.434436551231487,3.7501986815012702,-68.976297289955,141.78269930714924,244.90473796410384
51.4012499,-0.7028736802443113,-8.799036726007815,3.885981072315179,-64.67057264145312,141.0447430886431,248.01900054683378
51.4112499,-1.096804227743738,-9.471614841467982,4.344662455794776,-58.06963757091838,139.72569523423923,250.29969448594588
51.4212499,-1.3434338035486109,-10.42853836576744,4.837878001145803,-48.146235749687214,138.34768427171267,252.4043047163787
51.4312499,-1.5819606440116967,-10.850719801686791,4.91167781863826,-35.879911128669235,136.7121465002502,254.0817303670719
51.4412499,-1.7046089814965446,-11.12332674232411,4.99656327281693,-22.206995676184835,134.49919981081393,255.31387446350126
51.4512499,-1.6330946109209095,-11.24570396083917,5.160672077147575,-8.10708093253334,132.01232470346235,256.7501881613903
51.4612499,-1.4899447990323162,-11.25393783803781,5.411877882864895,6.1352342092883765,129.250342131532,258.3461205700183
51.4712499,-1.4128529575276927,-11.850764457640217,5.975974468275261,21.501936130863907,126.6021131276013,260.85614805825634
51.4812499,-1.4513339187496963,-12.61776719939284,6.572458341549815,38.51607036412402,123.94470610779909,264.229116942711
51.4912499,-1.4997362080051324,-13.323056160724137,7.273405858624715,57.288025201956344,120.31177781935777,266.6466992885267
51.5012499,-1.2786908299443025,-14.164413205174348,8.263912152247972,77.30960638343643,116.71698036411611,267.93003805470323
51.5112499,-0.8191457697263622,-15.05646668404902,9.348184975196014,97.86498647675266,113.63865398970947,268.09121873016386
51.5212499,-0.4696860995014418,-16.127411506136657,10.69359222928178,120.75387010525677,107.27960937681122,264.5860824840599
51.5312499,-0.5027014533819191,-17.12668254850883,12.042315016103469,141.6495790323832,95.74470086101968,256.2692656605219
51.5412499,-0.8920984015142317,-17.842180527529433,13.242727447111646,159.32399485273066,78.55755460962304,243.46175799043831
51.5512499,-1.590187065259836,-18.732557257582304,15.138179666274945,174.8772996379528,53.24697015213703,226.40575798449964
51.5612499,-2.478076740626258,-19.676302810916543,17.470160246397587,183.04503953202257,20.030319872044124,206.60805138911743
51.5712499,-2.9038021090080974,-19.99039498684645,18.841342226613584,183.74254438191514,-19.301780965372682,183.6826311021511
51.5812499,-2.5048455755021335,-19.568296873686048,20.146877770942655,171.8715982811881,-65.96619540273934,156.60281285034978
51.5912499,-1.869719282996,-19.0271734496285,22.753622916663808,143.7181094104803,-122.24267598424427,124.85689724062814
51.6012499,-1.397584890487553,-18.16387841122517,25.736671451128874,102.18335144870836,-185.16574356214096,86.09052517128497
51.6112499,-0.7908591668681968,-17.26977926700473,28.603964813504295,44.26692131967773,-251.45551559337443,40.53194623023381
51.6212499,-0.003444634295898537,-18.855747077391477,32.69003430505272,-16.14056078977677,-318.06499634003734,-9.415949403965309
51.6312499,-0.3496782307652472,-23.19420781970273,38.09285176303678,-54.577000725930375,-383.478820055263,-66.81584430051187
51.6412499,-3.26819202411619,-29.568761276255668,43.436671891494775,-60.268382096353626,-454.46169387810556,-136.20013058783147
51.6512499,-8.844919824646306,-37.561525320252024,46.49946976488196,-24.273799044553385,-499.1827667522157,-220.50477394527135
51.6612499,-15.381486573285697,-44.96802516855152,45.00407569362606,51.87078286468903,-500.94109137233403,-311.8944382081654
51.6712499,-21.33781168658945,-48.852632677663735,40.421429213585654,132.7954033274183,-499.2917327114121,-387.72386395456704
51.6812499,-26.377574608567677,-46.85616050140706,34.43674210145317,176.669020332807,-500.25039672902057,-442.8672804982515
51.6912499,-29.651389013922223,-40.5057509013096,26.669837972512173,166.81931542396646,-499.8961190902154,-484.6639764926431
51.7012499,-31.92086402464025,-33.9440077037802,19.505281746027983,103.05200112068601,-500.47854042901406,-500.9827963463709
51.7112499,-36.59571940978871,-29.511342029634022,12.414986371652251,6.484920593861359,-498.6546983659607,-500.5003499470553
51.7212499,-40.87081963507164,-24.905469819085763,1.1809987962781483,-87.1383860759116,-501.9972740554757,-498.7485102700698
51.7312499,-42.080157998469694,-13.91917421634964,-8.007314248497376,-166.88056377484892,-497.3284353654213,-500.40800134180256
51.7412499,-46.56392794259373,-6.344520093303692,-11.285593517502509,-176.7299640774103,-419.2829526802058,-503.26967822927276
51.7512499,-46.64268689815444,-8.304076543803559,-17.468086643224453,-91.59369646776092,-308.34632256020814,-420.0626799037927
51.7612499,-38.34500922871499,-1.5024099998897535,-23.248004549140216,11.679191518678774,-229.87188262840945,-261.2236779009458
51.7712499,-30.031326106579346,16.08480079280991,-23.1236627937803,50.625209362843115,-171.99011826932704,-144.2222553867433
51.7812499,-24.122080289493308,25.683489219446006,-18.496158068836312,22.57936607141123,-119.84687094854152,-66.10514238131167
51.7912499,-20.25235541096583,23.39465444843265,-13.656235980775897,-43.00242665221211,-67.01346002544815,10.06556339900627
51.8012499,-18.041428691732058,16.829950732108937,-8.432805805577104,-115.37118626746118,-13.978357027454724,67.05797282404866
51.8112499,-17.53093769370024,7.458943217308478,-2.762663104433251,-151.72484536943597,22.484647745909328,89.80150731886269
51.8212499,-15.680977557191715,-3.0583202044594873,1.7762532329890328,-144.78481192778708,39.74552740276536,90.17917259129624
51.8312499,-10.779346497054668,-10.95557293459313,4.854956500162931,-107.84257485467657,45.02901582952115,82.68008708031311
51.8412499,-4.725750177995068,-13.862138127430688,5.834498485761195,-58.445891640986815,44.03350135865888,73.33871688199693
51.8512499,0.680298538610575,-11.992324106474415,4.631553825240345,-18.217406115695933,39.52960986825015,63.880367957668625
51.8612499,5.9342368401308025,-8.280787060402885,3.2581019146222503,0.814035088586466,35.24931097933053,56.63274732356535
51.8712499,11.06593244542666,-5.676173533660876,3.1768349292470877,2.898452588693844,34.13586760355462,52.524765948610515
51.8812499,14.505785826906939,-5.011108641758171,3.570949124656052,-1.6510794300339227,33.81611711078324,49.33352798653182
51.8912499,15.589561768036145,-5.54105653177456,3.90632859713922,-7.821664636199108,32.72862649330573,44.37065683568174
51.9012499,14.96150928644175,-6.741277966415431,4.528643950959173,-13.115154352512937,32.378806542748414,35.64399367081103
51.9112499,13.708234880282822,-8.328160458395205,4.906280923410617,-16.358324723382754,31.12711070695319,23.860136671360344
51.9212499,12.988425703696546,-9.857685758580638,4.595715626287123,-18.350348055897268,28.147032847732568,11.731571540972439
51.9312499,12.53309040256319,-10.854724870439131,3.793281138517551,-13.278927459505043,25.104085583884068,-2.5180413685788343
51.9412499,11.368400644382554,-10.632762348515548,3.394428705223105,-5.925160629804353,17.781631129344984,-21.20328176436984
51.9512499,10.415921039850621,-10.24012468098287,4.064236810811625,-5.709234835786605,6.886450379371248,-36.28774244644177
51.9612499,10.160910260432674,-10.34007428124023,4.895062212889096,-7.7852949129960125,-2.8368200212400994,-44.98946273564332
51.9712499,9.909579910368132,-10.177211255298431,5.328817799544194,-8.806009312867038,-13.039392176495824,-51.67672495352549
51.9812499,9.668566570176225,-9.67487820139577,5.346977923523619,-8.63189681937679,-24.317807652072965,-56.911490121572314
51.9912499,9.632567708157584,-8.97840305055687,4.921472437466354,-8.008293272721959,-35.3182089888846,-60.848747697168925
52.0012499,9.625514416993123,-8.117734346890273,4.4299594567372065,-9.028989068132523,-45.450424659174956,-63.57573259326981
52.0112499,9.44215503049733,-7.14271701968336,3.941399546850397,-12.860549250471788,-53.84783033322995,-65.38887509114781
52.0212499,9.130547025502667,-6.230953196250328,3.349959977551531,-19.986658525958678,-60.61040090960405,-67.10544071606816
52.0312499,8.851848989549591,-5.54651934965909,2.681681012639339,-29.812722707116507,-65.41280749816605,-68.9777778325925
52.0412499,8.585305355856523,-4.802919225509866,1.9231443112237965,-41.22268165963804,-68.14540128629949,-71.05589003620727
52.0512499,8.305796230854243,-3.9845582062031015,1.4885187672066233,-54.430540373093116,-69.46360445359707,-74.02320316536282
52.0612499,8.190955222038264,-3.518349874946352,1.394499705944669,-67.1143646450595,-68.03044411449598,-77.69578903428543
52.0712499,8.119215724965533,-3.3863448411148878,1.1648402609393496,-76.12102571576162,-64.16850799393116,-81.0111601152087
52.0812499,7.977025892561781,-3.3276311403808303,0.8530319131889946,-80.65366524048859,-59.551535545176456,-82.79629140381913
52.0912499,7.986691982428092,-3.242526330906776,0.7097504307640188,-80.33302198833151,-53.63851196153206,-82.06866641761837
52.1012499,8.064926861183581,-3.1556596073784204,0.8303852950688797,-75.90927370173684,-46.82264883762153,-78.99838271322362
52.1112499,8.02207339121243,-3.015512065744193,1.0703734015546,-68.78820684696733,-39.53141713892125,-74.06502863416391
52.1212499,7.742184567318492,-2.7732991348599456,1.2805852960065884,-60.45944595488704,-33.01250520006695,-67.63947164638482
52.1312499,7.502624996770892,-2.6122513397360243,1.4001126502022,-51.00326972306494,-27.288732071026278,-59.9545987839516
52.1412499,7.520507765422746,-2.5132489260903768,1.304941406688385,-39.73738586989602,-21.61820044032409,-51.63109060576919
52.1512499,7.453199098754491,-2.368170906289475,1.0993651620630358,-26.05461485405387,-17.24973253141657,-42.102504288428555
52.1612499,7.2955292177430335,-2.326944170695657,1.0213665176912519,-13.028321964374163,-14.592843365594462,-33.385585028430114
52.1712499,7.193009310796054,-2.3082367597019715,0.945451776448057,-2.3289659694905076,-12.420696225437208,-26.357642359876785
52.1812499,7.089029417546374,-2.2449712230641303,0.7649115798221708,6.985699709061573,-10.706433462081433,-19.67981845988945
52.1912499,7.114376620211157,-2.1700123854394198,0.6400635678722849,13.462562726948265,-9.146275699513398,-13.421989435594117
52.2012499,7.234647873772624,-1.90710372944651,0.5213467690166899,15.9754670902533,-7.52582848556791,-8.312287548175453
52.2112499,7.462362314543175,-1.6433803865569432,0.38772072465846397,15.856035832501094,-6.13345998550684,-4.526255126329505
52.2212499,7.777431430391196,-1.5658616557780969,0.2733649024038214,13.594075577764691,-5.061398792397934,-1.2273558112831173
52.2312499,7.958145213749533,-1.578877604699132,0.13673821694108293,9.300552615221553,-4.4224554822508395,1.8378795983589364
52.2412499,8.092567367505058,-1.6746057730309798,-0.014924786408212543,3.648906105624783,-3.9394115005790606,4.953130424702954
52.2512499,8.229489235026128,-1.8423322457547167,-0.17053500201829508,-2.799102422628412,-3.818347899438223,7.92861963405863
52.2612499,8.336189909199984,-2.054576914054629,-0.3281553256420593,-9.439865082271364,-4.344807344867415,10.459545507291947
52.2712499,8.656140887943476,-2.190736638434855,-0.4453697365404107,-16.265915968258433,-4.236574962741504,12.088972142623263
52.2812499,9.029338666726625,-2.186472028094083,-0.5316565711426082,-23.411297858883746,-4.213519597137719,12.633827378337552
52.2912499,9.296668370772105,-2.4012441698066778,-0.5483276333106561,-28.700538183780978,-4.574135143049694,13.050400859917081
52.3012499,9.627552626509999,-2.7927609880875015,-0.48164732950075273,-31.516374889702565,-4.1898818976708485,13.58831614050524
52.3112499,9.961497226015464,-3.1669410144351056,-0.4356568101310855,-32.44692674314437,-3.731703032838653,14.854486794399334
52.3212499,10.220793633894788,-3.5264375717792484,-0.3189090659713671,-31.140856933942032,-3.3142711617410354,16.815204951368795
52.3312499,10.341296242950241,-3.78790904415031,-0.1912927146186886,-28.395560218652303,-2.7371340695661104,18.704501213818006
52.3412499,10.329182243633317,-4.023934035975351,-0.11979165965562116,-25.11492949420294,-2.04693901563977,19.987941160036033
52.3512499,10.248837950474817,-4.285289430323857,0.01686729278228851,-20.73536698227764,-1.4814543577462844,20.304184428508382
52.3612499,10.157684829007387,-4.49019799822497,0.2505821987390827,-14.787773458931857,-1.0925063912717592,19.30694311278967
52.3712499,9.988551255682506,-4.549948253848869,0.3846338178763293,-9.104297410670277,-0.6169310727592383,17.032144947133283
52.3812499,9.73763137240661,-4.4642839858871755,0.3671033188562341,-5.473318846026547,-0.17599311992852762,14.298676214995377
52.3912499,9.487269324913592,-4.2914886995441375,0.413739546466165,-4.661987366051607,-0.11993963983668338,10.948985390300706
52.4012499,9.4523946947784,-4.212545539237652,0.49970508766161353,-5.162956390301411,1.1594227508684136,7.417006811454918
52.4112499,9.392686444905147,-4.134811253083961,0.569314957870843,-6.9113079624863305,2.537485473732637,4.159803860782755
52.4212499,9.199619271519643,-4.08536146797497,0.6982374169501997,-9.68439572069726,3.056706759748973,1.062044926390728
52.4312499,9.219767320775881,-4.129297053324596,0.8639238974279227,-11.386692748572017,4.174878971348254,-1.7864460968090008
52.4412499,9.22845616826211,-4.109645509833565,0.9788102463825511,-11.860157201991473,5.018898302163258,-4.224417001364373
52.4512499,9.122164591633883,-4.171194326145316,1.0483740455398727,-10.433490663931977,5.328956483768131,-5.945259346739598
52.4612499,8.9631712269352,-4.221224224262143,1.0556762833690478,-7.564841671264283,5.230115619319599,-6.809697847316259
52.4712499,8.818434165304433,-4.224224301997512,1.039493427474472,-4.3040001516977116,4.805063157289867,-7.164219959674167
52.4812499,8.756329489189687,-4.216090329222316,1.0203249736267737,-1.1416417793454072,4.244596258349776,-7.131975517633876
52.4912499,8.739892830078418,-4.138978013962711,0.9373037273100616,1.8534542465055888,3.6672226090790376,-6.915391180382126
52.5012499,8.709214770373018,-4.013419771638115,0.8391738079643554,4.0587076581431605,2.8657802322726993,-6.540625550968897
52.5112499,8.681887863675788,-3.9791629802275525,0.7549474518705068,5.484253747657554,1.583574696013856,-5.743902228532587
52.5212499,8.712683174584567,-4.038722936405736,0.681717951221173,6.400994834766638,0.5183171187445632,-4.497660204591743
52.5312499,8.681014031382778,-3.949963103415667,0.5719824349488634,5.345144609745506,-0.3727180264687161,-3.048866155890565
52.5412499,8.640699914037652,-3.753650742262975,0.42799186529298855,2.288167473517872,-1.1801010151593947,-1.918144393768551
52.5512499,8.726164241723271,-3.6028675847412006,0.29692271437490964,-1.700604372311336,-1.7755341374183684,-1.4426261746398845
52.5612499,8.881757479925623,-3.615999425305028,0.2896032843734887,-5.4873820271947915,-2.3326289953767176,-0.8931952018126603
52.5712499,8.925237450542694,-3.791686181742787,0.3922156136018362,-8.437667607274967,-2.4178103646366846,0.6463308488746732
52.5812499,8.84054984483666,-3.9392710258198806,0.3324495181893106,-9.989054880037045,-2.2913075882926575,2.618956753264412
52.5912499,8.732330291363764,-4.097891746904952,0.18850057369280987,-9.592285623588312,-2.6109075500950705,4.369797432020414
52.6012499,8.639581553224716,-4.298205624105981,0.1981601069910305,-7.792195642100211,-2.885531448388428,6.031099827182298
52.6112499,8.663882707694267,-4.4155603547207125,0.2783470133907831,-5.30485400661296,-2.5238645982450105,7.407731002448577
52.6212499,8.697412832958458,-4.4525041828528265,0.3230544943364825,-2.7522248706801133,-2.0270824893216948,8.307285080953932
52.6312499,8.702871857636296,-4.496408855733298,0.3778437837325469,-0.7874702974480077,-1.6272831760200093,8.982635058951221
52.6412499,8.735809034526017,-4.50125307671997,0.39235429350075157,0.5222618482830784,-1.0112293388424765,9.164752823724596
52.6512499,8.741248211563006,-4.414685437491628,0.35779766625201476,1.0842893560984947,-0.5847497693133621,8.788997310559733
52.6612499,8.76258722142546,-4.298281175216796,0.3591307123012631,0.5324950278427489,-0.22748594425555502,8.009698986914614
52.6712499,8.808191619848053,-4.186724741081844,0.38546810288749367,-1.1433796487328811,0.3439125397682,6.824733607574983
52.6812499,8.82965200065991,-4.136556413570049,0.3804041781978266,-3.185946690646298,0.7467323240866576,5.65911282644175
52.6912499,8.854463019802091,-4.177062021623647,0.3609232416184386,-5.01066212268499,1.0420515897830849,4.6725486472979805
52.7012499,8.884468270516338,-4.2511780666234165,0.3852278507196422,-6.268078425277644,1.540691813138073,3.9737361143067016
52.7112499,8.900920311590031,-4.314676251712259,0.47549741593214545,-6.865953162772132,2.07407151386465,3.490550753485614
52.7212499,8.855303686809703,-4.365519311396783,0.5679753049783072,-6.841712926228924,2.535051056068187,3.1601162033673287
52.7312499,8.747186009017621,-4.480502986357912,0.6018846212111613,-5.390858508403378,3.0229168129576065,3.0810533639467823
52.7412499,8.65986853158758,-4.5800980305074965,0.5577404073379165,-2.7779668701258444,3.3038971876599352,3.213744089889987
52.7512499,8.59238518483724,-4.513252689915452,0.47333416744078455,-0.31329551116948845,3.291963030668816,3.5110145735750513
52.7612499,8.576373584621255,-4.336720029962265,0.4197495434617973,1.3924655612665056,3.226985369413213,3.7919175719795093
52.7712499,8.6367968155245,-4.175762675384362,0.4386501934413229,1.9306171942107384,3.502751491295885,4.134069684387079
52.7812499,8.686736639223142,-4.0114114288647125,0.45309459134431773,1.105718836897695,4.191182912936667,4.929472207401821
52.7912499,8.688781880964855,-3.889506561509067,0.39643491596549013,-0.820487469818437,5.039141029018795,6.2037593445703445
52.8012499,8.642391984020344,-3.867687137339225,0.33650402693899256,-3.0115688779209373,5.839558102954863,7.632431150812974
52.8112499,8.558954067340231,-3.892549025151294,0.2588573112896291,-5.175488833316816,6.242517669817174,8.931425399174678
52.8212499,8.49111388076849,-3.923347068669127,0.1700975318413748,-7.280301644720321,6.173516083259595,10.204869247863902
52.8312499,8.43247175570914,-3.9290618300147693,0.09726106709626464,-9.490212136954716,6.152798145861882,11.631461101548302
52.8412499,8.364723257445318,-3.9244492050112667,-0.03303655789490628,-12.0852731917967,6.145547709103791,13.119256882475948
52.8512499,8.279686784050257,-3.8988648415834306,-0.2720459041320834,-15.255076150619447,6.304103323662979,14.622882232029164
52.8612499,8.230376087336847,-3.7786826518420535,-0.5210790260658535,-19.34807413028575,6.698966700290861,16.27449849112108
52.8712499,8.26719667063923,-3.6583603180280178,-0.7185683130841927,-24.213106814591413,7.462344350580343,18.184566738598775
52.8812499,8.26639348610225,-3.630468856553848,-0.849154836330876,-29.277628190255147,8.452246176578475,20.45797415519425
52.8912499,8.322949417981095,-3.763236497649836,-0.7412731825161103,-34.5552432656941,10.084043680686374,23.2873796465771
52.9012499,8.592922677333384,-4.0561820564334345,-0.4352057663874389,-39.35862245188655,13.15040799890208,26.158323200897033
52.9112499,8.946956569398134,-4.462199388472239,-0.09401527481255935,-41.90840075186953,16.740152126161462,28.219061891318315
52.9212499,9.170273588601049,-5.0698680559409395,0.3599473603944143,-41.23218267483366,20.16588758149344,29.50694657850729
52.9312499,9.15932026484374,-5.674414026761507,0.7667271782818228,-37.48226800833061,23.07724935679007,30.273269556300765
52.9412499,8.949396111055657,-6.085753133323085,0.960330969677958,-30.92475501809085,24.663328012794743,30.33660243697617
52.9512499,8.658188318176027,-6.53627178496308,1.1505281375020595,-22.611179020955984,24.771230615490047,30.058836251964784
52.9612499,8.352784248027465,-6.984554557382486,1.2781666798386224,-14.259672436953469,23.513729930682732,29.68511708898581
52.9712499,8.095469341981689,-7.096089141398293,1.142676462293775,-7.486450742063094,20.937224670225902,28.873679031360798
52.9812499,7.936536003845459,-6.990645531711588,0.9335687829296226,-3.272411346473844,17.92092008299739,27.35800351096516
52.9912499,7.7580860160634515,-6.721602299198534,0.669884246822154,-3.644713585408951,14.178019117644741,24.77104677267907
53.0012499,7.639213494867058,-6.4028014547386105,0.25327850385183165,-8.041309046088676,10.94120154260509,21.576190142759554
53.0112499,7.61067657949946,-6.071758720478331,-0.12653313346504497,-15.157118929256065,9.231153606155994,18.712085738772373
53.0212499,7.599772401264498,-5.783821040838952,-0.3895062011457019,-24.860005697737595,8.859063725581422,16.133051185328235
53.0312499,7.515500818374317,-5.631497386003251,-0.6152279062239218,-36.31534934702905,9.908643397282777,14.436718713077752
53.0412499,7.312754410487644,-5.568762685287732,-0.9262510316594724,-47.47174504492203,11.882609825281426,14.205811773818102
53.0512499,6.986569958942691,-5.576693124859539,-1.2657485243961628,-57.25052228595381,14.56518862323133,15.270865455116166
53.0612499,6.547229399185761,-5.5796794772347695,-1.4647050758070697,-65.33586626846308,18.103029942837008,17.5229972262266
53.0712499,6.031448838077163,-5.5911714553231535,-1.6272690483300034,-71.09309912532146,22.321060465796517,21.217464686019888
53.0812499,5.472709787294847,-5.5964245058919735,-1.8666051528481375,-74.69384342546768,27.53911436401017,26.430349478562114
53.0912499,4.849915621711058,-5.493911571147182,-2.0839392283123583,-76.92319330439378,33.703896108943255,33.414490233647825
53.1012499,4.2137564951284165,-5.247676653364496,-2.2710288534152214,-78.90137563150127,40.614982095005345,42.074102613012954
53.1112499,3.6269879810617636,-5.105604766721617,-2.364914854220385,-80.70229053843411,48.37823698631044,51.97614307178499
53.1212499,3.0023731073132,-5.2369392929897165,-2.2566569207260496,-82.33290392215606,56.71381869524223,62.61682715260443
53.1312499,2.4240174253525,-5.249071230133197,-2.200855613467349,-84.42407123955313,66.02261622873567,73.26465668971657
53.1412499,1.9088830855249346,-5.030416407167954,-2.318127079093296,-85.96285600881944,75.70807753572815,82.67913048539589
53.1512499,1.51295834672561,-4.857029374032577,-2.3178439751820465,-86.74733688499371,84.91016608142222,90.92061952909746
53.1612499,1.4047127948118818,-4.832263042822245,-2.0924506905744815,-86.66527098084657,94.24181689622561,99.24966104007643
53.1712499,1.46525756063387,-4.83813914259845,-1.7420832727841875,-85.19707040316781,103.97461647354687,108.31751598662017
53.1812499,1.5455382081379914,-4.675410938788793,-1.4023676176031046,-83.72060670899874,114.07814669996255,118.32439277842197
53.1912499,1.660716842732224,-4.405768250218672,-1.1086986751541068,-82.10805357913678,124.23963697792482,128.8736236706575
53.2012499,1.7475629929641932,-4.1997869571125035,-0.7937697207594515,-78.74254346439072,135.38173068589884,141.95060065240793
53.2112499,1.7270747260568935,-4.012127688073724,-0.5296498569420046,-74.0697022648729,146.36572014806802,157.07461577023005
53.2212499,1.7030616285815636,-3.786131091901111,-0.3357068973233681,-68.74755022753067,155.4916185932165,171.42453698023115
53.2312499,1.661541164158518,-3.60807196002264,-0.0026427491843561716,-63.30059918719288,164.43366225807483,186.17278998500103
53.2412499,1.4419471527095808,-3.711823889471301,0.4378548396872912,-57.4927994365748,173.21536886979192,201.01240918051002
53.2512499,1.0114913032753707,-3.7219835006575583,0.6600035567133843,-51.74154672147749,180.4197011195881,214.77132765782966
53.2612499,0.6483635253036135,-3.7060000962711523,0.9299085795624664,-46.2035176827488,186.09208032310124,227.6794098447628
53.2712499,0.3507008990304748,-4.188729432825335,1.5167734317076447,-40.674641966429874,191.56353871224053,241.16844205914038
53.2812499,-0.07298999706589743,-4.851477233967899,2.0943716715501832,-35.15453192297221,196.56109244647712,255.4893561788177
53.2912499,-0.30452558301503885,-4.93642534197584,2.4349202527813567,-30.399279876160747,201.55043600469298,269.2450934055902
53.3012499,-0.4378984167287915,-4.4820703642767,2.4550209307604844,-27.248904273953553,206.65179223567975,281.48510579715503
53.3112499,-0.7541751079857348,-3.963400614972002,2.2591863511211714,-25.69491324593032,210.8657086609576,292.06927470243045
53.3212499,-0.9364409166213181,-3.435503327918434,2.121018541513362,-27.35668499071426,215.12831797383043,302.1829294276869
53.3312499,-1.1344876976744607,-3.0646085817191673,2.2652266799011223,-32.38026158670524,219.829875688103,313.16287936082574
53.3412499,-1.9637716401459742,-3.8978750652355734,3.230533525805038,-38.95026586906654,222.92231086544942,326.07932085639334
53.3512499,-3.494715476445333,-6.3441764748831995,5.0203935275057905,-41.69207549885781,223.10090796194103,340.1096391181403
53.3612499,-5.214881499559286,-8.686983164373775,6.625753984469117,-36.87656744916252,219.46511347670045,351.69961175109506
53.3712499,-6.561741096915083,-10.751594339917814,8.149973245614978,-22.805111345483922,209.4122674139429,357.6251823032645
53.3812499,-7.178134984258752,-13.616883435333092,9.810308050274154,3.315546775718735,192.6120809449789,358.6825957977273
53.3912499,-7.140740540091837,-15.707381713340563,10.834650431042101,34.59281572153943,171.3341491064215,356.97835716933895
53.4012499,-6.778008565171045,-16.189414999411735,12.02558529152782,56.06790000331956,147.7535497442356,353.9007922480172
53.4112499,-6.117190344853897,-16.696390615815414,14.5685563393144,64.62088947689318,121.73570459321,348.3173862784926
53.4212499,-5.3186055639840095,-18.09282323809149,17.854855787189237,66.53405800568974,95.57269384782754,339.2366281055904
53.4312499,-4.487623193745722,-20.806701562232558,21.080228065687244,75.54526122751744,70.06725617617681,327.6695817655708
53.4412499,-3.1085105415240273,-23.202829466096695,23.21409876605899,97.10723737708427,40.601268134189475,312.2168301554232
53.4512499,-2.0955050772204773,-23.664824220518025,24.259908030517494,117.66368188532128,4.080705985426699,290.1639645113211
53.4612499,-2.12771099051824,-23.254711780094837,24.45881313982673,131.19871221261457,-38.13432725687362,258.53206125501254
53.4712499,-2.0931464836138263,-21.55762418128403,23.579547716306333,126.52268397661396,-83.75520965440415,218.37321867291513
53.4812499,-1.3127857000046972,-19.494930749413705,23.198383271226245,94.965348950399,-134.2384865789339,174.48877488943455
53.4912499,-0.0005612227879181059,-18.85153116237114,23.425965160413693,48.81329924837476,-187.52169089779153,128.40804128951996
53.5012499,2.2530598091934193,-18.830031647876194,23.03486599063741,-4.146232178580202,-239.52547973982303,79.80397702292073
53.5112499,6.212035375687216,-19.694670226722536,22.44206269108243,-60.031086295278804,-287.7232192483726,27.626296286712655
53.5212499,10.654917476393335,-22.15661024118356,21.710850338456794,-112.46852436494166,-329.65553403325237,-32.12581849811667
53.5312499,13.681272492687537,-26.028654471099962,23.07758243563177,-159.89937651138217,-363.57270570726433,-105.35790290539869
53.5412499,12.782575159499952,-33.84262014517276,29.313811987756814,-194.7944707591374,-391.55018319392696,-194.88861816021452
53.5512499,6.122647727381646,-46.18667369166839,36.89513946744386,-193.34369788661624,-416.61121094964165,-316.11892253914823
53.5612499,-3.504747994030263,-57.15466871272635,40.686900057783774,-144.61240882400804,-440.46141234859437,-454.1312907648048
53.5712499,-11.719344466851977,-65.26404503708505,38.11470763098741,-32.460227800980896,-463.38720081300704,-506.63447815552746
53.5812499,-19.388558237776497,-69.53939935574186,32.78821155028692,109.71594802293919,-489.04026616435414,-498.586082551903
53.5912499,-28.787990063858143,-67.94519767618976,27.904484860359073,223.7554723373099,-501.28591242803145,-499.6008444761352
53.6012499,-40.005229869264234,-60.03594023661142,22.294599690811353,302.29034798878126,-500.16764521843197,-500.8128416872841
53.6112499,-51.25752405798396,-45.50993112139869,13.336860806028655,323.0429606956832,-498.9224863689062,-498.99334017942454
53.6212499,-55.37019224911363,-24.540897327638955,-0.3477927632136041,251.37916483767273,-501.5467327819123,-500.8252391511672
53.6312499,-53.30614915125011,-1.9523989046328214,-10.371364282998229,112.34057187397528,-497.84861087288016,-499.7038856511021
53.6412499,-50.54662228524069,6.159236476684521,-16.58043428142068,2.683153105018856,-443.7961735822906,-440.52951165123324
53.6512499,-41.74455727028361,3.940521974309548,-23.949034715416612,-38.51516209085972,-364.4459626773825,-327.6709512793907
53.6612499,-31.25990218588273,8.303507785093782,-24.7582106657382,-38.695452516518685,-294.4508766196617,-227.4695064767011
53.6712499,-25.073735999704443,14.43061561711437,-19.481174540674093,-30.034426663418014,-216.98403640769578,-157.00068849392775
53.6812499,-20.8361498122052,12.328749140262538,-14.522050985111923,-10.746104055652149,-134.73606824398811,-87.01671946239804
53.6912499,-17.643899800435793,7.478937677853044,-10.92619911606219,6.78233283073745,-63.78732745450013,-9.560325194262722
53.7012499,-16.385692730089698,4.61465446944193,-7.177378976804576,10.711427353457998,-7.283485278271533,48.78159112085518
53.7112499,-16.459172695289798,2.5834938810582804,-3.808708585159251,6.98457356207403,31.34427531575583,75.66154580389956
53.7212499,-14.775582669449845,0.41079286464218584,-0.339555723154382,-2.2318069990116434,51.437534047277076,79.4954225685992
53.7312499,-10.66573086129365,-1.9415846656504083,2.9637369866764427,-15.654996429785577,60.78710622951173,72.33602549866704
53.7412499,-6.250871911894786,-3.8484917273388364,4.117766489199228,-29.2627869089137,64.5608367101093,62.830998333324025
53.7512499,-1.9362392818281102,-4.742281330006002,3.816985498995042,-38.823431634231284,63.91462490993292,52.78619026586916
53.7612499,2.699590971170758,-5.037244706203958,3.7533752826301323,-39.36890696456236,60.46607455175988,41.91466356476553
53.7712499,7.220835138484503,-5.602735210464369,4.221778064160085,-28.97495191377357,56.735812702208655,32.47905913462342
53.7812499,10.889492232247735,-6.602923415623464,4.84762073060487,-11.532199668899498,54.64374941983203,26.284573709446608
53.7912499,13.231250563832512,-7.3761511068338725,5.310109502329629,7.8774649592707275,52.669913027367706,22.02538129745693
53.8012499,14.266374636480075,-7.394778370724203,5.316864940188984,22.218780782835942,49.580344680750045,17.251343252960268
53.8112499,14.197485607180989,-7.2345419656371,5.000823355432504,29.194260617875734,44.904150376935696,10.683470605769173
53.8212499,13.601022743527933,-7.15338595598098,4.74568844419218,31.124640841377687,39.34693534637902,2.617545026937911
53.8312499,12.679881437926783,-6.959220165436887,4.893843690731076,24.541832092390568,30.977668628476405,-7.057381538195979
53.8412499,11.56779925468821,-6.945367096571852,5.370232854955293,9.738645971637874,19.87611994036994,-16.87317656225693
53.8512499,10.75847060442402,-7.101219138167799,5.582357257967456,-5.479089017320128,10.67475113164157,-23.877943298614024
53.8612499,10.366840617631025,-7.054964917275698,5.547317278934493,-19.055450222017445,2.5659565558982864,-29.34591172127534
53.8712499,10.308647449160675,-7.052740974375228,5.6471572159544605,-30.217220963263905,-6.894264769533689,-33.970640599408476
53.8812499,10.291772189212343,-7.218305243217167,5.617048638409379,-37.5898676834101,-17.70809665721242,-37.240389871850326
53.8912499,10.071261239817543,-7.178505194944161,5.148051684900691,-42.39369181181327,-29.597356025612687,-39.39759594790205
53.9012499,9.900549431394728,-6.97548302264759,4.53787024359052,-46.607009151215884,-41.51557463001525,-40.914407597916124
53.9112499,9.944556351212968,-6.775890152781237,4.127871710284638,-52.147677016125215,-51.96112814795877,-42.5323353059924
53.9212499,10.034412538738266,-6.530279942817254,3.5368960919223347,-59.30530863281887,-60.01008080188826,-44.9352964035672
53.9312499,10.101343043738321,-6.030259940304165,2.7041246880050536,-68.20871016420378,-65.83116371647768,-48.361268760921774
53.9412499,10.180800988676111,-5.434383299627572,2.3803545931494337,-80.338052255396,-69.58116449867423,-53.41075709798427
53.9512499,10.21351272741238,-4.906068760843466,2.4188442101801515,-95.25720168957099,-71.37533108387247,-60.14631355004009
53.9612499,10.169866017297618,-4.307203060917966,2.0930878249722826,-111.04941337001212,-71.7885065341048,-68.13290248539575
53.9712499,10.13167862875929,-3.725531107753903,1.4835321318932748,-126.72840302246142,-71.58450810727743,-76.59389929642857
53.9812499,10.027098850160257,-3.427590669188899,0.9738956733098607,-139.6529644210425,-71.76974447573126,-84.30612758974256
53.9912499,9.817665277320646,-3.392437188620139,0.6526005876295673,-146.6334772698528,-72.16998060173731,-90.14089459732479
54.0012499,9.613904307230866,-3.4973862986330335,0.5314420559307951,-146.49947205174806,-71.53983770721207,-93.06081657092156
54.0112499,9.36427084414068,-3.5894880650844287,0.5918564989991821,-139.19114361727642,-69.49668034024685,-92.45426049791745
54.0212499,9.043117850479607,-3.531535245922891,0.7579897575686314,-125.80850449574662,-66.29291254173502,-88.32802618965641
54.0312499,8.776456745960852,-3.394929815324798,0.8579550712246334,-108.39333023494942,-62.1192634633407,-81.18630681862518
54.0412499,8.536060966272087,-3.189747704908433,0.8943538402934582,-86.08515595496907,-56.53189543461313,-69.57631056586256
54.0512499,8.170333336238748,-2.9840414879760573,1.0727911997405277,-60.31046004590027,-49.151470271295935,-53.79080277734293
54.0612499,7.679643146768679,-2.8747779695248568,1.1827515467043621,-38.64543246196671,-41.98339377104434,-38.55824056387467
54.0712499,7.198351612143646,-2.682291269679543,0.9467085000706873,-19.835639804143685,-35.41779569415171,-23.928923365089812
54.0812499,6.952077109688813,-2.268770933854757,0.569987524848889,-3.7778850501404735,-29.06085283457107,-10.665129053925199
54.0912499,6.885727370050154,-1.8430702000036119,0.24503912438259362,7.974258214373286,-23.493835129409508,-0.30057424938113914
54.1012499,6.806335705370284,-1.6524374340574504,-0.018207774477417553,15.050014315200192,-19.461016525068423,7.7237324709627755
54.1112499,6.699208946383939,-1.5721786390353225,-0.2087943226218138,16.87744158704675,-16.672958717543395,14.228775014942672
54.1212499,6.6166284468264385,-1.5923652784466125,-0.37257389293047033,14.460651474145818,-14.561301982732177,19.58332436264138
54.1312499,6.620199345140096,-1.7358508176227785,-0.4701015523812195,9.158687436066739,-13.17707843884633,23.79006629336634
54.1412499,6.757034309863492,-1.9296575332561108,-0.4859603218079207,2.3911268111237405,-12.279243850907422,26.69731612599526
54.1512499,7.03825993467245,-2.1682146653793577,-0.5306672166095664,-4.621680010672373,-11.63569490613098,28.13556631386006
54.1612499,7.429128538354193,-2.4832909773039358,-0.5194288533252347,-11.33072080906721,-11.444582027965064,28.39591245421908
54.1712499,7.862912690724342,-2.807637012157532,-0.41627515586686736,-17.433585899009376,-11.03910969527681,27.633969507011862
54.1812499,8.214315016358615,-3.0546445447969046,-0.38665489211698434,-22.73348844831979,-10.472722792378,26.051690618156382
54.1912499,8.502361443894157,-3.3613174680620586,-0.44472958082237857,-26.55556620787913,-10.294957185820804,23.85110330738428
54.2012499,8.803686634369752,-3.6927534648138853,-0.4677981178098845,-28.1395467165155,-10.145587066632823,21.52680343110081
54.2112499,9.056585583967541,-3.9580980676077133,-0.4167235897213018,-27.385398732939922,-10.356669012953393,19.13139674801173
54.2212499,9.300004305281059,-4.249799032775304,-0.3459737975088111,-23.839652712880365,-11.046622116644071,16.868709688733556
54.2312499,9.522213445959457,-4.403789288957878,-0.40122178869740815,-18.509923763878547,-11.514711531557072,15.046386682507274
54.2412499,9.606947862885965,-4.322684273545808,-0.5733462619419952,-12.824995466689137,-11.798118238032089,13.59888638209684
54.2512499,9.677342399419384,-4.09639692421672,-0.700028334944168,-7.437746048241074,-11.844068198370689,12.50722860205141
54.2612499,9.823274296536537,-3.8797362967193125,-0.7023395205778944,-3.847082819166248,-11.05360022824292,11.484082436469516
54.2712499,9.91438466041322,-3.672483663660209,-0.7190128636219342,-2.8589836257668972,-9.59539930449125,10.698343331816945
54.2812499,9.881784844295373,-3.4966379608791467,-0.7757917146070765,-2.8843713128085664,-8.040453939759315,10.070979891159919
54.2912499,9.855138599924052,-3.5900964286258534,-0.7151886176849117,-2.4357565246064325,-5.701000333552669,9.852280789079103
54.3012499,9.639873228144111,-3.4931958315849605,-0.6200270904636737,-3.6476855214414985,-4.031242173412938,9.33205779833063
54.3112499,9.354937941484895,-3.431528316340441,-0.6949827166415855,-4.279604221726735,-3.889395457572765,8.455508205138969
54.3212499,9.408584482543185,-3.595072944570755,-0.8328974552002156,-4.234917068021999,-1.9998349476003545,8.076005748550564
54.3312499,9.347780599485619,-3.4823173144229482,-0.7802153326405075,-6.423455981483932,-0.9129649027767783,7.783593483497474
54.3412499,9.175375402938442,-3.3657306044094955,-0.6421332875270908,-9.240514139623789,-0.910238659784938,6.920431776289412
54.3512499,9.199079877755644,-3.449206310458759,-0.5561055414762733,-11.34823992020096,0.5225650486980111,6.153476642674078
54.3612499,9.132480239218335,-3.600288976390325,-0.49167660062535773,-12.639940746292377,1.4618097073812983,6.207905174281969
54.3712499,8.979351481930234,-3.824445781065023,-0.3712658017659694,-11.726845839871904,1.6054608847866572,6.76388075342341
54.3812499,8.85451881457155,-4.061160967985242,-0.2267311280999228,-8.373046488055342,1.8523457649350066,7.6505401533430595
54.3912499,8.783989426145537,-4.2307904805959184,-0.17405798338495546,-3.9609803109191613,2.1584595340061883,8.51104898788204
54.4012499,8.766057109288065,-4.333626782847694,-0.1998182632981262,0.6283545157441875,2.474229813312171,9.522932894726868
54.4112499,8.715771110674142,-4.357180396139239,-0.18624420303640005,4.833603556843057,2.4294110675165173,10.148628022508596
54.4212499,8.741302533898569,-4.316242617060218,-0.19833641939299282,8.010171444117733,2.562102888932126,10.131933587108616
54.4312499,8.829431723972279,-4.154520107168108,-0.267287698369071,8.8869910646875,2.7458471952058163,9.498303197299817
54.4412499,8.89057355648701,-3.9997009081018344,-0.21952658275110043,8.2143318795852,3.1992396367058706,8.017949710458266
54.4512499,8.88133509724127,-4.06700935432323,-0.036940317281763495,7.0282692048763975,3.823065805037952,6.424660770264139
54.4612499,8.878550201430837,-4.294851756319126,0.03411268273803364,6.1776776743083746,4.105713779342448,5.234804135019935
54.4712499,8.904889524915639,-4.459562610836434,-0.07041113569675203,6.526042697400886,4.100896163830012,4.326310061338188
54.4812499,8.835410262444436,-4.432150680088377,-0.16102923685615914,7.088189860513166,3.702655090122101,3.694680363533492
54.4912499,8.692055610221995,-4.324235723963768,-0.21173390196506364,6.670233763497456,2.947976528398813,3.057847264067823
54.5012499,8.581742906010893,-4.183390291255529,-0.2778444294145727,5.140490155250413,2.283317753371376,2.4212448248074994
54.5112499,8.508797185637796,-4.0734546622118115,-0.33839073365733807,2.839476888123069,1.4451556562037817,1.7711929728410583
54.5212499,8.536013649683108,-4.103551122957782,-0.3033230565710208,0.7299500988505491,0.6317675114239486,1.0777724522787857
54.5312499,8.621517539986018,-4.250968098749294,-0.217804816825058,-0.13470212297372147,0.2160011071261877,0.5364338683552214
54.5412499,8.6791257446317,-4.431194188796999,-0.15084784553813307,0.47415557116969026,-0.1678544391096105,0.3066738670293125
54.5512499,8.71429687668622,-4.5393988825144955,-0.12592586063621558,2.189579404993524,-0.49594688786696417,0.4294099511675764
54.5612499,8.683351451049047,-4.544842531760771,-0.12944683226260492,4.6072890477142545,-0.8040010415390364,0.7974060223676569
54.5712499,8.648352861907297,-4.522805255313512,-0.14592844341548922,7.2054074601014335,-0.9727575001311746,1.4220366969097724
54.5812499,8.647989340815569,-4.49014122111575,-0.17978505281358786,9.188908139876636,-0.9569412891406123,2.3616189152031684
54.5912499,8.64036344298658,-4.481439002229263,-0.20813036826633916,10.260782197230265,-0.9125772176960396,3.4006613961658325
54.6012499,8.636849994139308,-4.461839573462954,-0.24900619337203392,10.589383734009044,-0.8860845244336849,4.451505195168316
54.6112499,8.698408269984446,-4.390276244196497,-0.27768635527832997,10.355333156309785,-0.7667241227453012,5.151285369224626
54.6212499,8.769507051486848,-4.364100641068418,-0.2483114830383003,9.861048297987377,-0.7095129373222103,5.582076763986166
54.6312499,8.778116290698419,-4.377943769111774,-0.23025956438548648,9.072788373938653,-0.7920973744292418,6.205923455343205
54.6412499,8.718333591898316,-4.324439241028414,-0.33746787099993075,7.7809170750202306,-0.7692643558460832,6.307344204226447
54.6512499,8.62157443724673,-4.2075282040433075,-0.5196181705961906,6.14113133487747,-1.219619592336322,6.158838473951839
54.6612499,8.553287054505258,-4.19973625978301,-0.5912090575749215,4.460701173009426,-1.7837933512080906,5.878894755405598
54.6712499,8.535536083303976,-4.323592938119812,-0.5509751824494901,3.1069878486470457,-1.951965320762478,5.569490970768526
54.6812499,8.560105121696639,-4.437709107933472,-0.5280230887372589,2.2070964483634996,-1.328408516102864,5.518250049179354
54.6912499,8.62634295816219,-4.53167668222606,-0.530036467904567,2.2783422293171425,-0.2776635528454482,5.783101722014054
54.7012499,8.742640904687619,-4.586889756309031,-0.4853664812547231,3.1561516938545733,0.9618874951684487,6.2637257315030315
54.7112499,8.79719249254119,-4.567729862779871,-0.4225383492569638,4.188544576740176,2.5228543860137282,6.81514991773065
54.7212499,8.745871942896121,-4.479828644458079,-0.43703616350313174,4.922767306506347,4.055267878505033,7.421697094878956
54.7312499,8.681404646902598,-4.36962894990685,-0.49795066718292447,5.2064947913055875,5.480739863346078,8.214218677372388
54.7412499,8.627275596527905,-4.3475228685095075,-0.5446423776440099,5.155101086722284,6.776234091837323,9.137737460337291
54.7512499,8.528933532557165,-4.366934321544591,-0.5897420638779837,4.452757835951591,7.552970947968337,10.36503371386496
54.7612499,8.489636066618115,-4.422101364372493,-0.6277124794082141,3.2475868982696006,8.23737366798928,11.766011658243889
54.7712499,8.498519593309835,-4.513713326628915,-0.6442714552862535,1.8494277084147568,8.95134180559508,13.352519592039505
54.7812499,8.435647138282143,-4.566828869677868,-0.6621686131360679,-0.013166264745754972,9.493876950755125,15.237722602474824
54.7912499,8.37981288141215,-4.653802776067127,-0.6734077641787052,-2.239376189941666,10.32834451557151,17.271787184182823
54.8012499,8.28732956767216,-4.769088979886237,-0.7210653568811064,-4.897053122420631,11.29030348335378,19.7631440295073
54.8112499,8.126028655915952,-4.913977694446878,-0.8563397667750733,-8.095252545792542,12.28692730710087,22.656472404370756
54.8212499,7.935244165262283,-5.086758358661364,-1.0439229398229282,-11.903402251584222,13.588357437225744,25.247454963493954
54.8312499,7.672944859360342,-5.226939202581521,-1.2114761041054856,-16.356139248302846,14.971900853300122,27.398001819876963
54.8412499,7.430889344454969,-5.354246917151418,-1.3062452583544775,-21.150211583901545,16.33101960950502,29.030191478023507
54.8512499,7.241783783040852,-5.493803618162415,-1.3781748822666777,-26.124790509042366,17.903837084085865,30.725414181982686
54.8612499,6.975611132553068,-5.626361009756533,-1.490246505254993,-30.995539951880048,19.79268918237275,32.882915357181226
54.8712499,6.662537042426272,-5.738173479530165,-1.633377331437214,-35.60441585894017,21.87067062113058,35.177586422017455
54.8812499,6.2975006204715545,-5.881905774756289,-1.8637598519635286,-40.021921304064364,24.774163818491022,38.23405005654202
54.8912499,5.855896955543013,-6.039486125305455,-2.1403925244680684,-45.6466927981607,29.656133701893314,42.72371947387257
54.9012499,5.526379994325339,-6.083755496737811,-2.3620067885105396,-52.03874226049763,35.71604490260889,47.5600208035468
54.9112499,5.2262503112086485,-5.989633650270429,-2.578987379936427,-59.41879786921932,42.43058751955287,52.449502362343594
54.9212499,4.812056841341487,-5.973883275518103,-2.6979325868441624,-67.6029443843057,50.11139265915193,57.67225368497043
54.9312499,4.360223367643565,-6.0840436818655395,-2.739304870469948,-75.5715152737624,58.639539658569916,63.25465030605605
54.9412499,3.958288023379508,-6.236496729458815,-2.808292516343916,-82.6309255123629,67.5423265965506,69.45880847650312
54.9512499,3.6469419190339405,-6.370783852806957,-2.799979648750754,-88.38018608109356,76.57921998988232,76.18170189565674
54.9612499,3.406452666615341,-6.426298602204263,-2.753758977306555,-93.03040824807682,85.95683816978482,83.14579014469672
54.9712499,3.1405855288254414,-6.371827655247821,-2.727811503522373,-96.9493003425004,95.5206711248399,90.48111234484206
54.9812499,2.8616679931341835,-6.2231094241312634,-2.6744788343744363,-100.552094261632,105.16776004773456,98.1210400057764
54.9912499,2.6204629109911215,-6.073585482810459,-2.5818903345350357,-103.6776834234704,114.92270582608678,106.17108047597553
55.0012499,2.3873516121748732,-5.892390369064339,-2.486492075474354,-106.16719722148639,124.62774655050696,114.81781501311615
55.0112499,2.10805836811264,-5.548427930490166,-2.3763379792683095,-109.14324501349769,133.70205449721186,123.8739219124397
55.0212499,1.7897071842058172,-5.282934301396864,-2.100041145110753,-111.91231857887588,142.41510621703216,133.32851497973783
55.0312499,1.4285311640134928,-5.330985560890968,-1.637018945261061,-112.3235466140455,151.15637397880138,143.1117670638951
55.0412499,0.8935361488540144,-5.275955420094648,-1.2526330852065979,-110.65106575960345,157.73238605885564,152.9342326330002
55.0512499,0.4821076204328417,-5.3192037189832355,-0.8228591047355432,-104.98837647449785,162.57504936037537,163.2801721094197
55.0612499,0.23047376423456015,-5.387715790930929,-0.24498606369224224,-96.72540188501414,166.19376748254294,174.27709857050516
55.0712499,-0.005609146421436288,-5.2308830877123995,0.2121559535140114,-86.2943190875856,168.42942180995186,185.99611253680823
55.0812499,-0.09512243633373652,-5.06428264781383,0.5900975417462069,-73.67902322871524,170.1473464915012,198.0977905211339
55.0912499,-0.0853342621088247,-4.878540793869241,1.0675681395051728,-60.43420269159599,172.06442063174043,211.55779070472008
55.1012499,-0.014771700959944723,-4.554589654777968,1.6695166327820417,-46.550445546859656,175.27360081411777,228.26737112893102
55.1112499,0.03894923283350662,-4.419007079094197,2.377953132512737,-34.41470602711494,178.2805384250337,243.7282721462034
55.1212499,0.07450307860232354,-4.889860926199629,3.4712709310120577,-22.465096513671277,180.74272509596133,257.9403653078568
55.1312499,0.12699489010952383,-5.321433020209296,4.336028213695705,-9.427737554147484,183.53029534473325,271.74086717520987
55.1412499,0.03546633598277279,-5.541552229608226,4.667905447559517,4.538853542712878,185.1197672828691,283.22258806800755
55.1512499,-0.3444577735939945,-6.12623852584663,5.202397444765715,19.253329062446493,184.3520109139849,292.7799939028249
55.1612499,-0.8231481946999688,-6.765327745247516,5.962714957090548,32.35052923963384,181.95049124853523,301.3232022415314
55.1712499,-0.9253671178887375,-6.858788346057442,6.611183529533432,42.00400136073379,179.80346216582595,308.8493946234003
55.1812499,-0.7107236831556776,-6.613715413796462,7.281827661465385,46.33213463138289,178.39283240488953,315.66673017506383
55.1912499,-0.5587684927120099,-6.737938326719384,8.183037641624601,44.85369752665268,176.7386953891181,322.5375304552832
55.2012499,-0.6872834545778186,-7.414925389938658,9.015660591625558,39.82832213760615,174.95013855419845,330.2581901503408
55.2112499,-1.1703375032009282,-8.452466922148256,9.661413176270775,35.47109743260389,172.53943479484442,338.07669847221047
55.2212499,-1.8352713782769114,-9.673237979539211,10.334274041538299,34.683947252892466,167.27341616622294,343.4522109499769
55.2312499,-2.412252770753481,-10.939431936947576,10.787904791627142,39.77231537370215,157.7451894301684,344.52346080280944
55.2412499,-2.8705014028955005,-12.29176231520591,11.414788783531325,50.739596405035115,143.73882967307088,341.5712235861529
55.2512499,-3.4047683525794086,-13.882586114695872,13.118521925062884,62.114449076569954,124.60838403264576,335.89229043371176
55.2612499,-3.9831918512857993,-15.257171093238592,14.990854398054381,68.33004883663439,101.10901270166137,326.7229387752535
55.2712499,-4.472364417269245,-16.273908131721008,16.227562165888546,67.71779589975851,73.42200580890787,311.7501177792013
55.2812499,-4.840987804130958,-17.868089914048333,17.55961744541546,62.89397571839196,38.95898110695601,291.1559719406273
55.2912499,-4.690053903296963,-19.776616610300206,18.62988491061553,60.84184289188182,1.282798419492353,266.89157147886306
55.3012499,-3.724448730046117,-21.10700834634924,19.486384011439277,62.98464781670437,-37.15443740778996,240.71942855587204
55.3112499,-2.0836225091087064,-22.934179080171035,21.15609932514896,68.6346535424742,-82.83343884207551,210.17688557551776
55.3212499,-0.823413202648752,-24.9093853095345,21.664208721139147,80.48380039305405,-129.08128439093585,178.92016916865487
55.3312499,-0.10062224419797657,-24.85325662737436,20.95296865487511,85.93890522611542,-173.07240652031243,146.46511688602288
55.3412499,1.2791537571774823,-23.174215796643622,20.805036502214026,70.52409077434923,-219.65986056637317,105.724423332083
55.3512499,3.9176338279849805,-21.78102847059326,20.754481671387865,37.59672079535693,-266.79851497645507,55.99000373501504
55.3612499,7.53973852504202,-22.28397847793869,22.72670002983533,-3.1751707149616157,-309.8388038150092,-1.1179735106596043
55.3712499,10.775312136039423,-26.858607694432386,28.020789481040584,-29.333095076300648,-347.635688052978,-67.08109164517916
55.3812499,11.540085065899348,-35.68129519299249,34.450072206074786,-15.788801545692575,-381.10818168493245,-144.70004396283198
55.3912499,6.786223561387172,-44.945457638452055,39.93578407325182,38.11009855909363,-416.7109243334231,-237.64462106019806
55.4012499,-2.03615569659425,-50.32503169285721,40.57396050023336,114.43724218381878,-462.2200744251668,-342.81064510601857
55.4112499,-9.974488563934008,-53.084117929484535,37.61372965619113,197.44322709675345,-496.90023056460234,-440.3531559250288
55.4212499,-18.079111340219786,-53.36026557882439,35.35189432077729,254.41575286310817,-501.1599743362112,-495.39778812476874
55.4312499,-27.02850780934496,-44.83602678466361,30.874606108236335,244.7470115724341,-499.29834925613534,-501.36358678891185
55.4412499,-33.1067520813566,-34.57635534620587,25.161216729337795,183.13259544992005,-500.4391665872597,-499.2843749992658
55.4512499,-37.149795102542484,-29.51275928430626,18.039830462374052,91.69532216230108,-499.77268214140713,-500.5331199623959
55.4612499,-37.54775646310512,-23.60334393902977,8.53524977596864,-5.551402600950095,-499.21958595687704,-498.771070198017
55.4712499,-36.08474199404137,-15.371232848570745,5.320685358700159,-79.92714784143789,-503.74150439836404,-502.5656836853651
55.4812499,-41.28014833139053,-11.207416625515398,3.897272582268935,-77.54139676857312,-470.8527004632178,-487.3917855845619
55.4912499,-46.94890390656314,-10.619736458851591,-6.921357294908683,-7.120184169861135,-390.96680583062835,-386.3229531236611
55.5012499,-43.42015727489424,-5.058142558736393,-19.30570050923561,61.883381502016654,-333.90329448648896,-236.8491702559397
55.5112499,-34.487052483349785,10.85553918004611,-23.662489672284412,80.24419757156731,-291.67040601837016,-132.22477440919852
55.5212499,-26.227271245274817,23.01311107838555,-21.23461745706508,11.049411783543713,-225.79813515624187,-66.98066353110873
55.5312499,-20.601583986204037,19.86891069136975,-17.663380580698067,-95.45936735693132,-149.13153153778353,-2.8568687818131533
55.5412499,-18.027221417447226,11.99603814221471,-13.775827225855627,-166.28021305242146,-85.85310718579917,45.10687024959512
55.5512499,-16.729888887604385,5.070501698679052,-8.804629290811263,-191.55260955140116,-38.517821643077305,67.83254631339138
55.5612499,-14.316904856247342,-2.1229789307507483,-4.321593527632152,-181.86093021326863,-5.926619728297509,77.9487065637352
55.5712499,-10.564431835447069,-7.131988777618026,-0.7218464381450687,-158.90089629228137,14.852453276551287,82.43256733021417
55.5812499,-6.049457246038923,-8.861090870848983,1.56053310182833,-140.35254630619295,28.66960158880748,79.9215073425556
55.5912499,-1.5724851764773167,-9.153908635522537,2.64001944886814,-125.01409878955282,37.19664465874428,71.2629262223743
55.6012499,2.410293041007214,-9.55907521407851,3.211937940978167,-104.53923563290496,41.23946070038304,58.55788742976458
55.6112499,6.496846749472437,-9.774524579126675,3.7667801188025196,-81.94728005829012,43.13299003815177,44.732038837254606
55.6212499,10.588529471760832,-9.483388461545287,4.557625899185382,-63.712928313760436,45.334106298330155,30.623559965082553
55.6312499,13.316349179029304,-9.523645326901752,4.864228251056792,-47.668726724237736,48.36084352632152,15.568749432210842
55.6412499,14.270388055312415,-9.842292042348111,4.479995225621491,-33.983790896142196,50.701599545863644,1.5954418647402016
55.6512499,14.214061080399924,-9.622805110423363,4.027904827332057,-27.08327759381757,51.63324263905173,-11.310586072998452
55.6612499,13.521766540669438,-8.920590305538301,3.722259829622878,-27.781168368365705,50.16843874172236,-24.401924327937326
55.6712499,12.688071283800262,-8.275983992937341,3.7455800437679674,-34.47585628647273,47.26209833267851,-37.2340761033902
55.6812499,12.185218854520818,-7.791263614767845,3.8038830953290645,-44.61394496674589,44.200380006340225,-48.324384157106465
55.6912499,11.80379052677781,-7.5725215144149765,3.940147450408055,-54.459516556706305,38.811356115347444,-56.774429534707714
55.7012499,11.509922600659268,-7.701302509268325,4.422570711403577,-61.62103300253259,30.649386643989583,-62.56055483516084
55.7112499,11.419672318880336,-7.8729897252162075,4.774615886270486,-64.97915856170317,21.705276316168533,-66.0407286479261
55.7212499,11.170806148030591,-7.940115837018109,4.88897005705738,-65.15881248691316,11.012344286062147,-68.10385890953803
55.7312499,10.70248961708546,-7.866805517164535,4.797646495089642,-63.14983633856302,-3.4955689692992182,-69.54813900718659
55.7412499,10.233944975617044,-7.369280777590614,4.298015117867541,-61.67732381182316,-18.560792882565085,-71.01379217765465
55.7512499,9.815392123346644,-6.597994606646576,3.6761579242982023,-62.98122960802231,-30.485477399984756,-73.07735450559555
55.7612499,9.471013145412927,-5.827752176540974,3.0714400833494686,-66.47333981381081,-41.30836655198014,-75.73613529169394
55.7712499,9.209127906338738,-5.016578934361126,2.4651600531620685,-72.1492179210221,-51.555711722323046,-78.655903858979
55.7812499,9.144605319434445,-4.347675551369247,1.9460900099869607,-79.58394678684951,-60.40449389735712,-81.5853231796599
55.7912499,9.263345646387705,-3.7545124461480084,1.49622080761112,-88.31198387791888,-67.31491151430903,-84.17326259474166
55.8012499,9.336572221467035,-3.1940262871465332,1.1127223183783557,-98.40325995523482,-72.48005439920559,-85.84589542436089
55.8112499,9.361230153963334,-2.891477974251376,0.8538895443016145,-108.99283286520516,-75.72714768719796,-86.01775683337733
55.8212499,9.407986169129488,-2.704496639272381,0.5225604209762457,-118.17254210166553,-76.50806758931553,-85.07468938198116
55.8312499,9.373292002626876,-2.48512406469645,0.12435069646857344,-124.90242598778282,-75.5206704592092,-83.2976134446522
55.8412499,9.30155167505205,-2.437156637811451,0.018314590543213327,-128.09518097786187,-73.44107532635418,-80.29003165809601
55.8512499,9.266592518187364,-2.5686847889674462,0.1598731020425177,-127.03143118542765,-69.89282300522503,-76.15012989141619
55.8612499,9.106374941663876,-2.7375531116435723,0.3267679851564623,-120.80500572251212,-65.12113942427263,-71.11322022093594
55.8712499,8.738038623330018,-3.002847379695727,0.5321808984715236,-108.57906405345976,-60.516099209102485,-64.74349806705223
55.8812499,8.282884964918342,-3.361833353835078,0.8176012023459274,-90.69431399138438,-56.25306562233346,-56.641217108853205
55.8912499,7.8845910184125385,-3.5921174532928997,0.9458477902368093,-69.41090053596841,-52.09934365867309,-47.25767470558855
55.9012499,7.602719481805506,-3.561936270949576,0.9070957699338873,-47.01653974693188,-48.26137252167211,-37.55260327826681
55.9112499,7.361799905672301,-3.3743905645210024,0.8672080119139092,-25.57160681223139,-44.801665013745406,-28.810547895455535
55.9212499,7.147761292106329,-3.021726250263614,0.6286666380151755,-8.37839453192266,-41.629359795080205,-21.530138554094776
55.9312499,6.987160929307018,-2.5791881830934105,0.17430941862111682,3.3925887054279955,-38.928746155913736,-15.794494189404112
55.9412499,6.929883346376924,-2.2083849327612333,-0.19362972502087025,10.427297596579981,-36.004104805883635,-10.727551784646362
55.9512499,6.975682540685826,-1.8857520942289518,-0.4211728582763155,12.190130379543339,-32.567059243975784,-6.3945001349899
55.9612499,7.072317008967322,-1.6596745153144719,-0.4729128838138827,9.815882438008392,-29.27103118419055,-3.765590037429931
55.9712499,7.270857551122176,-1.6154184568346956,-0.4472257394577485,6.0940956781035025,-25.727261863091,-2.142280066080227
55.9812499,7.4621421704119175,-1.5766824673122537,-0.5183608038193038,1.7805714499795262,-22.08971847180344,-0.8724765549565664
55.9912499,7.532387315953002,-1.5556550910015283,-0.6599643179007478,-1.7274734913334902,-19.47859691772049,0.03947018204295107
56.0012499,7.572977836235709,-1.8329081688172992,-0.7200701341766704,-3.504587977284219,-18.021981631338996,1.1154142611384552
56.0112499,7.695269034091873,-2.2308421202848043,-0.7221908222597436,-4.02103331128653,-16.9267711684856,2.5706144191932974
56.0212499,7.88146090449322,-2.3719401773060143,-0.9153950405471862,-3.565946136863445,-15.7251718827128,3.65778952276259
56.0312499,8.121789067812353,-2.3276348323577754,-1.2295557966629675,-2.658545470724783,-14.689711058361834,4.111247847345432
56.0412499,8.447409928784444,-2.2947914652677874,-1.335596461968119,-2.185782676386676,-13.630516032064053,4.227133133702946
56.0512499,8.84198337674133,-2.2953114832747494,-1.279037483695765,-2.431740934567674,-11.914898836102488,4.190934059861386
56.0612499,9.19797077599609,-2.2218725223213003,-1.359691375768056,-3.408016685428266,-9.652042896299617,4.481441855061992
56.0712499,9.501096640813303,-2.135655918735368,-1.508521130182904,-5.191582384001872,-6.974101958497261,5.205361540462526
56.0812499,9.757715694379243,-2.2341740060660604,-1.5787675009027284,-7.01730563418424,-4.092944187828565,6.3205313629710425
56.0912499,9.889437395500893,-2.495397127276374,-1.6416372789639284,-7.542133463651809,-1.5232275627497511,7.924722567928849
56.1012499,9.930114678775707,-2.7352626328073413,-1.6457011285041399,-5.897423416988476,0.5966404244213672,9.628311571385408
56.1112499,9.987222696859954,-3.0030391544421584,-1.5796990447607335,-2.3145432996536446,2.643392816109248,11.158316006642124
56.1212499,9.952638819816505,-3.3005499181057556,-1.518246942223042,2.465262074617425,4.468300219781944,12.854275172741602
56.1312499,9.823833545957466,-3.5397880716055994,-1.4834491074891414,8.249001037322191,5.612217646869361,14.4551963205534
56.1412499,9.687774631436966,-3.599834913355259,-1.5499137080944092,14.013499922504263,6.020656543171422,15.947711836349589
56.1512499,9.490734799089394,-3.5473993785767384,-1.5931232792007715,18.837082879322978,5.808462022653084,17.401843672239774
56.1612499,9.335391796817348,-3.539408634372172,-1.5262299497791827,21.225017996987244,5.11423132212771,18.55665837757577
56.1712499,9.257422484417091,-3.442494842682952,-1.5451648996370262,20.069802813071746,4.3820390180946465,19.08866001298095
56.1812499,9.189456296227126,-3.303223626130125,-1.6171395193696951,16.54735040170336,3.622754561140235,18.866613766244356
56.1912499,9.180849158027485,-3.2543446878155953,-1.587768056469588,11.187533591978942,3.009412830716978,18.18389034354171
56.2012499,9.186064461058224,-3.295220720140202,-1.450933766208192,4.1537606799781255,2.7628373078672905,16.947474538576156
56.2112499,9.126088430521762,-3.390125708834071,-1.3096138887222797,-3.457291538206564,2.922238378428599,15.170727489665715
56.2212499,9.054730045292528,-3.54209082746357,-1.2171246863689307,-10.081855593517673,3.38220605965667,13.256336391039191
56.2312499,9.007418390885144,-3.8158510476527607,-1.1344213148912636,-14.17020558647234,3.64273386229826,11.589073228722873
56.2412499,8.928044968334955,-4.088620225235992,-1.056651851740066,-15.628692220721355,3.370630165561324,10.502096539824128
56.2512499,8.885209864526619,-4.214377833914987,-0.9917940538107736,-15.411188626712436,3.231847705791885,9.673169756322242
56.2612499,8.888374992446886,-4.216359002959105,-0.9284190490386061,-14.682288874599823,3.286477253302661,9.023108382099123
56.2712499,8.885379584058157,-4.157563850174545,-0.957500649492587,-13.674321536841493,3.56548751061203,8.601374398927929
56.2812499,8.90199608457797,-4.143744552589117,-1.0199672337719798,-12.690358686244855,3.9861172405834595,8.546794037699122
56.2912499,8.945623372007477,-4.138770315365136,-1.0014330935370996,-12.11107696190126,4.659054801978008,8.922239742574103
56.3012499,8.925414117765351,-4.152626882326151,-0.9334933660570314,-11.638901810026997,5.834246532911392,9.467861121737593
56.3112499,8.85110045980592,-4.190671156044687,-0.8738026843276074,-11.300596782508924,7.1869028827223715,9.9568050686786
56.3212499,8.81829373117457,-4.274038359541136,-0.8267181859501532,-10.46271571999472,8.227931276572782,10.03571801147667
56.3312499,8.789240270458293,-4.384057063465213,-0.7849506772196064,-8.477282613880343,8.786865124676048,9.974318760264103
56.3412499,8.763666578628834,-4.4150857776885,-0.7561480006854236,-5.949487972030991,8.950037895929931,10.018399526519467
56.3512499,8.775905978028074,-4.410915296053862,-0.707103554203874,-3.310125281087492,8.96765530771679,9.992074141323734
56.3612499,8.763443262452327,-4.396561920227495,-0.669428742400673,-0.09746712085618695,8.845208084693999,10.139164021211597
56.3712499,8.70115745356474,-4.353875828470705,-0.6917355447570335,3.3177016600707305,8.336900616923664,10.382975440046081
56.3812499,8.685545773644046,-4.239133407350638,-0.749432357374796,5.201947507814953,7.636986383006841,10.699266516103767
56.3912499,8.726824403977373,-4.032403742142541,-0.8099531856588503,5.481347085381065,7.013796099451997,10.931353888110463
56.4012499,8.780660591583388,-3.8526046649862358,-0.8269840375909348,4.666118520904906,6.387453102358193,11.093265813723832
56.4112499,8.857292971478792,-3.778549306461266,-0.8186371622300169,2.689963373242365,6.066752285662813,11.35288026618133
56.4212499,8.930320018135316,-3.744853143193575,-0.8050974327525016,-0.00116314508642653,6.147861151632239,11.863121543164393
56.4312499,8.9430091487602,-3.7339654275678105,-0.809056186013814,-2.9421709873197384,6.121908130794644,12.49547926759908
56.4412499,8.947652165918843,-3.815026295339192,-0.7912166401738542,-5.877211156579497,6.048258315498319,13.153273099588262
56.4512499,8.94827750601299,-3.947658160612703,-0.7535859585509012,-8.509703441756365,5.977539557018791,13.823374672563368
56.4612499,8.868497367462862,-4.028473794466795,-0.7932415445984472,-10.655270634941283,5.777005772314656,14.089407703324412
56.4712499,8.79845825102365,-4.16519236760994,-0.8126733643940671,-11.549019675446882,5.3407088507388005,13.942299133700253
56.4812499,8.79566976797876,-4.350125579172485,-0.790433971012365,-11.096946920779056,5.089766160649684,13.853428162353518
56.4912499,8.747849510589297,-4.480454618064616,-0.7763875301468252,-9.879282582128694,4.965267923764285,13.755563517807087
56.5012499,8.742955937539017,-4.634902984789429,-0.7158819981431177,-7.88941881991099,4.9359478758764865,13.683626840665337
56.5112499,8.829781345407522,-4.786138751311834,-0.6939382211366402,-5.663954032144307,5.259764447870993,13.775571667067263
56.5212499,8.861776489991563,-4.874077207729278,-0.7389853629699684,-3.901889737650942,5.796087995070245,13.825673516675346
56.5312499,8.807826685528115,-4.897237393630645,-0.8231575293747656,-3.301865533544585,6.667684276659641,13.925350994929078
56.5412499,8.689940577385347,-4.871416059028776,-0.9977637571709432,-3.802367485113016,7.550417738502441,14.039023812675136
56.5512499,8.526800293045575,-4.832900953077933,-1.211283982615765,-5.3333354882786494,8.519064785129782,14.014491775170521
56.5612499,8.378515554732148,-4.827075264127038,-1.3692067211069323,-7.343860426247207,9.634650168041025,13.813393237573115
56.5712499,8.2462942406468,-4.931726932429463,-1.4686285269291346,-9.197657468794695,10.937072029307659,14.067124371766221
56.5812499,8.105313133924929,-5.064152540357334,-1.602216742486508,-11.441957485800915,12.821868908375325,14.998839510792434
56.5912499,7.9889664979059,-5.108575192790348,-1.7889487605745986,-13.7101946026098,14.665168689584675,16.30566145175888
56.6012499,7.886322360422458,-5.152958868794126,-1.956781610424924,-16.32193040490667,16.64734766249315,18.043171619460153
56.6112499,7.784279682738989,-5.136292640873434,-2.117963219849886,-20.0806705909938,19.235935957865475,19.846703066998803
56.6212499,7.619424108329739,-5.051000790347039,-2.261435873658218,-25.106253195840328,22.47948861520143,21.408057258545227
56.6312499,7.419252506983402,-5.0124552260483295,-2.3537086014462463,-30.921663872912628,26.201854035526992,23.053364327706053
56.6412499,7.1829218889410305,-5.032082051251183,-2.4764013271915166,-36.6632211765749,30.020350929102182,25.178578374897096
56.6512499,6.846156490664307,-5.10475084601028,-2.506906336152163,-41.60153550147157,33.85790473923894,27.989226020041887
56.6612499,6.48985475075677,-5.179772886879105,-2.435528693426883,-45.48727160333302,38.04381374075436,31.757228525160986
56.6712499,6.111913035742377,-5.125827182750963,-2.4723957861534167,-48.9495081274873,42.3788310636893,36.28272480542923
56.6812499,5.749896747152772,-4.968233280331379,-2.53794356803473,-52.0916739354474,46.57964875699563,41.276438304000145
56.6912499,5.469103340186148,-4.77903625265319,-2.505251863619744,-54.76809928090235,50.94094583966315,47.02075636943947
56.7012499,5.201742570393709,-4.591123407550687,-2.43511160139189,-57.60521637533279,55.47490149988706,53.59885691719547
56.7112499,4.953612503794395,-4.425169223507555,-2.3893474645326127,-60.75215388869291,60.19432630232305,61.07536313316638
56.7212499,4.707485137115828,-4.3186905336365395,-2.3195588804477896,-64.27652507670474,64.82294139296648,69.65769567539344
56.7312499,4.452691866453023,-4.278047161594965,-2.194510015555465,-68.0311491198624,69.48101622089209,79.30264259453712
56.7412499,4.150244632428069,-4.27016264800568,-2.056709315099483,-71.88722934003562,74.16457886991478,89.74486262317701
56.7512499,3.819855725510959,-4.4556649016687295,-1.801808205241642,-74.86141717380679,78.61425890307959,100.61746535238677
56.7612499,3.4943284411607465,-4.737017072051465,-1.4826340971866334,-76.04613057324514,82.83031582310154,111.6937626078115
56.7712499,3.1317884241140352,-4.886030916455903,-1.204142837804816,-75.5257580747458,86.56448549097537,122.10838632105146
56.7812499,2.812044756115793,-5.039648738615915,-0.911547413452063,-72.3104551500932,90.11291119509856,132.76506310034384
56.7912499,2.5756004543624584,-5.125393427878987,-0.5877991479738703,-66.53202365390023,94.09679438768164,145.27511546471644
56.8012499,2.3930202773935725,-4.7871797321454395,-0.29745246302041345,-62.48019055835873,97.94404365079974,156.37930669821708
56.8112499,2.317755304789873,-4.582102828992865,-0.08423039575292691,-56.76864012202931,102.22355152006213,166.56262328754408
56.8212499,2.2366169598208914,-4.5616210181818175,0.07594699176827104,-50.26641735744669,106.63624007091116,177.75135044654874
56.8312499,2.101067783256773,-4.35509388217595,0.29412573507407574,-45.100067895231724,111.02182318556059,189.30364272070528
56.8412499,2.104373526936437,-4.3733824431921,0.7092514565263796,-37.850752706390814,116.97391077556118,200.4830567818827
56.8512499,1.981888447558539,-4.321667626091705,1.0525427160268277,-30.27153011860823,122.52157219529549,211.15759045255675
56.8612499,1.7466535141116102,-4.506811716584116,1.4106712140918032,-21.849780120146146,127.02194184387143,221.6028143130652
56.8712499,1.610387729162233,-5.077534562015317,1.9163700389879794,-11.814126389243317,132.05614910350872,232.34032854987962
56.8812499,1.3902043764188858,-5.411016291817172,2.1560345063355086,-1.11962958640057,137.09539122517162,242.5185162783995
56.8912499,1.1675802442460859,-5.380083408389847,2.1474785569728057,9.614689850936204,141.488864625703,251.2065055032465
56.9012499,1.1029982163731773,-5.227897439782706,2.228123042145935,19.22581456524598,145.83264445850543,259.35930310062787
56.9112499,1.0874621757805638,-5.18452465498396,2.544898243269539,27.389656332548114,150.63590512960553,267.348811474563
56.9212499,1.0517537078658197,-5.312063946334117,3.055591692520981,33.807864443661934,155.99067927777028,275.61162648792117
56.9312499,0.9739004189652182,-5.525873517762012,3.587309849539207,38.44273034474167,161.78718470466174,283.8413682749451
56.9412499,0.7802297524095342,-5.956369190027141,4.171827516548291,42.379243149485454,167.3782865242342,291.2737383701921
56.9512499,0.5067827373791113,-6.657027346157068,4.7238858769908605,47.25063323074371,172.01569409827235,298.09178817565555
56.9612499,0.26657570723928603,-7.3206214948875505,5.018653436829088,54.58192303701791,175.08728657314498,304.2874176470928
56.9712499,0.0965351417513503,-8.057421650461086,5.379870327112491,64.06444464559821,176.83727753528277,309.76130723126613
56.9812499,-0.08274530173574897,-8.779967911691545,5.875499169225402,74.00055489013087,177.31306679307792,314.026198965121
56.9912499,-0.38579826145320095,-9.346322827479092,6.348001972487991,83.4385868183477,175.01690880598605,316.5429493600693
57.0012499,-0.6621945689765831,-9.827761127453076,7.059227950709736,90.39674433378873,169.42217982023536,317.0554204972988
57.0112499,-0.8300538945842115,-10.110042722305149,8.144458918006315,91.98449809695641,162.5962057945731,315.12490494326227
57.0212499,-1.2036844726196592,-10.968362009785032,9.773745367871818,90.0477372441569,153.26616276187025,310.6180669138014
57.0312499,-1.7343634546703226,-12.819009812136555,11.461198446912855,92.47405725821467,139.90388530157264,303.7775387699131
57.0412499,-2.0167986652318,-14.581534246518945,12.759779226661982,101.00286650186455,122.78936754943825,294.5904841610738
57.0512499,-1.8334143893516626,-15.932626949756292,14.038721288713699,109.05087720959823,102.9242211085183,285.601302814129
57.0612499,-1.5340311620452436,-16.865938201996766,15.115875124584994,114.64390308077154,82.34556844422858,275.2865584809326
57.0712499,-1.848568330240844,-16.92487026681107,16.19113535507941,112.47194124613193,56.823398021855766,259.16371329545854
57.0812499,-2.1452012097969138,-18.2085239771549,17.77951520550892,115.73300337262016,25.558552710269943,238.80642605594653
57.0912499,-1.9694113160637523,-19.578575471888797,19.026822565263853,122.97470707403065,-7.032473914772918,215.41950881444433
57.1012499,-2.1147388941586795,-19.128907913323353,19.985429296553157,119.98187969027835,-43.91520759839955,191.31930829988144
57.1112499,-2.00369640303223,-18.916673445739658,21.65404860477044,112.28947910795095,-81.66902957450685,165.1789103695636
57.1212499,-1.692158314845347,-18.576078580175526,22.83523856791071,102.14405298393415,-117.5933498740101,134.25415253527456
57.1312499,-1.3522903023725554,-17.576747441785074,23.2631120033304,85.78058891799061,-155.56359446588206,99.10535023500039
57.1412499,-0.35021513267690557,-17.269751981737954,24.2099287586298,63.07707679053518,-196.65318924437986,61.883164173579814
57.1512499,0.7436391831373997,-17.89557590430519,24.991653155863837,41.50865749498155,-238.8691179960599,22.850138946323447
57.1612499,1.6955761530945366,-18.749416927025557,25.984410509277836,23.94621033185905,-282.02516629111767,-19.400391627888734
57.1712499,2.2521278324020932,-20.89361932009742,29.56163022419332,13.953592906930478,-326.5686736432285,-65.45668242509304
57.1812499,1.4649452468676099,-25.01385663838055,34.57416222133663,23.92722971841367,-368.2576456402154,-117.74263034176201
57.1912499,-1.0547499880816875,-29.75658509560501,37.68245241590055,62.121142570356824,-414.27602573279785,-176.55079139409398
57.2012499,-5.368082614770304,-33.85391313040441,39.124549360305096,112.89949698906115,-470.8252952118823,-238.68502324032687
57.2112499,-12.093605676485218,-36.68536886279727,38.15626916132951,153.12151116372004,-501.04955429443845,-300.3252247206831
57.2212499,-18.64795586254577,-36.087433003401735,35.30171784524289,156.96306365193445,-500.15062567399883,-350.252077622983
57.2312499,-24.084236527809427,-34.558049572372994,32.13189847610457,133.36540261133175,-499.6230238820786,-396.62265321917255
57.2412499,-30.171723825604133,-33.510836698762084,27.039504723605603,101.74944551323901,-500.1349370236475,-434.91816610960655
57.2512499,-34.866949969557346,-31.37977578135041,21.37126415500742,55.154228688988965,-500.0700038132949,-447.68287145610446
57.2612499,-35.68687346703497,-30.16825868689801,14.45109860576312,19.90784209584332,-500.10705705240883,-442.86614339113635
57.2712499,-34.133196793785494,-24.931195906609602,5.966287531799108,16.93514452890341,-498.90027274655193,-437.2956314048136
57.2812499,-35.48825291467941,-11.603857881540574,-3.0451927550814872,7.282018895276076,-503.2920402195926,-413.2416805547772
57.2912499,-39.51390179479521,-2.052592752796872,-13.906740831051625,-18.48719585112109,-483.2914773418369,-340.7764788052389
57.3012499,-38.02072675724046,2.4008034199803396,-22.04404553875534,-24.055964559844227,-402.19504938886945,-245.5240813195064
57.3112499,-31.6855898499683,12.238370127281392,-25.47137087226965,-43.76130227229953,-307.9415648410198,-168.774562548967
57.3212499,-25.701373330146218,18.956151338321696,-25.839079517889754,-94.70103761713156,-217.28798197056403,-108.68052592404335
57.3312499,-21.219957355671298,17.29968516527428,-23.6585045338994,-149.88121148677064,-123.11048103488648,-43.390459039334694
57.3412499,-17.924202809606513,12.553854488141205,-18.793691379337933,-191.19309732261084,-40.51910689233916,21.76106441310902
57.3512499,-15.667470286514408,6.484999115974896,-11.677734928642838,-199.76672380869593,20.619549682120827,69.26067526972172
57.3612499,-13.367067759591148,0.5803742588647566,-5.399001294781641,-176.63944502513996,57.46725972367909,97.67966515271277
57.3712499,-9.9312142435902,-3.08641061271443,-0.9075681035239038,-147.72934680133076,72.61823573301787,113.08916784597449
57.3812499,-6.5580535002139175,-5.08272400275156,2.9725648632042936,-131.2581345424205,72.27058417453689,116.05510454606359
57.3912499,-3.3623153432842665,-6.6840180312821325,5.571535495544006,-125.44236948676291,65.01451768902804,106.67116675656293
57.4012499,0.08935610590256493,-8.23738532309047,6.174024648434435,-117.94339515752364,52.70084256016044,89.02748138754407
57.4112499,4.302628040330788,-10.192100560099682,6.397544697135019,-101.80034317595401,35.04908544961983,68.63639140052192
57.4212499,9.255224678785556,-12.466687389274696,7.075912494652759,-76.2455451456884,17.85793724160513,49.85275929258405
57.4312499,12.402424089084079,-12.549427052106576,6.852938259919224,-55.8609379045249,8.415632624740516,36.436137493866944
57.4412499,13.68266266860237,-10.634454939005057,5.914495427604644,-49.84340092148087,3.4969005216823983,24.005291899029316
57.4512499,14.22077045793195,-8.99546143110632,5.547566978243507,-53.77933889080372,-0.7351984972778518,8.677672818164615
57.4612499,14.170062277011581,-7.963366119880682,5.532670357809924,-64.93934657404917,-3.683845827068972,-8.321406142688517
57.4712499,13.690745048384173,-7.364089756537519,5.318447465259784,-80.59361776113387,-5.5381433013072385,-24.562874756858207
57.4812499,13.084811074409584,-7.335442894957423,5.040444559047327,-95.53583251647265,-6.829761479828297,-38.585725030445545
57.4912499,12.555272912211302,-7.668516278179881,4.596948803343749,-106.03677524686634,-8.746041068262064,-49.60242177465505
57.5012499,12.225442021292393,-8.003400733175033,3.803054283956101,-110.1338083701652,-12.056205757692682,-57.21794981084922
57.5112499,11.828980622188222,-8.256528532970826,3.1708188193779008,-107.02865483916642,-17.403819347969694,-61.643414943831885
57.5212499,11.252890759458264,-8.438645052601123,2.813652703451086,-97.90781239560197,-24.56945233666019,-63.68655779586689
57.5312499,10.688691852031102,-8.248242121024617,2.541927735841205,-87.23988350783453,-32.97200385902312,-63.647669095052
57.5412499,10.204921250920009,-7.820418810763356,2.408060525018447,-77.96071820226435,-41.49467042008671,-62.93898957270096
57.5512499,9.910625201831287,-7.103421549320324,1.97432271617013,-72.22128772664712,-48.57349595148869,-62.78739122791342
57.5612499,9.642144561741553,-6.046862362157782,1.2759496462319757,-72.80352331183555,-55.21250163589794,-63.56171583487098
57.5712499,9.355809224411935,-5.20916257914357,0.8603126548739303,-78.32637162722492,-60.793928203510575,-65.35137724484686
57.5812499,9.114341325106341,-4.534062779131669,0.5712104684991065,-87.79590442385692,-63.94047426219388,-67.54878303597042
57.5912499,8.864076239084556,-3.851866206576364,0.29809516293214805,-100.38502077233338,-65.4567796659386,-69.72836253247914
57.6012499,8.786764410653674,-3.6135254947012374,0.2730102205652675,-111.0487795354845,-64.7194550352111,-71.45318190187808
57.6112499,8.755387230489319,-3.582828565563131,0.32301100309741865,-119.20544367665643,-61.80481247010501,-72.1355991619776
57.6212499,8.49906766271495,-3.3974558962136023,0.2671255195170904,-126.05508739120428,-58.639492205686636,-71.35244101656647
57.6312499,8.1459568614551,-3.445956983309437,0.17801542370833492,-127.97525448677769,-54.85386433657659,-68.20721930034301
57.6412499,7.865448392038057,-3.525735570043887,0.088010343291133,-125.724551331842,-50.368231110033214,-63.26218755549037
57.6512499,7.538763373902225,-3.3123743693671153,0.02108448505263902,-122.29694826424686,-46.403836446033324,-57.74281414639914
57.6612499,7.2267139448790445,-3.1719806893608995,0.13335454776024827,-116.3204232472465,-42.517062683806934,-51.96856942402451
57.6712499,7.101606923444519,-3.180649920702674,0.33080529762890853,-107.24874046526945,-37.79944705973038,-45.890710492194366
57.6812499,6.994932282610953,-3.236877997700381,0.44573926229633026,-95.21209268096072,-33.1638780756477,-39.10332885921687
57.6912499,6.900210084728202,-3.344390390045136,0.4352688145174798,-80.7251427690052,-29.1114865645691,-31.661597580496473
57.7012499,6.916706187296462,-3.450080846044823,0.387848330573397,-64.57866233046627,-25.172023039761644,-23.718343156424318
57.7112499,6.929878855178525,-3.4654072407126875,0.49208924981080715,-47.7411372636362,-21.07191561212687,-15.628479087506346
57.7212499,6.847397724104193,-3.386489271962272,0.5510070452355789,-30.469987466866694,-16.608790659838654,-8.12496016168971
57.7312499,6.7080087183496815,-3.3200315853031084,0.3821878103651225,-12.46221447194306,-12.537085188039004,-1.2757868737165856
57.7412499,6.594204462493515,-3.3365877541735687,0.16775264566312567,5.413337782483895,-9.3524328965968,5.378371763373078
57.7512499,6.657775979261382,-3.3573189144695452,-0.052863335205223905,21.561834460031854,-6.2169809254897395,11.777270641859747
57.7612499,6.859681431567428,-3.3129818495389163,-0.33770423390002713,34.763947939127995,-3.3222911262881856,17.79568121584068
57.7712499,7.135034747105577,-3.2111322761508894,-0.6726638252637084,43.18144293522745,-1.1627870258056796,22.75712244315225
57.7812499,7.454835424484651,-3.0747374716519253,-1.0448450387351687,45.936151212459315,0.6301295222711474,26.175423141936125
57.7912499,7.833127365321822,-2.8904170902916917,-1.3798393142827678,43.44308835343038,2.660571812142743,27.88857556901273
57.8012499,8.378115188877743,-2.675942157229108,-1.5823840882584044,36.76844860953427,5.114772656837388,27.50674422842283
57.8112499,8.990698311625716,-2.5447323975135325,-1.598618636353475,27.79000782389142,7.449169379017988,25.466103030705796
57.8212499,9.466184332799841,-2.6828205248710915,-1.4731514537129742,18.105011798520035,9.401823372797892,22.62995905968068
57.8312499,9.758141312006666,-3.068109315404972,-1.4057871789778118,9.24096588125622,10.656380265494423,19.896853618683412
57.8412499,9.926457981262708,-3.4256155454850763,-1.6600038058963238,1.8908330377859428,10.279692030509619,17.69341677999882
57.8512499,9.96047117853958,-3.6948049209274827,-1.9658783677070646,-2.957095421901657,8.277955335120348,16.239507238057058
57.8612499,9.900290012481243,-3.913477376713671,-2.0559899605945877,-5.6842597660191965,5.7538170638736235,15.461437070149051
57.8712499,9.89421864823681,-4.0435048434938565,-2.113676630945308,-7.585553057363538,3.2322758413601296,14.267765340250257
57.8812499,10.014525501646549,-4.197937388664378,-2.1194098945808397,-7.649410055334736,0.6749900491580975,12.554809728173947
57.8912499,10.145279981070752,-4.54954982512066,-1.9070553925358515,-4.940328240044368,-1.5398836051993519,10.943560666477467
57.9012499,10.093079761746859,-4.902002504705665,-1.640552330126107,-0.15565279690325212,-2.95741066711865,10.093546125427704
57.9112499,9.882329918706985,-5.021960352723936,-1.5251201506376384,4.590020059148645,-3.647568516043955,9.989441780218181
57.9212499,9.642564181866248,-4.985096640061421,-1.5251865092300405,8.125418862810989,-3.9730067521771324,10.031240538247387
57.9312499,9.368343453506162,-4.8138363358319785,-1.5882866081614153,9.545616790596222,-3.9244706716702584,9.274996461599992
57.9412499,9.115028062712707,-4.626590475422075,-1.6079766427000992,8.55616964681559,-3.544043248987495,7.793351183898667
57.9512499,8.909629596838379,-4.547324390441273,-1.5544860532987603,5.774633874114431,-2.789705077175258,6.051753076376732
57.9612499,8.713141137628824,-4.533610315563838,-1.4407714847401158,2.3402328688100815,-1.4092625894339093,3.9570999891588667
57.9712499,8.538510004067216,-4.562000352811308,-1.2466717619637362,-0.7334185185355296,0.11414354980481438,1.8252858198900932
57.9812499,8.393900295848377,-4.641452272977749,-1.0296269622261613,-2.6476055446832762,1.677299539366739,0.08676115056426585
57.9912499,8.288139827463041,-4.7246427497253825,-0.8577172155867144,-2.900737835578268,3.290557414834187,-1.2351322828292695
58.0012499,8.207134903011683,-4.75359611063655,-0.729728702557827,-1.826703576141298,4.695531396033498,-1.846524625128594
58.0112499,8.131098045755047,-4.685323226995531,-0.6412715741870788,-0.9084702025614984,6.069745480348911,-1.6548394890217595
58.0212499,8.097067004386782,-4.559815880333424,-0.5897965668021182,-0.7768852011973836,7.5199444972044045,-1.2051206828469023
58.0312499,8.17918952237799,-4.4271137345054,-0.5580252538516873,-1.2784165700168493,9.224364508408284,-0.8855552053377561
58.0412499,8.300202888834557,-4.361010795020683,-0.5066854305731154,-2.0950947242218874,11.020201047076492,-0.7623270066163158
58.0512499,8.323742686205259,-4.365430789750885,-0.4612785751713586,-3.3560571911639294,12.876059785233787,-0.5122359920098049
58.0612499,8.245751900388692,-4.375880609411204,-0.4818852159838829,-4.812860355220772,14.561907867244864,-0.2648196544221185
58.0712499,8.159524790420464,-4.376183549210445,-0.5246806553934943,-5.766280683719771,15.347978236766426,-0.19540902736267332
58.0812499,8.15002094757759,-4.4764916463439794,-0.5631122598590922,-5.618973031717977,15.741174078720611,0.15120117102956773
58.0912499,8.167130410657835,-4.6207814493430535,-0.6205629134899758,-4.513834869934588,15.906565121941998,1.1489325647510436
58.1012499,8.214577070956654,-4.7041087329521165,-0.625396099263568,-3.3117609310473597,15.437139647126319,2.5977852294176667
58.1112499,8.300117349266609,-4.741723445472131,-0.5874260761063888,-2.003968842636688,14.62854154066245,4.222221082383918
58.1212499,8.439771631341323,-4.81300788188114,-0.5674754102615017,-0.7051647288747087,13.906193114819423,5.660228238496151
58.1312499,8.64340904622197,-4.934690057002164,-0.5614739066615543,0.6137840566230426,13.641488554389872,6.812895051557471
58.1412499,8.7248621703399,-4.907366575670462,-0.5922508124895224,1.8296494794984397,13.001823725433502,7.53384910757523
58.1512499,8.721902211749715,-4.785099365080519,-0.6581576441827974,2.207492036385802,11.657728464482004,7.7430619033718795
58.1612499,8.775749027083654,-4.802103744032188,-0.7337594434513708,1.4628671804554516,10.421218614496857,8.112911169903812
58.1712499,8.776310642119265,-4.85794729582073,-0.8585095963999793,-0.2893518993675232,9.476629144047758,8.78489606237022
58.1812499,8.704233791855362,-4.816022242418278,-1.0107321641009086,-3.0164490901654983,8.35131889252725,9.415850476942554
58.1912499,8.695820941983335,-4.781667651444556,-1.0569041282015754,-6.431559872721208,7.245200039954151,9.63921107519682
58.2012499,8.784393702044198,-4.9052691227088365,-0.9278232970922535,-9.659205835662629,6.729568904255904,9.49633921445909
58.2112499,8.856088107425498,-5.073644637587705,-0.8008750664837172,-12.549006397297282,6.674562101242757,9.38593074491017
58.2212499,8.829343834397648,-5.164666389360406,-0.7599948609104107,-15.304622663529875,6.819512576129809,9.20646804120814
58.2312499,8.754296205066677,-5.226953928525982,-0.7337006615625367,-17.046637114016896,7.0697853719620225,8.899278623199482
58.2412499,8.670503427705102,-5.303532260036579,-0.6951290338268962,-17.750433587127784,7.345374357051873,8.593614609427311
58.2512499,8.529465566674263,-5.393036516264486,-0.6640268910621013,-17.780999722593695,7.327632363217111,8.148950706448343
58.2612499,8.379802013224726,-5.446701124899688,-0.6828292896090815,-17.14265124841995,7.341384415416059,7.647991196717878
58.2712499,8.324494742675055,-5.5054143605144095,-0.6713563882028499,-16.2608895986445,7.610035762742622,7.216568862455459
58.2812499,8.29610956067253,-5.508352771737538,-0.6024062491302848,-15.881267375719954,8.12324191207271,6.888151758541217
58.2912499,8.259161900521507,-5.448544302665569,-0.5622672586187455,-15.665330373303084,9.171819129737726,6.481336481254183
58.3012499,8.184755651385533,-5.392220469832852,-0.5902714765772771,-15.695665741048472,10.069965621641517,6.423149551551429
58.3112499,8.137646101078127,-5.357940526563853,-0.6344332476127406,-15.973514756722185,10.66974529504365,6.997041335713947
58.3212499,8.12891166689664,-5.338737877378937,-0.6595501850173215,-16.293905426338732,11.240386896669769,8.044932918833217
58.3312499,8.056391251473402,-5.3058557816387815,-0.7158569772024385,-16.828541899620916,11.717585492375044,9.553200553060025
58.3412499,7.943865943915475,-5.2974692567624,-0.8428563671187779,-17.877901985612286,12.251840897883923,11.313994734699222
58.3512499,7.857487326865217,-5.379732645011265,-0.934275053363762,-19.36858741916425,12.92379734649159,13.148856632390611
58.3612499,7.796276282484979,-5.539536527174803,-0.9709793551253203,-20.537499190811378,13.652591429724868,15.036050808883218
58.3712499,7.724679570013751,-5.679703214448383,-1.086874241198695,-22.072276281656,14.409655515450265,16.909742910469976
58.3812499,7.6160864634624215,-5.736438952674527,-1.331050674967252,-24.43652377535073,15.608716886661,18.66994332287656
58.3912499,7.48554089365661,-5.756983764702448,-1.6066262427759503,-28.095140349754207,17.23349720227288,20.326567473084033
58.4012499,7.354449938695006,-5.810621096590088,-1.817598791991094,-33.622714501002164,19.097292542538085,21.886477253551057
58.4112499,7.181257781160921,-5.893880529930243,-2.007888542559153,-39.81858405818565,21.396469939907675,23.190063772564475
58.4212499,6.951938083029768,-5.966428334265579,-2.201567320698756,-45.973981939317966,23.960533742105273,24.071596117842464
58.4312499,6.706390742900524,-6.0521016154118525,-2.324082815427467,-51.783078957886026,26.90515731922626,24.99830985002472
58.4412499,6.46619003326294,-6.092056296815877,-2.471237514964399,-57.0123831084388,30.258540376365882,26.208072351053328
58.4512499,6.2465938439248125,-6.081830645534405,-2.638138517571831,-61.9873083547448,33.87447590234376,27.849575332536915
58.4612499,6.004753737848298,-6.116815187561378,-2.6844088645198965,-66.04564858638184,37.84049602522672,30.133867391602006
58.4712499,5.7048741231147115,-5.998142387567358,-2.6895458625910065,-69.82123664396543,42.82561301339082,33.71851262679256
58.4812499,5.373039107853541,-5.691611818597085,-2.6709903151521392,-73.87530304039714,48.77040362104759,38.36152617792045
58.4912499,5.121920051344279,-5.413651850314819,-2.5446789712815954,-76.67848914686421,54.32836030753482,43.34468114064241
58.5012499,4.8925643607851885,-5.145668167473663,-2.350085191819888,-78.43070604184807,60.0657570055162,49.12494646857229
58.5112499,4.603644528848702,-4.797018089863125,-2.1989579130491714,-79.89763910624643,65.96508723201777,56.07573106416366
58.5212499,4.2971106920119455,-4.501092195569289,-2.0485390279662186,-80.519513477091,71.60174176123941,64.40648417832871
58.5312499,3.8581655772540864,-3.984475047191494,-1.8846731175830775,-82.03476253966036,76.83295506954161,73.15926098272745
58.5412499,3.3655851381988153,-3.2243486841443114,-1.7988356464250876,-85.5928640983162,81.45517705214519,81.95031579498057
58.5512499,2.9151389594904056,-3.3729562155889314,-1.5478767265205862,-85.4005879727367,84.76887035557533,92.40075301363365
58.5612499,2.4177742703929193,-3.9133066671930488,-0.9647973359988767,-84.91395061740845,87.0045836306312,105.5859381338905
58.5712499,2.0914322121143485,-4.205082290895437,-0.37673248606609366,-83.03731475343446,90.29864135133882,120.32947611650084
58.5812499,1.8750071208432992,-4.450686245045333,0.16389564419232083,-77.76046933517082,93.63297279603319,134.6192973046394
58.5912499,1.6436693421260622,-4.696657666040256,0.6574051159564911,-69.9777917798633,95.1634502727408,147.93654235254132
58.6012499,1.586983940268997,-4.985735788072815,0.9623648289272559,-58.872846921747346,96.79201151295567,160.5921763609249
58.6112499,1.5134365183948126,-5.135056275604227,1.153469217448532,-46.234580841640714,98.76147763012241,173.10190206893597
58.6212499,1.3730671421498923,-5.1738889117585805,1.2818203700256494,-32.545251141036665,100.42028535724604,185.34648642964333
58.6312499,1.3410843752404387,-5.036261080222522,1.3223943746705908,-18.395623750365356,102.26357438564624,197.17510657874516
58.6412499,1.5437309688527985,-4.785993381769519,1.3761221680487647,-5.379423079256656,105.2062403968196,208.43159325750923
58.6512499,1.9431848110631509,-4.569120470905811,1.5931402147251459,5.75697293187597,109.47320309585814,218.50223625091462
58.6612499,2.271557927299075,-4.328309749035788,1.7954352675484742,15.220111548326233,114.9217063319267,227.55957368106783
58.6712499,2.3312642782098862,-4.291135897210427,1.941049429049743,22.671066748215832,121.27120984646919,235.71943107702396
58.6812499,2.1348530286154017,-4.600443608473612,2.1988228434162393,29.367052473164087,129.05848110364155,243.77596688302583
58.6912499,1.7779630819650916,-4.920129609387762,2.3311709117233734,36.408515467010005,137.52202676707793,251.19113367205975
58.7012499,1.4268538483682731,-5.385846471931902,2.4654170578467647,42.984028311654484,143.09913221330723,256.8777613884309
58.7112499,1.2334191478352476,-6.068069306041913,2.8840380836866335,49.740982105914576,147.79438038006867,262.7682263116312
58.7212499,1.1042418687147701,-6.495586285981395,3.2994025864735894,56.359512239013235,153.17174489887358,269.02004194923165
58.7312499,0.9223968892118908,-6.997522492286349,3.7920826692658887,63.449854578945974,158.24573607516507,274.96072887467335
58.7412499,0.8251975246278467,-7.670113044799062,4.315241780902119,72.44023313191977,163.1789779470946,280.55655945001246
58.7512499,0.7389672530596393,-8.08448626692685,4.689630700113154,81.13620685490626,167.68716206932066,285.826769232093
58.7612499,0.5536917662251236,-8.361452073573789,5.012102530249977,87.25850801940094,170.9433568631212,289.992114232079
58.7712499,0.4548171331051761,-8.094730311737715,4.993571336808892,87.21673106486512,172.5751338854074,292.82935336026
58.7812499,0.433972083284626,-7.659509118358375,5.218370890745501,78.95153686730958,172.38369163766896,295.093184909454
58.7912499,0.2664340755295851,-8.174256606900002,6.289783090803687,65.38615907604971,171.60914279522933,297.09290343987203
58.8012499,-0.06168664380764589,-8.74363073340354,7.01854837944449,49.04396144090548,170.58179021876748,298.8550024288466
58.8112499,-0.6147446730095497,-9.376525140960302,7.709391288217465,33.30767544977931,166.47213820761075,299.6741631041432
58.8212499,-1.2911195413028884,-11.316410227623997,9.228047074970531,24.370249781030477,158.58369247256536,299.26522164241845
58.8312499,-1.7964310411817843,-13.526834882421218,10.241784985087818,27.25198068245122,146.56179912769906,297.1040642993719
58.8412499,-2.234485763005983,-15.196434079764684,11.229219701966947,39.918659980843685,128.8027737350944,292.9158437887729
58.8512499,-2.686991497486947,-16.74847356439205,12.77640233200609,53.854392840416295,106.88462531230701,286.1718720063346
58.8612499,-3.4191144105450606,-17.661826800393,13.448106133302481,62.65766391236866,81.0059597793741,274.3599313118921
58.8712499,-4.293478546320278,-18.918129132142248,13.963435012929887,75.29581372181951,51.606513239990605,257.1490336485749
58.8812499,-4.42038268346936,-19.946497512891295,15.452184426202058,86.58273839200913,22.679672479704692,236.40471050741914
58.8912499,-3.899325425709209,-19.859331809743708,17.15963405391374,90.20308517766246,-12.350645855070871,212.3188381325964
58.9012499,-2.798153759649452,-20.00168853011164,18.366888511912638,93.82253286314554,-51.19993030698925,185.43216605700826
58.9112499,-1.4597939572159648,-19.771848884218816,19.577122964154135,91.24769130414461,-84.13524990430025,162.53518969662645
58.9212499,-0.11102190981902663,-19.252898207527764,20.524011395194762,78.57396215837308,-116.80584065240822,139.67956486705123
58.9312499,1.1507655105656835,-18.056111944813317,20.306230599982126,53.638047239693435,-153.56168476656154,110.07996702588297
58.9412499,2.7445577045338068,-16.22965123622815,20.370270907828054,11.03575551697304,-196.08310176475638,70.70708312970488
58.9512499,4.855177167960744,-16.123662006987125,22.150983472065267,-40.463159043982444,-242.34072600732404,21.115670598736557
58.9612499,6.436666914812038,-18.210486354049877,25.390625009689405,-84.50011865412836,-285.248386089677,-37.669356102290585
58.9712499,6.913653596442724,-22.298798791606302,30.943836892200007,-108.58964151721165,-320.37273414858805,-104.41931795301811
58.9812499,6.244582146671661,-29.22949767108192,38.80257395870755,-101.29225619729112,-346.89112675603656,-181.36870581445817
58.9912499,2.158140300303135,-36.753734310000446,45.65606074625171,-62.65265429470428,-373.6345005732973,-273.3863062555864
59.0012499,-6.2812436685277655,-43.50989128061899,48.37498663473975,0.9435677558501017,-408.23503734929017,-379.5092807464527
59.0112499,-15.674472416140127,-50.863391997325216,46.35127509084773,88.5159199879081,-446.73601497231596,-471.08614086692336
59.0212499,-25.15202955761173,-53.53791620666796,41.57034610299248,154.67261552308346,-487.1880251187387,-502.7173914775106
59.0312499,-33.51851382977181,-49.875221233828334,35.47786880083587,177.86484444908396,-502.15180884110043,-499.46736669287054
59.0412499,-39.44647589251473,-45.89796965972451,27.652652799238197,175.24336481382224,-499.3952154388384,-499.6977858845689
59.0512499,-44.742481452558266,-42.745939909966694,15.833740536090444,147.61133940429534,-500.1501882318757,-500.5367401644836
59.0612499,-47.45513805174193,-35.38684827841487,0.43001527495323105,104.133674713159,-500.1086560899086,-499.4483057553743
59.0712499,-42.981064618955564,-17.947606159525698,-11.436445597657576,25.256560432166452,-498.73715009079257,-499.9057700602923
59.0812499,-37.97047931184438,-1.3699426486981272,-13.319890998614065,-79.96306496954938,-504.29770858316533,-501.4808259724872
59.0912499,-39.77268456666568,-2.792542396115965,-14.31779409736607,-110.14741330792248,-474.2311879165576,-449.01985577126175
59.1012499,-37.01154168400538,-6.384365576272339,-21.86497433434243,-50.52916465633036,-376.25853168784096,-318.35423541010954
59.1112499,-27.518447767033688,5.556561705622838,-24.28508418195823,-1.0668647759887815,-282.4059329277209,-202.64030438187316
59.1212499,-20.905896685777755,12.769096672498891,-18.83240846094744,0.17326324602009086,-205.21489709101328,-146.86352003644973
59.1312499,-18.231146262321126,7.986681034506039,-14.690892670184432,-3.8602037197842454,-131.4888104190892,-86.38713758943582
59.1412499,-16.599702321142303,3.9497441667139244,-12.28107142777497,-11.853075482388126,-77.03070717381127,-18.392188145434897
59.1512499,-14.801763753063872,2.7443430271299185,-7.8414036123743545,-20.55904071504411,-35.540334429028896,17.457904506644088
59.1612499,-13.68802290902395,0.40762563491915704,-3.3503522261909584,-20.622243480558023,-9.60065267445994,25.177562673420553
59.1712499,-11.23375703496656,-2.683217226399575,-0.3672633520251303,-19.904107987232795,1.730176387939814,29.17473763953048
59.1812499,-7.436211536657357,-4.525356611595535,2.1576504873191213,-21.564718214611066,6.589925297193534,35.65802482973375
59.1912499,-3.981096558005117,-4.714390527442874,2.8812357462437466,-23.952558625599526,9.37947369794601,38.27727639833744
59.2012499,-1.1054131273974785,-3.7980399500780058,1.3528696992550076,-28.634297724992862,6.927598379110645,35.81765240555982
59.2112499,1.8308355548056463,-2.7940875267652987,0.19617955251414027,-39.488196666145875,0.043972453234462264,31.817471891674764
59.2212499,5.0914735979820795,-2.4776053002700884,0.5371299039880277,-54.67111777063199,-4.753416942710741,28.219695072403017
59.2312499,7.995968769690395,-2.918888400765222,1.5699924552064586,-69.42793788583373,-6.685090593136911,25.424476986577915
59.2412499,9.959281426922955,-4.001415611832208,2.314382272503338,-79.42415363068827,-6.970706107388059,23.93161861568374
59.2512499,11.122119990368304,-5.137420454399835,2.547386706642522,-82.73799589085904,-5.880145704942807,23.141071877424352
59.2612499,11.869863335509853,-5.8190216247654245,2.69109191720991,-80.60672471499497,-4.281178850814164,22.06955590744974
59.2712499,12.285262119280498,-6.278935046836691,2.9691193077012143,-75.1712559841885,-2.769017724867105,20.23915896589862
59.2812499,12.589364363077928,-6.605342844648448,3.1848613191698103,-67.2527994878759,-0.5189988787014702,17.752542255383382
59.2912499,12.772258547102584,-6.595681687841861,3.1984467594250976,-57.798020375812946,1.9262110101871632,14.585268722990413
59.3012499,12.47537077169998,-6.71249542569652,3.1268179156685436,-46.191894736835486,2.239529538393146,11.135332453739633
59.3112499,11.854950633935752,-6.884803300445951,2.784793875313286,-31.914317913504433,-0.5133635095896986,8.742187000221705
59.3212499,11.27287363996501,-6.516522539975188,2.1241091088187884,-19.156734430802608,-5.521717429706283,7.691039394172057
59.3312499,10.851995846640342,-5.9050289870692225,1.63506836844287,-12.997728209619526,-10.735361614913932,7.103221360775673
59.3412499,10.388524041067043,-5.352253444836088,1.2070352619584,-12.085616075407678,-15.408005214097438,5.8287246279955465
59.3512499,9.738550930760574,-4.789456151411814,0.7163400317359635,-16.261406050665833,-19.551299282664974,3.851985912455161
59.3612499,9.038167399055428,-4.323002840080758,0.4640131971785949,-25.707524084603925,-22.609484409032717,1.3736996298734243
59.3712499,8.550247917557376,-4.034957551597505,0.3067546582595426,-38.908747427453015,-24.162727882826882,-1.4154266787776157
59.3812499,8.445968023699075,-3.807610702651492,0.042292674239131356,-54.142446926237525,-24.117426346188207,-3.8703511779958424
59.3912499,8.729186973031208,-3.6238662785813003,-0.05664541421948524,-69.9428015849939,-22.72684569930297,-6.428600210264693
59.4012499,9.119814846182543,-3.620526129392907,0.09784059367223975,-84.2685120133039,-20.52524793792486,-9.44586367829488
59.4112499,9.307695722089955,-3.7128752388263093,0.27333952156858454,-95.75928530239706,-17.599532401464995,-12.061371581254884
59.4212499,9.196639504927381,-3.779630288762581,0.2571487719349036,-104.33899800406466,-13.861007686336258,-13.796146171990573
59.4312499,8.937762113802716,-3.8426018435494043,0.09552579281578061,-109.3897597492687,-10.100406325641949,-14.381118536072488
59.4412499,8.718217059518432,-3.948151322374667,0.04537241165283005,-110.36457651701096,-6.559333018449767,-13.670127585111825
59.4512499,8.556383330388487,-4.2152147055660425,0.22479327766202334,-106.22860727316115,-3.350606122434305,-11.936440383281171
59.4612499,8.368453407975228,-4.749897525203164,0.43003188178007984,-96.00932519135746,-1.0806169879339205,-9.297454450478021
59.4712499,8.259137859673208,-5.327561928871665,0.506276234772704,-80.6215203128083,0.3633738094966753,-5.5464087576211085
59.4812499,8.28021420262963,-5.628357702502733,0.6221974276642541,-64.00809902759282,1.793145011839467,-1.7362123900929312
59.4912499,8.289959088961515,-5.62087735366438,0.7822934014268168,-49.699917309482885,3.955664070233166,0.8446915273329466
59.5012499,8.180951735680022,-5.378395644970738,0.7060603718443322,-38.947786657576394,6.536381624657765,2.2069832078011653
59.5112499,7.9540367069741,-5.019807485812497,0.36559324613853816,-32.07874245483881,9.138116759853121,2.7769864258485026
59.5212499,7.79244005519226,-4.769429625517227,0.06300760648362334,-28.211967097134124,12.23756617447567,2.873283393332667
59.5312499,7.694879737422943,-4.741829648672912,-0.04252946986438663,-25.818048884835182,15.40049593203187,3.0448488863232326
59.5412499,7.543581263959739,-4.985526830849578,0.10597581715130465,-23.76493224179028,17.721307746042985,3.9814258465666357
59.5512499,7.492364040272824,-5.271576941319558,0.2913437582747513,-21.60568837949693,20.301693471105164,5.929020351072483
59.5612499,7.594357175182161,-5.230157956229743,0.2828287464042071,-20.440295245487505,22.892251863158087,8.444288164203808
59.5712499,7.822975988180114,-4.982589970673665,0.28664056788859715,-20.494024620205547,24.72250149699421,10.607414126882526
59.5812499,8.143373994259198,-4.76125978799476,0.38342183563113486,-21.183952371634728,26.14637418214985,11.69849462820941
59.5912499,8.343670241837124,-4.631008329191424,0.4370392155105488,-21.78838841350676,26.952085397768265,11.87036773232589
59.6012499,8.362287331450883,-4.687279398617338,0.4315634688955045,-22.240329700249074,27.29101590471836,12.162812359250506
59.6112499,8.26766800792456,-4.833057967337028,0.4184993370948462,-22.694639532001176,27.410090527173363,13.064953016086298
59.6212499,8.169292267652716,-4.927319884712103,0.24897101314621067,-23.17381844155935,27.0381269958611,14.270982741133016
59.6312499,8.271457925806095,-4.840298888201473,-0.17060992136998196,-24.299354367642234,26.293270815663934,15.128189354036609
59.6412499,8.555510470276266,-4.500418012569931,-0.47001758649219927,-26.328166248917608,25.08288814207458,14.900239091842359
59.6512499,8.865654239543295,-4.203022413669954,-0.4393500839282362,-29.27251232524935,23.895397011930942,13.45525284038895
59.6612499,9.0712760169011,-4.092032889050873,-0.27700742154062297,-32.89763527786736,23.57649030664534,11.969516828436769
59.6712499,9.084974933516676,-4.130569224741732,-0.1824211053869826,-36.228700311722186,24.327858809334497,11.114808278105501
59.6812499,9.027096962794177,-4.331739319068009,-0.1458326653392733,-38.4439897251401,25.49199793522922,11.533739043358965
59.6912499,8.940607915343449,-4.531561699351824,-0.06038963846812721,-39.05082597449708,26.71800330135873,13.037281954895002
59.7012499,8.820361049038686,-4.6025750194616855,0.07196339337862424,-37.52778786749929,28.117266426102677,15.307396084689788
59.7112499,8.614875733622146,-4.659323227567033,0.2603981816083353,-34.39573864508815,29.304422218567336,18.06030456903859
59.7212499,8.399264687858285,-4.642894378369686,0.34842064336289513,-31.672204116393928,30.13303956635885,20.10666426100625
59.7312499,8.293246039456966,-4.676446592238238,0.38902093831360945,-26.985919290258934,31.442339967888802,22.705900265577064
59.7412499,8.038924111100956,-4.754379159961962,0.4452355208397144,-21.324062007862945,31.871056154282293,26.126136796109744
59.7512499,7.7151188231804735,-4.600923910621039,0.4000838137967336,-18.6282637007749,31.183701086344982,29.068568233918096
59.7612499,7.75108208117779,-4.558386043228399,0.4279791244644404,-16.177024786800654,31.222887734836394,31.6496559338597
59.7712499,7.875590716648012,-4.5439674257431255,0.514070726287831,-14.590388463580597,32.33890929880492,33.87941577320409
59.7812499,7.7516182743575195,-4.332179810986938,0.5509635418968563,-15.004374585371089,32.888419100915804,35.9257173310836
59.7912499,7.6610622276378875,-4.2301085604493665,0.566624337025451,-16.270542155981232,33.00018393042358,38.10300907044392
59.8012499,7.645396292483595,-4.367968415352951,0.7168627642475011,-17.664773119646245,32.67397505166125,40.51393860314995
59.8112499,7.49748273093658,-4.532848274639173,0.8140599021476496,-18.713987437695074,32.08458096846644,43.31164538017215
59.8212499,7.524878293052238,-4.777466448896296,0.7328174388803688,-18.644172887056055,32.534077857005464,46.15694193415513
59.8312499,7.631463001026841,-4.915752722462149,0.5853328135220124,-18.800299304328984,33.042529132505756,48.63239363094309
59.8412499,7.6863863411401745,-4.985480004855191,0.5036220244512362,-19.470696093900095,33.82683896556829,50.05891193611382
59.8512499,7.6723792958548795,-5.144403106101511,0.47940490934536695,-20.969611582485047,35.079810407567,50.65439856113987
59.8612499,7.624360261573609,-5.307671005175021,0.3686162532896261,-23.055201003352536,35.88220671457958,50.887072463972466
59.8712499,7.664091184484894,-5.472242313453933,0.22135708190272282,-24.994918847000402,36.919597398212815,50.38103407780752
59.8812499,7.63115907704636,-5.7172518745112075,0.18203644482002693,-26.139385246881574,37.69777543432386,50.030742020495715
59.8912499,7.585118569560764,-5.889446388154204,0.244856340790236,-26.275992347854583,38.04287253650112,49.795730097388756
59.9012499,7.619910608144838,-6.010347715311446,0.35634296784925384,-25.34914349316583,38.701365672745105,49.403320805293916
59.9112499,7.616958739603122,-6.218770894144585,0.4669465482869683,-23.26436708361658,39.43761734675682,49.62136328334796
59.9212499,7.547830387416933,-6.472236941035752,0.5681413561934087,-20.332853707940995,40.025997692319265,50.454064573942006
59.9312499,7.456346862939863,-6.684624228476963,0.6013972454989414,-17.239622206097895,40.44634859726376,51.386960251239984
59.9412499,7.374597883450804,-6.792176507143851,0.5808298925482688,-14.283138217602353,40.68925326896942,52.22787489925381
59.9512499,7.287371142371292,-6.838471998411881,0.6288205426045143,-11.851568569626606,40.5645290721455,52.296642986953415
59.9612499,7.191159658210966,-6.83783364105315,0.6652339704433003,-10.751429539707642,40.47964478087877,51.666955641901076
59.9712499,7.112571004542444,-6.749957231657604,0.5842171523837442,-10.825130869964607,40.46551810393599,50.555046781675394
59.9812499,7.051609287763979,-6.699296950426318,0.5481302450656842,-11.520473275797023,40.32951624282292,49.279728524977436
59.9912499,6.9902690386731585,-6.74470462583729,0.6102576780636818,-12.369603852372391,40.25191637876661,48.15888709497471
60.0012499,6.9058672828785435,-6.859000207155564,0.7342703284722275,-12.922014948011663,40.135399214135425,47.58194225646755
60.0112499,6.837927237303737,-7.005695718654618,0.8762352443458782,-13.066599990833517,40.041735482452154,47.65365885755063
60.0212499,6.7842782440805625,-7.121243263048275,0.9435947861691552,-12.652581610652724,39.957393566773874,47.91217251458654
60.0312499,6.7684898823520605,-7.168795216409242,0.9678614139144711,-11.702474246951152,39.50472503017194,48.11772662489379
60.0412499,6.799281139459712,-7.244293305023999,1.0911187110361469,-10.502242422304548,38.693122141411436,48.160107148754236
60.0512499,6.736305546051147,-7.394574700803815,1.279931179008257,-9.364510927252303,38.06421002192664,48.41805167549469
60.0612499,6.575540814409866,-7.4658259663793665,1.2848393127029933,-9.072031383991291,37.59937199707264,48.959334619248445
60.0712499,6.45147739823441,-7.420324535908103,1.1138938490768815,-10.07966541375523,37.07165394228029,49.240096717902105
60.0812499,6.3735611695397045,-7.353045533326214,1.0206694726703993,-11.754874252988488,36.575136289563744,49.17142510040671
60.0912499,6.237593333336462,-7.2857247160986685,1.0074454820312397,-13.772189408890798,35.97265817511284,48.8734017084944
60.1012499,6.11025025930244,-7.281586083821096,1.037847090903898,-15.8412618027815,35.6730278625724,48.47859838031661
60.1112499,6.028895546934422,-7.4256341950899465,1.1205965183972695,-17.184491168606083,35.7153433175591,48.31891557083067
60.1212499,5.91774419328085,-7.68413596783861,1.1769637593266753,-17.347685256856163,35.72186699786766,48.532401329394894
60.1312499,5.848612611126183,-7.897019966956704,1.1962753114740885,-16.42802872139857,35.84681877814085,48.94335751481807
60.1412499,5.91881142837628,-7.965056446962197,1.2303434437500198,-15.001223646592063,35.92082264193549,49.470709960717905
60.1512499,5.9940909516776975,-8.035913597393535,1.2967293156186117,-13.389817307322348,35.87685267289875,49.851112133469655
60.1612499,5.880260643171193,-8.106605188631992,1.289945409352093,-12.656334677177513,35.97071188311533,49.97632536858407
60.1712499,5.718526061791956,-8.078067640346328,1.1722265317258949,-13.078762346702378,35.9961804899822,49.81888812974479
60.1812499,5.603420259136563,-8.024245860492757,1.0529159944215518,-14.001033381051702,35.898058707577874,48.69153078308194
60.1912499,5.514848635025405,-8.043992192408258,1.0159487034431773,-14.937425945901088,35.779331802758385,47.08250186456686
60.2012499,5.4781622347771215,-8.11282034877929,1.073902505019861,-15.529293895590339,35.53861831285897,45.58427697164866
60.2112499,5.4778339427528815,-8.198850507746783,1.1410053924214782,-15.925075524773757,35.49821709048016,44.30664739158865
60.2212499,5.50503576020558,-8.312884925713885,1.1838458941776038,-15.84352286168958,35.589639900622025,43.54442243183382
60.2312499,5.538903471571651,-8.414745409215417,1.233282426211871,-15.494763218069652,35.532812590013435,43.03174011134771
60.2412499,5.520611453412389,-8.465947279539307,1.2474588419670734,-15.226168545303214,35.482920987776055,42.37072735451834
60.2512499,5.451102044156805,-8.471388755872738,1.2179511223510757,-14.979480901226394,35.38802309027087,41.208415796188646
60.2612499,5.379732898330197,-8.504974100886791,1.2127510415471034,-14.671010725898741,34.93675150995188,39.59779760491923
60.2712499,5.340930731969643,-8.610316535695087,1.2546537769784205,-14.272978954444897,34.30987076229514,37.91761918697511
60.2812499,5.2829579037339895,-8.729693923978969,1.3098633324623297,-13.857925252123579,33.85740677282723,36.035527591738784
60.2912499,5.182554910279482,-8.80445394162482,1.3359201297954957,-13.30193184357091,33.30754735066474,33.94871080411073
60.3012499,5.127815834539828,-8.858952017299183,1.36987590938671,-12.387781272279549,32.645070655355845,31.85263626789429
60.3112499,5.0985333234254835,-8.895516999341105,1.4053425369852202,-11.303088148368728,31.933247112904084,29.66989782120767
60.3212499,5.057757288373064,-8.870231466049415,1.4595738916476946,-10.32932192310914,31.33225148315988,27.674728272053333
60.3312499,5.065928202019174,-8.830575226994577,1.5251060861291987,-9.740807222799786,30.926119185615565,25.99188247149645
60.3412499,5.10167854438003,-8.884497837110377,1.5877421510391365,-9.184176434156399,30.490453862741766,24.76459178409423
60.3512499,5.089505072543128,-8.947569595449822,1.5914758315441513,-8.344544761054832,30.406764311581878,23.954227506389724
60.3612499,5.048458943152826,-8.93795217391733,1.4966515552556943,-7.122555731223773,30.065303605817075,22.794037751230125
60.3712499,5.0404347080776795,-8.974604805440888,1.4876494992466576,-6.115689267104122,29.221155212636578,21.321906467024846
60.3812499,4.975632648174167,-9.038982402089326,1.5358410857940858,-5.686660999924361,28.56140309540724,20.383053439124048
60.3912499,4.839434069688743,-9.035566215153354,1.5243570956387327,-5.6345194206794496,27.922570354735353,19.404398407165704
60.4012499,4.742149451182249,-9.047460426028648,1.454861221583907,-5.169390919542455,27.087129771377327,18.099357915831135
60.4112499,4.693188899975831,-9.075998466928594,1.3938248162374705,-4.137656281401781,25.92355202307119,16.781501588489732
60.4212499,4.679603373158212,-9.06417047389669,1.3829395389741321,-3.151081444100147,24.6499498111345,15.677574511713384
60.4312499,4.65993021147297,-8.99657451729004,1.3895535420641973,-2.534747249851611,23.539291699404455,14.674716626402576
60.4412499,4.642183583042729,-8.891979930850743,1.381426994883933,-2.4911464532531387,22.71278982586663,13.589257038943689
60.4512499,4.66591872023754,-8.870048206304405,1.3899102813449786,-2.989307363469784,21.654445417343055,12.575498663629245
60.4612499,4.673456087539872,-8.922123587726427,1.4091496974779947,-3.58039300221975,20.49242057246643,12.104984881460448
60.4712499,4.615563420037812,-8.916905816910782,1.4105285772017304,-4.401321486578373,19.489189614317972,11.781220319952224
60.4812499,4.528893581230049,-8.920930199383351,1.4167426269105066,-5.279078047711913,18.539478350757165,11.429767466915973
60.4912499,4.460410002202061,-8.972372172029967,1.4258631181164036,-6.47785382941145,17.284535004180807,11.040379708985203
60.5012499,4.422281749550039,-9.101814496460532,1.4430335845606213,-7.097761717085542,16.397521725814205,10.748680857451586
60.5112499,4.321815474537695,-9.13106363301291,1.4628185202587758,-7.759922200825586,15.500160722873282,10.471841085406421
60.5212499,4.245003379474086,-9.142562454020869,1.5272764734952948,-8.035465272497369,14.51728301322924,9.88980723588688
60.5312499,4.250453779348906,-9.214518938879394,1.570141544996301,-7.787383992919603,13.954694211754479,9.282933276259447
60.5412499,4.1818164202748545,-9.180870783749718,1.523999148502061,-7.744937356404705,13.250356713227935,8.828902646133184
60.5512499,4.113665989710031,-9.127770887387637,1.492541234630809,-6.53770120729035,12.575368915826086,8.175830805240155
60.5612499,4.12799654848975,-9.036779343360159,1.515259548812757,-5.171299164693133,11.892532724369241,7.696819681948329
60.5712499,4.181224034463816,-8.997373409358923,1.57516610653878,-3.6316375842135677,11.304828435468517,7.881427282803883
60.5812499,4.210113273281967,-8.883904223001093,1.5411811926284282,-2.3643082150683905,11.012491027196516,8.665225801130015
60.5912499,4.250635747479902,-8.736738329456122,1.4984694843097288,-2.0061205631154873,10.467357720149515,9.53723773825541
60.6012499,4.277626933807543,-8.690712665869267,1.5669790006341353,-2.155063605619026,10.014578611051077,10.20844395627842
60.6112499,4.223003231498299,-8.667628337774488,1.6150024686238846,-2.999124220340568,9.919808420081278,10.822817094271764
60.6212499,4.131993552348216,-8.641220510270243,1.5522168945553778,-3.773688979359933,9.600589481514314,11.23467341074167
60.6312499,4.0545123056078225,-8.675253629444422,1.5143135308012288,-4.067933812970435,8.854408417628049,11.28541171245955
60.6412499,3.9832861336442504,-8.739287251398322,1.5694694285961914,-4.144253958374387,8.141935643100437,11.463411110779075
60.6512499,3.9049285111144907,-8.780991907391627,1.6242076895679842,-3.537385961436859,7.728944594560471,11.58263527284473
60.6612499,3.847004901850417,-8.821571778902289,1.6510893004661282,-2.476730737442817,7.2743666673750615,11.550461263012478
60.6712499,3.861184104875215,-8.908031849221214,1.6952854263798585,-0.9312103742484847,6.584913705288643,11.651090982720504
60.6812499,3.9116931391112124,-8.968454527843537,1.6964093432565004,1.01063251311768,6.019718455050181,11.994684086482586
60.6912499,3.9564463336895264,-8.895569262152248,1.6704149543389968,2.3331586794410306,5.69492659350763,12.276018649670233
60.7012499,4.014041041026088,-8.82739161801536,1.6939873369261276,3.2826002574715236,5.5263096087141435,12.444432947339266
60.7112499,4.0468563015957795,-8.840140369152246,1.7195755481792188,4.079061118952904,5.103340849181259,12.755609043387365
60.7212499,4.030920491333756,-8.917442817711454,1.6963651823633703,4.864789737694821,4.737914022546676,13.264293426965862
60.7312499,4.00559552819269,-8.94490953272514,1.6320432299237704,5.758755737932511,4.427129754844948,13.752324460797725
60.7412499,3.9886607670148098,-8.87124704251682,1.6039454005527474,6.3437384382760715,3.7196808003441246,13.838461840676223
60.7512499,4.008611946870347,-8.87132729534676,1.6179711224273037,6.931279215591315,2.861151440042745,13.686730140322396
60.7612499,4.032366138158187,-8.948610030311656,1.6156589910642731,7.630047172143119,2.032264228713883,13.610589238454274
60.7712499,4.056072808419645,-8.996377165775831,1.6039864414531921,8.140635712647105,1.1476022508447878,13.636097888173996
60.7812499,4.123744619309163,-8.973609872635778,1.572422048529931,8.506388969446686,0.03902087202453632,13.675952754038347
60.7912499,4.183059340827021,-8.868031108507772,1.5392965969284298,8.296407791630356,-1.1352008367357929,13.537471302325953
