# Time (seconds),Accel_X,Accel_Y,Accel_Z,Gyro_X,Gyro_Y,Gyro_Z
0.0012499,9.00005321682856,-3.6915370765161084,2.0399967005977535,-24.454239021589743,-12.695257718123312,15.472653349463306
0.0112499,8.978945287624477,-3.92082022581886,2.0025528437083273,-21.95901744658099,-12.050872289506316,14.638660822225885
0.0212499,8.97847385530532,-4.109702724100174,2.0308958967591044,-18.5021037515724,-11.555653476880629,13.932070143806163
0.0312498999999999,8.890635381146778,-4.25436066418232,2.0371728162059126,-14.398027233284456,-11.31189004932668,13.616034775461472
0.0412499,8.781945087970714,-4.350179606926432,1.9821732038208058,-10.11933676007313,-11.158731221427974,13.60159653576624
0.0512499,8.762440900788746,-4.342220759639025,1.885871468647835,-6.6166971873459755,-10.708931259940265,13.933384759117109
0.0612498999999999,8.79938457283567,-4.212733466907784,1.7825113564643347,-4.846422706134262,-9.758795982798631,13.956039002730652
0.0712499,8.785870642672197,-4.179884449935564,1.7221756568083963,-3.377774394866406,-8.662465255904385,13.396374583900881
0.0812499,8.852560072611213,-4.137376560816346,1.711751272932818,-2.2148406355463655,-7.739408465807665,12.584483335454323
0.0912499,9.037036015914078,-4.042810518212712,1.7124684099418075,-2.7335485513486417,-6.209801578315184,11.466221893557837
0.1012499,9.023660518452008,-4.072285687897017,1.7359009642414758,-3.1519248667542294,-4.705269548623851,9.88340777853262
0.1112499,8.95961212148064,-4.057659802324154,1.8046901791416845,-3.4039962239172645,-3.7704126589177793,8.016242855527892
0.1212499,9.035232436782957,-4.133874294047851,1.881616565953942,-3.7635136341802427,-2.941775936899079,6.5754068725735255
0.1312499,9.046306331328799,-4.323578282772376,1.8003128978283442,-3.4527055849031307,-2.3076509448682714,5.6934508042828735
0.1412499,9.031409226465524,-4.389916182721665,1.6647981668479503,-2.484894354690121,-2.4939053676504304,4.894212503293412
0.1512499,9.126382480758663,-4.397504532307913,1.7221903174964253,-0.6905343887229336,-2.882521686004506,4.199872393981782
0.1612499,9.230521600515555,-4.405301011546153,1.7950973675590955,1.5011956507897533,-3.3414339063765817,3.608901897910117
0.1712499,9.266402315528364,-4.419630306039785,1.7418480113331694,3.2553933581968657,-4.178427625017211,3.714197851852881
0.1812499,9.28483588298986,-4.3493783042472645,1.6346804440135903,4.210171340842115,-5.121097477259378,4.604281658592103
0.1912499,9.299939557096337,-4.09118940061946,1.4749411582053207,3.361102991102978,-6.796480120611774,5.356231727859826
0.2012499,9.349740549781385,-3.8468167086096634,1.3533548451592772,0.7766448006629275,-8.818512648353606,5.533156244368982
0.2112499,9.400642629617472,-3.6778688708298213,1.3470375181682896,-2.300448460113583,-10.399070525617757,4.796974939808486
0.2212499,9.468676608277564,-3.531069650393775,1.410992605396272,-6.0772720126720925,-11.897388733392347,3.1671361838057637
0.2312499,9.571100654038775,-3.576855864958804,1.4648690695752695,-9.880481150855612,-13.389399949958197,1.3893945030406905
0.2412499,9.566777522571213,-3.74232086974167,1.5143757665567452,-13.350281955591944,-14.403283805706629,0.06211857635077056
0.2512499,9.463002578079097,-3.8461900106670184,1.5341613610490428,-16.181451034650312,-14.92092562559379,-0.9290004100359264
0.2612499,9.370777994044147,-3.9179428588783387,1.5200041027900686,-18.20937243870689,-15.210002948701005,-2.229285981793567
0.2712499,9.291861492191845,-4.005910111659716,1.5322584146199654,-19.1721127427387,-15.664082302084651,-3.808672649594533
0.2812499,9.220788486884722,-4.110595977410729,1.5508684663850416,-19.14556899043081,-16.15459454174863,-5.34336213946434
0.2912499,9.105501870415416,-4.227598521659803,1.492213311358961,-18.200399082093917,-16.389925407909583,-6.448600674149929
0.3012499,9.002030686745854,-4.194398761661901,1.3812459911245725,-16.846170163746248,-16.3952185229688,-7.3715804728224565
0.3112499,9.00662430682879,-4.125052590326457,1.2872943669721284,-15.176779873335544,-16.522034203040274,-8.239333997912144
0.3212499,9.0309957205302,-4.136980723172104,1.2662636500479627,-13.036693624932358,-16.651996131949396,-8.73017330181809
0.3312499,9.062755587477275,-4.092100499650426,1.3093235695814716,-11.241464497318782,-16.435429618372133,-8.873958415873593
0.3412499,9.063258060077148,-4.0219690096162255,1.351907273748164,-9.265596492854435,-16.041875843821778,-8.660788458139569
0.3512499,9.0150018349346,-4.0121611814264515,1.3279384021980656,-7.219274048726596,-15.653361501967002,-8.130543197269626
0.3612499,8.969351915327692,-3.9858915925489855,1.2278954956080117,-5.655454997830602,-15.26363881676285,-7.590803220046109
0.3712499,8.912205303331378,-3.863953589391521,1.1448165184310373,-4.289547469154709,-14.996894050548098,-7.0958336439548075
0.3812499,8.89045587365712,-3.742557526036577,1.1092363819613573,-3.3275535011742177,-14.800495361802554,-6.679997710285031
0.3912499,8.854871808141679,-3.7338012378690646,1.0817415431433424,-2.4620846611294622,-14.460103417816127,-6.073066307747393
0.4012499,8.78197318179025,-3.7387486632149334,1.0196545781275652,-1.5382165440047544,-14.117253384921858,-5.150962523457404
0.4112499,8.76213029112169,-3.6307111148797375,0.938043448947769,-1.1478140790327802,-13.702517071605369,-4.35095569479172
0.4212499,8.797636933352273,-3.5148624418700534,0.8816949124953483,-1.1454230245572028,-13.493616672482739,-3.5087537706204697
0.4312499,8.809347600884486,-3.4895915532680397,0.8430498464172591,-0.9726363803197073,-13.195820120213858,-2.787686999536351
0.4412499,8.809459570119285,-3.4658030061948755,0.7917942603468945,-1.1066857245478754,-12.705093788293864,-2.156882187525776
0.4512499,8.878720853395592,-3.4384740238878218,0.7585778912464676,-1.7898393122254972,-12.057955804242717,-1.1534534930181342
0.4612499,8.941624101591277,-3.4286744585888065,0.6981133181360868,-2.9263469399648123,-11.113107925014312,0.1256189083278213
0.4712499,8.946346179364207,-3.4262361515118576,0.6395518972939067,-3.938709761519008,-10.353078028929776,1.1295893652780944
0.4812499,8.954758577101883,-3.443095782212776,0.6481222313392085,-4.547250244097875,-9.831358742649975,1.8634161723988478
0.4912499,9.008530263250314,-3.5185699719650234,0.6360784338410418,-4.673202300298506,-9.032404518401194,2.1717811594542233
0.5012499,9.028914667439956,-3.661001659585345,0.620867461835573,-4.14855305131328,-8.360293032065547,2.3782064942140955
0.5112499,8.971322814965891,-3.8478411517840616,0.6495472692005435,-2.8695994207886084,-7.9635627893433885,2.959587682268127
0.5212499,8.944135864090594,-3.952071958644511,0.6049947263734711,-1.2902735040227018,-7.739670356396857,3.7757222267479054
0.5312499,8.979162720139202,-3.970906774714908,0.5598987172830882,0.01158935193525833,-7.802788925698278,4.454742577002851
0.5412499000000001,9.023665316447685,-4.053096459669395,0.6177552147432165,1.4163793349380953,-7.737989317507332,4.933037947875203
0.5512499000000001,9.055990836476264,-4.064737144670505,0.6320274107603435,2.2572794951927815,-7.61094145128546,5.398964947913166
0.5612499000000001,9.104443628807669,-3.997986905965737,0.5698935180884483,1.720523958912284,-7.182022539430906,5.646659511176769
0.5712499000000001,9.141360222103561,-3.9584349043620204,0.4967223801198019,0.13199787600800708,-6.372738936836356,5.501792814020199
0.5812499,9.104687222647845,-3.9598906526796926,0.42628457726865615,-1.85003438553331,-5.8284167006782654,4.856265605549372
0.5912499,9.054967553304678,-3.988161240234621,0.35991631819202885,-3.799880118375061,-5.473116330014244,3.8095515242962517
0.6012499,9.044279378088397,-4.04423914104999,0.31946764379621717,-5.662003914832237,-4.959948548375554,2.5723956390002574
0.6112499,8.996810013807378,-4.1248141917493575,0.3243069257416691,-7.588651673726225,-4.556083964125937,1.450161637698734
0.6212499,8.969857493044456,-4.22015268927149,0.36663523030198525,-8.660640506054238,-4.294422103137158,0.6226626308445864
0.6312499,8.977746511494585,-4.260686184085845,0.38746556020666983,-9.031979429510418,-4.019396529167266,0.13898699476169973
0.6412499,8.94677827413525,-4.280549796304831,0.3322432112989406,-9.337638551285425,-3.9834109809826606,0.27051691616889645
0.6512499,8.873705444976004,-4.345553643166202,0.22722101314713408,-9.167250555762147,-4.366655094703793,1.00366221598643
0.6612499000000001,8.84125143895387,-4.290223434476535,0.13733523362641006,-9.247975828304774,-4.748427251200623,1.9277123195158867
0.6712499000000001,8.889530570567773,-4.104671809265947,0.09201356027870806,-10.181127466933832,-5.081310282763276,2.403866893916588
0.6812499000000001,8.914968978127439,-4.0155975891023825,0.1140783028477085,-11.277191642312832,-5.281162126237306,2.2985660444548763
0.6912499000000001,8.903522983247257,-4.060158683683193,0.15044745759806646,-12.475216264877249,-5.218800054541581,2.569067195165365
0.7012499000000001,8.931889548855999,-4.120274944254702,0.16468055532711343,-13.740929705454866,-4.909788490499186,3.2815750287380294
0.7112499,8.929593829986462,-4.146692065701949,0.17107681851218798,-14.435372035181723,-4.561951893648223,3.8903711491965356
0.7212499,8.844194232338547,-4.1989753373490215,0.13037035630872285,-14.45460810013862,-4.599826082371872,4.484190207314468
0.7312499,8.769363666594105,-4.294776890296567,0.11427841515246441,-14.267504255299698,-4.95946145995486,4.947827276940255
0.7412499,8.757157902678752,-4.33747676998836,0.11828735037720281,-14.014238641762464,-5.073938815452828,5.262096299134172
0.7512499,8.783344387272754,-4.336276745437117,0.08589203898640094,-13.874991048577998,-5.055707743886931,5.484505002635132
0.7612499,8.799693903585936,-4.329619844364567,0.06212138549367174,-14.04323560232154,-5.024377004499708,5.252539128233567
0.7712499,8.824935840007242,-4.298167353978409,0.10102169322616966,-14.569703579051227,-4.668835279370474,4.451312581302608
0.7812499,8.90259544330941,-4.294456336658877,0.15804866444292856,-15.25379268490183,-3.93249372353417,3.5929743683386453
0.7912499000000001,8.948965407290224,-4.305256685216249,0.1526006615871936,-15.756407503606875,-3.180294462348011,2.9706451050230442
0.8012499000000001,8.959089208403583,-4.244536543384995,0.10062914405610644,-16.15210923170352,-2.4342704556061827,2.2989907804796297
0.8112499000000001,8.963724837946296,-4.193163532231652,0.0999421712016916,-15.942215061731751,-1.8795249942516505,1.6502357213621144
0.8212499000000001,8.965122706296553,-4.159010156246591,0.13649873523873782,-15.262533319183364,-1.306875340527428,1.015420769988693
0.8312499000000001,8.971457875679741,-4.128655571149965,0.14433505293570426,-14.630109919145717,-0.5533720779679594,0.443196211117008
0.8412499,8.976412235845869,-4.121777524954062,0.13360255936339135,-14.087205711395082,0.08055785252808594,0.36041772447193776
0.8512499,8.984248473374723,-4.084503366912347,0.10560191854721372,-13.900807365724452,0.6305455469068452,0.720178492146587
0.8612499,8.983071057426184,-4.006484810523387,0.0818533464970278,-14.3289397391764,1.0660127457621602,1.0715143913798033
0.8712499,9.00240770103248,-3.9491897229823056,0.03327017342486974,-15.043799750600787,1.7000861793848203,0.9070948935595096
0.8812499,9.009894796412995,-3.946330810602722,-0.004996346275892337,-15.707980314495833,2.377858629750128,0.4957948186346588
0.8912499,9.012504922755639,-3.980290589997542,0.05814522272523885,-16.179339760722392,3.098934839452996,0.33824638377265615
0.9012499,8.999989348390102,-4.033133082602655,0.1090371636805992,-16.306875427722435,3.940474181969245,0.3561790495380428
0.9112499,8.964373772807207,-4.0407179538011215,0.06111609812931292,-16.125207167456836,4.570170586620914,0.5312113783982461
0.9212499,8.934223782399103,-4.055605163401723,0.01755645917511661,-15.478127558985245,4.871809758214555,0.9309285023213207
0.9312499,8.851338077154553,-4.095754812901745,0.020651042471670156,-14.518787791414187,4.8066333804501875,1.6394144828975996
0.9412499,8.74503970011064,-4.050817693546219,-0.004227677313149924,-13.879839593705448,4.61652565468841,2.362834880611265
0.9512499,8.75362970070874,-3.9089128596999605,-0.08581055751072748,-13.888009952663579,4.4554639959741955,2.7759778701478632
0.9612499,8.837425405461808,-3.8159137092315767,-0.09774357878154223,-14.415866948732866,4.297761108799542,3.1021240774385435
0.9712499,8.847914479118547,-3.8372544953909804,-0.04546333183972233,-15.853287906926964,4.76520928980432,3.9096499847622406
0.9812499,8.821438634969262,-3.8522154219624496,-0.02966007110740605,-17.511060976497685,5.493586053613075,4.841497836078712
0.9912499,8.8234532095757,-3.8243557995082247,-0.054801555491390354,-18.642709822138638,5.821100927344828,5.4754865390932235
1.0012499,8.828000977307404,-3.8729244067216873,-0.04567917344053226,-19.228242789243417,5.995707179951478,5.945646232246253
1.0112499,8.855253855301193,-3.9255120183905707,-0.0018257158198521192,-19.091781396236613,5.855440393802742,6.438427738711676
1.0212499,8.921524108716854,-3.9457324846242896,0.018369513686479585,-18.48669072969705,5.502372351414037,6.8071507157855855
1.0312499,8.972919534157832,-4.046375445832684,0.018564943638712163,-17.60529537161973,5.120634148136832,7.373313788908742
1.0412499,8.98009048739368,-4.107975995969478,-0.023561460921787618,-17.001471878145146,4.686873218451871,8.138277285967417
1.0512499,8.99328338777998,-4.076213533302721,-0.04577414268526486,-16.56414181477359,4.243102773907892,8.427371768907435
1.0612499,9.029687546310862,-4.021740019678775,-0.012566164904831163,-16.49249358026278,3.8920706450953433,8.183361555023113
1.0712499,9.125119246628271,-3.958176372760454,-0.0004767685562673483,-16.658665204619897,3.6701493250846533,7.6241187893893185
1.0812499,9.210554622906232,-3.9729278200722136,0.007437346794384107,-16.619995129441268,3.7662946547679956,6.781133286526217
1.0912499,9.206005429310366,-4.051158545048366,0.03713201911075507,-16.534347110487378,3.8877211951345347,5.867105364533929
1.1012499,9.19077289040949,-4.127014602905068,0.07020942100217566,-16.19774516928789,3.830821545892734,5.344328336597597
1.1112499,9.227653692108351,-4.200210723455982,0.09087530188028028,-15.112465888161621,3.6703252618522826,5.108490453098368
1.1212499,9.25819291502566,-4.203186239799191,0.0962393654441176,-13.818627783608088,3.6014424596481955,4.893804864768744
1.1312499,9.233119748254198,-4.138385226313877,0.05291724158408911,-13.002617175688393,3.5606371333908338,4.359278887944652
1.1412499,9.231786267579428,-4.146925374874343,0.009791784677660311,-11.777264759235516,3.450812761500235,3.4738301044332807
1.1512499,9.218658753701078,-4.21653180025789,0.060318590318530374,-10.459648165017512,3.2502646781339632,2.607026592805813
1.1612498999999998,9.173740827234296,-4.2242402207176575,0.11596331720103975,-9.587826523823143,3.1263614778556454,1.756508659962882
1.1712498999999998,9.227745817556114,-4.165005454234275,0.048545907156884255,-8.652448908878394,3.141688601360339,0.7985753546586375
1.1812499,9.193052118181297,-4.112304028891806,0.08198675763043448,-7.960846501127442,2.593067763103548,-0.35112611843545594
1.1912499,9.16696466152685,-4.090816197339117,0.30612391194169764,-7.502760518590167,2.3812687278742524,-1.4430207489150808
1.2012499,9.181826669325831,-4.03948188912094,0.3919430316019997,-6.886437387390806,2.3339848788060236,-2.494899556278633
1.2112499,9.117236390778617,-3.984265415389918,0.31726831844082387,-6.082468477736825,1.6804705350616356,-3.565672058217224
1.2212499,9.037594732480613,-3.9922610765591773,0.2379424496404604,-5.14361863068854,0.9579216074982267,-3.984024134909774
1.2312499,8.926359707137221,-3.990455870452595,0.22282290563976873,-4.615369444671825,0.1749731885231257,-4.057121164006387
1.2412499,8.86468970690362,-3.9694447567822535,0.25101637281205547,-4.39659756835435,-0.6309428763842777,-3.9897095816262604
1.2512499,8.830723513469332,-3.9060025513696215,0.22777061016725433,-4.171302082038564,-1.5484658601990549,-3.6197367335682773
1.2612499,8.754313698521095,-3.8041952611380303,0.13260596163535895,-4.127218925514818,-2.569763044737405,-3.2259341950407907
1.2712499,8.657112132573051,-3.766745708060737,0.054065768391279106,-4.1360628138272775,-3.5222007781474933,-2.840024550130841
1.2812499,8.594408448273345,-3.7853649738203523,-0.011003119711728768,-4.000783758766332,-4.324265174877162,-2.3565246453109934
1.2912499,8.597850188949248,-3.7603625738771176,-0.09043620659093703,-3.739653923206385,-5.234131774295022,-1.7990995302505501
1.3012499,8.634550905923719,-3.6979617500653976,-0.13562069513118835,-3.515118501756722,-5.830188573098033,-1.1750315815960637
1.3112499,8.676906835587229,-3.6581493390959374,-0.13710765498763802,-3.440644769193953,-5.738430552506803,-0.4230386864531214
1.3212499,8.720722098847633,-3.6526534543349665,-0.15473867145024375,-3.3963917289863117,-5.438320005271072,0.534678213701827
1.3312499,8.768276134994997,-3.6817644657548216,-0.2098458050686313,-2.962844923205658,-4.987332579345798,1.8628614901268958
1.3412499,8.791845149636048,-3.701474866652132,-0.2342439531757592,-2.3032594443882815,-4.524478357550453,3.0044702291499363
1.3512499,8.791672240038764,-3.7271429702653767,-0.24524210584266884,-1.306240427447527,-3.956557655216492,4.0707372552789725
1.3612499,8.775418722788439,-3.8150612131577955,-0.27398516314361143,0.4079858276663747,-3.307154585214341,4.923244616061374
1.3712499,8.740983636675303,-3.8958412944933096,-0.3075898185551015,2.2138611607329066,-2.884877621735647,5.595608080435248
1.3812499,8.764155699879362,-3.9952419959788656,-0.362043746605536,4.23350809226186,-2.3826225398325964,6.5785720913930765
1.3912499,8.764279884919628,-4.068076407737307,-0.38702475760762206,6.121977863016317,-1.873226671220841,7.599626915400013
1.4012499,8.737342936676763,-4.078230251065082,-0.37637681422694275,7.097941847885408,-1.3568498514215943,8.211223977505623
1.4112498999999998,8.695344380869248,-4.126143076888875,-0.4277585972625932,7.555224121891294,-1.007502969644835,8.80938231763512
1.4212498999999998,8.65203669559357,-4.245198469230306,-0.48322389315234243,8.158055282251892,-0.7468124039699932,9.288454297298378
1.4312499,8.620686254140324,-4.328194569603791,-0.49762898312190473,8.280726652511882,-0.31198255159058413,9.512031320306203
1.4412499,8.568718111467692,-4.333319138612142,-0.4896506094226362,7.833955262113735,0.1942684291546447,9.58668470096292
1.4512499,8.51876776593571,-4.369735653112154,-0.4672157426556618,7.336430071127467,0.5763488781193212,9.358551814204832
1.4612499,8.528787659111314,-4.387645162405367,-0.44174371741706253,6.369090949841198,0.9202334135594062,9.271601279943704
1.4712499,8.579254097047379,-4.427590095842628,-0.38464573989584244,5.603538052507839,1.3286546285819607,9.315676371504232
1.4812499,8.539458889737723,-4.495899773811101,-0.29408642432866605,5.083745281312604,1.806890786032396,9.35338745794883
1.4912499,8.42624950685254,-4.525353378876526,-0.2466244338226758,4.645306037630406,2.265512388229272,9.544144907656268
1.5012499,8.363719028412122,-4.548146728350218,-0.22378094081712468,4.43491903917475,2.583120357946776,9.941742558992727
1.5112499,8.342914215269499,-4.536741205117137,-0.19081748026157938,4.466140649145107,2.6693946814386305,10.222536088271399
1.5212499,8.275225690801843,-4.460403755990513,-0.15064448292359234,4.560132806016219,2.6009988450109685,10.263313010821564
1.5312499,8.180144464144004,-4.432925506573128,-0.11723366691072773,4.681361265321473,2.497789327800596,10.341828278337124
1.5412499,8.147049435426414,-4.487840817599482,-0.08346794818157338,4.575764280750327,2.2819120441413774,10.977867359348958
1.5512499,8.150899202743606,-4.47223557529512,-0.11792229368119422,3.728761363061314,2.2745400059163536,12.353055192006085
1.5612499,8.113457901869205,-4.316788074086101,-0.25271256433774303,2.081365428788232,2.3242584074082533,13.761890589274731
1.5712499,8.093499573653515,-4.172889229464361,-0.3530373772878083,-0.1804688995332756,2.0766879105313762,14.701412413133175
1.5812499,8.087260525037168,-4.136132713417076,-0.3815710317566527,-2.704598186997128,1.7095679228113048,15.423320398753102
1.5912499,8.04927218970444,-4.193588367844477,-0.3793130911676679,-5.014551417483484,1.6451492950468207,16.510422483302563
1.6012499,8.042780262998916,-4.266296281394237,-0.36222135758125845,-7.351296517411301,1.7386249648346475,18.4098743425952
1.6112499,8.055672908702698,-4.291872614150321,-0.372728994720261,-9.400328151307717,2.036909738523174,20.847292274254958
1.6212499,7.994018742399524,-4.244338266487136,-0.4558541178843949,-11.258645481205264,1.9856725915868456,23.292193344996445
1.6312499,7.889573732743794,-4.1818678706353785,-0.5701462397279543,-12.662956745196215,1.3135307849656446,25.90240430474089
1.6412499,7.8284870132976385,-4.17590252676889,-0.5895724871811951,-13.513240293771624,0.4676528814262833,28.731372822559038
1.6512499,7.74853840954046,-4.168247551865728,-0.5355350708611972,-14.994671499519631,-0.8176252102834095,32.36229684142125
1.6612499,7.576858607508371,-4.103292165240715,-0.5812436296751753,-17.225741121910286,-2.4829407633663383,36.553193132577256
1.6712498999999998,7.356554903958493,-3.9991515586047752,-0.6683000428858407,-19.82999419720202,-4.575454721858756,40.70086164008541
1.6812499,7.1274881210167385,-3.9652762548295826,-0.7073619844104669,-22.879870337021703,-7.273442272932451,45.37204048041584
1.6912499,7.005267418353526,-3.9752700075090197,-0.813458028890676,-26.484195727596433,-10.806775500781352,50.7132381808464
1.7012499,7.114048957665453,-3.88443617152104,-0.9591662865004976,-30.40861417023517,-14.93758125437916,56.06137607241351
1.7112499,7.287068670647527,-3.7974902834690294,-0.9560592528533429,-34.45877080543646,-19.2252302401479,61.23808454909075
1.7212499,7.410288623497124,-3.7551079683591384,-0.8564143806056075,-38.777112639007825,-23.52940399608076,66.66256162448686
1.7312499,7.570609816167358,-3.747084467432123,-0.7980491566399827,-43.4182005475484,-27.760738129737465,72.5360027115498
1.7412499,7.8151438323529385,-3.831151823321202,-0.8063601182980201,-48.27336815205994,-32.02454118479046,78.91434270261061
1.7512499,8.15943852203903,-3.8814425636767105,-0.8934889867803208,-53.946292170325634,-36.41457709838417,85.74043984949257
1.7612499,8.677894774000576,-3.7690297844864458,-1.0062770981327473,-59.9500709977589,-40.94094293407579,91.82036841578757
1.7712499,9.326584404411166,-3.630486840455748,-1.0727604526119876,-65.56690749367404,-46.59310187751641,96.64420228723581
1.7812499,9.89714532259221,-3.6843113337224938,-1.111746595809368,-70.06163674265152,-53.09461877274085,100.74883373318937
1.7912499,10.680953148105333,-3.844401787591869,-1.118096106492381,-73.25693239475059,-59.53813373936757,104.48816120905049
1.8012499,12.357282803302962,-3.8882087289577596,-1.0358968292041577,-75.75498203443291,-67.76303581119487,108.56409403081892
1.8112499,14.364623472063242,-3.812037625683402,-1.0704959831747378,-77.59538418228344,-77.61877516705516,112.22927070530301
1.8212499,16.140202560570682,-3.580383171853495,-1.2146075985965465,-78.79308422957551,-88.17740650870503,114.40997989424179
1.8312499,18.36535304131084,-3.09468141026885,-1.2205609443270913,-81.81004057553876,-101.49820916481791,115.13421620933804
1.8412499,21.17748900979385,-2.143381874849802,-1.2310913023776724,-89.53692300766609,-117.00075876088961,115.0070770613145
1.8512499,24.992107553130605,-0.5973481076248462,-1.5147228474135015,-100.96236013015131,-134.04806219248496,113.32936310435117
1.8612499,30.572298518949413,0.9279961270511917,-1.2824439228157907,-116.11466649527603,-151.83595950286937,110.19394679773899
1.8712499,36.23747018660893,1.7307654529484096,-0.21295371972451108,-141.26895403885575,-168.43020779677767,112.34814051060737
1.8812499,38.81612052292441,1.2388585716629912,0.40162380281316395,-179.7564849923366,-181.94818011072024,123.01942090068377
1.8912499,37.31709430623997,0.3129565817614964,0.13209454338275603,-221.26164403371672,-191.67874745875204,139.22101037272978
1.9012499,33.20282191051691,0.14700754281055356,-0.7938684169090293,-257.34997769266664,-200.19666563949806,158.4374508123592
1.9112499,28.45812417791863,-0.7363824030819813,-1.4660325832786518,-289.3004471385869,-210.90520781146756,179.1366939989212
1.9212499,23.686043876057763,-1.2251842082532034,-0.7764032353529348,-326.7483692381768,-220.48156985619164,201.1191706036486
1.9312499,16.842323712166813,-0.44517017363902633,-0.21452506098621557,-382.63857515392584,-221.1949591523004,227.84522461329811
1.9412499,6.025175093925391,0.17262801442923328,-1.4528137404279569,-456.11981635846195,-223.64884628117005,262.8605353298299
1.9512499,-5.807375918720774,1.5692729451305105,-4.255659148932717,-500.1092506198161,-230.35629301776007,292.0375454981548
1.9612499,-17.391124663049986,1.3148305614295017,-8.11305612397162,-500.8798411048253,-230.35949012218006,309.1085824976177
1.9712499,-31.773757819534477,-2.6592462796516476,-11.783534928786068,-498.57918655126866,-228.04263255696515,324.17163360051273
1.9812499,-45.91224788061324,-8.139010903341264,-15.985429086914897,-501.780574476565,-213.20214167328803,338.62476079873056
1.9912499,-50.81459346935149,-11.417535294008179,-18.4731375485569,-494.3870670501532,-170.16045652198036,339.29597228780665
2.0012499,-39.161257595823955,-10.626883784261095,-13.590020870199831,-430.1553951311486,-90.03857803208643,294.8395488815166
2.0112499,-21.746668303351377,-9.924165566517292,-3.3923896710674133,-296.3328950951834,9.078450561306767,195.02225607496032
2.0212499,-15.247997132238602,-11.590056196548508,2.495836738226265,-135.31965894470548,71.24968202697296,84.45721108975316
2.0312499,-14.29789114467084,-12.3006533828851,1.651392319716904,34.935204079583855,89.14132582673385,-15.199614576374085
2.0412499,-14.978692645568092,-11.042312290221844,-1.382330712555529,204.23345402194053,82.27442569236722,-104.67284434943701
2.0512499,-18.51982803839189,-8.261656757388156,-4.035785088622828,322.816537065399,64.94718188533598,-157.8699064750103
2.0612499,-20.551069934096528,-3.1711928446590143,-5.7329970350223,370.4921316686577,48.86577514659397,-177.02312670017432
2.0712499,-19.05447102008491,2.615564820838896,-6.386290028077457,366.3891245420391,34.171503254566275,-185.732839826476
2.0812499,-16.024887570309904,5.902492393998585,-6.817186809031815,328.1488690779128,21.713040031900956,-190.38246355909558
2.0912499,-13.46767839709554,6.440837291997835,-7.400632155700583,271.64857591923897,14.061971075215842,-188.83666724365332
2.1012499,-11.516509139294188,6.059966184566269,-7.877453236722654,209.3045882985243,10.38099093883382,-184.39121765020573
2.1112499,-9.074128012665671,5.05376945872649,-8.246826594319435,151.03356494234274,9.504549277640475,-179.47846843613905
2.1212499,-5.826860529809108,3.195214678099566,-8.493927073044956,103.47786215268727,11.030362128277746,-173.90585901064512
2.1312499,-2.5952162743015372,0.8500513729508279,-8.6032181297607,68.42188747944182,13.480269757783937,-167.14102283018914
2.1412499,0.23088434606720512,-2.202703184367009,-8.448711969539344,48.243265015269465,15.840779432248834,-157.0624818295416
2.1512499,2.584878657996879,-5.330857945957037,-7.925603820318134,39.90917875653629,19.107804847221303,-140.0547480854252
2.1612499,4.415527617187823,-6.650036468608573,-7.692318694521137,35.06020773815161,26.508071544432084,-116.50457473436238
2.1712499,5.741498941268583,-6.660922952372558,-8.027693786227323,36.22946848848192,36.021851190856225,-95.9545738222074
2.1812499,6.744512526967032,-7.07737567901177,-8.128770865339908,46.07623697320366,46.110978566763514,-82.5042910289008
2.1912499,7.963852063670271,-8.306619609250339,-7.790881559774037,64.69606283974014,58.2850105459946,-72.04752274997112
2.2012499,9.491888622836793,-10.047765568679768,-7.232077862484777,92.86741337658502,70.5289281222227,-61.916597925963565
2.2112499,10.462258923456057,-11.460275877122886,-6.7428882146646645,130.6900912610931,80.95960369528811,-51.48162845177381
2.2212499,10.412092944651146,-11.547484339877913,-7.525975305838815,175.19933605555562,86.89342187633248,-43.01745688528409
2.2312499,10.020244634532032,-10.520161919455076,-9.112347530230881,209.8840172802045,87.05422511516326,-41.16198681333542
2.2412499,9.317440740560192,-8.827170983398569,-9.88087659031664,227.98053449870594,85.96251099788613,-45.57510046162573
2.2512499,8.556557533223955,-7.038663452434288,-9.683110927122565,232.5649805779418,87.76927946681364,-54.789564964869356
2.2612499,8.550195020457187,-6.2619534611135625,-9.126688858385588,226.87741295640473,92.91251588034669,-65.66000261601734
2.2712499,9.21843825324193,-5.9757734690407425,-8.528684793675353,212.14564144221615,100.69525704064775,-74.48581480558829
2.2812499,10.046290398575296,-5.574363042140036,-7.808363821026119,189.84921254407263,109.46318563020094,-80.82818184000897
2.2912499,10.746922730034678,-5.413561646482438,-7.180537608034437,165.75394032575772,116.45677416717335,-85.65175260747002
2.3012499,11.22818921623947,-5.504038249832178,-6.899885953611744,143.64463601999088,121.93359706553038,-88.84809840750215
2.3112499,10.902656227129013,-5.386814545569918,-6.913111103341498,121.67811686845276,124.86127870182365,-90.11881558618772
2.3212499,10.016895439642889,-4.976525811521566,-7.083185168864299,100.81833188760454,124.98982282145084,-91.94617164619301
2.3312499,9.284500799849583,-4.833792122406547,-6.983031999029904,84.85988536960502,124.25399450170917,-95.00155908361175
2.3412499,8.611247325656914,-4.9469093371232935,-6.350988502925662,72.69679426722114,123.29759673665306,-97.84302469623289
2.3512499,7.933068882757972,-5.15822649755025,-5.424423886250933,64.56276414734504,121.66358396475691,-99.93159030597914
2.3612499,7.552206746734197,-5.82601337124868,-4.72467804647763,65.3285758429172,118.71011461448572,-100.84258427249931
2.3712499,7.208274198835149,-6.580526502047089,-4.463630799994036,72.85985509213471,114.03405920162,-99.8431061418317
2.3812499,6.863934968458603,-6.648975949830687,-4.440841436888414,81.34790290315715,108.9574796454701,-97.79740597644172
2.3912499,6.896870574966677,-6.537660550408168,-4.313491747498427,91.14309392245899,104.42458214528138,-95.5768351131409
2.4012499,7.080861931696433,-6.4685844139772675,-3.9111308912045524,99.5596955520441,99.83295116790703,-92.12445198585209
2.4112499,7.251846229718437,-6.098894036707503,-3.585406345767203,103.30603419989342,96.8631032341605,-88.00703117805145
2.4212499,7.385223087640628,-5.509468111778178,-3.6219271032125007,101.61868292113913,95.3100291005154,-84.54763121013059
2.4312499,7.662194970027381,-4.996503905549904,-3.831585498581718,94.89850924854197,94.84904591306112,-81.8590623199291
2.4412499,8.007888186289836,-4.680075650579542,-3.864377292576503,85.02364165416812,96.55237978851892,-79.68762712807252
2.4512499,8.119796097623148,-4.472974650545446,-3.5867975008721498,72.72990836550161,99.46902999700059,-77.66333484242358
2.4612499,8.101427423130618,-4.224347128305444,-3.181198924479028,58.35453609371757,102.1416409429238,-76.76914016762913
2.4712499,7.974083997840775,-4.024823919836713,-2.7664624172980767,44.83816648946344,103.25953333819142,-77.36014608641281
2.4812499,7.861319156582544,-4.087104911308296,-2.485305154274111,35.97153926828048,102.17581346318961,-78.43951298247407
2.4912499,7.760332852769073,-4.274092864977806,-2.33644767548721,31.635249655110993,98.31639959312182,-78.96306299301615
2.5012499,7.618543233482756,-4.513856740701547,-2.0809393919575245,31.81751097757688,91.71399754972771,-78.40394844332135
2.5112499,7.577750215747055,-4.686226681059157,-1.7072381017365792,35.60875153126972,83.16946237213538,-76.43908033637817
2.5212499,7.743932756900192,-4.673066366334755,-1.3294006051175502,40.55910160291539,73.67101223428207,-72.3291574541175
2.5312499,7.930203950494402,-4.529381588317077,-0.9593083188953789,44.70235855120585,63.64332903444384,-66.4089434141962
2.5412499,8.021137076057235,-4.273508352608632,-0.7213977251606992,47.428333021629406,53.422039175069756,-59.844739008348675
2.5512499,8.071031082064476,-3.9889666447507635,-0.6808787044751654,48.6834716605646,43.2760747717924,-53.0587832893555
2.5612499,8.123312725085272,-3.803578934295339,-0.6032905594682388,47.64261813256326,33.70311976002969,-45.738431855946445
2.5712499,8.176759220466868,-3.5396451812961423,-0.49264882499493634,43.637295563949976,25.552504525257756,-38.98791122000882
2.5812499,8.188929282578322,-3.1589595836647266,-0.4752461539439218,37.251714920017086,18.112687896271098,-33.616800390735946
2.5912499,8.272575416997043,-2.9399199092352273,-0.48336741660349225,29.344009753594367,11.387439030021058,-29.405844900186814
2.6012499,8.403611764341091,-2.8556444224999655,-0.4707172569324141,19.62955292941177,6.139182662566169,-25.886418815817837
2.6112499,8.522426093801483,-2.7761860482306404,-0.3970633546887397,8.126906533034989,2.124784063257351,-22.722838898563474
2.6212499,8.672873826168995,-2.557379592981432,-0.27641331302157357,-4.709745384395584,-0.8762798763409578,-20.996062471845114
2.6312499,8.768949142894037,-2.453016514433775,-0.14693939442107048,-18.175563486466796,-2.8862837856188057,-20.710384682757546
2.6412499,8.695434146944855,-2.8198573021216027,-0.0867389727891764,-30.068880315642456,-4.305951816358647,-20.744305804106265
2.6512499,8.538511086139017,-3.311683874546623,-0.10180586021723587,-36.52953505324543,-5.371680763423663,-20.406045654490686
2.6612499,8.483639217458888,-3.740618974941776,-0.09448378271919315,-38.79786459767489,-6.239851913755061,-18.81080368437278
2.6712499,8.512029168428832,-4.07148023894773,-0.12378607730972246,-38.843310703038746,-6.627740797120782,-16.109844825436582
2.6812499,8.486810011115509,-4.187484499724686,-0.1532524546583519,-36.91160398390902,-6.823214168442679,-13.557119125047846
2.6912499,8.512436671073342,-4.280330905697588,-0.057487475212714,-32.543821991703766,-6.742136434747932,-11.962904150655124
2.7012499,8.572627033647047,-4.471690550843713,0.03236829560557439,-25.914520638331275,-6.127210843026901,-10.694782993760384
2.7112499,8.58134137427983,-4.739829382349147,0.03857221437797332,-17.45383040045062,-5.7147842360694066,-9.043539500612221
2.7212499,8.650048916852983,-5.028864528694707,0.007555418450800303,-7.594885437898627,-5.208731611212467,-7.015228929201056
2.7312499,8.688603788839442,-5.116391485177379,-0.03216733169317073,2.4427270454576413,-4.606313306720232,-4.861602085700944
2.7412499,8.705555740431496,-5.056130993652775,-0.05152215291526777,11.700182380709412,-4.3901022398143095,-2.8183807736152855
2.7512499,8.773819185477505,-5.0341732269133646,-0.14627952896032984,19.923644384131624,-4.044117784394826,-1.1517190956912964
2.7612499,8.846504532392604,-4.996166475862555,-0.32269772739912655,26.42634445580901,-3.6513307345445267,-0.004694487785022092
2.7712499,8.933413781378125,-4.931818238318512,-0.48277215435723425,30.79978675050246,-3.067778859478449,0.44478038278132154
2.7812499,8.969502973516327,-4.810324927070159,-0.6251719281689696,33.318575066889515,-2.103157480593271,-0.07304421723865784
2.7912499,8.962799581973128,-4.61682988143855,-0.7341438621377824,33.3995335999125,-0.8412959611228082,-1.436564507403613
2.8012499,9.00933380906099,-4.352282198602529,-0.8590137458416125,30.766743246695963,0.8357147657146629,-3.499389541427847
2.8112499,9.056169242224511,-4.029461098144789,-1.0127256516518228,25.539473636378037,2.515198514796741,-6.056035090301098
2.8212499,9.130297435451505,-3.762246783710519,-1.11587379323753,17.721343474942305,4.313824930130086,-8.556390129709662
2.8312499,9.203238260603344,-3.5782266782177548,-1.215119475610529,8.612128821571087,5.913680567412756,-10.66987240035382
2.8412499,9.167755043401172,-3.4523224320386934,-1.3120630442422119,-2.615401717547992,7.328673247619191,-12.349005111356957
2.8512499,9.087716729307761,-3.485677478168914,-1.316980379869261,-14.862442123395498,8.424926569886518,-13.210980032046987
2.8612499,8.987436451521592,-3.6953129153481115,-1.176589034102678,-23.304928816874412,8.745768681524353,-13.125342671058448
2.8712499,8.883132071237469,-3.9317906567983636,-1.0062365946759662,-28.181099692197737,8.188515212292701,-12.503806716499984
2.8812499,8.814334285351467,-4.245547078755995,-0.8452358653512445,-29.330375953358356,7.166727324686919,-11.475073082108993
2.8912499,8.713430228689264,-4.5751718570093045,-0.6730558188247253,-26.39893250298591,5.530926698347527,-10.130510409743062
2.9012499,8.6051319703845,-4.819862965017853,-0.5053917435479357,-20.476942659825383,3.70903182144087,-8.176163211231747
2.9112499,8.52698436637026,-4.906781850676696,-0.3947219076100471,-13.466120462324241,1.971949126108904,-5.814338439313401
2.9212499,8.483530666819771,-4.682457796038656,-0.3825885353290463,-7.21595965312287,0.251975439913485,-3.7951769840173584
2.9312499,8.490310605083002,-4.296713260627759,-0.3975409573693076,-3.0344849734056614,-1.3722903094489471,-2.2814108547784886
2.9412499,8.503639936261495,-3.982290415932371,-0.41590736904819986,-1.7682987938224326,-2.6392144662220756,-1.1058425098615705
2.9512499,8.531980879321758,-3.8048304151303487,-0.44701157116251783,-2.838450858908051,-3.151092059612149,-0.07451110813679537
2.9612499,8.51119973182098,-3.6245738686690103,-0.4942712032720218,-5.56727860821776,-3.2921014440797296,0.5880510977462456
2.9712499,8.482387375451001,-3.523528749107617,-0.5578218932665099,-8.766607507004467,-3.2587302274556964,0.9743372752455893
2.9812499,8.484946389285,-3.568339066155654,-0.5838395225219993,-11.815258752626438,-3.0267690490752828,1.6883328585519186
2.9912499,8.430085161366405,-3.604390557797582,-0.5860308344170063,-14.389891739246501,-2.7374551646141816,2.8340596172888706
3.0012499,8.455442257920659,-3.5496264262433783,-0.6022944547152611,-16.51027689934162,-2.4163517170399795,3.9883209758844567
3.0112499,8.560133131067547,-3.518369182168598,-0.5551757616958164,-17.817027001098385,-2.138075091108606,4.847485707220414
3.0212499,8.539608706720141,-3.631039958264939,-0.5244382108165632,-18.28533406861629,-1.7971582113157643,6.003290112509061
3.0312499,8.431452093509574,-3.780519747449214,-0.583312005990864,-17.953607848095494,-1.6443512254127886,7.669133545820743
3.0412499,8.372302865045171,-3.8318463030154057,-0.6231584191015366,-16.832174019680902,-1.8785038791801498,9.668682817044953
3.0512499,8.329525249596355,-3.8701323070407976,-0.6411531114149848,-14.778610305971766,-2.513086835515825,12.295219825897908
3.0612499,8.238919834192746,-3.9940906998094405,-0.6339218066860411,-11.784325031569168,-3.6278837537018913,15.311141877364175
3.0712499,8.149831472432082,-4.068432428423534,-0.6013028794141168,-8.361630213786228,-5.108687774942913,18.21031171546865
3.0812499,8.03971364336248,-3.9632014605437695,-0.6151426695677564,-5.219663269696876,-7.210193088951404,20.950421764752654
3.0912499,7.926799345018296,-3.8164387924630194,-0.6852096807337308,-2.7891782710145114,-10.08786293246455,23.61712448496399
3.1012499,7.884702262907266,-3.740238521598969,-0.811567889014751,-1.809564517891992,-13.539736783713806,26.90466702707625
3.1112499,7.835540332667491,-3.635567955457632,-0.9394844743006625,-2.844985222319017,-16.920538843620136,30.700732310036422
3.1212499,7.754505909024565,-3.4404297214231843,-1.0191894016711744,-6.073865956236749,-19.91325984447347,34.62339690834771
3.1312499,7.625831985535439,-3.247032038181515,-1.139938867057722,-10.922325965289659,-22.432561858216157,37.981301238079105
3.1412499,7.512939732178386,-3.119797131865435,-1.3584973260558937,-16.732321602836812,-24.96860368697744,40.91077244921731
3.1512499,7.444010119274222,-3.183093866783534,-1.5204451490260937,-22.26691853059205,-27.55316060615941,44.01293316890387
3.1612499,7.330729804046404,-3.3679626057813037,-1.5184667785913422,-26.941806484692155,-29.9495547328514,47.857061187978246
3.1712499,7.282021448235439,-3.51733350668883,-1.4790699731470618,-30.842334457018197,-32.13542725068297,52.27237400633778
3.1812499,7.300074093188925,-3.6657814430118534,-1.4943039340513982,-32.60106849069035,-34.20608426447736,56.65493971030351
3.1912499,7.2812840854308,-3.844156347465194,-1.5525370265403104,-32.47535390359381,-36.42111981507063,61.142632559765644
3.2012499,7.396924561907936,-4.069617523294163,-1.56541339566267,-30.641133030773634,-38.74234734826756,65.95482294401532
3.2112499,7.607445543262657,-4.203691959027999,-1.4969049811325843,-27.316323984029815,-41.20228608010781,71.147973027313
3.2212499,7.742401924924646,-4.064306603783186,-1.4691156346681005,-24.58761571214625,-43.69564991079413,76.61950685687934
3.2312499,8.037892586064897,-3.769325997142585,-1.5399997356529702,-23.283296309262454,-46.64644456551083,82.19964631498216
3.2412499,8.495308004469104,-3.4360957580165707,-1.6351881990246813,-23.62553913132469,-50.71706413947875,87.6138622382209
3.2512499,8.791198928505395,-3.06907584095062,-1.7312908798560618,-26.244100427066904,-55.40593299171373,93.10124012419085
3.2612499,9.150810285779217,-2.743468106685815,-1.8580957669640072,-32.02947273290021,-62.05995543279768,99.94666429096169
3.2712499,9.939114623147823,-2.5574226653011354,-2.0307424425657716,-39.29279199421765,-71.30554026617735,107.15806700859098
3.2812499,11.168605539731393,-2.512509396963433,-2.241011687522981,-45.15826519934146,-81.62238070164568,112.81630855086226
3.2912499,12.819271829876794,-2.4813509183921103,-2.3527761167616794,-50.94771161757498,-93.95944184549985,117.81517074206873
3.3012499,15.006584455046378,-2.25199854633255,-2.1560166894763375,-57.86241526881721,-109.00887883477536,121.49406386844674
3.3112499,17.915278553120018,-1.7736682499029481,-2.0704674116319866,-66.30003027600355,-128.1728186096147,123.01734319089609
3.3212499,21.403455406037395,-0.7456347082164578,-2.69076322818,-77.20956550226416,-151.4078189327771,122.20269068348017
3.3312499,25.498161059567558,1.2782815314730325,-3.296388477170494,-93.04731053077109,-174.8088370334087,119.01237256291013
3.3412499,31.050033968146227,3.698488178860244,-2.930670802755845,-118.90049331979279,-195.70431310418238,115.71106491351676
3.3512499,37.37658531006307,5.795395279291464,-2.410702874620812,-157.20390821192342,-210.4568768284479,116.39938571555082
3.3612499,41.043549557664456,7.39857868417676,-1.8542462026799413,-207.76806759837467,-216.18672325410282,123.27896575231341
3.3712499,40.29870168127604,8.841675232108258,-1.0635444384256678,-272.63327188294494,-215.0830969410421,135.97128088664354
3.3812499,36.29056940111701,10.008555164598114,-1.2274521849594826,-344.4088931192567,-210.5787761428358,152.4251614160497
3.3912499,30.871364922669894,8.908196640507091,-2.438037644259553,-412.21966837280996,-206.8911293809587,174.94002125440488
3.4012499,23.882553163977494,4.44678268567266,-3.6900790968930917,-467.7220179298666,-209.88799972765648,207.97310621239535
3.4112499,13.701797963423843,-1.0240113417385137,-5.012074101746347,-497.26720313712406,-224.19055794716542,250.4753254944136
3.4212499,-0.021201733550604285,-5.2596204682318906,-6.910858658787513,-500.44314142856405,-249.9078299763435,303.5834297957877
3.4312499,-16.638926317755363,-8.243977843488299,-8.515402483472057,-499.67329694749435,-289.23993964329463,368.0528159727966
3.4412499,-33.543248283721894,-10.830272762938598,-8.792974665341385,-500.90343124480273,-330.72528795825554,429.53006523114885
3.4512499,-52.51511235475727,-11.86155846820104,-11.69721926176309,-475.57711931012676,-345.0103411839922,470.74648663793226
3.4612499,-71.8626096151013,-9.669504510823206,-21.485839437799623,-425.76932430781716,-306.61431407785886,480.1183572275719
3.4712499,-60.93910647114572,-6.023298866230416,-22.36447478030241,-395.1802658563798,-167.2554859784083,422.8889089941583
3.4812499,-23.403120449686686,-3.1832495822804607,-6.979976710563829,-374.86140429905004,34.62051791892903,279.57844223230927
3.4912499,-9.813505326838598,-5.776337348007202,6.669707436070036,-310.53529287713974,142.89294334729334,106.56598726622042
3.5012499,-8.820264497934753,-15.73868529407937,9.366350443898222,-135.81372354244795,155.36636896662165,-59.22148492742024
3.5112499,-4.37049304780996,-22.031549994056814,1.1120735608192802,120.32133343360115,147.4028774483191,-201.07278698545034
3.5212499,-11.675976943994872,-20.64282245586215,-10.1547579513566,348.83114264895346,135.63917219726468,-283.7936952565228
3.5312499,-25.784714985241717,-13.854647040787512,-13.884619582584357,472.054626898252,114.65423318332914,-297.902985034379
3.5412499,-30.66921636056718,-1.5854718879828167,-11.733828130744186,485.4019599765032,90.32816663420023,-290.73986412092063
3.5512499,-24.889178892828937,9.540062219906249,-10.356123481382946,421.3182679033068,76.03877828952704,-295.65658086601945
3.5612499,-17.077192983300762,13.033747674446005,-10.283934160981877,314.7710270123812,75.52357963032821,-299.3440160884975
3.5712499,-12.851035004045162,11.214371554390729,-10.035883287198912,201.69590934108948,81.7380364578878,-287.9367021344801
3.5812499,-10.15768464272327,8.671738861726274,-9.728575245156355,103.96415236653068,91.01151592111584,-267.82157008257514
3.5912499,-6.220393897894238,6.450833102910483,-9.403503226235499,29.656001119933837,101.89807610078994,-246.28411328375032
3.6012499,-2.5491617818610957,3.58418058904479,-9.229524537462353,-13.483539135951434,108.38400492286418,-223.25360355347104
3.6112499,0.0367288008514096,0.2017772638155601,-8.961561993817252,-26.605778921282504,110.29662669905366,-197.36541861679393
3.6212499,2.170203021007395,-2.215678035248855,-8.144181859668087,-17.72463369920555,110.13689935081248,-170.6238427153042
3.6312499,4.188332393814889,-3.8600227620294874,-7.467176604108784,6.957276932661182,106.40221828520637,-145.32308106119976
3.6412499,6.043159164970822,-5.509698040702681,-7.082422258224115,44.20470840486344,102.5456136374064,-119.19210704261123
3.6512499,6.9809241491221545,-6.285763489610706,-7.06537730454003,86.15139306269135,100.92309186107927,-91.56267146030882
3.6612499,7.8528479376960485,-5.6838373956180925,-7.253087512019464,123.51062851372524,102.51686014643614,-67.80325821568131
3.6712499,9.526738680614718,-5.053780992572678,-7.202976578007911,155.6063206387554,105.30925371736507,-48.4684483737517
3.6812499,11.783700036667614,-4.906272516729255,-7.208859448013377,185.8990793939348,108.33153289455377,-28.40201427755983
3.6912499,12.755387733023722,-4.2613970882936405,-7.609389440499745,205.2763066591163,109.79497688720497,-14.69066129482095
3.7012499,12.284548870041727,-3.4676422031503393,-8.596339770208651,214.0148597113449,108.99246414376007,-11.178165747238685
3.7112499,11.766127001049595,-3.0882851971238177,-9.5911200007345,218.26426287428208,108.9953032493498,-12.6425516278074
3.7212499,11.31117451601784,-2.5705680752291205,-9.79252927036231,212.64319513206414,110.31630257327186,-17.11656490402863
3.7312499,11.397902427953207,-2.1554013157709986,-9.452962166016494,200.45933415647212,114.69517211087766,-24.79537885463151
3.7412499,11.790050227232872,-2.258499235974106,-8.806881765110253,187.45677760979356,122.79046179272643,-35.7130257052131
3.7512499,12.015681136679625,-2.808756352480239,-7.6293776018356745,174.16233591563537,133.03544824527816,-47.40916146101908
3.7612499,12.147236671088672,-3.7898227028446376,-6.175180957145003,160.89578701362498,143.94932734118387,-55.40173542663913
3.7712499,12.006190989043006,-4.403802300744201,-5.025427829313137,148.06632691672203,152.01605842273017,-59.65979753963529
3.7812499,11.697295909580033,-4.640485038931956,-4.50021259679333,139.66128724865865,154.70663522702802,-62.34839308833553
3.7912499,11.064151811052009,-4.860649219079604,-4.432296156517291,136.41588565648465,152.0554144672071,-64.37124045301175
3.8012499,10.0988331948755,-4.7686416103825255,-4.3486357440413,133.77097659494183,146.26249897717025,-65.42684575998496
3.8112499,9.087057262577083,-4.415488891489722,-4.201631362932376,129.27589932154078,139.81122033323504,-65.31850978133544
3.8212499,8.102239205235513,-3.942611399334806,-4.019984877335678,123.00417171803795,133.111039147984,-65.96016067032087
3.8312499,7.449090659205927,-3.2353035751839343,-3.5753616151928655,114.94314945133452,126.98363803651567,-68.8756868773307
3.8412499,7.377159753530598,-3.0166770219573737,-3.006158932408415,109.44690139345984,122.1944532367185,-73.25458346543526
3.8512499,7.442044033845789,-3.4302237732508885,-2.6321333717965403,107.10471453897239,117.26150667959789,-77.16879075489598
3.8612499,7.4717908002291304,-3.8419344090094762,-2.428899964424093,107.109315668875,111.98041645742185,-79.29009019945393
3.8712499,7.549725628912804,-4.48636715865659,-2.3161389383512647,112.27165682216723,106.04421054577072,-79.33184170259202
3.8812499,7.631513879134093,-5.169741929002438,-2.177913015916235,120.05734774820749,98.11008098860694,-76.87477638682495
3.8912499,7.922291409492141,-5.414659227376264,-2.126216090364736,127.21882652847636,88.5049509149583,-70.86333650350153
3.9012499,8.126458089668878,-5.111170547057815,-2.2609105862284893,130.21163679058307,79.32322225999371,-63.7503018785768
3.9112499,8.145684656593055,-4.599560226910957,-2.3037870874016084,128.53949469695237,71.35292268437044,-57.821072776966545
3.9212499,8.311071708769292,-3.8079544805079255,-2.302805752784723,121.38072667436147,65.25726100736567,-54.54881585373662
3.9312499,8.465743927905224,-2.8198231161457663,-2.283935509170111,108.1692768185649,60.50711211272461,-55.04224589540186
3.9412499,8.758108068932872,-2.4952819206097048,-2.171257830664836,94.31462716353502,57.404300484145736,-56.58000453322419
3.9512499,8.99653886422361,-2.6015169461594576,-2.1499960536340956,79.21326723125006,55.24969104404771,-56.709776503330296
3.9612499,8.894254133098933,-2.8117843687146222,-2.1088713298587427,62.96876547667204,52.5389695892774,-54.71248067142919
3.9712499,8.626544217507645,-3.076838281304559,-2.002495976147845,49.018331602034024,49.01628275148659,-51.10263562059014
3.9812499,8.535987545307057,-3.089239946247069,-1.9310502667382576,36.71794492602542,44.4446612301016,-47.530612449944705
3.9912499,8.674773469380828,-3.2433435083941227,-1.78301640926112,27.148606135105073,39.054517159309135,-43.82867509560531
4.0012499,8.749966327745712,-3.639847076972872,-1.623767212295801,20.203031209934185,33.82643272732943,-38.88908995191925
4.0112499,8.63905691639955,-3.808771957153518,-1.5220144129178121,14.666735722280084,28.610967074494962,-33.71848051301744
4.021249900000001,8.480916164322888,-3.8568790136287503,-1.3868192270945703,11.332871649829647,23.210209783164153,-29.19252563541961
4.031249900000001,8.412435534350353,-3.8376463053787133,-1.114718870669505,9.249446956074895,18.082690237002712,-25.551610399674352
4.0412499,8.423340822574449,-3.966450409495697,-0.8343480523482503,8.616518225769735,13.683959256496832,-23.011903150629497
4.0512499,8.452626721857026,-4.190050302702005,-0.72538807310221,8.600867670501637,10.047144523355549,-21.03289775394302
4.061249900000001,8.490075192081347,-4.399564248975366,-0.7445987671003371,8.68195678402081,7.0188961294552,-19.18689403092498
4.071249900000001,8.604386750101687,-4.660662352911091,-0.7324040143723795,9.435212918563169,4.78844027684845,-16.915195802712415
4.0812499,8.764340173867598,-4.711802892983365,-0.594775727384329,9.178709761090595,3.699561639277683,-14.355626948234962
4.0912499,8.826563333678882,-4.539621442629313,-0.5321636525744479,7.756982077617594,3.7088964060143863,-12.40367056021382
4.1012499,8.845587391088458,-4.34606131378986,-0.5093541322797956,5.810396172258877,4.069637380489469,-11.584266558513537
4.111249900000001,8.869424341076996,-4.367434701223505,-0.33596214530152185,4.626267870038991,4.58825559257837,-11.70500020959394
4.1212499000000005,8.84973489136595,-4.443770482841164,-0.2317010149779187,4.521650763891943,4.863239577241804,-12.04620067260402
4.1312499,8.858731748266162,-4.469200722627725,-0.23280672280260617,5.3615341777218655,5.121879409732984,-12.40626603130815
4.1412499,8.80881480044344,-4.506893753929374,-0.1268622054974732,6.801977160817456,5.441619130746206,-12.18595210522546
4.151249900000001,8.633583809794665,-4.4498508699122175,-0.07721404839414667,7.420310698310542,5.485061059417375,-11.412619113480238
4.1612499000000005,8.484814022555694,-4.307510190149067,-0.19269260398601085,6.976214511756146,5.334998435936818,-11.365433686667824
4.1712499,8.439985019392202,-4.304583035145639,-0.317508196215737,5.851598809193508,4.616658977102603,-11.721157273319688
4.1812499,8.437009744185312,-4.3367252104490035,-0.40549641175557677,3.348554024419898,3.8656685334488814,-11.011926470235723
4.191249900000001,8.436044320292556,-4.283301927217593,-0.43978457779853236,-0.4790470780381883,3.3276380137170416,-9.633969528290658
4.2012499000000005,8.535767126062703,-4.282854506855587,-0.44396535248629926,-3.954402036308547,2.8972722150348793,-8.294967939065915
4.2112499,8.653014924585769,-4.331625478870781,-0.45711976027177714,-5.909450614725197,2.240642942906484,-6.651944706610724
4.2212499,8.601244209996006,-4.339988559845227,-0.39919849341299024,-6.651644402743561,1.0610078194697683,-4.617191729807792
4.231249900000001,8.52663301808586,-4.315494469945914,-0.39765312614451154,-6.871145302256471,0.1076217768893541,-2.5336711523965016
4.241249900000001,8.521221449893206,-4.185740630626837,-0.5405380299764287,-7.45373679708793,-0.5560277257761667,-0.9563223642024892
4.2512499,8.554407227258423,-4.0622742851123075,-0.6131034791748746,-8.538801163888154,-1.2156609873072428,0.07625264862628274
4.2612499,8.70035644966123,-4.03450414240033,-0.5502408760543521,-10.369267019449925,-1.4745320904610622,0.9633627726190561
4.271249900000001,8.857422761070216,-4.0771625220898065,-0.4539367418072879,-12.178652695971381,-0.8907142241356738,1.4279811250946042
4.281249900000001,8.924322607826184,-4.206496117207317,-0.3449795328607689,-12.355718420773194,-0.02146852300225348,1.6113015930329322
4.2912499,8.928166830967527,-4.357999916704076,-0.2371553905004969,-10.97287527549405,0.5128651311965986,1.8468039237511447
4.3012499,8.868685952839877,-4.520200327479899,-0.14741247044130118,-7.773333341792888,0.8733379781595925,2.6554531056420774
4.311249900000001,8.74127295533873,-4.637222069781613,-0.1833770005504618,-3.3516322853885026,1.2008266014013176,3.991420742412089
4.321249900000001,8.581106203234924,-4.624578160478224,-0.33448850238128713,-0.18911801542502737,0.9968250888911684,5.295501430193533
4.3312499,8.51167514693956,-4.453746924974256,-0.38126751255360214,1.4197903868891895,0.7907294884615721,6.333283520793482
4.3412499,8.583225400566091,-4.186097859680733,-0.2976131357899417,1.2303485941836168,1.2489672247765997,6.581330737627462
4.351249900000001,8.659038474680598,-4.078548913277797,-0.22730363733121306,-0.04119465510186271,1.6567094925369157,6.69717871518327
4.361249900000001,8.667142009413498,-4.118141100525389,-0.22270233331365927,-1.6825014537392498,1.8740942163519867,7.048654756678651
4.3712499000000005,8.665518023060098,-4.173747265116853,-0.24873231626667844,-3.2198737646866076,2.0979430410565816,7.21587470346368
4.3812499,8.65695921063022,-4.265989966538097,-0.2719917356781594,-4.219080816406642,2.067047868280167,7.545453626783351
4.3912499,8.623849569670352,-4.301567444720568,-0.28106111216972424,-5.212706352637213,1.4955085125639223,7.652542486821858
4.401249900000001,8.599432194639553,-4.300350228213159,-0.3142309208201522,-5.817091724424794,0.7078049735227485,7.557679701329038
4.4112499000000005,8.515472621722694,-4.389348895822434,-0.3607590498084441,-5.729730938232833,-0.17058425641602365,7.641838861422371
4.4212499,8.416978257207008,-4.548931004200622,-0.41088152880783285,-5.533737518151027,-1.4182678756981435,8.01325616667187
4.4312499,8.383927717823692,-4.612995277578501,-0.4968721438740508,-5.374448804134693,-2.7198766145877324,8.350422787206346
4.441249900000001,8.407188442040171,-4.588373863676235,-0.5740889973496353,-4.810436636641291,-3.8388966926664145,8.522007936677063
4.4512499000000005,8.528139731134278,-4.521481635819321,-0.6220275292407925,-4.430662307354988,-4.649909518729381,8.723166287071518
4.4612499,8.638587238771152,-4.4091765728818,-0.6421004795391703,-4.768748873749791,-5.018045918189854,8.761308958013775
4.4712499,8.677501432434571,-4.367995435223424,-0.6751671595844206,-5.6480071216443335,-4.817768943527032,8.972550457713192
4.481249900000001,8.71066647294088,-4.3636112943338805,-0.7551868645393763,-6.911233304340341,-4.302162641010386,9.667168992818295
4.491249900000001,8.739991015745735,-4.299437265978372,-0.8354494862409452,-8.092436262662815,-3.898133437786604,10.36949832668988
4.5012499,8.736493299646304,-4.237498889065585,-0.882417286203884,-9.582620657934106,-3.578641757258332,10.985597404690242
4.5112499,8.717989238229206,-4.298161977326338,-0.8777016256977618,-10.813377384180436,-3.2298297599122257,11.632242906354005
4.521249900000001,8.66139616739576,-4.395554209426199,-0.8481334310424514,-11.483862580251397,-3.045454419535881,12.22916629582903
4.531249900000001,8.592143132448616,-4.438282606424473,-0.8420906372040015,-11.568139101867567,-3.0772796108561082,12.743011811993494
4.5412499,8.546346858552639,-4.423921120422159,-0.8566240742930804,-11.15144178796048,-3.4666603834248972,13.15297687438695
4.5512499,8.547099677035005,-4.422236416638216,-0.811777801371159,-10.102109796884546,-4.3158685137160475,13.66134771528635
4.561249900000001,8.496290351798905,-4.43452226781461,-0.7553926509743926,-8.966371900280063,-5.488560649852553,14.84184903955042
4.571249900000001,8.346675326733553,-4.355557321331785,-0.7757675315352397,-8.528781350120891,-6.999348722883584,16.322211781853113
4.5812499,8.280126209837738,-4.235647802648156,-0.8104279370437049,-8.674115039924953,-8.98235933983197,17.86656900407717
4.5912499,8.295532054936169,-4.1348649438931595,-0.8698505462249124,-9.328051467977467,-11.192678056460501,19.55764490800324
4.601249900000001,8.215167564753182,-4.0149726618884065,-0.937623865714349,-10.850656412105039,-13.769684729066096,21.42737381545536
4.611249900000001,8.085425346194313,-3.8674023654471195,-0.9872495278284321,-13.493936666493303,-16.333209664320165,23.685459470037102
4.6212499000000005,7.966184479044663,-3.749774651385322,-1.0850408984788422,-17.009268561868073,-19.232168535964043,26.701707242333814
4.6312499,7.804134021430556,-3.7529659128511423,-1.2092364161718663,-21.029275854747958,-22.8591175004465,30.78495659403211
4.6412499,7.617848515200471,-3.8008708057142497,-1.3716591319050913,-24.871254012951727,-26.998136692988123,35.7063238665721
4.651249900000001,7.457654035659664,-3.774412817317096,-1.5598219490129586,-28.834972230616707,-31.723044316596866,41.35555250100339
4.6612499000000005,7.370275840356391,-3.6561397874556643,-1.7639195834044148,-33.63490942666419,-37.07599676206372,47.83443277452033
4.6712499,7.374226626140628,-3.5244452681698024,-1.9445886247614,-38.846044348539266,-42.69817315670688,54.33397478364528
4.6812499,7.425765154127433,-3.384510343651766,-2.040575828661298,-44.373714168755704,-48.57009334197858,60.37037146106572
4.691249900000001,7.654101862854638,-3.1805561617685143,-2.134937645121447,-50.32077022524281,-54.73300100197743,66.07827841771034
4.7012499000000005,8.12328342428406,-3.0031882481632173,-2.2303166383246014,-56.33741722529491,-61.21820296342772,71.14910014849619
4.7112499,8.571358727216358,-2.8783567587270844,-2.3016333584970874,-62.412611958561556,-67.73399151555145,75.89882223990591
4.7212499,8.957444389933586,-2.7378434644691225,-2.3779067677545185,-69.74511735769087,-75.0801731312571,81.27421472107336
4.731249900000001,9.584341971398784,-2.623981664073673,-2.5656974954508156,-77.83293635596483,-82.86211499576288,87.12402446878095
4.741249900000001,10.423402652248098,-2.5348532353916107,-2.855380977217415,-85.63479676195088,-90.15352170221261,92.84062684354551
4.7512499,11.388687998827294,-2.316522589044076,-3.0578060835656835,-93.93591351343754,-97.78352035351746,98.3088055421125
4.7612499,12.913383784100159,-1.9040697133880735,-3.117787642253138,-103.59797036379084,-105.31193969565899,102.45760461129572
4.771249900000001,15.071742251512251,-1.3566344437788793,-2.9546781773078905,-115.16249998976649,-112.85887555267222,104.49657988272546
4.781249900000001,17.329002118786757,-0.46276292327511537,-2.64753366908492,-129.5166239640578,-121.85950440120892,104.92510038487312
4.7912499,19.629994293419834,0.9943321178073027,-2.36279315336823,-147.2031736461625,-133.09849478860696,102.86719860769422
4.8012499,22.91006248189686,2.7224629901327133,-1.8610466385044195,-166.72061754738795,-144.53020227446981,98.00288460114464
4.811249900000001,27.71334085887824,4.561113927054374,-0.8138941911255969,-191.85051365131716,-154.9792298100151,92.74214152589926
4.821249900000001,33.788250655529865,5.744937966566916,0.9630328775081399,-222.4504428225825,-163.9507728781479,88.86597977934005
4.8312499,38.737697442974635,6.081308270168249,2.9138873832266725,-255.65701558269194,-170.65967177329665,88.6411821833246
4.8412499,38.16173234265249,7.012882919353493,4.027408527313864,-298.04633353884503,-179.89604562529055,96.32884908529243
4.851249900000001,32.684860401376774,8.346680346294523,3.4860181857898818,-351.8448373191912,-197.97235351212936,111.76434178499849
4.861249900000001,26.973274620968795,7.966385822118959,0.8918701335812638,-408.4806265641244,-223.738766537213,135.5926684200507
4.8712499000000005,20.78226315549497,4.761003163389174,-3.7067476024660553,-457.04143083245157,-252.3641442373671,173.47273013746727
4.8812499,11.04006663691418,-0.838668789880789,-8.485757043201977,-488.26904175702174,-290.33181665491657,220.0978418470163
4.8912499,-1.4583230334945712,-4.714400027786465,-10.763729001410976,-499.62578592310456,-338.07581974957594,265.94424016444384
4.901249900000001,-13.274790620675159,-4.102328720539176,-9.931565617622812,-499.4241206416954,-379.63611969541597,303.46245693342814
4.9112499000000005,-25.94144771507934,-2.3420692768748443,-7.266304491519663,-499.56319198018565,-400.9126291139111,325.11166649052933
4.9212499,-44.48664297588638,-3.2263904461576587,-8.806375197948725,-504.138053307632,-399.5058348242798,332.41195518409336
4.9312499,-59.784309593358564,-8.4142985053124,-18.513895983211977,-453.1686350249208,-330.82827005128365,328.39869619567634
4.941249900000001,-52.368787304845696,-10.079873387256917,-22.358321415826413,-352.761545107442,-195.81404823027285,293.47427092754367
4.9512499000000005,-26.743490100080148,-8.7621427149663,-10.724607898896311,-261.5371221554771,-57.4159292572662,217.47893244295398
4.9612499,-12.919049293753822,-12.719495099793766,1.3155495856973916,-125.14902712489422,47.04342312358407,116.66596758858195
4.9712499,-12.491914867215737,-16.759544600065116,2.819808583629337,55.93232570455864,99.75144795997996,10.147289055537508
4.981249900000001,-12.811153162818979,-16.273797008004728,-1.7986524520795817,246.7783179201351,119.15711869892534,-94.43371678846769
4.991249900000001,-16.622724545446825,-13.05928268691685,-7.024755342824087,400.1016666388522,121.0363885289602,-171.92682977168332
5.0012499,-21.813279485225294,-8.031283182140966,-9.944084262239388,475.7941668521048,116.25771781908135,-206.4410486114941
5.0112499,-23.722394860730127,-1.9395683682985765,-10.610062538654319,482.1989675077569,108.57686775585039,-216.80238503285835
5.021249900000001,-21.461506961157703,3.520970718065194,-11.244743525991492,443.0207043276564,100.25373981809857,-220.98520771147528
5.031249900000001,-16.764014063704582,6.228884532051197,-12.138640314879247,378.38772045881785,95.03556180163866,-219.74595732707513
5.0412499,-12.926922111337868,6.8944165107674396,-12.04801472774872,303.0246784839173,92.52258661408914,-212.4193945573449
5.0512499,-10.053768706063616,6.742995440558592,-10.990436639272273,229.22804012338327,92.80366576347184,-202.0977479875952
5.061249900000001,-6.628489929221661,4.936679295146503,-9.784747212233857,167.6559668757666,91.83722243488732,-188.55269527573145
5.071249900000001,-2.719073787596483,1.8293760767561182,-8.66940696131742,123.86911062727114,91.61915241772166,-171.54394927322562
5.0812499,0.04510546932259324,-0.7819864803518884,-7.98650384211085,99.17609305752534,89.34040578684514,-153.25129327665132
5.0912499,2.389493274819247,-2.8665235304971164,-7.544623082868518,91.83529343857546,83.7736377964396,-135.32737967439238
5.101249900000001,5.177465357890853,-4.858306224824728,-7.094532331826611,97.67175470986204,77.61088423456313,-115.92457461731709
5.111249900000001,7.637896930030657,-5.763428232568384,-6.928277650013961,106.12892237252203,73.9182066299662,-95.64365991512435
5.1212499000000005,9.575753139734188,-5.975035208184367,-6.982474598872919,113.24725497070862,75.25435520310121,-76.94185858660879
5.1312499,10.637936127882433,-6.200352169044984,-7.1923507004309695,119.78455810554652,81.28537543378401,-61.51855376170617
5.1412499,10.794438859613354,-6.203352819397489,-7.759537016038242,125.24836404984157,89.83836992758282,-50.13473484539681
5.151249900000001,11.27526988862207,-6.753996204198249,-8.304404130493479,133.678627262775,97.71002736805126,-43.46201976440616
5.1612499000000005,11.908497356156944,-7.535573011705719,-8.508612383351318,144.6434100895439,102.6130755321379,-40.71978236345245
5.1712499,11.921945669964,-7.67062570640148,-8.771832512858625,154.9240502359626,105.88064060226193,-40.141106989062514
5.1812499,11.546224589107446,-7.650500529240742,-8.998972935483838,165.20096374949227,109.6483676613093,-42.80172359493466
5.191249900000001,10.848745417586878,-7.753676707016921,-8.624181425321707,172.9629939945222,114.1813901134698,-48.649049334338414
5.2012499000000005,10.159954369513489,-7.610158075166092,-7.716543482367671,175.05697243244052,118.6920407975763,-55.89529907112871
5.2112499,10.192251128272614,-7.316949719789467,-6.906537568194822,171.93531205445734,124.90922029473323,-63.06134150199135
5.2212499,10.764652940164293,-7.056752211293148,-6.448907822103279,165.08359330661182,132.46223593315813,-68.18559459062165
5.231249900000001,11.323535842056655,-6.478796062616654,-6.289578686753607,156.37981325380983,139.01710491823854,-72.6674522986319
5.241249900000001,11.458916343270731,-5.968236704869781,-6.135208467759349,148.71557182876236,143.03214942789185,-77.43101810755229
5.2512499,11.090493216388323,-5.748555949362976,-5.811448534897539,141.55696037172677,144.74680749143536,-81.66871200353
5.2612499,10.382350667032048,-5.427041935239356,-5.28765619990496,132.44415928293145,144.73779928750176,-85.71289646222536
5.271249900000001,9.56567985543641,-4.950275475993963,-4.694830436775862,122.52737369800262,143.18181491425054,-91.3235026908955
5.281249900000001,8.809864223751891,-4.613873927919753,-4.1454478075840715,113.25149669485273,140.9445702821401,-98.83751161148632
5.2912499,8.041916183858511,-4.295779227052991,-3.474741666916083,102.76306340662272,138.07639814764602,-106.87458665150169
5.3012499,7.641360764592999,-4.5993987189095815,-2.8511924357383824,98.67103319011964,134.51338740683235,-113.0282617176185
5.311249900000001,7.637186668702941,-5.706061283689094,-2.4855259812358246,104.74323580991641,129.01667249154286,-115.60081429214968
5.321249900000001,7.431412343183147,-5.991938105557205,-2.1002912471449924,111.44626665001446,121.22413060119669,-115.65258571324054
5.3312499,7.157143892027986,-6.002416343279445,-1.4846754207886077,121.62355157737494,112.74646969721432,-114.19134119373153
5.3412499,7.100697584870937,-6.0388953217929195,-1.0112045034651898,134.50355823211666,103.82210572846346,-112.39811036978392
5.351249900000001,7.077135693659645,-5.61408696022357,-0.899991693941966,146.2869570010957,92.88448118259484,-108.95014165554979
5.361249900000001,7.252266813535386,-5.2451473529106885,-0.8782194686851965,153.61556162731475,82.98848384351508,-103.20461265254771
5.3712499000000005,7.478509847863067,-4.680740917122482,-0.8695724637873057,153.30690059779462,75.07144120856678,-96.65939590270385
5.3812499,7.775375852763398,-4.010212832285408,-0.9078336394516375,149.50654106649856,67.91976927217347,-89.6851677218913
5.3912499,8.129079391685748,-3.095898756945892,-0.8227033213492514,138.80958009584882,61.6693772592881,-84.74427443102732
5.401249900000001,8.106932194926951,-1.8564061714095013,-0.6228730172255634,121.28996724559295,55.85034787633863,-83.83926240808715
5.4112499000000005,8.139890523755211,-1.359855482090468,-0.5454357454916822,103.67759323835602,51.86592142144227,-84.64958319963061
5.4212499,8.188960362775575,-1.1930626869943397,-0.7524450011603177,83.7747029586374,47.44916193357913,-83.89387585475552
5.4312499,8.142284862719539,-1.208778961433971,-1.0274871959728344,63.671536612719564,42.15739913789111,-80.99750658857435
5.441249900000001,8.082328430030337,-1.4756440557538273,-1.1276385134830023,45.435926348980125,36.986566508044085,-76.4478600292781
5.4512499000000005,8.03067005101344,-1.5249353845860592,-1.112419765928328,27.700647229617374,30.946469429579377,-70.39187323846181
5.4612499,8.158048939283942,-1.4726892081891692,-0.9247723931938435,11.425455045459321,24.99075534882671,-63.48929575560603
5.4712499,8.353614091892679,-1.5578205995743946,-0.7044449681578381,-2.3320942975759715,19.78508913277274,-56.75829290716327
5.481249900000001,8.385079442117846,-1.6318363394764708,-0.7485442789148027,-13.15583379289358,14.736300076506271,-50.22564014291539
5.491249900000001,8.388950740242901,-1.857614775465403,-0.8578071993017142,-20.273144327535487,9.992172490726958,-43.32693080562978
5.5012499,8.323380218147435,-2.3287356207152876,-0.7484935067999925,-24.067705907337974,5.3701594858949635,-35.61003315085709
5.5112499,8.257104916103954,-2.8061084720012905,-0.6105385115095374,-24.739004385668206,1.2558622387400715,-27.384248355812826
5.521249900000001,8.230356585718647,-3.1015253535953318,-0.521885548269151,-22.632006894278593,-2.7963044806111146,-19.473417923791498
5.531249900000001,8.273034275568715,-3.31400235363855,-0.3547079605378703,-18.224803129585347,-6.667093471846779,-12.561060159036995
5.5412499,8.423204875408526,-3.571722167537827,-0.14954543012498184,-12.47920466837373,-9.557205808021662,-7.014211748549011
5.5512499,8.630874976088311,-3.8592201779271753,-0.01038326506144454,-5.621003633998583,-11.322291260515087,-1.9607811943317315
5.561249900000001,8.80663837604717,-3.9465988891648434,0.02446100554067752,1.3166289071096418,-12.20805331861884,3.0506909897392713
5.571249900000001,8.933124471289581,-3.761704216200108,0.03278962870080838,5.323030694315183,-12.384564629844926,6.09951688450826
5.5812499,9.057445843498115,-3.6526590351637878,0.15529907878228602,6.894568538684476,-11.908964752821557,7.4092955356974715
5.5912499,9.162400598054942,-3.5643216556825363,0.16828422746351795,6.691486783024285,-10.888656425012615,8.021093602026621
5.601249900000001,9.222400532440522,-3.354525911650596,-0.01115840873359183,4.591387201341915,-9.663134955497187,7.929220284895576
5.611249900000001,9.258701538208976,-3.2492837182482104,-0.07719136402950859,1.0520638166234,-7.92335825315684,7.09838313949881
5.6212499000000005,9.248815892202916,-3.3459710027021856,-0.08426787887094898,-3.0636230311088624,-5.906460159855743,5.997441209998526
5.6312499,9.27016212597264,-3.50119227422782,-0.17159139402270882,-6.066286945924573,-4.251574850371887,4.989204975427886
5.6412499,9.342772577357593,-3.7213465578794427,-0.12855687886322062,-7.460004327282227,-2.784074084026487,4.042796900120578
5.651249900000001,9.377806349104388,-4.031894017778808,0.005727568547207495,-7.739086539664636,-1.1132901034231126,3.6325273119053665
5.6612499000000005,9.32917251504701,-4.225998725255152,0.025867527909047,-7.1358541416481085,0.14576287350501874,3.525177371577518
5.6712499,9.233689042051054,-4.317632175906602,-0.02634652536117613,-5.559031703618944,1.0104707089156544,3.515516008214954
5.6812499,9.106168280013152,-4.380821584996744,-0.13991327478369434,-3.530133626034224,1.1116444687938167,3.9044516867035437
5.691249900000001,8.935547729863366,-4.361167504382162,-0.2050716774000826,-2.0930896946913733,0.636176345387813,4.309049356004097
5.7012499000000005,8.796634999422453,-4.309344416834255,-0.25460056834493605,-1.7504402491303024,0.17318718801316507,4.781042150338358
5.7112499,8.699646992587674,-4.229877198787939,-0.41292731341848465,-2.6269915170268803,-0.49912546991382495,5.826736030450988
5.7212499,8.627376481109094,-4.255527551386205,-0.5083940201398658,-4.009674010892178,-1.6396228085877267,6.715697497864273
5.731249900000001,8.586636536045344,-4.334659931791347,-0.5279392797615547,-5.1540209801411745,-2.956740795272118,6.711272179020563
5.741249900000001,8.615277732522243,-4.364467994841063,-0.5655946172580739,-6.265162918366757,-3.3905865980525727,6.158802197584941
5.7512499,8.651886839951505,-4.444541729354069,-0.6437110605085131,-7.222184660215028,-3.4254354112892673,5.821098533252569
5.7612499,8.673732628413893,-4.5603689527956,-0.6268381576511783,-8.407102904038489,-3.442511993270605,5.910606770117469
5.771249900000001,8.704938879592069,-4.59547118282178,-0.5743767604537449,-11.153766827384825,-2.8229800101318188,6.287734540810844
5.781249900000001,8.749498327477285,-4.582654396122077,-0.640167510095762,-13.79365743550807,-2.064900097508543,6.271562633380829
5.7912499,8.850750720941328,-4.71636865930476,-0.6494554160392542,-15.109970296259174,-1.7230905038309374,6.136090744027933
5.8012499,8.947725073566883,-4.86106650690197,-0.5691793459200246,-15.638372440178399,-1.217852787616936,6.719682479520911
5.811249900000001,8.931784177638969,-4.810210328241924,-0.5660704827345786,-15.61599029012543,-0.46732239852902513,7.277975272035797
5.821249900000001,8.924221745986305,-4.68054561163485,-0.5961780348076701,-15.33815066016183,0.13664936704732136,7.050602601564758
5.8312499,8.94274914927864,-4.575229611975919,-0.5899083589776424,-14.91308749254626,0.30778334835761006,6.238775614461483
5.8412499,8.936656985718654,-4.488475405591257,-0.5382016700029817,-14.368587357047256,0.6321294569115254,5.417317934064479
5.851249900000001,8.926515615784027,-4.408413743030554,-0.4946163205133458,-13.709776308809477,0.9389756004809363,5.013277651383119
5.861249900000001,8.946066263819747,-4.347215791645043,-0.4829660063410139,-12.858558399361119,1.0683674496538658,5.061657985074856
5.8712499000000005,8.926112931953336,-4.283565400488984,-0.44274160217387076,-11.919268687555578,0.6814864702614213,5.529841133525851
5.8812499,8.857296467537981,-4.2480323793190555,-0.40244615745463924,-10.79811469066791,0.03523827184439047,6.254357401646329
5.8912499,8.795902312949096,-4.190683538742805,-0.41801117883633065,-9.847215578039247,-0.6766638057686554,7.00623166430594
5.901249900000001,8.745806642809749,-4.169000839564663,-0.3748912906875711,-9.348490101329562,-1.540734048928007,7.732477469815605
5.9112499000000005,8.683011191916375,-4.250266577088285,-0.26722741938217526,-9.408796841435183,-2.0931743123293027,8.676697045544334
5.9212499,8.590350874724662,-4.217485670977838,-0.28404947431846406,-10.382002608287925,-2.5028862249280683,9.344089818905537
5.9312499,8.526625591659815,-4.138952025198898,-0.36849286980630036,-11.235137431083423,-3.186140919269249,9.544721963912737
5.941249900000001,8.480662136652434,-4.1773900396480785,-0.36969635243581184,-11.54934664575896,-4.164806769856254,9.765374730943472
5.9512499000000005,8.390118245939599,-4.202317275134719,-0.3839063396426578,-11.81975206311995,-5.275746332466231,10.130953647791882
5.9612499,8.320299783796946,-4.156312999709841,-0.4298432104460183,-11.856108191257775,-6.374098926628767,10.817232832966091
5.9712499,8.272179030748303,-4.06624739382749,-0.44365295595080134,-11.622837926622179,-7.574838493612474,11.96771655403412
5.981249900000001,8.19745424445636,-4.018854071999151,-0.4560655522174632,-11.232975509400026,-9.051759177624383,13.893362332837208
5.991249900000001,8.110316702355924,-4.018721403119129,-0.4908280131166944,-10.743749272173599,-10.36703104143075,16.465363332085158
6.0012499,7.980225493710096,-3.9426129947577113,-0.5613683606464086,-10.404306943107592,-11.78686179479703,19.518272228558477
6.0112499,7.863630391893633,-3.8636850248858674,-0.6203860361963776,-10.153199058596034,-13.549762036834194,22.69667521998772
6.021249900000001,7.807937243442238,-3.8380968192850924,-0.7179304616326829,-9.86949462404964,-15.606365292509839,25.631289669098678
6.031249900000001,7.702628922965451,-3.787070915155592,-0.8764086224356545,-9.580241868263874,-17.84807470414499,28.473642658364465
6.0412499,7.591698636868871,-3.7193312368434412,-1.0077044777147655,-10.125093432385457,-20.28096498692567,31.525303361017695
6.0512499,7.554102565124562,-3.68234186098429,-1.1119306128476811,-11.407608513299667,-22.704987650874614,34.88189439497451
6.061249900000001,7.5243104258611435,-3.6382302729878737,-1.1781586392063201,-13.201089625143691,-25.012289746503754,38.59796076235317
6.071249900000001,7.515105556539684,-3.601965747777766,-1.2350937143804421,-15.82233376049693,-27.109870055793973,42.734372359731246
6.0812499,7.605868832563774,-3.6153297567349205,-1.2873227751685528,-18.52455257991486,-29.112198784566544,47.094496608255675
6.0912499,7.745609886650035,-3.611554411517226,-1.368352028623823,-20.903825357787,-30.943889784388265,51.65989599847945
6.101249900000001,7.868293302218189,-3.6370316992081575,-1.4337561149516205,-22.996334748049104,-33.02092209863706,56.57662024158539
6.111249900000001,7.994932150403029,-3.716745966801883,-1.4507440700872694,-24.636786360305045,-35.32869782465733,61.25050208107836
6.1212499000000005,8.136595350680336,-3.7223556368506654,-1.4891108755692144,-25.97461686808089,-37.70847748821272,65.64352808512906
6.1312499,8.265058466796656,-3.631778690870476,-1.5800153708164375,-27.70807675147343,-40.31384601113073,70.00532326954455
6.141249900000001,8.342695713490526,-3.5722055286064904,-1.744341499339285,-29.64756319844578,-43.35209744082787,73.93804491563087
6.151249900000001,8.46344949468443,-3.5530591659031345,-1.9229948608828948,-31.763337853185728,-46.734577816404,77.36264748174011
6.1612499000000005,8.734154700839362,-3.523206912089105,-2.0619894843596285,-34.902728452528095,-50.18257899627231,80.7477722581848
6.1712499,9.147823722021823,-3.4441946640735193,-2.188379655233457,-38.95003389526028,-53.76931744860497,84.14275548964942
6.1812499,9.640486103425877,-3.24723711091556,-2.2630248864236506,-44.14659491150221,-58.466016696338684,87.09717867345627
6.191249900000001,10.184935475515053,-2.996821479514542,-2.3303600999397474,-51.00577247092325,-64.6511364201392,89.3000865324085
6.2012499000000005,10.87563829853555,-2.748985011692369,-2.573891783449564,-58.94599890618654,-71.56366561730691,90.68840853531691
6.2112499,11.921998003899485,-2.379264755967333,-2.952002230626268,-69.92452007377338,-80.00296464225363,91.74087943372271
6.2212499,13.405916968988553,-1.6259512892905243,-3.3656770769045172,-86.70497274237401,-91.22364768920151,91.39714920941391
6.231249900000001,15.47492133714276,-0.12106965394039432,-3.8392539504818863,-110.90998659713593,-105.76047838486501,87.63512647060078
6.241249900000001,18.391567542961393,2.1183465770375687,-4.268203312149061,-143.40700396936708,-121.53153744163566,80.2368835757548
6.2512499,22.239820728637078,4.445764601431028,-4.419389178069217,-184.81220542581113,-135.33141823318866,70.75893049680602
6.2612499,27.17545866692946,6.463252649902091,-3.683992829059281,-233.00689515725276,-143.54406222707533,62.00501482310101
6.271249900000001,33.46972395748365,8.1541019516569,-1.9670399809234402,-288.2438878070904,-143.08449508887114,56.37842499282171
6.281249900000001,39.247982878995565,8.802724249398448,-0.21105038791558633,-346.6866354302169,-137.29320014766378,57.468066260487205
6.2912499,40.26725987454329,8.759066464684627,1.2260381189611171,-406.3344508956391,-133.09347048942325,70.04492868970418
6.3012499,36.08851422336432,8.95051675726603,1.5741366368354037,-467.1196204585377,-136.2739336447705,89.94315082477169
6.311249900000001,30.285658640042243,8.140778859394054,0.14000287728745012,-500.0455456990458,-151.8758453559973,108.81652061472096
6.321249900000001,23.463350945499865,4.899775984521204,-2.2592209205601805,-499.80583036302687,-180.669357194498,129.71656582655112
6.3312499,13.580511198900785,-1.5348287080242806,-6.098080057474541,-500.7668661499313,-223.31800885301791,160.4390293649731
6.3412499,0.89538352670216,-8.918590138699404,-10.242319984784926,-496.5645135453052,-283.2049699916014,203.2465789636127
6.351249900000001,-10.371163679618922,-13.302059556135774,-11.4268339213184,-452.8701527760499,-345.56839098815544,254.1186164997836
6.361249900000001,-21.18331701235889,-14.832770828935795,-9.446659093701314,-386.36159978924485,-398.0604190024317,307.9136764833454
6.3712499000000005,-37.863071412523105,-12.1034790981481,-6.313962119870477,-333.3387722157751,-448.0385658759246,347.1276739120493
6.3812499,-55.117233291276115,-7.617583562616881,-9.353638581248381,-284.91689021471376,-451.88580659318086,349.8712903652654
6.391249900000001,-58.21073314734162,-6.5998559188655195,-17.452115420337766,-219.73437346235755,-345.6737024594805,318.2987312751826
6.401249900000001,-39.39738398307242,-1.3418252324846653,-16.778885799312953,-197.00385880090215,-174.35116187658923,249.9971831112414
6.4112499000000005,-17.02011149901635,4.29293300524121,-8.241713113503968,-222.45862315953877,-27.564986699813257,139.5896907416152
6.4212499,-10.523756258222264,-0.5658837405412217,-3.3285414255154078,-188.74881149798637,78.48445329064086,13.989884034504191
6.4312499,-11.874773922605895,-8.401709962671486,-3.4186993608915905,-80.31065684134819,143.6225105586227,-91.45529147273062
6.441249900000001,-14.415021731578726,-13.52900151052276,-4.605313749306486,73.03709485773655,162.89343734404773,-162.2685638679734
6.4512499000000005,-17.747676652066232,-14.792087208857026,-6.47713547533497,229.77259087953112,161.6048955327656,-193.31398559824396
6.4612499,-20.45540064279034,-10.592101714623054,-8.348225273403747,338.57964296039216,154.56730020371648,-195.03477441170102
6.4712499,-20.3783644399878,-3.928303395305409,-9.536761503163198,386.3526637032725,139.14493809425076,-187.2281164757826
6.481249900000001,-16.605398070546226,1.7249962003689694,-10.470200396052398,386.1505688803893,122.80132064484485,-181.64212274756807
6.491249900000001,-11.844317819605328,3.942900229393034,-10.514140756467212,354.8065037543627,111.9396156814864,-174.65422252532042
6.5012499,-8.898750038734025,3.8069833599569227,-9.997272846072823,306.2767217874222,102.5717697505998,-157.9756269634685
6.5112499,-6.381042603865287,4.224134955335856,-9.834164786354874,247.0526627604781,96.36262373289948,-138.07475762864473
6.521249900000001,-2.3607840453764775,4.5264510414285395,-9.59846954672821,187.20052457930066,94.74876342754646,-124.24152359620747
6.531249900000001,1.7621816866679267,3.302077435895874,-9.261351783377792,136.85015223491362,93.90718836893684,-115.13040546702555
6.5412499,4.709451624638201,0.5503786995525245,-9.269794156287928,104.72670572210268,90.51565628438888,-104.95700836437977
6.5512499,6.775524732997382,-2.3224269396007076,-9.31362434635772,89.4956474135797,85.13029172621525,-91.15704578413356
6.561249900000001,7.724313379986261,-4.197799504161965,-9.099159077453491,85.74030285581777,79.97141656582156,-78.3614901102794
6.571249900000001,8.004213389820412,-5.599714901686143,-8.60186082570155,91.57459738066669,76.15077618888212,-69.13098808042854
6.5812499,8.770981671497108,-7.069818770723853,-7.957254715726426,103.43729437702665,76.92005008748647,-59.051164500007125
6.5912499,9.18611600493668,-8.130335342264555,-7.53982355636583,118.24202654490657,81.8443697670033,-47.66186731485436
6.601249900000001,9.143217334063273,-8.272336537557862,-7.3350862647209425,135.7666079140604,87.15277225168224,-37.77128814672551
6.611249900000001,9.911206718333323,-8.321976952957543,-7.593736958662198,154.92624711886978,90.7221574885281,-33.7918210671023
6.6212499000000005,10.759863907338506,-8.522098754961021,-8.111713861274163,173.06824683715698,92.992356271822,-34.62313351380979
6.6312499,10.715577306395094,-8.081921850349756,-8.514735001426226,185.83861733627717,94.56246602893039,-36.629983798038076
6.641249900000001,10.184732767141114,-7.290956886128085,-8.854004230281998,191.63859156377902,96.97861847644273,-40.64623879939811
6.651249900000001,9.381182020244816,-6.8184522763680055,-8.719530439917621,191.47303908378973,100.34117885080563,-47.88185733146503
6.6612499000000005,8.633995089376434,-6.508377284122765,-7.993612623463593,184.7497555478587,105.10646841647389,-56.63832426972205
6.6712499,8.472770535085468,-6.160502608091566,-7.354835464803037,174.366252495161,111.43844905407326,-65.75870099947538
6.6812499,9.12333221240017,-6.029185636360489,-7.044808453028462,164.88842975808032,117.68138119868034,-74.9956596962908
6.691249900000001,10.079816162515607,-6.101345212040056,-6.8730356217885,158.05477150945595,122.40219833952656,-84.06360541875395
6.7012499000000005,10.531038797934773,-6.062203782758184,-6.659885303040147,153.0568370568909,124.23428638332011,-92.28335542141724
6.7112499,10.504511211655979,-5.827163465768897,-6.2693134711021585,148.96860608155703,123.70513211188694,-99.02077412763741
6.7212499,10.109675152055193,-5.6151379909918315,-5.818418493892783,145.7839749512005,121.40095837051106,-104.43855488314571
6.731249900000001,9.347267431716881,-5.356985110408564,-5.402704027208856,141.97129169890093,117.92194942651876,-109.63340046964842
6.741249900000001,8.480039537396063,-4.65348447842776,-4.950675445403143,135.61079768528657,113.94812089902082,-115.88156498824392
6.7512499,7.882415305468625,-3.475820881473995,-4.55731697652567,126.00201895615562,109.44680242220645,-123.84776507999145
6.7612499,7.817801182692335,-2.921326456670564,-4.03555570838872,117.4031786040956,104.59621050586696,-131.698806234326
6.771249900000001,7.992041601163763,-3.9968627793956117,-3.4195640084253087,117.09217655048141,98.84434817436644,-134.60963470955534
6.781249900000001,7.925858582692462,-4.931100035506821,-3.110035631015383,117.51129776629367,91.97450441451988,-131.33825425865274
6.7912499,7.731679855857396,-4.844262719685212,-2.9602400835621236,115.66169286034146,85.1970836994747,-123.72031133077243
6.8012499,7.53581953516989,-4.595455403196361,-2.7736171470114317,114.37095475070379,78.47275685273742,-114.48361115706227
6.811249900000001,7.251807467971833,-3.616052349295613,-2.5673140331716273,109.70518514675481,70.57084529456115,-106.978774498301
6.821249900000001,7.066927688758137,-2.582298002630195,-2.315662360330843,103.57234712329762,63.805804919559506,-103.50714556645242
6.8312499,6.901056037746668,-2.173200213413965,-2.143350721896007,97.65629398593754,58.443517859561595,-102.83276586866579
6.8412499,6.988277028023872,-2.125558564926648,-2.1332473874673927,91.77274121660159,53.80629790656099,-101.40405651597473
6.851249900000001,7.443892190023466,-2.1379163220871598,-2.0525287096551663,86.57883138751536,49.83798601512248,-97.8250462315872
6.861249900000001,7.585369902861456,-2.287636626319338,-1.7072802677112011,83.30280823838413,44.39371187136214,-92.26103038839511
6.8712499000000005,7.8691208221302285,-2.4639736607712353,-1.3680900664094298,80.35484030799147,40.570640472662895,-85.80712654067342
6.8812499,8.03365250412057,-1.8590736955804719,-1.1668158844800403,72.50798483690068,36.808948391347435,-80.54312548840403
6.891249900000001,8.11322040180555,-1.411985861113493,-0.9235204959744194,65.37945982062897,32.896941814674065,-76.72056893483004
6.901249900000001,8.349082144908868,-1.4744144660928917,-0.8557805577217819,59.31623842963487,28.975963643272983,-73.2818752578567
6.9112499000000005,8.275777884965729,-1.4395836163901998,-0.981993899986303,51.34828970658395,23.88020772108532,-68.66396135679436
6.9212499,8.289991433962944,-1.4669057508320544,-1.043719681902167,43.233746555789615,19.086870745490884,-62.865872814838994
6.9312499,8.430865223078513,-1.4482547638843037,-0.9383388686850913,34.787470644186904,14.044014200904478,-56.798058270193
6.941249900000001,8.538860896378916,-1.4433671909207433,-0.7169200439249848,25.57367375669264,9.318725617915254,-50.68058253033682
6.9512499000000005,8.829057682263903,-1.6777678300741188,-0.4976313234203528,17.81970154696822,6.4821430792276535,-44.128910299149474
6.9612499,9.004832757132645,-1.8331121303767663,-0.3704452183824438,9.697077418426435,4.074185778996214,-37.0975677189076
6.9712499,8.974531072674125,-1.9787916499889862,-0.3447036651565351,1.744914060886832,1.7625241311290376,-29.514930032860914
6.981249900000001,8.895692375392546,-2.250456925673712,-0.33434811146982774,-4.092995905526135,0.1873271596692898,-22.50806628118287
6.991249900000001,8.780193423541274,-2.4568353014663926,-0.28879061585899146,-8.780653391873146,-0.8142788885956664,-16.549227459222625
7.0012499,8.679375994781465,-2.7465653449940692,-0.23539985903202887,-11.255370150007035,-1.3003802172407875,-11.433517404903402
7.0112499,8.622335807817144,-3.2117882075319324,-0.12920460284582302,-11.006525833228261,-1.7912509077420087,-6.663151247827478
7.021249900000001,8.761965465673546,-3.623699324514654,-0.03141508923268921,-8.175422518859735,-2.352221608734192,-2.020379359738233
7.031249900000001,8.996152473307205,-3.771370052817379,0.025047758246648132,-3.8835300484854196,-2.5111329458483467,0.6162913699663399
7.0412499,9.142294431690411,-3.8349945984723584,0.06817209428955667,0.05118529258308059,-2.1195002293049185,2.267014757309688
7.0512499,9.186076193606429,-3.836924248332726,0.04312522097684938,1.6045343125537859,-0.8097504641042802,4.183252761118374
7.061249900000001,9.138084995307134,-3.6640933664676996,-0.0048097250743228065,0.32949880410945087,0.8228365634906482,5.4746116360614545
7.071249900000001,9.118572486330235,-3.4561696627430947,-0.011123824571870042,-2.5853480330786502,2.4176075619239543,5.590339225734501
7.0812499,9.169928336105281,-3.3500135007536556,-0.06532344863681833,-6.106237883119183,4.138143315769629,5.023267082656953
7.0912499,9.212807790212171,-3.3993660077614125,-0.12730602139465486,-9.883242594949795,5.708856929201582,4.809955144077498
7.101249900000001,9.203209960782969,-3.498924890933157,-0.16316926394689654,-14.297098156253023,6.952054620123863,5.5050078854697375
7.111249900000001,9.22134809030873,-3.5216446354814988,-0.22307170210031585,-19.061429195444873,8.332515150984872,6.523867956963721
7.1212499000000005,9.32350902504045,-3.612610798685324,-0.29072963457031564,-21.927609924973854,9.412639558620938,7.495347337762027
7.1312499,9.378175719894351,-3.886329800108774,-0.2767158876795833,-22.462631128877355,9.696256128662508,8.84056713457181
7.141249900000001,9.303609201273476,-4.126254600387569,-0.23494556010254047,-21.597867334715723,9.966205249574553,10.598760080792049
7.151249900000001,9.261595674377118,-4.198700492835949,-0.34468774990613377,-19.703044876112724,10.149160788454882,12.002615385231003
7.1612499000000005,9.309192634988447,-4.0856399066992966,-0.5658533753493754,-17.466009441509645,9.40446495778791,12.560613911861676
7.1712499,9.32631127042605,-3.8486496332936047,-0.7974950236065049,-15.728054624509973,7.862325696542764,12.427018990297006
7.1812499,9.315264152587446,-3.625327261389229,-0.9481438957979438,-15.402451219244497,5.766494950883094,12.309184870066762
7.191249900000001,9.285865438359577,-3.4549314955050856,-1.0387601151258807,-18.083672822716803,3.4576030921244865,12.686123153902482
7.2012499000000005,9.176390237937657,-3.2404004365056926,-1.2286061025827846,-24.091496776758017,1.1742149741709382,13.35386385402185
7.2112499,9.070239345044625,-2.9302225346210493,-1.5239722960067905,-33.01950999338333,-1.4063668107726326,13.805306620473516
7.2212499,9.05855499155233,-2.8582311726704153,-1.743922493490394,-44.764769608716385,-4.446666928123975,13.158786776461286
7.231249900000001,9.118935164315717,-3.246003719584932,-1.712937309273156,-55.145764599899806,-7.333818798020238,12.083997712874964
7.241249900000001,9.15415604753021,-3.719014148064189,-1.4575579570150594,-60.042001146139725,-9.284696137207778,11.718275266288458
7.2512499,9.129155368109126,-4.113041649515725,-1.2317895322624721,-60.90263156047154,-10.32851920103914,12.004464162360176
7.2612499,9.046343924329097,-4.400992134128608,-1.2059477018731282,-58.2516904849893,-10.806589155254816,12.428544192025988
7.271249900000001,8.92651943883912,-4.578153589502786,-1.2853572501152144,-52.77737017364251,-11.037071046537962,12.778758012958692
7.281249900000001,8.858801912487072,-4.6940815175741815,-1.3351549399228302,-45.37717644276259,-10.74599874470844,13.203557915758724
7.2912499,8.812809509267653,-4.7352876209560035,-1.3259885659743653,-37.14961386372521,-9.833642697417696,13.230692374324288
7.3012499,8.707285057274326,-4.688382073790216,-1.2929532193224227,-28.98211635977739,-8.731243726244777,12.81381567885657
7.311249900000001,8.602043359702757,-4.594191141143635,-1.2425118201141645,-21.349692244566505,-7.368700109003292,12.670830113479159
7.321249900000001,8.517075821774124,-4.443817522062456,-1.2417136278014773,-14.957683858561154,-5.923995556718522,12.882083322922133
7.3312499,8.469587460448494,-4.156973386249673,-1.303101342535136,-10.275089316903923,-4.614659629105824,13.159103411881501
7.3412499,8.434203460276931,-3.7941935365912163,-1.355836855139869,-7.857971053156517,-3.8253343995101927,13.749495479049228
7.351249900000001,8.364627303931053,-3.494092233107408,-1.395383033890953,-7.44155803194617,-3.351327484453018,14.424397491751337
7.361249900000001,8.341170168157717,-3.2803184439316833,-1.432038841229255,-8.300019349615502,-2.9263069946899436,15.300089203748731
7.3712499,8.364764786962997,-3.1278627959997207,-1.5009729842002284,-10.476967154023834,-2.839554731763962,16.855114923719878
7.3812499,8.404110104029629,-3.0810790661919754,-1.5530577570443616,-13.420425833033176,-3.0151439216780163,19.02625208746544
7.391249900000001,8.440776918658154,-3.046756120538194,-1.5393169213699522,-16.301961424622103,-3.341077494964631,21.419404687426486
7.401249900000001,8.451592509756965,-3.0147041176159237,-1.5109685892727294,-18.898260896288356,-4.1426988463076455,23.76304844643262
7.4112499,8.433454795695093,-3.1123860113949284,-1.542220733849081,-20.69621663972713,-5.673993674575608,26.56725343046298
7.4212499,8.3887607710159,-3.2281419441709156,-1.6599300623432631,-20.993283758111883,-7.767205965276055,30.017657458952645
7.4312499,8.278031463939072,-3.1941021626953696,-1.7974059441010357,-20.65893375952107,-10.809214885675619,34.25747138882383
7.441249900000001,8.1190179541519,-3.0184429885000843,-1.9367073836465305,-20.496235625084175,-14.356258041237037,38.662884185944186
7.4512499,7.981755652038095,-2.749184347681544,-2.0820474748456097,-21.368881945455815,-17.151417169464505,41.975772126470574
7.4612499,7.899047886921432,-2.5227311517694857,-2.1810543229874413,-23.30232046069128,-19.258653438497998,44.99886544000204
7.4712499,7.845450901819822,-2.358923181141488,-2.2489299320969782,-26.280249567580846,-20.976995616456296,48.17664576424749
7.481249900000001,7.916557853856504,-2.197922679779538,-2.295101185388943,-30.181675716845227,-22.701228832311152,51.89752146941893
7.491249900000001,8.117110330953258,-2.0643248885187844,-2.277615064627815,-34.479121124380256,-24.993526206779375,56.47083684046097
7.5012499,8.277769978176376,-1.9585444465222073,-2.2342809385559197,-39.092769682862645,-28.214863225244017,61.47487396096969
7.5112499,8.419435006054476,-1.8489354425077615,-2.213152010175356,-43.62286558747626,-32.84399623566424,66.24607370534052
7.521249900000001,8.70812566726771,-1.7933631123913059,-2.1825761897805154,-47.01692686917417,-39.537170625062245,70.5674401108143
7.531249900000001,9.067881846820757,-1.8390484791062183,-2.150576075633045,-48.45393191926901,-48.23589720073506,74.67743683925204
7.5412499,9.529306307065431,-1.9757721211297916,-2.143769599200604,-48.478173962094395,-58.437271207882205,79.39964992745723
7.5512499,10.347686473371425,-2.0001408320410072,-2.21562611712069,-48.64614415571098,-69.86626432574226,84.69007753545631
7.561249900000001,11.6477584162915,-1.7767911505360823,-2.383783855059765,-50.44374955229288,-82.80062045644631,89.32630465432447
7.571249900000001,13.446628041029978,-1.284231257990137,-2.548370643301599,-54.776449743856624,-96.8164218897659,92.43336704118006
7.5812499,15.630375542960982,-0.34308672662282524,-2.7582925548979906,-63.156384561342776,-111.89429644981985,93.62029476431174
7.5912499,18.232273262023533,0.9488195117502207,-2.913890584742567,-75.57806746514602,-128.88688392878296,92.60073786410554
7.601249900000001,21.438290914241094,2.473973222026672,-2.7632605808066066,-91.28361904964498,-146.50059100259912,90.05429778399973
7.611249900000001,25.029341978474644,4.066061279608107,-2.2376449933666978,-110.5176356191772,-162.65357848486042,87.91270186608766
7.6212499,29.015177782876048,5.008907540227648,-1.3378993862259017,-132.0355312486795,-176.86603630696507,89.9895427243706
7.6312499,32.84560168319509,5.128540837069873,-0.37996992764242155,-154.3716290674271,-190.02422036552545,98.04003600585494
7.641249900000001,34.51450012828041,5.249578236684063,0.515980020119669,-178.62619175855468,-202.82014567724067,112.51581586812834
7.651249900000001,33.01150819578614,5.8685090880372535,0.9046292011843965,-208.04571399600394,-212.60383010691848,133.62170251692086
7.6612499,29.7671199143932,6.370083611124985,0.7284633284296482,-246.09424679552694,-221.23854076460424,163.70568114549738
7.6712499,25.13083222839361,6.11435801017542,-0.20204516922007595,-292.30642718589166,-229.7799272004669,201.65530565620762
7.6812499,17.160574546356905,4.979172347680252,-2.3457194919471247,-345.18477519546786,-241.47462746182416,242.08597410877917
7.691249900000001,5.551241229950404,3.6257824154688683,-5.511502716749125,-414.39243407140424,-263.39723433183013,283.4459547021199
7.7012499,-6.867147369807224,0.9524289147327264,-9.238063948705543,-483.20764237358503,-291.7533145707428,326.1168116512632
7.7112499,-18.843898952889596,-3.917156627095698,-11.2543070936636,-502.97101115516307,-323.2995599371916,363.7779643069952
7.7212499,-32.87423476811227,-5.472931051732641,-9.66558201121803,-499.27452414056893,-357.9868159530403,384.42877651783726
7.731249900000001,-47.84998845031314,-3.8366674563231227,-10.447587419864636,-499.81537638466443,-368.2212777695953,373.9728369321549
7.741249900000001,-57.069985462514026,-6.079008737386702,-16.914010869455005,-499.89880512085546,-319.23291096599377,333.4173520667549
7.7512499,-51.33953994857114,-9.988691058380715,-19.286556781148192,-501.44995024455665,-220.13577242487293,271.3966796472258
7.7612499,-29.44381406804435,-10.614872682651548,-13.1532910526035,-472.00639616356875,-92.22406506986074,179.7151752265329
7.771249900000001,-12.998618964555853,-11.171575438792956,-4.841858482929043,-379.61927243119044,26.232546891098405,65.2870904129773
7.781249900000001,-9.72743800707792,-13.687274613805098,-0.024319859609343082,-235.51054808518532,109.65464853234587,-42.29613441081536
7.7912499,-10.999583932708285,-15.709639397091019,-0.32785553017536934,-52.83734550604319,162.6461537391022,-128.10719996265368
7.8012499,-15.749367843327832,-17.24295259513817,-3.4893592017630763,145.14074281944738,180.88446723633476,-182.8541151670221
7.811249900000001,-20.409879980535674,-15.65592551509067,-6.360407035591245,311.18250429157195,179.197817289586,-202.00846734264542
7.821249900000001,-22.046819728568092,-9.400374389464885,-8.424476854080508,411.26819986382856,172.1448040858737,-201.76435601318204
7.8312499,-20.93084277829439,-1.9408578442039826,-10.212450384991522,445.60040863218643,159.5642398628168,-198.79970801037607
7.8412499,-17.14350937148026,3.907796141818937,-11.547435945623132,425.53303997584237,147.98611798162892,-198.59933978509432
7.851249900000001,-12.61974421819653,6.240570107613989,-11.761260195160203,365.991805562527,139.20908472934667,-194.30183251894303
7.861249900000001,-9.215085679307737,5.82421984961535,-11.319930459530337,298.8694872141132,133.50037744309628,-181.77219567009175
7.8712499,-5.8546661068142365,5.4741224178341,-11.178588592803107,234.76298882700732,130.25420486518908,-166.2017673265029
7.8812499,-2.63078823133002,4.760228447439075,-11.318142259887013,177.4487030173572,123.15107380501364,-150.33081612256433
7.891249900000001,0.22973187845623216,3.0534755433296175,-11.092253872312556,135.24921156139436,116.37602462504475,-135.58900081799442
7.901249900000001,2.5567543929835277,1.5390302351317717,-10.410703256612909,104.73423286186915,110.22318293536564,-121.3542774049858
7.9112499,4.160616516582946,0.5263998831698543,-9.819524906384643,81.70547912525072,103.14985767501648,-107.28772236004488
7.9212499,6.150714243055202,-0.6584073418222002,-9.433648828956725,68.76463312620491,99.76936621343043,-94.65509049201145
7.931249900000001,8.755456738773045,-2.526346727814035,-8.80426217470947,66.25622643154033,104.69864087273636,-80.07781124262453
7.941249900000001,10.719066973463535,-4.119095806770203,-7.784502028281494,68.9276495044735,113.65712380047118,-60.65056559983683
7.9512499,12.112199300866628,-4.77835076993071,-7.067547943406607,74.6272373154762,120.57181180063313,-42.19940330992807
7.9612499,13.269137763297437,-5.5382400562023095,-7.054648309663788,88.3079590870516,124.97759043105673,-27.247420982333132
7.9712499,13.518102424099654,-6.387334813057026,-7.411432341431178,108.9047996988965,127.39560134226477,-15.661125607478269
7.981249900000001,12.803923054283194,-6.509425079111045,-7.814612000595083,130.6148783262541,128.24087806744743,-9.31546967671676
7.991249900000001,11.656644654515413,-6.154718972515177,-8.13238462713652,149.6746926607321,128.9003507644527,-8.019303805079295
8.0012499,10.68234101686781,-5.866056050830566,-8.288372788790932,164.48754753876796,130.74483821002096,-10.393151850609586
8.0112499,10.192498338905306,-5.739746863378357,-8.278954190757473,176.1228131805902,133.57057179264322,-15.573575078190029
8.021249899999999,10.271021492153407,-5.647196839354725,-8.010540699029475,184.88647035733842,136.36690542576991,-22.821285052087976
8.031249899999999,10.729240253819112,-5.533905570761029,-7.460616256717219,190.3274047614969,137.69807473559285,-31.717804896409117
8.0412499,11.275526229052067,-5.193492870394952,-6.854390292203991,192.75348344770296,137.49809509218102,-42.06300730703312
8.0512499,11.825573407053222,-4.576220617712704,-6.313106243755491,189.46229174300302,136.9144414578496,-54.48231489932463
8.0612499,12.004429651577446,-4.220766667810324,-5.966292247739118,180.30553702180254,137.03395802427812,-66.90067579240416
8.0712499,11.472289402745316,-4.042886712717232,-5.7842017137289385,167.0707008646227,138.05636327275909,-74.973726084884
8.0812499,10.536858448779736,-3.650492040398895,-5.529463581394238,149.53917925220867,139.96834316262982,-78.91009897010099
8.0912499,9.624009493370213,-3.2992359874533914,-5.324790749915998,129.51667220276565,142.988531972265,-80.29412618137805
8.1012499,8.93237282641904,-3.010882472475709,-5.135013656791419,108.62052155203716,146.0874811726204,-80.92027725406827
8.111249899999999,8.555607805866101,-2.6278026226260955,-4.740511339167634,89.19900435872907,148.26507875280876,-81.27712071991395
8.1212499,8.641043792819147,-2.8040701814611895,-4.194014929671781,76.91225763143498,148.97939225156313,-80.55241158104059
8.1312499,8.71133419819634,-3.5081234178609266,-3.7106423091577923,71.4921868417756,146.25142125262064,-77.57292429824685
8.1412499,8.339883741925485,-3.955317302947405,-3.2414366746867094,69.388563764331,139.69491786000486,-72.34280641967968
8.1512499,7.9418881257785685,-4.253329472077342,-2.8170798722300865,72.62123622766075,130.94114446503846,-66.8967055948062
8.1612499,7.609221925869081,-4.317921578630722,-2.5903819908748744,79.23622518761759,120.59313978322892,-63.161688818429
8.1712499,7.308451870968459,-4.129903034432721,-2.438544304874621,86.47932720304786,109.37142926322889,-61.37737286069726
8.1812499,7.091871241021384,-3.9885099490309237,-2.197002219631504,93.92596476042588,97.93449093488128,-61.02350644860555
8.191249899999999,7.135374431012159,-3.8968774083466164,-2.0333616402066967,99.77320601953376,87.43141233374642,-60.439747438774994
8.201249899999999,7.391358371957252,-3.8198789629760808,-1.971557407282791,103.00622753834638,77.26348077733236,-57.8711192393293
8.2112499,7.498161605941675,-3.8820045157211562,-1.7399883667093807,104.30222561732423,66.53732716880029,-53.14885366149068
8.2212499,8.041036332317294,-3.7774118029269297,-1.5236448033102987,100.97435455887549,58.92434815842589,-47.43828003162097
8.2312499,8.212296701706647,-3.3195392948722997,-1.2587933172416896,92.303602745379,51.128086460297524,-42.835755335494646
8.2412499,8.066892378616517,-3.0567586849920403,-1.0056460824058284,81.5305610637592,43.8699176328889,-38.736846772694
8.2512499,8.152169465664484,-2.6781761695587285,-1.0418162606726316,67.31904065805568,38.534789324664715,-35.5166560379654
8.2612499,8.093214929390776,-2.062378755720437,-1.2755460210467051,48.3344753705045,32.018750055070555,-34.51479856791089
8.271249899999999,8.22830533574604,-1.8520631954163889,-1.428573355042262,30.206383725308214,26.141370829617035,-34.59307389598257
8.281249899999999,8.388025319867857,-1.9271579175590414,-1.3287357742972965,16.015655976989876,21.479943634912107,-33.82558785031462
8.2912499,8.4836755126856,-2.020072163452726,-0.998784516942252,3.3853168204077813,17.161678420781985,-32.07957296639414
8.3012499,8.653461904959634,-2.1947251041485134,-0.651535642606028,-6.640021185056922,13.944537638856238,-30.364268639532597
8.3112499,8.788998526111364,-2.5378252999566246,-0.4591424338380049,-13.50778757218563,11.303919101769731,-28.238885935969304
8.3212499,8.885339769708965,-2.9378140358999705,-0.40220724839242106,-17.203856712913698,8.471508225832109,-25.261917066349366
8.3312499,8.983813419449119,-3.303958318908441,-0.4426733223117812,-18.113705256509455,5.903075372759303,-21.39877772056696
8.3412499,9.036410286308234,-3.6051289836516536,-0.5099750505121331,-17.03497794491131,3.8020779061878227,-17.11316072169399
8.3512499,8.937058962342618,-3.697273068735238,-0.4803870534358102,-14.632802155182624,1.8841199984583445,-13.705428211759086
8.361249899999999,8.83626759175161,-3.7918423035601414,-0.4376733017622985,-10.365289700845105,0.2758306093986485,-11.743526351807024
8.3712499,8.797028214841983,-4.008244818345572,-0.5260477942259884,-4.91997696260077,-1.0736604167691441,-9.967412255733736
8.3812499,8.744360587547725,-4.042099753275452,-0.6515344385383416,-0.014084643845191706,-2.0540182105732874,-8.010873593851324
8.3912499,8.724971052263063,-3.9068072588462837,-0.6875777723724207,3.857174785469381,-2.6629179529673586,-6.480517873884101
8.4012499,8.743410448008927,-3.857992603604828,-0.6654107514486606,6.420654618063602,-2.7818898131835135,-5.2928276675216095
8.4112499,8.721259494937748,-3.904142103461007,-0.6934307732088664,7.728793837519377,-2.515457743694498,-3.982998342230534
8.4212499,8.681077896615646,-3.915745540815008,-0.84544662091849,7.81502203202863,-2.1248475409033647,-2.4243613222096867
8.4312499,8.614070557787056,-3.833824842003847,-0.9811037911546573,6.762200710493863,-1.842271488637203,-0.9029004792971851
8.441249899999999,8.563413293700595,-3.662335944354006,-0.9506839972506138,4.588319879743533,-1.7922608233422492,0.1911402746683076
8.451249899999999,8.58855431871398,-3.549182294916106,-0.8682121266197128,2.3614755892527888,-1.6652015767409125,1.1078346846567644
8.4612499,8.578203667918364,-3.6446462361237746,-0.9052311585643121,0.21171671364683275,-1.3983082092158188,2.460571195403176
8.4712499,8.56682838526947,-3.768892903089426,-1.0690981808509092,-2.1471592010412346,-1.3096300021864955,4.557358825288935
8.4812499,8.647677744372565,-3.781847017770712,-1.100176535339009,-4.1171914635471705,-1.5154366350959894,6.305099518397902
8.4912499,8.802157557346476,-3.9326907202745582,-0.9655064753625605,-4.916535272672957,-0.928539596504228,7.077905463433061
8.5012499,8.884604290214542,-4.190688692895795,-0.8766182778377113,-4.535905916042883,-0.13738427070203862,7.914246348478579
8.5112499,8.905756334204725,-4.2821472390483,-0.8737178513651658,-3.5097792770032195,0.03930698597492457,8.931997997648676
8.521249899999999,8.88675558898293,-4.2766677815373395,-0.9207753638955387,-2.022909095902203,-0.06727159761013835,9.713897079100615
8.531249899999999,8.803000620180367,-4.275860428599404,-0.9658676024173625,-0.5531621801757521,-0.32416718501802483,10.30663107137779
8.5412499,8.707114184204215,-4.3725105873425605,-0.9982123831819897,0.424020290974954,-0.8961544431799934,11.318110235984253
8.5512499,8.570915131102776,-4.3860906839851195,-1.1234290540874654,-0.21447819960259706,-1.9337758608539442,12.28852422729866
8.5612499,8.543370191998218,-4.3017972985385295,-1.3078720782408624,-1.868062293862998,-2.8948438701201678,12.578927841214314
8.5712499,8.659387015114369,-4.2488506575608005,-1.2832093192435097,-3.4754174817424746,-3.7151046262845364,12.270744987481242
8.5812499,8.798016968614228,-4.195940554952664,-1.0572577508963705,-4.8706875687363445,-4.318777125664873,11.46978428811351
8.5912499,8.911083051555387,-4.170511631111078,-0.9952836604224193,-5.458579352600509,-4.544769241066953,10.794275515304149
8.6012499,8.907761337143928,-4.192084954288152,-1.0920695631838375,-5.50996446605123,-5.1329395961745545,10.725168952598187
8.611249899999999,8.818211792130056,-4.185601401845754,-1.1757896666688723,-5.282354427035446,-5.95161420034227,10.953137016082772
8.6212499,8.776875523831446,-4.046004651425838,-1.2456261672768203,-4.816339904425788,-6.976202134676513,11.094304979652444
8.6312499,8.83457698855121,-3.9047375448704806,-1.2169656894498098,-4.147192618527339,-7.710764562430789,11.372276748370941
8.6412499,8.864337407837223,-3.8029035879084505,-1.14116646102514,-3.5214194273187274,-8.246353576693407,11.6681311681718
8.6512499,8.822930372806805,-3.672160980734356,-1.1342021138169365,-3.2794091400572216,-9.020243599789785,12.069659307333135
8.6612499,8.818171115493163,-3.631285274852127,-1.0746508952017435,-2.427234170848857,-9.690406168302715,12.99711639183875
8.6712499,8.810135931476205,-3.6607413920996383,-0.9324266782729155,-0.781884721090855,-10.19361774261452,14.401799830341155
8.6812499,8.760733642456435,-3.6069544206082904,-0.8827308915318463,0.24884253250323238,-10.590373090461638,15.753939244727064
8.691249899999999,8.735566148134971,-3.5160501204647794,-0.9217617938826183,0.07287157371284776,-10.55241735281555,16.69268187772378
8.7012499,8.68421050878161,-3.4265170553528606,-0.8819324390689633,-1.1007950495013736,-10.45838931969802,17.50764736845727
8.7112499,8.648016784534732,-3.386671817277652,-0.776896097101971,-2.523208966195285,-10.501464716460083,18.338268953274515
8.7212499,8.608380761173274,-3.426733337701088,-0.7447780288113688,-3.518716305117705,-10.720970144816752,19.164978841567134
8.7312499,8.47562313097213,-3.5438792764429174,-0.7592726314258701,-3.860293370209503,-11.46741448517356,20.23927470592789
8.7412499,8.351568811121,-3.671806012737641,-0.767307851051079,-3.0892022889916606,-12.768196917696217,21.92876859020584
8.7512499,8.301829290786385,-3.762104343082759,-0.8049262520636228,-1.3438041194381136,-14.55661286540547,23.85657678802402
8.7612499,8.256368531453424,-3.8406043860126555,-0.8657768803824822,0.8700167937096721,-16.675270560818706,25.974180839954133
8.771249899999999,8.204573183399017,-3.8555133373691075,-0.9141789878382712,2.870663316307124,-18.98179678006557,28.09626867067612
8.781249899999999,8.173745192536261,-3.8188683777442476,-1.0029629579646393,4.627702970033723,-21.36203577225801,29.874752844944656
8.7912499,8.10834500624072,-3.767929929583313,-1.1975795036748138,5.7861666415547015,-23.974333604186906,31.786714480508593
8.8012499,7.925252230283044,-3.6874337268187403,-1.4193949801447998,5.887645368931521,-27.16195926484723,34.11828845571463
8.8112499,7.718397973341291,-3.5659262909928646,-1.6904015091254265,4.958953865509264,-31.146013147147972,36.68214747918538
8.8212499,7.642996816893585,-3.3678250477326497,-2.037348061179109,2.9032391990742394,-35.84140203271833,39.64206814156253
8.8312499,7.846682907389812,-3.133148220185535,-2.3081384174872386,-0.4384648079519161,-40.95152800584412,43.72601875268442
8.8412499,8.282310738543234,-2.8408263768698947,-2.5010198316958103,-5.632948317998376,-46.026430428789396,48.58641946860362
8.8512499,8.682486713446798,-2.447355872995412,-2.6525366010503495,-12.876920921613541,-51.07912135427217,53.50721198433049
8.861249899999999,9.08439124073632,-2.0489069301647236,-2.715961952832104,-22.29580131329465,-55.945850842721654,58.549890499371884
8.8712499,9.707432916557382,-1.7414363006195042,-2.745797312605378,-33.4961421707736,-60.92957368122995,63.574205165219496
8.8812499,10.550320915815563,-1.1190786044157397,-2.8455973893020254,-50.94402964047429,-67.75921473641863,69.35988747246064
8.8912499,11.709893408700463,0.10754699297143945,-3.043891006786688,-76.80733744640733,-75.70485979075265,74.25266422626348
8.9012499,13.399529400413916,1.6405475385785744,-3.2243645833200336,-106.30418175962978,-83.64171801959407,74.84176491824856
8.9112499,15.678492337409434,3.48635487563371,-3.317006803166806,-141.7445480506345,-93.76249312965584,72.14731698840636
8.9212499,18.930552434608263,5.361816328120801,-2.9735110803692906,-180.47595105750446,-105.93621478277116,66.06080042201266
8.9312499,23.813034161485998,7.236498588820447,-2.129053792329566,-220.33835465746296,-119.6129331060672,56.380900566399355
8.941249899999999,29.968801384454387,8.397675945967068,-0.8943887840912184,-263.591738100929,-135.48443149879392,48.022100407725205
8.9512499,35.915047393553465,7.929976564235843,0.5764232741498938,-304.62009255074133,-150.39129399067545,45.513636885734066
8.9612499,38.105733187316076,6.82248053554225,1.0979748557120668,-341.70030698915747,-162.80163672518742,49.34258717298844
8.9712499,34.929811401279615,6.020434104188105,0.9496068375282137,-377.5842117260917,-179.2012239524543,58.64556931369294
8.9812499,30.891475649586432,5.60677841329928,0.7304382127304522,-415.82678985341636,-199.15645822009594,75.27198392416415
8.9912499,27.63396330178227,4.760844962561771,-0.2995098882481606,-455.4801196304582,-219.02336908525504,99.49142000833987
9.0012499,21.764912086627902,1.9768989020567778,-2.3689494823001183,-483.1807058860076,-242.58801669029745,127.39705409588746
9.0112499,13.06836032028616,-2.3940363123682586,-4.742832146335502,-488.65850450296256,-276.90158395085643,156.57688723310451
9.0212499,3.446545376732743,-6.346522890369962,-6.566679167763384,-477.8137395887842,-320.7961884465423,188.51104414642333
9.0312499,-6.5177178569621885,-9.496852547167084,-7.883991705475802,-451.7982782176088,-363.8081124080016,221.984596450775
9.0412499,-18.59579849027587,-11.037786435916498,-7.745802272700277,-407.6435863318589,-407.6407451024419,253.54576216170477
9.0512499,-35.59557971339438,-9.071246661028196,-6.262425410347248,-358.1990228640217,-456.9222988536274,273.25895009273665
9.0612499,-51.4690847271604,-8.491673901779485,-9.307509294980356,-293.8262281971521,-466.0305613799089,278.2276831537745
9.0712499,-58.30072802729319,-11.0191619356947,-16.523806604425396,-205.47989631139853,-408.24776706058094,280.9710442350867
9.0812499,-47.83163629500371,-6.808673940619351,-18.43637943184323,-146.09694052546743,-299.3394693946474,262.48969343669506
9.0912499,-21.657034388099653,2.568135617047952,-11.500926929378839,-149.7873073160836,-134.71467872916466,175.46671180395285
9.1012499,-8.410488211008559,4.673030868061342,-3.9587704135900355,-160.62307509870064,5.552593335009694,48.04721545209364
9.1112499,-9.656751346150008,0.4955829203508627,-1.6112968923087863,-128.6887692583368,90.6347052945111,-62.0195058748202
9.1212499,-12.75352881296155,-5.087614835859461,-3.6682798988907956,-44.11915811712805,149.74424888704505,-140.21423866348925
9.1312499,-17.07429531638469,-10.09139143202717,-6.6150957958701895,74.8833577471817,170.75782122897948,-177.3084739771223
9.1412499,-19.235664274330933,-11.827391805423453,-7.629025933441128,195.38964726311653,172.41317700834742,-180.62983734158902
9.1512499,-20.11804215557797,-8.907781346601858,-7.903733280794295,283.7027498026669,166.22038880594076,-171.6461698662788
9.1612499,-19.55111409407006,-4.000531871835378,-8.8422610701308,327.3818823045304,153.858365017738,-163.587865864571
9.1712499,-16.278663275971,-0.2916144501145305,-10.002798997714102,333.64697110278166,143.67367164917295,-158.81120904637334
9.1812499,-12.664533942708964,1.0637945934676554,-10.61824513210694,317.4030887616481,134.52185613905277,-152.16891338070954
9.1912499,-10.046094165823817,1.3985328080380006,-11.01292683514315,282.14197099838117,122.10329055053279,-137.74656522540013
9.2012499,-6.676416289240337,2.148196592915521,-11.44916621380856,233.11395753938436,113.31178558451633,-120.83913671859185
9.2112499,-2.2645008257663344,2.6000674853839785,-11.348828988978232,183.00231271065388,108.63597569565235,-109.2946574664546
9.2212499,1.8323447723582516,1.4653467362733628,-10.7248002418244,143.8618341749281,103.007433863408,-102.65536739566704
9.2312499,4.88239437906486,-0.7779814366118349,-10.129959947600273,119.86524411396593,96.41856948947381,-96.15276202779947
9.2412499,7.215423558322795,-2.7619151628644296,-9.683982111278832,108.20194914150981,92.41541321147854,-87.8481508104771
9.2512499,9.295401065779501,-4.362795893411756,-9.185107708318071,107.356420811807,92.55347259032817,-77.11966134413456
9.2612499,11.195916098259588,-5.773243777157513,-8.496535484370808,114.78441711760212,97.55915002256609,-62.89766609443851
9.2712499,12.545125282202179,-6.957167610809303,-7.5407535400579375,128.4514649643395,106.87921943049489,-46.53205334596207
9.2812499,12.851663651351725,-7.614981282230171,-6.572986720371093,142.95076544547027,117.17895582005572,-31.123965682662877
9.2912499,12.547568887947415,-7.866217853439259,-6.295356450840658,159.97461558937076,122.57545181686125,-20.205270647708296
9.3012499,12.470834445371604,-7.820446788666981,-6.741145536475732,184.40111064312782,121.00799178923013,-17.257725344828568
9.3112499,12.257505023331525,-7.528768497251523,-7.185000462237767,205.3604784920072,117.42134467094182,-20.10642538280317
9.3212499,11.247430226709488,-6.785553877419656,-7.553449075592526,215.5009591944868,115.07154856661268,-23.66788370235056
9.3312499,9.842679289556818,-5.67635956064767,-7.736332983216816,215.99741441266946,113.12363639362529,-28.77240231468274
9.3412499,8.904736346566295,-4.848529586421638,-7.465461765841475,211.26452570286247,112.97642637723374,-36.347375303977266
9.3512499,8.56370804754421,-4.533170924702679,-6.965271853184446,204.6486901908474,116.36470990541686,-44.58585416227472
9.3612499,8.649821969511915,-4.632601140415234,-6.566522254238686,198.5451020291428,120.83292903460875,-51.351494530664205
9.3712499,9.362139098367349,-4.586279490984425,-6.163737569038987,192.20915307446143,123.71444487714528,-57.35134265181518
9.3812499,10.434680856889228,-4.273314935658546,-5.651676249786909,184.83620058395954,125.68101679604595,-65.11449954318121
9.3912499,11.140658533016143,-4.127998177496239,-5.125203416510697,177.21907214605918,126.38500029457663,-74.00446878933376
9.4012499,11.241022278459456,-4.178065857600134,-4.719592926267365,168.58801116281882,125.44204156028361,-81.5663030296077
9.4112499,10.738762269189195,-4.345369343174368,-4.367494237226966,159.66648435998613,123.69659113841755,-86.51232800727125
9.4212499,9.979076386259319,-4.484460632617571,-3.9087025439053065,150.81187209434486,122.69894809120392,-89.70979090969129
9.4312499,9.295733263331151,-4.147306164686883,-3.4636223065824754,140.22072392971856,123.12191129203936,-92.16751470345166
9.4412499,8.71238517951583,-3.495216745808002,-3.045773214091235,127.23555496316243,124.23943431870819,-93.97264743473688
9.4512499,8.396221399290257,-3.157976487579549,-2.562198778650148,114.2335394783537,126.0404812891511,-94.07066245846391
9.4612499,8.479948702243837,-3.7650757009269196,-2.2184994435702716,108.09759508844128,128.81615971600456,-90.90815953827092
9.4712499,8.187514371650407,-4.249782338485757,-2.061418565905477,103.17233015912585,128.83231334945256,-85.03392396950352
9.4812499,7.669168146717939,-4.013692517601375,-1.8525850848114735,98.70359121153481,124.8929334765255,-78.46240454279996
9.4912499,7.694229172320978,-3.9465090724398597,-1.5849434842359014,100.54736575891229,118.51125158365933,-73.25096770308978
9.5012499,7.764483602583271,-3.7534745466188935,-1.3338409230041837,104.43972533446036,108.45474840569527,-69.21768439781614
9.5112499,7.720167189525417,-3.687010900792618,-1.2872045409193298,109.43429410577355,94.5883009494378,-64.23653669606864
9.5212499,7.942945424081419,-3.7196248038863935,-1.5212107686983538,114.0573282041303,82.03044200661189,-59.05068833663986
9.5312499,7.938952303407854,-3.407338051904553,-1.69202294474845,114.63963351160194,68.7011977642439,-54.00647658588034
9.5412499,8.001813557835737,-3.217833533771485,-1.6869058553555811,113.67034234673797,55.885373546271644,-49.35605225751678
9.5512499,8.637077675139732,-2.991051425205828,-1.7540854145648617,109.20295326410555,46.46221676626088,-45.90869496777475
9.5612499,8.768420373596387,-2.2619872707620163,-1.7585773523141386,97.03827273720016,36.506512028066666,-43.188992927466614
9.5712499,8.939593430806568,-2.052612465249516,-1.600707802989948,82.3237426298151,28.209733783677674,-40.113374397733246
9.5812499,9.383987285332722,-2.0055358622680055,-1.4996041517166367,64.00751083353495,22.601419492761014,-35.983360479046816
9.5912499,9.53540739782285,-1.8656737071566378,-1.479660750907629,43.049876709050004,17.460850811809497,-31.208970592255596
9.6012499,9.453369532312752,-1.9292311974887923,-1.4547617661582115,22.756204102182146,13.123719627027725,-26.553056799398146
9.6112499,9.275125308581128,-1.9574509597951646,-1.3777331166210556,2.5205841736105477,9.52736323148021,-22.78767275366368
9.6212499,9.093942782746733,-2.1056136284711617,-1.176161194490555,-15.092631285143637,5.740757718817828,-20.45882295374431
9.6312499,9.090012557714152,-2.5468976092243016,-0.8817581898017319,-27.43479271229369,2.5463971874707183,-19.42529139815072
9.6412499,9.061058748122768,-3.1090507318934177,-0.6020623345012808,-34.86734397584168,-0.15368878346408343,-19.019801950681423
9.6512499,9.01632849702548,-3.7106977330050492,-0.37665945418862623,-37.78841543785894,-2.1967386591183673,-18.17180434670683
9.6612499,8.951133625283617,-4.182598254369861,-0.21742155642285665,-36.54200390884876,-3.7660639922625965,-16.36452163083032
9.6712499,8.769111623477924,-4.645850139925529,-0.06215544734005312,-31.375974109239973,-5.6866646923655795,-13.651761827498381
9.6812499,8.568043893191149,-5.1146872068699425,0.12273054559800566,-23.109132461666363,-7.053089390143417,-10.052703939551675
9.6912499,8.32548624643934,-5.295109571055864,0.16601606023472767,-13.494934678564642,-8.017593535707519,-6.613912933027904
9.7012499,8.032667359601806,-5.1061391897827155,-0.03216122366450286,-3.8846892765970304,-9.42182790317682,-3.5742523379265103
9.7112499,7.920896404927409,-4.7764630483468915,-0.24779817882639477,4.020863374225243,-11.018578911877832,-0.4419978759595979
9.7212499,8.039062989176287,-4.564136089055405,-0.3081699727415856,8.10653786436066,-12.294950460527975,2.8797183721211574
9.7312499,8.067727621963005,-4.381075874595177,-0.2979605934563961,8.15285357407845,-12.845951451154953,4.9742735240003695
9.7412499,7.967943536383874,-4.104750762165463,-0.33023195242857895,5.905861977007105,-12.960154367976305,5.72128745462576
9.7512499,7.994628654079766,-3.9852750395485366,-0.39516843152981107,2.115988023496572,-12.627542861373033,6.573077914157016
9.7612499,8.135815969297829,-4.19342505543566,-0.42119777468698083,-1.820606243520091,-12.00846844921967,8.22494312476917
9.7712499,8.1408078120101,-4.388257784199165,-0.39383777675281295,-5.5971834902963895,-11.577969841862227,9.978617350101233
9.7812499,8.064087171221107,-4.494610010994084,-0.40398846445271247,-8.872816272915687,-10.732258112590998,11.339778498437685
9.7912499,8.102182796458196,-4.721059973739443,-0.5288679966357508,-10.408382946573093,-9.510492897702486,12.286122742697263
9.8012499,8.224224160389092,-5.020210961890258,-0.6728740578537671,-10.166125221871965,-8.868118753470178,13.101580727830433
9.8112499,8.366830486985183,-5.206747938803453,-0.7272054621952382,-8.669170646784341,-8.105465934812308,13.720940457768888
9.8212499,8.496190051183458,-5.190195477503638,-0.6546828286380147,-6.944231101667413,-7.013690225572926,13.673392292523857
9.8312499,8.62456265237808,-5.051482462940649,-0.5950080511147692,-5.448746141506985,-5.987970393249716,12.904119321445267
9.8412499,8.688571223627218,-4.908399992101652,-0.6522834132960506,-3.8189619674760538,-5.1794061663133935,11.912463464900856
9.8512499,8.667891911893745,-4.883170124096568,-0.7638975438431451,-2.703742900586697,-4.899312852276223,11.389400438041873
9.8612499,8.60018664638616,-4.959096379553457,-0.9305332768217659,-1.8707251190788914,-4.845754696282282,11.628007728928216
9.8712499,8.513593101264087,-4.9091342828005775,-1.2023668317665526,-1.5734548886294561,-4.90101540373325,11.780048176855361
9.8812499,8.486995364497838,-4.673019019468603,-1.4569328170928406,-2.9945120732355717,-5.166116556755989,11.67327066455987
9.8912499,8.538488376541851,-4.430218266043179,-1.495851874555386,-5.825757958101931,-4.942974832702478,11.461941252609336
9.9012499,8.551110613400828,-4.2478603851333485,-1.4485336335175842,-9.972588697931057,-4.040397288094375,11.334383372355155
9.9112499,8.463392535349717,-4.1537955076152775,-1.442593479648113,-14.857412357921717,-3.554137279075671,11.660631125779737
9.9212499,8.264258250231379,-4.199929146641549,-1.4789494462299795,-19.503581294885276,-4.1835554714347305,12.541593572759162
9.9312499,8.016725091885956,-4.3698017985972895,-1.5594173950828398,-21.736241596809954,-6.175627808137285,14.229078810162607
9.9412499,7.822489279182174,-4.571248408107766,-1.5593049572350883,-21.169847638598785,-9.402081380124242,16.787781622190412
9.9512499,7.622832618293367,-4.698848917142453,-1.479412417868903,-19.21568960044948,-13.596247603629285,20.095466659931443
9.9612499,7.411246770418482,-4.701673801189188,-1.4394975069864167,-16.322582799363932,-18.54941891131337,23.715973844732943
9.9712499,7.236185710908917,-4.7344775868703195,-1.4354378058207655,-13.338696043929389,-24.07070697228024,27.956772325193846
9.9812499,7.0735729999993815,-4.751490352884488,-1.463502820371996,-11.234484310611613,-30.172352767688878,33.096440081759916
9.9912499,6.890929621305998,-4.577648478814852,-1.5988337499388576,-10.922310033927749,-36.44240818439747,38.482500097855
10.0012499,6.758484733340798,-4.286911581284455,-1.819556137131885,-12.757299712098824,-42.58141237520858,43.72483504924212
10.0112499,6.766115678575983,-4.055629421136567,-1.9795206455481815,-16.862901359475874,-48.24917120132637,49.052929854961825
10.0212499,6.847522208316536,-3.9467604804662977,-2.0342265683086413,-23.725562835831564,-52.68076273406835,54.682244885957
10.0312499,6.985974432842579,-3.845736897344417,-2.167041517455587,-32.763180027342514,-55.85483727851867,59.835544173562795
10.0412499,7.196828588665001,-3.8061048748375574,-2.3530417818762244,-41.7289900637224,-58.40472386004839,63.874434348436914
10.0512499,7.386136670841347,-3.969529127285781,-2.4409750974105036,-49.63765041376875,-60.05009943524262,67.14280392693374
10.0612499,7.5314900860459035,-4.19657773448725,-2.5037625637507004,-55.93464663227512,-60.85162043356976,69.65687880221746
10.0712499,7.677286359500627,-4.413491539561166,-2.5897885027240806,-59.09820506863026,-61.67411991043362,71.27035310975914
10.0812499,7.925535409875213,-4.711680598689265,-2.5548761671302915,-58.923903730840834,-62.17186758567403,72.46762229875114
10.0912499,8.287970673223878,-5.096069922196677,-2.4082892307006225,-56.03021585047233,-62.187258926788296,73.92214601869873
10.1012499,8.67663408839736,-5.352152009221281,-2.288028273119098,-51.02497055204374,-62.25645319351239,75.5789080588113
10.1112499,9.028630375063793,-5.496603515623575,-2.1535096153535576,-44.44102354504049,-62.617188325430796,77.31476309892858
10.1212499,9.289007602238156,-5.545064378061619,-2.073259149829959,-37.669229460876636,-63.261763898230804,79.1591468742863
10.1312499,9.634038759496649,-5.324744269919556,-2.2016659533581584,-31.626242613468854,-65.05322655904165,80.72440634320716
10.1412499,10.250154351337398,-4.940899345775273,-2.3853831659751,-28.01777842482966,-68.0302323888145,81.70900242206767
10.1512499,11.088119438078854,-4.508660894458271,-2.543023647859379,-29.321390050402144,-71.24853527281454,82.14493227788556
10.1612499,12.369411659049478,-3.9892751494100183,-2.7586547441899865,-36.06606290759003,-74.97561399374759,81.99546899207134
10.1712499,14.267354196350956,-3.4266781752449624,-2.9605021290913838,-48.92105581493799,-79.32930157506102,81.09738649975971
10.1812499,16.529784003299376,-2.5192273208690277,-3.149474264740205,-69.89589380576528,-85.57647813160793,78.8407446219051
10.1912499,19.12032316287637,-1.0232480911116573,-3.43216458147143,-99.10879460530582,-95.71275473325375,72.61808233573365
10.2012499,22.420169574620683,0.6689034598279977,-3.80528397374771,-133.83948446374538,-109.475142530404,61.293615663692854
10.2112499,26.254395008004384,2.213675380162104,-4.20645831650872,-172.4885206479093,-125.21032700656154,45.8145942333938
10.2212499,30.22962694389618,3.1015024528355593,-4.186230144433188,-208.85342270078968,-139.13765237556188,28.1254748419251
10.2312499,33.9458670828493,3.0098096090463153,-3.1573961323867725,-239.5549873049367,-145.9938496958029,15.041196277854404
10.2412499,36.11713265902776,1.814878927290795,-1.6375127427940888,-268.59827885658603,-145.91334253699299,14.38953812208406
10.2512499,35.53512608141764,0.5184146138525887,-0.6352655469932754,-297.06287698577313,-141.6353777476069,28.43670658642538
10.2612499,32.26019857984486,1.0787163084021958,-0.18423704072816893,-323.315738887775,-135.688991486963,50.25781834073827
10.2712499,27.96411863024892,2.292766299974319,-0.14999500008975145,-343.6941816339604,-133.4550537194829,74.9646493559184
10.2812499,23.562765592126937,1.9167651021690473,-0.8063918875998003,-359.92712623142796,-136.9460683211993,108.8326557091724
10.2912499,16.82139175917123,0.28686718957406204,-1.9328478602985688,-376.0813055053442,-148.75537275023743,154.73781081505518
10.3012499,5.482671648898709,-1.1345335016682836,-3.8160509256478834,-399.30951077631266,-179.19814423970817,210.74868012476546
10.3112499,-8.671248163164242,-2.690434904781921,-7.7153345713163555,-430.2354389745867,-224.47445620536104,277.4951330446809
10.3212499,-21.658288498177413,-5.945117437154129,-10.965166380840648,-438.44934722587067,-270.706094067347,343.23501613515015
10.3312499,-36.80058487527576,-7.816083949105413,-8.706890875535597,-426.0607825014593,-325.1672452390642,393.76365049257384
10.3412499,-59.96153044337396,-5.928365208579833,-9.919968065272078,-410.69834968135524,-362.6036275126533,414.73145240322833
10.3512499,-72.76784380690262,-3.5911905724937925,-18.09376792149416,-376.85739628742755,-320.53333543333173,374.99499705430037
10.3612499,-53.300032021523506,-1.8298540003924202,-16.489381449991825,-333.21394706831506,-197.81073852243165,265.3960632186618
10.3712499,-20.596742435081353,-2.3963253273472525,-4.3623102279260815,-290.3527939609004,-50.202970445301254,110.72875851748992
10.3812499,-9.432797859356592,-6.7887547619638795,4.37741481755451,-219.1777473569754,49.76580634055975,-42.72468268174463
10.3912499,-12.627624910088675,-10.593309083726655,2.8682803044995033,-88.28316539795986,112.66257881183232,-166.69614711927247
10.4012499,-17.879414546457248,-11.73735071450041,-5.246517863084366,74.24137665421395,155.10702260782023,-246.29906524573855
10.4112499,-23.95458957109541,-12.954575994710998,-11.063214707237554,229.03754981385805,165.42544286326304,-269.1825839375106
10.4212499,-25.888531877450948,-10.57063038090116,-11.970041288324705,339.10924213770045,162.50335434428038,-253.83534757350495
10.4312499,-23.671224279400157,-3.568288512970035,-11.47201310790168,386.5887164130736,153.69720738437738,-232.3279297538725
10.4412499,-18.486126655082035,2.1364320183955896,-11.256674887539114,388.237899776408,145.60417002867942,-223.75284611937403
10.4512499,-13.055967902084184,2.3124137656097137,-10.77171351306377,367.8197248693662,142.3095079671404,-215.86042071569997
10.4612499,-8.89711039291626,0.8710160205991391,-10.368335883671435,326.78090984157376,140.02605506739377,-191.26763813392697
10.4712499,-4.655610865845764,2.026693334890567,-10.991461515284172,269.4502913251186,134.97820469248063,-163.0284426685886
10.4812499,0.448299462868679,3.66456668551531,-11.74540146586947,210.07907198255123,130.25545707685558,-144.1297309028348
10.4912499,4.989767070014343,3.091736254349662,-11.86119530733651,163.4460050229318,128.07471252497334,-130.7820678577649
10.5012499,7.531241671051264,1.0458076832559626,-11.213178458395275,129.82731433426528,121.70415154854976,-116.28020624949524
10.5112499,9.889590122854017,-0.9876125473734884,-9.533321361794478,103.81319763985476,117.32938104775948,-99.92529992468098
10.5212499,11.955096224369285,-2.4452809189850053,-7.995606184084943,87.24707002281578,117.43246134416755,-84.81902865172876
10.5312499,12.612925973895207,-3.120156552768614,-7.398584682360102,77.12944183227813,119.90932269250298,-73.98938279411378
10.5412499,12.593774234645812,-3.772630477722814,-7.1975520132330555,75.82939821078553,124.4170857858556,-67.28808235337634
10.5512499,12.42281808499448,-4.878948702870967,-6.909078750019871,85.88627667947584,127.76565706067251,-65.48061963388477
10.5612499,12.429619845607952,-6.704888835433635,-6.143641636147893,104.14529554021439,127.44067673261281,-64.0017870203581
10.5712499,12.739841306357752,-8.45341739517946,-5.4550077497166,123.0012692249875,126.6544100411677,-52.41438314865073
10.5812499,12.401921315798452,-7.7172784835619375,-5.615891542904236,134.02561846334245,127.12997059391707,-36.68418305606527
10.5912499,10.984462764968365,-5.316216421060434,-6.15308222860323,140.04221478945533,126.54103252044375,-31.515380662551273
10.6012499,9.82980112862397,-4.175549276086792,-6.429970228986213,146.80089775165973,124.53387724024934,-36.296193737252196
10.6112499,9.339862730585727,-4.0112409970527585,-6.390891835075461,152.68524273292667,123.01847578331136,-42.91575315897497
10.6212499,8.731573296655712,-3.7772963888739435,-6.2462311109700925,155.0840214817189,122.46515988929647,-47.18532342338083
10.6312499,8.12425989614944,-3.664738691867502,-6.074267489588634,153.4988561103545,123.25245230437908,-48.109034545264436
10.6412499,7.84873299154544,-3.323000645350648,-5.914769037844911,148.9395560139618,124.52317956431264,-47.622710499668464
10.6512499,8.12833418674448,-2.9677174019911194,-5.615111199143164,144.39447860591443,124.9166088602721,-48.888629544176645
10.6612499,8.813638337952629,-2.8391616203032077,-5.082574720620405,139.9892393461405,123.6324760560844,-53.361966484851635
10.6712499,9.450529574477152,-2.6077164677802256,-4.5422439392054486,135.48388340517175,121.07065715540645,-60.6263314181711
10.6812499,9.759370677110724,-2.6351232723490794,-4.079885101967486,132.73672876450937,117.761904017012,-68.37884144601566
10.6912499,9.642233966229641,-2.939696147907425,-3.6749567532288223,130.60741869771837,114.07047488017017,-74.5904373899224
10.7012499,9.234975181404986,-3.140608399575215,-3.428320953991883,127.72643975931756,110.88598501752166,-78.959957804004
10.7112499,8.750823616836778,-3.0500401660940906,-3.09376090393972,122.34878263314945,108.42325464242556,-80.92209785333131
10.7212499,8.60618272642212,-2.805141325126171,-2.6098295954351842,114.36061882648535,107.44657970802393,-81.13059211796778
10.7312499,9.17312207275722,-3.1819135651584345,-2.2976978804053747,109.33185340434684,110.11835516393879,-78.77994660771645
10.7412499,9.740009515252392,-3.784960109826932,-2.0545087404009537,105.97979137898453,113.81215857451666,-72.51846101423767
10.7512499,9.68649049276395,-3.764932166198645,-1.813930357013844,99.67438717514932,115.4112990097185,-64.54057237215707
10.7612499,9.265079160808915,-3.655542344756163,-1.4800107233779336,94.36223322555888,115.29497422586192,-58.028119571611214
10.7712499,8.802563082413144,-3.707470934967525,-1.0959053783054529,92.47563827424945,113.07217291646417,-55.2626840297082
10.7812499,8.407602629511619,-3.8246579073425844,-0.9200431501593658,94.67355207344194,107.2203130203294,-54.33013750196959
10.7912499,8.186606218073956,-4.063876688187389,-1.0064224704191658,101.78071932690953,97.80958092895821,-53.049024406318914
10.8012499,7.9909518863446705,-4.315356660059518,-1.208401880613341,111.16970815755127,86.2025727701622,-50.9045983903419
10.8112499,7.638207179983558,-4.2605846069125874,-1.4040210239884874,118.94184824126481,73.10528364865743,-47.73612281441439
10.8212499,7.608359784272185,-3.773656462256224,-1.6675626231547362,122.25888176229299,60.16102498547176,-44.26069980414037
10.8312499,7.8104996859537446,-3.00246201554051,-1.7849757303647127,119.74967093395585,47.36303018664562,-41.57258778741964
10.8412499,8.03940591671739,-2.5821637384617944,-1.60628047950449,113.13884152312676,35.629988025244934,-38.55704194390136
10.8512499,8.372323722144067,-2.3070913962304807,-1.5163510094526615,100.44699306886449,25.998877723455912,-33.6242710770372
10.8612499,8.765362982018743,-2.058497632538039,-1.5781465586673447,83.073581527878,18.22062032306102,-26.792925162059056
10.8712499,9.201173308680058,-1.8695272098870699,-1.6244368363759265,63.518951253287064,12.48458378312161,-20.082921430982765
10.8812499,9.409545068817074,-1.6797784234148136,-1.7129767502116255,42.83415807420182,8.126167870002044,-14.5546449287169
10.8912499,9.35346237543606,-1.7825861275796184,-1.8082728043017804,22.817744375484057,4.59924331867457,-9.828494424235858
10.9012499,9.235506485751202,-2.1179941739652564,-1.752478549837479,5.304189666294474,2.2274057740507196,-6.27337107443318
10.9112499,9.123532663837189,-2.561047856240239,-1.5780099105489274,-8.02653526984687,0.28100882558550405,-4.218483317493425
10.9212499,9.075945294562354,-3.118912201843811,-1.4265544595010946,-16.405888558930865,-1.376561148201094,-2.7967180392832574
10.9312499,9.103361210308906,-3.7596734297812655,-1.199949325026707,-19.536388789657472,-2.482364392979519,-1.5761412613491863
10.9412499,9.128424866820275,-4.391699424692027,-0.8142360052471977,-18.301050756066783,-3.029955976773069,-0.3047777610296132
10.9512499,9.158401904005462,-4.92212450470932,-0.4481082899996472,-13.188082251992636,-3.0913700115378715,0.855476846346206
10.9612499,9.147729485857422,-5.35286682348423,-0.24516877070363866,-3.123732228310181,-3.1913838305563247,2.2644715485418345
10.9712499,9.012190222466826,-5.733477849169056,-0.09104638323686595,9.461172297095615,-3.375374300733258,4.914853615180969
10.9812499,8.85143349653949,-5.852657055733746,0.01203697206527144,18.391542040171082,-3.4832400207560505,7.618589347258224
10.9912499,8.643519170690237,-5.414268885079146,-0.15270115980106733,22.54707752976309,-3.9688709276426577,8.828392633352111
11.0012499,8.431795285712429,-4.746726652169826,-0.3447744479131869,22.16346323853773,-4.929272116221361,8.419338549275825
11.0112499,8.307968503820069,-4.37582555961704,-0.33441818427320663,18.243264509514173,-5.798063494705466,6.844542510315602
11.0212499,8.170358868378468,-4.429284349001982,-0.25327954480738124,12.769715142382921,-6.660039362898799,4.664382895844578
11.0312499,8.076412613864704,-4.768802555231773,-0.2373584102871198,8.22904366749275,-7.33396141135687,3.462619559223599
11.0412499,8.036908832383505,-5.063777188587645,-0.31498392538319986,5.677051920772258,-7.738993873272264,3.517573575333159
11.0512499,8.030052365050445,-5.135696639020001,-0.39720071547334934,4.397276722242237,-8.365852656590373,4.169172953845275
11.0612499,8.025238972405164,-5.086611786181916,-0.4015128961134079,3.509980733670611,-9.130861149181376,4.885188952849787
11.0712499,7.973367340533126,-4.989287476605327,-0.4085994427458576,1.8550204415614249,-9.186234460796566,5.651067516081868
11.0812499,7.905013233172799,-4.810159699221785,-0.5544848688144869,-1.1537543117830806,-8.682276115796341,6.660516887707103
11.0912499,7.853830654756126,-4.724789220546101,-0.774605455440307,-4.653945904991207,-8.36456259975098,7.905963418565462
11.1012499,7.848663593429713,-4.741707491517475,-0.9085517406803815,-7.854647688780166,-7.797810146010339,9.124641235197618
11.1112499,7.888390949068483,-4.796922775869177,-0.9626451842173336,-9.990687807973627,-6.956560132183277,9.978929164437984
11.1212499,7.946702525362897,-4.852120918186768,-0.996009573838969,-10.979149333406511,-6.115230677875549,10.858129168284593
11.1312499,7.950338876923426,-4.8060748482640125,-0.9984456642337145,-11.605950114868504,-5.143670972854296,11.861578210641323
11.1412499,7.928266278205534,-4.755602686463305,-0.9017546332312513,-12.085313431593606,-3.8927775829090145,12.732894536100567
11.1512499,7.900276339856221,-4.76602451620004,-0.8170783538759946,-12.26191954464759,-2.4292225168654498,14.004784426100331
11.1612499,7.806599967426787,-4.828043276825264,-0.8295273041162609,-11.934033382525067,-1.2867302557313351,15.785161037270349
11.1712499,7.6780935607619645,-4.974058523801629,-0.8208329430220456,-10.357558318127069,-0.5565813334450314,18.665330714034013
11.1812499,7.667182836637134,-5.074512589460994,-0.8435485287869239,-8.054192033553438,0.3231350046335637,22.219565201375495
11.1912499,7.782987872067473,-5.002740465814243,-0.895671934514651,-6.1761803533541,0.824032181523387,24.807989931032967
11.2012499,7.898928122746238,-4.877319863732497,-0.8896453413402723,-4.64991751523655,0.8289239732216499,26.102406728071706
11.2112499,7.963953346976461,-4.757520527679863,-0.8785192046158351,-3.58584299543563,0.6909174597569783,26.334648848965124
11.2212499,8.035894683125298,-4.677616071004319,-0.9031179786365992,-3.1726620637184824,0.44693409822967695,26.208719168591237
11.2312499,8.179834615206394,-4.733739489394871,-1.0037601218788574,-2.9864727184989457,-0.1687093341082044,26.071192685828905
11.2412499,8.315177761993121,-4.767894757357503,-1.1525629735565666,-3.078943184582965,-1.3798077835403573,26.295872854877246
11.2512499,8.416718924017523,-4.730559293617975,-1.2768131921364292,-4.4411874693634,-2.3190811017367965,26.985115712039562
11.2612499,8.548123789931815,-4.673551279168509,-1.3191618664873823,-7.201766174212072,-3.369474408025875,27.622922946301017
11.2712499,8.649771093471655,-4.5617132097375785,-1.2430305351761002,-10.285570571921406,-4.488827036291172,27.3815357386103
11.2812499,8.636994064372777,-4.545007247995984,-1.1611321450448335,-12.529027779467354,-5.5160544276981875,26.79561871688098
11.2912499,8.590921358889185,-4.619416192646884,-1.1737821805095452,-13.803453963921887,-6.922519912716947,26.9371751858058
11.3012499,8.62031222491148,-4.703019488626597,-1.1954682907245373,-13.7947939495291,-8.975933767378772,28.154143091002407
11.3112499,8.648316190407302,-4.694949591993877,-1.1888569280201637,-13.11192084052891,-11.716078252109357,30.106449071949488
11.3212499,8.594192891579347,-4.580570643743943,-1.210449791622714,-12.230669719866682,-15.409791112374617,32.58554965449691
11.3312499,8.52755822884893,-4.483358034264857,-1.264053947649976,-11.771435301673563,-19.91299655573788,35.740890594550656
11.3412499,8.495024498163984,-4.3725287512368185,-1.344578172290885,-12.285310280683127,-24.63080083627928,39.12524332921648
11.3512499,8.5754866555991,-4.131207241307922,-1.4647842325462805,-14.162855170934401,-29.39134944377429,42.63618277093863
11.3612499,8.791146770526767,-3.807822995858038,-1.5599622175480612,-17.58635649194919,-34.05971895646265,46.31001831469958
11.3712499,8.990172252530396,-3.54529263900261,-1.5126731314289625,-22.22368691043167,-38.32200885888444,49.89723877650536
11.3812499,9.253461242702661,-3.3770834567506394,-1.4490898026436616,-28.048545224454227,-43.10815040567815,53.75411815613424
11.3912499,9.668999992333722,-3.2666577703669275,-1.5778132992593779,-34.601938179782096,-48.86208812400073,58.44496182971787
11.4012499,10.008334092489095,-3.1400365270617665,-1.769856226631479,-40.97286788031094,-54.13945759965588,63.149095093195946
11.4112499,10.420544462406124,-2.889004548891798,-1.9386195327425497,-48.49391463836416,-60.0117427351919,67.37024575821606
11.4212499,11.188920678060294,-2.548091094755053,-2.1986993289583014,-57.569335441563865,-67.40609224566178,70.97432987261486
11.4312499,12.246495477488295,-2.1738002486880235,-2.5212697944387634,-68.67517747831833,-75.89665770788801,73.32736992735771
11.4412499,13.602073661048168,-1.629914694573119,-2.7442890214257276,-83.15897174528212,-85.58581300683605,73.61335389739783
11.4512499,15.463812297366015,-0.897788169519423,-2.8874499552290858,-101.83706219288014,-96.85902496737147,72.1080520335753
11.4612499,17.782948316964138,-0.09080179199354123,-3.0124004972196516,-123.41735517800471,-110.88630708912267,68.60241802706433
11.4712499,20.61364993338983,0.7820963303142875,-3.0328083635927654,-146.10357182147192,-127.58457433290957,62.31825267979913
11.4812499,24.048145293720435,1.6350304547641625,-2.462057357105415,-168.76039888956421,-146.9568447799946,54.20990894160226
11.4912499,28.41017074626357,2.394963847559603,-1.295014448699763,-191.00076637818367,-167.27922445341684,45.55539367922779
11.5012499,33.57033503299902,1.86064293015623,-0.11997446535620002,-207.90390427571066,-183.13114081218063,40.554064447634794
11.5112499,36.66341122652551,-0.6268737185169162,1.2189515127284534,-216.17536656257514,-193.1332885938052,48.226016970110955
11.5212499,35.05902226311617,-1.9315342915750666,1.9129183985569773,-229.79547071013505,-197.05648917489364,71.86701728027167
11.5312499,30.66942205307442,-0.5672089031151343,1.5734936014738679,-258.4586299567866,-195.99399512271893,103.3114670155979
11.5412499,26.906685591731964,1.6488389996887873,0.5896268530423107,-299.1884509636178,-193.97574672841998,134.4976701933028
11.5512499,23.092419493933935,3.789604679165081,-1.0544737862009308,-353.36485659145706,-192.4928187638062,167.58027361181507
11.5612499,15.93569884616582,4.999929764254655,-3.242171658465485,-430.2783551149366,-197.8793562263629,206.85495283455717
11.5712499,4.140484546608545,4.319030416167882,-6.423780331021514,-493.1446303271255,-215.30937552107792,249.17380838123086
11.5812499,-9.985962024696178,2.4215120206892333,-10.553895595055828,-502.22630820497386,-244.01671087360606,290.7306184576979
11.5912499,-27.346396868165517,-1.0585899671099777,-12.394181658326854,-499.2114612407068,-293.8671564193472,333.04556177468936
11.6012499,-46.81564566561206,-5.936604913264331,-12.723386141605602,-499.6385399579619,-348.3933663272173,362.1094268259842
11.6112499,-57.808884731517125,-8.634984972420181,-16.350580629873164,-500.6527236200181,-357.14556806832974,352.6020592752546
11.6212499,-56.490903809535496,-7.808602418272117,-17.786290287056147,-499.9511467641873,-314.2735800631784,299.4877807498903
11.6312499,-39.84117383166842,-8.239614539844865,-11.87490041110209,-455.77570581190486,-214.59385098824797,214.9688370636086
11.6412499,-20.344070592862035,-11.214638848723022,-3.9146953046786126,-366.4228076592434,-91.40970807635827,114.74399357759684
11.6512499,-13.2887288747092,-13.013909298040424,0.6714631746970933,-247.67868602238565,8.21231533468286,9.197788752293423
11.6612499,-12.208220358008518,-13.647168870364512,1.7601397164752668,-82.61766537351015,94.12385719849992,-89.73204086202138
11.6712499,-13.678510465497917,-14.902848069279003,-1.0411828543913546,106.88763379759858,154.79401887560212,-161.790459458934
11.6812499,-18.050061124198994,-15.798512630285133,-5.3638750840761,273.06241976877595,175.761635251363,-192.07350808768754
11.6912499,-20.712724983235265,-12.937675168192923,-9.032452082005673,389.94928589622594,182.5660956473946,-192.87117368548022
11.7012499,-21.03958233129226,-6.065064891240485,-11.658126627281515,447.2590145025039,176.98395163207846,-187.99515947531788
11.7112499,-18.718862004185134,1.309499074964937,-12.840940269797139,443.5055663380193,161.51538780270178,-187.19511001140967
11.7212499,-14.703333003443552,5.431510912436342,-12.883071674196794,401.49003345894346,147.89814673330304,-190.35453558530313
11.7312499,-11.233471616418255,5.22744355335298,-11.754441215467091,346.45021216173865,136.9608474209598,-188.08071794479935
11.7412499,-7.799745703119669,3.6003199006260376,-10.456264499020438,283.62168279024365,129.67321924913674,-169.60069704908727
11.7512499,-3.7816234503533646,3.4528539843535313,-10.131956265169308,218.68583799940595,124.67037832436861,-144.7288278273577
11.7612499,-0.5679974071264946,3.415190396002324,-9.914844306216379,164.84575995799997,115.19886648921262,-125.32477196425606
11.7712499,2.2033424817388965,2.044883607855914,-9.1348090913229,126.47461520677516,107.08969051434413,-110.44383844656743
11.7812499,4.96239945022601,0.2638692504318831,-8.457722088189499,102.11821075354499,101.8523304258301,-96.8557846950753
11.7912499,7.145849731356634,-0.9916326404124349,-8.187623031598362,88.00633157006735,97.69746388048185,-83.57581786163028
11.8012499,8.990141761928797,-2.5529345346308543,-7.815644055318503,85.09569415857358,98.87327676009498,-67.28535882257759
11.8112499,10.699945062253603,-4.314945028051852,-7.19196995596488,89.27030541239844,106.19910632702495,-47.534998403795036
11.8212499,11.715722727824703,-5.298645164174857,-6.17336552005361,96.19760054264867,113.61082246506895,-31.673716076216948
11.8312499,12.31618730522575,-6.517467305068816,-5.108154090199086,108.46830095448065,117.20254949288419,-18.725841696025135
11.8412499,13.024044674823067,-7.578881649315492,-5.144622903506802,126.09639229492316,116.69438631224156,-8.422676008075113
11.8512499,13.218980936683751,-7.725148499794771,-6.147979140508255,147.662089820773,114.11406154283301,-3.678418003560505
11.8612499,11.953862206981565,-6.996096180069561,-7.002216045118854,164.18792297794246,110.93315271559145,-3.827555894844283
11.8712499,10.159239994521947,-5.836234242137042,-7.3245205339002135,171.5854580285236,109.45901934314281,-7.708993774000766
11.8812499,9.131379768773641,-5.159003398134619,-7.362223692574817,173.59678836150223,111.15645791519968,-13.144664992081074
11.8912499,8.793125513559573,-4.885653015847865,-7.306239796376636,171.9356489540939,116.27972740238856,-17.78671363519271
11.9012499,8.946536895314015,-4.717282242222565,-6.965606351615232,167.24766751394682,124.27087340987255,-20.778964610250245
11.9112499,9.614119467013312,-4.614165032393018,-6.2953015059964,160.16967039176893,131.04521133100192,-23.83056477479476
11.9212499,10.624548983079634,-4.565079046992278,-5.9811243408125145,155.0587192744435,134.25001527223083,-29.776731939150523
11.9312499,11.21650508699861,-4.497145694922687,-6.167369107015635,153.27531204180124,134.1179333331069,-38.77383111215539
11.9412499,11.145950386568334,-4.442213149119362,-6.2119631265445925,151.62139350797992,132.1374639956178,-48.347732661372035
11.9512499,10.77514781569837,-4.611311667387998,-6.046863958870133,149.27490083443303,130.8072579041673,-55.95321938877817
11.9612499,10.101928364629208,-4.8761518738681,-5.746659245577585,145.1096437953764,130.32194383943553,-60.446774037057516
11.9712499,9.241986877404358,-4.767913566210324,-5.24037392812583,137.53126740023015,130.71515795349973,-62.72143772289308
11.9812499,8.444597570450755,-4.336973904015556,-4.699198004608249,127.6592580036531,132.56842614766498,-65.29938077957353
11.9912499,7.913124555760953,-3.941424412414482,-4.231599063858861,117.65942289430389,135.18662400314818,-68.59077226315436
12.0012499,7.796635393286404,-3.5564228451779076,-3.799762076378559,107.55509404442049,137.77692359270463,-71.30915143750845
12.0112499,8.186875124238865,-3.604781526999363,-3.2103029806885925,100.5512285486259,140.38896897644827,-71.52865811194627
12.0212499,8.717239389911509,-4.701111601027858,-2.5030035857120736,103.32574091695963,140.30447586166437,-67.107442386255
12.0312499,8.593331604389263,-5.586859683594954,-2.0042342381626455,109.48308709882916,133.30599943001562,-59.27366731846716
12.0412499,8.294435461902843,-5.890468795528929,-1.712670539448329,117.37711329459687,121.8096817093316,-50.19883826362822
12.0512499,8.10799768564683,-5.946154343626748,-1.652754944194043,128.63823674718185,107.84137593675115,-42.705063466297496
12.0612499,7.9698292780829885,-5.580816164735888,-1.7744657280932188,139.88033085773836,92.30563554683265,-38.3773870192845
12.0712499,7.993226801226823,-5.011762701165236,-1.924817033644165,148.48500863985856,76.50858264815136,-36.97221499798135
12.0812499,8.023640852990512,-4.452444467521299,-2.016078715781234,154.07519597827135,61.21982396048496,-36.998168106917355
12.0912499,8.308789173835718,-4.297643898830264,-1.9697158955049965,156.55854001469257,48.00830463733914,-37.06402825680732
12.1012499,8.547854216316306,-3.6743764452438086,-1.7118376225891134,148.29192141535245,35.684006742775,-36.645107369062046
12.1112499,8.804776271978167,-2.997809908534104,-1.47763962731201,134.3224124068732,25.6530348214675,-35.86885101773079
12.1212499,9.207195129788342,-2.880840782251975,-1.429457014163913,116.65680857277607,18.825102238921346,-34.573197034647755
12.1312499,9.2379264231371,-2.6785690946263543,-1.3553981790726317,92.9015443736292,13.544227033927957,-31.913851885001826
12.1412499,9.218538541426792,-2.7052284370481896,-1.1962511072682387,67.21430813030368,10.293696507411116,-28.01901368563719
12.1512499,9.211576639507378,-2.864821580824193,-0.9841921562338597,42.572880437434826,8.760366271288875,-24.014602974303635
12.1612499,9.05693600395683,-2.8962655194656906,-0.7409108392267963,19.882562658337317,7.936025454847434,-21.091926731937537
12.1712499,8.857437687951439,-3.124506456107339,-0.5851373069389441,0.6179161583487551,7.536235370853478,-19.501599419830175
12.1812499,8.702550887058889,-3.4093947002703295,-0.5609731093181678,-14.39401466919484,7.343767750339644,-18.882577337346977
12.1912499,8.586885700925773,-3.7467898430932642,-0.49927623505081253,-24.90018789154433,6.920370436647677,-18.721290208007684
12.2012499,8.563403364283932,-4.268707689382681,-0.3047964839796206,-29.864962418913628,6.541104377655276,-18.162100764173164
12.2112499,8.540893423657552,-4.71766062271828,-0.018614914948071007,-30.28769048172975,6.071193777866005,-17.040107665019054
12.2212499,8.445961870108945,-5.221502912416832,0.33508963810245307,-26.426350331297016,5.405065370317174,-14.870689116025508
12.2312499,8.299909359578898,-5.658951029963013,0.4800132190114075,-19.239047042469306,4.629244308885819,-11.665122011544854
12.2412499,8.136427338496256,-5.762496406692979,0.41603574077982597,-11.314654897596375,3.735784810385262,-8.923646642113098
12.2512499,8.05630421608031,-5.619070030084688,0.36581869433041303,-4.219165191558957,3.193262072482525,-6.616560169421815
12.2612499,7.979253644054459,-5.278337656401186,0.1853364075842268,0.7891062373220331,3.0524813930511785,-4.6832044875736
12.2712499,7.849218482848743,-4.923773346549219,0.020060598227008453,3.266487073155337,2.4206845710789207,-3.0440991960331134
12.2812499,7.855865952473938,-4.882271304725112,0.007407777079854124,3.0326604589644126,2.0164014015330074,-0.9984375855305857
12.2912499,8.008113167547187,-4.946275495547581,-0.03333780505917565,0.7362243495051282,2.4922374262818265,1.0667819537958332
12.3012499,8.054377210158364,-4.854976451179978,-0.12674589316699233,-2.0024462446500353,2.846688210201066,2.410533768546162
12.3112499,7.999558549100248,-4.744707431691017,-0.21769921564232375,-4.541312414149729,3.111814820538991,3.394484204038676
12.3212499,7.946401174161231,-4.705008137003651,-0.27630481136816815,-6.793917065053698,3.3096870667435088,4.692581751022722
12.3312499,7.904347209556257,-4.936416331746555,-0.18634470926347893,-8.919259540199455,3.0276491229513582,6.500976640141764
12.3412499,7.949332947239894,-5.332613457175227,-0.015636332633447464,-10.849264154141686,3.026256117261781,8.318531226615631
12.3512499,7.957497953872928,-5.686840641179325,0.02800957613072383,-10.665734238567438,3.167646829021794,9.046069343096669
12.3612499,7.786308180504649,-6.06387120659336,-0.041719740852065826,-7.814793458932124,2.4157570549144625,9.032837054085284
12.3712499,7.676881071851704,-6.309630067597814,-0.17937461524628837,-3.593374144212856,0.9811502273671331,9.161612307248694
12.3812499,7.828599146102859,-6.332959406583044,-0.2619912642670079,0.1310288135913545,-0.10304398613000952,9.274409293850292
12.3912499,8.022744226284077,-6.130307783163444,-0.20697186531239908,1.6914976392085004,-0.6210999230016323,8.863072823469896
12.4012499,8.05687652994502,-5.77037342724223,-0.17552586150914531,0.5891215758972265,-0.6621662427028736,7.765079406397621
12.4112499,8.164845435003171,-5.529155789514179,-0.26689447839960434,-2.673069824034859,-0.337090097202644,6.313258437936108
12.4212499,8.443044995792809,-5.410180565531748,-0.359604954413792,-7.288400163986144,0.05741034346201599,4.4901892299079895
12.4312499,8.623258519824144,-5.304107611547333,-0.3736632812241372,-11.975453473505521,0.7369440896627816,2.3277965808921057
12.4412499,8.619752956862781,-5.303131904851984,-0.36630016432093077,-15.182529781260008,1.3978545582800959,0.7485871153995828
12.4512499,8.571189707064665,-5.3306648617175805,-0.3789478912690251,-16.647054196033935,1.920146185874068,0.039989283825997216
12.4612499,8.54625515399372,-5.322869740658675,-0.4238637797786721,-16.458161313285817,2.4329498341515823,-0.2528469964931188
12.4712499,8.497814121195377,-5.363093714727664,-0.42115485665800273,-14.429211604991652,2.439747511012654,-0.008445480940268056
12.4812499,8.39201075439454,-5.391470943326578,-0.3399125423811218,-11.428169490376936,2.3970773680009514,0.8161173826800447
12.4912499,8.274099895440733,-5.326423365169542,-0.2953069974895995,-8.2726241251193,2.4245768398308893,2.2529622581587687
12.5012499,8.171007086226126,-5.200842245354551,-0.33252277125711327,-5.303685976907418,1.9501345773500902,4.037411342794063
12.5112499,8.034494749301189,-5.056869567783919,-0.34489008201679566,-2.99214950053073,1.0747200229631277,5.891478373589736
12.5212499,7.811032198554521,-4.878332705877194,-0.360315952518691,-1.6174008907725994,-0.10708081576239786,7.9167648009597675
12.5312499,7.597704166512947,-4.688422761888813,-0.44571524213615576,-1.046447729429094,-1.5583313113958328,9.685414001220723
12.5412499,7.448246675070247,-4.542492765833823,-0.46454396851682667,-1.0342992826456732,-3.3336136976494615,11.70208174036819
12.5512499,7.3520020259442465,-4.476243341735516,-0.41926385471619493,-0.620864955085697,-5.494963626623179,14.012673144820749
12.5612499,7.327027244085013,-4.445290358257539,-0.4287071251720283,0.34345905740067423,-8.073398304029718,16.38297282571288
12.5712499,7.398403064450493,-4.385622315522177,-0.4335066706322345,0.984162723474567,-11.168225034658974,19.168802112776397
12.5812499,7.579056441147209,-4.35839694489261,-0.3866671562011976,1.6850474200680083,-14.413664668554881,22.308446670431838
12.5912499,7.756871617170863,-4.343138659130005,-0.3192058708886181,2.0985712996770114,-17.6398029430413,25.384806738201547
12.6012499,7.8443757997950865,-4.283027358841225,-0.3083964925681248,0.8681904184517175,-20.89668640888468,28.553123703878565
12.6112499,7.993849007772832,-4.146306739684225,-0.4538726689636373,-1.937028405456842,-24.2809766407152,31.87947668029447
12.6212499,8.251409258928568,-3.9562142811365906,-0.6813316556402667,-6.388288760043204,-28.433875904873958,35.21596766232757
12.6312499,8.477319626520144,-3.777974389387775,-0.8447198378116109,-12.464805575746242,-33.35570415528242,38.16763800402134
12.6412499,8.716253391647127,-3.601380650964552,-1.0559506694246765,-20.63533941825156,-39.20251494000599,41.24415407590236
12.6512499,9.046115838645132,-3.4573681287657942,-1.3287937067131281,-29.225578709979708,-45.12144928945988,44.29505437611964
12.6612499,9.4237895781778,-3.4274547658492387,-1.4968214891960596,-36.91936727263185,-50.89915269458659,47.142418418865105
12.6712499,9.7856369164068,-3.4221235467683644,-1.6053877340114824,-44.89531515306288,-57.81152409249233,49.94096600235078
12.6812499,10.349729923397497,-3.4183110123493243,-1.7886793667426792,-53.78871384014432,-65.45895312674762,53.37487857465838
12.6912499,11.286033514931459,-3.353019921568252,-2.124767782551932,-64.11474351498171,-73.68402671560011,57.843950594252384
12.7012499,12.426568369132225,-3.084293318114888,-2.5208359481991662,-76.67174854696268,-82.68854842594014,61.93312133327533
12.7112499,13.675522189734536,-2.5027927027702463,-2.801811643852859,-92.97892876894737,-92.60722597047683,64.09965015627778
12.7212499,15.2037378112112,-1.736509266064124,-2.9250224293936506,-112.5075930360006,-103.67336065760564,63.937186052256365
12.7312499,17.09231934251215,-0.8361132070046964,-3.1716726239740405,-136.22246213517641,-116.00515310250249,61.97820665325666
12.7412499,19.327379421303352,0.19368311685133874,-3.4100968313315443,-161.7198867394313,-128.72017539381142,57.73849209793319
12.7512499,21.860298712154222,1.387202591811187,-3.0203843675038375,-187.67766128520148,-141.24210341192625,51.89326670119779
12.7612499,25.036464473860338,2.268644037769543,-2.128768471518151,-215.01157889618003,-154.09235888039672,47.725612415103974
12.7712499,28.88156471008944,2.6308501399467077,-0.9771215722015563,-240.07274499967622,-164.31439222824852,47.9738089711977
12.7812499,32.07289585797281,2.4800373702425973,0.6664914449430757,-260.7093010156653,-171.4087200924842,53.927496921994916
12.7912499,33.39825530935721,1.8609144620352165,2.4631320978743902,-280.2311965897158,-177.70125603241965,69.39079396574817
12.8012499,32.18718017887512,2.387717580834306,3.558869581309561,-303.41131760377357,-182.52558319779124,94.0138198027772
12.8112499,29.20265357833961,4.242990664595456,3.837737690707156,-332.71927760096327,-188.83035122895282,122.00953029133429
12.8212499,25.38070585776845,5.311860731052786,3.0148744591307524,-370.09381853886657,-200.28430591712086,153.73461646141178
12.8312499,19.095527263298152,3.845572580750866,0.9013208644431759,-409.8325119891229,-217.1827655666066,188.66000051773815
12.8412499,8.27150838284551,1.3543440182101512,-2.6747327425937937,-456.0910826595234,-248.8385913293066,228.38750550780512
12.8512499,-6.203645705929567,-1.248184185517695,-8.280936107562734,-495.87569251614264,-299.1334887718616,276.1983036743975
12.8612499,-18.333830995132217,-6.440543772217347,-12.261922015444197,-501.0573434398659,-347.2013716335007,314.09574922797356
12.8712499,-30.94382537468604,-10.038935982887581,-10.516384013881682,-500.4490591354713,-391.66357634760914,338.2207396975703
12.8812499,-48.08825079752861,-8.038399193118229,-8.916963967758532,-495.96464921829227,-412.85825668631435,343.3491932577609
12.8912499,-60.46071743038409,-8.68703944268047,-14.296095116327074,-449.80280115112214,-363.32824577483217,321.5304796095405
12.9012499,-53.43862182407188,-10.845496313040721,-17.33814596775148,-377.36592464062494,-251.57097237831198,271.6144362153166
12.9112499,-28.494453607693888,-8.236783046543357,-10.939600453130794,-317.5033123393808,-110.31796786147912,181.6833274743647
12.9212499,-12.342375056480032,-7.320676202245874,-1.9479387100114718,-244.06201574334577,16.858470243293052,58.730699907214095
12.9312499,-10.8403138027407,-10.644531733146394,2.164716374153008,-121.77941359572873,100.1207022279619,-61.49969940419331
12.9412499,-12.023539614036647,-13.298231415689658,0.004230459509432618,38.23801850900385,153.89734445556124,-156.2492267339546
12.9512499,-16.944124298556183,-14.684367257506073,-4.8130078862920636,207.77752650137154,177.13330348150362,-214.80942213554977
12.9612499,-22.35533142520214,-13.28121568451923,-8.534071064127511,346.5831466458425,179.24270566506988,-233.8644614873813
12.9712499,-23.988267393051657,-8.247593882657835,-10.514111320537538,428.96481524766347,170.64525170696822,-229.68410761971708
12.9812499,-22.567956019358615,-1.6806835953075925,-11.51704091069249,452.59865697316656,154.33529803194395,-221.71548081890123
12.9912499,-18.858183700788473,4.052008754172665,-12.198061015285973,427.13829366223746,137.11732112501966,-216.42964142373515
13.0012499,-14.38192381380669,6.4913015185482665,-12.236840999245851,374.8619749750847,123.03665010661923,-211.0112240464084
13.0112499,-10.405123566024523,6.744766966688321,-11.606743244567443,308.05550327970593,115.40267979850738,-200.34572569691895
13.0212499,-6.660742790786421,6.481278281201821,-10.920008651564245,235.06066524704522,111.58494499192959,-183.59464899089699
13.0312499,-2.9323661955769222,5.340088944935758,-10.415341957151194,169.25573326057864,106.74287733433334,-165.68328813441025
13.0412499,0.9685544882406351,3.8207731971829957,-10.07552478702387,116.48392467226783,103.8917815641182,-149.56812587458174
13.0512499,4.373601622948787,2.0074603360145082,-9.675726177217713,77.08074463348916,100.61561835036565,-132.73680402104682
13.0612499,7.2362872642709535,-0.13013252996980512,-8.93020998275656,49.844575234962754,97.5257437088538,-112.18883717137382
13.0712499,9.543290181111429,-1.9228511676502056,-8.2208274099243,38.60635074966301,97.84644088062326,-91.9615747340235
13.0812499,11.66451583100193,-3.4611509387275103,-7.688598057759153,38.612593837884475,102.41030119422194,-72.52115328497891
13.0912499,13.24227950967978,-5.309615482530075,-6.877762990202642,48.05137226964415,108.9989770120225,-51.453091710973695
13.1012499,13.869270710487328,-6.743760170139005,-5.866491960183531,63.64693705964748,114.72169164783406,-30.576072041544094
13.1112499,14.065068400226972,-7.100995886952782,-5.458131370142121,82.31075830473627,118.56634341357677,-15.486155433458938
13.1212499,13.926321968006619,-7.2854295352689515,-5.92818286861627,105.96475827998917,120.18869153059322,-8.681361953150757
13.1312499,13.112480009761086,-7.475724475601102,-6.86476784537677,132.0485134637092,119.02553063553462,-9.301323316128082
13.1412499,11.99461115061812,-7.219627889710589,-7.628198698747882,154.14206099849082,117.49372655199944,-14.670084440290935
13.1512499,11.008027950739834,-6.605417271624109,-7.812732607747908,166.58709826295538,118.10881264349608,-22.133608284564968
13.1612499,10.475895150738744,-5.7621511756142425,-7.577317567639753,169.4959059505095,121.59029324264564,-32.109226148832235
13.1712499,10.572102220808302,-5.098460065147008,-7.181455373348378,167.758029186496,128.29722683077946,-44.77332243060904
13.1812499,10.9000045517257,-4.767461000299075,-6.569051193459127,163.34654244085743,137.31633353464824,-58.358755396005776
13.1912499,11.097411924583374,-4.875406199617925,-5.555261433306528,158.78810756799726,146.63042636215496,-71.23908910667704
13.2012499,11.257146337104663,-5.185568584840705,-4.571105087294866,154.3423381374129,154.8633997406076,-80.05927492401784
13.2112499,11.27746379035035,-5.19217461033086,-4.113332258132768,150.16263859452673,161.49450876806992,-83.34451038689696
13.2212499,10.82591140872111,-4.612201289891371,-4.12010412684254,145.97558894272998,164.58227535087767,-84.16928631698774
13.2312499,10.040002304625034,-3.644078537487447,-4.295484069884739,139.9601038404802,163.646073282671,-85.10447823362003
13.2412499,9.245581002580321,-2.8575051144403836,-4.325322372748268,131.614782565055,161.34916976959425,-86.60538857437064
13.2512499,8.43583386494497,-2.233564889895749,-4.0003051221541925,120.99266745592654,159.45257082218117,-88.80382194106745
13.2612499,7.943071356052251,-1.7697660054535573,-3.37735768541657,110.4520128079088,158.80636521333633,-90.6619750724102
13.2712499,8.250984788284498,-2.188394742068755,-2.676969247276941,106.5948798918295,158.9773560319185,-89.79930419353643
13.2812499,8.582495757019775,-2.7896919306411827,-2.035130237797031,107.86490833163764,157.0053479673348,-85.83492438347342
13.2912499,8.488163227351288,-3.101266954586713,-1.3431437598462352,111.60333882041648,153.17815010142402,-79.40557616297036
13.3012499,8.281803901420403,-3.4664419861254183,-0.7601429750478642,118.56281285141498,147.26069932902112,-71.56788261170728
13.3112499,8.22907993490457,-3.7435603403896307,-0.518953129793683,126.68856583794543,137.71635921932426,-62.94323889719888
13.3212499,8.349108205874877,-4.072778466261324,-0.6009003511736571,135.09502299667759,125.18771834173661,-52.71382207747752
13.3312499,8.323028451249467,-3.9636372124284383,-0.9447981290405726,140.148807773157,110.43347206791155,-41.88766357083431
13.3412499,8.180115656159856,-3.551169327956586,-1.308664892745618,142.50905894657907,94.20231537658788,-32.561073054493136
13.3512499,8.249201197383004,-2.8714436307603344,-1.48584285898388,139.99355470657653,78.16338662313561,-27.04905877668696
13.3612499,8.193340730600966,-2.215915669384238,-1.4133355133847243,133.3069866313475,61.72099177412264,-25.483913346600506
13.3712499,8.469964599085506,-2.2877672139508545,-1.2151803924226448,127.07919486007175,48.17200095593168,-25.246830205557288
13.3812499,8.55011670288542,-2.235278861296225,-0.9727833296062584,116.721530292939,35.4905361006139,-24.8939012575431
13.3912499,8.598755200276996,-2.35825133775725,-0.8360613477317602,103.46646391066795,23.64936188865021,-23.276514588954022
13.4012499,8.804927514404149,-2.7557785975384896,-0.8614201749491254,88.7385808761536,13.883346462965326,-19.733618203751163
13.4112499,8.964573188379214,-2.8515559707642395,-0.9440240671772735,71.02572298802988,6.583552830844747,-14.345316100059074
13.4212499,9.187616038650225,-2.512267591025381,-1.0031583700343623,49.3150112525518,2.161041710416034,-9.285150259521597
13.4312499,9.270400024209849,-2.144169194837169,-0.9020325797496216,26.442025183116176,-0.7100627939536911,-7.084650181757684
13.4412499,9.299940577467813,-2.223656396914678,-0.632885483016861,6.659052313508656,-2.546948640700401,-6.874995940666531
13.4512499,9.281942576465081,-2.5886627565244034,-0.29872383522439644,-9.071566040313108,-3.472983160248462,-7.0796274724064405
13.4612499,9.1209312926293,-3.0603183443750015,0.023120726836056496,-20.51737860034944,-3.585629834047739,-7.199424950111145
13.4712499,8.881229710590327,-3.7482458314980494,0.24111179770572147,-26.715756448159176,-3.410004687812551,-6.419199498806091
13.4812499,8.717161476841387,-4.440224489942122,0.3646363299576012,-27.327635626949903,-3.715512932935508,-4.9789657522966015
13.4912499,8.75432165925059,-4.8778188036360595,0.40648137285953717,-22.0877526525961,-4.085997343252978,-3.704741245637996
13.5012499,8.702670403621303,-5.272859027842361,0.44952050587474973,-12.543558628841533,-4.970665042547599,-1.8644818463418518
13.5112499,8.551251564342296,-5.578412334779229,0.5679314687337558,-1.6141433356335977,-5.921337216667523,0.9061362942933021
13.5212499,8.461429357250129,-5.506799795717508,0.6468735829164124,7.75646020052786,-6.850684485956785,3.656949618334628
13.5312499,8.489473482806774,-5.160719454865601,0.5985332750825066,14.873004316221168,-7.784290700546695,5.774212140052057
13.5412499,8.487316014393397,-4.7182776089469485,0.3539269659608272,18.624265224193827,-8.32189216681387,7.246834776844331
13.5512499,8.312472134969713,-4.323888760564762,0.04258751305558262,17.944320191496352,-9.481856455723262,8.391858167278293
13.5612499,8.23961508818281,-4.091997479502485,-0.18203996556399354,13.811947936012562,-10.772967133031507,9.52801858870872
13.5712499,8.29104106959292,-3.939891180304523,-0.4246646473612546,7.369789598004488,-11.768383307157862,10.260094729662278
13.5812499,8.383663591074589,-3.908234624506156,-0.5340007456630278,0.11781645120285758,-12.193567115301795,10.41912611183704
13.5912499,8.59102923331252,-4.103896484298111,-0.44579094140278575,-6.561344712051565,-11.520109752137012,10.651904073460921
13.6012499,8.710941698045088,-4.318922312631226,-0.3659024289640398,-12.385205501094624,-10.196611441771635,10.991188779837062
13.6112499,8.696620531798239,-4.434188726529273,-0.344693304136683,-16.613278454089237,-8.602595937198853,11.345852157772033
13.6212499,8.669067869430037,-4.618845799019983,-0.2568852533515739,-18.59536596296723,-6.547055062614733,11.767077480898854
13.6312499,8.650238720715208,-4.914511188208703,-0.1166522772685728,-17.91235457916267,-4.383673924942969,11.998597461676157
13.6412499,8.634479934600616,-5.24278778908044,-0.0652976332634507,-14.074612295841332,-2.617400352388557,12.086431201991363
13.6512499,8.582030107780879,-5.521528561625606,-0.05925886349575088,-8.08058184936471,-1.5964054939266858,12.593244912391105
13.6612499,8.449448677196713,-5.620755566262312,-0.003967079608942254,-1.190957477531621,-1.504196507712301,13.221992980677092
13.6712499,8.313256346460191,-5.508862555257898,0.0033001132561514468,4.869390203431613,-2.0493960569566254,13.470233613874566
13.6812499,8.215620184470662,-5.173190298477268,-0.15267898031124988,8.299828555112358,-3.3274226434828034,13.269842693683394
13.6912499,8.145530227484944,-4.722625541710928,-0.4104103572125624,7.885612391935512,-5.059174107649955,12.62606728297803
13.7012499,8.091740223414465,-4.355705488472588,-0.5793018253676872,3.363140209421762,-6.494110309831291,11.956275287372765
13.7112499,8.03157302321064,-4.13436272717727,-0.6596216993578115,-3.9326698527267614,-7.740193337013746,11.374230709085742
13.7212499,7.954711817181154,-4.097321186731251,-0.7148566688101496,-11.891658179631765,-8.778023467371533,10.814021730785889
13.7312499,7.95000819313269,-4.15355106132635,-0.7483566157961778,-19.00271406840932,-9.406950137221356,10.73471327135116
13.7412499,7.994148405881276,-4.286801691040204,-0.7676295853709515,-24.820764907244595,-9.427925526610684,11.49312837835049
13.7512499,7.966155112742544,-4.450258948007467,-0.7720797829607327,-28.923518672733007,-9.396477730228563,12.921739960609926
13.7612499,7.876747655755612,-4.530491848648723,-0.787581143971755,-30.980720740010923,-9.966199276697417,14.385443570246142
13.7712499,7.797584530123374,-4.588027977301399,-0.8380434607395739,-30.71796401051053,-11.193617321675164,15.950901476986466
13.7812499,7.7435847916471054,-4.632438910364702,-0.9472142979012964,-28.732714000422312,-12.807058822298076,18.03453759394124
13.7912499,7.6852281009773336,-4.624205245499305,-1.1164612948216557,-25.857260383374324,-14.729900972636651,20.62242627517326
13.8012499,7.698626908205531,-4.5172567607952026,-1.256590398266875,-22.738335231416954,-16.464736761736653,23.831398817586592
13.8112499,7.804405669388425,-4.292789044861541,-1.3257882367781006,-20.512518114728298,-18.066500608552,27.692247986654284
13.8212499,7.978038401358961,-4.034455479631234,-1.3265980544212292,-19.622819354459608,-19.403851020496752,32.216164579932965
13.8312499,8.239190014871165,-3.8485137024656115,-1.2488165736921946,-19.748201534700044,-20.350373974140624,37.16863424368119
13.8412499,8.470527464400753,-3.733350251686423,-1.1543430020510526,-20.254423335170447,-21.74897606788256,42.50166237815756
13.8512499,8.525339039567317,-3.6007443127161927,-1.1148767793014835,-20.882836333625132,-23.860157420186994,47.937369650619985
13.8612499,8.470114878155318,-3.523888233602382,-1.1131252013531192,-21.03009298485823,-26.715823773545175,53.42572567697178
13.8712499,8.425787712318018,-3.5773816369697924,-1.1069695578434566,-20.826777315122612,-30.487715403873345,58.92453568042368
13.8812499,8.391198791113522,-3.60048358856238,-1.0761564414173181,-21.203063129581846,-35.02905036310966,64.60521789109136
13.8912499,8.42508707797253,-3.4868225094863674,-1.07793870218572,-23.36227830010791,-40.784725990407075,71.4146253466339
13.9012499,8.654120508477444,-3.3624401462643547,-1.1024237677198898,-26.901521853380522,-47.031611659795715,77.90475989180723
13.9112499,8.94132784624761,-3.258319866741332,-1.0686858958582264,-30.903249434458154,-52.96388353582986,82.68137021479569
13.9212499,9.260229449983465,-3.176127502305591,-1.020797901678473,-35.67416979145137,-59.30026671904226,86.81266776465408
13.9312499,9.717112696398718,-3.1301683588174884,-1.0662379441967254,-41.80149020869539,-65.9889841305566,90.97983584838293
13.9412499,10.316310968348901,-2.9663215084545924,-1.2732629334006746,-50.77051223000385,-73.51553795469212,95.50054310736787
13.9512499,11.154936776955301,-2.5150729245950125,-1.6648520829883249,-63.47242478917331,-82.22436069584793,99.35460173115668
13.9612499,12.489996335668183,-1.7146806091993603,-2.153605405874089,-80.31345591062968,-91.97130384033265,101.56112895903206
13.9712499,14.52435432539117,-0.7166655594245624,-2.4516826211364555,-101.88335844017732,-103.76338661257391,101.66391939568203
13.9812499,17.16597128009803,0.38209131484528064,-2.5288053710938994,-128.72929747221676,-118.13567418549344,100.33926558163006
13.9912499,20.21324838570983,1.6374219276423223,-2.6701640821571626,-159.9046823376035,-135.24762716338097,96.73232145975695
14.0012499,23.748128515152473,2.5030905165620183,-2.7356563920492993,-193.96090987438888,-153.5198396885486,90.90365115451829
14.0112499,27.431090273560972,2.583232991069758,-2.349696291491387,-229.66885409829942,-169.11598263134366,85.74280815651377
14.0212499,30.204708106427713,2.2882738349578764,-1.4533481805885504,-266.1764296446724,-179.2020016969381,82.90629775443144
14.0312499,31.81439627822996,2.1581073566907234,-0.33997089745462855,-307.25464129738424,-184.44607098059961,84.03417090445198
14.0412499,32.563647993331195,2.3087309379981615,0.6595885855882455,-358.5051800829456,-185.10162979677753,89.72462447872778
14.0512499,31.494126057819706,3.5452303489279955,0.5965159319672548,-429.08703686594987,-180.20882292929858,96.45903490019694
14.0612499,28.083769799348644,5.8149895794229725,-1.4029105479856456,-491.79003238933296,-176.53611996597894,101.7200959079984
14.0712499,22.70411654528154,6.659718304318854,-4.35998767482082,-502.6300778034804,-180.70153209618312,106.88058709643126
14.0812499,15.06466336335606,4.800106521168439,-7.512887110392812,-498.65608532577824,-200.8711548163685,117.52982983547157
14.0912499,5.075223023011195,1.0317992674178416,-11.643699932217206,-500.8626573964131,-245.49647918946468,139.29885852903254
14.1012499,-9.522580800984269,-4.994041548040421,-15.985075864307175,-499.2966102130724,-324.9075032905901,171.07766430357978
14.1112499,-25.714641156465465,-10.708404663878346,-16.83394388682454,-499.0392076610048,-417.8935454416811,199.6103192292648
14.1212499,-40.970643929382135,-14.600212407980893,-14.855604363740598,-506.91259559441886,-481.58030413195934,221.10938556038857
14.1312499,-56.972273281005236,-17.043227933469492,-16.836098314576027,-433.2430311599444,-481.41858263403947,240.25592450228854
14.1412499,-61.08830026267598,-17.38175257785214,-20.132771805820987,-262.7655923680633,-408.91222175140706,259.7686825674795
14.1512499,-39.24995240277726,-16.230033156479617,-15.1212289892367,-97.61747353478954,-266.8503254115551,261.0086653005247
14.1612499,-14.49756162780111,-8.713043951954344,-5.841061677963554,16.638745407726546,-90.68384864322212,207.3810336044368
14.1712499,-8.889996879628045,-1.5881232942479522,0.8862831376805405,79.55888438482654,51.12116699217206,98.38268888875812
14.1812499,-9.744360613719957,-1.4825123344383502,2.2120559745793957,141.03104173897418,142.48788269519838,-41.76945840128956
14.1912499,-11.690495091134139,-3.7666857597067143,-3.466310972464303,209.39673349897913,193.66874032290036,-162.9605766092095
14.2012499,-18.168938067703735,-6.970450625414917,-10.198151760551657,278.9733085028224,211.57326354023758,-227.66090034807428
14.2112499,-24.328844280731914,-6.921506369950044,-12.646710655996728,329.23555523001954,206.51707273447744,-240.8258104001012
14.2212499,-25.484604109557072,-2.292376780473703,-12.0445427935522,341.8788757022754,190.95762506467497,-230.34243844082968
14.2312499,-21.560711188573134,3.626690565738415,-10.985259494343575,315.9058466060664,174.17653463023132,-218.9243662216863
14.2412499,-15.782326235784424,6.911279029252562,-10.002342410208788,265.97719569544074,160.8800627532734,-210.24221179232853
14.2512499,-11.878219233576287,6.7226287057591865,-8.966375943747865,214.24950451666103,155.8302466120693,-199.68166701224493
14.2612499,-8.580476516981792,5.3627809097505885,-8.236662162201439,163.05025335810797,157.81990329042407,-183.52825209857275
14.2712499,-5.3184822454441605,3.495736368003064,-8.158665536979106,124.33543856309586,154.21255154313363,-164.94056784458607
14.2812499,-1.8668679391157241,1.3624316027671766,-8.463808189818135,104.9751377402616,149.0187935140816,-146.5828647993128
14.2912499,1.6280578538869297,-0.5610612412018243,-8.62170313885286,101.33766147450525,144.40662264483925,-128.1429582793347
14.3012499,4.479089142573079,-2.382140713809345,-8.335631722771701,111.0285102606072,135.6252914382914,-107.40525487739986
14.3112499,6.865963789803057,-3.7389504357659966,-7.732092375615312,128.75004123314235,122.80297638791046,-81.86198484873856
14.3212499,8.569289824262258,-4.60584275223466,-7.484227269631187,147.22705383627547,114.17505461574716,-60.32043022689462
14.3312499,9.600053490281118,-5.480926299977434,-7.50377893550461,166.52791085548043,113.14770352234993,-42.73621995440242
14.3412499,10.131188538923666,-5.776163895237474,-7.079353833341339,181.9220002314752,116.49706127848343,-24.32596750721365
14.3512499,11.45136766376487,-5.191826535350419,-6.470566304594472,189.598499226749,121.2368148622191,-10.049349649299481
14.3612499,13.674797028026015,-5.052466859283962,-5.984403626785984,197.6819438751485,127.05523651022045,-4.611809902268174
14.3712499,14.532044531364768,-5.309305413062105,-5.862909516887657,205.64901708381237,132.10787730028173,-5.097864445816561
14.3812499,13.838962307882284,-5.336278391556232,-6.28914030819848,210.1107906370539,134.7803107276271,-7.763297466087932
14.3912499,12.61509854802606,-4.733230048574207,-6.593997871409521,209.1772000017541,136.74370784307033,-13.029306566548158
14.4012499,11.10990888034667,-3.8475045046636587,-6.693293696514709,203.66145893617562,139.6853319402194,-20.97143607032514
14.4112499,9.854394155646863,-3.4898035670041105,-6.6286518945367785,196.6857832797776,143.64785012614178,-30.000183241468612
14.4212499,9.544347316260765,-3.4454350755493275,-6.170000621871776,189.54213128789684,148.29587141563928,-38.27506247068378
14.4312499,10.207719989062436,-3.738576149654598,-5.292512332201373,184.5032676423736,153.32651830455978,-44.48710585057597
14.4412499,11.12562171741723,-3.8985183473128964,-4.302494444766943,180.37743233178475,156.29534848123552,-50.07634080242632
14.4512499,12.016651014491186,-3.6334845430433136,-3.761043249051273,177.81850984801838,156.38622820684594,-57.765617745984876
14.4612499,12.553542083937725,-3.848909203311649,-3.426647942131762,179.07793159004163,153.7561270483738,-67.31638930996989
14.4712499,12.399519009771765,-4.395305584268661,-3.1166556581346083,180.4221452136168,149.60547855990887,-73.74322802132028
14.4812499,11.411753976504448,-4.0823442254801146,-3.404897590759025,176.62479660788097,144.56350472103475,-75.81366792960848
14.4912499,10.253739124129343,-3.338754585118445,-3.9179229593052427,169.27487981757017,139.01394023750137,-77.43275657378295
14.5012499,9.430605664329482,-2.6953750128858656,-3.8953383664919294,159.74465212409768,134.3390221327945,-80.1606716428397
14.5112499,8.81662623273643,-1.7429285738580775,-3.322734245375673,144.19548340616282,131.02436489127052,-84.58533846483604
14.5212499,8.965849258080961,-1.6514758299825854,-2.4860495830394136,128.4800565063444,129.99658458961662,-89.02001672653478
14.5312499,9.401938899325929,-2.9375836544618315,-1.8731418516435672,122.24188989228877,128.6551643911047,-90.13494417635813
14.5412499,9.02463130251886,-3.4179154261905174,-1.4882536277888545,116.52815008092955,121.2132815906084,-88.59615406975507
14.5512499,8.691141498929197,-3.8737833213894817,-1.1459987436771277,115.7523853293679,110.0584507492005,-85.7534612690079
14.5612499,8.772694842497126,-4.816257263369275,-0.9950451960510298,121.9882377540629,96.79773663349953,-81.86675756276495
14.5712499,8.966147482367768,-5.001391669701992,-1.2170185751901568,128.7964711904673,82.56537105957865,-77.31353185703288
14.5812499,9.229227719443475,-4.770454935957333,-1.5014838396957377,135.0087660834095,68.64862424890539,-73.13497265296066
14.5912499,8.933031388387926,-4.080659805251466,-1.4842013121483513,138.0490444967677,53.32600237945827,-70.05851377884024
14.6012499,9.01402514148042,-3.1745508983391706,-1.3273102097576874,136.57541666440105,41.84103456244308,-68.68386824585716
14.6112499,9.364834767503803,-2.0716741161820926,-1.1675822431661707,125.09872058114271,32.93260027789237,-69.16045652540878
14.6212499,9.449979606038617,-1.5013308124244726,-0.9506117257449787,108.92402513408494,26.087155999254737,-69.2979354599619
14.6312499,9.722639523692997,-1.5039468808045704,-1.003103591973154,89.76577149679046,23.01472834250883,-67.01523825204528
14.6412499,9.729314451329309,-1.4744319046655845,-1.1315670759087022,67.58458286582099,19.870145443031504,-61.818504228964954
14.6512499,9.582913645694125,-1.8378389520769858,-1.026395695068125,45.330887269262,16.903556852900504,-53.23028807741223
14.6612499,9.378623454560046,-2.1005323662306763,-0.9703890249509011,23.030925890169836,15.200665292964901,-42.6921204173874
14.6712499,9.122224046025407,-2.009225440069271,-1.0126536229079153,3.3235600286949496,13.36451266483283,-32.96748819642223
14.6812499,8.879469269608322,-2.011050736770201,-0.9280693144946617,-12.15040920422506,10.554077331243247,-25.75740999439803
14.6912499,8.617994405754546,-2.1982078381553296,-0.7464253569289636,-22.83520649694843,6.822195864050831,-21.52465874804293
14.7012499,8.349701994309898,-2.5345009609577325,-0.6026334397024742,-28.045674291622852,2.2326306196472996,-19.174181056024068
14.7112499,8.297889402708533,-3.0911898341714092,-0.5712000563196642,-28.49080710836765,-2.0879243550628988,-17.298790426914163
14.7212499,8.436305918610913,-3.6388286882174863,-0.4951794062998737,-25.000021546843268,-6.308125420975389,-14.515837624120827
14.7312499,8.648465414478663,-3.9390364770523596,-0.27990306029380596,-18.638402319874295,-10.05388632135792,-10.54656155730031
14.7412499,8.793741215131314,-4.107478981131092,-0.06069767074179796,-11.714404177689596,-12.470898411340372,-6.312389027856139
14.7512499,8.83905602205012,-4.100332316275008,0.09309941731755772,-6.197359650293222,-13.47059646105664,-1.9983600891842777
14.7612499,8.88889151234667,-3.8448082103796493,0.08076458703368242,-3.0515570258031754,-13.18939916465694,1.8762122545566684
14.7712499,8.934553597446772,-3.486038373381196,-0.04949995400561827,-2.0139376266103195,-12.118028278643012,4.215075994417663
14.7812499,8.885789431603719,-3.269161599657371,-0.18354741599325955,-2.513142340275338,-10.610390474860964,5.106635230253711
14.7912499,8.720885290256087,-3.351902800849646,-0.2534050982676775,-4.068417608373547,-9.187573139993601,6.135047928019272
14.8012499,8.5637756125506,-3.5023027833405456,-0.32554331835942035,-5.708236670442053,-8.07081852950471,7.519871645783995
14.8112499,8.429339349220683,-3.65538228888881,-0.33816833531173207,-6.637574847290003,-7.6548535939670765,8.539987461114675
14.8212499,8.28973302154146,-3.932913569050676,-0.24953444725802537,-6.6308726760279715,-7.707722532880581,9.38747755490047
14.8312499,8.18319175340565,-4.163896107050031,-0.2307567846005422,-5.880248393060057,-8.027023034018233,10.101287159291013
14.8412499,8.070823992927032,-4.2125255674255015,-0.316044138016605,-5.174847242482431,-8.737306984677971,10.316433460108632
14.8512499,8.0009849204881,-4.243423065863405,-0.402349088160622,-4.947193865111488,-9.348652225852478,10.114732563871693
14.8612499,8.101268342342813,-4.269550740724949,-0.4189007045384523,-5.158577226764448,-9.637443099857416,9.58905651428424
14.8712499,8.290422035072577,-4.223354876424818,-0.3409906870009543,-5.826828393322526,-9.251851360692921,8.628795328684195
14.8812499,8.48918600069466,-4.254364058485383,-0.2903854807902227,-6.070816988652382,-7.844719322649511,7.810121604578048
14.8912499,8.716852846015229,-4.398270947736442,-0.2994531825480783,-5.4045846995271924,-6.185560791828031,7.668924256182587
14.9012499,8.863818036466808,-4.48307299146296,-0.3214576872215457,-4.252246277073638,-4.853714948814031,8.471924182386633
14.9112499,8.901086842200725,-4.5452975246121925,-0.34488288694453006,-2.2033728688105367,-3.7728193883644967,9.893340882423987
14.9212499,9.023745751007537,-4.506660769144139,-0.3363853230770646,0.024541213354045334,-2.700661045396533,11.219904043415385
14.9312499,9.06012956967993,-4.286089670088749,-0.4254319665544698,1.7730692863243205,-1.9402441769205376,11.915230890151808
14.9412499,8.91632865504022,-4.142056970850145,-0.5764391837119072,2.7005922755469345,-1.9798161759619624,11.926596970305795
14.9512499,8.847382920898916,-4.15575626536727,-0.6582922276044979,2.7945979481111065,-2.251852229788911,11.964160619802138
14.9612499,8.792057182603424,-4.138566354300484,-0.6912202063386438,1.9487016231728664,-2.7959589726109835,12.069534597634284
14.9712499,8.779507229368225,-4.170811582921369,-0.6568911165169372,0.727708456035061,-3.3564985073541216,11.9499502087682
14.9812499,8.853634595968908,-4.295977041694968,-0.5805240272368809,-0.06005431700874431,-3.772502296744756,11.822475081734241
14.9912499,8.868137268326421,-4.379020174267186,-0.5796876110334229,-1.1339422850862029,-4.338316573833656,11.660955589947116
15.0012499,8.843430895286948,-4.426810433619637,-0.6322495179695041,-2.524186293165868,-4.874498880630691,11.201637675962113
15.0112499,8.796096048776464,-4.447005174884356,-0.6315352135478844,-3.5552703795634617,-5.61798221299179,10.47009674223823
15.0212499,8.69909282594148,-4.446140800881285,-0.587558911655542,-4.263148621949611,-6.507613197070519,9.405575180978984
15.0312499,8.587498703287116,-4.478671583729929,-0.592286830991179,-4.208854389991541,-7.34421225923858,8.404149567076033
15.0412499,8.487399921135749,-4.468274533404681,-0.6710770861814636,-3.561128078175127,-8.299120841401072,7.975216962561724
15.0512499,8.40349717095214,-4.386543850004411,-0.729517824526081,-3.338631971833532,-9.183506167095807,8.136505618401587
15.0612499,8.330035138771809,-4.331785939162941,-0.7354176329876934,-3.586541618968712,-9.98549550162592,9.083320995314663
15.0712499,8.249207174196929,-4.2339334918671225,-0.7418896330282023,-4.153553285951075,-10.71753571846322,10.28160617178127
15.0812499,8.183515647998059,-4.04391847890299,-0.7749922430060106,-4.962275722502122,-11.629824987350029,11.62253431078682
15.0912499,8.197125458981532,-3.8922895371655724,-0.8889004583766122,-5.595926608486992,-12.645874814193618,13.515576917238937
15.1012499,8.214440928308004,-3.7623379452967103,-1.0098428519115454,-6.685347487726746,-13.562601622043843,15.973867374264286
15.1112499,8.184067942293552,-3.554741392067639,-1.0959103750280461,-8.667586892835613,-14.460113483642255,18.922017520304006
15.1212499,8.185385695518976,-3.309813828213251,-1.229272575526228,-11.369224993660673,-15.106749255915808,22.097502557271905
15.1312499,8.17262509053013,-3.121769424580758,-1.353550492054665,-15.035039764660098,-15.648217104902585,25.506097800273054
15.1412499,8.055021905947013,-2.9428649837131498,-1.425227975093398,-20.30238171073827,-16.556793442433417,29.179116243312297
15.1512499,7.940594670327734,-2.75979179497362,-1.4760282909867906,-25.665079996254587,-18.025242975515223,32.47714182760231
15.1612499,7.924017877165934,-2.723023797017174,-1.5272921660705854,-29.891038082826775,-20.32806595530017,35.914550699913
15.1712499,7.879376477946646,-2.8505285639437137,-1.5467498332248912,-32.972896461237596,-24.00216619380703,40.24067997319842
15.1812499,7.736808718740369,-2.9362278486671762,-1.542273831697084,-34.46439941434163,-29.069369515047974,45.11297790826197
15.1912499,7.641627711765422,-2.8796485758465784,-1.5858705047398478,-34.88629600174488,-35.136444670620506,50.34208597417201
15.2012499,7.728365912311208,-2.83715594913466,-1.6320592921972323,-34.46476614267315,-41.79859265674757,55.84588554279431
15.2112499,7.971136423393004,-2.788936268076351,-1.6080743623293032,-33.948467515813135,-48.553231868522445,61.67035094135138
15.2212499,8.280896705354388,-2.6669369422841753,-1.499194833550651,-34.38947305658748,-54.908633565496835,67.77234469770825
15.2312499,8.68760238717623,-2.554962241888224,-1.341572851728884,-36.05776131782561,-60.48553217306686,74.16338135196482
15.2412499,9.146322998461166,-2.434549118230392,-1.2274912446943247,-39.5159931049544,-65.56235215329626,81.3332615638801
15.2512499,9.621641585985202,-2.2392050865613595,-1.2357997746887324,-44.795100740247,-71.20518338970653,88.16585622290299
15.2612499,10.501656024037175,-2.0885727512799637,-1.2788539023679446,-50.984232722248926,-77.62443856301873,93.85769514947195
15.2712499,11.988455496435753,-2.0244551418925902,-1.336169750591623,-58.5040725119025,-85.20264390886457,99.06578363844883
15.2812499,13.646378520889964,-1.703214152249374,-1.3964550038508576,-68.97380434578594,-95.26864282245819,103.25874629874413
15.2912499,15.410849519379852,-0.9084286605045182,-1.3600937792899692,-82.5371150104219,-108.81528231442395,104.24585835477744
15.3012499,17.804780521481234,-0.022323302336035966,-1.2488807444126264,-98.18231021033841,-125.63361878870245,101.03428252981136
15.3112499,20.87687413408252,0.5800325523379211,-0.8693457354117506,-115.7139714847633,-143.98541400963086,94.92288628451234
15.3212499,24.476543526263093,1.4203765398043324,-0.3016415597623669,-138.75749872196513,-162.2361180657029,87.71286035307844
15.3312499,28.729302084982635,2.7354412234317853,0.14982434054539248,-170.11176062393832,-179.14985840060683,80.88485749005349
15.3412499,33.09340520807613,3.8629614059637922,0.892531377649045,-215.56592082091564,-191.7770259437518,76.66603458724728
15.3512499,35.833788326323265,4.993699937231525,1.9686529271592452,-285.923272715422,-196.90991848715757,78.6195881123805
15.3612499,35.14922240135673,7.4603470136666346,2.0939236106460277,-378.89988181415146,-195.66302494418863,83.44118400697587
15.3712499,32.227235856336975,10.050277331288541,0.8440960958033935,-472.22935705108785,-195.21737560418092,86.11437740252352
15.3812499,28.55850230223771,9.711061541555315,-0.804125454343515,-504.0718639885464,-201.2291051436414,88.58579495424291
15.3912499,22.872421742675108,6.825996290269655,-2.1330617773365694,-498.94428063370043,-217.4692607206931,98.85968168858047
15.4012499,12.381810861146278,3.528037427776108,-4.064767751310589,-500.3769868995331,-252.81861047533164,120.20272751958343
15.4112499,-3.160775689155756,0.4797232905267276,-9.041491011973497,-498.95128664752764,-312.31986490827546,155.73143310554968
15.4212499,-20.29977819493814,-5.206555928371574,-15.900922340730592,-501.651449564721,-389.8610586376044,209.73925325097787
15.4312499,-36.48893848157113,-13.818026633325804,-18.415704735386274,-497.47321103467186,-468.2510925881546,273.3092801086487
15.4412499,-50.08126746400599,-19.596473118587006,-17.25772891401504,-411.48917519081095,-504.95041249758015,324.37288410375345
15.4512499,-59.54812461708042,-20.457035667431434,-17.201149183093793,-260.0179445622833,-492.9151835298261,337.09150204761323
15.4612499,-56.082230633065066,-15.553142731162087,-14.728447727697244,-117.70433914545694,-399.6110904508378,304.52399290032974
15.4712499,-32.60613254970095,-7.315197728757013,-7.144628319278585,-31.349720424671286,-229.9261855381305,230.8365021826981
15.4812499,-13.662192164622414,-2.5408281281569614,-0.3197935790899439,3.0685018483272417,-64.07668222877255,119.80453298269452
15.4912499,-10.904960828381082,-1.11242406726962,1.562532913270687,26.210377902201074,56.3128742504234,-11.608559103967586
15.5012499,-10.14179159718973,-0.32257685957116716,-1.2571265555886035,50.69405150919837,145.1628065349709,-133.82202944786127
15.5112499,-12.352641164222698,-3.3296894158350825,-6.298091054517089,99.61286625717668,195.0904441777887,-216.69614083365346
15.5212499,-16.982814447249385,-7.925362592768578,-10.419901414093378,175.70588346121983,211.39837115078709,-250.23514124816293
15.5312499,-20.237311972119638,-8.107500828886526,-12.847954701107165,242.04368196310034,208.0804353866844,-246.42325396741248
15.5412499,-21.125478744309248,-4.892473891879576,-13.744070286986874,279.52532285306313,194.89819411969168,-226.8280898492265
15.5512499,-18.62160969101263,-0.37076452660512077,-13.178925385970432,289.3109564671717,177.02041281023293,-207.45583857375775
15.5612499,-13.99421576248941,2.507547820233321,-11.639362793986098,278.73336453048273,157.8919432321007,-192.00570716494087
15.5712499,-10.766428521782666,1.6773981443897057,-10.20155592581421,262.6938503621516,139.37088685375764,-174.66995966539065
15.5812499,-7.686500636469796,1.0349193253376399,-9.381237578213206,240.77020332641612,124.55167570226922,-154.12111723908043
15.5912499,-3.998024684576128,1.5357058748103296,-8.9395461594792,216.03266262412342,112.8693945328085,-138.94892252810067
15.6012499,-0.7580867597587174,1.419900311327288,-8.644565566685266,196.49596959123593,102.57653080614722,-131.22184008320002
15.6112499,1.9064295028716003,0.2114111398260777,-8.699962965784508,183.53966277849906,93.6980842170095,-122.57854488027718
15.6212499,4.331696696502606,-1.0312888655228134,-9.049503882790095,171.80138249031504,86.59995438940585,-107.2625286291549
15.6312499,6.747902434389134,-1.846594667010035,-9.017013148459183,161.36172499856843,84.16696515679469,-87.98797486372787
15.6412499,9.022991426437995,-2.582352481043733,-8.407790928992657,153.10431766798155,87.69954375758638,-67.81317877059622
15.6512499,10.810044833440509,-3.108885582810421,-7.446973454179428,142.21544772377354,93.96616709823063,-48.41088855014485
15.6612499,12.08586467784905,-3.17164406218739,-6.783333686910456,127.40129939538959,99.28052315425823,-34.16220102252824
15.6712499,12.91831165010339,-3.1940828419747582,-6.935579028601963,114.48863820287615,102.58457041751615,-28.48590487112107
15.6812499,12.857790147699538,-3.807555525133271,-7.27774503117718,109.44413164031971,105.29959188986194,-29.75949455660077
15.6912499,11.711411474521375,-4.718625578274263,-7.2591209759095525,109.47701619187171,108.404895290988,-31.840827511552764
15.7012499,10.11461069070013,-5.039269779090933,-7.253235469447829,107.61648730147417,111.44231748346346,-31.42128494560152
15.7112499,9.003271527056116,-4.8563680721646225,-7.488205829643725,104.92789404760161,114.71245810858818,-30.742904105548234
15.7212499,8.726161118273875,-4.806174760811568,-7.650983570899634,105.95687226223995,119.801487025205,-30.75611247431165
15.7312499,9.118394866793754,-5.054662855258516,-7.296133442941282,110.0086092538302,126.74605946341285,-30.058569120350803
15.7412499,9.929757561015201,-5.339807153050095,-6.33230335548739,114.54973800965908,133.39927313507823,-28.51915966078274
15.7512499,10.82739386413409,-5.453816609999256,-5.513348426758945,119.5507291220515,138.91264400151977,-27.727865503012236
15.7612499,11.409447834162021,-5.0848976197551625,-5.25978459733934,123.98950159519877,142.4313457010627,-30.447059918172677
15.7712499,11.422925091620092,-4.461552950748512,-5.3221209714534625,126.20031450414561,144.29208783558164,-36.69969379224416
15.7812499,10.831547054445986,-4.0489090658414115,-5.302041482026769,125.1737328176405,145.89236552309978,-44.066082735895705
15.7912499,9.909034824861084,-3.985671352131254,-4.9129865603903475,122.29649212893722,148.73256591503372,-51.72547259802841
15.8012499,9.051056224210264,-4.152699147402317,-4.309356242651028,119.40283296146056,152.6122672481591,-59.055406997296544
15.8112499,8.572630611833588,-4.006057854082265,-3.740598285274144,114.95470985710588,155.89844469905609,-64.99659383931285
15.8212499,8.68105000738112,-3.9672841771584837,-3.194379032963465,112.40919964885158,157.3627585001449,-69.01260864105483
15.8312499,9.08668144617618,-4.521191659422241,-2.821007049874638,116.28706158070851,155.76340451133777,-71.71874272374494
15.8412499,9.258463698750765,-4.7666852907718615,-2.42709935533996,121.4568031531229,151.58249173366232,-73.09904483100138
15.8512499,9.115597629920615,-4.885145754150679,-1.972202896595982,128.96335573274493,145.86114066800923,-72.4522409377022
15.8612499,8.694456217778322,-5.129456181208058,-1.7950622969433918,138.85954159410585,138.22066362203057,-70.05126747905939
15.8712499,8.190864241269477,-4.993263181939342,-1.7431104796153403,147.125900985332,128.69201972221157,-66.68754907783966
15.8812499,7.876115484604904,-4.700734492735493,-1.5947105026384758,153.89609599083414,118.32029661273174,-63.17382234672648
15.8912499,7.806328531440733,-4.351837179296966,-1.2634950555129358,157.7680634540106,108.03995717742421,-59.631716460146045
15.9012499,7.884149512965375,-3.8199328359769336,-0.900823211880133,156.92213783907363,97.9761878833784,-56.33101179134463
15.9112499,8.214950598498719,-3.4325977368992397,-0.8108331196719146,154.06199830525605,88.00301481229731,-53.870355843359356
15.9212499,8.457769316063994,-2.985050448106824,-0.8068814991588062,147.34137887243054,77.546865451112,-52.07191441114836
15.9312499,8.395848560477974,-2.487722312540168,-0.7756162561871262,136.796098534391,66.55555226296131,-50.47934053656711
15.9412499,8.314373900752493,-2.2292461139623736,-0.8999478241282924,123.74009417639294,56.18769717953733,-48.123465331423894
15.9512499,8.084206735532474,-1.962952526874438,-1.0825394447867467,107.83423874902724,45.90324091897912,-44.38865009996302
15.9612499,8.018772132096252,-1.7356034743618456,-1.3226649898481337,89.93623561487397,35.98622392907283,-39.99364093029482
15.9712499,8.31794318227289,-1.7383857505426958,-1.3229687185549301,68.86955078623532,26.57753388548459,-34.445113722507514
15.9812499,8.529634099559674,-1.840750026601104,-1.0657956256609524,46.78023507136574,17.209929997844863,-28.316810731594586
15.9912499,8.734280756793286,-1.8431344481726777,-0.8174962314270651,27.506974531442605,10.369271443478233,-23.479635605592748
16.0012499,9.156405501096677,-2.1426088590068715,-0.6479540683126348,10.436077191615876,6.388675947672884,-19.024593309122647
16.011249900000003,9.379044155930318,-2.638665264625468,-0.4928828657274818,-4.436402325709769,3.129942869556503,-14.000696342822685
16.0212499,9.412535271980131,-3.0728836529669383,-0.25813328593013884,-16.22325882696589,0.8809220888719078,-9.084364810691042
16.031249900000002,9.341705782193596,-3.6081851516406807,-0.05747467901698353,-23.0992511231835,-0.23854139026552695,-5.35413202058476
16.0412499,9.130138043371392,-4.128175688403393,-0.002043220423641283,-25.193794476652045,-1.647919175862315,-2.792950743142498
16.051249900000002,8.978974694077785,-4.547331615521776,0.024501388004851726,-22.83059819715225,-3.431541295323687,-1.4256222115847021
16.0612499,8.859873720542888,-4.992841435192098,0.13692468064334246,-16.714709262840927,-5.448983059683216,-1.0369042551398708
16.0712499,8.735203110974993,-5.406990034609969,0.1782360478291953,-8.741453840920872,-7.044342587762552,-0.8118312414639456
16.081249900000003,8.661844758399996,-5.623509055183001,0.12312243359407764,-0.5069796681098031,-7.952753673789653,-0.6774384623691255
16.0912499,8.682619508540402,-5.590355949525312,0.08430648652779106,5.943358050331233,-7.841063063417007,-0.8294704724873487
16.101249900000003,8.683862937430742,-5.295996005042312,0.01139435172083265,9.418551557045426,-7.148351566187532,-1.4056768348869062
16.1112499,8.65601025402661,-4.974189602826449,-0.0433400530032118,10.00893182738181,-6.245511973661642,-2.1112678705436654
16.121249900000002,8.676865776513447,-4.773342674888644,-0.004265133281935832,8.231676316064878,-4.893984507844533,-2.6816816654349807
16.1312499,8.633373489475563,-4.497299719972875,-0.07745880301130231,5.1764380839869455,-3.441212031375296,-3.8518973383817046
16.141249900000002,8.546312366991268,-4.366798224881783,-0.32765722670751646,2.8476160522345553,-2.194743104276344,-5.17637112986102
16.1512499,8.515229314523154,-4.444469766706362,-0.5518936752944646,1.2908333109249819,-1.0822548129386493,-5.442201684628554
16.1612499,8.456244505831283,-4.570097907540675,-0.5472668495064387,0.743097282841788,-0.36215774305063714,-4.487515681962546
16.171249900000003,8.403293670274204,-4.716556637645474,-0.37522011712456343,1.1867522121273926,0.15843660274081375,-2.9099766491457797
16.1812499,8.447301344617575,-4.715521824151141,-0.30711207383162403,2.408353788352368,0.5223854502962306,-1.2928495869763037
16.191249900000003,8.405869930666997,-4.747226025815443,-0.31728957800320473,4.871177452385382,0.1874969497310962,0.2028733669747007
16.2012499,8.262669623795752,-4.897141222842305,-0.3012836539644317,7.245583990144318,-0.49629974335177596,2.0361530988237395
16.211249900000002,8.182202552824537,-4.873235946294189,-0.3356231383608878,7.458164998736124,-0.9993815417803011,3.9730651366734606
16.2212499,8.172675813267203,-4.633614204085742,-0.4179987815403591,5.937844227108935,-1.5949232100853419,5.477186958323112
16.2312499,8.087455272460573,-4.329920188482003,-0.46446939885012856,2.789524765789263,-2.3700444042419004,6.666441932271063
16.241249900000003,8.019733272737257,-4.274278733195792,-0.4224801010178007,-1.6746093906638375,-3.1553838578566014,7.69213311186495
16.2512499,8.177531344914614,-4.533263208916477,-0.278341908325329,-6.556785339404988,-3.7924126989143256,8.511466838662816
16.261249900000003,8.453241462699527,-4.7670711669705605,-0.1648812177736893,-10.750110151083504,-3.7280865575436906,8.859580924666272
16.2712499,8.504595039194792,-4.880263824427655,-0.25379186430562967,-13.334707704515631,-3.6022931018274513,8.148764123152656
16.281249900000002,8.395190719372172,-4.969651737682216,-0.3889817070501172,-14.15273562164261,-3.961562678536685,7.107379831484315
16.2912499,8.33292257272042,-4.95391983846751,-0.40750052758027583,-13.613818484061085,-4.489129245003134,6.455791050312005
16.301249900000002,8.350310266211231,-4.97596744908319,-0.3369774819168497,-12.777967166894912,-4.7436020458660755,6.128351519383853
16.3112499,8.386402142511312,-5.097169777509847,-0.25668742289456264,-11.400411910083966,-4.518100225887573,6.296013154540142
16.3212499,8.367348649091563,-5.1404836594591705,-0.2643500927966419,-8.684002600505856,-4.523349678981946,6.544985160235204
16.331249900000003,8.343493160864591,-5.1536998812737895,-0.35007753141680853,-4.473436208089214,-4.805431501886173,6.664157996301341
16.3412499,8.349132584961268,-5.195942721754046,-0.3628430269958313,0.6290419949530236,-5.030279428867197,6.969886735275842
16.351249900000003,8.359005641800218,-5.132087319221254,-0.2739997151657817,5.098480260226672,-5.221827481228169,7.447335236233422
16.3612499,8.387823626647611,-4.893278808790965,-0.2810102091681184,8.26170045936008,-5.10571531877904,7.911586188244798
16.371249900000002,8.422366236998522,-4.640670593078473,-0.3376687470925149,9.91214778179447,-5.253519755993805,8.390454244843946
16.3812499,8.376906841608534,-4.410686318487788,-0.3528063024259464,9.47633392641396,-5.869047247974243,9.68275977795809
16.391249900000002,8.208251798733832,-4.1128098676422375,-0.4048004154365156,7.063655519319357,-6.914179088283867,11.43980705266992
16.4012499,8.083528323752203,-3.8655659047615276,-0.45162959283741394,3.9712814154961875,-8.35749910480443,13.219703348764117
16.4112499,7.986112067356025,-3.736582338433615,-0.4484954211463323,0.7248182255460874,-10.227978637741359,15.607984770730802
16.421249900000003,7.815660800433131,-3.6503999504408555,-0.4723820801826862,-3.0441849299660517,-12.532471536977914,18.837514329029656
16.4312499,7.682401483243748,-3.568845068316385,-0.5245997851387275,-7.4235448202301075,-14.93010843169997,22.966230701714444
16.441249900000003,7.542546429302027,-3.498317544874064,-0.5653473805002257,-11.939027547221066,-17.38604936375546,27.726734054202165
16.4512499,7.3379676090914145,-3.42998633904665,-0.6337410602412871,-16.15676575013109,-20.09339852494267,32.70772474309623
16.461249900000002,7.238674366496818,-3.348323539078683,-0.7343540003249621,-20.255403892697412,-23.409984427686343,37.95091999109025
16.4712499,7.268057190108303,-3.218505818053172,-0.9135237802899465,-23.846558597172088,-27.51861494372938,43.52808433730598
16.4812499,7.30480424432976,-3.0607572434577683,-1.102301478518679,-26.89157821205427,-32.28336976190637,49.459994236012115
16.491249900000003,7.49611488802084,-2.9154661260018075,-1.221680793427309,-30.68180399642835,-37.70649715257628,55.850781794347654
16.5012499,7.97060986780545,-2.7512437139914963,-1.3793418589254531,-35.36555907991031,-43.49754327900883,62.61586178571908
16.511249900000003,8.51739056451525,-2.4532098939129496,-1.6232066916791419,-41.509638977616454,-49.914297427451494,69.45910038093353
16.5212499,9.115962900417786,-2.0759930518130063,-1.91420054217319,-49.73883079484001,-57.32803400893584,75.79371909770416
16.531249900000002,9.87752887405726,-1.7632665762734365,-2.223236077974482,-59.79591072167573,-65.85582773185308,81.0641115895851
16.5412499,10.893944249791426,-1.532343123803826,-2.49723986125153,-71.16222453230031,-75.23138563854168,85.30876055681414
16.551249900000002,12.27025239304033,-1.3766067106662971,-2.7161861044160927,-84.25787073076025,-84.62898928423132,89.25530408047015
16.5612499,13.899009022979913,-1.053490245618657,-2.9174960528417797,-100.52428141863233,-94.36009039489659,92.78325050860663
16.5712499,15.923183564967207,-0.2553298940128325,-2.989113231133775,-120.16934487069496,-106.07444519610014,93.34619213073753
16.581249900000003,18.572414336962204,0.5802820554772002,-2.912875957531822,-140.73257749006382,-118.66753632826321,90.36332366224033
16.5912499,21.652297467927337,1.404143537438649,-2.6256516538416648,-161.75543383457253,-132.20751512256322,84.84464375680226
16.601249900000003,25.406044833813414,2.567288872708788,-1.7047169612999997,-183.44836667364646,-147.5652338804439,76.83126996816253
16.6112499,29.476558184847057,2.8202018151038235,-0.4001338082859316,-198.72676896540983,-159.60478816170615,72.2074614108568
16.621249900000002,33.389034132619784,1.7482233689919109,1.155835108465836,-207.44624607039904,-168.61482608962382,76.29099082647957
16.6312499,35.24564163984235,0.5593274054584563,2.5110140255254083,-215.2432845586698,-174.94991007611623,89.50673826418553
16.641249900000002,32.60555145815136,-0.12460440614103467,3.2196216810184612,-221.41741658978268,-178.12663875495159,110.95236731729777
16.6512499,27.44017919167674,0.693922423493845,3.184613894525443,-236.0585601109315,-181.69162580317393,138.4823470282487
16.6612499,22.826086604736613,2.1785618591599145,2.4264965978434767,-259.806664546966,-189.7485529418359,172.22253764831228
16.671249900000003,18.069544870009583,3.1580511965034526,1.4121178639742211,-286.9376352530766,-201.81045317630605,209.6700970470224
16.6812499,10.476588432043803,3.2613893818290594,-0.34040448067759493,-322.18937940178756,-220.50788371339314,249.1180693268571
16.691249900000003,-1.0016289483856362,2.7389408755782108,-4.268231839760315,-376.5797184457296,-249.12262836559168,294.9709109166062
16.7012499,-14.413857954334054,0.9593930204969311,-10.804855425479499,-446.5408712393381,-282.433226631061,347.8656173081304
16.711249900000002,-29.342682049242086,-5.120695180187238,-15.00190670967924,-493.58456853051956,-324.3452185020064,400.7907141192185
16.7212499,-47.59682558479942,-8.698716916144791,-14.670208731871355,-501.34862964579384,-379.10522667129084,437.3695442258864
16.7312499,-61.31599990216382,-3.3512457423593927,-18.35963077124971,-499.5546986635093,-387.88506058277557,418.28551572562003
16.741249900000003,-60.84482336557615,-1.989839397001965,-22.88533163738537,-499.3832880667133,-315.7167241594133,331.67499841338264
16.7512499,-40.15306888705801,-9.375836163995057,-17.630637426185665,-501.8900462786588,-182.4548522461349,214.92708458591068
16.761249900000003,-16.086626433421035,-12.21448397494873,-7.503826228618195,-484.61132792935496,-31.62778817970637,86.50851644543087
16.7712499,-10.175688622606254,-11.891687806347004,-1.1693688284857986,-391.6377184913878,78.31280917035694,-38.444367836586856
16.781249900000002,-9.952315317219483,-14.59337580531119,0.5340044448362282,-228.36890658159217,158.901000129873,-134.39262296527772
16.7912499,-10.604908303408635,-16.320904869794195,-2.779204889639016,-39.45584756051065,216.47076686949794,-193.7340546323869
16.801249900000002,-16.38213685927333,-17.989657317732526,-8.23059752815966,177.03514392778817,237.06554078595187,-217.06380301824512
16.8112499,-21.373060780139557,-16.04720224623526,-12.019529228507075,359.9714481146614,232.8327003314168,-208.1150826686429
16.8212499,-22.442556389227228,-8.801012672729247,-13.579975938633444,449.45057818361767,214.21921863877154,-192.04635427092094
16.831249900000003,-19.774524917325632,-0.9722667402436607,-13.303994733552608,472.8655586250368,191.01800383064324,-184.45137028319255
16.8412499,-15.203559741538777,4.269279581257847,-12.457262461496397,452.1660258972917,171.23700017896675,-185.0225550352113
16.851249900000003,-11.313850460131412,5.4943481144182025,-11.520180805375944,407.92375420612314,156.22460456266944,-186.05841205289173
16.8612499,-8.31065636839209,4.359602414500437,-10.748897665663035,352.8115940245674,141.78364735040216,-175.64566430138728
16.871249900000002,-4.953211066008061,3.6434300453183317,-10.37489469175919,292.38636149843006,130.88822431758413,-157.2544503066964
16.8812499,-1.008147956633253,4.136543401566389,-10.19735849059732,230.4984695339823,126.69611910192447,-140.5754870319166
16.891249900000002,2.3738953604003528,4.01613327006041,-10.137687676585143,176.07004658859393,122.95790445801418,-128.19422677284868
16.9012499,5.53277144531954,2.6035752370529375,-9.581762928061805,134.1101055330478,118.81635896950824,-117.65506029559785
16.9112499,8.881008989719628,0.9621355967319473,-8.12389690376099,98.40443887979363,120.85927372220634,-106.0959478797492
16.921249900000003,11.43271617837285,-0.9932318865963027,-6.596797614112051,73.73816529957682,129.81114743312963,-92.5284945993091
16.9312499,12.752200600092275,-2.9541540731795974,-5.526617126613473,62.430831938602275,141.17840726930393,-76.45675536611235
16.941249900000003,13.286225789603682,-4.407665895957764,-4.8840145906086985,58.59164744141321,150.2655322856878,-59.311051985724355
16.9512499,13.563136667346706,-5.858107423174012,-4.6513784073589735,65.1839163633455,154.77172962507007,-45.70178668570484
16.961249900000002,13.410314768053336,-7.011122750777729,-4.677070259677116,83.79387031263379,153.6740872294203,-39.061203029330386
16.9712499,12.758131222598735,-7.559459930028953,-4.982969625113664,109.16888235835422,147.18124419908864,-38.97383776149273
16.9812499,12.059523389871515,-7.49108945768596,-5.321191916458734,134.60163378952893,139.72884444652493,-42.721405027272446
16.991249900000003,11.063804970291686,-6.5149332069186725,-5.366976967027497,153.71856777189927,133.71468169224104,-49.8828508597707
17.0012499,9.942120224559302,-5.358560354271699,-5.1351054654987625,165.8107419287841,129.4848114206135,-59.25608859269684
17.011249900000003,9.750839663897596,-4.995234613481971,-4.851608000488703,172.83912237628334,129.38885068869058,-66.95657250613719
17.0212499,10.286885406101215,-5.087963245891122,-4.572607859624471,176.4537843712108,133.9582927576983,-70.49309369322195
17.031249900000002,10.522538674276428,-4.668892241758915,-4.241145077376645,174.01118239486505,140.04401950179738,-71.05739648565972
17.0412499,10.577060405373238,-3.447794371255234,-3.8052717060831656,164.68325162933408,145.1709871437746,-73.37650326693318
17.051249900000002,10.792701030418662,-2.0722365359960095,-3.568283509752255,150.63103383199112,147.8579695606863,-79.71536350501694
17.0612499,10.939458206040992,-1.492003342873055,-3.5075571835001695,136.98045196847056,148.40653295819516,-87.58353582193367
17.0712499,10.523801251777348,-1.4022544369192949,-3.374367397545048,123.55144847674988,146.57547511267722,-93.62429643026915
17.081249900000003,9.72840309381815,-1.4700646973412634,-3.1765181524140327,111.8534184989352,142.56147153155712,-96.8065449156278
17.0912499,9.160677962383426,-2.037211990129577,-3.029330300496488,105.75923071225607,137.80765787108544,-97.03616227606234
17.101249900000003,8.679524035115115,-2.7240350554498227,-2.7369705979881807,104.3457163963878,132.4577812328856,-94.27228577600896
17.1112499,8.146547965279995,-3.096144181699084,-2.2892082468740824,107.31284276722668,126.86494004775832,-89.13480071872871
17.121249900000002,7.817384284228761,-3.0139475316796966,-1.8228614042855682,112.06734834328822,121.54237699766193,-83.452978166737
17.1312499,7.816882236196359,-2.8086030860581492,-1.3525061281088493,117.31897886985274,116.6169458262719,-77.75366690294071
17.141249900000002,7.945419711904005,-2.8542850110617732,-1.06131651445044,122.76823146627036,111.3712856946578,-71.22701307504575
17.151249900000003,8.048183930958377,-3.021041940240656,-0.9885060467340978,126.07075313574086,104.98649447394719,-62.669622744477024
17.1612499,8.388290112457959,-3.3194204344094724,-1.0115456002662926,127.55482339637068,98.14742879179218,-51.327819431007306
17.171249900000003,8.542514271504698,-3.5052435129043737,-1.1028241219443113,126.89149214417652,88.97970520789728,-38.86096559918755
17.1812499,8.521905891348837,-3.196681384282142,-1.3903717899644221,123.71617889647244,78.59551121379072,-28.609164015000097
17.191249900000003,8.456070982442403,-2.5225441946848646,-1.7275761637736196,118.09097949421034,67.64157236974198,-22.15141442294337
17.2012499,8.239517048531996,-1.8193805069023363,-1.8378657241142384,109.42662216112801,55.68373588090506,-19.57306183553142
17.211249900000002,8.393523546548515,-1.4901750566251066,-1.8324489356502873,98.66585128810111,44.99994371172356,-18.711166363435474
17.2212499,8.89577517516528,-1.477234495450608,-1.7800739957034681,83.21193510423804,34.513355302940184,-16.847104766987346
17.2312499,9.416515602756766,-1.7278904439788678,-1.612071355597743,65.29304437155612,24.50423955916856,-13.266121774414238
17.241249900000003,9.484453255114236,-1.830115545497333,-1.3727226086506013,47.49196983233657,15.057716790809788,-9.686193687777571
17.2512499,9.633418770937016,-1.8659067596854042,-1.0427666520540462,29.8788203278114,8.084342705853814,-6.639641850254646
17.261249900000003,9.903475969603079,-2.2193223752321525,-0.7660227927881599,13.919165747878147,3.658032905775628,-3.5141595598994333
17.2712499,9.852336474723515,-2.6579826325192255,-0.688620791863144,-0.5914060032420095,0.32770636220244265,0.12541061668130654
17.281249900000002,9.627479412039426,-3.0686421078251813,-0.5307433448921197,-13.267901899135705,-1.8940612103937753,3.56310004114339
17.2912499,9.429309373261525,-3.5534004964912183,-0.21153992585180043,-23.143382669989162,-2.9861808939155354,6.089173789285051
17.301249900000002,9.284677611261966,-3.9898615090349048,-0.0038980202844164018,-28.86462303293848,-3.315279571934756,7.022516235770691
17.3112499,9.162496397229448,-4.431070971065623,0.08826993325036633,-29.94188787214922,-3.7869654052129054,6.956803225391927
17.3212499,8.99841824571841,-4.859519219793939,0.18186389009346007,-27.661228050021766,-4.451072671915052,6.883876379291169
17.331249900000003,8.795225299187159,-5.131276632776189,0.29129846480395194,-22.9771470915135,-5.064690126889544,6.686373331430303
17.3412499,8.727480237664691,-5.35598978872368,0.42513137564487813,-16.44571266075667,-5.230428031950075,6.457603253583143
17.351249900000003,8.6695058300781,-5.45476624580919,0.46768334557278,-9.168725699104284,-4.921209414240052,6.395642233655336
17.3612499,8.542477124682176,-5.352472783579677,0.32230213072407393,-2.5393119952856154,-4.640672922700836,6.470727071938142
17.371249900000002,8.49865073708024,-5.162033735011869,0.17332749750328547,2.245145725870675,-4.638478246323522,6.671756203676557
17.3812499,8.510307785187942,-4.916325982860866,0.13553455874501633,4.64558622840285,-4.281089419659345,6.704161633719906
17.391249900000002,8.561716156567453,-4.670502404469212,0.04622569274526744,4.827925508739546,-3.2483726361471947,6.65403734361617
17.401249900000003,8.551912380526694,-4.468847793922021,-0.11820616295995383,3.180781961090329,-2.35291520875122,6.795160043407236
17.4112499,8.435239570436277,-4.30763847195861,-0.21801854084444489,0.29333396187752225,-1.765521782113797,7.117450256632775
17.421249900000003,8.3487978893273,-4.269767795161622,-0.30114854113071626,-2.6574310863160764,-1.4594258574640464,7.465767673866264
17.4312499,8.337367958737572,-4.41041018750061,-0.34742643189752825,-4.670046881380742,-1.2616409112570315,7.929072447535732
17.441249900000003,8.312345625369492,-4.575648985501874,-0.3533279979902496,-5.766010346628311,-0.7069504918009092,8.58359557616838
17.4512499,8.22235191608757,-4.610397704334733,-0.4335642537789159,-6.410600568782255,-0.5016552694379693,9.54276409831909
17.461249900000002,8.204007988718574,-4.597661577099511,-0.5254890067527016,-6.784803281993972,-0.5681712537340824,10.698006090836069
17.4712499,8.2697572543214,-4.627692864175445,-0.5166439336910185,-7.249898068010089,-0.656469064988565,11.73398820101181
17.4812499,8.275122653453007,-4.719488443699064,-0.3880919080374718,-7.420293188080228,-0.6252023968529109,12.390745592545871
17.491249900000003,8.249539470303638,-4.843176207704839,-0.3053053180044781,-6.738155930029747,-0.7080435495895772,12.810245470220911
17.5012499,8.288348653204036,-4.943468971349048,-0.3415474997099091,-5.721961888775551,-0.8450947474129316,13.134813947101097
17.511249900000003,8.290694081645686,-4.958149197203637,-0.4099267903065892,-4.665690342809691,-1.1421974962739108,13.38787915202103
17.5212499,8.250117780517787,-4.947296364218889,-0.4242000050025555,-3.310674899517017,-2.1878669664335466,13.669323189252218
17.531249900000002,8.273671893270787,-4.9480473940790874,-0.33490214420999803,-2.226919155379139,-3.261615136295774,14.08209326684753
17.5412499,8.30160810979096,-4.798106099565829,-0.32474226649646387,-2.218755968970636,-3.8141657260134423,14.405002234328585
17.551249900000002,8.284441411662195,-4.600682657090961,-0.4282328419147477,-3.0019873694401893,-4.6734284443591525,14.627313954033282
17.5612499,8.304086018206927,-4.5857320820067615,-0.4662784268081128,-4.424339854870278,-5.648073050557984,15.07112971008102
17.5712499,8.31162622111361,-4.497524756532014,-0.4961612253959867,-6.879898207809288,-6.036013147480689,15.914274808840794
17.581249900000003,8.253951069076905,-4.2946604851394214,-0.5748423902353094,-9.54715020495676,-6.680780048224069,16.901275159233528
17.5912499,8.245641088058548,-4.2187924733435205,-0.5649600563747079,-11.44681901488173,-7.61440998837926,17.935477694722685
17.601249900000003,8.234071990389833,-4.213039390635231,-0.5308502409573657,-12.562622971811862,-8.74883996444817,19.470240298696613
17.6112499,8.124304651144264,-4.237306306291068,-0.5692929384447848,-13.040784530575682,-10.378998667152706,21.738223575224445
17.621249900000002,7.976033014936607,-4.248363588441008,-0.6456742942965672,-13.17651584574235,-12.453233151425184,24.561849799504735
17.6312499,7.8485823594449355,-4.156813145800061,-0.7341462109300041,-13.707049711346029,-15.299597993103976,28.041992939249397
17.641249900000002,7.779524699984174,-4.023568176538396,-0.8296429083317557,-15.417150208231742,-19.126754971368676,32.76321922878628
17.651249900000003,7.741542638268643,-3.8320639977289406,-0.9543723615883417,-18.33968171420225,-23.627431739636414,37.9350778114718
17.6612499,7.777772843654444,-3.580793305140305,-1.098277255218721,-22.46532305609264,-28.214265006303414,42.781212550053404
17.671249900000003,7.899585904759606,-3.3331127686742263,-1.2583215474805451,-27.86194857963063,-32.79233062867271,47.74743365250027
17.6812499,8.062586468269469,-3.1456672783020507,-1.3448661690141928,-33.931777255292516,-37.550335555532214,52.69437909649791
17.691249900000003,8.28450581814833,-2.9786143761248356,-1.3440153052102597,-40.702513000666805,-42.5158583459208,57.628470924123945
17.7012499,8.555158922366113,-2.795756550106679,-1.3982839217061431,-47.77780036885221,-47.8089931121646,62.687286891557434
17.711249900000002,8.909770990583233,-2.695513560039442,-1.4646195062827927,-54.10635006172853,-53.31575306866688,67.79950417378981
17.7212499,9.245346832546993,-2.613094924644,-1.4475605451759128,-60.094536579304254,-59.13487267460114,72.99806854466584
17.7312499,9.585395272782234,-2.502447931226214,-1.3867982750002184,-65.79848492314676,-65.30414121125617,78.20404357219367
17.741249900000003,10.18204592950439,-2.4301948486978246,-1.399216856113482,-71.13280287611452,-72.28931591122141,83.47377733015576
17.7512499,11.0038544617494,-2.3490031821314132,-1.5224692679414982,-76.8963677526025,-80.23498020766047,88.298372029581
17.761249900000003,11.940294082805117,-2.1093928005694043,-1.6709764487629033,-83.59963115767069,-88.96265299616154,91.85327572707573
17.7712499,13.042510315750839,-1.651672669852604,-1.7473170701647545,-92.2971630473427,-98.91402759602249,93.86837115377548
17.781249900000002,14.506231059602074,-1.0800203583266192,-1.7591717871472878,-103.47266024788685,-110.16045706939187,94.22348417294867
17.7912499,16.25222172359739,-0.6076869336986856,-1.7740450718613545,-116.32440700838953,-122.40737928228198,93.93580984420686
17.801249900000002,17.946834553608937,0.024086194155429758,-1.799360778166166,-131.66569450291468,-135.9342038688039,93.76925041111076
17.8112499,19.86434902609552,0.9616212647153943,-1.6408921816406965,-150.70847942088605,-151.10275769483175,92.34238125861027
17.8212499,22.77528092755022,1.3934970859805016,-1.147524717389254,-170.60025153975468,-167.08063933062908,89.60466001803009
17.831249900000003,26.502733037964884,1.3164484351710812,-0.5679175274389996,-189.82204849689708,-182.58899733808298,87.42495965393415
17.8412499,29.60787803064427,0.9020208745516086,0.25995725197605474,-209.8577311032736,-195.79091820998892,90.47105958182401
17.851249900000003,30.30202313625149,0.13550365399144226,1.5304339154021513,-234.8121068815786,-205.78457486080396,104.51476127105254
17.8612499,28.125492458521624,0.42756818264865437,1.9257082522347948,-263.8203804735374,-211.8589524603697,123.94778952893476
17.871249900000002,24.34909957150264,1.6823013457608793,1.0558562421784694,-298.0882517656606,-217.51869428173651,144.40400328358024
17.8812499,19.852267176388597,2.7290676181870923,-0.14998190174016685,-339.2765749295928,-226.34760924716917,168.22208382829106
17.891249900000002,14.178012330021975,3.207934989732529,-1.5778012018710506,-390.13983459027327,-239.73366625449037,195.3924763953002
17.901249900000003,6.088321248581977,3.1507515834926894,-4.126764375907037,-456.46777447767244,-262.2420668061279,224.4536999802647
17.9112499,-4.787216078403888,2.0166662205696966,-8.260878659586174,-499.2049534530956,-296.09453063630696,255.84523699102985
17.921249900000003,-17.43650392586843,-1.374636326014837,-13.476554731639945,-501.0601018615431,-337.99577019157033,289.1866136543435
17.9312499,-31.649722392552686,-6.4131862629431104,-16.662198956776347,-499.2472726567565,-388.2414002321875,321.4855220423413
17.941249900000003,-47.99124296812692,-8.598914410959795,-18.097871263984764,-499.3267895487832,-429.1157790743295,340.12302196471086
17.9512499,-60.42750071968012,-7.775575947787394,-21.929250020363366,-503.6502004752608,-405.5383202104009,322.594763088849
17.961249900000002,-53.8115807689397,-9.24515213261126,-21.519962143504788,-479.7919605818804,-298.1165199493044,267.76992969129793
17.9712499,-25.826021843742836,-10.876228864084394,-11.163288142004731,-406.9064186961906,-138.3895492682398,183.46877607488437
17.9812499,-7.799881490300692,-8.818239442306615,-0.6190805642536678,-323.360988366831,6.023367201131384,75.47922530018214
17.991249900000003,-8.719146285247236,-9.153992906676907,3.3549021097270666,-204.45973426200982,99.89208051052326,-35.6742652511625
18.0012499,-10.146559728017026,-11.42834239860244,0.8912140427452286,-47.06404716186013,174.3855785810804,-128.55615768858053
18.011249900000003,-13.667896020408817,-13.871453910943004,-5.707906830834766,124.5309736163631,218.74474860785688,-187.0233072745621
18.0212499,-19.575910163270343,-15.632259270729111,-10.22696631062347,290.6512779907418,227.93527938770202,-208.2001654915751
18.0312499,-23.425230058957464,-11.935095094959872,-11.609118953550283,410.03253089136416,220.39188813717362,-206.34616980655045
18.0412499,-23.92814508393897,-4.392622325501562,-12.20890289477239,464.05456222996065,205.81976757489744,-200.7745780042798
18.0512499,-20.35092547573598,2.393308505757387,-12.200862943183532,459.7064455890026,187.5419317228948,-199.40273182606066
18.0612499,-14.847304422326642,5.9762581120918625,-11.597359198500516,405.9964997977373,171.8268401125643,-196.6862987049982
18.0712499,-11.223664672468923,6.305205891299715,-10.86987426963484,338.19965002091266,162.23611356008277,-186.48501480786823
18.081249900000003,-8.451271062134431,5.751739008167616,-10.425002533291961,272.5624986476483,150.2933581491774,-169.58689047812246
18.0912499,-4.308137853025575,5.309000974701405,-10.066232400644276,209.14299969979686,142.4743495269073,-151.7687560618432
18.101249900000003,-0.1449342637821761,4.849047091127585,-9.87057982061892,154.80203229837477,140.58317973086193,-137.80431600331093
18.1112499,2.6464450609411228,3.7244621295821756,-9.661085422981566,114.95630014913884,137.36705019922027,-126.00255352727989
18.1212499,4.878802030932041,1.8523684974593964,-9.175576584884514,87.29499522843084,132.3784413018003,-111.85132507309045
18.1312499,7.674025412307225,0.02954355782974108,-8.30161339570645,69.15462308400838,130.15371340068398,-96.17047867167632
18.1412499,10.9465024414984,-1.771601735373804,-7.328642932273619,61.543529191352846,133.44804985965789,-79.16065105944405
18.151249900000003,13.365438276126747,-3.4628193177857245,-6.669572883779101,61.61840608115294,140.12483542112923,-59.19889771428281
18.1612499,14.136382553429867,-4.247630866705025,-6.160872149530772,64.91229707896369,146.3283380364461,-40.0097305071907
18.171249900000003,13.965895333628044,-4.673788184499461,-5.884613347629384,71.12271364393668,149.96203307630813,-25.567470428568264
18.1812499,13.392593305130324,-5.366211470290957,-5.991298619588078,83.78883531006953,151.34385746197836,-17.10685752980813
18.191249900000003,12.211990539627216,-5.943725910452973,-6.447492698116119,102.40276894271575,150.9935807535814,-15.204713063015017
18.2012499,10.780871631290347,-6.461496944233317,-6.867674138233989,124.08141899780773,148.73522273627836,-17.298231938917834
18.2112499,9.782193018228332,-6.8194205625789355,-6.914543379926536,145.9468514516,145.48156801870587,-20.596685750354276
18.2212499,9.550754666757406,-6.8031791354361,-6.687223047727212,166.10671471163317,143.4868372084162,-23.703021805033785
18.2312499,9.691180190023312,-6.557262360727251,-6.247252887419883,183.34959095984337,143.76278267435214,-26.977439099508324
18.241249900000003,9.924028872268092,-5.859456905584916,-5.510278658200433,195.1123590242828,145.37722991292435,-33.43924882641165
18.2512499,10.624637002771433,-5.065976523817967,-4.61395449720721,202.29602138412065,147.75118249142713,-45.19170484750927
18.261249900000003,11.386248114122042,-4.986343731333422,-3.9403058526616466,207.50254564074123,149.75868832396264,-60.55048949412487
18.2712499,11.39027624364636,-5.060867896184304,-3.716097584840026,207.70303480408532,149.94329800139081,-74.38756361360714
18.2812499,10.640772730365512,-4.635223460136975,-3.7682886112393534,200.6804014586698,148.50886949240518,-82.80017545054639
18.2912499,9.771192712373097,-4.093179103089638,-3.86837708580854,189.7141468955973,146.72468909457697,-87.45461392686428
18.3012499,9.184182234777415,-4.171103772857058,-3.9827029767397457,179.81553653666057,145.51669432466892,-88.64818958034823
18.3112499,8.551642408079886,-4.184022154952635,-3.909473087006045,170.10006522021695,144.37196664441643,-87.18467556451063
18.3212499,7.9873998656307785,-3.6342380482865426,-3.4604082731338783,160.64340925734263,143.56618522383604,-85.99508566797928
18.331249900000003,7.962911843269362,-3.1931875891001362,-2.6869537421724257,153.6850399143572,144.72215391029667,-87.06349011918242
18.3412499,8.054144603227948,-3.030737208202814,-1.9231285470320414,148.27451895329062,145.1411324807932,-89.39249791572661
18.351249900000003,8.032017131432093,-2.987639922968492,-1.542294123961321,143.99270554243367,141.1041054661286,-91.34738743221331
18.3612499,8.160602154892608,-3.0531302584665396,-1.4720821956624277,142.5784222945517,133.1029237136029,-92.45239408595626
18.3712499,8.406711306274413,-3.193662085378801,-1.4591740300344203,143.4824293106205,123.08899387135547,-92.32589827758609
18.3812499,8.670497426234268,-3.385432837455678,-1.3797178216288575,145.37591844246953,112.28870617046886,-90.12027256621246
18.3912499,8.565032626419274,-3.3331855100462024,-1.2722269932250971,145.41532538689316,99.63395033996973,-85.01764234768812
18.401249900000003,8.498883556217114,-2.9021236618398762,-1.4323579576568948,140.5539889031251,88.20251556135368,-78.03109056411176
18.4112499,8.471208193613007,-2.259439651540584,-1.6902910737937091,130.41961565809896,78.72626388352707,-71.07521107533674
18.421249900000003,8.257443336570336,-1.4267970971516417,-1.7403223975245972,114.5731556738031,69.3033093882499,-64.2937796927615
18.4312499,8.409657503424505,-0.9560631794338721,-1.7051443893794351,94.81072016217658,60.75783741057876,-56.89304972607922
18.441249900000003,8.533114060996171,-0.9425620764225134,-1.6535456927052037,74.2117942135655,52.059274634618475,-48.557326992555105
18.4512499,8.543556418528887,-1.23781046293147,-1.5147182621357174,56.35684952262509,43.58506824798774,-39.531882567407955
18.4612499,8.474024224769892,-1.637516199472336,-1.322477406152951,41.96741920617685,34.55797419856732,-30.44269228269708
18.4712499,8.31612088975163,-2.045231424095922,-1.1451317981102365,29.954590802808507,24.074412006658925,-21.2073253648256
18.4812499,8.248840955968204,-2.494380687332542,-1.1204807391217217,19.85567982226464,13.374837705517974,-12.459131037007388
18.491249900000003,8.34545304860867,-2.744250131436176,-1.163912005883179,12.488900181264615,5.148749973913484,-6.564410329311691
18.5012499,8.472060765185896,-2.9360992265729244,-1.0193533048879893,6.530519450343559,-1.383652810577883,-2.5441536517520347
18.511249900000003,8.53411092063769,-3.195583746614571,-0.7065398092651449,1.255304851524137,-6.5546043069299085,0.2724314344697268
18.5212499,8.578123565690952,-3.479336694847375,-0.5201931916189564,-2.8840015847857416,-9.659142418632582,2.1968633499423196
18.5312499,8.561789713535346,-3.851680347570417,-0.38765467188719727,-4.9272555719101625,-11.62755708641084,3.663261962538722
18.5412499,8.65112012069232,-4.309106842423048,-0.13252203416398114,-5.353109114136118,-12.399240749141887,4.506800772627905
18.5512499,8.952597052315667,-4.685665490144956,0.09027087016911758,-4.7351354796293625,-11.130833407061576,5.7839415256467275
18.5612499,9.130200427110399,-4.822405155788209,0.224549713361437,-4.06484857677993,-8.495665441819504,7.530853598280091
18.5712499,9.119152188134601,-4.751119911658377,0.31205715817411855,-3.537852947617727,-5.526118492354144,8.24400509689877
18.581249900000003,9.063063294173563,-4.535812600005206,0.37815755853595884,-3.1723878028877817,-2.727113737506776,7.457098179976045
18.5912499,8.971210493295208,-4.390201808362717,0.4430835722857581,-2.2715620308442266,-0.07899653209882147,5.610484938010684
18.601249900000003,8.806196364543021,-4.377476885205966,0.5163093498662806,-0.7076904236335503,1.9572271392767377,3.4057219010251933
18.6112499,8.569402973837203,-4.5034891301386715,0.4692998565037743,1.7230950426999232,3.073210719111731,2.1289602087948114
18.6212499,8.359883172943205,-4.6739824250239534,0.2333504580408099,5.037036074470035,3.1793251596846086,2.0610350894518064
18.6312499,8.253221546112531,-4.656798678448772,0.04077127141817486,7.666620918969706,2.7386965779913877,2.776822706778166
18.6412499,8.189737123822882,-4.494848155986392,0.013216502065389164,9.101340006949068,1.8956533407220346,3.4459492148902915
18.651249900000003,8.244119929872426,-4.29385582695326,0.00332384614295789,9.278470001300079,0.9921990541782497,3.919541350084544
18.6612499,8.495060523207162,-4.156693997802643,-0.019796173538202216,8.008898359581305,0.7373281549177708,4.879616604513607
18.671249900000003,8.693414285844115,-4.035404813406121,-0.04347581442798877,5.704989616069427,0.9596867575350433,6.2758319437532215
18.6812499,8.732316074484874,-3.7952113541884156,-0.10523515233443496,1.7839243209189657,1.1913875677344434,7.521665631990335
18.691249900000003,8.814613444951549,-3.6392987549812372,-0.14675838840150715,-2.8141470996465494,1.6349699723233184,7.798788521581981
18.7012499,8.877884503732163,-3.745301831640493,-0.1450248152018388,-6.151589835366958,2.340977995147657,7.431364639087997
18.7112499,8.84889204687005,-4.095144243981835,-0.18142153726861748,-8.370374120390254,3.290716507113269,7.976427479521804
18.7212499,8.806264132946346,-4.543432363988245,-0.1922255622047177,-9.219858943963931,4.132358772701448,9.66934411699808
18.7312499,8.7637407904863,-4.8505544535817,-0.14393197729447807,-8.635161699355205,4.549034160454178,11.221602528294733
18.741249900000003,8.769359751533798,-4.990486131018861,-0.04970282337883544,-6.4607249758677865,4.875083821227308,11.331985032305036
18.7512499,8.737891196533614,-5.188388824125237,0.08911847316022842,-2.988051235063542,5.165325378124947,10.675532400725636
18.761249900000003,8.597548502381123,-5.31744187469705,0.11735763576134509,0.2378176385231751,5.387603830578695,10.179318546544579
18.7712499,8.450463606126629,-5.212612795070762,-0.073164724517204,2.0546493713526934,5.287793626279918,9.421808439562598
18.7812499,8.35631396058635,-5.104555036732832,-0.1915437054441469,2.2544029201030833,4.890390960379921,8.500933818241458
18.7912499,8.267998071119663,-5.021391927463996,-0.11333733207986686,1.3421883425455268,4.659450353924549,7.789968708226186
18.8012499,8.22743243856475,-4.878909047386537,-0.04979095295858843,-0.28776198452902324,4.228328156955214,7.136655878715286
18.8112499,8.265667691389192,-4.764664363904305,-0.06586310755059603,-2.039247558632341,3.4321041089306443,6.80055588397795
18.8212499,8.245951598964226,-4.689265755031033,-0.09151310701411819,-3.436301470917363,2.1602378173812293,7.072127391010765
18.831249900000003,8.196841239276733,-4.633292699651475,-0.08251706854898573,-4.30062651651042,0.6160909874838452,7.888606386384366
18.8412499,8.190830362963682,-4.5221233102692615,-0.07534681749740046,-4.702012287974146,-1.1548413782964089,9.730199538112522
18.851249900000003,8.094031743254225,-4.266136818728081,-0.09856889346250877,-5.578607321711848,-3.6308480808618313,12.198196024434365
18.8612499,7.945422375697763,-4.052677780734785,-0.13436152611902416,-6.319320506323116,-6.6060366292928165,14.593045022646562
18.8712499,7.777383721792825,-3.955028050445763,-0.20545049585115674,-6.882570408237072,-10.1120009705974,17.37070472998416
18.8812499,7.496652306609576,-3.765152740625732,-0.3244899507031376,-8.147102538566577,-14.147878170821441,20.393779557163967
18.8912499,7.173777999669378,-3.5292060465057866,-0.4262501787113229,-9.889375457925393,-19.037181361905073,24.463457293950498
18.901249900000003,6.8585541356400235,-3.322044139510217,-0.5124343156320356,-12.497771863177173,-24.363624486299788,29.778412370220295
18.9112499,6.561846946555463,-3.0519784984235017,-0.6890539133095239,-15.998952368373677,-29.06839238235333,35.428158487647465
18.921249900000003,6.324154881863497,-2.7454889657735664,-0.8901036996489151,-19.931345924371833,-33.63941935243373,41.25298681884413
18.9312499,6.204684690343683,-2.5542308792100656,-0.9606236437353243,-24.542823606862758,-37.86388354865783,48.00140052251774
18.941249900000003,6.142784944354783,-2.349286424552891,-1.0420278222509236,-30.561177557312718,-41.67736971639212,55.96043674654105
18.9512499,6.2227317788922365,-2.090712788015784,-1.211819193008766,-37.311767087613035,-45.25244377640979,64.22850607149688
18.9612499,6.522248956083766,-2.0031114947718938,-1.3002914860756785,-44.2239196035146,-48.59639105715545,72.80844112579966
18.9712499,7.0361916981586745,-2.022441738495963,-1.334279611551548,-51.74374375530392,-51.75312121374905,81.94798464310401
18.9812499,7.749047524112119,-1.9990311960840048,-1.3825840050396117,-60.02423237517437,-54.9350718242855,91.33686008855247
18.991249900000003,8.593694215879419,-2.025803801716818,-1.398416262797924,-68.32671984890597,-58.504458901553576,100.94540965135295
19.0012499,9.421089163991471,-2.020065035437687,-1.3744216245067589,-76.83053528160006,-63.15205742294743,110.11866024447706
19.011249900000003,10.430911261252513,-2.0761448532843483,-1.2267352987287041,-84.63557395586272,-69.08767133710982,117.77252295828968
19.0212499,12.049814987281506,-2.2260088573172716,-1.1004887248585957,-91.70638318583356,-76.36108538907064,124.6130114186188
19.0312499,14.049072047333288,-2.0482289732281025,-1.1406349539518352,-100.46854305645266,-86.2634359498575,129.91430738676044
19.0412499,16.118754295383997,-1.6371172760913901,-1.1670742239222693,-112.70903673468003,-99.9289784849368,131.34737476101103
19.0512499,18.457876884219484,-1.1545678255667589,-1.291474588138479,-128.75278269021996,-116.54746150822103,128.66538899033625
19.0612499,21.412590198202995,-0.00980329461179948,-1.5410736437382166,-149.30806485065304,-134.39011965538234,121.99239915652032
19.0712499,25.049256040749903,1.4249934386635612,-1.240347001110461,-176.60364613622687,-152.85544300189147,110.00199859172938
19.081249900000003,29.159458149294768,2.0384077251602557,-0.4342134516848503,-206.10845654577926,-170.1654756974004,95.0290901911117
19.0912499,33.225623342839306,1.9785833714290815,-0.02328936507828332,-233.148020264569,-182.22567164492415,82.82675333739063
19.101249900000003,36.01052037687005,1.3433556437990386,-0.019248676906557276,-265.9714251356293,-190.6272552828639,78.35051527192239
19.1112499,35.665567398410786,0.5219166044136979,-0.02581326707670302,-300.1599780174309,-197.06160784488458,84.25132667727507
19.1212499,32.294417955028976,0.5093433149868446,-0.04371581052970287,-333.7929643607706,-199.16313210508514,98.52309127096444
19.1312499,27.37211147330251,1.470096531140545,-0.5678007130917719,-375.56131633591946,-200.39705788673913,117.84226825640374
19.1412499,21.412844753243085,2.145001034818486,-1.9499744257238998,-421.0861829171155,-208.12199321500415,140.38021439775864
19.151249900000003,13.916187646290338,1.1493103545391032,-3.9595166568278723,-465.38543461242955,-225.8491672106661,166.6476602800316
19.1612499,3.9947325468630694,-1.0281253111413557,-6.732222324449696,-496.01774177954536,-254.31197854719017,197.31802370950172
19.171249900000003,-7.761817395758944,-3.543287767980047,-9.62500496776814,-500.60133800717927,-293.58688075126156,233.38931325573782
19.1812499,-21.578934990948767,-7.805989989958128,-11.439310632515305,-501.4516992218539,-343.5589223743425,278.3236456210554
19.191249900000003,-40.28348452414684,-13.392266759064047,-12.379045240155763,-489.6430076094174,-404.3520840985565,327.9691009689428
19.2012499,-56.809882462987396,-12.408826201941105,-15.97166384902808,-450.6071218863055,-433.98323533518175,356.4586706767998
19.2112499,-59.99933470434507,-5.2110630347020015,-20.330986281184433,-412.61782766261194,-381.90765749281866,331.2067871913207
19.2212499,-46.88455915524153,-2.352902796552329,-16.016269528439373,-378.8729647488177,-259.63247637644116,261.2847404443365
19.2312499,-23.022646033126236,-2.417030961064928,-4.726450953804271,-359.47766403504613,-97.1276793868221,167.35264620912514
19.241249900000003,-10.901403541696407,-2.3313118241979294,3.1199504580267945,-331.9392653058788,39.79518108428358,56.26928747163637
19.2512499,-10.860401972526006,-6.255795833434584,5.35162804799764,-234.36774612538474,121.99712678469666,-55.27897096449391
19.261249900000003,-11.012421400460767,-10.658768168911957,2.727420801649721,-79.19992077994694,176.77381383313357,-143.0973742694047
19.2712499,-13.879073514490912,-13.514194291904795,-3.3391090613456584,91.62010233851665,204.39791303790932,-194.56628065146947
19.2812499,-18.461275922337144,-15.945237454842832,-8.793914485406447,257.21638006727426,212.9494076338426,-206.0555468878986
19.2912499,-22.35155618108219,-14.183503172469722,-12.05677041887774,385.69736255202974,206.36659352230126,-190.23004466311826
19.3012499,-22.580237534121427,-7.2616896511491555,-12.796975171197348,455.83735203406394,186.58011099737087,-172.04069643248698
19.3112499,-18.096486889886084,0.8187640804167499,-11.741704340916662,463.8591570224769,163.48961217834844,-166.02923142747227
19.3212499,-13.577035836385104,3.9375077566544814,-10.595352283394726,431.04672470134074,149.44443727579807,-168.88333325401513
19.331249900000003,-11.188974161915546,2.725010008099257,-10.014375989333619,382.7241842753577,137.63789960121625,-162.51243576301073
19.3412499,-7.839688320357791,2.0339570373331095,-9.891764899164857,322.2290289554172,127.04582702954595,-145.37154418589375
19.351249900000003,-2.981372214298645,2.830272800126329,-9.960249119475346,257.3148130025699,117.79879492624184,-132.11551552486966
19.3612499,1.7594544659863443,2.6954361438562726,-10.24219353532217,204.61796649895308,107.1624653863354,-126.87423564976967
19.3712499,5.631134413258311,0.6765177767451934,-10.63400493729096,168.0700877974837,98.51567393830693,-121.91943744206202
19.3812499,8.303509257177584,-1.9919711133043463,-10.506645697155472,141.50579821882832,92.79193338918455,-111.01604456853804
19.3912499,10.139575227450546,-3.8100480009133606,-9.535453243467407,122.43404584269982,90.35895419157875,-96.29268539643823
19.401249900000003,11.459210944444377,-4.900943705145423,-8.250162425928103,110.93494039495941,95.07700906263514,-82.11368394983171
19.4112499,11.911665618435476,-5.815073491960229,-7.168309295707448,103.28883322609978,104.62685531340472,-69.57054653922198
19.421249900000003,11.97054293804728,-6.494069994102572,-6.707112890645005,99.42226127011145,113.49304505258189,-61.152833318439036
19.4312499,12.277589646398953,-7.170516815178264,-6.808068859685947,104.19855086944507,120.49730340920452,-57.82151052615182
19.441249900000003,12.366520054446665,-7.339516864892527,-7.200010336068092,114.65853585028205,123.44326420816454,-57.51735496562989
19.4512499,12.175732946088868,-7.030493993118551,-7.799401028303687,128.20603809101016,121.78830523905958,-59.305952160185235
19.4612499,11.89237871212769,-6.864785158641326,-7.865546307683653,142.77758970155327,119.068603877897,-62.105635688607244
19.4712499,11.471541615556982,-6.500318412916527,-7.343992431039817,153.11355314273717,118.06788632549622,-64.20154862372303
19.4812499,11.119766759104056,-6.18156465266573,-6.9351390482667945,161.1995028524097,120.67064348112899,-65.6627870019327
19.491249900000003,10.70401411371921,-5.965332996078332,-6.585793085954113,167.34228735260444,125.46497735763468,-66.8360553332388
19.5012499,10.342352152677767,-5.151936064531201,-6.032793113877424,167.41681007985275,129.49211850110913,-68.45142191659063
19.511249900000003,10.637561411726594,-4.705100038294694,-5.6633711009920775,166.20262232683552,131.19686221382491,-72.73934017100154
19.5212499,11.023663911316513,-4.418802524007881,-5.714501619171453,164.21648720241933,127.99568718756557,-80.64755379327634
19.5312499,11.04630592103351,-3.498524455145042,-6.0233232634973275,158.57602746090018,122.01962737102275,-89.27552125810674
19.5412499,10.980246180563034,-3.02637380524626,-6.038156795574168,150.85038634354297,117.49828525127937,-97.03065589268823
19.5512499,10.420097068104544,-2.8314463365067564,-5.623136372866953,139.61290945112822,114.91352884958681,-103.50031381556151
19.5612499,9.461355657335181,-2.17432904787523,-5.176672822862061,123.92311108588684,113.66208468358005,-109.07094614027304
19.5712499,8.712764821317478,-1.1957416359942061,-4.622519663920444,102.49571184844673,113.75248066683332,-115.25985118305533
19.581249900000003,8.633170418888023,-1.198931821725039,-4.004855719384204,84.13787453567878,117.1615784857784,-120.39061806262788
19.5912499,8.877933848328674,-3.1850351251296645,-3.85411653721037,80.81260837463705,120.81569971559378,-119.36022592024048
19.601249900000003,8.283999709374473,-4.170549469243606,-3.934255502017095,76.57834234822194,119.12738281717202,-112.9721334071857
19.6112499,7.584615675307337,-4.2634006009591685,-3.4626925178884536,73.61681621422366,115.75335301105994,-102.84781212991699
19.6212499,7.459379884791513,-4.996306314766634,-2.620709972708134,79.19220115490964,114.08371832855346,-89.78226255404896
19.6312499,7.239197238425836,-5.013980506885305,-2.028784463883942,85.25801778322862,111.36228181483347,-77.7392952849012
19.6412499,7.317724183430314,-4.861560497117235,-1.7182766162618621,94.84145340356163,107.04524342130415,-69.8182374462944
19.651249900000003,7.532098187999358,-4.9018622848208695,-1.6214971655674004,109.80567900136151,100.88333175528692,-65.61629855233426
19.6612499,7.093368681495573,-4.897163352203941,-1.5102371695074361,127.68837745659775,90.7203163825603,-63.03757063182011
19.671249900000003,7.320522170666705,-5.024327737048539,-1.5100181032943623,145.82620530247982,82.52533941250617,-61.07147260154816
19.6812499,7.576683027380737,-4.398219281057199,-1.7441539454988928,156.49462962637787,73.87425801841277,-60.373099238934216
19.691249900000003,7.427884707373723,-3.677980589634966,-1.888660169530528,161.6657954732745,63.49988661747856,-60.33091855657845
19.7012499,8.012576699252385,-3.2574044909651367,-1.9817692513807836,161.21999046838835,55.870914353050615,-59.93409070527132
19.7112499,8.427279893414338,-2.339456003520385,-2.091801963469688,151.68533697609828,47.54835906504561,-59.487730654444604
19.7212499,8.825428466755454,-1.6563485874643589,-1.9673449770262204,135.90105221421385,39.28651109743895,-58.43009571832688
19.7312499,9.084186084664772,-1.1298593259493916,-1.5870629280584934,113.17889030267241,32.04849116809735,-55.655529835287524
19.741249900000003,8.969946731241683,-0.6769650167939582,-1.2195867189252665,89.840192593184,26.613327293293707,-51.64688803633837
19.7512499,8.967882745654393,-0.38452883979908975,-1.0112010743555568,66.98149862669206,22.45191493762146,-46.74485891306289
19.761249900000003,8.990761827838849,-0.21897128511849728,-0.8490424317010796,42.79654540806454,19.252440439361358,-40.09504358065661
19.7712499,8.880496550335518,-0.2070161902506636,-0.7409244182141371,18.61089554240185,16.735165359309068,-32.330302228628426
19.7812499,8.764549715648686,-0.2735061510239557,-0.6553171519446467,-3.891114546000618,14.579482983576431,-25.072427659243065
19.7912499,8.60828577110648,-0.6169187783513179,-0.5818577673699908,-22.196460212166006,12.4532968093297,-18.65544110379816
19.8012499,8.419537441443778,-1.2689807342485138,-0.4450355085517831,-34.86432310582633,9.994574184851714,-12.442621009192981
19.8112499,8.244511372389715,-2.0032032432005344,-0.17408563416565107,-42.37597016178384,7.720750225628444,-6.026336548685408
19.8212499,8.085954328407077,-2.7214492130715384,0.14266489869454355,-44.429138190508674,5.40380089644681,0.5650192120124283
19.831249900000003,7.98296277607863,-3.348236088032461,0.4431538305409264,-41.494017583082666,2.604940070968851,6.669727842826022
19.8412499,7.924653308270688,-3.751246700706279,0.6063192453990297,-35.355598428969934,-0.06169087099239154,11.473177808706863
19.851249900000003,7.980998999040366,-4.134768037319967,0.6735091412789609,-27.08898634778073,-2.0808010337951908,15.204470046924193
19.8612499,8.096726785304934,-4.569956930456867,0.7204526464077816,-18.051358427640906,-3.5944354450972296,18.45369303619759
19.8712499,8.23935094333471,-4.731632837078141,0.6496829013248461,-10.315392942562,-4.351041350629142,21.110259647484742
19.8812499,8.500671989136896,-4.600046953595433,0.5951014643306906,-4.89363884880394,-4.411439877575713,22.656068732892543
19.8912499,8.734870608358516,-4.4070992218334775,0.6108421719600609,-1.846340161852639,-4.002501630143218,22.861673491589325
19.901249900000003,8.823341419544551,-4.225058426940099,0.5731229295160376,-0.8558900118156115,-3.398690286143838,22.131100903935355
19.9112499,8.876327670263638,-4.111231859340019,0.4664659410890424,-1.4396047354283643,-2.5837902732574034,20.804252759928627
19.921249900000003,8.95368264268328,-4.1143895064487275,0.29724110831966805,-2.987924197344934,-1.5206399350451816,19.24653699276136
19.9312499,8.878260548647857,-4.0876822680070894,0.03207380829729762,-5.396611995688193,-0.7804190881450842,17.82773769919705
19.941249900000003,8.692869350020189,-4.050308735396771,-0.17275600768561514,-8.083652414887418,-0.6334574449874126,16.621035431123094
19.9512499,8.634649140307706,-4.085053154631376,-0.22344722795948319,-10.0704701377169,-1.0990298535567846,15.557332923802761
19.9612499,8.668273458916495,-4.21472356678289,-0.22019306255782298,-11.11329555466874,-1.6004373711055806,14.717290889027911
19.9712499,8.712478352811454,-4.390416801913225,-0.23658371327598357,-11.362988391879098,-2.0739766951524174,14.735132909973682
19.9812499,8.674939090672124,-4.480618159686637,-0.31365391147832783,-11.569965619778104,-3.046380770839506,15.427385366834082
19.991249900000003,8.633584429738152,-4.481733908575287,-0.42675439513787367,-12.05756368265615,-4.054689496652784,16.112579452359167
20.0012499,8.69061153802861,-4.383876288726427,-0.483367544970044,-13.41067821681101,-4.6272851027245245,16.387468578304148
20.011249900000003,8.796805984895347,-4.217331090441046,-0.4971698990541243,-16.521353737990516,-4.807560979817411,16.09711944875674
20.0212499,8.861032453650749,-4.141105816823273,-0.5719771976373081,-21.287767309325886,-4.299255326615008,15.548276105162186
20.0312499,8.870844783686461,-4.126990126648645,-0.6920586583349361,-27.542211257062043,-3.353942675238998,14.904563598469359
20.0412499,8.88654011235752,-4.104637952916084,-0.7700928598593908,-34.43226468701119,-2.2455507413851983,13.750895523323683
20.0512499,8.890696659337557,-4.231093209441892,-0.7909764501083364,-40.30018263823536,-1.062056466646702,12.31872729263702
20.0612499,8.821194134792504,-4.443180800971935,-0.7749101749242578,-44.74991643881029,-0.22341972994837953,11.10560158335793
20.0712499,8.666208950133496,-4.6651231112871985,-0.7697686242328096,-47.58098603925039,-0.12006364637932077,10.300778369472935
20.081249900000003,8.510177709878477,-4.918575600946078,-0.7866255329062974,-48.690505226193665,-0.7829891178524829,10.413914745543329
20.0912499,8.38055943724238,-5.1397647815486955,-0.8052484866889947,-47.89148559209326,-2.290067639169073,11.293815091363777
20.101249900000003,8.23011567741134,-5.241910396563503,-0.7835508516486774,-44.85027472809405,-4.687693307033003,12.931519964008928
20.1112499,8.0800098028029,-5.196136427395632,-0.7416413851688629,-39.957562888162954,-7.928422619572709,15.442377824657742
20.1212499,7.963669900423476,-5.027524943392748,-0.7864727025711762,-34.68327752606913,-11.858723611257021,18.82862002895013
20.1312499,7.82458403097213,-4.763308634297783,-0.8793484924330413,-29.942515319476268,-16.05005224173213,23.27214380443665
20.1412499,7.650927000015489,-4.307514473210643,-1.0307439728658652,-26.45429519579253,-21.51242959473372,29.465405037674802
20.151249900000003,7.598084846812698,-3.7939597020589524,-1.2501780005795553,-25.141836055274833,-27.783878198649614,36.7456944103522
20.1612499,7.5803843398246675,-3.403663323483815,-1.4207043424290997,-26.68168258595187,-33.818718569059314,43.6867046459813
20.171249900000003,7.5893708335053525,-3.0657776964051306,-1.5383320028967382,-30.59994269302266,-39.97609957369912,51.08379626454982
20.1812499,7.7546878634718155,-2.7260542051762036,-1.6460331090392841,-36.71913050019583,-46.17364327730244,58.80332771551346
20.191249900000003,8.026676783502383,-2.516746572554985,-1.7644166199170501,-44.368721049826966,-52.388598125467645,66.39057970422243
20.2012499,8.279618371959645,-2.4426634053342537,-1.8722950808686774,-53.62915572296788,-58.64072498020185,74.49603338497535
20.2112499,8.480991083260665,-2.3280056929070603,-2.003203270024381,-63.97565367486683,-65.07116362098574,82.57089663331854
20.2212499,8.71164100931683,-2.2921418289254873,-2.155715030198269,-73.77123585879012,-71.99083587865016,89.64931418473095
20.2312499,8.88643984764661,-2.323097964122526,-2.2613800894114124,-82.39189332165435,-79.54040918818272,95.29390524320867
20.241249900000003,9.04554966680205,-2.24548604793171,-2.35433398617925,-89.82939521779448,-87.39454849744679,99.10330660016037
20.2512499,9.558060488000443,-2.055450567716064,-2.515682560880449,-96.32782799499432,-95.59520450594466,101.32362850748274
20.261249900000003,10.553758115749412,-1.8767969973356398,-2.68650703488404,-102.61324829845948,-104.41488766333812,102.44728659245628
20.2712499,11.94030704409915,-1.7633728287980053,-2.8326606122850007,-109.11364337144236,-113.76453336072464,102.49767377023146
20.2812499,13.727386223329084,-1.5429330883783,-2.8489286358205868,-117.47759464077295,-122.87694336944352,102.20807557471952
20.2912499,15.79168260378865,-1.1451132697938315,-2.654472287172406,-129.93457300897285,-131.68974513824648,102.02469209643351
20.3012499,17.903389337758924,-0.3316003527217721,-2.5218018968770433,-146.7907030530752,-141.03728852421224,100.65783088862409
20.3112499,20.00570900642634,0.9905948974090245,-2.4355193510961186,-167.22339103956844,-151.39389447432228,96.78086348631895
20.3212499,22.320094511597542,2.0079832433342815,-2.010133576873834,-188.01981862048837,-162.64106840280823,89.8486500127127
20.331249900000003,24.920460665360885,2.3628074476251903,-1.2813714229032895,-205.1245852592756,-173.38455508278074,80.66885500833662
20.3412499,27.483214128932328,2.8211950634416274,-0.5244711103825211,-221.42536487607364,-182.80479582329085,72.3645410897241
20.351249900000003,30.319463901136412,2.333421338937647,0.8064020453901151,-234.76583117782846,-189.9845678555726,68.88604270749954
20.3612499,31.743597824108235,1.0032903755148173,2.1671566178265205,-242.32291068038347,-194.01797459912083,74.7903871264221
20.3712499,30.003349329690334,0.42048655212017644,2.875519021250531,-248.426591317973,-195.62176442655078,90.30943305839484
20.3812499,26.825666055860395,0.36021829187013304,3.351532365913174,-254.5414108210789,-197.33893512990917,112.08663967501023
20.3912499,23.91402133623294,0.48112944143345726,3.2101982265237927,-261.535582750855,-201.27256862166695,141.4407392127555
20.401249900000003,20.20707910231335,0.0004954672473694265,2.5112153068905525,-271.0795776428651,-205.39565274816903,179.31626996404034
20.4112499,12.816112552563057,-1.0960692269702905,1.6540865751191438,-281.3078412786929,-215.41321658365607,219.99769331829614
20.421249900000003,0.8602260385126573,-1.0894819123825672,-0.8672177810834016,-300.849497258846,-241.27959182495718,261.08116982963435
20.4312499,-13.604993594060925,-1.1759787968869462,-6.7947043481328295,-337.6199098311809,-275.38573533637384,307.234911212202
20.441249900000003,-30.579817134236404,-5.167221556996833,-12.708247686130631,-370.69666433326955,-317.4690279388385,362.36751036619694
20.4512499,-50.589055967601105,-9.100299603777792,-16.829145473712835,-382.0186062190063,-351.24086388953873,416.39989275398176
20.4612499,-66.82613484331448,-4.9241625402691405,-22.581502419325325,-388.5013185035135,-327.61377067967425,425.90030805935027
20.4712499,-63.284974705632735,2.617497856353467,-22.988032007578422,-418.59398182494357,-245.67573741484145,356.9914025049088
20.4812499,-35.03509353790266,-0.18765609736647137,-11.766607926400498,-413.7743450751657,-110.44651573908982,227.6937599189811
20.491249900000003,-12.962197899036761,-6.476321085213674,0.6424413251661046,-355.2555385582301,33.003124023833024,77.31595900669163
20.5012499,-12.226598418063269,-10.067144294396774,5.6664375270328025,-244.8300532851598,107.76500599269039,-60.900857440229146
20.511249900000003,-12.580126457137176,-14.827538173321857,3.574595517509014,-62.97162503941143,147.65275741896227,-168.9859916254334
20.5212499,-14.324741016090458,-15.596313420622174,-4.435517949246278,132.69907654632627,176.58129805918855,-235.91294912672723
20.5312499,-22.050674063325935,-14.049930412043695,-11.468387860616518,298.7596743368106,178.9102953428914,-254.51759760343327
20.5412499,-26.301061153646764,-10.19740356722466,-13.568364695414745,408.44485581859703,166.31203846847492,-239.69964045484923
20.5512499,-24.547219051639036,-3.127237697700114,-13.230035640284209,454.822600466125,147.55077093051972,-219.07353874118334
20.5612499,-18.755462443469842,4.481109648440978,-12.784477407673254,442.82823710138416,127.43738207411606,-208.34432554617717
20.5712499,-13.107999560546158,6.343924124343004,-12.491494189194109,404.19311047608085,113.99226296734068,-205.13886045953296
20.581249900000003,-9.8333761616382,4.123984364029654,-11.691944293761484,353.5253320059441,107.73314586587456,-189.37386707124725
20.5912499,-6.576027148147495,4.1306566671223885,-11.16205500117437,286.1744829693653,101.79078243025931,-163.04290718698144
20.601249900000003,-2.7809956942133547,4.513941139760441,-11.257668877427761,222.22869505668118,92.68768203902135,-143.803145521985
20.6112499,1.2638755368333974,3.650792595895008,-11.54207377388439,168.24873333731955,88.4928936719071,-131.02643361527765
20.6212499,4.657043287177048,1.92423423290091,-11.481844308744385,126.12725843132489,87.47027784627063,-119.60232747169998
20.6312499,7.65658699854667,-0.45248644264575866,-10.348000502327565,97.05110291985174,88.34801017068769,-105.9388424809887
20.6412499,10.330496237801198,-2.604505274946197,-8.705359605454941,78.57591703267454,93.10946472565047,-90.8211756452307
20.651249900000003,12.17720864204702,-4.350017565383613,-7.656182866476793,70.30264684820445,102.7386674216617,-77.20987269611693
20.6612499,13.011638997230987,-6.064305038438636,-7.1433091085507066,74.8128755704034,115.0439313616379,-66.47832882872098
20.671249900000003,13.318025398386926,-8.433958703322507,-6.828818559797024,92.80761467447675,124.94727317820666,-58.41667718957739
20.6812499,13.716259285985466,-10.860111963916136,-6.369877662266669,118.85373195628402,130.79104877827953,-47.3945734017004
20.691249900000003,13.598766312765347,-11.274910442809727,-6.056603084805199,144.25758123343368,135.99687246086745,-34.827893304959346
20.7012499,12.516507220086934,-9.994569507836372,-6.407131658944744,164.6024771333029,139.66047084243425,-28.999750234376844
20.7112499,11.423616132384316,-8.674887257263432,-6.769962128995244,179.792463271671,140.64386359343996,-32.01165692273226
20.7212499,11.002003819963004,-7.96982321761716,-6.694688314313383,192.27705267381606,141.2792079649668,-40.34726469088237
20.7312499,10.82759833220655,-7.765386087723101,-6.365240549763189,201.3401055167333,143.37137015154084,-49.508322743659335
20.741249900000003,10.192773541184252,-7.374953622029228,-5.690070630277202,204.07846339795,145.67597913185966,-58.31788943078032
20.7512499,9.901518994114959,-6.585967432179215,-5.070246223289471,202.16416007508414,147.5716791978678,-67.40468857041857
20.761249900000003,10.360298186242746,-6.080245103760768,-4.7535898136101755,198.84574715513887,148.5318987240633,-78.74648635671775
20.7712499,10.48290075121335,-5.43882351823779,-4.4010814877200755,191.02431570230706,146.80268834437098,-94.49148902138509
20.7812499,10.176717194884953,-4.414717748847873,-4.128202867363069,179.25597306661987,143.17841703465044,-110.2467741660708
20.7912499,9.794337853152141,-3.8617569048958504,-3.7950293229853886,165.08027750963785,139.99471951513027,-125.11721156393895
20.8012499,9.15360388767612,-3.977140426215148,-3.229509075384316,148.92998187342042,137.7602229176542,-137.36784441637752
20.8112499,8.568343061077393,-5.257613712928838,-2.9167999083812854,143.00953698679487,134.82965209634992,-142.18601525038224
20.8212499,8.084184646434652,-6.435675432964666,-2.794805703766676,142.30606189705384,129.4015364761561,-140.80943227553195
20.831249900000003,7.621038395764464,-5.966814187748559,-2.4025815028827395,139.69351638436652,123.97481421091362,-136.84369306813664
20.8412499,7.5479360474225015,-5.772619427721779,-1.7585756443251146,144.30083452903787,119.93314411843588,-132.30206904424884
20.851249900000003,7.658263488369108,-5.8126636143845625,-1.048366122926742,152.67059407740214,115.99521373124381,-127.82364111892883
20.8612499,7.5631124861539005,-5.2095764169039365,-0.48693784236768545,158.92375538401706,110.46990399696469,-123.08391199412627
20.8712499,7.457937500163248,-4.434285123306801,-0.33280008990488774,162.85670454197628,102.52307616550321,-118.09446768214607
20.8812499,7.46625851785843,-3.854505444370882,-0.5332656267924573,165.34718723141623,93.41805589021655,-112.98014355997778
20.8912499,7.309244301554648,-3.2428536473798677,-0.8036854668271323,164.65958586154886,82.88029408479186,-107.17652315141015
20.901249900000003,7.042856502576484,-2.77834526570625,-1.0626497746492698,161.2150089600807,70.68136099313323,-100.52623266577983
20.9112499,7.255074651513947,-2.3139121232739166,-1.2925642480749107,153.03733351717102,60.40770446241397,-93.04148360479469
20.921249900000003,7.348992064028627,-1.348116516770898,-1.374998721715289,136.16187047235795,50.15103516175253,-85.21425135491204
20.9312499,7.475059657932683,-0.3871339165647441,-1.2737333130330706,113.68842000500536,40.830161067860146,-78.7304179000299
20.941249900000003,7.963907833299292,0.30123719047253283,-1.0518502082372043,87.12482292838003,33.836311939911326,-73.97426698752034
20.9512499,8.382481853446786,0.4640922898110634,-0.9042709425358363,59.06128545876058,27.808771500158482,-68.70363409117421
20.9612499,8.487199805906858,0.22401101417736263,-0.909956314343218,31.878453311977907,21.782171944479884,-61.78363851051876
20.9712499,8.327148928001016,-0.19724641868750217,-0.8335461425547525,5.500413677000611,14.911106776601233,-52.73468875897063
20.9812499,8.187759349933886,-1.0841548675474382,-0.6217350306682881,-15.720396234987842,8.046775899614586,-42.02589305566207
20.991249900000003,8.14617177585308,-1.856375361407538,-0.5367770628387443,-27.049730485291338,3.1236977081723847,-32.70808236816824
21.0012499,8.13200333659897,-2.4411959534516225,-0.5358330070465925,-32.792433068454194,-0.5711734996000593,-23.899558045769787
21.011249900000003,8.147165307895524,-2.8091966725863853,-0.45487134441217736,-35.64585249918957,-3.690640748376688,-15.638851210974305
21.0212499,8.321090391452467,-2.9184296064763147,-0.20930719969914044,-36.205510054208915,-5.903379638352277,-9.022234592420306
21.0312499,8.63274820113379,-3.0376044994614784,0.06480775257972839,-34.766815746066015,-6.7264306061050245,-3.7572037020389066
21.0412499,8.779633316561469,-3.3720204856998697,0.347152212744774,-31.064112572856587,-6.774649873628755,0.9149590158480978
21.0512499,8.752299567188178,-3.8410151592837023,0.5901248404204151,-26.212515622283593,-6.363437396984432,5.720046913074038
21.0612499,8.802405466278927,-4.160689857733557,0.5177841411611969,-20.134601943306325,-5.2617667017344845,9.629871691503082
21.0712499,8.865208412809533,-4.2662825228685755,0.3551307268253505,-12.802674320180047,-4.532566114183732,12.040055006227487
21.081249900000003,8.896128270258732,-4.2630199119558005,0.3396593795469314,-5.319431997904206,-3.7685488578762945,13.65626200008045
21.0912499,8.889390595621787,-4.231415002662236,0.4837800502063879,0.726873112122404,-3.066322323369425,14.833813542616568
21.101249900000003,8.944940244713113,-4.302792930906952,0.6902396168956523,4.796179964264972,-2.345374923930561,15.358304944383162
21.1112499,8.982576946290518,-4.165979262668796,0.643594618293028,6.803729808959112,-1.704287673322028,14.972828411460759
21.1212499,8.849604970484954,-3.8898001698199747,0.37848070360068714,6.872629239090917,-1.6983026452932604,14.05064110363952
21.1312499,8.680008956523709,-3.7173495254693756,0.13659679714329226,5.1161085666439865,-2.087270749948367,13.56032123634104
21.1412499,8.587674139154885,-3.5896509025590735,0.04155446215782024,1.2577989206099955,-2.9306710599915706,13.820404175110976
21.151249900000003,8.583020739208715,-3.531341470722611,0.09428205543558563,-3.6089310253478635,-3.957643450339186,14.345163168767199
21.1612499,8.623669966850347,-3.520854867926625,0.1578024512795145,-8.49661201761739,-4.266059206087654,14.89837863417618
21.171249900000003,8.611427181640536,-3.645303247234947,0.12819428951754114,-12.590915810957187,-4.394223046317161,15.862524354579895
21.1812499,8.691784172684187,-3.8691966020300694,0.057003737618938455,-15.746122179515428,-4.8714125674042,17.416544119031354
21.191249900000003,8.795995435283706,-4.03628391769139,0.07495635381211287,-17.380361350006073,-5.665951846821225,18.862256783974715
21.2012499,8.706354711202371,-4.144755220623712,0.15194996704249275,-17.428393543677164,-6.561492135803943,19.70342306805717
21.2112499,8.52746940058599,-4.304649114504145,0.10559553194693605,-16.936312168668188,-7.467381501668643,20.450398289945365
21.2212499,8.404678184229551,-4.436429687650195,-0.12673063281066543,-16.56699241290199,-8.717064318094119,21.18416797626862
21.2312499,8.33007354636688,-4.489665458773766,-0.32495591057041195,-16.958592953882498,-10.188040613951873,21.72216661850345
21.241249900000003,8.260694133758163,-4.4189745084167775,-0.4443814962674432,-18.15148668110288,-11.263229837022944,21.67774027126817
21.2512499,8.2262769869452,-4.283183108326756,-0.5308299654434542,-20.043989655731956,-12.249110472612232,20.80283037677124
21.261249900000003,8.360479226020495,-4.249575023835323,-0.5041832463422352,-22.41831377269321,-12.444140719560085,20.170795819112847
21.2712499,8.61520328721305,-4.236302484896988,-0.43589141926844593,-24.548115069515237,-11.69224383241358,19.89912428909807
21.2812499,8.830621421420581,-4.201311038647404,-0.4059970371869091,-26.07281947263454,-10.471356381572633,19.976275505132826
21.2912499,8.931667210418023,-4.15613418268027,-0.4263302015873649,-27.5467653149227,-8.874410158891852,20.98183214383808
21.3012499,8.877918694477302,-4.0889831089307345,-0.4662248412599326,-28.652861254476456,-7.691609356279376,22.45886942483134
21.3112499,8.727717928929717,-4.099075783995427,-0.511047623694795,-28.50932043400948,-7.35830168815662,24.065535715390716
21.3212499,8.505632328004907,-4.14623949865381,-0.5459317533165446,-27.372316013216526,-7.858097944515223,25.939599742600187
21.331249900000003,8.227165590789694,-4.154950383454334,-0.5637495861632625,-25.529381515880306,-9.596881589080494,28.49457337135254
21.3412499,7.946593314665322,-4.1196603074991724,-0.609999178877856,-23.614112972588675,-12.31513453010494,31.328862214651984
21.351249900000003,7.686442840451016,-4.02407530695986,-0.684878978540884,-22.425063204178016,-15.987858298142445,34.67929296110113
21.3612499,7.48353761115455,-3.831431384482629,-0.8428247535578721,-22.694191117720617,-20.71225542320087,39.27571484047664
21.3712499,7.369861020831236,-3.5272992693756997,-1.0634279060633338,-24.766318455928293,-25.962582146411965,44.59214625535339
21.3812499,7.370693929467422,-3.193522585763673,-1.2223093628663764,-28.45055514461149,-31.31263755941774,50.34233931844746
21.3912499,7.477349470934828,-2.907099336036756,-1.2992289415352756,-34.78304113536673,-37.39627157339603,57.71745996968693
21.401249900000003,7.62158350439473,-2.705303231315571,-1.353200903195306,-42.43989029843643,-43.73207977740909,65.76148558900384
21.4112499,7.679214813524402,-2.5801140798595257,-1.460197902238256,-49.22828802222668,-49.49251802841355,73.22812912263187
21.421249900000003,7.734024133790362,-2.4465725830147673,-1.6256588617674372,-56.557721774302514,-55.38145613881275,81.611635295653
21.4312499,7.924430149785529,-2.2583462650853328,-1.7707349017661793,-64.53643394845292,-61.63767055106521,90.71355337214328
21.441249900000003,8.286722610228397,-2.1112518738853545,-1.9206642006175298,-72.35300239097438,-68.66660357446422,99.58841195528365
21.4512499,8.800996000663817,-2.042439300873428,-2.129669464066605,-80.35175639202703,-76.2538464065819,108.50324705412956
21.4612499,9.360613595997227,-1.8561752763941075,-2.3819313689676362,-89.98168491289775,-84.39179565811867,117.51007395046464
21.4712499,10.057074830126304,-1.510787609010866,-2.6605078349135676,-102.17969348352668,-93.38625361934457,125.40588835515702
21.4812499,11.138405731365896,-1.089818046557704,-2.9770724240390023,-116.42146656244073,-102.53901042591994,131.57542679972954
21.491249900000003,12.705061426432945,-0.410662774436997,-3.221665878052508,-134.2910714864745,-112.16449133391596,135.85488944114505
21.5012499,14.787405526985186,0.44997051720370124,-3.331427430938826,-155.87957640539688,-123.70207759430387,136.87324969359418
21.511249900000003,17.37484028413177,1.1223931822928248,-3.3332189055665733,-179.21218746193887,-136.64479664914035,134.49571636385681
21.5212499,20.28654796672019,1.5688672021389478,-3.0884949648821904,-205.25418920291003,-150.05316513091591,130.62280320872534
21.5312499,23.621253384861816,1.9816180336105786,-2.9667258479411225,-236.57605983892034,-164.83371058212668,127.16659389110605
21.5412499,27.473325621604946,2.1582288596685446,-2.9782076033988774,-269.8290250755861,-178.29654639852887,123.36747280029486
21.5512499,30.635028687071564,1.790455817055004,-2.2944354126229527,-299.6855227271568,-186.5708768971994,118.86133065434517
21.5612499,31.754367745861508,0.8467337826174418,-0.8543607002350864,-325.9488051535999,-190.3126043372809,116.90334459235277
21.5712499,30.68912723426324,-0.6550914333059324,0.3486553077524875,-348.8464564854487,-191.0150385349866,122.03702875536989
21.581249900000003,27.63787594807873,-1.575448250926851,0.37575404468502394,-368.7212497718872,-190.55982938524832,134.40355206086764
21.5912499,23.49915233390638,-1.5241517228209736,-0.31495110205370297,-387.2726790349608,-192.60826026870112,150.82316953632832
21.601249900000003,17.7694590530791,-1.7710771262238776,-1.2897676322211271,-408.22914320470016,-200.28631474866685,175.55572377104323
21.6112499,8.603615169907757,-1.9001243566815595,-3.2254702091534284,-431.6578346510835,-220.28878831551185,206.97862502365888
21.6212499,-2.7363202042616734,-1.689443768468842,-7.212669663867225,-454.5884041047586,-250.32979406723814,240.23027286917875
21.6312499,-17.01219361813123,-2.8813623788045457,-11.220772302585026,-474.09652739721787,-288.8745252168882,278.21601394021934
21.6412499,-35.983600598606024,-5.244134090993817,-13.435083576279155,-478.6335294905449,-343.26302531074975,316.1145672592745
21.651249900000003,-53.64785163050969,-7.5062817262607,-19.10266686802732,-446.6762269068373,-365.7351990205589,339.82272941311106
21.6612499,-61.586265115500254,-6.120395246940015,-23.811516491285946,-401.622117554685,-316.47673820057344,326.99565255955235
21.671249900000003,-49.13915567518996,-5.210881475540733,-17.6672045365032,-341.8720133656762,-205.30797850908544,270.02590709636587
21.6812499,-24.8925783876481,-8.78140786635753,-5.281258463963824,-246.23694774471022,-66.22341298935807,182.0879090066045
21.691249900000003,-14.934365446418997,-10.360773157389382,2.5718167890378654,-129.83875522911984,40.39542274296162,78.48797095011894
21.7012499,-14.773274795346666,-10.718462448979778,2.8221193114529446,18.592352749106205,108.35355229923462,-32.70808602710056
21.7112499,-14.90446155698398,-10.931719725565763,-2.164178110960144,173.63758678227313,157.83971052388,-131.23211755114573
21.7212499,-19.146399839653913,-11.150124139312737,-8.879712544896401,302.9259851354479,178.45817428998618,-188.5368055798683
21.7312499,-23.866017813434045,-9.936649065532167,-13.528723854786936,394.1052154558403,177.61838045568177,-202.81241863812065
21.741249900000003,-24.92080859745516,-5.426925376338093,-15.046857550313755,431.48119206671333,162.10540644807924,-192.9200233732793
21.7512499,-21.470857976969207,0.42212401250855186,-14.719228422824921,421.06284658632956,139.112655546952,-184.04914747046632
21.761249900000003,-15.969123433790154,4.021613903711643,-13.458363492567841,384.71460270871,118.60071546746985,-186.56689310013928
21.7712499,-12.01840776988105,3.4466915550775283,-11.727871006385076,333.88995519385963,105.52974280696797,-186.04196220763038
21.7812499,-9.064056667646689,2.102130510719226,-10.134291056441667,270.8021549837861,100.00971267414754,-173.74152042276964
21.7912499,-5.3185090979497485,1.3974059875510345,-9.780753541351725,208.55996608462195,94.45725445279056,-157.2521029026771
21.8012499,-0.4848110525646168,0.7886995269620934,-10.427695621780178,148.99831828895196,92.0500381156546,-140.4515653654045
21.8112499,3.7876072933161558,-0.25347747138244575,-10.709922329246153,97.85921924510369,91.37647906247084,-125.54039103289017
21.8212499,6.509586884102681,-2.157542622131183,-9.881117650429626,66.7379993430226,90.89430238224271,-114.51633884251012
21.831249900000003,8.263099309289805,-4.16435790193794,-8.34941229851991,53.90747674830471,95.63411304925198,-104.72928302497814
21.8412499,9.667897287050623,-6.219164750204081,-6.979000204783087,52.988762395083945,106.00475503500748,-92.78043146769572
21.851249900000003,10.650065783735492,-7.945833023455443,-5.916072866988011,63.44029578550649,117.07351306742792,-80.7027923616132
21.8612499,11.57555879876127,-9.004623522671979,-5.281738809829221,83.57999041374072,124.75471255485395,-72.69118044059347
21.8712499,12.640865413809284,-9.897696857490274,-5.323287269434766,112.91796588650848,126.75041782809286,-70.48023954540075
21.8812499,13.53992014939514,-10.687159229185603,-5.681357383457329,146.59913009436968,124.58519928516769,-69.08057021025809
21.8912499,13.369173194340593,-10.016824277863307,-6.0917106166797215,171.77422379811958,122.34122107482523,-65.59532440876326
21.901249900000003,11.77359316309137,-7.584204510653398,-6.678344871731086,179.9410186823325,121.51767768652529,-64.21450368629534
21.9112499,10.228081837679248,-5.508799193812381,-7.120835613042763,178.17829420456133,122.69666212420402,-68.53141917772172
21.921249900000003,9.618613256764554,-4.64648363258297,-7.206473356509593,172.33596254881277,126.1856741465759,-76.20108777579334
21.9312499,9.450606461611304,-4.175488113876991,-6.937130012169083,163.34047067733496,131.78375205514425,-83.17158496454624
21.941249900000003,9.62714090913777,-4.2597711485455365,-6.126737051578671,156.59569571354842,139.70267682730773,-87.78694189227302
21.9512499,9.982804594654317,-4.354984285136728,-4.966148334943798,152.1580118452014,146.5984573095369,-92.56502686428216
21.9612499,10.447096573174091,-3.7896476708208557,-4.071543635504955,147.99528742483602,150.0281209377282,-100.5697930626576
21.9712499,10.718773600475943,-3.2000151416441667,-3.745795875823852,145.26420519320388,149.1717748480022,-111.50975257554553
21.9812499,10.636835131861064,-3.0565417718810517,-3.6134537197405288,144.64855626987492,145.24638893285808,-122.4243965772015
21.991249900000003,10.250413418049735,-3.3961502955661143,-3.3796042006033695,145.68753579798323,139.39277957458089,-128.70749352458841
22.0012499,9.550914176341623,-4.163338583417705,-3.234378965725204,149.47778707711373,131.68914969295167,-127.98264456394836
22.011249900000003,8.792786805565246,-4.485060214914837,-3.013221516825461,152.66573675244962,123.97711330574967,-122.2596803570593
22.0212499,8.163840487543434,-4.037989840300863,-2.221361906127685,155.28951657607075,116.89634317882414,-113.83619838580609
22.0312499,8.050734888384305,-3.425814368121421,-1.3247958008036265,158.7062177976757,113.52356358675434,-107.84004630779428
22.0412499,8.083788143881119,-2.90247359489578,-0.8276452862708337,161.27471013320317,112.66769360927516,-105.1590094783322
22.0512499,7.840449563710081,-2.3839330678410584,-0.7616533558142768,160.6273461373682,110.3066510934653,-102.01905139614759
22.0612499,7.874895886474679,-2.469449553518023,-0.8464147803675848,158.23267093816034,107.53044601520381,-96.54355521733295
22.0712499,7.798665412097596,-2.809784738087874,-0.9530025683554684,153.8521821391077,102.18990664858119,-88.53522737983873
22.081249900000003,6.9013896445010205,-2.6643138806066955,-1.20141980268852,146.67395697252667,90.10776501222419,-80.31263600915659
22.0912499,7.3001389781642665,-2.6448421080975524,-1.5405110585436366,142.28907310163234,80.64520720745547,-74.24313056646218
22.101249900000003,7.931478849416882,-2.1229752109746443,-1.7510050850877752,135.34332009546415,69.99390975034066,-70.83028861914816
22.1112499,7.66342135464106,-1.2785512514448925,-1.6558174328902704,123.50412346279793,56.624522639387116,-68.93885761161246
22.1212499,8.014787643025908,-1.096702636085446,-1.397436372946141,108.66836839371051,47.138068525792434,-67.2810820002527
22.1312499,8.480629969316148,-0.8227036157434774,-1.2656487748486167,88.38913174810759,38.90129067877893,-64.94671035321313
22.1412499,8.935741966998693,-0.7975049994051218,-1.2425133885666078,67.19967759368578,32.22281145712163,-61.240586142261776
22.151249900000003,9.018591554819537,-0.9327384421916108,-1.2474931582229356,44.11165994864238,26.04569664723108,-55.70520328601859
22.1612499,8.894214155188475,-1.0801959506234684,-1.2814275520675118,20.70124081047836,20.526865396643014,-48.69393208663317
22.171249900000003,8.859770375438467,-1.5334845522713272,-1.3478970016931482,2.256244549849492,15.837478903301928,-41.26358308457495
22.1812499,8.770281555270406,-1.9890610519799081,-1.352110609189302,-10.627852052261021,11.539089342763544,-33.58523402378171
22.191249900000003,8.609205845693886,-2.4037952212632403,-1.2026949548416939,-18.120993285971473,7.723234891732516,-26.088750412184492
22.2012499,8.544844045672646,-2.9246265458638514,-1.0292820430675291,-20.262344416723128,4.630642924049524,-19.13631117084399
22.2112499,8.682310645868245,-3.246465842588262,-0.9237036008611128,-19.249965077412693,2.3653595794510776,-12.605195715298233
22.2212499,8.838808938214395,-3.267847178750903,-0.7024760757058247,-16.742527663498688,0.5745763988364502,-7.256793558122563
22.2312499,8.892771424205574,-3.4101309306241605,-0.35279168787054016,-11.474160763121832,-0.949697901744428,-2.7549354468357383
22.241249900000003,8.87425644308204,-3.7771250912412015,-0.14153060179401517,-4.396659468076661,-2.1630276463234397,0.9104313864201109
22.2512499,8.803925856588249,-4.035144391247264,-0.20276284527640054,2.985033903873868,-3.4493353829382274,4.0082476453054685
22.261249900000003,8.719495763804499,-4.134865839535429,-0.3546026946643966,10.455204622707665,-5.046296127534337,7.459628112521284
22.2712499,8.634340238113428,-4.128789045967854,-0.41621872596166143,15.248346670052381,-6.664705187789394,10.82395618689793
22.2812499,8.676267190780639,-3.9762429876302403,-0.45186667218614024,16.707254985128206,-7.570991472418365,13.246750816798535
22.2912499,8.767660594156972,-3.7698074149347196,-0.4692828236848973,15.108165867738327,-7.9603557848980975,14.155414354397093
22.3012499,8.800444635348311,-3.661311632207269,-0.4362179161754828,10.405110961629763,-7.8149329105093495,14.126142192769482
22.3112499,8.861520778075704,-3.648814230272098,-0.3740004573927471,3.8120115286797085,-6.815600909488419,13.233925695276154
22.3212499,8.916644770059865,-3.764861443492663,-0.308197053976116,-2.760617888929262,-5.39735461060346,11.356096419258735
22.331249900000003,8.917303586569425,-4.051097624742848,-0.28448533682450744,-7.799654401899007,-4.286649915951483,9.389428794264159
22.3412499,8.82934367623002,-4.418418726781683,-0.29333252879005167,-10.656877294139404,-3.2374481336761898,7.959842149622374
22.351249900000003,8.693715593808289,-4.61495861266022,-0.41618714202775525,-11.812575710426488,-2.3862045254897826,7.210668942806812
22.3612499,8.638221745984408,-4.676480879548421,-0.5323910696570828,-11.975314176711349,-2.3077032522711787,6.814060027818511
22.3712499,8.653829979766858,-4.80222467343732,-0.44256045978806985,-10.86046705442965,-2.325224659434704,6.560772914505066
22.3812499,8.700527841953066,-4.841032327037156,-0.3916870626754039,-8.585945085574794,-2.190163349686841,6.376536842908167
22.3912499,8.77693398891613,-4.767117939367362,-0.44426097031836176,-6.150095721855582,-2.148987051402137,6.26944865143375
22.401249900000003,8.849466999843209,-4.733303289737492,-0.4366052658223445,-4.134602582029634,-2.0121344793227562,6.5115181524803
22.4112499,8.901579261316112,-4.6557304541548294,-0.4207930438900679,-2.693844774953716,-1.732029494474126,6.713370080185926
22.421249900000003,9.01268466425958,-4.537736908193763,-0.4066344534274757,-2.014812280638708,-1.218112193248079,6.694089397016119
22.4312499,9.136002113835598,-4.516824446371784,-0.36050211580434405,-2.6369411080117597,-0.022271602926743104,6.701121197361995
22.441249900000003,9.102334289759677,-4.4130914258546685,-0.4062980692087239,-5.142243735941689,1.7309436798561473,6.3866261911035265
22.4512499,8.970238371060711,-4.276116067042637,-0.5417115090094095,-8.14871459580062,2.791206784161156,5.47474019809502
22.4612499,8.906965161159304,-4.339327204963271,-0.56953311004116,-11.377633637195238,3.5292346570796598,4.167489240669932
22.4712499,8.863288619153963,-4.434130893393881,-0.5213773306271153,-14.336649623780954,4.458716756984444,2.6871734371889238
22.4812499,8.758979537670104,-4.472570109915455,-0.47881302615050264,-15.735594885879536,5.196279696007648,1.1408438385760864
22.491249900000003,8.589474388575885,-4.589317744134176,-0.3895798938072992,-16.0186595814618,5.341456943736566,0.1662249793187986
22.5012499,8.408320812951622,-4.769575705803179,-0.31857118114436755,-15.153153959008543,5.211070480637368,0.15560437199087743
22.511249900000003,8.317528775226982,-4.808958369268471,-0.31455209685013497,-12.847206272120042,4.530349766447299,0.6262272016401795
22.5212499,8.258422950436287,-4.742986873911737,-0.2925055897497034,-9.614580062482448,3.322666828835742,1.5395900687359096
22.5312499,8.160973315519081,-4.677470785712441,-0.24361688887133334,-6.228855903587198,1.921928370164822,3.101301320912755
22.5412499,8.061331862077898,-4.473102942771466,-0.24520300255727,-4.186768545316039,0.26765692197043517,4.895814102584402
22.5512499,8.05428871716111,-4.218549658852747,-0.2772289502343113,-3.556339382961318,-1.4651151542966654,7.066862897072884
22.5612499,8.099789247440185,-4.0241420405852955,-0.3009377996564071,-4.259584464150308,-3.4312106048106146,9.772638654908816
22.5712499,8.052073124855632,-3.7778701560859242,-0.4014118419608416,-6.723819117099414,-5.744699786844356,12.722855545718657
22.581249900000003,7.99024146926462,-3.614004623620796,-0.5240414005853005,-9.567144534960923,-8.13927485571102,15.90461788010981
22.5912499,7.959066535844206,-3.5459396674891637,-0.6305179249380576,-12.808977752823246,-10.89321389456038,19.300860679607048
22.601249900000003,7.880416219976788,-3.423718138586087,-0.7701280099363605,-16.791541080404322,-13.866178711272319,23.13352045920465
22.6112499,7.804470117904217,-3.306892411910121,-0.9422268533073436,-21.19873323981953,-16.910077697422835,27.57108925278697
22.6212499,7.703525456724932,-3.2036787768870245,-1.1215830538961147,-26.455088294584055,-20.189692013140586,32.47603837631411
22.6312499,7.544334092184961,-3.1593681425809343,-1.2548846868423706,-31.982931181140497,-23.44126926736951,37.38862618737615
22.6412499,7.387361597642031,-3.1596983324596715,-1.4075571657120045,-37.63315130083193,-27.009004836194165,42.83644088641539
22.651249900000003,7.36254564403361,-3.0888247604104047,-1.619928945755432,-44.28619840509321,-31.434576951939754,49.301699551943855
22.6612499,7.475670089314578,-3.0345311437783606,-1.7476326790688774,-49.69192155440673,-35.61126350343319,55.14129966832942
22.671249900000003,7.571712054035442,-3.019123034857014,-1.7706251683732632,-53.99939049787548,-39.93836630311382,60.70889365864292
22.6812499,7.666150682184178,-3.016672845034301,-1.7077598856893366,-58.35314411353895,-44.36619578800103,66.83486978722979
22.691249900000003,7.811407964163544,-2.9219889312583334,-1.7016334014852508,-62.97793661765558,-48.66167426295001,73.51083076596552
22.7012499,7.9925674043486605,-2.74149152408465,-1.767398578809555,-67.82740275676312,-53.37127452955437,80.45250407660045
22.7112499,8.276695633914994,-2.588052859049439,-1.7653030336932876,-72.65151454872095,-58.20935240947434,86.90464969620092
22.7212499,8.652634867083467,-2.469918290392249,-1.7713292380491692,-77.8580922776283,-63.58005066163338,93.04263627270461
22.7312499,9.086764451595595,-2.292191947579008,-1.8794657711760374,-84.12291854693967,-70.0627752143725,98.86512358315262
22.741249900000003,9.665221959002569,-2.058733756082483,-2.0440292033409286,-91.35847428949504,-77.37207944568594,103.90581299532263
22.7512499,10.435021358310966,-1.8559453302488353,-2.200639836585275,-99.83075289048952,-84.99274912750802,108.52316310269573
22.761249900000003,11.383429054930044,-1.543318205431631,-2.3648766836109405,-110.94415989052087,-93.2718476370468,112.42193446678297
22.7712499,12.670028395523193,-1.0676483944568718,-2.5468053452354558,-124.69452962849758,-102.26635224773925,115.23158001155622
22.7812499,14.232416192255235,-0.5666878049460793,-2.54087299211114,-140.3657695671975,-111.7798121911951,116.42910334696353
22.7912499,15.81638210076909,0.015795562461550446,-2.2615805588567968,-158.18919742258817,-122.15894174652473,115.30866200347621
22.8012499,17.730711106173818,0.47215468137432787,-1.922827888922699,-176.49185081140004,-133.85743640945125,111.36642020217917
22.8112499,20.305467910566875,0.5005387795777632,-1.4658189752221218,-193.3902031187333,-145.72182606343011,105.61554995494005
22.8212499,23.05406052225907,0.5778329811022803,-0.7074443663485287,-210.2776603445382,-158.31999372847582,99.00812030999013
22.831249900000003,25.999808067963706,0.6940846807042036,0.4298093124427635,-225.52009956884555,-170.58860922187546,91.93150462997224
22.8412499,29.524144154684347,-0.07153734614619306,1.86949408264418,-234.79164270463295,-179.03634871712794,87.28472600416424
22.851249900000003,31.609282521350096,-1.1786886812410113,3.022546720626582,-240.60716481372074,-186.2593383803818,89.8405127953727
22.8612499,29.726678011964843,-1.609929592758456,3.566576244679677,-247.2397820698241,-193.6662655170482,102.04953657704414
22.8712499,25.874038244309485,-1.2977970750234775,3.336726308720624,-258.64960466875505,-199.44503576251282,120.69747397278431
22.8812499,22.27073947304329,-0.337038390638472,2.437650016619727,-279.6035679444136,-205.01379301803706,146.2923818239183
22.8912499,17.61463521517769,0.9060330024181751,1.080753286602232,-310.44723330732285,-212.33873216148476,177.9999863598727
22.901249900000003,10.20793123765746,2.2617010929320958,-1.1522390231702304,-351.478688997999,-227.58437528118893,211.68987890877753
22.9112499,-0.9631084876103444,3.1084283735670053,-5.567304113330142,-407.58892030638236,-253.29777028053226,249.05367196703688
22.921249900000003,-16.395175830342403,0.8776845651113155,-12.042242490316356,-469.294909936069,-293.2600460397919,294.22418639233723
22.9312499,-34.256450558139186,-4.108894108593541,-16.128204560945154,-501.1330237689344,-351.8659226712665,345.2869735816121
22.941249900000003,-50.61025922566637,-6.745130567376562,-17.76623826339231,-496.46092320745106,-396.44798282655944,380.51901995451385
22.9512499,-61.68274095153749,-5.074929633279901,-20.73134605203135,-476.9137818281503,-386.39248545501886,367.8616816020147
22.9612499,-56.70895448954937,-4.543348358013239,-19.91819562047514,-434.8714871454294,-302.5792618295503,300.3425254072791
22.9712499,-31.883677588913663,-8.287991381987977,-10.459293560520813,-346.4656302053208,-156.97318234556744,198.83790360380192
22.9812499,-12.836473854283451,-10.145979057327459,-0.6705120211636082,-241.81181918780848,-20.627191740755798,90.44924183168806
22.991249900000003,-10.226515457173434,-10.636772503554942,2.77251605820218,-120.24575202874712,64.70703904202055,-12.457955319408658
23.0012499,-9.910088694928723,-10.79983535957008,-0.07073281457187978,28.622958197284568,133.13946693013213,-110.78803918632325
23.011249900000003,-13.263289366347287,-10.172503527793248,-6.582792973328836,175.47526829518418,174.76622027571537,-188.4836902669734
23.0212499,-19.008480121177275,-10.281742350244352,-11.245139846272934,298.12846142028917,187.18633486812382,-225.6622985077019
23.0312499,-22.542201456918047,-7.967333524353326,-13.283190367935553,379.18312623468137,187.5550249355831,-229.9165629350672
23.0412499,-23.17886163782039,-2.916065232461096,-13.888442341688174,410.61553838491005,176.97013508883344,-223.23596545597215
23.0512499,-20.390809503227256,1.9663348188776235,-13.696112256648684,402.86553650584904,159.22738661576736,-218.13907588907816
23.0612499,-16.21812263939822,3.6947409504304534,-13.33675801349722,369.6430729037703,138.40411378843538,-210.4634641551641
23.0712499,-12.040672950186753,3.0638962992791323,-12.136646030632667,316.87532340543623,123.33417474340493,-193.78937818337118
23.081249900000003,-8.559711305841605,2.8055705588245226,-11.176954685091799,262.7281424559585,113.68449636057565,-175.77402969624887
23.0912499,-4.625589256579707,2.0973755742163234,-11.18778144346225,216.961282335742,104.1938800723218,-159.75936489516357
23.101249900000003,-0.32153294188560094,0.9340218604080683,-11.094561743617112,179.5027437559741,95.01739247303998,-145.24273388145667
23.1112499,3.276744603134561,-0.1595006081488833,-10.506563832649261,149.54736191903177,87.06279252517106,-131.38919878835878
23.1212499,6.251461698516848,-1.2961921005974437,-9.797862933688425,123.89881615476544,83.44575486179521,-117.36326316364936
23.1312499,8.190812046003346,-2.1098892138957153,-9.16032768640181,101.73684835454117,84.60167383966888,-105.35911031700826
23.1412499,9.616008100213595,-3.3404061401465204,-8.449803106793762,87.34638762983819,92.50551889590487,-94.14519288559586
23.151249900000003,10.88595317853884,-5.226662562019961,-7.81856892166844,79.76161718078329,104.92631446972963,-78.76009168273379
23.1612499,11.76807330026186,-6.347892693840165,-7.152575891417543,73.72066337149536,115.29359095610374,-62.65624282786499
23.171249900000003,12.561926636982472,-6.765449132400753,-6.759043527481098,71.43995544683828,121.58805612498617,-52.02176780614056
23.1812499,13.164793670781,-7.327548572991714,-7.078800392223314,77.39760085791772,124.87191814814392,-46.83225892778129
23.191249900000003,12.635539747468911,-7.513910460687911,-7.629086386416361,88.56249942694978,126.20470811465451,-46.45589277670218
23.2012499,11.023766503045456,-6.864953708373279,-7.931019136163629,98.33176009504668,126.67222415924472,-50.83350121028706
23.2112499,9.721893857106172,-6.30418977736968,-7.800381947308539,106.1430938712459,127.67199054488664,-57.79630331730958
23.2212499,9.036236911119854,-6.122246329489475,-7.410982351683941,113.87506967688637,130.31135442545389,-65.53183861707052
23.2312499,8.475199986875658,-5.747917571427545,-7.061671771670474,121.44140147670542,135.25516278555816,-73.31832371631009
23.241249900000003,8.487065430400769,-5.523690173721325,-6.499764769511142,129.85245689429522,141.77435381844128,-81.3540233508415
23.2512499,9.325972838487592,-5.939802448138748,-5.502325795183888,140.09236527948912,147.37344745590352,-87.65198596306054
23.261249900000003,10.454002090129585,-6.339814486556886,-4.638688871597556,149.4024329005344,151.65443037842772,-88.13051185604219
23.2712499,10.955761093238612,-5.623379019369583,-4.133279807754574,155.16511607877743,152.62859361817868,-85.89072273865597
23.2812499,10.66068567930638,-4.486975136356433,-3.7320998928185944,158.13483239690703,150.24363788763614,-86.16914894440046
23.2912499,9.871878211965216,-4.383140283955394,-3.6574043986018365,161.21778158803806,147.40055836096693,-87.95626021203594
23.3012499,8.78476652588884,-4.684311947067327,-3.7477285452058267,165.12330426020887,143.5425989806477,-89.85399194043609
23.3112499,7.989369541179223,-4.748079344677121,-3.548977991603822,170.46739688344488,138.81088650092116,-92.20419876547751
23.3212499,7.653537061096793,-4.703883721447918,-2.9765783360229428,178.18480937227153,134.31192210978935,-95.55022429868086
23.331249900000003,7.413292717206813,-4.483020783195939,-2.311434907359404,186.58813069748456,129.23821204822727,-99.9530098050606
23.3412499,7.186329529779768,-3.9551624902932736,-1.7820178831272981,192.7684417310832,122.50641191390702,-104.99134345070321
23.351249900000003,7.273373023914053,-3.529314634405873,-1.4414181741973764,196.4682101826478,115.54252827888516,-109.93453519601144
23.3612499,7.422124312172503,-3.483882384071287,-1.2553804807067541,198.94591233544583,108.57416641176857,-113.6093466936051
23.3712499,7.216963452717827,-3.330525488213414,-1.2867943362661483,198.38524162974372,99.56372850500834,-114.90646118096541
23.3812499,7.12808162094899,-2.9125194715651177,-1.485190274792691,192.86232942205578,89.71138377172322,-113.52288616942513
23.3912499,7.187174790478941,-2.6355077162852654,-1.589958881954675,182.5975513673929,79.79437422206298,-108.80941667023899
23.401249900000003,7.255016348851454,-2.3157769913713264,-1.676687247397154,166.57112761786817,70.31835306074177,-99.77890248844017
23.4112499,7.340807447574805,-1.4658714557097245,-1.7939983401908064,143.09361662062622,60.974322139002176,-88.5887116370347
23.421249900000003,7.50386977060194,-0.4330597437988328,-1.8108717529561196,114.85070747498975,52.586314028753826,-79.0670929578625
23.4312499,7.890623631834988,0.0515175023587811,-1.8566475373489475,86.609469318069,45.222088944869974,-71.81766963611751
23.441249900000003,8.075414455974002,0.07819374604980084,-1.9569855501728028,59.151863887515475,37.160372656876724,-65.58651388051575
23.4512499,8.029366833742436,-0.1433738718087518,-2.021185722497035,33.38294198115949,28.647886870041365,-59.37389347626885
23.4612499,8.068508804443727,-0.5314929965604576,-2.0682956441804783,11.550272524684534,20.770111806735535,-52.94482315488991
23.4712499,8.159326313988132,-0.9305961674429011,-2.055993219298012,-5.950473117013184,13.50128012523903,-46.66461552698278
23.4812499,8.343031665487961,-1.5137325346959567,-1.854490652604292,-18.792996079309532,6.510102072234098,-39.41476120261689
23.491249900000003,8.647549115830474,-2.203516364697288,-1.5700010748681152,-26.647545255195126,-0.12064813659179352,-30.62419276070868
23.5012499,8.939302774532988,-2.643757650231082,-1.2860071006389413,-30.3453240640491,-4.371380308263479,-21.817896568692124
23.511249900000003,9.12011675313203,-2.821824466188839,-0.951803652249967,-32.27627556547205,-6.087635145235741,-13.89467354661967
23.5212499,9.156204212131197,-2.8046827791557907,-0.8012933169968778,-32.68672316782053,-6.497755606864162,-8.12878472446926
23.5312499,9.122712231730686,-2.9228297524696667,-0.8593034166294418,-30.835020897560888,-6.488690049379056,-4.083563425664171
23.5412499,9.166868674921744,-3.294435252306056,-0.8607864621447342,-27.22053609760913,-5.356956755579051,-0.6020688799419952
23.5512499,9.252147221998198,-3.5191619971807313,-0.7658402861681818,-22.926565512839378,-3.247904461121686,2.375791376866066
23.5612499,9.294267732110734,-3.6919230919417947,-0.5794609208188508,-17.453743600614587,-1.1542045219921175,5.042582894262901
23.5712499,9.25729273287184,-4.080340601793472,-0.2832320856313744,-11.07532479832199,0.6837739901183608,8.02209442212099
23.581249900000003,9.140967894986373,-4.314038369840083,-0.1426413915408101,-4.258163446904732,2.4463174547892343,10.788170155699945
23.5912499,8.906179178992742,-4.263619424277415,-0.1851961237050243,2.465932495671301,3.62225598233362,12.56079678554942
23.601249900000003,8.717442109192222,-4.192108158942887,-0.176897651141011,7.248654538480437,4.1671375361426435,13.428906651722826
23.6112499,8.581852878083646,-4.132354961078731,-0.16606854932973242,8.850718518062358,4.582372105025766,13.985257731488826
23.6212499,8.390356753653828,-4.004152413552912,-0.27037062015092217,7.4390712516066575,4.633365574620021,14.029715397825688
23.6312499,8.253207976799933,-3.9886663685903168,-0.3577823145258886,4.408221620899897,4.2935017535325946,13.667898317521175
23.6412499,8.233211061361727,-4.028886769698391,-0.36240277602930965,0.4450226339705976,3.777420367586609,13.126026454207528
23.651249900000003,8.31411857095157,-4.047395007534336,-0.3164713063910681,-3.4073615290983907,3.4726804272757072,12.286561697943448
23.6612499,8.321151286932535,-4.147257609032907,-0.27904950241246673,-6.617062390022197,3.1454974573105776,11.907744251704125
23.671249900000003,8.230853739804896,-4.3091756292618495,-0.2616389987208441,-9.580685381702512,2.3796210161090166,12.212447200319993
23.6812499,8.216237923386911,-4.4932828865010945,-0.2951269051684903,-11.618077288564146,1.3273315542166368,13.185247048960408
23.691249900000003,8.202930134488936,-4.616127452748643,-0.4028992284030244,-12.003398671208458,-0.2793011927341506,14.59818433872682
23.7012499,8.099449175151191,-4.736834389842653,-0.546754471859001,-11.044388573595768,-2.279277567720288,16.328934911398054
23.7112499,8.04702467945928,-4.751530773100558,-0.6868610929510939,-10.343854710872177,-3.8296490473874756,18.183016107452513
23.7212499,8.12956971742627,-4.584841356458683,-0.7739448860656228,-10.340900820921448,-5.104714495382171,19.54518740536134
23.7312499,8.268698880645662,-4.42111366176263,-0.7824432977460044,-11.086199412074878,-5.968324648259177,20.254827028292883
23.741249900000003,8.366403852706997,-4.291713558901646,-0.8191626832390045,-13.196707928664777,-6.0254761556278345,20.517928563841302
23.7512499,8.45068519560262,-4.211173605570919,-0.9289869290821672,-15.951282547134051,-5.967304305940379,20.63005460724835
23.761249900000003,8.527915247043147,-4.214136687264426,-1.0824472668316665,-18.874505867439556,-6.038173802249239,21.03815981599049
23.7712499,8.5698998807174,-4.263434538461303,-1.2265988766864537,-21.208517028479996,-6.048256932042937,21.511562508651902
23.7812499,8.599617311694,-4.277334328691304,-1.2668164761353375,-22.982761095003145,-6.08028316116095,22.198617571602455
23.7912499,8.631585879473942,-4.235786228456369,-1.2562777954964208,-24.853010835270112,-5.714898419406318,23.71645097979634
23.8012499,8.569541368711956,-4.110614448241075,-1.3153116617968479,-26.446550017369017,-5.449613810881509,25.626235850625616
23.8112499,8.412524374315078,-3.924933895699225,-1.4213706562938826,-27.524396654894073,-5.964134025020839,27.81878072902187
23.8212499,8.275075637861407,-3.8316892901669606,-1.4924618081415033,-27.542538151900807,-6.941586645882165,31.061536048019562
23.831249900000003,8.131289061000327,-3.7872347364444137,-1.5058040107172492,-27.01753499774524,-8.390614006286357,35.708584735476414
23.8412499,7.875534794835652,-3.579774801270667,-1.5339529132897305,-26.83298415412466,-10.553405282907839,41.60744094569697
23.851249900000003,7.598417937973087,-3.2062155085052133,-1.6546989363967983,-27.93507872955538,-13.460380187838972,48.38878538433302
23.8612499,7.496275328740142,-2.7903533796226117,-1.87565774155015,-30.917937241085962,-16.925247987603054,55.67301965497668
23.8712499,7.579614042130416,-2.3423086994129014,-2.0869180397004423,-36.394589733903324,-20.592735576676986,63.229323126200455
23.8812499,7.69914339912941,-1.9403973295260573,-2.196573210886549,-44.45314840198883,-24.415050532472364,70.9130305454811
23.8912499,7.950364215163047,-1.7458729891925147,-2.2290226613262134,-53.70237908235973,-27.840761480910512,78.22267062218535
23.901249900000003,8.356407092044195,-1.943548402568867,-2.1089795736953527,-63.75796345957074,-31.377596273651065,85.98022718760168
23.9112499,8.627539781865359,-2.3437645788016197,-1.8516355023362372,-74.10377403092448,-35.84647046066864,94.50229721614915
23.921249900000003,8.817086797282151,-2.6298308992175152,-1.7456506115399808,-82.03280272660477,-41.323804366375185,101.42188436164838
23.9312499,9.128411943911187,-2.949603314629028,-1.8114732878827426,-87.74752484718945,-48.54929944445278,106.98401503851338
23.941249900000003,9.484875894224137,-3.3015904274920147,-1.941342258673682,-92.81393609315094,-57.23197629309387,111.75601067889893
23.9512499,9.948390608350207,-3.5025245943630487,-2.2024600922615765,-98.58037595990099,-67.14694979556796,115.00249693846054
23.9612499,10.789773061349921,-3.471541357365004,-2.5517207607424526,-106.32114823587295,-77.61616531620254,115.7040915617001
23.9712499,12.057991636726632,-3.2174377918656996,-2.7844415790285892,-117.3302576868838,-87.72485867475294,113.08304936393351
23.9812499,13.644333043380108,-2.652529047168841,-2.8014096000701136,-132.38863402841443,-97.64806137678573,106.91313005509824
23.991249900000003,15.754344868549344,-1.9010169712955507,-2.7539510662355116,-150.5247912312835,-108.37169955966132,97.01424706343975
24.0012499,18.406946025086036,-1.3357425807964616,-2.614237317635232,-168.8935190008214,-119.21019492630407,84.4330113755217
24.011249900000003,21.208367799421303,-0.8806392321163433,-1.9529394477235391,-185.96476549591142,-128.27132349442758,70.37870410687354
24.0212499,24.20952427801582,-0.07713148069178484,-0.9379883576002317,-203.075289102086,-137.27612244023416,55.16254239726937
24.0312499,28.01031266363891,0.7006367820307986,0.18227895513362832,-215.8792079842505,-146.39762987380905,39.507650305600755
24.0412499,32.400238214383535,0.6928759974179738,1.8139950707840047,-220.24371897529807,-150.37709329375272,28.673761931113585
24.0512499,35.23186034576328,-0.041616245304905104,3.3919551957737455,-220.16980058623696,-150.11190510901176,30.931770846800138
24.061249900000004,34.494495083947456,-0.4575804191205554,4.283000987994716,-216.52298430498908,-149.91472199776663,49.551310318632865
24.0712499,30.81772365405896,0.5829596277475871,5.066816454163461,-211.16904122142378,-150.27428718045422,79.84105898202539
24.081249900000003,27.272661194470658,2.6931203402311663,5.197750090804981,-209.5178141747213,-152.79342210156088,119.65716894471291
24.0912499,24.032540357712975,3.792249970819678,4.125951855562029,-217.4927105008064,-157.47531937135412,170.7534522397374
24.101249900000003,17.086442166795006,3.450685156178212,3.2664248178928177,-238.90028291251107,-171.47007870144938,226.74162535080052
24.1112499,2.730478181756644,2.3170911737045885,-0.10776163770575853,-286.69456038753486,-205.99566268571726,289.6959698814024
24.1212499,-17.40813701185185,0.4730938862881046,-8.042647448453716,-362.669376917255,-256.4259114861313,362.82639041854196
24.1312499,-37.779815224794916,-1.8481842926206438,-14.354539960735146,-431.58831314226614,-318.2138852319821,423.47908912755094
24.1412499,-55.40037131859055,-4.6171901824229495,-18.210125024660012,-470.9528537046408,-376.70456360801313,456.6214612140342
24.151249900000003,-64.49353617744835,-3.570204133775028,-22.57720235155559,-492.99211055928333,-392.57090539573403,427.09853807188085
24.1612499,-60.30535758938925,0.3604480082921025,-24.783480128533075,-500.8319460423386,-338.1452004446667,320.9918933953478
24.171249900000003,-37.75944776363787,-2.1528329346857555,-19.551797134055448,-498.2622081562136,-197.30853420687657,183.05006980672195
24.1812499,-13.569070898337865,-7.223914024672348,-9.979131408573219,-505.79235337336536,-22.751533421722026,51.77711210206729
24.191249900000003,-8.815977164455678,-10.559186310909821,-3.484586939530762,-457.22794856634147,97.79553737336603,-58.33708221482657
24.2012499,-9.472935582776685,-14.110644303573899,-1.6958330557437216,-289.8753021066575,177.9520148127151,-142.69183734796576
24.2112499,-10.221925444262379,-14.408958475111037,-4.3064097230587794,-84.03923553082971,227.64951176865728,-203.7393482648891
24.2212499,-15.131592042670933,-15.283540712983442,-8.4506540480833,114.54803751835007,247.9640409524392,-233.44737802166492
24.2312499,-20.940132431586978,-15.372136264586503,-12.469835003114907,280.33071943280396,251.6720072811647,-228.26158180569084
24.241249900000003,-24.639033179518524,-10.120165436042976,-15.096721674230487,379.35231050717044,235.5207305036211,-205.8456803240056
24.2512499,-23.07941787084883,-2.026301400766957,-15.797843650932627,411.5727486796773,211.23078997354418,-186.30970297915547
24.261249900000003,-18.14406985769752,4.535039733750582,-14.972207645059514,395.77963266462854,187.31104260841772,-177.69953636292948
24.2712499,-13.706644424320091,7.621016771128142,-13.068669852230775,352.07762437855433,165.60626119659142,-178.1984614869073
24.2812499,-10.949219920036075,6.829758845522762,-11.02697243299121,299.3785099818471,149.78996516238442,-177.8546560881053
24.2912499,-8.193852972706285,4.608004960612244,-9.240952148116248,244.26283394743217,142.16221789341594,-166.970508105134
24.3012499,-4.8117776561572665,4.111493866569473,-8.47203408338051,187.12168082003203,135.0906704900768,-148.94009113899983
24.311249900000004,-1.2171151881435431,4.029697037287113,-9.03286595090667,139.12629790075164,123.49718537969693,-133.66335667162807
24.3212499,3.294717313053814,2.6819673493176808,-9.396828763847896,101.03296855860073,118.17324057815847,-118.83452598560494
24.331249900000003,6.967764016704627,1.0352309200590515,-8.998904634897988,70.12170918958527,115.81953572460685,-100.47811687215028
24.3412499,8.979153141217006,-0.420521454685387,-8.277877639142957,54.8528173577808,114.88819049855213,-82.68540593007138
24.351249900000003,10.481924955810356,-2.0952620619331683,-7.344962039967339,50.89956417173673,117.40391744586697,-64.99260929452991
24.3612499,11.341842868605385,-3.42987750788957,-6.587619560019379,52.30328064652606,120.09690008304345,-48.198226434626285
24.3712499,12.060400393202235,-4.79468506970839,-6.1576891742027335,63.41163631073917,122.38600738475613,-34.516697287706876
24.3812499,12.790283132327941,-6.088710227971032,-5.905830333792234,84.1818992749685,123.27876140193047,-25.615004953005027
24.3912499,13.354504546907737,-6.779215069967867,-5.861798993909623,110.21710969482284,121.80851165858614,-22.279381782845253
24.401249900000003,13.614093815948978,-7.194339430853585,-5.948113865096815,138.66904611545328,119.78423828825282,-23.22073644587105
24.4112499,13.216546052668134,-7.0041595681594195,-5.899201846449754,164.5642194142027,118.30887016390717,-27.44490803578841
24.421249900000003,12.643138298781915,-6.3739489564623675,-5.637359490590159,184.12090000002667,120.30119067362112,-33.3346700021864
24.4312499,11.97402155415267,-5.72313336553059,-5.351568688690846,196.39179154727287,126.28234843081435,-38.94535094984042
24.441249900000003,11.033370985589833,-4.940661031175905,-5.106271992217744,201.2948144388296,134.47063064320753,-44.540768239276474
24.4512499,10.339452076829266,-4.215817486596595,-4.744533084933079,200.60907045387168,143.87044808267993,-50.611499900056636
24.4612499,10.362578865682828,-3.6615907144885855,-4.35797797913756,196.3019566834634,151.363824231739,-57.663191015607026
24.4712499,10.908326511273547,-3.0144055688968683,-4.1229160749499165,189.53590130339333,153.35528333244025,-66.82826853342756
24.4812499,11.266963923365187,-2.4030647715196425,-3.7881489607674883,184.29788620340673,149.94259066568983,-78.21283827354682
24.491249900000003,10.994761333380442,-2.004540160058033,-3.2866106864333453,180.75832451750205,143.69718465653875,-89.24617122159759
24.5012499,10.223597114906683,-1.7173968482463033,-2.946545133997735,176.9158113575963,136.5333119105334,-97.3684921523417
24.511249900000003,9.354436921540419,-1.667792386161649,-2.711461070781737,174.816960816974,129.0016387585876,-101.50187673584988
24.5212499,8.71800485427788,-1.904984731601371,-2.605473446593246,174.38169086748968,121.47647404290652,-102.01120903769116
24.5312499,8.207979743828966,-2.148654558741712,-2.5630192258704705,173.42168682627243,113.93664709484894,-98.70931824738601
24.5412499,8.048058587768972,-2.3419653101048667,-2.4365145626364937,171.3540774811988,107.66728129822849,-89.76225726744191
24.5512499,8.296607333128772,-2.2519398085614166,-2.425269561493224,164.44544153414998,104.03018140331177,-76.31035248390616
24.561249900000004,8.42160030657502,-1.6333738906397175,-2.5085827697479255,150.58314552673193,100.24992187772615,-61.515104887197595
24.5712499,8.699992172848866,-0.9342362428846371,-2.636365360636682,132.96721838280433,96.76237998910818,-48.93700271297005
24.581249900000003,8.662649606284461,-0.587971522393624,-2.8921734590049777,113.29761399374576,89.80098000530583,-39.791133984647004
24.5912499,7.9941272398700685,-0.8260314400945334,-3.056603682557457,97.09215490487867,78.36881901570554,-33.98403892817996
24.601249900000003,8.257909996353836,-1.3303005970315587,-3.2478665170248506,85.98896822824892,69.53961162544563,-30.544766537031904
24.6112499,8.135563980686829,-1.2959650850146036,-3.386603037222583,73.49357001440917,57.80804046105575,-29.76489192982517
24.6212499,7.670579960711562,-1.4394467166866658,-3.2886124690236103,62.945572902010184,45.797147665847625,-31.199285683403303
24.6312499,7.872994529526361,-1.9942791863102503,-3.1619616306149108,54.484587453959875,36.70049923267801,-32.53303247778119
24.6412499,8.165102538962405,-2.433431740767655,-2.982423272031179,44.48195791925621,27.809059461008868,-31.55284025305128
24.651249900000003,8.394250936716025,-2.716951745728701,-2.803715050727759,33.57903156942321,20.22636462951355,-28.272451683737895
24.6612499,8.651333970843558,-3.0024141595256806,-2.6648057053847825,23.495570070713228,14.645291389847607,-24.231712475690998
24.671249900000003,8.773810213102786,-3.2522549300064187,-2.4535655800573437,13.052819367261172,10.176790942929395,-19.696332467543876
24.6812499,8.902122866514583,-3.699536142198979,-2.0745184891466724,4.582191346472145,8.442732311306534,-13.38999979510786
24.691249900000003,9.045118238665015,-4.090989045348762,-1.6643919275348618,-1.0669374634475635,9.230619406556206,-6.942807234386239
24.7012499,9.036995655404144,-4.212073415701872,-1.3794475205771026,-3.5418569132592275,10.90493751898113,-2.0648291113386037
24.7112499,8.956648915859958,-4.239058154962257,-1.2872857649924698,-1.960047727954761,12.274269180406073,1.1583784409706293
24.7212499,8.886909529637917,-4.259548080479012,-1.3908977772686804,1.7857983479123758,12.840352467003664,3.296340528447811
24.7312499,8.885325522129953,-4.2143601155151025,-1.452044658414208,5.491390871978321,13.03968536950425,4.703340257008186
24.741249900000003,8.951686696748602,-3.9930609020536085,-1.355562021069833,8.108676649712814,13.55902942322094,5.334139758966768
24.7512499,8.899716195662556,-3.7607569065008066,-1.1790826183990402,8.306410617704845,13.696268450229637,5.644081289519698
24.761249900000003,8.854475663420967,-3.8059653071617365,-1.0580868811956916,6.018324153235707,13.709668016469182,5.978297601489127
24.7712499,8.86228146083542,-3.8714626084756403,-1.042330721841118,2.946959061156898,14.017431759124596,5.662045635479336
24.7812499,8.77543005829772,-3.9989226824110484,-0.9822339116306289,1.330513236835011,13.977607459054022,5.050973853000827
24.7912499,8.561154965547868,-4.17123905626398,-0.9146977927436469,0.8931942239377239,13.42946542520007,5.251406021675525
24.8012499,8.33776401561077,-4.1657565037301545,-0.9619049497499618,0.2842114905789818,12.457917814240563,6.27249112683853
24.811249900000004,8.281564173029226,-4.349633504021948,-0.9344848346501675,-0.10834257149935031,11.154790805952402,8.255444985695929
24.8212499,8.250851702175446,-4.723552584964352,-0.748944800732615,-0.5925264355443074,9.585946865323535,10.766518049357389
24.831249900000003,8.148383183635532,-4.977171452251622,-0.5821928003035985,-1.1063788349156043,7.878247710503424,12.768520059895824
24.8412499,8.064240662026203,-5.1004371730669655,-0.4977367294501584,-0.812106190019975,6.17481611186117,14.256042792672043
24.851249900000003,8.021111313720105,-5.001195881121598,-0.6138111039443942,-0.9553911663292031,4.344149671443001,15.177703295514165
24.8612499,8.031649086046455,-4.892892975435324,-0.8600143051920418,-1.9555101519631692,1.9473931619189773,15.420059021271028
24.8712499,8.04811383233732,-4.93823511444363,-0.9447950853075542,-3.8762368531320632,-0.54447467126431,15.57155849754657
24.8812499,8.016430749663105,-4.989027156410576,-0.8932486325420725,-7.145771782353275,-2.483079445802791,15.476142281312157
24.8912499,8.04814911293254,-4.997743305065346,-0.9550818274138207,-10.918643836053354,-3.8660099890279125,14.449864168167109
24.901249900000003,8.194331605172971,-5.07769240570948,-1.1110487706392063,-14.199899184100966,-4.6879751892413335,13.093322210446232
24.9112499,8.298635094555395,-5.1970393787706275,-1.280044730023931,-17.14646618163375,-5.006046891068333,12.034513853579833
24.921249900000003,8.38592181757543,-5.365505911008069,-1.3238132415087318,-19.078057141147784,-5.163089787634593,11.02647434672474
24.9312499,8.551393481511079,-5.5630155004136395,-1.207183749681884,-19.154674008385346,-5.1025858549528245,10.08025022846801
24.941249900000003,8.692403201227819,-5.626410360992154,-1.114389019552506,-17.63232231473651,-4.551051626045007,9.226410001224838
24.9512499,8.660242149200261,-5.562820988679876,-1.207143951226444,-14.756794048037293,-4.077359538710987,8.320156801023678
24.9612499,8.529404355913602,-5.333371158998508,-1.4542187943618512,-11.965851608123156,-4.312984692113851,7.622628106122703
24.9712499,8.453362068608847,-5.0196041903987485,-1.6298790098930436,-10.688167557452672,-4.921499430858252,7.789403028101809
24.9812499,8.342609769230249,-4.68840013596546,-1.6809310283649472,-10.76267453629119,-5.722502696717974,8.422306065722953
24.991249900000003,8.214906760201087,-4.355431806960895,-1.720355842365956,-12.045096778967604,-6.971897376068309,9.387838747563197
25.0012499,8.149039860170639,-4.076013056605799,-1.7909562329424524,-14.027614074196231,-8.620708199398944,11.248435400431731
25.011249900000003,8.088462312959441,-3.8654667326905785,-1.8197327388305886,-16.56442990869538,-10.55467168396584,13.589148480933357
25.0212499,8.06808150699403,-3.6668182356571593,-1.8257751124430615,-19.706366799907542,-12.870826112362243,16.693211659437768
25.0312499,8.118031806196733,-3.517790151225349,-1.7926978055706004,-22.94318516886482,-15.380802587494868,20.810008733579647
25.0412499,8.079918253904365,-3.462604356734611,-1.7216300711458763,-26.20643813557484,-18.092028716131388,25.263007451017664
25.0512499,7.9341149099877235,-3.3867057109228376,-1.728426414419764,-29.32612298920113,-20.967077419788012,30.14037644981554
25.061249900000004,7.7583063202771205,-3.330260636581261,-1.7856674947615332,-31.986660928055663,-24.108986982849856,35.9382246089412
25.0712499,7.526624825009093,-3.3550967337158806,-1.8586589389819443,-34.239213372092756,-27.85027006833721,42.18952682442058
25.081249900000003,7.299149261327162,-3.3612039057312946,-1.9619613393639916,-36.29947186162722,-32.01535757891659,48.55642855845211
25.0912499,7.146549924932644,-3.290194690100958,-2.085992822648315,-38.79356117952486,-36.52347931903743,54.8365879996067
25.101249900000003,7.093407614493869,-3.247417704216596,-2.1773592316051262,-41.602362533621246,-41.280399057260496,60.457552950662
25.1112499,7.1853896998986295,-3.2552393154947543,-2.2245601296573434,-44.34288995494642,-46.444361108897326,65.46145045213615
25.1212499,7.411250357099652,-3.3014135327839407,-2.2924501927328644,-46.838480434041315,-51.73150470282063,69.6068566794087
25.1312499,7.71313853838918,-3.2989273154975547,-2.356937488549242,-49.790056158608486,-56.89654747977048,73.08027083639351
25.1412499,8.11081619191913,-3.2132640626546576,-2.4221902248304894,-53.79499343401142,-61.993562929097855,76.72452071930154
25.151249900000003,8.491485517378367,-3.0479330369725552,-2.5351100997138327,-58.75971244176082,-67.32823607801873,79.46734202455245
25.1612499,9.044272791450004,-2.801681340586762,-2.6715131881068928,-65.84416663102975,-73.38402142921045,81.38281276777208
25.171249900000003,9.861674900185955,-2.502595481439487,-2.8550211904884244,-76.54629483941864,-80.28665724688989,83.49584667693493
25.1812499,10.472482807639835,-2.146947730039892,-3.060070443725714,-88.9166025159949,-87.13745425247392,84.50309823000742
25.191249900000003,11.119922891486178,-1.7455893566996699,-3.234153733578556,-103.452333314982,-94.11513062565227,83.81105441967985
25.2012499,12.127730374638803,-1.2141034703774276,-3.372774511227246,-120.92209387150571,-101.13430020402025,81.47872327619613
25.2112499,13.469185545160812,-0.6664929621432994,-3.429028103614835,-139.68093125004557,-108.4010897943343,76.95447178937974
25.2212499,14.936326998501567,-0.40036105522536136,-3.317209832811163,-157.18325718737873,-115.80221175865042,70.94211211858838
25.2312499,16.063146387986425,-0.37566031735717065,-2.976948016194616,-172.49566473965544,-123.05985457680343,64.59636497442256
25.241249900000003,16.932093478302097,-0.4218582573213279,-2.5902984403223543,-184.83470927305467,-130.68107778198888,57.74632699566926
25.2512499,18.049711892775665,-0.6038522117566014,-2.2938387386205012,-192.48246666395033,-138.72948758624278,50.87149455541106
25.261249900000003,19.245367429662785,-0.9464907161505228,-1.8388916202777794,-195.83141877807353,-147.10531555250702,44.19021266581111
25.2712499,20.510115228593573,-1.5154529096347804,-1.1057461297458548,-194.02107231281806,-155.63841629447546,37.95697659724301
25.2812499,22.33255623974839,-2.2828024025402707,-0.4117144088202551,-186.12386020297944,-164.43472960110594,33.85599726661594
25.2912499,24.321035952094363,-3.16488199369112,0.29248703768010775,-172.80481871926892,-173.25739873596544,33.71261864890497
25.3012499,25.57811197492985,-4.075714269669976,1.2693209627250497,-156.0557602730663,-179.7127685251396,41.197870876966526
25.311249900000004,25.28900191792048,-4.842376675425904,2.01065160466321,-141.11755545579433,-181.9885448786018,61.117728802879824
25.3212499,22.63833244725,-4.808638310820223,2.003685335815275,-134.2896849245864,-182.94554721852148,92.01615647323855
25.331249900000003,18.711200579027302,-3.6084404741113087,1.3131277899482408,-136.92149235851014,-185.83442060310225,128.17644280033565
25.3412499,14.590508810920841,-2.211290566980129,-0.0892497594745395,-148.0828348092845,-193.8317840408592,167.39441357239738
25.351249900000003,9.463505498154682,-0.9199449087449287,-1.7522844124235117,-171.64531831935025,-208.06307839723593,208.6815716490647
25.3612499,3.690623331863315,0.988126383658173,-3.4443947976114715,-209.48109644153715,-221.06399860663163,249.88493184952986
25.3712499,-5.4533072851398074,2.64585026614402,-7.237432107084882,-269.04155930066247,-237.702033721948,293.5513677251789
25.3812499,-23.14334032285086,1.2345386927486888,-12.905451723754771,-345.6107966726348,-278.31543997983863,348.43261218413573
25.3912499,-44.38727801502497,-2.700991003627809,-18.06905977358307,-406.9848416452058,-323.8448745096371,406.5311047272762
25.401249900000003,-62.35474131556818,-5.340715712945094,-23.743882354040014,-430.8235590551683,-331.3302837594341,435.71122717634404
25.4112499,-64.26705976984044,-3.4556412706944717,-25.528244146269987,-432.53197834933945,-292.12206730972053,395.93357972112887
25.421249900000003,-38.01612738816075,-0.890667753072782,-17.232799212349683,-428.3766568398556,-185.0783280542461,278.96838455007594
25.4312499,-10.604177797691397,-3.7533186535768723,-4.290309692070639,-394.8956811140341,-33.5801255645851,120.25357194635313
25.441249900000003,-6.973640226361889,-7.760020485761635,3.3849415904913687,-322.43818168843904,73.765174703634,-23.60274854844812
25.4512499,-8.413363616547887,-11.262653909831522,3.8085887220555725,-190.4796519154723,141.58608417369922,-132.13483157084826
25.4612499,-7.603368460004206,-12.694860322119537,-1.3741630615823448,-21.117516893298294,201.51959016785577,-208.26937728357365
25.4712499,-13.532543468659537,-13.318571309776539,-8.085902983202958,148.13945194375196,230.69374526463423,-246.03208254688275
25.4812499,-20.43187367740134,-13.42412733729809,-12.027584868490639,292.9510029016274,234.69789746618954,-244.72848933445275
25.491249900000003,-23.85516843280029,-8.310333259157039,-13.787717071965456,374.2954520199094,222.79689165374216,-223.51499534710652
25.5012499,-22.54320853833164,-1.280533606718794,-14.666096645635955,399.18635883168145,201.2910509228351,-205.31700737159875
25.511249900000003,-18.286565946426222,3.5846536075549675,-14.649251503256403,388.2256863927752,174.8265969404651,-193.8889116182692
25.5212499,-14.66628023127032,5.395070656615841,-13.705179909396705,356.5826589531725,148.24103845941553,-187.49427101500683
25.5312499,-11.034957748767255,4.218646345138862,-11.61818554930371,319.12960421297714,133.23132108975588,-178.01260739139659
25.5412499,-7.097971172323509,2.3367227217388096,-9.607306289050909,278.2599853281251,124.91720204700893,-157.83505142828648
25.5512499,-3.128705136271923,2.0026915297608308,-8.720952313705494,232.66111110337644,117.80638719003724,-135.5037382521437
25.561249900000004,0.8471943015446359,1.9251199925720646,-8.606182439081909,190.97851648984803,113.00359783452147,-117.23304789005398
25.5712499,4.36919708839904,1.0071388723502004,-8.845036241173254,158.82186158024177,109.07774091069965,-102.40962176278725
25.581249900000003,7.915950985717297,-0.32546434985645034,-9.12161520382239,132.19669728640125,107.82255986364048,-87.72561137708448
25.5912499,11.182696381603117,-1.8679027429148027,-9.018094475496026,109.41437088824047,112.04370417437542,-70.61870216761929
25.601249900000003,12.806810965134583,-3.3031484961503845,-8.551857152805578,94.1421245085637,119.99955094847479,-55.131048536453164
25.6112499,12.819181325532808,-4.456049230140778,-8.06068677531629,84.39414698329611,129.60615103260417,-43.61380680407796
25.6212499,12.286917790994032,-5.24036901532676,-7.777301579674393,79.0981291018824,139.62594125240906,-37.38627515840048
25.6312499,12.272360258788739,-6.3443952001214035,-7.509008841440306,83.24626419190598,148.90094742829905,-37.1207469150558
25.6412499,12.560887237546089,-7.985124693134802,-7.058953523908691,99.29500684490496,156.33545822897452,-40.92715081155135
25.651249900000003,12.357254309572953,-9.101466965768887,-6.532779326275991,121.15575111582162,160.8478761841719,-45.44130562806492
25.6612499,11.630766481228314,-9.486534712754091,-6.097397016163883,144.73411632605507,164.19296915459404,-49.00821943067219
25.671249900000003,10.612178073716573,-9.257565114845445,-5.791822927601106,167.28819166188958,167.12767246168843,-52.231624143900945
25.6812499,9.76458441015448,-8.322611370530872,-5.456062111192685,185.12066440099036,169.37965208047078,-56.03237263572579
25.691249900000003,9.44017974670243,-7.673596668594219,-5.01584497233105,199.9937734484457,171.3259321488421,-60.14514483554938
25.7012499,9.252830641311828,-7.463110928316524,-4.540245257764454,212.89822400244933,172.01630420255012,-64.48366367726734
25.7112499,9.220346809433906,-6.834456832124911,-4.131276243571896,222.53126996291883,170.29475136054975,-70.97548124805323
25.7212499,9.520818490551111,-5.89168470367497,-3.8165804226721667,229.28142450174508,165.92914531542812,-81.03023657830894
25.7312499,9.70263752641339,-5.0664485596613735,-3.508826905284643,233.33565442493708,158.846328280059,-92.39059839005947
25.741249900000003,9.54402358424396,-4.855207507853822,-3.3120222021835786,237.15483384344347,150.1506909074197,-101.67517846949832
25.7512499,8.968612017949086,-4.911651370718025,-3.258311700471576,239.15849043027762,141.10792913268645,-107.93275422148749
25.761249900000003,8.107371995478013,-4.451207203631265,-3.074561235943438,237.1892659511662,132.1534288651365,-111.4422155440744
25.7712499,7.476897512704704,-3.7542993452439646,-2.6827575060313813,233.7123797504272,123.46557562655164,-114.1122182671964
25.7812499,7.220809231171987,-2.905166762363578,-2.221618255002095,227.8230359604517,115.49952499503499,-117.52585768806259
25.7912499,7.305955526601565,-2.1202975736860807,-1.8388574972890699,216.7350304093755,108.44765453453506,-120.7394913578209
25.8012499,7.487406965386313,-1.5749936541293266,-1.5554012581867869,198.8043419809392,101.1147697011919,-122.60859950158657
25.811249900000004,7.592901283028829,-1.2386770264451248,-1.284448763814931,179.2234426833942,93.94453102329723,-121.4277969708006
25.8212499,7.967083025190473,-1.3011778722265255,-0.9988823000577818,161.31348578570592,88.50897523472213,-116.96485274963048
25.831249900000003,7.919357195777897,-1.44865370289498,-0.7911140357108094,141.39517061483707,80.79043428946169,-108.89004990338942
25.8412499,7.555499067853384,-1.5802054946306656,-0.6796186166769543,120.77515563856711,72.17993570410387,-96.84698112458118
25.851249900000003,7.606485291250742,-1.5176510042209888,-0.8166022392615915,98.99916061411363,64.87276728108473,-82.9707000390207
25.8612499,7.5303009480876995,-0.9397275620525692,-1.0918371244276792,75.0467267491919,56.176172688093324,-70.83435879077051
25.8712499,7.460718287130216,-0.5087139444309468,-1.2454061964490166,52.144162286371476,47.21206397895051,-62.426074309597404
25.8812499,7.634222978370934,-0.6318896184978259,-1.2568770875776811,32.0872189778186,39.039768157395386,-56.56884992170434
25.8912499,7.903557761109466,-1.09124984939202,-1.077258038105225,14.807975033983585,31.30429220963945,-51.404675912457535
25.901249900000003,8.127184710106171,-1.7243152269004918,-0.683317902424687,0.64879804102111,23.683717483824434,-45.81498253875816
25.9112499,8.31035197503948,-2.3368012360292845,-0.381711012135331,-9.47486055701263,17.030581085962307,-39.655590649728126
25.921249900000003,8.479491735421364,-2.7931306132281852,-0.2891277078557963,-16.00802758859746,11.054536726618029,-33.35197280671598
25.9312499,8.637248665298603,-3.2001482309678626,-0.26137328305409524,-19.254626567109387,5.642093262834076,-26.825271307554868
25.941249900000003,8.691222420592007,-3.4967603364948845,-0.2970000608834024,-19.92352307409856,0.698156529387501,-19.916226417263253
25.9512499,8.678357242429946,-3.558439862096103,-0.34604906456866047,-19.17349283352177,-3.602599906680038,-13.609978181107724
25.9612499,8.777954696538238,-3.4367927567752985,-0.2595897718758514,-17.775792323172077,-6.67849506620819,-9.048214731691788
25.9712499,8.957532367358814,-3.3758299316020577,-0.06810842404711186,-16.420452146239164,-8.610068001120911,-6.338000962538627
25.9812499,9.042709241422743,-3.3545613632068925,-0.06514065363860776,-15.859522422977392,-9.513904997218907,-4.652428391037151
25.991249900000003,9.09815936150867,-3.411843719586775,-0.22299721284290064,-15.10694913089519,-9.902050599579113,-3.2527033230665707
26.0012499,9.183340054583738,-3.5957625189158353,-0.27543559813157303,-13.846407387613457,-10.01195423913789,-1.266004213880054
26.011249900000003,9.16425349354534,-3.7782706839161055,-0.22099140920220622,-11.454539580386596,-9.702138840410818,1.3988338211357318
26.0212499,9.09082366301359,-4.018990095406915,-0.11033410785459559,-7.884018799522038,-8.970829266742982,3.866924492235669
26.0312499,9.065482352806352,-4.249851290289921,0.0046087570494556624,-4.1255689712539505,-7.879744186586873,6.10603753488803
26.0412499,9.002286367466242,-4.397351717175233,0.03678615536942359,-0.656381313065605,-6.789966945710002,7.989931756259045
26.0512499,8.908876047162494,-4.363840403242382,-0.02025481131311366,2.2138196902801233,-5.786105249149408,8.691124146091058
26.061249900000004,8.921296476466965,-4.195702756510455,-0.05822573996143352,4.645470973023012,-4.913703987204201,7.994468301856986
26.0712499,8.968459384155901,-4.1415413572804525,-0.03520184945111058,6.4371753462167955,-4.207522846172048,7.3488007802649715
26.081249900000003,8.909911003666139,-4.176881761017654,-0.008107034656329457,6.431127195110228,-3.75462483006604,7.763636695748904
26.0912499,8.893160454622116,-4.125660392260305,-0.04007684706039175,4.516682744755556,-3.2085029825581532,8.56711130352026
26.101249900000003,8.893431525592693,-4.025748127416348,-0.03473311210515178,2.1577819625064962,-2.862126734610113,8.73275502969184
26.1112499,8.78141869541273,-4.040932862510213,0.022664156037797648,0.3226669641403224,-2.8785540015489763,8.365780207390156
26.1212499,8.657051922612972,-4.15952269575151,-0.06832707657089032,-1.5879721999015801,-2.9577393320855996,7.976512848724715
26.1312499,8.552783136674101,-4.216315266442924,-0.2522524458859819,-4.16473962059275,-3.157801945974785,7.9106215349860225
26.1412499,8.388072053034143,-4.293687571423733,-0.30674838689566797,-6.3585645864557705,-3.90990764655092,7.926949416481733
26.151249900000003,8.267433045140764,-4.4800319475566726,-0.2891693311497296,-8.470100168144361,-4.360075585264039,8.084449346955262
26.1612499,8.21870372359739,-4.625191738177879,-0.3349400859265583,-10.883176326092304,-4.1530212753355515,8.589328444113486
26.171249900000003,8.173762426920923,-4.630198064802394,-0.4123676947753584,-13.004517809370022,-4.027352119369041,9.022079946573362
26.1812499,8.155272805569343,-4.600785079586113,-0.43766257620266447,-14.943797808122056,-4.162613005372761,9.266395902356475
26.191249900000003,8.274805291480991,-4.6638287483591965,-0.41183259284718093,-16.654766386519707,-3.9065083372100413,9.367909989475859
26.2012499,8.390295619452734,-4.651073091198744,-0.4249057430247069,-17.614131642889493,-3.5205966068694363,9.228003211162452
26.2112499,8.42073577782946,-4.585920806337515,-0.4972878405230101,-18.381960181230426,-3.432269761873285,9.293781872310458
26.2212499,8.534362503019587,-4.6268038350766885,-0.4978715336419784,-19.104102635583697,-3.28539336641055,9.826805694072211
26.2312499,8.65645888647298,-4.636143014411822,-0.4182597737298568,-19.66554815305477,-2.7413661969290404,10.474083842807193
26.241249900000003,8.67915524055707,-4.612187088286027,-0.4325321633003274,-19.783014492696537,-1.8260806930647873,11.343511955481404
26.2512499,8.590863481047872,-4.623868049592657,-0.5399029319439037,-19.54041014787585,-1.4543219932438227,12.454792266966138
26.261249900000003,8.483594494025715,-4.603684904845378,-0.6295089494762918,-19.580269506716245,-1.6014951983711636,13.403663823326774
26.2712499,8.410386064740333,-4.556933939797843,-0.6747612936294141,-19.244742366160978,-2.201919569155828,14.130233294372008
26.2812499,8.32763414810013,-4.558949973843369,-0.6354274321369568,-18.223314454370097,-3.3728688295536813,14.692691062813177
26.2912499,8.25353623667737,-4.542029535026703,-0.5628381466120906,-17.07392165694018,-4.5222365025362485,15.409436420341112
26.3012499,8.232543160594298,-4.483142177861384,-0.5576135401855997,-15.629256691090253,-5.946069987889378,16.633608555428655
26.311249900000004,8.229708190445766,-4.446832382677452,-0.5610453345327366,-14.346346807310377,-7.676393504788963,18.33952037649324
26.3212499,8.134370125625303,-4.31844513501658,-0.5961847686603431,-14.269989454620394,-9.67976658663299,20.53457241535022
26.331249900000003,8.012975993545595,-4.03817453336873,-0.7368669095552495,-15.691781935445455,-12.086497197011102,23.173499174109963
26.3412499,7.921343599563697,-3.8031132111740984,-0.8857043870657749,-18.89001947216986,-14.548041843836712,26.06487893835891
26.351249900000003,7.767103680411377,-3.6475744054912576,-0.9827031006931972,-23.533420831548327,-17.301233987204686,29.332514460429277
26.3612499,7.560936513696263,-3.4877529213064826,-1.1150562918443192,-28.66622657426828,-20.540438505429265,32.946229184963144
26.3712499,7.387717507062217,-3.4490965084197835,-1.2716471057251735,-33.287989659419665,-24.183381592120604,36.98881134697983
26.3812499,7.2636078963584305,-3.608290059493483,-1.3798401253291996,-36.34563033306222,-28.118740014540556,41.789601164293565
26.3912499,7.219176459290322,-3.8331047737240547,-1.4182965647619554,-37.45779400132412,-31.921600471498017,47.37860468375474
26.401249900000003,7.254988405600909,-3.962877648404079,-1.4409019609466864,-37.04069541040476,-35.33697561835696,53.739520325761
26.4112499,7.3766476195863415,-4.131438593980328,-1.5398916294577225,-35.01404333569211,-38.221149079669786,60.6260539667786
26.421249900000003,7.584161822076827,-4.361428875796939,-1.6327437107672014,-31.733188649546765,-40.182588365429744,68.52490726899958
26.4312499,7.848898473794492,-4.427770733939627,-1.6203635478808371,-28.372186920497555,-41.681531474555044,77.93677854703049
26.441249900000003,8.187730142416834,-4.382301111428109,-1.6147379241850652,-25.814924623618882,-43.03777562194279,85.9827570500428
26.4512499,8.610787714749879,-4.3469261584420975,-1.6497239334405132,-23.92159925049295,-44.81749978287014,92.49896694762779
26.4612499,9.004895007682997,-4.211367547313638,-1.7376570639560658,-22.965786451265444,-47.185684117854805,98.30647435012807
26.4712499,9.392494461069296,-3.9597885991751722,-1.8853338028312445,-23.376674398656647,-49.87252511991382,102.88000756926469
26.4812499,9.86163029587853,-3.607313499476292,-2.039289016317096,-26.20222844010565,-53.32314393976465,106.21372995145762
26.491249900000003,10.413148049071413,-3.0945605966842624,-2.1492902570599832,-33.008377009591364,-57.72887790430591,108.50823726027174
26.5012499,11.055549620466742,-2.4537449614277835,-2.1557391529648737,-45.3644979176625,-62.874198564046985,109.56418723013519
26.511249900000003,11.815680175920884,-1.7817763094637555,-2.077301187523297,-63.864364089559515,-68.61519050556285,109.70107775508689
26.5212499,12.873898318391783,-1.0828660745910625,-1.9925778740841056,-88.14842599101989,-74.46553226674155,109.14215263955329
26.5312499,14.16673433916299,-0.3859656413574388,-1.8996293894304093,-118.67756087475831,-80.92948063169665,107.30416159105171
26.5412499,15.392273480326908,0.22960919169583402,-1.53500603056966,-154.39105065950497,-89.22466573072565,103.1347116252343
26.5512499,16.671214826586766,0.6296550039353749,-0.7396005288585893,-193.31519296045576,-99.24751694984765,96.5607572957797
26.561249900000004,18.11348803047222,1.1540534312429602,-0.17375281772156656,-236.10644302826995,-111.42821564703239,87.23970718515436
26.5712499,19.64640099474312,2.152650266451599,-0.27969946237546367,-286.8404457215784,-127.16898341142729,74.31665319044895
26.581249900000003,21.56852470246495,3.4802159316036207,-0.7062838653187691,-342.35568934975794,-145.675451384896,57.77698654193592
26.5912499,24.643314464320497,5.016824596572479,-1.68458215241024,-402.7490666191635,-163.24247877060378,37.21521542032774
26.601249900000003,28.409617937634174,5.469422378605328,-2.529247649278217,-465.6425844677406,-179.32450619237588,15.839349092651693
26.6112499,31.043184206409865,3.558495833737726,-2.5347640421737005,-499.94558639808497,-196.35751594552957,1.8389600439893787
26.6212499,30.79301706866524,0.4370786321336863,-2.4029735860730157,-500.45559849579763,-212.75410909028813,2.4977554830870505
26.6312499,26.5835908957223,-1.508960081441547,-2.556269206293826,-499.5523263892438,-234.52833485578023,24.124771115433735
26.6412499,20.052694310011283,-2.037147090661901,-4.189714001851344,-500.30077680007247,-268.9995423749412,66.28553882292235
26.651249900000003,12.695476112023456,-3.028313142959991,-7.122473513922833,-499.4067378473207,-308.63344249450654,110.69385579277736
26.6612499,2.7932785346806726,-4.375072835116946,-9.972677752534441,-501.4959744497798,-352.2972895422652,153.53449687037713
26.671249900000003,-8.804047436655923,-5.334597862421205,-12.637418803975775,-491.878197695186,-398.34414187378735,197.73465653430063
26.6812499,-22.922970603238223,-6.5107730416065035,-12.968919944136678,-446.8760306986924,-448.4966311663014,240.0658953707493
26.691249900000003,-41.927595015120424,-7.148965863087019,-11.181696904813528,-382.06685761795495,-493.5401826558716,274.730265065209
26.7012499,-59.407677380849655,-7.703467224769122,-15.672540952608248,-296.25840931343504,-475.62190905247456,293.53337410500177
26.7112499,-63.20934426340318,-8.674858505961295,-22.050808610250918,-179.14693958908995,-383.0543507786631,292.57169544586566
26.7212499,-41.39011236533831,-8.267722486104619,-16.51947965334934,-71.07111688343204,-240.40226883588574,267.00945447058405
26.7312499,-15.599030836336068,-5.630407820161227,-4.46303100728287,-1.1106000555225348,-77.27682254200776,202.08426172748761
26.741249900000003,-9.32685533828417,-2.948140654433813,2.0783684330769843,54.56266470670894,50.8466096276566,90.57307941796589
26.7512499,-8.861466534534168,-2.247304924381751,2.020444554239524,114.55495462973087,141.26856367365315,-46.30429022901499
26.761249900000003,-10.321935852161644,-4.739382740140276,-2.820965197374584,189.98158678936505,194.45474161293834,-161.9308976075218
26.7712499,-15.514787835911173,-9.060054275527053,-8.543868346108349,280.00778044493455,215.7022442096654,-224.97192052353702
26.7812499,-20.680100092221362,-8.90862586850865,-11.769792393206522,352.10639752970695,221.02642954873824,-241.88584258472648
26.7912499,-23.5735782149984,-4.102360212923791,-12.940238489345552,379.9357688802371,213.65546648882054,-234.15443115095508
26.8012499,-21.61316221294714,1.5053483088176598,-13.377572674557594,368.2492939694166,200.87786754295323,-225.51213038323397
26.811249900000004,-17.224191572185475,3.6088067732010645,-13.170986188587749,343.63805744748055,182.29558851055657,-222.44107714877924
26.8212499,-13.774881171946529,2.0855323986054235,-12.14298510135102,312.2211026780044,163.31973786484085,-209.2898606983229
26.831249900000003,-10.617117019214605,0.7674816281840949,-11.144071798538462,274.9188751452431,155.08146968588483,-182.46829194730918
26.8412499,-6.681256393402481,1.0663903129445058,-10.656940408568783,238.56167667726692,147.1661463318397,-157.27800213557086
26.851249900000003,-1.6728627706286567,0.4945083367526118,-9.908490716728597,207.3177765098685,134.24648527602062,-138.1546748303272
26.8612499,3.1279119136313116,-1.331706124896184,-9.036396203729371,189.2411263100729,125.3577295770298,-122.43439958023076
26.8712499,6.828284032940387,-2.939441719582694,-8.209039999174207,181.24594670230985,120.83277511541452,-108.0172998272583
26.8812499,9.864371310450936,-3.8655198691135655,-7.188277655932862,175.67161111151245,118.9740124541525,-95.04215861768402
26.8912499,12.129456154270231,-4.413229287169454,-6.335512885651077,173.3879667923584,121.19650463161211,-84.2319976664276
26.901249900000003,13.158485834845237,-5.09690863296545,-5.881848487240447,174.157301824034,125.94512618908857,-74.88310023313241
26.9112499,12.922343912236743,-5.594901290575687,-5.797950065403293,175.754087304045,129.9602387522744,-68.05896122065853
26.921249900000003,12.535287477551343,-5.6452117164422,-5.940168091423958,176.30515647429246,132.63180752974674,-63.95845094931552
26.9312499,12.410782713233399,-5.390255774623857,-5.964671861220846,174.58151913701883,133.13566647994966,-62.81440286020363
26.941249900000003,12.235155844929544,-5.087620894107043,-5.904161318199485,173.0926550636788,131.50188272738444,-64.74798424499812
26.9512499,11.773650044704542,-4.6713210663138724,-5.899313839671842,171.53387924782518,130.0219170763834,-67.75975747746837
26.9612499,10.928768954522104,-4.045015836926683,-5.782707409097117,167.53748416126106,129.6008020551205,-70.77718074256184
26.9712499,10.332416987771287,-3.6435814302210905,-5.50770342714345,162.5181078825439,131.25296038012058,-72.9218786675912
26.9812499,10.144002841935489,-3.7443132413229234,-5.113441444070752,158.33037137916148,135.9827721017511,-73.36131755929911
26.991249900000003,9.700101912025005,-3.6610294649428052,-4.69301557074554,153.46912994582522,142.35379575114607,-73.1847324844201
27.0012499,9.49487890217287,-3.2028608203338647,-4.395329914727827,147.9338305906691,147.5154998644027,-74.00733666670696
27.011249900000003,9.945111492503747,-2.8745297738691713,-4.197856635765866,143.50517615144634,149.5029104234,-76.46908301441705
27.0212499,10.177453930446278,-2.554978471453117,-3.9923808268988874,140.14254224098707,147.9344157693889,-81.16266101765136
27.0312499,9.909159971944487,-2.473818993534711,-3.5493429483502985,137.78767480431102,144.83336945190518,-86.48649034870505
27.0412499,9.292919005786105,-2.6132042735881242,-2.920134328677826,133.89751582452882,141.31102083835472,-89.47936697374625
27.0512499,8.636730026213913,-3.0029273146352344,-2.5577995528826527,131.10701012882174,136.54745920386753,-89.29037639254103
27.061249900000004,8.436952128356397,-3.9388478994214804,-2.4159605039191043,134.3999220507632,130.023441093346,-84.83753731918145
27.0712499,8.373454303568172,-4.230272172691704,-2.188188559181254,137.3236570608607,123.96523597689404,-77.42693659382952
27.081249900000003,8.19471225851497,-4.086405859119427,-1.9174539937422426,139.4507395162306,119.45789120010052,-70.15059884762154
27.0912499,8.054404331008401,-4.1165813783096885,-1.6415511853808837,142.17681102274406,115.05759546029938,-64.17717476647466
27.101249900000003,8.089151752451869,-4.062381951465145,-1.438536148526146,143.4179225470887,110.22495198606785,-59.58096893596041
27.1112499,8.288890895545569,-3.992735137093299,-1.293836048240721,143.18993767891524,104.18021279771173,-56.93887888730754
27.1212499,8.547826787116403,-3.9738445635148523,-1.161908619525034,142.9854249983393,97.84103475363432,-56.07362478957835
27.1312499,8.777183125560189,-3.9595140251544674,-1.231458742829737,142.2133914620763,91.0212442384719,-55.709814842268734
27.1412499,8.312689684871934,-3.7293021266235282,-1.2695403587897707,138.38778404714094,79.86717263535922,-55.145847809506876
27.151249900000003,8.51937799180574,-3.686169374934166,-1.1557770752174363,134.64828446570345,71.56155119563127,-54.067543192952755
27.1612499,8.96991617971306,-3.3661159199346598,-1.0312426888014297,126.90458006209256,64.38527909120131,-53.21765218341371
27.171249900000003,8.380011014034238,-2.5510118247164955,-0.9192418302928902,113.27247744951772,53.800126640357846,-52.313777931940336
27.1812499,8.486940021747136,-2.4413963818737137,-0.9313795822072349,98.71585691300616,45.727157953055084,-49.83218437176308
27.191249900000003,8.676989108063815,-2.230306665090658,-0.9949489055270393,78.99648865098585,37.2213048924997,-45.31035557766966
27.2012499,8.77488648522938,-2.0659990319261503,-1.0306435963501144,57.205880107016476,29.307783114587252,-39.170633481759744
27.2112499,8.789105541274589,-2.105582034388411,-1.052285224474609,36.03856786716856,21.37947839915689,-32.97164929926267
27.2212499,8.753739424683252,-2.068610867313601,-1.003934197757895,16.0957285992323,13.32205106760128,-27.46001334671531
27.2312499,8.779759553082,-2.2989129613641968,-0.8556594829265826,0.19498053311565172,5.869424998139936,-22.930317181406814
27.241249900000003,8.728399890651808,-2.7579668948784297,-0.6657340395121856,-11.323325680391743,-1.2087760469005364,-18.81712382869793
27.2512499,8.633623072631567,-3.2400604341415358,-0.5152931936690271,-19.27033440412133,-7.206326473206733,-14.828491685800085
27.261249900000003,8.55579584942881,-3.6411667707545847,-0.4372292290982865,-24.42443331179228,-11.982781983856912,-11.909442614992816
27.2712499,8.599641202896631,-4.1381150176246235,-0.32203555730914224,-26.223862013476175,-15.820620833812722,-9.685946661586696
27.2812499,8.679251193761777,-4.5522745859627225,-0.27069703526698363,-24.19118519517358,-17.666541689108413,-7.732533096335642
27.2912499,8.663497134792982,-4.7210164481886965,-0.2826656270371755,-19.743244381294165,-18.421128148420262,-5.954593083832551
27.3012499,8.696013979852761,-4.851749077949778,-0.19842250723054924,-14.027801338112576,-18.504603911471403,-3.7271944512415285
27.311249900000004,8.77952231151908,-4.8983041881912275,-0.07624332092162174,-7.786013549161964,-17.235530524006702,-1.2391167474245273
27.3212499,8.841276488516232,-4.796948752558794,-0.009732209144362843,-2.1472086136484876,-15.127444074814,0.8593964534255065
27.331249900000003,8.9278134766646,-4.602790844742568,-0.024870401389797434,2.076687495040407,-12.545057745118179,2.760787876653372
27.3412499,9.039276640455016,-4.302950950063308,-0.10146869162312364,3.89828726699992,-9.511825666764235,4.199846735052288
27.351249900000003,9.067683932559241,-4.043384374711779,-0.13864054439614693,3.6835633628688558,-6.378558811663849,4.661611100018873
27.3612499,8.918156006761985,-3.9138818629117935,-0.19028900737719048,2.4850877112146916,-3.8505952271931103,4.160988987625949
27.3712499,8.672168905445577,-3.885062779829615,-0.27022015109228875,1.0563424038598217,-2.1850605841834803,3.355213770082646
27.3812499,8.480620827488647,-3.971421681285857,-0.3127118882849756,-0.01986719671995728,-1.2070944370977446,3.0770652671276504
27.3912499,8.352395134249551,-4.117949316554872,-0.3009141817125851,-0.4856185967063302,-0.6524561298487961,3.657989002867869
27.401249900000003,8.226986313794638,-4.26847615100389,-0.28067698463802615,-0.4332629804901616,-0.7582417545937881,4.888048172647719
27.4112499,8.201254768431168,-4.38841946235226,-0.2942069087135795,-0.30391140059148275,-1.0149521237418861,6.702441904045003
27.421249900000003,8.26844883216319,-4.393718407578978,-0.24057805997750986,0.058567155013749005,-0.961920316568248,8.420036635982198
27.4312499,8.332421374090739,-4.411060640875972,-0.13555096927323437,0.3415230174108966,-0.9961883198558745,9.847071051868095
27.441249900000003,8.387816694886297,-4.431760171915818,-0.11573856588133098,-0.45868884570569757,-0.6358468612532326,11.371195727902721
27.4512499,8.370281361783148,-4.405831016978203,-0.22310432809684727,-2.148981211335281,-0.4796401552731297,12.537638118776158
27.4612499,8.29711158580768,-4.433421843703506,-0.31753459402258855,-4.06774043315078,-0.7855088069505947,13.578941870516354
27.4712499,8.229083008925556,-4.442673968075736,-0.3854515728965424,-6.290029778392704,-1.2300978542309227,14.442345849324179
27.4812499,8.12852568981893,-4.424929516819882,-0.5024405173752586,-9.74037004360408,-2.447080849291517,15.177050048854795
27.491249900000003,8.10979661064353,-4.46845049709086,-0.5931494096758153,-13.370509605386895,-3.7531572577171124,15.75717616979914
27.5012499,8.210152645553057,-4.52748252301806,-0.5941357516642648,-16.25661190284619,-4.551694773235485,16.077201850878218
27.511249900000003,8.389550132163855,-4.584063761510626,-0.5414280695186593,-18.989198388069507,-4.779474662313784,16.368873009022145
27.5212499,8.590579488475505,-4.69269836830079,-0.508393429196984,-21.550012509205214,-4.466749512541542,16.80811364046755
27.5312499,8.6629534314511,-4.739709562613239,-0.4961915161889946,-24.400909424807335,-3.7443890051148623,17.21453979295947
27.5412499,8.647408990789602,-4.772969480802496,-0.5017331643614326,-26.820399323330726,-3.1289242056529902,17.359753844405834
27.5512499,8.673421009377579,-4.902824683341971,-0.5217918371430071,-28.07851635739559,-2.7646295445831766,17.53915387514005
27.561249900000004,8.626427413824535,-4.970103085274903,-0.5915765195996395,-28.677317837159354,-2.795528674824839,17.928596941080528
27.5712499,8.496147179529872,-4.994334876302534,-0.6817541379731747,-28.39331797354492,-3.5758425461935346,18.505429637163303
27.581249900000003,8.379255006975292,-5.036793654207879,-0.728345880034303,-27.052130456163727,-4.650053108479742,19.168823749964762
27.5912499,8.2369705117162,-5.026672095234733,-0.7299203165695174,-24.898609452184015,-6.205220551560074,20.2460218008935
27.601249900000003,8.042957574513695,-4.9887811274739775,-0.7228356508366633,-22.362834292327594,-8.548308586923298,22.012876730294792
27.6112499,7.807243091032163,-4.917507984020206,-0.7729986997629988,-20.13414479111565,-11.532421443512963,24.739040267428027
27.6212499,7.656085603089981,-4.78184897657298,-0.9288789098536758,-19.14073415925604,-15.077373373059359,28.241333658957892
27.6312499,7.7096427653200985,-4.603205604910974,-1.1473893932255574,-19.917077627924577,-18.523156482119386,32.08611271529518
27.6412499,7.807486243194609,-4.276607996849462,-1.3185224429099875,-23.304311099311203,-21.779630558772332,35.89502961581678
27.651249900000003,7.871233012718247,-3.9467743783981444,-1.3761072943576895,-28.74531401658748,-24.863375682311297,39.3150037452087
27.6612499,7.9393024043995135,-3.7988172258310664,-1.3398634211302465,-35.85422348463813,-27.69012721680921,42.74110621104399
27.671249900000003,7.954573203938244,-3.728928944821543,-1.3828731090835125,-44.424811104358405,-30.638621344356807,46.661602310934086
27.6812499,7.950359681073674,-3.789576637725962,-1.5072221577483857,-52.94581628662742,-34.213576800231614,51.162903019466015
27.691249900000003,7.90895398769814,-3.9558844627536427,-1.6039928210505643,-60.34031625670636,-39.24928152056382,56.40338739214098
27.7012499,7.815232108387807,-4.053935761063223,-1.7100317230925588,-66.34276742778464,-45.52428435483022,61.93898418194815
27.7112499,7.7190534621390645,-4.018541526031803,-1.7888965410314523,-70.33524596975022,-51.723141191394454,66.4481201312194
27.7212499,7.691957975582448,-3.8992198889892347,-1.8325579653874673,-73.77620168817607,-58.353062993787894,70.61994320848676
27.7312499,7.796533452692606,-3.7454350715117473,-1.9006733712706787,-76.96662082689659,-65.15087585329088,74.61187985331954
27.741249900000003,7.986316594840483,-3.5769640714278985,-1.974990634157501,-80.17706995099633,-71.99050802726593,78.34751755603466
27.7512499,8.187715056632728,-3.323245566700408,-2.0830843559667764,-84.29631600993953,-78.95124275248746,82.17962513025552
27.761249900000003,8.43340584731933,-2.9868928131695847,-2.299316077236417,-89.37004372294888,-86.15840812198839,86.02090094278508
27.7712499,8.799679873454778,-2.666782777845117,-2.542067371088937,-95.32217972876803,-93.5912907546017,89.80153540984236
27.7812499,9.319784966766314,-2.47333337950295,-2.729934781582736,-101.91865126207955,-100.88827982121528,93.51744233870541
27.7912499,10.090034310532976,-2.5458037080254896,-2.8561825681461266,-108.02602449171226,-107.68355664856165,96.96235120232413
27.8012499,10.9584995640581,-2.8346179176908937,-2.897481819751027,-113.5522808913195,-114.50448964278146,99.93428591723286
27.811249900000004,12.009899703608754,-3.002068936955694,-2.9079530323149285,-118.38505536228213,-121.87121057668023,101.4457020207992
27.8212499,13.53036433454782,-2.9999848264013615,-2.8591802105697246,-122.77965079218917,-129.3347892662964,100.87477859762495
27.831249900000003,15.169494796835727,-2.9810540181640603,-2.617876662979613,-127.52576159023037,-137.68857190456544,98.74763119044445
27.8412499,17.021306250419382,-2.7788687062546593,-2.3622422045518747,-133.25885194464317,-146.58582279747503,95.02680528900989
27.851249900000003,19.623100987725923,-2.229108907697913,-2.28474695134028,-142.21401857433517,-154.24476854608903,89.47872984157787
27.8612499,23.20592770366243,-1.4440797798860552,-2.21706829651391,-157.73035970958125,-161.82294395010126,81.84442907531194
27.8712499,28.19920197499018,-0.9129993476504293,-1.844114754999736,-178.97282076351067,-167.57968017866685,73.72680271592742
27.8812499,33.09832587437226,-1.168707615543564,-0.9370016502249134,-202.24724766393228,-168.126984836062,69.2896657104375
27.8912499,34.234392690284366,-2.07400499679651,0.529894287076499,-224.39653222509114,-166.51831502491328,71.37132169477667
27.901249900000003,30.971753332625585,-2.543692189243222,2.2122107964756133,-251.0474697759726,-162.2211576563143,82.56519556471928
27.9112499,26.583785622603614,-2.0900068234447433,2.4418609894941845,-282.31382973133,-155.77926632156635,101.5574972094966
27.921249900000003,22.190894267405607,-1.5901434051415813,0.8793681412602745,-314.23146673674376,-155.8766282088696,126.8906396966346
27.9312499,15.37202891143274,-0.09534601816796145,-0.7756793019871544,-358.0764674409975,-172.88901060042852,158.5967075021128
27.941249900000003,5.541890878706101,2.6776013730307304,-3.641784120316877,-416.8913390664056,-205.68253387088876,191.19510916412082
27.9512499,-7.629907857900461,3.5991960236582625,-10.24709231184348,-477.5014205176008,-236.61374612213973,228.2927853205122
27.9612499,-27.115044145112105,0.43678148530670247,-17.289313732723684,-501.40618799303195,-280.0038216323502,277.93615992904347
27.9712499,-46.431624097199204,-3.9024791233625726,-20.706753977902995,-501.60408459634186,-327.80747651194116,330.37809744485304
27.9812499,-54.278060514911346,-6.028355837431067,-21.220721287950514,-492.52511510639226,-334.85721572273525,352.8683330470569
27.991249900000003,-51.269883220523624,-6.640923914199571,-18.055326746932852,-435.44935306549115,-301.04111117084113,327.5915474724498
28.0012499,-39.45891973942493,-7.353816089938804,-10.682633479663684,-348.5754714114204,-220.98910314048845,271.64299566320415
28.011249900000003,-23.590091004517113,-7.2426447307514765,-2.6477640246168277,-254.8228810879344,-102.37070972510463,199.21548568375374
28.0212499,-14.284184824362796,-6.624690049376904,1.2291943398825116,-146.88983473500426,-0.6089913674831441,108.60144632808999
28.0312499,-9.977849852755998,-7.242503510140923,0.9643686250459134,-15.720613587199416,70.33756734643732,6.22661132741785
28.0412499,-8.845778702924937,-7.824844423832827,-1.7762340271736783,119.97388354481319,120.07848139110956,-88.04029172409695
28.0512499,-13.25850915690102,-7.912249021513378,-5.111495082355838,236.09634211212682,144.02550893889298,-154.69809284420202
28.061249900000004,-17.763994620579613,-6.633390671929236,-8.620324674291654,322.3769410830445,156.60320163844858,-190.68890801373823
28.0712499,-20.190529431903382,-3.9337925352412784,-11.662030244252849,374.9554409157541,155.64246504039687,-205.61500672738032
28.081249900000003,-20.148510903769587,-0.6753216335457195,-12.69327772982411,389.12988383582416,142.64091460557444,-208.4462181491735
28.0912499,-17.331529966806997,2.2840070208212104,-12.402695939197189,373.3574152702425,130.6120506717871,-209.40254805660663
28.101249900000003,-14.310132054012223,2.435030970527032,-11.534459855338968,346.79691423214496,119.17668424733947,-209.06460152902676
28.1112499,-12.60173764630255,-0.3619344196942966,-10.465721448916868,311.5188745572665,103.41699366625913,-190.7545257847819
28.1212499,-9.519943892260216,-1.034978098675185,-10.376953764924519,266.508009486122,97.052015515793,-162.29982074349164
28.1312499,-5.150450969151897,0.14449400651101849,-10.785031756470664,228.15043389862717,99.05124091819526,-145.02208727378465
28.1412499,-1.3835386862674093,-0.6841913007920576,-10.884130121547253,200.17496012851313,97.98075237897086,-133.64727022080584
28.151249900000003,2.287182788255328,-2.7134864287144818,-10.463084457269213,178.7427174629223,98.04788038343568,-121.37364608205604
28.1612499,5.791362939932514,-4.183101766361444,-9.739770359554388,161.5300364565221,102.12792571917092,-108.17947809143831
28.171249900000003,8.57860234973816,-4.9693397535629495,-9.274127202071613,147.56257776942522,109.39547307285861,-96.92252504018816
28.1812499,10.645670325287043,-5.691817170787864,-8.928572097388434,138.53382375126043,119.74563505135963,-89.3572181446082
28.191249900000003,11.557981658923975,-6.194820751871373,-8.456012950464492,134.3208617765157,132.2549771535402,-85.922556420088
28.2012499,11.308971178176392,-7.118855862446001,-7.715628353023244,137.14688605405988,144.62264433990623,-86.31926939800127
28.2112499,10.93822290722643,-8.857774626942936,-6.478714228020438,147.12475304867706,153.72616305563534,-84.42349928141735
28.2212499,10.977179075367394,-9.851952399327171,-5.443735452012321,160.84674375783257,160.16185404635814,-77.33553868492257
28.2312499,10.96864918423995,-9.4275366739151,-5.063915642154963,174.2225848691175,163.8303561106631,-70.155043166233
28.241249900000003,10.517802041485865,-8.195583602523671,-5.132411539369663,184.05556007589405,161.9013368138379,-67.17068173240123
28.2512499,9.914254717582594,-7.214764788682854,-5.290341957261951,192.14232133845795,155.48659186667015,-69.31865580018184
28.261249900000003,9.44348429633876,-6.735000487881233,-5.232343717335441,197.92795698118474,149.2358711967605,-74.06069825405321
28.2712499,8.780239858679847,-6.156193023193672,-5.121494064214081,199.84403547277387,144.54178273581394,-80.08312675281987
28.2812499,8.394077186474949,-5.419815464420996,-4.846854567673381,196.84989513710647,141.00314113624952,-85.8742085403406
28.2912499,8.840045224026385,-4.999021552000389,-4.220276833879337,191.57927120517743,138.79443494436393,-91.42841664804962
28.3012499,9.429439315967727,-4.569825932499045,-3.388428403108012,185.3531322285325,136.53051111077284,-98.73867407172399
28.311249900000004,9.832287044393373,-3.7588046041290166,-2.6764528739037723,176.1658054213796,133.78717885972972,-108.12653030910299
28.3212499,10.18184610662655,-3.294982438287188,-2.2148743140002023,165.63494387522584,129.16201910860326,-118.65389333074872
28.331249900000003,10.251702144968883,-3.6022599515874956,-2.01994483071353,158.47285224736117,121.43608507489253,-125.9238742249502
28.3412499,10.003623693808583,-4.274650350107995,-1.906290197868024,155.61112255478648,112.63153020331349,-127.0926582215034
28.351249900000003,9.526874402499374,-4.570380051790101,-1.706387584196253,152.53967421333056,103.96980131660297,-124.13736173041869
28.3612499,8.949809343673703,-4.39418731513843,-1.4984115364497759,149.61935377247568,95.51594622055087,-118.84332039181034
28.3712499,8.488418924118386,-4.049935431134814,-1.2476296213465152,147.68177565936128,87.42879990261824,-113.30544147739471
28.3812499,8.277619212211372,-3.4536495877014373,-1.0547761199759207,143.48551888412058,80.5147629535831,-108.04876752928216
28.3912499,8.392181486009735,-2.881545805189614,-0.9308428965733213,136.2725688148855,75.37514626838843,-102.94260924160865
28.401249900000003,8.395101129226434,-2.5461607987327706,-0.7570001219458907,126.53833523423032,70.40976972366025,-97.76023100548932
28.4112499,8.38139843030274,-2.3928886002058034,-0.751482128371247,114.10723085914846,65.16603171722183,-91.6443927866983
28.421249900000003,9.003618752259433,-2.4442492641977593,-0.9715822043956384,101.04880666469448,61.6818158251752,-84.691576446303
28.4312499,9.10864874085357,-2.1328924629142905,-1.174203184829939,86.62341358006927,56.255665359431354,-78.83091551253403
28.441249900000003,8.732427463028447,-1.6919737445582335,-1.3070984872419786,71.25389815791341,49.57982194198557,-74.7030944854008
28.4512499,8.78162679938091,-1.6690882078684801,-1.4480861076414842,56.45109207056658,44.27636643525648,-71.71220738225989
28.4612499,8.81078046619485,-1.5024731622660858,-1.589723452449984,39.645952567256025,39.21850438156247,-69.45625507582254
28.4712499,8.981552017490705,-1.591668794162128,-1.5652156714236434,24.753331015069172,35.250743562710014,-66.76405055242185
28.4812499,9.167866527921387,-1.959439615835526,-1.445199132344776,13.230174107781979,31.30576447380304,-62.64510748030807
28.491249900000003,9.094367253696129,-2.2010086494987906,-1.2974359977201446,3.7066897806258403,26.56504433368564,-56.785136359463216
28.5012499,9.000333758110378,-2.523783630814101,-1.0957811254250898,-0.9580512114579715,21.613624724179623,-49.47906094504612
28.511249900000003,8.924486030161411,-2.9155818907191993,-0.9600135988108419,-0.5640164392735938,15.760737456556923,-40.869015471496894
28.5212499,8.91820022833558,-3.4094872440442816,-0.7448067193452125,2.8805641239274555,9.83449159449163,-31.04402764016022
28.5312499,8.879125172649886,-3.822091100841532,-0.5568318197740856,8.06285766516149,4.18757555786208,-19.70048805564655
28.5412499,8.690638874887135,-3.668189301855533,-0.7314993729594181,10.952021059099451,-1.270229016724957,-9.852951040254831
28.5512499,8.620827267266225,-3.4555988926215373,-0.956492941554826,10.237140520490957,-5.498177503963388,-4.129179247759759
28.561249900000004,8.710092805663255,-3.617233808149733,-0.9454975082116754,8.013510974433466,-8.406432054858621,-0.11369346268987654
28.5712499,8.736203104817609,-3.7090143640265625,-0.7681869377491478,2.919116476211412,-10.408519288221923,2.331468133513853
28.581249900000003,8.794008493475921,-3.789093565018369,-0.5349075952263671,-3.952212428864478,-11.194212867660188,2.3889837835867174
28.5912499,8.89227715295755,-3.9852056211031,-0.3790202812068821,-11.044241246747783,-10.594511215538779,0.7364223154944071
28.601249900000003,8.912357595542385,-4.07503178610266,-0.3306003058695585,-18.075978904680962,-9.393823258785078,-1.9767665558178065
28.6112499,8.8988728841546,-4.250744116279888,-0.25647800752503846,-23.626228560771786,-7.782176748933912,-4.917667158933539
28.6212499,8.855313481059216,-4.573926147303523,-0.0858567378639613,-26.84805213272835,-5.860231729291957,-7.079575533494674
28.6312499,8.706266673904542,-4.861453865583137,0.03889581033652615,-26.947769999186672,-4.24817894200855,-8.577770600357418
28.6412499,8.501324131276718,-5.109751399351085,0.014094635905270738,-23.374345303913618,-3.111869135171474,-9.453634108054139
28.651249900000003,8.376327256552315,-5.303394992718043,0.008532876654040795,-17.10093467006995,-2.4133317349579344,-9.444305289828486
28.6612499,8.281297044352165,-5.371326760800882,0.10702394207167544,-9.06067922189878,-2.0831359970049936,-8.521265150834639
28.671249900000003,8.237675848182127,-5.248607747879223,0.1919613640796743,-0.623558395885235,-1.89080217745313,-7.099729069358139
28.6812499,8.241466819604542,-4.936974017666089,0.2259122078252086,6.4967192507704805,-2.0790577719640155,-5.6014178609743075
28.691249900000003,8.182752183560135,-4.540529335348359,0.14769965962519593,11.430364227942508,-2.555101776818549,-3.930693999163605
28.7012499,8.005585301660068,-4.228910434259931,-0.014569550829900264,14.055064865039956,-3.579987909073146,-1.9120852645208073
28.7112499,7.8537396688987595,-3.9962115982273763,-0.19522800330880086,13.554785091210649,-5.189993955147361,0.7293895262859541
28.7212499,7.749972698055413,-3.7131820218422935,-0.40555263816825493,9.899988903841718,-6.9782641701062555,3.3786340721262063
28.7312499,7.72523726237955,-3.422281668524174,-0.6452739982102713,3.6509561349605746,-8.549346759053417,5.753922522081809
28.741249900000003,7.974719878583724,-3.2708219395017286,-0.7758599876748741,-5.770772418344005,-9.80376373539412,8.359396255527974
28.7512499,8.292777618934002,-3.368457127665786,-0.6726681963793799,-15.345572056533793,-10.464093610267147,10.419560861959797
28.761249900000003,8.412597248139559,-3.6417925017143924,-0.5581439164765665,-20.8838726741305,-10.51380723809924,11.687845378436542
28.7712499,8.395146975935177,-3.964166369011737,-0.600299573287418,-23.278281512224037,-10.691734064510266,13.104810417311318
28.7812499,8.350961682202554,-4.264580754355484,-0.7005384740854307,-23.068565963623307,-11.375780240521836,14.677577726273785
28.7912499,8.326072893948622,-4.429929397375993,-0.7874262900526068,-21.048794924519058,-12.4736296928985,16.312846465355594
28.8012499,8.296527229589227,-4.450660220002204,-0.8500568262946123,-19.108678441983358,-13.501745690318312,17.891632827211133
28.811249900000004,8.299047252489615,-4.381555060634261,-0.9060537835031203,-18.300907728924464,-14.05091050531488,19.1142645902474
28.8212499,8.405244523188628,-4.2590466197689985,-0.9790642325557634,-18.697482243513768,-14.154123420628878,19.93783539916416
28.831249900000003,8.560104123661839,-4.17911031479569,-1.0204960400856842,-19.93807525874479,-13.965294290742952,20.44370208517236
28.8412499,8.651143858164554,-4.101593511802295,-1.02273475594716,-21.9253641980508,-13.4118974507166,20.73087313670532
28.851249900000003,8.667446856019316,-4.006219017647223,-0.9776414370671906,-24.27534141570595,-13.101372037384467,21.04056817268061
28.8612499,8.696153787406692,-3.9932432463120158,-0.9593122025749999,-26.48140634844188,-13.131399641749411,21.552299038798672
28.8712499,8.683909377234084,-3.9708004881099708,-1.0587767378070347,-28.277214532284145,-13.453231935553685,21.901420746433484
28.8812499,8.60358106081863,-3.8826083252754966,-1.184173950487355,-29.949708805636266,-14.509159366540107,22.338778953905546
28.8912499,8.49899412279576,-3.768965569731757,-1.2855031039198421,-32.04135968635184,-16.1205901602794,23.190652627189376
28.901249900000003,8.34926821622958,-3.6101933850197843,-1.378829087414041,-34.668020378132226,-18.22245585327541,24.23268203510111
28.9112499,8.189128674775855,-3.419252148748458,-1.4610699069284723,-37.68389952535874,-20.978479702829755,25.356831599954926
28.921249900000003,8.054976712605717,-3.2720868494929887,-1.5329884424536693,-41.0362947326714,-24.064106675295825,27.08819364953962
28.9312499,7.920310587213137,-3.1974492737942395,-1.6185878873281547,-44.25278597697342,-27.54826192619379,29.866962570459584
28.941249900000003,7.809812690751564,-3.221429648735646,-1.6465966049300833,-46.94298501409901,-31.35455741898872,33.92164721722925
28.9512499,7.748598730555494,-3.2470247572845805,-1.647888270961062,-50.39029769276664,-35.700241067455764,39.91206920123181
28.9612499,7.733006615395309,-3.156400410432688,-1.7748596392876166,-54.43042743999817,-40.667152885651795,46.81362676503459
28.9712499,7.776323670325512,-3.1084579824396035,-1.8944461194111488,-57.61952146289691,-45.514597757887536,52.84725398797048
28.9812499,7.8680153670738555,-3.1744739442115955,-1.931511801734138,-60.504947754697184,-50.41726283967809,59.31597214658708
28.991249900000003,8.01187201973772,-3.2018357526824706,-1.9626110116363202,-63.33587953823975,-55.2481469195329,66.01009087438426
29.0012499,8.186712954233075,-3.093043050909277,-2.0074873129035935,-65.7013522965871,-59.99516382774939,71.80116257627051
29.011249900000003,8.397241849985603,-2.9025347285846603,-2.0999342709522053,-67.63118020500191,-64.81262870745476,76.779917460989
29.0212499,8.673677540447912,-2.702098596611831,-2.2247870552347186,-69.54241594205976,-69.73760009327667,81.5941559263313
29.0312499,8.963392117760787,-2.4326289147004183,-2.30825916810261,-72.26766233028201,-74.63558600705863,86.01337644002129
29.0412499,9.427158951574533,-2.141602789169307,-2.342324883492279,-76.04911385485613,-79.57874616944973,89.69607321041325
29.0512499,10.130900501663954,-1.901006388980495,-2.4700842372945604,-81.37480804919058,-85.0619908142037,93.6677835018943
29.061249900000004,11.013174156982863,-1.5153362148315281,-2.755892450805091,-89.61652026810108,-91.40474920798003,97.67080684590553
29.0712499,12.313728224856547,-0.9432513474211773,-2.962983200327177,-101.23590725107304,-98.33989429732989,100.7547880006611
29.081249900000003,14.240369087183527,-0.3346981260497437,-2.9889242953429886,-116.39571944639944,-105.71905913099067,102.8289605983129
29.0912499,16.656632640270075,0.3584765976151852,-3.006619670038279,-135.0499374428292,-114.92310913566317,103.13049909434586
29.101249900000003,19.300163178311443,1.1341924650398638,-2.8442522541164803,-155.22106833664284,-126.44107555838721,100.95894748553957
29.1112499,22.266125167889395,1.9019641542042178,-2.3846524899374466,-174.3975585158679,-139.02763980697625,95.52603825154745
29.1212499,26.103341554973927,2.478183986032116,-1.783865610455798,-191.94354793232952,-151.4729233241283,87.02950063728399
29.1312499,30.558494545563416,2.361145333409205,-0.8674244542527327,-207.59005707661123,-163.28384443310716,80.19035031171605
29.1412499,34.155027738973544,1.0974913459227478,0.3783610196220584,-219.77575733037855,-171.30321701403366,80.54507811362194
29.151249900000003,34.473521725646734,-0.402249578340587,1.64415503641162,-228.81990909615212,-174.81993538496343,91.53037992480309
29.1612499,30.715669297483274,-0.33144795167476576,2.6929906186680896,-244.25604394803543,-175.04537566114948,115.03036902853906
29.171249900000003,26.514656170218828,0.6086910514103046,2.662784754292337,-268.58934669928715,-174.37065666674172,145.82719820497906
29.1812499,22.6776577038302,1.3071586457260873,1.49034099492415,-294.4369302541073,-178.07045434193932,179.03424561418578
29.191249900000003,16.230770550307994,2.487358069351958,0.021603191334063285,-326.86171692036885,-191.1808268384671,213.81485162768075
29.2012499,5.6311703672058675,3.1062587809342626,-2.700002629687318,-371.04648378555737,-217.81785348198315,254.23274203170502
29.2112499,-8.802251830357774,1.6431811194336223,-8.529644061086216,-423.8320390123465,-254.59602034263804,305.9697688344408
29.2212499,-25.354996822796267,-2.5837202303584954,-13.638970855136009,-463.6694061662429,-307.1417486503627,365.5311721473374
29.2312499,-43.446152146514294,-6.652822484258966,-13.50540596995089,-474.3716686686152,-377.1000122674423,419.5946439275564
29.241249900000003,-62.161455680436454,-6.123775084840667,-16.413797414968485,-454.71490359084964,-413.2729443486161,441.3193820025542
29.2512499,-71.45741364821254,-1.400705009131459,-24.294603778107124,-436.1252778432476,-367.94893516873475,402.294294989287
29.261249900000003,-53.73049667833252,-0.35795167157029806,-21.143920961794986,-417.3835634093464,-243.98663743263214,306.7017433295531
29.2712499,-20.010612958362074,-4.036478792931606,-6.313614178856561,-373.21343712016153,-71.59216922470398,180.39201715729385
29.2812499,-6.626678982702836,-7.2483031321912135,4.343620342473443,-298.91106477335643,60.266842661736405,44.294817916346574
29.2912499,-7.43429441862124,-12.853060528303756,6.321331181309024,-148.42697211511637,130.32204440843657,-81.13858489022898
29.3012499,-7.413469355262696,-16.06233597579604,1.1290292748555801,48.558919157736256,176.0322151137541,-180.60814496494274
29.311249900000004,-13.302240215242366,-16.16909857800855,-7.669531853283825,235.99766227050313,194.98479836366946,-238.31446440988816
29.3212499,-21.72937431639656,-15.1207765840115,-13.739561413490904,386.9022122964303,196.5706787111677,-250.44798304995007
29.331249900000003,-26.403816713604684,-9.52140709859789,-15.17128666379571,471.6622700482122,181.64507426346066,-238.62865603906775
29.3412499,-24.658612393358382,-1.526898884150782,-14.060825551840004,488.095169781419,159.04951519669365,-226.84969372831682
29.351249900000003,-18.91597337149998,4.5408706961325205,-13.358935211957377,459.1999530706283,143.96933511712746,-225.35139885634993
29.3612499,-14.236322552517281,5.651130225688826,-13.179753621215458,409.5042018309944,132.13744937999252,-223.7594514536848
29.3712499,-11.312770075340651,3.2039065194065115,-12.637266791142974,345.8468703953159,113.42345971286319,-203.7731445967605
29.3812499,-7.207354418243097,2.7840866197685594,-12.448355070469868,277.9017319999617,100.49485401051076,-175.6393391277553
29.3912499,-2.3608107149173496,3.461419748864422,-11.88909017755732,221.04952975999026,95.0948448659522,-156.5454296490228
29.401249900000003,1.1007292542760954,2.1681389094483903,-10.611521592389439,178.85652697514107,86.71947599170007,-142.93859863832563
29.4112499,3.940085957208484,-0.08770673877833615,-9.34214367758051,148.05910670623203,79.44471810438071,-128.76426908735175
29.421249900000003,6.950031763769368,-1.714526299595314,-8.43263076215961,121.7960768813854,77.97239098154571,-112.55395182669731
29.4312499,9.388066905204079,-2.8263324264523244,-7.999511418210874,102.33388814267155,80.98413863144675,-96.977719492745
29.441249900000003,10.970632486312196,-3.8968946194807907,-7.718767301856203,90.8792117586949,88.34133677232163,-83.83801943384603
29.4512499,11.737241674138149,-4.7143345068647395,-7.290028060098496,82.21151567628523,98.02663593477727,-72.3594373829403
29.4612499,12.25965513362805,-5.336756304592158,-6.877759468075217,76.06012005035197,106.30278233224232,-63.80994537735649
29.4712499,12.881025912508132,-6.034030062465895,-6.59568843068103,74.21193164355553,111.72516615532727,-58.107194599888544
29.4812499,13.069464281835,-6.743929045480859,-6.367942117379316,75.93776743904654,115.42106062154974,-52.599474778919145
29.491249900000003,12.48388160162505,-6.76017176558558,-6.569355622211278,79.81417013475148,118.70769038635996,-46.84592641529575
29.5012499,11.29654236301671,-6.15752361358076,-6.9512280041678025,84.22781615790706,120.64662974686551,-43.60590985507113
29.511249900000003,10.529715130103535,-5.812826555953762,-6.746272592797136,88.66496251346409,122.36982483384628,-42.69328161737199
29.5212499,10.312454216509817,-5.835295145264173,-6.044487713175081,94.18239184200304,125.95862192910265,-41.84038491009772
29.5312499,9.997833686350086,-5.714277251445769,-5.3172226749250395,98.89574295093418,130.70140460796355,-40.67155458863272
29.5412499,9.836364447885733,-5.349479881814909,-4.652769179983429,101.15729660857863,135.142196715118,-40.76476587675826
29.5512499,10.02526135454963,-5.120668675858053,-4.218099672790938,102.53652662958258,138.44829451818813,-43.11401305713239
29.561249900000004,9.978714076823271,-5.1512748568328615,-4.006977736536586,104.55847195608219,139.18352298123915,-47.11077271543353
29.5712499,9.679822997461928,-5.079901978884763,-3.731661757549737,105.40014797165762,136.78420778279548,-51.60354747470895
29.581249900000003,9.421438785220904,-4.911283661745285,-3.3208371503133707,102.49420210526779,132.33830836391522,-55.562247002134185
29.5912499,9.067134112594916,-5.07475203662743,-3.0694360445901703,98.97264220929922,127.37630323798066,-56.310420662576405
29.601249900000003,8.539581522716757,-5.773875458491949,-3.283352812330405,99.62005247319607,120.5178332969856,-52.58017807876487
29.6112499,7.9402375180433795,-5.778257269030329,-3.5962447828007034,97.84239709533136,112.83948347201444,-48.126769907349704
29.6212499,7.626125916993958,-5.004553596323276,-3.5722372977625807,94.8795738420428,106.64760398097343,-46.116388866700255
29.6312499,7.724745528077503,-4.566903155063607,-3.2672223108731013,94.18432097293412,101.99695928016418,-47.271655580352345
29.6412499,7.842050921162608,-4.259598486463411,-2.8246085163461876,90.40448055740138,99.2644037409803,-50.28610775180535
29.651249900000003,7.80770134398319,-4.0855224080281145,-2.4429082719566226,84.0172235954098,97.45980217312345,-53.55531033457413
29.6612499,7.7880608903387385,-4.371394092645105,-2.3242710003731655,78.67964329266779,95.60570813309775,-55.990535700047324
29.671249900000003,7.595377733642654,-4.693934689782106,-2.4340457948930236,73.6342465170015,92.61239950976915,-56.82990982842575
29.6812499,7.389872310162993,-4.913537626905156,-2.5531438652417493,68.6488455534003,88.64749386685784,-55.482220136725296
29.691249900000003,7.379381323854478,-5.107602342381932,-2.6417651519158643,61.95721283578442,84.77814945067894,-50.23504311280946
29.7012499,7.347579954667741,-4.879092873779307,-2.9050104782316755,51.32541643906052,81.33537159340695,-42.77736081073306
29.7112499,7.2101948249292676,-4.088260184532331,-3.1763626662927136,36.57516665232541,77.01194147133327,-37.31335946055832
29.7212499,7.254829785148697,-3.2010702494956433,-3.1463314344405644,20.12164914853408,72.42255290325662,-35.897456718006715
29.7312499,7.569576070986294,-2.8229218010724724,-2.862236693674862,4.805670270238597,68.56979428443685,-37.63458412392043
29.741249900000003,7.775979850963787,-3.0727249617610415,-2.6460368495690085,-8.188518069062207,65.00052165935261,-40.155237885004134
29.7512499,7.784937941400566,-3.61943915607332,-2.6372902479482474,-16.896283033311803,60.682437364053364,-41.47277539121387
29.761249900000003,7.695194227538823,-4.120320700733882,-2.6568936491242474,-21.153087429907135,55.204295054527805,-40.66643920840217
29.7712499,7.587868905259317,-4.496525074860697,-2.7797913141244526,-22.15452602660216,49.653516351970104,-38.52061539911955
29.7812499,7.551085649783046,-4.5545995440318965,-2.957351167923558,-21.38003592376451,44.11822285194197,-35.65665968797502
29.7912499,7.692991203554649,-4.423078138214623,-2.852111790034013,-18.914222792495686,37.659495591828346,-32.51148113104751
29.8012499,7.9535582110673015,-4.387930235894352,-2.5094263106768597,-15.903358269519929,32.586625048514136,-29.237819917465593
29.811249900000004,8.148635097268642,-4.270095170773207,-2.308176933133459,-14.463822867149036,29.702371779384727,-25.25198632409265
29.8212499,8.148287597901588,-4.029568902913443,-2.3339351574749774,-13.8535115752004,27.14735784181465,-20.995043594894565
29.831249900000003,8.107712149497997,-3.9486508501631525,-2.394571624495421,-13.49990011664435,24.360391352654524,-17.07321737676974
29.8412499,8.154034051505217,-4.011075579799022,-2.4048402214459688,-12.256969193382794,21.10119811363461,-13.579985791227916
29.851249900000003,8.236739583178734,-4.155265472974653,-2.2518804877207024,-8.322016669336735,17.214425543510924,-10.747616756359403
29.8612499,8.338444195421086,-4.467729481137555,-1.9791729219590135,-2.250634483330209,13.523763211697975,-8.333877671296886
29.8712499,8.398862097829658,-4.576439318908743,-1.8435571400545998,3.3886418255644704,10.66655671517365,-6.1326420985495504
29.8812499,8.40369827721262,-4.3138744774678095,-1.8890098956044339,6.833022867317232,8.11843635652751,-4.657698031563957
29.8912499,8.377663779472167,-4.047176500085075,-1.8859871495890568,7.999565413788283,5.626150318481274,-3.8882455245132688
29.901249900000003,8.306577780641824,-3.998016701321735,-1.738349726062375,6.463644070971625,3.7356762211927066,-3.417796739654455
29.9112499,8.158248046001434,-4.097889115550255,-1.6666276786612655,3.014879509272238,2.405036862894819,-2.696856363687785
29.921249900000003,8.038700822682097,-4.223283175758567,-1.7448842054057054,-0.9955167007340331,1.2760400568777515,-1.6107548884129772
29.9312499,7.981396925397459,-4.363983049122176,-1.7540036396925103,-4.416550461413978,-0.00921430544831988,-0.18819562479987115
29.941249900000003,7.874588426704894,-4.467196960949955,-1.6752668291204451,-6.9328809544132435,-1.6388807305864794,1.1297865475454416
29.9512499,7.768118646890361,-4.44828670257282,-1.6355049892762605,-8.307105072611106,-3.1353401001517454,1.8800379055311076
29.9612499,7.7361932236961195,-4.394265950016034,-1.622027426192018,-7.947950069981456,-4.3138480411379385,1.768057454149451
29.9712499,7.672126353770676,-4.2901604863888325,-1.6078456248943123,-6.120583921375085,-5.720894221211725,1.2522598044051132
29.9812499,7.616140814483164,-4.305329259259492,-1.5179214643349197,-2.9536020635423186,-7.038800681727265,1.0069311237336196
29.991249900000003,7.573769669021916,-4.517849157271336,-1.4169387977309855,1.5094686399851185,-8.072596356370664,2.115080203317814
30.0012499,7.5477397360520015,-4.623095391280197,-1.3976731217797063,7.547822518462596,-9.480229797934099,4.399083992978973
30.011249900000003,7.593158139594245,-4.585617413456408,-1.3380174719438171,13.202192063982382,-11.004596629770784,6.4827691113088814
30.0212499,7.654256554887838,-4.420237059045613,-1.2894434592585928,17.77142641151082,-12.825769772757127,8.120984188905023
30.0312499,7.784877872893944,-4.266139477548555,-1.2048717886611038,22.276838556681447,-14.846649198701938,9.40657047400035
30.0412499,7.920907119910499,-4.146066210849424,-1.0604509207362682,25.596438561947647,-16.607106932804303,10.384825102795851
30.0512499,8.055924836003408,-3.9481550329588333,-1.0245370936435827,27.081625669326385,-17.970494436023202,10.788012552496816
30.061249900000004,8.316050667581385,-3.862421726212203,-0.9601650964401915,26.92399086238796,-18.91629864766399,10.968320378042538
30.0712499,8.693746311335259,-3.952610558181763,-0.7916817540918861,24.93847693678326,-19.31826883508212,11.686649086931407
30.081249900000003,9.044227987825632,-4.003602136451693,-0.64355256703276,20.892574701015867,-19.031289845776808,13.087715651452031
30.0912499,9.213561344931481,-4.003724192920871,-0.5023222146924098,15.672034967590434,-18.316227418066834,14.675720992878073
30.101249900000003,9.142992710444487,-4.100465001035344,-0.3802875671159383,10.255424799274362,-17.756975845246274,16.36568932794015
30.1112499,8.902612351803056,-4.335027136613397,-0.35371656412519914,5.322251981726631,-17.61104893715477,18.522535598971054
30.1212499,8.56967189231457,-4.553614169576884,-0.4907006717910905,1.4712825454909897,-18.55812338724514,20.445222085345303
30.1312499,8.255123380901896,-4.729366185768891,-0.6694562942115495,-0.6692153824193219,-21.074607997087746,22.02869652689564
30.1412499,8.01829243877277,-4.926622529872862,-0.7307139932227557,-1.099952919994985,-24.287466207250905,23.79085047969766
30.151249900000003,7.74830174682765,-5.047030667877058,-0.7043034556919868,-1.280267247157069,-27.54064444932648,25.684676056971607
30.1612499,7.447583046832618,-4.991941222426361,-0.7643777787388409,-1.8178699589150795,-30.609861665231726,27.668664143578
30.171249900000003,7.246085228687905,-4.820473772210054,-0.9120457641873444,-2.8873621701062864,-33.85208644091715,29.642446156756183
30.1812499,7.17085291147601,-4.777658262832517,-0.9440336567571126,-3.712385002737391,-37.24737775034001,32.087677007268134
30.191249900000003,7.18007467182082,-4.858275632043806,-0.8261017222707613,-4.282795557047367,-39.89801852106593,35.22354955145279
30.2012499,7.353750517924237,-4.944549804102155,-0.7358901699173641,-4.420881267151572,-41.83564869092655,39.596260440668644
30.2112499,7.6176108807665575,-4.928365005841434,-0.7359103748058468,-4.17136248925528,-43.74189126906974,44.90586657092548
30.2212499,7.675972449098144,-4.674896085684308,-0.8328773626156448,-4.365988451239982,-45.696478578127646,48.527379365003334
30.2312499,7.6652122607296915,-4.325086514418651,-1.0864502364955209,-5.690330739605381,-47.813456602905184,50.71348345360384
30.241249900000003,7.871906241660323,-4.127309280751313,-1.3345449784130536,-8.204294722093149,-50.15291713271686,52.78145306194294
30.2512499,8.18218605781734,-4.064637497329049,-1.4497544053096012,-11.61050506444497,-52.6700571149475,55.52331945771681
30.261249900000003,8.470018411214784,-3.8992267911168548,-1.617233097194382,-16.52808265178718,-55.37856216660161,59.229975905760654
30.2712499,8.79819581362435,-3.6113485526787343,-1.9013740369024148,-22.391673500404963,-58.96281654287713,62.87118248333886
30.2812499,9.169726555476343,-3.3837146696189624,-2.1915668112388214,-28.233368873951115,-63.54071538207951,65.68047335869544
30.2912499,9.595937367239614,-3.246361713136121,-2.5294941229259527,-34.39122757806483,-68.69463522546134,69.54760013920529
30.3012499,10.211518788392313,-2.945081672053506,-2.9291577124943013,-41.36768923532084,-74.60501869932908,73.82200352483761
30.311249900000004,11.349182785778563,-2.5346494985818504,-3.2775869917785383,-48.767138566093436,-81.99551138129728,76.09159174356851
30.3212499,13.173043958558482,-2.155471304824381,-3.4753645077951085,-56.597156900707624,-90.64697132255621,76.20205585286298
30.331249900000003,15.538394550537168,-1.4027635505742122,-3.5011321710547767,-68.4478775039184,-100.53021497833147,74.24726659574594
30.3412499,18.643970848278414,-0.4530158931597772,-3.3615380540818176,-84.8220646557878,-111.52345219676383,68.65344702988286
30.351249900000003,22.7871887673376,0.5464428981007394,-3.038295024549375,-108.0445693059708,-122.28638695859617,59.798897722199186
30.3612499,27.574528042996757,1.7357621031835953,-2.569816775607084,-140.9185310963669,-133.44910183934692,49.8195570234857
30.3712499,31.953345124834502,2.48776501059661,-2.1110227339916343,-179.41702920256034,-145.20437462550333,39.588740284866525
30.3812499,34.33818756310579,2.8703123467127094,-1.5566464268681544,-218.69589436282035,-155.75300231394328,29.108542852330118
30.3912499,34.640701512237904,2.924084070854429,-0.452770025609539,-257.9922475621287,-163.20018400719457,16.617111288540936
30.401249900000003,34.46991290272156,1.8579174352397902,0.569286327696063,-292.48597757102146,-164.037180822457,5.209048487503891
30.4112499,32.49804816756584,0.302642148824927,0.7974029374016125,-319.9265910866368,-160.54433036473725,3.6108511564314387
30.421249900000003,27.269336689218424,-1.0832662168571436,0.47822885396264464,-343.98525084443406,-162.70004710467597,20.61211622278596
30.4312499,21.60939237510166,-1.676205766336079,-0.4608323737208991,-364.9809299683441,-175.41783794145627,55.429954962859604
30.441249900000003,15.193044990620676,-1.1599775396187997,-1.693532877577048,-390.5592907474685,-196.13787311428783,104.77076745813886
30.4512499,5.706139299380808,-0.32974608941746947,-3.6301625176814847,-429.3886498033211,-230.2772361766656,167.86569740455974
30.4612499,-6.207185015966179,0.07130520370638238,-7.546487765832598,-477.7207035415677,-280.0183939489517,240.32731470041975
30.4712499,-19.1385284278981,-1.4607885517202766,-12.699384301619636,-502.5824489703521,-334.6677388224151,308.3105740934975
30.4812499,-34.8026717021032,-3.86273927490356,-15.043893249142164,-496.2863019463406,-396.2128280307816,359.86043603120925
30.491249900000003,-53.69159899492283,-5.005749231728832,-16.124488135467747,-463.700795467898,-448.5025550742384,387.68642946171195
30.5012499,-66.9649708441036,-9.534760086421906,-19.614019083174476,-402.7755378531825,-431.07498007603385,382.6508850628269
30.511249900000003,-61.333741969979805,-11.923830792270266,-17.470356670361102,-321.3438403845886,-321.11710993075457,339.297239433998
30.5212499,-32.676386603400914,-5.979428698986852,-5.492371423242337,-249.75204682988445,-146.04866222231232,244.8921023952507
30.5312499,-10.482315116265962,-4.160230891071317,4.955215933779998,-181.69897706528394,2.526978710758068,107.86035412956782
30.5412499,-5.349757276357506,-6.274934957445612,4.85992283173245,-87.71452390692258,85.07854882098215,-44.67703076446933
30.5512499,-4.021138767850408,-7.315721856744146,-1.9159454726700569,31.238897825900906,141.1112450151464,-175.13957538861678
30.561249900000004,-10.218814291568656,-10.6567977184256,-8.373018741577663,156.1544300761987,176.6512006880201,-243.93102530784037
30.5712499,-19.060819630140866,-10.13633997515537,-12.023333521637019,253.77744584846022,196.38451944532449,-258.5388617772231
30.581249900000003,-23.077720490249362,-2.6925624256130147,-13.168203259009948,298.48505594391304,200.8456045390342,-257.6483248883003
30.5912499,-21.85548567197349,3.5956845058830056,-12.505506378017163,299.29503297831536,194.7482178146304,-260.15217364956476
30.601249900000003,-18.45597197977782,5.367757366722805,-11.490024063502759,278.2873390227207,185.95299611354045,-259.71020591970426
30.6112499,-15.736617755894864,5.010136648446474,-10.81288647911101,252.36108230913186,175.1468335276681,-258.32050290305887
30.6212499,-13.50128022147014,1.6505038695899708,-9.569007476642033,234.99970493294109,162.54503725422623,-246.6698476190498
30.6312499,-10.290895289824887,-1.3164544023320128,-8.430452573906217,212.2435200480612,149.4021549049461,-205.10887053239574
30.6412499,-6.489561153081206,0.8555490647487896,-8.521656803102811,181.75965020720767,137.7943110926473,-167.14656845113913
30.651249900000003,-3.0135478373632494,2.9870826381865316,-9.055129025711933,155.28954341615096,121.32629299794006,-147.9032233471063
30.6612499,0.6597238489643111,2.3973288093989256,-9.181183682035174,135.2493312260417,108.36212006007244,-133.7792870658219
30.671249900000003,4.002644371448877,1.6142048862858154,-8.82313392587824,116.1512074329597,104.30855649780119,-118.7399346150749
30.6812499,6.594087294454124,1.0479543117050443,-8.081635915714234,98.42887658585899,104.49716073386539,-101.71998639174187
30.691249900000003,9.099066077302144,-0.06110632551749661,-7.290709944630943,87.58633644025527,107.79763533960906,-82.58894814439194
30.7012499,11.034208850099455,-1.2171739944220816,-7.004472818104048,83.77539729998959,113.24384867482922,-62.58815549751921
30.7112499,11.675534790440262,-2.129216845912667,-6.921083309694779,86.93335274127104,118.19736965797983,-44.47743006034939
30.7212499,11.763196957318542,-3.0016345655409116,-6.728858643810073,98.24795690638187,119.7561246399002,-31.142843166439683
30.7312499,12.15257301529779,-4.3210455733130555,-6.5713658588197825,120.65879419093832,118.34674220064545,-25.329644046515707
30.741249900000003,12.392398280018826,-6.260422867264382,-6.307677012441505,150.48994971280888,114.72854379144526,-21.367529868257233
30.7512499,12.312214450537764,-7.1918175590411995,-6.408924891858721,176.83092682350343,109.74709438296735,-13.150740045043312
30.761249900000003,12.113192220435758,-6.389801016899656,-7.036404394858398,195.13936612545442,105.69819199438855,-5.537793014824535
30.7712499,11.82993458383655,-4.712835130625014,-7.6753218314925835,202.4836372978222,104.327009143586,-2.6586507187937296
30.7812499,11.658461386749565,-3.473858197127198,-8.015794487727819,201.43336471158818,105.73893011731202,-4.399082923271922
30.7912499,11.563794474708564,-3.0124393263790687,-8.041841000094031,194.7151287257693,109.41691376087194,-7.94069428412925
30.8012499,11.552982300469168,-2.874904875803111,-7.794958331171588,182.54165710591366,115.92103174857208,-11.778532841147642
30.811249900000004,11.572088185298583,-2.9758108935009275,-7.304473120339892,167.5208854687261,125.20017170516049,-16.064240765166613
30.8212499,11.42034797937766,-2.8908581900915244,-6.857167320765737,151.06824454878927,133.98039827280627,-21.704475702975575
30.831249900000003,11.309913426503817,-2.7026955849458996,-6.552451694578484,135.59714394433178,139.52626396248513,-31.545119411996584
30.8412499,11.245955144374673,-3.335519259242541,-6.176309003541166,123.65887583162785,142.3215179637235,-46.26147138512084
30.851249900000003,10.877658526658836,-4.219757665920369,-5.680563975276293,114.44255866767405,143.82176048606422,-56.23612372542865
30.8612499,10.284105840274679,-4.075042037050084,-5.340542329678072,101.96206939631232,145.02769058630975,-59.70633087299837
30.8712499,9.826885492209229,-3.200809791076395,-5.039865179255348,84.37131555317393,146.44007480169407,-62.98744469950577
30.8812499,9.783256183372936,-3.0685166901284067,-4.582176668385841,70.80432265466769,148.45892442048861,-65.75236318750494
30.8912499,9.769171394413464,-4.2466496634380055,-4.314719270645282,67.5307369911042,148.1399410232652,-65.41735245623664
30.901249900000003,8.946515013173407,-4.546305150985735,-3.9767234461259418,62.01315707643772,144.79545450006776,-63.34726223882442
30.9112499,8.026712865569031,-4.50920324552058,-3.249938376873596,61.13130639270322,141.60413883740762,-62.27976393633304
30.921249900000003,7.788956201737104,-5.1964463890583525,-2.6105055435990483,70.135720613678,138.45334197200242,-62.39402679290236
30.9312499,7.696996311830472,-5.787378398648918,-2.0953709771177595,82.57786689346432,133.61581167849997,-62.404673462318996
30.941249900000003,7.587286547082779,-6.6015974838231735,-1.4455958403196423,97.68525308103314,127.23322995756197,-59.77549050252137
30.9512499,7.575320608374443,-6.8058518376514465,-0.9387613497192641,108.3684490567459,121.00511092330565,-51.0114553154302
30.9612499,7.118543370113219,-5.382073755747902,-0.6800762340230659,108.22633417690356,112.20418478836788,-41.479545113564114
30.971249900000004,6.986580011565692,-3.5685808055753383,-0.3978524562789595,98.8058883862702,102.14791392411183,-35.54964908277125
30.9812499,7.159564644922076,-1.6635707304092324,-0.25524812702898775,76.23147287946148,91.60161606818961,-33.002253067053324
30.991249900000003,6.661743919286516,0.1791227483815441,-0.4666138678126244,44.336861600697205,77.78292863690895,-33.5280298580593
31.0012499,6.538987661180254,0.85519281483877,-1.3298850060327405,10.658734488598332,63.23756909614413,-35.25954037817931
31.011249900000003,6.907585810945525,0.5337594351321597,-2.5601705030928654,-21.430143680703964,49.82658375569136,-36.07680805402352
31.0212499,7.284311596778203,-0.18236619492247036,-3.277415411677093,-47.59663152912076,37.67849975049521,-35.3760942270207
31.0312499,7.467505937074776,-1.3504297031906785,-3.147883173568605,-63.944761035466676,24.73851899287896,-34.305737495665085
31.0412499,7.623826266386101,-3.0952578616776076,-2.399548674490097,-65.2134257772604,10.866982961015987,-32.7777691079275
31.0512499,8.0912731330341,-4.642261126084415,-1.3775653874205123,-51.80187778518194,-2.524247910060563,-29.679834311828902
31.061249900000004,8.607944716093714,-5.500860490844528,-0.8519882645717385,-31.383987879355857,-11.202428910709429,-25.383117976127394
31.0712499,8.858688038695965,-5.9765451118548585,-1.0871322003873587,-6.769407018972612,-15.739384460448479,-21.069772546426606
31.081249900000003,9.083180419177527,-6.130267390932125,-1.4633578054928216,19.53797598419194,-17.73913795361278,-16.463833483783844
31.0912499,9.391486408534156,-6.080886443513081,-1.5669833843292365,41.84723641314288,-16.904472827787963,-9.985224525525389
31.101249900000003,9.648535662575041,-5.618801563364278,-1.596580500085871,57.04466561948836,-13.524873590550712,-2.6701223276713453
31.1112499,9.887122429039684,-4.59672301561065,-1.5965695080753026,64.54351158290235,-8.64588379067611,2.117965620825056
31.1212499,10.063858116189342,-3.675365715168017,-1.5720317315482153,65.6291495002335,-2.7071214111465953,3.4278098893062947
31.1312499,10.0005227023355,-3.272250011798248,-1.6229438041313022,62.276577327177684,3.9454456772393494,2.8041653661152544
31.1412499,9.648418937067282,-3.0403061193216674,-1.739638538497389,54.72664470168956,10.3566818552057,1.6915967620983465
31.151249900000003,9.159044666405324,-2.897452991095728,-1.8217936731590552,43.751108257505884,14.749202330102902,0.7377886919948272
31.1612499,8.694959459719774,-2.955291872268898,-1.7836761452419652,31.281053764392286,16.945369705038186,-0.1767772395115596
31.171249900000003,8.268428565043004,-3.116058668626792,-1.6567911952333465,18.162232256349384,17.42352544478224,-0.9277861040066437
31.1812499,7.964188303554404,-3.2067592557371056,-1.5097654045764977,4.647046840930361,16.485352456245582,-1.0698767306739438
31.191249900000003,7.845427584063349,-3.405434370590952,-1.3679635990330752,-7.807509988954151,14.681677162322293,-0.7696190161955707
31.2012499,7.801352279400007,-3.7733219414509382,-1.2157521325720506,-18.63259331719599,11.617595863278734,-0.0520688086720702
31.2112499,7.748602856422028,-4.16569665714423,-1.0170116111408196,-26.492970162257944,7.835081099799073,0.9953329940408243
31.221249900000004,7.683648519712903,-4.5516217401385735,-0.8491720056389082,-30.45744551244637,3.691293198611944,2.3213239190459216
31.2312499,7.6750875561657,-4.8109832005602575,-0.7902549316114432,-31.26474224033178,-1.1475539426709422,3.8102364269147415
31.241249900000003,7.691940340629264,-4.979371075548097,-0.7747955060820438,-29.459100785123905,-5.974073145051231,5.576221687923471
31.2512499,7.633047442477969,-4.948061393607626,-0.913303575359993,-26.104045954574623,-11.239248675298757,7.859783171378186
31.261249900000003,7.639481325129469,-4.584484613270656,-1.1513320785225531,-22.455668053029775,-16.71245875147629,10.006073171910124
31.2712499,7.798818988735856,-4.240611750546876,-1.2856737590269378,-19.517435795820177,-20.786902603080637,11.565225465742422
31.2812499,7.979121530888013,-3.9064243836746937,-1.4142390910605047,-17.740857149070084,-24.36912226376125,13.203183559083254
31.2912499,8.125977671571606,-3.5498867099317475,-1.5078617239093566,-16.919634555154083,-27.79657333886835,14.633923900799129
31.3012499,8.221366570557452,-3.2924676375049486,-1.4890674042259933,-17.338091216715174,-30.570281103449666,16.333920438012957
31.311249900000004,8.271902892515902,-3.0795784937100708,-1.5133492326574611,-19.303934067412676,-32.917878490164014,18.751916054834957
31.3212499,8.343933235997321,-2.9235604296014848,-1.6259819993591969,-22.08209201353499,-35.367041320823766,21.24878015902706
31.331249900000003,8.456803392609665,-2.9392137723726215,-1.7468872437443392,-24.420781030013053,-38.04080660056287,23.795807816094545
31.3412499,8.463527225971296,-3.043726371297749,-1.7953559692831842,-25.8237350355781,-40.91297457865119,26.671040597071684
31.351249900000003,8.338426256360306,-3.1288813423075625,-1.7570777902251757,-26.748241916300234,-43.97014222728082,29.78006841614381
31.3612499,8.178052283057523,-3.1581918857853357,-1.7324592881418102,-27.179052215234666,-47.41704864678003,33.57284948592382
31.3712499,8.003337998781587,-3.0354118789467366,-1.7622198373226796,-27.018849550838475,-51.173081496548875,37.35745276005997
31.3812499,7.885307534343863,-2.8424000420413242,-1.8241717166811928,-26.29462567553837,-55.32447530215723,40.84261409750155
31.3912499,7.90608511238744,-2.647739789186984,-1.9008791005170453,-25.327044232314094,-59.50084809354095,45.201646771432834
31.401249900000003,8.131109108323129,-2.3787182994185345,-1.9416791554866566,-25.432825964500967,-63.33225774450668,50.947141969522846
31.4112499,8.4589417922728,-2.0697677547517253,-1.8757088183763426,-27.48713928632275,-66.87248107974729,57.84516428135383
31.421249900000003,8.711805989256515,-1.7171408504800747,-1.784304502125567,-31.588789804132904,-70.13581813459346,64.93198839589901
31.4312499,9.051176191444108,-1.3670870680102207,-1.8483215770071593,-37.863220105043965,-73.55094229560946,71.53993422802284
31.441249900000003,9.655958617937907,-1.1746152453629315,-2.053511314057465,-45.05795056993861,-77.70061364242001,77.6291183821675
31.4512499,10.356270005132366,-1.2355688362614796,-2.1977163434233096,-51.05506387543542,-82.50722516880536,82.8508811708936
31.4612499,11.328742946822674,-1.4738866730639475,-2.2303660528456972,-55.96144573050958,-89.07963481135309,86.6167221864265
31.471249900000004,12.899531778354413,-1.7276277469078551,-2.3736891054444347,-59.515811353432795,-97.09802847591205,87.72623232647337
31.4812499,14.614524270373996,-1.8982382648313458,-2.6795148634045622,-62.03160695237171,-106.00237000564746,85.29608342133584
31.491249900000003,16.323528379238148,-1.860196398117824,-3.112500526685413,-66.27677452720128,-117.36658489886334,79.27217996806716
31.5012499,18.460577785657804,-1.3411307726075694,-3.619727252405595,-74.31569960022793,-131.18963137648026,68.42592387155915
31.511249900000003,21.295481616079144,-0.5355813076759576,-4.000867948964336,-85.45139926125933,-145.50935393964537,53.4025905672625
31.5212499,24.316147254143505,0.32096800894999744,-3.837497859998476,-97.61426081920226,-156.6855089559427,37.175899144708964
31.5312499,27.12359442755985,1.2633988280455444,-2.838087797582235,-109.568603441856,-164.24816212778262,22.783397676869843
31.5412499,30.510141528864764,1.3592474013873093,-1.4185538599281113,-117.87121967190375,-166.65974132074714,15.181823586953183
31.5512499,33.580681395677836,0.34323944745622587,0.2307129616855612,-120.1655794872877,-161.58465232834462,19.330961122344956
31.561249900000004,33.48140071686107,0.1637299288176292,1.8461157729588016,-122.01676046840595,-155.28668272645504,35.7534013058312
31.5712499,30.81907118007741,0.9153464922555871,2.7231401070429233,-121.53113876462083,-153.16274786530803,62.209106946665536
31.581249900000003,28.246104241534713,1.2729507364791202,2.9577478402122375,-115.15735928344805,-151.36626945238697,98.28560873002095
31.5912499,25.064604086060722,1.1119750253809568,3.208378600182377,-110.9015752374152,-147.49252927491264,146.08288186817285
31.601249900000003,19.75329056904792,1.33762572823582,3.9421253371680183,-119.36269682443323,-143.60249796595943,201.9016063361425
31.6112499,11.102314670165311,2.5435651192182105,3.8515904197972133,-142.06361103349235,-153.91372826614574,256.9528592554732
31.6212499,-1.67104525388864,4.020729679167558,0.11145503308883692,-189.7395814485091,-188.76048835714045,314.31535245132477
31.6312499,-17.586943890278405,3.971239223687416,-7.026463577888313,-264.7216375128416,-230.4048726135534,389.58636251704587
31.6412499,-38.17275932118483,1.3344606118079088,-15.387065649129054,-331.636931061765,-272.6910840159363,467.50168878296193
31.651249900000003,-59.912562113294904,-2.3718976471866253,-22.898767834476228,-365.79466742437126,-315.1089078374641,501.3320928062457
31.6612499,-70.04292655405813,-2.203728377084585,-24.37054457626895,-393.4006838827391,-330.1285331567103,507.3266212859529
31.671249900000003,-57.07799976140706,3.605643038087782,-17.03314371442537,-451.9302660398926,-262.4320985495908,422.337052793951
31.6812499,-30.145610727701573,6.687985420446862,-9.103297897974093,-498.110066963008,-113.97462972824292,226.17465366435704
31.691249900000003,-14.394001775975191,1.666026342976724,-5.950854344303732,-506.64023623416426,19.085713065398455,47.75928079360879
31.7012499,-11.29823415607386,-8.99134154292157,-3.0884277401066313,-450.86817628064233,99.29022212092363,-83.86558034173305
31.7112499,-10.605970242745784,-17.987143980076006,-2.0670447853006277,-269.150241583313,146.2873105269566,-168.62215559862625
31.721249900000004,-12.637740089283646,-21.048881801434263,-4.70023575871836,-29.699903883477184,160.1927384753763,-212.37198566287157
31.7312499,-16.558161933253803,-21.11224679651242,-7.6634166205824235,193.7045549374411,160.12863543797926,-221.78450295295835
31.741249900000003,-20.772542575053922,-17.488685067466605,-9.736427177821275,360.4877124842133,149.5860078874091,-206.93683766569592
31.7512499,-21.705578153286503,-10.29409041265426,-11.21362844371087,450.46015234959094,131.0670797691487,-184.99240256539002
31.761249900000003,-18.40001350673067,-3.6650352053142083,-11.632342326920897,475.32693425800755,114.42545710498737,-168.68429540255394
31.7712499,-13.941091007722724,0.7045665833324015,-11.442558694920674,456.69877959455675,102.64682160694692,-163.39424905437966
31.7812499,-10.181630085968534,2.7034821108375677,-10.769723083599047,411.7941057358883,93.86410591227305,-164.00629530050017
31.7912499,-6.925020509273942,3.071736903582212,-10.0838251181221,351.17722820973427,88.18089235547964,-162.36019214664586
31.8012499,-3.419400028188583,3.1622155938267364,-10.142894419914144,280.56616359209016,86.10710446096344,-156.1318704150529
31.811249900000004,0.1761251132673478,2.7052664345759143,-10.344718922373966,210.14735478117979,83.54059091695882,-148.2718597578878
31.8212499,3.728240925391866,1.0156553045460575,-9.81837559095149,152.14054841246917,80.79667982467008,-140.8762653894037
31.831249900000003,6.836110191090247,-0.8476328969487156,-8.758914800638568,105.70170762601053,82.99088754716178,-132.19937382174348
31.8412499,8.229944493314092,-2.500914811747112,-7.849046555868922,70.90546905483517,86.71930514933536,-121.30550920277611
31.851249900000003,8.938483820238076,-3.8988431188625956,-7.268711016169429,46.46363705396415,94.7315125147134,-110.33124448932126
31.8612499,10.209799495849387,-5.270030284100178,-6.954589482051046,31.70423255813463,109.27483505538706,-100.43859285621075
31.8712499,11.285742370768657,-7.30243826388019,-6.696835627753509,33.10359189177461,123.94996378238744,-90.96733038891446
31.8812499,11.940585649623339,-9.3736084765015,-6.286463913277795,55.01731828424617,137.08195024338198,-78.17479161712711
31.8912499,12.384595940485305,-10.241767737521345,-6.261195105193731,84.61782910968542,145.76277999677447,-64.73512896139115
31.901249900000003,12.586643971728897,-10.010379374753393,-6.4231195890529404,113.46503361736723,150.48726788175819,-53.82405583769611
31.9112499,12.129803191182958,-8.702559644419368,-6.443636973551223,138.38296890853033,153.61433756341432,-46.860532627432235
31.921249900000003,11.139618801937047,-7.235608646698295,-6.588900447208306,157.05042332904443,154.56385367507,-45.60953747608374
31.9312499,10.328833664390757,-6.664684318372242,-6.589258819208126,171.52941183660386,153.90472646081807,-46.93721450343251
31.941249900000003,9.93214192459798,-6.036465933246862,-6.3519657681880535,178.45615765747377,152.76687396422503,-48.754536962480735
31.9512499,9.681653798636757,-5.371906075637213,-5.923932802989363,180.16461476097126,151.69247345705753,-51.548128587797514
31.9612499,9.409617685798873,-5.177499673541849,-5.163496077838678,179.298180753622,150.95334368071158,-54.37483878558375
31.971249900000004,9.289146294471248,-4.772312741632169,-4.477939156205217,173.2438227339155,148.10030932309334,-57.28477798771507
31.9812499,9.453274352976553,-4.018449619160172,-4.290184209215954,163.79376369033008,141.73798385879994,-61.93458251641656
31.991249900000003,9.583382232095813,-3.424445991932997,-4.175650241629824,152.9451442970009,132.8425280337619,-68.62627082816155
32.0012499,9.414141653083606,-3.0820672046878648,-3.8679613353813016,139.64428731432665,123.63894829111811,-75.72643552085735
32.0112499,8.928480115687401,-2.8013922756066423,-3.4503096168001157,123.08165095098168,114.84037296386316,-81.82179413302632
32.0212499,8.608468357971214,-3.1287547992412104,-2.951637487299319,108.53743140638298,106.98331651316953,-85.08812614423792
32.0312499,8.658741675699392,-4.425357180295381,-2.5753380922459645,101.05928544068999,99.86726764597229,-84.19729151960983
32.0412499,8.483827956147943,-5.190204012366205,-2.2631991871692,94.12316239107192,92.6017581625542,-80.71590102971568
32.051249899999995,8.122896094199183,-5.085785829945871,-1.8971199265237209,87.11464804514922,86.43915732489866,-76.36971476460654
32.0612499,8.059555540719114,-4.919023831125823,-1.5760849731745081,82.90743471095713,82.35877633474674,-73.00724671575887
32.0712499,8.108705158169812,-4.837642200935872,-1.225109649830569,79.27336682624129,78.60474333246796,-70.56176229262351
32.0812499,8.242495517369141,-4.911351219715074,-0.933231727391847,75.0505551125819,74.8918763170647,-67.26692223143853
32.0912499,8.443158009113775,-5.240840347240061,-0.9192857610278808,71.68551116494082,70.54764441075024,-61.624402164833946
32.1012499,8.01992994437755,-5.363965090601534,-1.0437121426640552,67.99945366000547,64.29712387644147,-55.168516601592316
32.1112499,7.752459818739238,-5.15659315065891,-1.3405885556148953,64.23969397996828,59.21598523969405,-49.959340279276155
32.121249899999995,7.871375652054167,-4.55877269401966,-1.6996415692504427,57.94391614080925,53.43920422829013,-47.483775853654485
32.1312499,7.808411156502998,-3.976047084231611,-1.7585564605841835,49.957187792988215,46.83925875025059,-47.79142423317393
32.1412499,7.9192169540011434,-3.759706689511566,-1.6508341761186027,41.17307822870212,41.33591666933146,-49.173571568964555
32.1512499,8.101226916538758,-3.741810086029478,-1.4986194790142524,31.64278106465622,36.241553924333246,-50.120807052348354
32.1612499,8.288342990437267,-3.8012093039955857,-1.3888214852327787,22.200068971283475,32.11324748249173,-49.98841424758019
32.1712499,8.41889868716071,-3.7835115176420984,-1.3770348190293997,13.330659623145305,28.66044485004857,-49.05123717772511
32.1812499,8.466673933305566,-3.7440573066319622,-1.348789139336614,5.467356597911728,25.44252840552206,-47.42185764355208
32.191249899999995,8.510510878618916,-3.813917295973573,-1.2492378416062044,-0.9609877152860037,22.523772826942597,-45.229456694288366
32.2012499,8.51922005023225,-3.9635937727257677,-1.1069935777986808,-5.31708477450286,19.973260970965203,-42.18126197639971
32.2112499,8.46682313069425,-4.079123498820214,-0.9124677143431628,-7.756176277563274,17.93844158461582,-38.32610900947688
32.2212499,8.395405569938875,-4.121716049453493,-0.6981621315969082,-8.213188375513475,16.220273455951016,-34.09850140427661
32.2312499,8.37603766736743,-4.121303806697819,-0.5543877349701972,-6.553065741354915,14.660433354408985,-29.742301576291023
32.2412499,8.374910668460675,-4.097517649364875,-0.4905933077505053,-3.2999209444030386,13.249009398936895,-25.34009010608194
32.2512499,8.334884314419002,-4.000653677165359,-0.46731629577585443,0.8575424731778537,11.614984371769564,-20.976987076708173
32.2612499,8.352658102408917,-3.8796702832242533,-0.4178514361571895,5.284790184455849,9.785515139160763,-16.800487505621035
32.2712499,8.380753365611366,-3.792533535551426,-0.34485847649204965,8.871171252996524,8.11235680442702,-12.76487171104975
32.2812499,8.34107841319212,-3.7500757523059476,-0.29413830494044857,11.286249078043769,6.738319610039039,-8.712441777417556
32.2912499,8.31844219974532,-3.804805529731014,-0.3130827397473137,12.175153410180902,5.513859782126387,-4.278419950340699
32.301249899999995,8.41885429844234,-3.9530109387071084,-0.36371518210080334,10.679744634498174,4.3087742012609045,0.768630168086724
32.3112499,8.545222180635122,-3.954187394804408,-0.3857790619405811,7.359058328560003,3.4184328650859066,4.287726121351513
32.3212499,8.541855553236694,-3.7865762235903464,-0.3660995444585403,2.377471604054236,2.981012193002499,5.7211871182840195
32.3312499,8.496867579757883,-3.7896317321261086,-0.35790329079357447,-3.3180739483248836,2.6716041081160826,5.931458587920255
32.3412499,8.437978122034574,-4.0709828967614365,-0.38882584053153585,-8.562516475482223,2.124125238644955,5.784248879053145
32.3512499,8.32187849503258,-4.43441353121627,-0.44053089060098694,-13.214028957805573,1.2897861386368599,5.65688087124219
32.3612499,8.19396674049619,-4.743269540072424,-0.4737642221755551,-16.632388504373534,0.2620258422670332,5.435160474397384
32.371249899999995,8.127290169054056,-5.061644309017473,-0.48194819223256413,-18.540305993742138,-1.0764797718265262,5.3485005497637275
32.3812499,8.104027433834572,-5.28160702106352,-0.5043139583636523,-19.61444442408121,-2.5854766555523376,5.400487421648052
32.3912499,8.018507993661554,-5.440788288275585,-0.5324974585733435,-19.52333464099266,-4.355651341877596,5.6673508103552965
32.4012499,7.910031143885132,-5.659399657478485,-0.612864851604446,-18.740039396248434,-6.260008735456594,6.470939560533015
32.4112499,7.817766300272918,-5.674667116318852,-0.790190435220506,-18.191900005341097,-8.18141306591457,7.601813724896701
32.4212499,7.711086986021039,-5.51037267739055,-0.9822395277607276,-17.644287837865086,-10.218403810539572,8.684072414406781
32.4312499,7.687831726059278,-5.406578352396508,-1.121320901593986,-16.9316319398808,-11.840821479494233,9.791174274057461
32.441249899999995,7.696613870454676,-5.271555380513655,-1.248119110041991,-16.382779762573715,-13.210650331233957,11.291044041646808
32.4512499,7.681285041451739,-5.076069521565139,-1.3711753353372629,-16.201426678116817,-14.385235730534138,13.392796990723262
32.4612499,7.699012700968831,-4.838875669499378,-1.431641250113685,-16.63614301139825,-15.082476402365245,16.11363142225063
32.4712499,7.608264386783181,-4.600784876690853,-1.4430313337484668,-17.579593902089414,-16.14692502911198,19.527904706662138
32.4812499,7.41957011720753,-4.503851511683389,-1.46921739255031,-19.12258072469745,-17.9479855723516,23.996536245000666
32.4912499,7.297896452834447,-4.55626644866336,-1.5044581421298249,-21.426578787714014,-20.139325186786937,29.65657436124961
32.5012499,7.115070848933556,-4.577552640372286,-1.5833056682574236,-24.98819065716205,-23.150335134075693,37.18159397258866
32.5112499,6.659944546716106,-4.606224826671982,-1.759728852230863,-29.917322319194945,-28.09008396626351,45.995642077744314
32.5212499,6.26304195627577,-4.7131480464240045,-1.8565657016758697,-34.06409102636714,-33.79860988125589,53.145318969584025
32.5312499,6.185353942373239,-4.707433321954765,-1.822183570625421,-36.741432786405404,-38.94277832170752,58.89606567965655
32.5412499,6.208772139940197,-4.655106092534236,-1.776609711886338,-38.50046266499934,-43.9868334479581,63.310181167282295
32.551249899999995,6.279653217438614,-4.633749543690253,-1.792112513583925,-39.204038655805384,-48.99637306275178,66.23260583696485
32.5612499,6.52057210116325,-4.559393756142652,-1.9056924734655816,-39.29641007084369,-53.72632329522649,68.44210948606043
32.5712499,6.939110333696221,-4.489143595430339,-2.0202850368093164,-39.12073028156765,-58.158213463599324,70.1713779641679
32.5812499,7.444340362944124,-4.392311989718013,-2.130172444206327,-39.04300466279558,-61.727059776240765,71.56156771090431
32.5912499,7.943865776216921,-4.25058872398539,-2.2932304871834894,-39.644115087625956,-64.64247944756293,72.97277035315832
32.6012499,8.527020656159793,-4.091352723359734,-2.4514418483883564,-41.4325038387927,-66.91099954554132,74.78006103301215
32.6112499,9.266828398772253,-3.8207586358645194,-2.570171883312375,-44.06429230892044,-68.58257263777949,76.62726105248343
32.621249899999995,10.234907718861683,-3.473452505561059,-2.6972502256480437,-47.86552912910726,-70.27498424253322,78.66955996028314
32.6312499,11.579887170929725,-3.0946572669350427,-2.8778515338588733,-52.86057006310505,-72.31693370804543,81.11431534138546
32.6412499,13.244431308266478,-2.7008438509732207,-3.0768600375084803,-58.699630893330564,-74.90764793568216,83.15911471341737
32.6512499,14.92942665281971,-2.1549235483468645,-3.229559438521831,-66.71997042249434,-78.11780396981727,84.57556420972112
32.6612499,16.589040863067694,-1.2558670465881132,-3.2280954314647223,-79.12033925787614,-82.76684903058289,83.91190462952152
32.6712499,18.463665671768435,-0.20917707789323195,-3.04790713922655,-94.1898921944344,-88.99599586857356,78.71028209521815
32.6812499,20.424925428811605,0.5372547668634927,-2.7299396561774865,-108.98881338281154,-96.56409775157607,68.5845474744446
32.691249899999995,22.28433952652896,1.013236641582076,-2.140272955135362,-124.29247451396688,-106.85289573485238,55.39588865725644
32.7012499,24.1278168098042,1.436156141282556,-1.377377083249341,-138.12099671342204,-119.4644232539183,41.046498492582955
32.7112499,26.04057898751195,1.6361528789922621,-0.41649899789112976,-146.93680576737535,-134.04809710555088,24.68232896571195
32.7212499,28.143038985895892,1.3325544317904172,0.6291415687179311,-150.34522463942577,-149.49566581488475,10.779823306956828
32.7312499,29.851741338386088,0.4627294158663423,1.251021118114511,-150.26576505262946,-160.46243790438123,9.672294698643329
32.7412499,30.013207844029264,-0.7523157558063842,1.6667053433497454,-151.3916689650248,-169.71600320817075,22.60304623141105
32.7512499,27.903312466532775,-1.2729879069988455,1.6098106572490554,-160.4056934151553,-177.51847765242528,47.58642783571651
32.7612499,24.664836377622525,-0.739277809114183,1.0010486810050176,-183.65792185675883,-184.03267116056372,81.1058387302041
32.7712499,21.443328365157914,-0.5190671573497918,0.4922551945482838,-218.2139967752635,-189.5922195258067,120.94612921593495
32.7812499,17.013545844196514,0.7521896854986291,-0.2368666057685364,-266.5599930550098,-192.82476012485742,164.71392742797664
32.7912499,10.212899972420738,3.537567126421999,-2.168798956358226,-333.6766262283981,-198.6337935177928,205.0836987024337
32.801249899999995,1.2875334678679213,4.949256370317495,-5.243027509281171,-415.6141751005404,-212.9955302606003,240.13305298717083
32.8112499,-9.319176998742373,3.205953643630824,-8.840552319553197,-485.28506857607096,-238.50191608760497,275.5333619025395
32.8212499,-21.659000030155834,-0.526037556145119,-11.108250116838596,-502.7237079174956,-282.4273514252951,312.21768362348797
32.8312499,-37.81064546962974,-3.1454312541822866,-10.882483143526208,-499.39309204837,-346.425829741089,343.9243245050996
32.8412499,-56.33660010745146,-4.4803067829348295,-15.44657939877802,-499.5970040121695,-389.2753978301929,358.72112889320306
32.8512499,-65.7291435521225,-2.789874640857867,-25.08337392259633,-500.0480978825761,-362.14999195470864,328.4281333376507
32.8612499,-55.32613934044075,-2.1550369981805,-25.48940383781248,-502.2848681560572,-271.4899220747648,242.64007415964585
32.871249899999995,-29.31772695633668,-8.076564272484305,-13.86037453971481,-459.97387188666863,-129.47500909166035,136.81568028486512
32.8812499,-12.469050048952317,-12.014281454801209,-1.4140094562014327,-351.9594819805462,20.697251614286333,28.20311567710456
32.8912499,-13.438651618809581,-12.712178826518198,4.29942326493707,-185.786180033049,119.79981191323492,-77.98702575585284
32.9012499,-15.836454969762796,-14.779782277054592,1.9471606903196617,24.027252692394224,176.9212775816606,-157.2256940856548
32.9112499,-17.52789626305977,-16.336151216701964,-5.076546129757741,221.9437532116014,203.6510905937492,-192.7999242990683
32.9212499,-21.46308455441553,-14.56069955677789,-11.310511650962187,392.1446588104518,206.79321176459928,-188.17642643463088
32.9312499,-22.9175346952845,-6.356526832132485,-13.822817643681676,482.21755241332914,193.52964884299624,-169.12054883770364
32.941249899999995,-19.44579435922915,2.9292157180943637,-13.191162920621615,473.07237352020024,178.20670967927595,-163.35901332864597
32.9512499,-14.360171423077704,7.333416362330886,-12.09163562626926,423.2195119691939,169.72102457086996,-168.5597718476596
32.9612499,-10.589940993537889,7.548079975520319,-11.169179153832411,357.9029426533286,164.9055035273967,-170.7519041053057
32.9712499,-7.535711809568048,5.968581680370851,-10.493975929994662,289.0970536284585,163.44617807886112,-162.90770743263735
32.9812499,-3.7694628032065287,4.229015063345715,-9.6918858020588,227.20635346185102,165.05790306337178,-148.71972815596365
32.9912499,0.030927829342128153,2.3165199952718942,-8.511231461653807,180.95048875494655,162.0880760899004,-133.98263017649876
33.0012499,3.3076347264981476,-0.2177921948561214,-7.802986908773658,152.0579335292871,152.12760672498558,-117.76737520794146
33.0112499,7.31730123984284,-1.9649688950444262,-7.661266516110141,131.23893926471118,144.6870008288982,-98.51441602257015
33.0212499,10.840366187988927,-2.4870542630653363,-7.454203956030054,114.89869656374388,140.2246926132247,-79.86500529431646
33.0312499,12.862673731405417,-3.2579334433611473,-6.973162254473668,104.88672449063978,140.4981896074607,-63.256326842895874
33.0412499,13.62000320060915,-4.234195773654026,-6.7893299805923695,98.57752387369617,144.97849762614413,-48.60076037429976
33.051249899999995,13.642117177458543,-4.832105978211422,-7.081432595306814,95.71977210918664,151.6758490767672,-37.32156382303597
33.0612499,13.515652747588337,-5.572900166705867,-7.143565894416995,100.36263850963932,159.41910849095564,-29.888107147918724
33.0712499,13.80612592820171,-6.448557172772821,-6.600729736008897,113.03887546437865,165.99051891279282,-27.617065087519933
33.0812499,14.293066392530939,-6.991888097846341,-5.8851546279937565,132.53740254546827,169.85706977819564,-31.260830356256605
33.0912499,14.216579321314057,-7.34139319307964,-5.3136694530810695,157.4952209480474,170.3829348471685,-39.28631727371519
33.1012499,13.281051444066447,-7.404337862197745,-4.94373540767136,184.52741575972883,167.48144539808953,-49.55694462161861
33.1112499,11.898164272200638,-6.838742925175203,-4.606710346846689,206.39326155572076,161.8602939855629,-60.61041336064845
33.121249899999995,10.818275095780843,-6.326002681945273,-4.289386126312139,222.2070365003782,155.9955645286581,-71.80080873142347
33.1312499,9.945077342362374,-5.86151280375112,-4.243191152345526,234.1678291755688,149.99831106981185,-82.49149511714651
33.1412499,9.439034460626852,-4.9509421324303915,-4.430594983019495,237.51573358006064,144.4491009211336,-89.43137174323067
33.1512499,9.319278797566273,-3.8533280925580033,-4.529101986070921,232.61272092499195,139.92396086178363,-93.66763179812688
33.1612499,9.199668036743331,-3.026391414747817,-4.318112124810883,223.38289173723774,135.9140255578243,-98.18984106767184
33.1712499,9.136073406841586,-2.4833192246495837,-3.8527008476471267,209.76222988848616,131.59395485719853,-101.19868819484608
33.1812499,9.143054021178305,-1.8882015632972815,-3.3572737668868378,191.19128299185266,126.04032168419702,-102.33325475167263
33.191249899999995,8.906392323712373,-1.1372149196712549,-2.838370965492381,166.91132797077466,118.5135016811273,-103.251372822152
33.2012499,8.867749705520803,-0.8379496292190494,-2.459449235726907,142.8130574771088,111.99079706853753,-103.29728815610032
33.2112499,9.352138709550541,-1.907117185782193,-2.417812207000616,129.81511828472244,108.3070163820444,-100.15169050202317
33.2212499,9.03891955897812,-2.6598962614468764,-2.5352222373407525,118.29791013384616,100.25279981033675,-93.82053798558385
33.2312499,8.279236056810355,-2.408033611082011,-2.6158160050175967,103.70240659116261,88.95468378853998,-85.89838736023175
33.2412499,8.192357136258638,-2.442191647379545,-2.5862186661125697,92.60292886158645,80.26452350207776,-77.44410149928284
33.2512499,8.389704807909606,-2.2727484311108066,-2.361083194399091,80.64236686569669,73.13160549467467,-69.1949382416835
33.2612499,8.506649184683623,-2.0614600118383892,-1.9737631590001194,66.98953433256162,66.51281380223793,-61.75353737761802
33.2712499,8.444184623953381,-2.2237110473275,-1.722327017162813,53.80871724485837,60.908206771270585,-54.8247054544351
33.2812499,8.43519156360835,-2.7480571164744605,-1.7911923224834334,43.52890033564305,56.338009468533215,-47.405867064985344
33.2912499,8.051790932024419,-3.186991106513074,-1.9409154850662322,35.71600770945449,49.56920074091204,-39.612285163436134
33.301249899999995,7.850066949287049,-3.655225903546082,-1.9366757576270262,34.093017867821445,43.14352739743749,-32.174690797191275
33.3112499,8.293921452994473,-3.8310152204680694,-1.9176600065030431,33.59626193575106,38.55729423579711,-26.211948307908912
33.3212499,8.15860962234076,-3.2827634278499405,-1.853225396564696,29.805015475822028,32.71493475785912,-22.213341555427505
33.3312499,8.116943993394283,-3.080271182073765,-1.7211105443582477,27.974617911050036,28.82669692485103,-19.76412306215583
33.3412499,8.221472345662635,-3.0140946133732975,-1.6408656997720104,23.843391062554453,25.122958503178392,-16.573026621750753
33.3512499,8.33998905729785,-3.2097560505580303,-1.5825906809717298,19.1611424059774,21.81054719266643,-12.040204358025571
33.3612499,8.379521837621011,-3.6108352112150595,-1.4596122979595458,16.296288186774962,19.184606205427944,-6.9808939685281475
33.371249899999995,8.358416343531461,-3.736532805740531,-1.3315029569244585,13.31478832519267,16.66843084249537,-2.0428748769441913
33.3812499,8.562403606257263,-3.7357833909874394,-1.2529108443799346,10.914492287680197,15.459007145326026,1.9789742312049319
33.3912499,8.743455997702986,-3.7267675443874935,-1.0992813802886374,8.302818054613839,14.81689296631271,5.261367272350805
33.4012499,8.819673759056812,-3.6383509422464604,-0.8679575837213133,3.3093153777320485,14.358158448226828,7.6649624145173245
33.4112499,8.793742213612228,-3.599608395778679,-0.6858336315955746,-3.3621162212109783,14.134843667860986,8.75887468295014
33.4212499,8.629561025658752,-3.703327756065841,-0.6419773409671643,-10.5856486159331,13.684707110082313,9.130760126699606
33.4312499,8.420727624119454,-3.8343629988253136,-0.7837969789625492,-17.289666259063523,12.973073805748106,9.42281582895309
33.441249899999995,8.261275462274805,-4.172400354712966,-0.8997452412087912,-21.53257833594107,11.869034389273503,9.894738437590544
33.4512499,8.218820910348485,-4.769617524642295,-0.7985607676194258,-23.666241244928795,10.95520946186731,11.155896611684545
33.4612499,8.21374494042603,-5.118042770935532,-0.7037775664809014,-23.883690628498016,10.340900804961024,12.630673646033927
33.4712499,8.185540970333655,-5.197140132288817,-0.7129750600572067,-21.489361122383915,9.017700176598273,13.75083824740455
33.4812499,8.253654874141887,-5.307675404361527,-0.6224197906722101,-17.520081842101355,7.464594361400657,14.552671130514073
33.4912499,8.361057564099923,-5.382608548835208,-0.5700962843553129,-13.82901321383923,6.670560412262358,15.660004861056022
33.5012499,8.257465031337208,-5.248098786980635,-0.7997650152481968,-10.98979107927395,5.658468935818261,17.13790022517841
33.5112499,8.127784800918219,-4.981962534969337,-1.052887522874962,-9.31617345766617,4.2872841554457475,18.64729775513248
33.5212499,8.176735583204021,-4.772232408761657,-1.0688683971783766,-9.72988664593835,3.1458070856139098,20.24349271842232
33.5312499,8.212288989167385,-4.606152552150092,-0.9725177093860489,-11.397471892941654,2.180811903030661,21.572360670057805
33.5412499,8.121348251600205,-4.514085482884145,-0.921014604657451,-13.690579275590661,0.9009311553438355,22.870334552044362
33.551249899999995,8.002336719467754,-4.626751860238773,-0.9639601047357705,-17.19243227022809,-0.8467725757748167,24.863768672340647
33.5612499,7.9470109453200735,-4.7336647646834535,-1.0551243034599074,-20.467063618327096,-2.4902912182941193,26.512645366730116
33.5712499,7.955356996309413,-4.833100290873455,-1.06489103359702,-22.470470938617638,-4.1018799813231475,27.062802860282144
33.5812499,7.954514052676658,-4.96978492725338,-1.01564263301589,-23.950821109151242,-5.775668904312796,27.119323345734834
33.5912499,7.951429346758779,-5.066900861739268,-0.9259440076400542,-24.965948724252065,-7.201743799107601,26.913263620097784
33.6012499,7.969484820149374,-5.137096589923695,-0.7696602978074226,-25.513224238017298,-8.417922022655699,26.46589779521913
33.6112499,7.9388942441862556,-5.158662217741585,-0.736905583477753,-25.94494305039537,-9.418612490217052,26.278605092314976
33.621249899999995,7.826009903432659,-5.150245294299332,-0.9211801045628399,-26.099594992168747,-10.303224972064202,26.492916765525933
33.6312499,7.6987803797389365,-4.995382992317469,-1.1498713420354532,-26.81466827586273,-11.111492378528618,27.3403986544192
33.6412499,7.522800886955662,-4.687805931770104,-1.359501915287178,-28.85115715934084,-11.881214748044815,28.753226152784382
33.6512499,7.264278801038901,-4.336738240493294,-1.512562251499619,-31.836614781290937,-12.738070403639847,30.471686575218605
33.6612499,6.943644047294494,-3.9983852158411786,-1.6211884352711592,-35.19642315776283,-13.74631142103236,32.82378821957393
33.6712499,6.571110466538955,-3.7098044765923293,-1.7230875288050942,-38.97449087458077,-15.236883553465516,36.31551751232801
33.6812499,6.152193711944737,-3.3923293262712666,-1.8343868914888255,-42.73555227946748,-17.659459260576973,41.06808508727515
33.691249899999995,5.729949870469392,-3.090799951001273,-1.9601257494871562,-46.4749606050504,-21.632879044504378,47.36026890133621
33.7012499,5.487357575936837,-3.0085800062426173,-2.045263854329389,-50.698132730408005,-26.604366237833908,54.97452929437189
33.7112499,5.4400653435418365,-3.029206125665964,-2.0811273992746795,-54.736298849797734,-32.13524975213107,63.08542622402213
33.7212499,5.618027591427184,-3.1588213281105544,-2.029677273728415,-57.74192794788934,-38.333779513621245,71.05425716525572
33.7312499,6.164668110787155,-3.5291234938165537,-1.9432516349858886,-59.50355200598403,-44.63972081242751,78.31365029253307
33.7412499,6.790442678280986,-3.905351548110573,-1.8929153734076358,-59.77922686185706,-50.78346460956308,84.29621017158398
33.7512499,7.300575560877542,-4.1911288942958596,-1.8196355318211106,-58.79130680803727,-57.756903578824144,89.36924423597529
33.7612499,8.080031336277495,-4.490462187283981,-1.7974877514915797,-57.318103864472334,-65.68809845882716,93.80977287552149
33.7712499,9.340457940353426,-4.676338666655807,-1.8682358566662165,-56.177964461135076,-73.09399916645938,96.75069180617507
33.7812499,10.896959267155617,-4.653389056724349,-1.9160094502479608,-55.91232170747768,-80.92883793199829,98.5351833512515
33.7912499,12.589684031030618,-4.256142702741038,-1.996348666533708,-58.39537884967384,-89.91714321930885,98.06245919222464
33.801249899999995,14.729432712854633,-3.632991537191974,-2.123444466193548,-64.88924032772653,-99.94313947874394,93.60155025070371
33.8112499,17.31205045190357,-3.141813294609093,-2.0689939721071187,-74.21351729410698,-110.41015025034798,84.81078970291942
33.8212499,20.04864665435426,-2.8303643635520053,-1.7368895002892468,-88.13315789983656,-120.79320034551144,73.1594694504862
33.8312499,23.06328169682411,-2.5977498515909616,-1.4511188538213273,-108.18697514904702,-131.03379535300232,58.747499826218316
33.8412499,26.385926172753347,-1.751761204127418,-1.3361081460304198,-134.96064059196988,-141.53748284815455,40.534085923752166
33.8512499,29.635530825122785,-0.1767472875901173,-0.8147759888824386,-165.6382671078074,-152.68714910090873,18.982477570027676
33.8612499,32.74559289438395,1.1520084409021272,0.7320874461246025,-194.1545071661488,-162.21457069377323,-3.734446824384242
33.871249899999995,35.13452684625135,1.3750370479137193,2.743108823703645,-215.26492458579557,-168.2016749757176,-21.950903687008346
33.8812499,35.02082638407791,0.2900837444192513,3.759809772722655,-223.29651334893657,-172.2526837879698,-29.619064797184244
33.8912499,31.179120353136305,-0.7043835773353674,3.5743254452979714,-220.74433594555083,-178.53942770246948,-21.686921792975923
33.9012499,25.77428787563839,-0.4781909001418066,2.4301845458201408,-215.8198190274065,-193.0079969922232,1.0555498850258211
33.9112499,21.57197314182773,-0.44115780656674464,0.017861708295070063,-210.70139490970067,-213.3455371938476,36.62346759955155
33.9212499,17.155323631677497,-1.0966525137195642,-2.282404565470007,-210.8506301088129,-230.6155308508342,84.76978257862103
33.9312499,9.491308608209364,-1.6642547313841285,-3.7499070549023465,-223.80392857540187,-249.61427422530846,141.6956712499488
33.941249899999995,-0.5278702752297929,-1.5295976703189,-6.348880408018016,-262.0288781287566,-275.1307686235984,206.13492597323759
33.9512499,-10.674889853083773,-2.15543003808962,-10.270920109577219,-319.4992915800273,-296.2551339769413,276.0465365655833
33.9612499,-24.716168995900055,-4.465738690236451,-11.432553619902446,-369.1514939620868,-322.30286199174077,350.0098934343482
33.9712499,-40.30725698032254,-5.223269611094626,-11.114678654899645,-400.0533912877213,-346.8417100540467,407.99635958236667
33.9812499,-50.140798864536144,-2.4170309572841027,-14.372197419697423,-423.9862890563172,-336.01457337585515,417.66536453876313
33.9912499,-53.11320691845427,1.1416216110528647,-17.227766364413913,-451.36359906953516,-283.53871218284496,371.8750323100759
34.0012499,-43.69338111811428,0.42797459064169585,-14.774184401330386,-463.2977638975828,-191.4354597214259,283.3046718634955
34.0112499,-26.159251016452657,-3.2902889373981337,-9.032045311271789,-450.4579673331806,-78.71669262725979,174.63054604080867
34.0212499,-16.36937453672237,-7.958070959289392,-4.136180505373093,-395.4479060638322,16.872609313983524,65.99657787127701
34.0312499,-13.999746847513412,-12.310792520337017,-1.2626718070775111,-282.23437544756354,90.65233515277565,-27.14137385993223
34.0412499,-12.501460067257716,-13.450988021482152,-2.038890545078633,-126.50018072097666,150.16171023903613,-103.70683630863066
34.051249899999995,-13.414567563374781,-14.58179653407803,-4.8111522532172994,54.68825492774589,180.32982682002736,-160.01321654771803
34.0612499,-15.706135315581449,-15.43960635302757,-6.588330828063195,228.2590851786566,191.90012548825928,-188.57491072242647
34.0712499,-18.356412616016183,-12.421669957588074,-7.997411063983489,352.92197262847156,195.59850442104883,-196.0627977230887
34.0812499,-19.619742724100146,-7.591387248020427,-9.609477753383583,421.7187163754111,191.6573805966465,-197.00580258888272
34.0912499,-18.16325686789338,-2.7713377149028804,-11.30096472612233,441.1582286902139,183.65648651250993,-198.4361937865159
34.1012499,-15.504019867357842,0.6404197971535288,-13.118369396726692,426.733932653048,173.17945455667473,-200.53893547747498
34.1112499,-13.015116188764631,1.4979968904386676,-13.933807334844158,395.89794966305095,161.85664850945963,-198.18504818588409
34.121249899999995,-10.662172708318456,1.4836772728779306,-13.741417699738253,352.3698901320282,151.03813152610581,-184.01128462665093
34.1312499,-6.8952074241268075,2.1619625854726796,-13.488548855073223,298.3430691910737,142.52499221796396,-162.13259026607506
34.1412499,-1.3313356838001622,2.818234479711686,-12.414778894227217,239.8742700740134,139.723525572824,-142.21854208470265
34.1512499,3.8502499052842594,2.119780784188729,-10.467269815545471,187.87796014862465,138.5504816607358,-125.53655475293581
34.1612499,8.164740731908099,0.19589065229043345,-8.804351781698989,149.82985472501386,137.71338996236753,-112.0535776247107
34.1712499,12.62735851415522,-1.5335764202707762,-7.643893416624709,118.59584322433662,145.85310433599923,-101.64853346630962
34.1812499,14.950454535410927,-3.0584761685841766,-6.804341556616244,99.92218328981798,158.5047348268859,-94.68573545676908
34.191249899999995,14.650183594194196,-4.742176387166795,-6.358960755306469,99.4307601240415,170.38813219382897,-89.92571338002432
34.2012499,13.41199166337144,-6.093152011649583,-6.168322323084472,106.35738544720817,179.99320167823024,-84.61262106203891
34.2112499,12.208474104657547,-6.568935731128848,-5.944596987082261,115.96532463161273,184.91801082797406,-79.63964185636253
34.2212499,12.086126924055941,-7.055562472835461,-5.449517778875132,132.80124570854042,186.03703062914175,-75.55930453708619
34.2312499,12.550712001145762,-7.788002896062067,-4.553306528987425,154.01819518795944,184.2766728815204,-69.69991254642953
34.2412499,12.18198787723264,-7.4099531653463355,-3.9125115086330107,172.83933382215906,180.13902339354874,-64.34175730168897
34.2512499,10.995070915489542,-5.940638428477928,-3.8379107898601426,186.95851392920267,174.1446634336708,-64.42891948560826
34.2612499,9.927538636826396,-4.69839613522337,-3.847072131908971,195.5023442592826,167.2863562507643,-68.6597220698631
34.2712499,9.432675270432885,-3.8923756775216702,-3.779957960355501,199.10558233383296,161.68111972496314,-73.82700545086965
34.2812499,9.267954382054134,-3.3736095012722433,-3.699272630756176,199.05932181494492,157.33374087777648,-77.32568065980949
34.2912499,9.139556739726162,-3.022589183613493,-3.4592897962226044,195.67694287586525,153.68963633065374,-78.73111081592823
34.3012499,8.985880998183477,-2.556730251730524,-3.106554642062612,189.58400271330657,150.68423478303194,-79.66145728420328
34.3112499,8.838728320657637,-1.8001859540152185,-2.8287099628974,180.4493728271283,147.32675860151141,-81.30151923602709
34.3212499,8.821603229312089,-0.8863883492132393,-2.4378682693702696,168.41596004554765,143.2316616196133,-84.22475444168302
34.3312499,8.938311061967527,-0.5470824021090666,-1.7618660757643332,155.25876756393117,138.33082053146427,-86.87583601217587
34.3412499,8.9787361702322,-0.6268867087896939,-1.2010358465666329,139.85953088888456,132.92300037994713,-85.43650413690355
34.3512499,9.164879593681208,-0.8794732644183817,-1.186578550618158,128.59905284000297,128.41072623832244,-78.31852637917518
34.3612499,9.415395540287857,-1.6477775854441052,-1.5129973963077754,124.65326384537796,122.27575989684807,-67.37996079775279
34.371249899999995,8.828688417223264,-1.5928120948738334,-1.738538445656207,116.16740595292721,110.5096384632883,-54.58927781859119
34.3812499,8.081372427998494,-1.3064928353648428,-1.7636791856993108,106.68316488842947,95.05799701465311,-40.66473305010494
34.3912499,7.855430740591762,-1.4171031655141868,-1.7278727641247882,99.63585781097704,80.22027625444224,-29.814177878362035
34.4012499,7.891873534819573,-1.409613136429101,-1.6848156442386335,91.77886430238382,66.7509429147798,-22.282693381505737
34.4112499,8.09673574909331,-1.765608150469061,-1.606616796695655,84.1311458291721,54.02193462276105,-15.472335975706669
34.4212499,8.32220718097346,-2.3969331467135415,-1.565742193974871,77.80165110808406,43.00374811354235,-8.903064849373687
34.4312499,7.910070639947003,-2.7041614651201797,-1.5161561289996737,69.54505859278711,30.665462543806843,-3.2823378455819916
34.441249899999995,7.871621306826266,-3.3932140599358163,-1.4391601724975347,62.94375960532624,21.50068500653464,1.9118954465187323
34.4512499,8.453852856249917,-4.130094821548814,-1.5207336068736197,55.58861902881353,15.328139919991816,7.731890210868746
34.4612499,8.38838935182658,-4.024496154979407,-1.5486548385745915,40.982686540418854,7.966083840221446,13.952526766224748
34.4712499,8.498809556607966,-4.08481485334154,-1.333613207862415,26.794232090970723,4.3671290632167,18.200857432566877
34.4812499,8.547010157875903,-3.762978219986936,-1.1475944923695465,9.433188751538781,2.0906879053542093,18.20982698732941
34.4912499,8.439462596061169,-3.503802823175307,-1.1063021078148376,-9.106895455531422,0.15343606774663626,14.511787574230034
34.5012499,8.570094063499997,-4.16889521558103,-1.034783521421324,-20.83838330365472,0.48590842305758086,9.893526948037332
34.5112499,8.433208139832235,-4.9966214238087066,-0.838538706699698,-28.375080231326002,0.037938122786325315,7.121678505331606
34.5212499,8.372163870998289,-5.654103494351123,-0.6722145080822063,-31.430209256493097,0.125532705264849,6.182806923330866
34.5312499,8.491774803059494,-5.918805102223043,-0.6233571908443675,-30.801006243118298,1.4027803918274926,5.803980193186259
34.5412499,8.599527453376794,-5.836939478426597,-0.5002224705359962,-28.538171743471967,2.951993378319639,5.179890401141925
34.5512499,8.8086777519915,-5.9460153765813875,-0.2680240313114533,-23.628419760459845,5.231877003958466,4.573077529963068
34.5612499,8.903131743081012,-6.135617259599246,-0.03804744649563956,-17.17238232147499,7.608193786177997,4.444218193040447
34.5712499,8.83063487522552,-6.070647157943647,0.10855879733635897,-10.008390645857379,9.698212147358676,4.263182081169251
34.5812499,8.734577023035387,-5.916510998922562,0.13327409626671738,-0.976111634161236,11.38409255758882,4.184482847948666
34.5912499,8.557858109618909,-5.650187341321153,-0.03412286809505952,8.569224516053719,11.893905274539833,5.164692838518495
34.6012499,8.319724650227089,-5.361286694601646,-0.2585342023988216,15.083159901040101,10.641304692054524,6.788369574429833
34.6112499,8.211471906569209,-5.1051955447378585,-0.37057993334988065,17.409950204440154,8.822716856346112,8.374955794259087
34.621249899999995,8.220404878369783,-4.595388868960257,-0.4661069463556308,15.959961534377575,7.241489954369607,8.975528529929603
34.6312499,8.242944186344996,-4.232232620890782,-0.5708802160052986,12.847604797200642,5.468822082919286,8.623767519173041
34.6412499,8.255110937047151,-4.2957894951729045,-0.6137401582719082,8.998328245925206,3.2623892980522995,8.750789089202149
34.6512499,8.277449575921839,-4.568105340678422,-0.5930847833148953,4.059209097017213,1.1150769735508106,10.00549425266389
34.6612499,8.328268303157692,-4.858465936729279,-0.5435374844740263,-0.8080487715447112,-0.4369161899079784,11.758986949528843
34.6712499,8.39793113314564,-5.067763278460613,-0.40870834130933914,-5.03308460478018,-1.8012413623830905,13.741286601524402
34.6812499,8.445775078715194,-5.249869883578252,-0.25431668233130983,-8.665785868009552,-3.0093908145769186,15.823234186794284
34.691249899999995,8.327670048308123,-5.423362304178407,-0.2251931074944864,-12.236199391618815,-4.0466100993394525,17.52528719276327
34.7012499,8.050440651906326,-5.41244162980082,-0.42081614573379245,-15.895033652054916,-4.9882844732662495,17.886862023927318
34.7112499,7.811683951660847,-5.374451327919544,-0.6549803034869554,-19.21261466558971,-6.703823077900976,16.965537118813618
34.7212499,7.672994194075534,-5.3871630728122755,-0.7633938162347951,-22.826462490985246,-8.679829322429203,15.790458472625689
34.7312499,7.544930071287109,-5.3359128413495265,-0.8444557808902137,-27.221533138236282,-10.24231782725307,14.480236030787898
34.7412499,7.475156437659538,-5.351162629472489,-0.8869734051703629,-31.752914044574123,-11.62181803146918,13.167945425008538
34.7512499,7.488287650703355,-5.33637244742941,-0.8955995999857659,-35.73508209678033,-12.728049037058002,12.2664205526196
34.7612499,7.495343782365646,-5.27212057915677,-0.9171073920493988,-38.4758730634386,-13.769678896216513,12.094965002979785
34.7712499,7.472175077941342,-5.387914122010509,-0.8816973494330259,-39.00947263858426,-15.119627499096417,12.944508768904411
34.7812499,7.366686007252904,-5.465389601940149,-0.8588192166188365,-37.78725044925407,-16.724296513069604,14.649350585401368
34.7912499,7.2334017212838235,-5.374973119647126,-0.9436208509349682,-34.10697237362249,-19.293934389987392,16.621084956640146
34.8012499,7.1552643158979,-5.232798082682318,-1.0220969675650264,-28.277191163369555,-23.15595329605063,19.03919562536572
34.8112499,7.106269829075469,-5.015440339106478,-1.1131369449239563,-23.28039115047726,-26.968611439577252,21.759091474678797
34.8212499,7.077685521024249,-4.696461886077663,-1.2316110219794296,-19.34763662124204,-30.831324340952104,24.72919417193243
34.8312499,7.202510135779266,-4.347667210858106,-1.2642759221072215,-16.69706141823557,-34.882949763031554,28.34818869947179
34.8412499,7.514979897428128,-3.999533806581472,-1.2268607488674288,-15.869079163338233,-39.05768071506686,33.08310974416725
34.8512499,7.953426734923967,-3.6736256849210456,-1.239848457283103,-16.408825618725853,-43.77726346244068,39.05391349329396
34.8612499,8.506581141734268,-3.394642841791119,-1.3036742203713945,-17.79601732558406,-49.154308996501335,46.33196649145687
34.871249899999995,9.079767808320362,-3.074048249414277,-1.3741399831656607,-20.91464930033666,-55.28974323596876,55.04025858290116
34.8812499,9.547378507973827,-2.636361939399498,-1.6197231107427859,-26.471392394760784,-62.464071815284925,64.99698661793747
34.8912499,10.067824474632197,-2.0939708545802547,-2.105801023183681,-34.101786301398796,-71.19728642397884,74.31796471227261
34.9012499,10.898049769530115,-1.568857124897636,-2.5581343464705295,-43.55554075005007,-81.31450986609545,81.92861080305337
34.9112499,12.182596174168225,-1.1212674941050231,-2.7488555216570885,-55.473856365837634,-92.76912326672912,87.31290711962802
34.9212499,13.913124349286774,-0.6271718467327619,-2.850588624526964,-68.89833855983343,-106.18539022969662,89.16340860100772
34.9312499,15.953444038539715,0.009748973234914526,-2.8617533011824308,-83.44273087601154,-121.38497136618817,86.71077899411662
34.941249899999995,18.58479674707197,0.8306033551245516,-2.747489266048025,-101.24471921914999,-137.209710953256,80.11911821200631
34.9512499,21.89790120080624,1.7296560244926227,-2.649551305417094,-121.36366980825517,-152.17405485469757,70.3773411964844
34.9612499,25.18730076599944,2.13597320980248,-2.161609172376406,-141.49476116985298,-165.29753481667794,59.39520026657155
34.9712499,27.987875827317577,1.8723318232780863,-1.2314744798745145,-163.55241785941996,-177.68282576956238,50.5941623413576
34.9812499,29.853419374028423,0.8359759986825988,-0.5607250699979099,-185.62888807845047,-187.22546433505676,48.517342245973275
34.9912499,29.366812237564005,-0.2937926589488805,-0.25333037889447163,-208.74246402515172,-192.98989855334526,55.73398455516999
35.0012499,26.794435954396885,-0.1739143706801484,-0.0023383610735705426,-241.18632006818711,-192.79159868432012,70.95740461234398
35.0112499,24.356761600389493,0.48272550575239714,0.04420279504698661,-278.1117350568856,-186.7145923484448,88.1397718182009
35.0212499,22.408485602466175,0.7565314387447845,-0.06523686666993435,-309.7284086630762,-181.5760942585872,102.75546990801077
35.0312499,19.135143328826402,0.920413478363578,0.0862197602739744,-340.6171830461341,-179.27729141712737,117.758771008051
35.0412499,14.326999201400469,0.6878411541082202,-0.25396733424532825,-373.0256351730466,-183.17686588356577,136.14032197747105
35.0512499,7.746566302161253,-0.03610596790459867,-1.6776756599962461,-409.16833137025236,-201.1775326171901,160.75496337226943
35.0612499,-1.1199061799999348,-1.1488412893753739,-4.011806657291356,-448.65487492340424,-232.5643180894121,196.10552786796157
35.0712499,-11.462067738074285,-2.839966222300198,-7.97778330176219,-482.346150667762,-270.6884820882834,241.17889608315068
35.0812499,-21.39815804175159,-5.984359037148236,-12.27430109755964,-485.4873680180571,-313.3457961806059,283.58887143568785
35.0912499,-31.913936972761093,-8.171354685333295,-13.055280630199448,-463.19211627105216,-365.16083264561166,319.09511923681646
35.1012499,-44.492799760657704,-6.683797826188616,-13.63236606354957,-441.97436537061185,-402.8970409127784,344.90186450763093
35.1112499,-54.30135322130152,-3.2887349042522067,-18.178432023959136,-427.28154321278555,-386.54082698016174,335.14397022933184
35.121249899999995,-49.6466684532713,-1.7707412109287444,-18.18657252087618,-408.90545755579916,-291.455876612591,279.10272323290246
35.1312499,-27.722552531235937,-4.6401304206755345,-8.28826660464285,-363.6801567246637,-129.3236145329657,192.0435210972546
35.1412499,-11.287930927235033,-7.749503612853653,2.152648971316099,-286.63921446478497,20.847734439559733,84.93017944166036
35.1512499,-10.462907599281708,-10.724223795102237,6.093735351414417,-148.3520958211474,107.61454697986896,-30.624401029245256
35.1612499,-11.562633212605142,-12.965921442168883,3.087047949098081,32.06875700655124,162.75001423329613,-129.76726778921568
35.1712499,-14.179410420367336,-14.016880386478851,-5.014522483277714,204.17158091211678,195.43796588310212,-187.2227399407316
35.1812499,-19.59179851939284,-14.319166094819863,-12.103859215230333,349.7465132868883,205.5389725993043,-197.53559657833395
35.191249899999995,-23.355228655849004,-10.12288946302322,-14.763272306971782,443.4337865613347,193.55475196162652,-182.41911519773114
35.2012499,-21.82919836895646,-2.4125245812375895,-14.37256042858983,472.31770506549833,173.68213963828669,-169.00864716626006
35.2112499,-16.944932071548926,4.233746740070057,-13.361950783723076,448.789896596842,155.43315662299366,-170.74327168013377
35.2212499,-12.89960226675275,5.921802611875935,-12.47502328867104,398.7649922616566,138.58462615174798,-179.64195414435252
35.2312499,-10.222506335934105,2.861281817236654,-11.334878303968933,352.7799987163006,126.00038971301527,-176.30646120308623
35.2412499,-7.091386877084545,0.19237671771560377,-10.882398229377802,307.6510584520198,114.0529388395004,-156.54036132245153
35.2512499,-2.946029573018705,0.466134965007089,-10.890003780163513,256.72457479772294,104.13055800894735,-133.7108154287014
35.2612499,1.2821822305060855,1.2889797287770863,-10.53141760434708,205.97636103375095,94.78005284389941,-114.82363997055529
35.2712499,4.925505290060397,0.24382763174001362,-10.526182494804857,165.1302667082095,85.64183273365671,-98.61459556643528
35.2812499,8.170794990199445,-0.739957795168162,-10.328733199136773,126.31712372680978,83.49608271351877,-83.0674927877025
35.2912499,10.61203507563683,-1.320369852797554,-9.365190101980792,89.47236196814846,87.7673962265522,-68.43369573930202
35.3012499,12.181041935545343,-3.3364992474231867,-8.266094809043114,67.18303316801585,98.47003762041167,-56.765389518123534
35.3112499,12.842837730036035,-5.626421733897299,-7.5439144115513965,57.00452970586296,114.74070623247007,-46.681072493876705
35.3212499,12.79391006683382,-7.359925851338047,-6.730718655914206,56.764078573138846,130.30658064620425,-37.343466174705966
35.3312499,12.816135996216191,-8.653182989591725,-5.783604312492359,66.79109149696606,141.45058826415928,-30.967108478787527
35.3412499,13.102026334510843,-9.465525492998438,-5.538823442876291,88.05533887961617,148.33183932556858,-29.267730065987717
35.3512499,12.763662792230779,-9.613321879744264,-5.924862135842105,115.05306828864082,150.0685931797793,-31.89094239306929
35.3612499,11.449976469628881,-8.94729793189036,-6.288419107197771,139.4543281242154,147.40024474416924,-38.25127850343224
35.371249899999995,9.983744292038393,-7.914378578071916,-6.288455160598476,157.11703671841292,143.5823365333534,-46.07924674955151
35.3812499,9.070649660020848,-7.157139766211455,-6.071800905510341,168.8641513875147,140.64977083012147,-52.96076634730079
35.3912499,8.710849220524011,-7.0579336088589235,-5.802407223796102,177.87007343251412,139.16957979699762,-57.46161818295101
35.4012499,8.625651106222701,-6.807052229920767,-5.4502799223403695,182.25894121916366,139.65593378314483,-58.682035915776346
35.4112499,8.743329357205019,-6.06780870554725,-5.003516490987048,183.27193240522314,141.78893647235876,-58.219358967229475
35.4212499,9.43200474120818,-5.531166407682897,-4.334647743993504,182.4514496582924,144.76271033261392,-59.26026666657821
35.4312499,10.332829022962134,-5.214004876885211,-3.721693870224237,179.2653924394193,147.34256709306896,-62.80758977521499
35.441249899999995,10.58138722491355,-4.872804172075923,-3.3888976723705815,173.2913883032075,147.93367371937296,-67.63734863871568
35.4512499,10.182557884195257,-4.158852165648869,-3.280532406667578,161.72437304466402,146.27597669264833,-73.31493645402091
35.4612499,9.519616823668542,-3.462309188258557,-3.30635353859023,146.68583060400584,142.4446392051333,-79.47987927971256
35.4712499,9.170889963696615,-4.17273941885712,-3.295937289517772,140.0043905333992,136.62332985813694,-82.96814331388437
35.4812499,8.981249029452535,-5.366108699179738,-3.32099402344693,138.7918455715711,127.6679135839473,-81.89470058119925
35.4912499,8.321341575167022,-5.408865064973422,-3.115075303469204,134.41089379434777,116.46997780840378,-77.07865882090783
35.5012499,7.680550589903394,-5.345059109426817,-2.542610489900849,133.2184869692866,106.08560256168401,-71.6581706921815
35.5112499,7.339702421522909,-5.003434119756018,-1.978386094845665,132.71804011029704,96.45217685157316,-68.79848069326192
35.5212499,7.126099892073525,-4.509192900163186,-1.5905019611094673,130.3268125457434,86.29343216193496,-67.73550360382858
35.5312499,7.057484328327039,-4.656116811265826,-1.2277714046197472,128.8281462854584,75.98533088534836,-65.40172611776595
35.5412499,7.0479449290229965,-5.013696423291668,-1.0520911400306052,127.14222399990389,66.32391028035879,-60.498251844299666
35.5512499,6.576024609445404,-4.998098679200298,-1.276338141631827,122.80618042982925,54.5260635266389,-54.013087531474866
35.5612499,6.358926056004424,-4.927911058801375,-1.5924485684404468,118.56289651618431,43.94624183457495,-47.151173536761924
35.5712499,6.847273145122088,-4.503706471810476,-1.8353482233349743,110.17288693781443,36.28494616322108,-41.301544367687185
35.5812499,6.7987994749518705,-3.6930400688165186,-1.7621162809127486,97.40755004392818,26.95084391370818,-37.745774956043604
35.5912499,6.975316059736807,-3.523749839490017,-1.3409941284174318,84.97372292017502,19.585016793201145,-36.434444573522356
35.6012499,7.467423541339821,-3.54063469227249,-0.924715792992956,70.9651942226514,14.85370428353273,-35.84811453375669
35.6112499,7.864057090561494,-3.5114333861331355,-0.707057886531663,56.55691910536284,11.779333503018634,-35.14623556643381
35.621249899999995,8.11363864708151,-3.551746908488698,-0.6609546220678714,42.77536889968016,9.35590518978529,-34.54556669046503
35.6312499,8.17215800534922,-3.580391058722431,-0.6312034755295417,28.063673134398176,6.812701423484445,-33.50351739068338
35.6412499,8.156820488992528,-3.692569984365125,-0.539962214736065,15.875361121364891,5.002706787095121,-31.478332105298367
35.6512499,8.171608305034905,-3.849320521190063,-0.46637693004720177,6.006027306302237,4.066057574189168,-28.475631206254803
35.6612499,8.28863739897377,-4.139537413270084,-0.3118530985652716,-2.053273175675611,3.7681754455993213,-24.778299552167883
35.6712499,8.426729734558428,-4.5265646140659115,0.022970766878226977,-6.704641979922914,3.9864510004045965,-20.83913931856941
35.6812499,8.480215791306328,-4.746383090201242,0.3346097773766706,-7.870337953108481,4.802626514793609,-17.518344592439213
35.691249899999995,8.504633017471205,-4.770927981063045,0.4834537540488593,-5.94751507693749,5.9078158372178615,-15.758500706010901
35.7012499,8.56805381002462,-4.710071311414792,0.5314936863239412,-2.2886189168399387,6.877687880234697,-15.228326894965944
35.7112499,8.572571673303234,-4.665553391534108,0.5081622379781647,1.9583169031238554,7.723681339089902,-14.590846431637143
35.7212499,8.503807975965403,-4.690314715641713,0.4026401401648376,5.820332992212536,8.454125588384803,-13.01358042703157
35.7312499,8.51798777128082,-4.737025370218662,0.2621928491199161,8.353351797627923,9.499547989319852,-10.734334736861848
35.7412499,8.498997862969516,-4.648048718766381,0.20598009898182004,8.567599336072485,10.147954298753508,-8.319291865370763
35.7512499,8.466609307930291,-4.5196997275561746,0.21539032940777092,7.254421490946667,10.30979084882833,-6.1846552763701474
35.7612499,8.451422999184093,-4.378008151161259,0.1808134069860455,4.5030380492696995,10.178643942170678,-4.424071404956568
35.7712499,8.354485231209935,-4.189966609668528,0.1242952132644805,0.8091308209993386,9.48962882583811,-2.947129527173452
35.7812499,8.157016334413393,-4.2379622680137015,0.1519513513159794,-2.6783276470962694,7.823224417081206,-1.5962313745713372
35.7912499,8.007754041038021,-4.536446515068363,0.1332693903857271,-5.5722847889922775,5.64505516308319,0.22122409167306284
35.8012499,7.9079293034672435,-4.756731500557299,0.035294253159765844,-7.252629749472403,3.2714903116124554,2.460464882136341
35.8112499,7.805727900658251,-4.938116384928832,-0.013945954474410958,-7.872984430612043,0.6129562929312775,4.973262896510737
35.8212499,7.722979331066229,-5.138676546991102,-0.03699650396026626,-8.07800447338618,-2.0628124930630465,7.879048457692164
35.8312499,7.681327720666373,-5.185154172977431,-0.07066122993591585,-8.264158854212257,-4.512420511812767,10.652530714578896
35.8412499,7.718327572323984,-5.157527343594554,-0.1085639983212827,-8.477277196888851,-7.118546065285574,13.221592000331682
35.8512499,7.778293553034989,-5.203244443967227,-0.2017271878949777,-8.793023016933793,-9.377880450427176,15.558747962980169
35.8612499,7.783903934723338,-5.218452588299448,-0.30441689768929564,-9.939821155862608,-11.20913882917364,17.53082251212969
35.871249899999995,7.7843489710594005,-5.138125680615442,-0.38745291443231233,-12.381695069162848,-12.730269711951946,19.148879231634847
35.8812499,7.8361111677351545,-5.066045231108996,-0.5025240901239115,-15.499881251456314,-13.571288559660143,20.17573567268267
35.8912499,7.911990696036997,-4.987936930888355,-0.5945936948236221,-19.676101596825717,-14.04609478639914,20.35127536963196
35.9012499,7.9699995926649505,-4.888012416331254,-0.6489485796899569,-24.545218481254867,-14.210161981672664,20.07263912561549
35.9112499,8.003522102513415,-4.930988394749722,-0.671117281067665,-29.05109580107019,-13.88000477743447,19.652640959256736
35.9212499,8.02512718271068,-5.07913615218906,-0.6691164809933917,-33.13084305264718,-13.350393725952754,19.361203024610848
35.9312499,8.025892311949148,-5.15208992776416,-0.7063048821905755,-36.21000522382846,-12.922644709113102,19.269536087681875
35.941249899999995,8.009296564648746,-5.174732810302738,-0.7799912256533618,-37.898573639133005,-12.939571045316852,19.454856652696858
35.9512499,7.961243930525308,-5.157867002409145,-0.8386632213706218,-38.31195111325946,-13.304933913103332,20.021197409076436
35.9612499,7.814439924259482,-5.139252910583364,-0.8277492015940211,-37.0931130406638,-14.051762900219265,21.16863850251803
35.9712499,7.613904645026131,-5.128739238155322,-0.8198741394210949,-33.83030620267294,-15.207601924015844,23.01513340720903
35.9812499,7.394270296690621,-4.9974199591778365,-0.8563553200829143,-29.386146905854677,-16.61400699645373,25.479860423051434
35.9912499,7.168863239653189,-4.684982972793446,-0.9653109825073235,-25.205190959304726,-18.295596982686686,28.80978943891888
36.0012499,6.954283304390706,-4.36845530232556,-1.1181478475791082,-21.655799987236954,-20.435635600854145,33.12640751948556
36.0112499,6.773873271708251,-4.081354588270306,-1.2187859061443609,-20.086549211591052,-22.663969358092675,38.3209590782498
36.0212499,6.667374662325641,-3.799666571114231,-1.280378249184522,-20.99654473345577,-24.836418301782405,44.57612729851158
36.0312499,6.693284300739899,-3.635627664263404,-1.336738512443847,-23.54567340539786,-27.33035033982786,51.7572908567717
36.0412499,6.915498776719409,-3.6011752229858165,-1.406563773232801,-28.2767509329635,-30.789434835390193,61.167635458748116
36.0512499,7.296241251918887,-3.661167185649839,-1.5015942571498584,-35.23911680582758,-35.80534353360787,72.80918723371927
36.0612499,7.786259497815745,-3.6967232578088236,-1.6722113232513844,-41.58725083045923,-41.72532196688168,82.59221348204132
36.0712499,8.518244843270212,-3.7222863752181277,-1.8431067343513716,-47.56343833980992,-48.42106026003105,91.37334777184768
36.0812499,9.516856906152222,-3.730600242085048,-2.0567205444709753,-55.03058494645259,-56.41923568606714,99.80825075168049
36.0912499,10.767228947887412,-3.6021219986923048,-2.458012206851166,-64.83723408381474,-66.50558544252218,106.99709548190474
36.1012499,12.342672139276843,-2.9732521526925977,-2.8844109510543534,-79.81718880030189,-78.42506878769,112.19821112631448
36.1112499,14.379464042531154,-1.8247884568817248,-3.0512473226742136,-101.34374308241141,-92.5444217228591,112.05080308110985
36.1212499,17.14085596268234,-0.7050774994584912,-2.841433982319349,-128.2826780165841,-107.92924693710735,105.23170048150271
36.1312499,20.511473799523788,0.2955305407224329,-2.3510884682320357,-161.7474274101797,-122.43469772186282,94.0316407416083
36.1412499,23.630204880900692,1.6100263329129834,-1.7330678215997306,-203.54274660139563,-136.7741947660315,79.05160257191147
36.1512499,26.089337702915472,2.78837087362796,-1.08176191321842,-249.07413242386642,-152.24899103570246,60.51713859489303
36.1612499,28.277690230252144,2.7070918912956663,-0.3867232589419472,-290.68786279373006,-165.65661480605482,41.57670441118223
36.1712499,29.789188572471456,1.9334023999648755,0.33157087900292553,-330.6101713785295,-174.8200392755,25.96931145494394
36.1812499,29.758313238981575,1.6649126704167865,0.5883193322179817,-374.8240097662365,-180.4156269665128,16.062252025000543
36.1912499,28.02962591333329,1.5520030495518558,0.07085516363853564,-420.3215909535815,-182.67939692188006,10.798881548850298
36.2012499,25.15326387612735,0.8551008224215707,-0.8144713721876975,-460.3743104560411,-185.42713446657203,8.207434764134092
36.2112499,21.759427595143034,-0.503825413799319,-1.6948537698837987,-486.7014732244253,-192.79478257275377,8.270589362390302
36.2212499,18.10733001283499,-2.792967473591086,-2.183582076311191,-492.507134659082,-204.9410850322706,14.792729084150189
36.2312499,13.533435632295895,-5.176385971044568,-2.178720782300826,-480.45303546859947,-223.1645122853032,32.420524459973294
36.2412499,7.241857932685337,-6.578826049978663,-2.239362930635069,-458.73835018377247,-249.14766072981595,60.44321277636558
36.2512499,-2.2645677656254244,-7.552773297789294,-4.058186428464712,-430.351930965881,-296.15387650529124,105.62357893611554
36.2612499,-13.580507877890597,-10.103665347893537,-8.55668927824977,-385.12888443967967,-356.54780294954577,169.0606060491849
36.2712499,-24.72585439174769,-13.706509081488253,-12.257566610289304,-318.8761888373659,-407.6582121830118,230.8666483634184
36.2812499,-37.741076990052676,-14.33453274456251,-13.271917011476486,-248.14047112901284,-449.4949842708331,290.81445513044514
36.2912499,-48.46330104440502,-9.153608059582895,-14.730223040369355,-192.90227292068158,-453.1265030870605,332.6111813299919
36.3012499,-49.616569131548786,-0.3191609266213934,-15.178009755457845,-169.62154536075806,-393.983214267799,320.03175102042417
36.3112499,-36.028300218913586,1.8977205013052592,-10.914904759676856,-153.28281245297643,-257.94230058386364,252.5611184756339
36.3212499,-18.017837337209738,-1.3896792662659523,-4.313302401195134,-141.94312526380872,-88.08866757705015,157.9495641209136
36.3312499,-11.824126258888622,-4.133875804672853,0.22454086946864354,-117.78195578655905,43.012996472436406,49.233235860035364
36.3412499,-12.737886921971024,-7.3467750761175035,0.4280493565339417,-40.5475647922534,130.02816462890016,-60.84612578210985
36.3512499,-13.668924838732067,-8.760200883903726,-5.001719819431693,64.59817328169072,188.65870002863915,-150.47583470371006
36.3612499,-16.710789978388192,-10.409753521957127,-10.844314261324739,173.18469335816152,214.9269346734527,-195.9426931233421
36.3712499,-20.19372176208699,-10.61846092631912,-13.119914470141373,262.84052512563187,222.12067065795213,-197.64312856011856
36.3812499,-21.41913525503187,-5.890787515385545,-12.909371597412427,312.4713780004509,218.64464644552288,-185.3774913790579
36.3912499,-19.269497338538926,0.30093653331195624,-11.79837663740846,319.98882230727963,208.7568899814325,-178.85435716812228
36.4012499,-15.261071724587492,4.173894933024657,-11.291314576595125,296.34948379431705,198.89228027405312,-177.20168104946384
36.4112499,-11.790568288396335,4.291936536512117,-11.341406556446278,267.6653276292575,186.00334732869655,-174.1087541706211
36.4212499,-9.309990356018798,1.9281075676152897,-11.068242631808697,244.52168525689592,169.15863392425612,-161.37570814364165
36.4312499,-6.554988032087729,0.7066425782657116,-10.628902606727765,220.52104984244392,154.90627323131028,-140.3087658337661
36.4412499,-3.6721394337484066,1.0682745221224312,-10.241932278726722,199.16197051058552,140.2964744835207,-121.31850313201006
36.4512499,-0.9986854704055829,0.6473042469954424,-9.666390101933567,186.49897888137022,123.40572063129468,-108.21695476600571
36.4612499,2.4288610428111816,-1.0204381820666844,-8.906537368034847,178.77516920234763,107.77888201996221,-93.06922747744228
36.4712499,6.619161268052834,-2.1005140041838763,-8.388674401395283,168.26935117187998,96.83651901754091,-70.51616090299107
36.4812499,9.942140257701267,-2.162088109861349,-8.2023976752226,157.4244850018187,94.21692355387559,-50.9581589902687
36.4912499,12.422080694803945,-2.420033035315271,-7.921593344638549,147.93093981408413,98.01452723259064,-35.530305832362025
36.5012499,14.179775487006864,-3.0732082454269793,-7.566345419271599,137.8144038565635,105.56293466029322,-22.20986112522855
36.5112499,14.754681861183393,-3.6271407513575378,-7.132197152941348,127.72695707801036,114.68961908082709,-13.281870842874042
36.5212499,14.352166096476868,-4.213037007647219,-6.817036732357413,120.71378436616641,122.92405864106453,-9.771948464203467
36.5312499,13.78855008233993,-4.8661986878292645,-6.759757887728799,117.46916441373052,129.42294660430483,-10.7939558746269
36.5412499,12.904899243026343,-5.603705363139251,-6.721709963918266,118.88676557935263,133.32191610640015,-15.552642727142533
36.5512499,11.536340661950154,-6.192117668978509,-6.715916221932024,123.02133797984459,133.77499640824448,-22.490693146665908
36.5612499,10.399510219357277,-6.378232702215037,-6.651950550809057,127.62269278740322,132.61366840302952,-30.091807958536563
36.5712499,9.608459291495835,-6.133253284738985,-6.3411620841497145,130.7803426100208,131.1780167498118,-37.79908056089966
36.5812499,9.072808247464605,-5.619337327917154,-5.97032704065211,132.1307524463408,130.4449945060637,-45.112703782193364
36.5912499,8.889720024061036,-5.325412102864973,-5.587445913303117,132.6205392110432,130.48893155933936,-51.2594771656949
36.6012499,9.027199998065033,-5.198712468066588,-5.226691099781906,133.42174294497863,129.4387915922192,-55.91598079622215
36.6112499,9.295261176147754,-5.026333350743274,-4.962401720196439,136.00201871268965,126.78271769725978,-60.07627940646248
36.6212499,9.300235413314077,-4.904448979526678,-4.635707844218056,140.27442662495395,123.71714226524895,-63.929546877627274
36.6312499,8.911513784917577,-4.508183280351408,-4.196454015128344,141.99446081687083,121.0647841988688,-67.20488295194184
36.6412499,8.493584800071977,-3.821236793877247,-3.8058083343867266,139.0150502475978,118.77740973029951,-70.07773140372238
36.6512499,8.273293838480226,-4.170854055927225,-3.5900266337686233,139.34605542292636,114.4443648409213,-70.65737831869122
36.6612499,8.147067814416987,-5.124703424349709,-3.6046575872755042,142.5286280147205,106.58363768590362,-68.04137286359605
36.6712499,8.074981404016953,-4.857358844980595,-3.480190326975255,142.60273884449188,97.62214759087522,-63.901881707052624
36.6812499,7.867928160089975,-4.464639860246716,-3.1243878536487144,144.87719248269855,88.78023310744045,-60.23762812752582
36.6912499,7.646858913918962,-4.298182415544151,-2.9954757298551007,147.27575948598852,80.58107472383314,-57.85225916868481
36.7012499,7.507635274210768,-3.778977712753984,-3.094388993970633,145.26923343878485,72.33411085143047,-55.4417705782331
36.7112499,7.501210170727246,-3.32912153876629,-3.0279513717852393,140.04317765711173,65.17236170523499,-52.91798332790464
36.7212499,7.659929729699482,-3.3314926418878117,-2.859990782340553,134.21298063396063,59.5528840641696,-50.62685070863447
36.7312499,7.4183487973368605,-3.29590580526604,-2.706341391493049,125.71500669785601,53.033361077893495,-47.8462628106232
36.7412499,7.4562967122612696,-3.0518612470483317,-2.600094000932619,115.07354897306172,48.800250145509224,-44.752596258423715
36.7512499,7.832774329665094,-2.756313226569075,-2.513814393707838,102.89684243095313,46.473125712094934,-42.19187758288588
36.7612499,7.715256762168363,-2.5213444234482822,-2.369045649901448,88.87308688094963,42.817258940567676,-39.646714437456374
36.7712499,7.889010010919563,-2.506682341315034,-2.350296760686224,73.05025208849183,41.25836706530101,-35.99749739834237
36.7812499,8.021099377586603,-2.321689340513238,-2.307467390184459,54.52951224831079,40.205733782432034,-31.440724253693137
36.7912499,8.144781299527267,-2.3324983049800765,-2.15913764420555,36.16546538109177,39.40703017788137,-26.316807710931162
36.8012499,8.201157948460681,-2.5788575877557585,-2.0751126958215513,17.555182211331818,38.3291035639954,-20.91532890303932
36.8112499,7.943650962432642,-2.7505981974986993,-2.0222982239475256,-0.7446584574493158,36.07951692013991,-15.502184971332866
36.8212499,7.803265817274441,-3.102428178014038,-1.8493049676671216,-15.195623197002265,33.57060199434474,-11.24031553747014
36.8312499,7.841761895149374,-3.5277351318423333,-1.5961138068847958,-24.86385014248829,30.677133001870857,-8.378465366249333
36.8412499,7.883734349897539,-3.860381697653828,-1.3359926537814892,-29.43367035254693,27.63917212403038,-6.776017072467787
36.8512499,7.794147625205633,-4.424663023773749,-0.9689427585190612,-27.933401928061173,24.473335928632117,-5.609058407159862
36.8612499,7.655438941791378,-5.185746528329684,-0.6557835076425036,-22.565984356763114,21.41956755795246,-3.408600619139862
36.8712499,7.612141660236183,-5.647419346240489,-0.6223422809544518,-15.329798409367271,19.119994772550328,-0.06205208060471163
36.8812499,7.6505402609011055,-5.689463603741656,-0.6855140648883576,-6.497731158854677,17.08033561972431,3.737893147089179
36.8912499,7.7310376670232905,-5.6429757770837385,-0.5939321374543878,1.2903189897160627,15.513677986115955,6.30252606526312
36.9012499,7.849417980682133,-5.757495344193511,-0.38832897649474263,8.183075069166149,14.893082601159964,7.379666491629858
36.9112499,7.923997705303814,-5.8017555227289,-0.1917800988132943,16.177312942392884,14.68747772098881,7.55273667552262
36.9212499,7.953709312710113,-5.750064308267449,-0.09683303758546545,24.414802735667937,14.504556089742591,7.078284091047628
36.9312499,7.9852612763831035,-5.776714968525244,-0.15220749288026522,32.47908468680733,14.435001286990031,7.027888830214272
36.9412499,7.938490957208745,-5.697262609877949,-0.26829085156982124,39.07271715852441,14.19979709483632,8.007020815787564
36.9512499,7.919650706479809,-5.504804382198426,-0.4275373207525103,43.76783945990156,14.070532892942538,9.402273589533747
36.9612499,7.941309179680528,-5.200040470455677,-0.5832986188541835,46.38308415828841,14.043750288136797,10.638262896560555
36.9712499,7.996463321110255,-4.99173764776703,-0.5921606721536822,47.4164275730547,14.51863412252427,11.631257675716615
36.9812499,8.061038499947191,-4.931129496271791,-0.49069363359104134,47.56787788519745,15.53614153531614,12.678906412676126
36.9912499,8.10415947428594,-4.855108246709069,-0.3992756726456086,47.11116175878477,16.56803168080736,13.310231119930748
37.0012499,8.193270351658784,-5.153345966558806,-0.3086743568590403,47.983702292215014,17.437051678434912,14.162911891901361
37.0112499,8.18136990417175,-5.797655076848285,-0.2149824969509427,51.385934649544524,17.676749863011867,16.453976896871314
37.0212499,8.037793028159005,-6.322145334847931,-0.18096059500163456,56.691174952052826,17.363069085032205,19.830996676285764
37.0312499,7.897742037299087,-6.697447225162985,-0.1619213588130089,63.92274809473274,16.5139744506528,23.169814736371112
37.0412499,7.815247237314722,-6.870236847952475,-0.14132482099812282,71.85168428712042,15.198385448092521,25.7639323259338
37.0512499,7.785720772013091,-6.710720633707171,-0.07351013077299287,78.03865591060045,13.976070107916412,26.97118539390393
37.0612499,7.697085289327048,-6.381069001569503,-0.042971654896740284,80.3595558187033,12.579282760099495,26.456715331073923
37.0712499,7.592568970450269,-6.089588106796426,-0.16067279043536378,78.24572832562835,10.804872514069546,25.070193473114184
37.0812499,7.653701371309588,-5.720528855233938,-0.3715575367984765,71.75489304110215,9.372770443301038,23.376084257212216
37.0912499,7.772141538738231,-5.279039243316038,-0.44873732294867674,59.63160042473758,7.914614490326742,21.192463705733317
37.1012499,7.856957493636061,-4.98867344886747,-0.2540922809259267,44.47326094321644,6.588725722428111,18.80171275183592
37.1112499,7.97557737868109,-4.726594123659413,-0.09697490250765169,28.387560855994835,5.763829569597606,16.347861776665923
37.1212499,8.130612695535909,-4.351471147268738,-0.06537586660543132,10.4106311794851,4.99127511717776,13.767416359395236
37.1312499,8.227997779213702,-4.10754904235926,0.06298823590095802,-8.272795123067208,4.02194903536761,11.258636286743265
37.1412499,8.240622115203571,-4.213676766322977,0.25545174883366045,-25.41391995571401,2.8260096054840727,9.223032346079293
37.1512499,8.174017034390562,-4.491571092858223,0.35832987718323317,-38.82808137210664,1.0247968228137956,8.149950296102213
37.1612499,8.167882397451775,-4.760911900654198,0.43978652934970536,-48.04727423001674,-1.3221280076996058,8.260485722489177
37.1712499,8.189551629457577,-4.957487576433165,0.480289926946372,-54.00124481022989,-4.209624861620599,9.802722301653937
37.1812499,8.10328438047178,-5.0479982723541355,0.42602065926737226,-57.614780539849455,-7.783354311270246,12.498722000171137
37.1912499,8.029906469821967,-5.045119646033554,0.3905532112587255,-60.40424695781904,-12.140798708369706,16.1621391312434
37.2012499,7.957803901271057,-5.004887268652004,0.3265580857676704,-63.10968637068832,-16.861986287792735,20.33167087962747
37.2112499,7.9077033639229,-4.906229965227425,0.13514137784376096,-66.36911018980524,-21.644762512316202,24.74601347616865
37.2212499,7.970552365777561,-4.719726594334621,-0.0812200056942794,-71.1797346291533,-26.60061134069099,29.796487280540546
37.2312499,8.067375997551677,-4.576655201302865,-0.2453874580116193,-77.62935086737345,-31.587395092866956,35.223593940737935
37.2412499,8.06056290079839,-4.432948627353542,-0.4330820289314028,-85.44561414440794,-36.620269055387084,40.50525446257347
37.2512499,7.960112584474118,-4.220548217631522,-0.666536230834431,-94.20922456269848,-42.10312859862781,45.33505897722501
37.2612499,7.9088996624866414,-4.089896702383178,-0.889032168061989,-102.86642396241386,-48.301709146540745,49.410572448521954
37.2712499,7.947063476361188,-4.069759414979955,-1.0973059622192687,-110.78180078393518,-55.20651195830784,53.13551387778028
37.2812499,8.068950591732703,-4.044075593788048,-1.2996190854588636,-118.24062368696887,-62.30320116028609,56.37747207563804
37.2912499,8.354665206161302,-3.9453693044447897,-1.540721475999239,-125.96676021580802,-70.44429953744476,58.976957395633846
37.3012499,8.91316275514463,-3.7334537456732786,-1.890058364388218,-136.41369085507785,-81.22820153936202,61.30578447797361
37.3112499,9.685294953093603,-3.3595282410747402,-2.3191202326951226,-149.15092644880505,-92.66483113894806,62.522774579582965
37.3212499,10.718386218043982,-2.718555703331186,-2.8149528034255535,-163.6401968005865,-103.82820005242912,61.68902954393914
37.3312499,12.187027180449977,-2.0179770204700156,-3.3055878367017675,-180.07640557683237,-115.68441550626353,58.58415714692612
37.3412499,14.372128123278502,-1.5316954495606325,-3.5039043353362365,-197.99588422559893,-127.29974817731328,54.50396832151656
37.3512499,17.369082948229746,-1.21427535167177,-3.4149609400582803,-218.2130523417983,-138.88544863923937,51.31857925955971
37.3612499,20.571058860435787,-1.163253522824356,-3.0694685713269267,-237.82145461872196,-150.06012227171217,48.11933351078549
37.3712499,23.19247688617893,-1.3816469641567297,-2.1151546443277267,-254.18656370228618,-160.80445333231225,43.84252939661193
37.3812499,25.67113816867627,-1.9516717949036206,-0.9159002969678437,-267.7335733555959,-170.81779878288074,41.03438829905911
37.3912499,28.016212300002074,-2.947578280594601,-0.051712492207114366,-277.244906493804,-177.46316916170565,42.692745324160875
37.4012499,28.667190153619202,-3.6288837806679526,0.7409247355831186,-284.63811847180125,-181.99390111471664,47.70074151261047
37.4112499,27.604095886478305,-3.7495659513161765,1.4454741391293533,-291.21994827098615,-183.97509347670027,56.07887696699282
37.4212499,25.81712424858071,-3.6211490445110908,1.823416705847569,-300.6790670748257,-182.49084523716664,68.89062408488819
37.4312499,23.17372516769059,-2.90886435401501,1.49065105926623,-319.4362736413262,-181.24908865937,86.21389143401198
37.4412499,19.090159568265783,-1.6617271799835445,0.5732733442103437,-349.9855507947487,-186.81648154894924,105.35439492621697
37.4512499,13.172346901817589,-0.168494048669561,-1.0152349037540684,-392.3813058053406,-205.1491874646878,126.41145090682922
37.4612499,4.70172529488013,0.9664003303284402,-4.061413701112518,-441.429956149387,-232.65595640672336,151.65598199091664
37.4712499,-6.951560615440894,1.2249333537740101,-8.62926999203611,-487.29143739895386,-270.54746689451997,182.18179615053245
37.4812499,-19.55276889447862,-0.30872807906149435,-12.778484495088826,-501.95987592611965,-325.43620407016965,217.459527748577
37.4912499,-30.60925160559457,-1.6838178069286687,-13.923591255240904,-499.05603064710783,-389.25152279983325,245.80344324676605
37.5012499,-42.455506152037266,-0.8520077105734214,-15.206968693259906,-501.666164622842,-437.05665391845014,249.76675449707076
37.5112499,-52.17450402663634,-1.8120032186517039,-19.39544635507848,-474.04174857509815,-421.06450858049664,226.94786040479855
37.5212499,-46.483925664894514,-7.052201978719234,-17.977408938992273,-382.2389902692973,-316.0106468406384,194.71304009869849
37.5312499,-25.6009852640923,-11.117681815302754,-8.5352538665304,-263.7524614765528,-157.1808796166109,155.49303180690075
37.5412499,-10.259275774649703,-10.88674508430824,0.8539907036441574,-129.8791026528328,-9.45323587899214,88.6897517575289
37.5512499,-8.133385849101288,-10.264531027541635,3.789783348860508,39.56691373314904,95.33141208465618,-10.20280610822971
37.5612499,-10.509637679574357,-10.696833059323637,-0.6772391972683504,202.30421311214894,157.52911647746572,-104.49218950004997
37.5712499,-14.763164667577943,-12.142706220563376,-7.6431714807752735,335.16703404712274,183.24507113867372,-155.72054635012577
37.5812499,-18.7415507925421,-9.328527691903233,-12.706321846377909,426.70072500680516,189.54800484231131,-173.28742620932618
37.5912499,-20.3107541953544,-1.3551719522046493,-14.673795728517314,452.0344516198836,184.02473243482518,-181.3685734453812
37.6012499,-18.77949502153304,5.46736101042491,-14.305285364322602,422.84915538541634,173.39289441331303,-191.53977858408598
37.6112499,-15.21989180694466,7.378656095375917,-13.350013543822564,366.5509958647486,161.5828192966272,-197.48745797355153
37.6212499,-12.065353150696703,5.731429024445886,-12.443953596152337,301.29024906008965,148.12504599910125,-185.83996737123113
37.6312499,-9.307691271884414,4.830674768924055,-11.76828584039549,234.821690003515,138.146805719352,-163.644416326687
37.6412499,-6.026588243789713,5.3652463095208205,-11.318578823256278,172.19477394881005,131.87808673271942,-143.57954096711651
37.6512499,-2.8774218129173286,4.804057758203857,-10.774774131214638,121.01029773818503,125.68151625174417,-128.38582739343312
37.6612499,-0.43198607144499707,3.0375880682185357,-9.733215037410988,84.80543509193403,119.54823176876847,-115.90062810995356
37.6712499,1.4049474887861015,1.1824865916589933,-8.662944702567968,64.44436898405078,111.99415569117353,-103.64706258141175
37.6812499,3.177983810045009,-0.4504075674964005,-8.041288128120513,58.388381087544374,103.95859933703237,-91.49354396670017
37.6912499,4.899297033454888,-1.9062429564948407,-7.803512966009708,64.57674196464252,98.38912385649084,-80.24433723373397
37.7012499,6.052357679316538,-3.296575316933811,-7.590767613258256,77.18609780147973,94.8954067135362,-66.99253904415596
37.7112499,7.031750380489445,-4.368480589615482,-7.425670174824499,93.10783012863403,92.1268119012197,-47.767411508681896
37.7212499,8.414944961557246,-4.872468459115323,-7.3191398390092175,111.62464834828089,89.55779770720329,-25.715601760040087
37.7312499,9.496354697004843,-5.202698846853649,-7.282872827237324,126.69870966759217,87.41230285887461,-10.171537767283041
37.7412499,9.820243359535587,-5.412177374596918,-7.361448248680082,137.97495722638996,86.42205156763413,-0.25196120393777044
37.7512499,9.558920342371827,-5.156238826556834,-7.6046059115746125,145.4511092668607,86.7713215188888,6.751097060976739
37.7612499,8.905963339670212,-4.941246353455751,-7.828595406039734,148.95724399497138,88.3910544108243,10.6799256381158
37.7712499,7.961709102578002,-5.156016376582615,-7.759247847700097,149.2266253823095,91.33235397070473,12.542781846298123
37.7812499,7.0098267214844805,-5.229053387450369,-7.387906494641987,146.82250471043474,95.50214072730223,12.669829298656786
37.7912499,6.471472047211344,-5.0093396522275055,-6.821983046331964,141.76158454512762,99.46150410358251,11.732156958304722
37.8012499,6.663338618172737,-5.185270584184162,-6.353389852364765,137.19084695279017,101.50303034506292,9.825753701163539
37.8112499,7.122973222518344,-5.5768300367545445,-6.182519021973592,135.16604257013563,100.65042463782343,6.889710318864799
37.8212499,7.400160743770056,-5.714754490369643,-6.006939787351298,133.50990208783853,97.73286882670855,4.574588288920114
37.8312499,7.713218441284761,-5.618421185381945,-5.717876323458089,129.784615905779,94.96954643693545,4.222006649425048
37.8412499,7.908876704709186,-5.300568147830668,-5.511524602506059,123.4547621170467,92.86795159727372,4.237931010805513
37.8512499,7.774215123181902,-4.679605311351525,-5.2907686050247325,113.21601378485201,91.88091387603421,3.438249955171573
37.8612499,7.52612736250957,-4.172308791213742,-5.0688676983551675,100.27131654774125,92.73111505931993,1.9668411073058947
37.8712499,7.211788458244367,-4.207149450616719,-4.892185712645267,86.69766093099288,94.58628027631036,0.7902222442061875
37.8812499,6.781564587906591,-4.426771223914385,-4.83726162097594,73.22791006112035,95.91623130485188,0.44458827345489
37.8912499,6.545832215126994,-4.704139944643675,-4.890553004498189,62.176886980815055,96.5346123855959,0.6487352913485905
37.9012499,6.481187265561269,-5.197333314347515,-4.706568970799219,55.31813808838691,96.65486700664145,1.167739223657001
37.9112499,6.2996453174949325,-5.728791929865539,-4.2669660961689555,52.38814067640339,95.57375730231635,1.2088204387796027
37.9212499,6.2596403740798525,-5.984891113234556,-3.929407483378086,51.18748860599261,92.22349193103938,1.9276362380476728
37.9312499,6.5325200094115585,-6.227400852904343,-3.948342179859971,52.68451813225899,86.18928492699325,4.13946754318005
37.9412499,6.611987857595115,-6.3152388300967655,-4.131632663646395,54.478302834817256,79.20696627486033,5.883071075562985
37.9512499,6.471435774806319,-5.825784633877489,-4.168038785902201,52.400953139305564,72.27667141864879,6.299205574760204
37.9612499,6.54809966539088,-5.648826763227554,-4.053230939791761,49.13049295804981,66.26275966079591,6.0495812991342675
37.9712499,6.745360731322728,-5.887962454261173,-3.9105726796714024,44.7249658796711,61.35257954723375,6.358414745313759
37.9812499,6.738752285882532,-5.74330055248864,-3.841196363278923,36.807249129256434,57.30068848920814,7.0775256408412295
37.9912499,6.749008158512881,-5.521404013833316,-3.8200192455235187,27.377479484761874,53.86365478050721,6.83860185310808
38.0012499,7.119602304679001,-5.617091792407453,-3.6747537222419004,18.89177697230964,52.23518884899766,5.833076025468417
38.0112499,7.29644555550589,-5.591724353347618,-3.4274520463529643,10.685200944984933,50.511215727896904,4.379419799198281
38.0212499,7.455667236290693,-5.743838158523089,-3.3058666475785565,4.846464719711812,48.26639346019748,2.386861965222399
38.0312499,7.664602908754277,-6.205412907095219,-3.343246880411033,2.1418903118672064,46.21256734254271,0.7705485679686807
38.0412499,7.581674636127147,-6.435616414484296,-3.39971455551275,0.3414757547508123,43.80553585888178,0.0035106461925432297
38.0512499,7.480443574581784,-6.460557753874616,-3.394053562256597,-0.6170749777722493,41.71643722118314,-0.9138557418215865
38.0612499,7.549638277763166,-6.537028234459749,-3.255105718141194,-1.1126402545175984,40.497901120516424,-2.108505224532738
38.0712499,7.616891100636564,-6.6122926854589315,-3.0746715657156307,-2.763001984641148,39.927072956567294,-1.977732959752574
38.0812499,7.538128404494075,-6.553402128956568,-3.0686072446633115,-5.435497978024993,40.02121777880733,-1.5544609323099408
38.0912499,7.366779977332651,-6.4609500075966535,-2.98928923910798,-8.236185419183766,40.061513809759845,-2.0473456284609086
38.1012499,7.285556557869807,-6.343233167149329,-2.807824362646173,-11.02274115269121,39.82741613527791,-3.379062870826976
38.1112499,7.291601061684276,-6.378903587193081,-2.711001869854299,-11.961109600517743,39.27945986732094,-5.1546883336327785
38.1212499,7.264131837250363,-6.5937821934160485,-2.559499784858652,-10.089826481939978,38.00458770146051,-6.3453424437005195
38.1312499,7.220756634392176,-6.844398633783179,-2.322227764522054,-5.143942347426317,35.17463550218085,-6.523857373172285
38.1412499,7.134291067949356,-7.034003901961694,-2.0925665275369916,2.2082274824478385,30.97575615076997,-5.882600287125303
38.1512499,7.0054909006492725,-6.926169114135146,-2.0280332167184905,8.28155122183423,26.8817119935837,-5.636283375792126
38.1612499,6.971879790188205,-6.7091056580109205,-2.063418724940535,13.360811554339545,22.793666785337297,-5.962436410571805
38.1712499,6.998112259566003,-6.671786351308069,-2.089359685837258,17.369959282145828,18.46426412537159,-6.13558346291861
38.1812499,6.956157763659733,-6.54710449651304,-2.1274295334252624,17.96659814229428,14.508360049535746,-6.360553716573781
38.1912499,6.964835123287999,-6.251859949614518,-2.1419908983949507,15.86145282648219,11.1137253303208,-7.41250546241875
38.2012499,7.060811123679715,-6.067533480372423,-2.1612843957280727,12.556393894348602,7.881716857620871,-9.275857275677957
38.2112499,7.115552553929765,-6.015811227940822,-2.188456514464258,8.081074505813804,5.064335200910575,-11.047308568547425
38.2212499,7.084279931635979,-5.98870921997298,-2.20691104344024,3.380360789558768,2.5389859075893844,-11.983328892026641
38.2312499,7.026861877860217,-5.938750502817877,-2.257619559084781,-1.1755508535144388,0.13477361820802639,-12.16261532249693
38.2412499,7.013777715358388,-5.863651093204605,-2.3326109267125887,-5.603680771160413,-2.321987349376648,-11.801250791169446
38.2512499,7.014838740786027,-5.860092333023148,-2.3792369476854685,-9.252211928894033,-4.751772982511212,-10.57499412572444
38.2612499,6.980636267975364,-5.892190749876186,-2.404845152627657,-12.074632905824467,-6.937891124389899,-8.850595372400809
38.2712499,6.996306919617019,-5.955215446659464,-2.401718638601941,-13.198644875599136,-9.14153904871261,-7.441340463316071
38.2812499,7.057477118414071,-6.029996951507749,-2.419957798488462,-12.346364837739756,-11.552719476649084,-5.996608917161089
38.2912499,7.096159083212391,-6.122672647513018,-2.4636801537181983,-9.613534650476543,-14.05592255871805,-4.875639088529091
38.3012499,7.1165987063288085,-6.24247832146094,-2.4735811407834696,-5.70094611567899,-16.526433160734218,-4.379508664314601
38.3112499,7.150366469543062,-6.221232875208668,-2.462399090331069,-1.9254400655883015,-18.808138464415237,-4.2596253333825915
38.3212499,7.263448482126705,-6.193182633407863,-2.4193636797675926,2.5915075707028024,-20.855762069135324,-4.566379209841454
38.3312499,7.358873036591318,-6.357599592582711,-2.342135555376359,8.288132293040844,-22.93977268376229,-4.959083913996616
38.3412499,7.376007345860382,-6.448900289944555,-2.272609507461142,14.432873376333541,-25.312192047121517,-5.118559665587009
38.3512499,7.407196277331495,-6.347196800705432,-2.2173499547215085,20.879853707256917,-27.879020273524464,-5.311806729163593
38.3612499,7.477614856796336,-6.245312236571448,-2.137202447684349,26.54553822881427,-30.19331741861414,-5.572078495208292
38.3712499,7.545774610907356,-6.151658292856232,-2.0743406675980345,31.77135969860855,-32.413778307974745,-5.571434028835919
38.3812499,7.604399083258936,-5.996671345256984,-2.0674740813257375,36.34890278141139,-34.65561055942516,-5.226441352958283
38.3912499,7.697293137486839,-5.873434713078235,-2.04439845481823,39.67445824953755,-36.6624814328407,-4.766090311477228
38.4012499,7.80354193664232,-5.757346195309957,-1.9643745329561588,40.89985176779313,-37.98292008043371,-3.5614770523368144
38.4112499,7.863525387134159,-5.684561286394299,-1.877561833345668,40.30165419612153,-38.64891835434147,-1.7256927841026959
38.4212499,7.874124930538264,-5.559698493598699,-1.833001061633546,38.41579729251894,-39.009994928622575,-0.6221506367710494
38.4312499,7.910093420488702,-5.246026594206586,-1.8413900173225513,35.555127758490066,-39.587665356559995,-0.9305904834905278
38.4412499,8.106912781731678,-5.111192913422619,-1.906228263535402,33.23975016222631,-40.52063253774898,-1.6126937569516246
38.4512499,8.424113626391074,-5.301334635399945,-1.9423742988315056,31.95335274180852,-42.04973934002501,-1.5736359236107063
38.4612499,8.577791367438705,-5.3033468353584485,-1.9554158882667274,30.244076529425612,-44.02602282376397,-1.0310096187329294
38.4712499,8.682505758416148,-4.9236155663233445,-2.0745315335701,27.189101826045132,-46.14307449757594,-0.9331687161147946
38.4812499,9.029144699591267,-4.517035570437492,-2.172421991956288,22.76407992555766,-48.313267626216785,-1.534902030957534
38.4912499,9.58561973956942,-4.143536650859749,-2.161894602875375,16.732842274104904,-50.394559358300036,-1.9587876124353798
38.5012499,10.243642337571925,-3.7368720155026596,-2.2665062085102554,8.63013249547672,-53.51780876488691,-1.9410050650167296
38.5112499,11.401728498521841,-3.4751020435022473,-2.434649841445521,-0.12320219263845326,-58.505058057821515,-2.4670957145405685
38.5212499,13.294517864080069,-3.3377094905978155,-2.390609456854408,-8.669502058282065,-64.56386711057687,-3.8456921670239237
38.5312499,15.786174397089916,-2.832018226223084,-2.2832048422960636,-20.15724135978229,-72.26670990191782,-6.612067997334029
38.5412499,18.98012470340987,-1.7447496285828328,-2.2994751085464977,-36.80636542048748,-82.54437613506364,-12.883119414511851
38.5512499,23.73749992995459,0.13556111084106473,-1.868380896641595,-63.409198387345015,-97.12805484490069,-27.24384207495972
38.5612499,30.070485150346567,2.285361675364933,-0.4634494340810757,-99.06794520407342,-114.37921541927211,-48.8589623280706
38.5712499,35.76468641874707,2.7366366313721384,1.1954798832433708,-131.89473608900155,-125.14693391749155,-64.6491815173843
38.5812499,38.358554769103826,1.5848075408525844,2.729585203393484,-164.16641586637076,-126.46466789735209,-66.21333473747143
38.5912499,35.63753090399888,1.1079675987636721,3.658525865980192,-201.80112249039516,-122.31149949299316,-53.31649660315055
38.6012499,30.213012725659098,1.9803510512700027,2.8833521836571387,-245.4667561592217,-122.86396199431383,-31.718325721463128
38.6112499,25.791468658328544,3.0340816980294334,0.8695008576293413,-292.84507341543144,-135.57638504847495,-1.816729241830352
38.6212499,21.960788695720023,3.09513420055152,-0.8103435306257811,-340.910547426166,-155.33184023956034,39.544712435745815
38.6312499,16.01816554049257,2.5963356292394284,-2.1624409483724825,-392.7901729368187,-179.27429497062974,90.22187495630806
38.6412499,6.124981823564997,1.4344024090355039,-4.50753027691474,-450.03213475072175,-217.5973673702754,148.42407876211976
38.6512499,-6.005871337881065,-0.5922954627849847,-8.110503739937533,-491.95659520160586,-275.67888520792366,209.25060921192681
38.6612499,-17.026508350516025,-2.740464166242776,-10.680324761717394,-503.0429636399625,-342.37679017989234,259.6700825001017
38.6712499,-29.54300303555593,-5.770566794870423,-9.224439024996352,-491.5752193830192,-415.5449914276074,293.3960659158798
38.6812499,-48.55868210771652,-9.646040404441697,-7.9570560420483565,-437.94397989654163,-484.39564030708215,318.5415632066013
38.6912499,-66.3544810996461,-10.289442663102612,-14.937821917141932,-353.1598365989961,-496.99403277429604,328.1964479273529
38.7012499,-67.27593929492677,-6.268759289663626,-22.07812398300594,-285.23707179022483,-419.079009806013,298.92109332791074
38.7112499,-42.21188897770303,-2.0296470012855865,-17.478704240381266,-257.6465857715559,-263.0936865887953,226.82205307257288
38.7212499,-11.450916066424835,1.070637334173413,-6.852386323458839,-263.5614721753174,-79.38807328237458,112.45890466367385
38.7312499,-4.938482573409612,1.5055016710632236,-0.6918098069871407,-253.97259941234273,61.34938580226205,-22.98068961508
38.7412499,-10.788494345904105,-4.286535051110074,-2.2397262884720304,-175.15475620271508,151.81083741821985,-129.22534972017095
38.7512499,-13.506794956122318,-12.750497134454324,-6.989530817428444,-31.754934115985762,196.66970419861482,-183.11892765405085
38.7612499,-16.053086847321943,-16.12114345707911,-9.47647756144342,156.17113324732142,208.75709207686762,-195.61174737195654
38.7712499,-19.491735066995087,-11.031814217294368,-9.84620087584668,316.78463848160203,205.52617612227272,-185.27066440866574
38.7812499,-19.25658228723448,-2.4774813644614113,-9.495316248659831,376.8818932846293,196.94224680723775,-179.80803763853802
38.7912499,-15.967595315217647,2.8497820795994793,-9.797235126819576,381.589710296972,188.39253041520237,-185.20955155179155
38.8012499,-12.58687245158601,3.214596893017932,-10.54720751784752,362.6325839327269,180.01865704678926,-180.79411228803755
38.8112499,-10.261375389924288,2.7049265940062317,-10.95327870708973,325.12751239586385,172.3004216707738,-163.0944358422425
38.8212499,-7.989283225652159,3.8847018382011,-11.010917009900528,276.9168573063276,165.69358928785948,-145.0478149441353
38.8312499,-5.1562181120479025,4.126394905070644,-10.68626411939423,232.62916780068664,156.02252636218336,-130.48034239894773
38.8412499,-2.3037889259548727,2.2154205240279135,-10.077741762026472,200.8064432172289,144.3274936200568,-116.53906754602573
38.8512499,0.47429239332774625,0.30205584155823745,-9.152242046391185,178.47438582375852,135.61708268836864,-100.83348618084942
38.8612499,2.8997833602444456,-0.8518835821393141,-8.320692173428133,164.54662978187665,128.24698274612552,-84.84369891370389
38.8712499,5.463319247030024,-1.7289934553419408,-7.6108472809351815,158.6898027267031,121.515979917681,-70.76696626675555
38.8812499,8.263093472097806,-2.789421141370532,-6.8457253373205855,159.7925295943908,116.47992494937643,-59.5816144051874
38.8912499,10.605707833923397,-4.200249226804204,-6.044139798384011,166.86029093459942,113.53687085821565,-50.696425104674674
38.9012499,12.002925096730623,-5.5393608535289225,-5.328570226416744,177.63534267323362,111.87319163890787,-41.54787908533946
38.9112499,12.19102674311593,-6.3502651205470135,-4.770403225167245,187.48364963022044,111.29507435687144,-32.690586430703846
38.9212499,11.632172181954942,-6.671802378195996,-4.396751632380928,194.10288289184436,111.96212951224867,-24.537723424904822
38.9312499,11.106601470206362,-6.239500581997621,-4.4130404320918535,194.30332081602927,113.41443249403868,-17.577810573514345
38.9412499,10.736194717859192,-5.393000439373849,-4.782455167804896,189.87030478677852,113.99966352666395,-15.616415312103765
38.9512499,10.572616696168462,-4.778008712556762,-5.299113812872658,183.3935198009325,112.45426167764482,-18.446133930696462
38.9612499,10.647561732593699,-4.776948464017234,-5.653240636932364,176.5249257646622,110.25892142459834,-22.21814633479673
38.9712499,10.725450759026256,-5.158103673571138,-5.445954285445889,169.1864419715854,109.67679141989504,-24.73896191080848
38.9812499,10.993723506994925,-5.180819899994737,-4.7958330516700585,159.82962592640044,110.61087926733875,-25.824004697755473
38.9912499,11.853600233095134,-5.179333233447448,-3.9513182211662246,152.1352818979118,112.81284173692539,-27.079164278435748
39.0012499,12.69547298614211,-5.4666021590357206,-3.01511375457728,146.8833607470098,115.61979686737406,-30.23806757950556
39.0112499,12.840681710603308,-5.646872767963636,-2.2675320838614703,141.8340889138545,118.00320970465475,-34.80905375436551
39.0212499,12.286153213883543,-5.456816126209319,-1.9478275083122383,135.7189663003791,119.47362903512834,-39.74898016905945
39.0312499,11.381312903223767,-5.039925332962277,-2.1226048567008,128.73372870289955,119.31551533257444,-45.11250917924826
39.0412499,10.637675384182804,-4.547305857660334,-2.573201724027092,120.84469015957376,115.82841721552171,-51.39956852131234
39.0512499,10.493670799981489,-4.190233317101236,-2.943463544235262,112.78339651527281,109.81773201471829,-58.06279194938969
39.0612499,10.619104309585852,-3.7847101281170348,-2.942729300381191,101.86599611493462,104.10157943708212,-64.26426328238176
39.0712499,10.515252038439286,-3.006025099520498,-2.5120494516256855,84.14526389416578,100.34113605077903,-70.14942029934298
39.0812499,10.616144261069666,-3.5490200385188975,-1.9095223304493831,73.3285422232622,99.67566943609306,-73.75571356320263
39.0912499,10.521442247392418,-5.017089801664496,-1.5733348503565445,70.85270466289995,97.85188433133878,-74.10236075209339
39.1012499,9.71513558491684,-5.122089619803053,-1.4155831554670746,64.53112912726533,91.49379417287304,-73.97319631272526
39.1112499,9.20977067996662,-5.457847946267333,-1.1795398738740317,65.95095449430704,84.35865251458014,-74.87225284615694
39.1212499,9.073231257697424,-6.083803080851188,-1.1465583368757644,76.18872624236194,76.87088078067178,-76.57104591203016
39.1312499,8.907655817229688,-6.106655933901352,-1.483147238494266,87.76147948039298,67.6657902877572,-78.00019087436222
39.1412499,9.115219109268837,-6.138022856303213,-1.8979160965342543,100.01312368248234,59.12096163028414,-78.14928102295674
39.1512499,9.420108554161166,-6.179138814622203,-1.893692619399033,110.34600059551762,50.78342999381075,-76.63674459382702
39.1612499,9.436710996928795,-6.094031531516207,-1.5262076328019056,115.64751577047521,41.90048752374937,-73.45253692896205
39.1712499,9.788752232008441,-5.854682481009066,-1.3033536380907866,115.60375580865781,37.532773602552574,-69.70886516587574
39.1812499,9.661352512419136,-4.701422469241354,-1.1235803248421619,103.7984609519235,34.00711424875425,-69.01046308747702
39.1912499,9.330075298365363,-3.525241318734319,-1.0010980069791249,86.06788213312832,30.197957435587686,-72.55667247185416
39.2012499,9.45453292210757,-3.167552602320561,-1.1599735134629736,69.94428342076918,28.779739546137804,-76.73059856204591
39.2112499,9.157957557919215,-2.784380121956692,-1.3623522767606402,51.775967836083865,26.543990289341046,-78.94455242402671
39.2212499,8.736616379698255,-2.5776085025184194,-1.5043371666514325,35.25393397097036,24.2278993797504,-79.25945102112783
39.2312499,8.326157736996825,-2.519122617247743,-1.565561225253636,20.696237261901896,21.974327643250724,-77.50683032766386
39.2412499,8.038935598646544,-2.590295569545829,-1.5034609164827444,7.057419125399589,19.418849442450338,-73.30827323954688
39.2512499,8.04101566694628,-2.8493048398708045,-1.3992641637340562,-5.301231440431369,17.779463463218324,-66.70239433781374
39.2612499,8.002651740740557,-2.839081041983547,-1.2294482660311996,-16.94736405064038,17.101825042505983,-59.14750151699557
39.2712499,7.798155245267634,-2.7193310789230956,-0.9674160659644644,-25.927634906460842,16.82005082909001,-52.773132072806625
39.2812499,7.541228196778739,-2.914664610538226,-0.7635934705895211,-30.900706974760418,16.64535653712225,-47.17512537859661
39.2912499,7.283821463037908,-3.207745669600747,-0.7423808720714005,-31.739658494368864,16.07469499666794,-41.5434211528078
39.3012499,7.012186125442713,-3.4952402586668825,-0.7968117110000968,-27.445055384303767,14.66313973711672,-35.32006846224091
39.3112499,6.701443134261271,-3.9039354774612645,-0.7245571711210876,-18.735339333741422,12.045856423285988,-27.53785575567139
39.3212499,6.451195675906427,-4.165168362244495,-0.5785461791011389,-8.914244141211912,8.509249345784761,-18.057847428669476
39.3312499,6.339396976869877,-4.099041725939825,-0.5507422768390573,0.215714138634061,4.37372339793757,-7.931749075249959
39.3412499,6.349315476379778,-3.8687185802731086,-0.6703135394408484,7.09725596332996,0.24037657192179623,1.7558001787519728
39.3512499,6.499858594613512,-3.532908843102032,-0.8034626041420093,10.383735664579612,-3.328420864194866,10.240103126716031
39.3612499,6.706026859730724,-3.1658916458403943,-0.8528269077299162,9.434457715915304,-6.593973107502118,17.267112160277783
39.3712499,6.965947064535591,-3.010840810138442,-0.8249937212855144,4.633908468777119,-8.84946538919722,23.192949376360865
39.3812499,7.279784245812262,-2.903478674232843,-0.8285868038255348,-3.489662447093314,-9.715802372828872,27.45431504119513
39.3912499,7.638027888574737,-2.8107092063160817,-0.8674701509511366,-14.981266718481764,-9.966210446509749,30.722288257829078
39.4012499,8.022966451849493,-2.9836653848810153,-0.8472864897273416,-26.61127087756243,-9.71249147236515,33.48569622114635
39.4112499,8.274480267756436,-3.2096439788044586,-0.7705069588530532,-35.45984174051338,-9.004609653492503,35.49490029286154
39.4212499,8.38974845120828,-3.5248564478152966,-0.6423224587288421,-42.20216567505593,-8.4947122920599,37.56428160082117
39.4312499,8.447309507333147,-4.00721696710256,-0.5191266721988481,-46.790552023929884,-8.30083063809506,39.93681233292729
39.4412499,8.430468013895192,-4.490409445920552,-0.47895390452004,-48.68594359566659,-8.743217832329723,42.57056623285533
39.4512499,8.236830857549773,-4.865102469319073,-0.5046206090543941,-48.10451722328389,-10.806498034180429,45.331003749673506
39.4612499,8.026415703533573,-5.1206110081499725,-0.5422677554886259,-45.509908394035904,-14.3403051912246,47.94875065204899
39.4712499,7.8726136447659725,-5.275432855373358,-0.5574556804996678,-41.13069349605173,-18.842994036368005,50.49318900854034
39.4812499,7.643661386995809,-5.239401673730827,-0.6201638754520722,-36.222903779645236,-24.15298948444249,53.1397823053021
39.4912499,7.486184479535739,-5.098320588985488,-0.7596133052201488,-32.23015534518277,-29.8844348172171,56.350742265487554
39.5012499,7.468840257125357,-4.9119915438239765,-0.9469413075231056,-29.820205498526573,-35.78772110244255,60.706512090946624
39.5112499,7.6090163309082,-4.782460483738106,-1.1267337513617555,-29.49120252991696,-41.59469161038437,66.894661091045
39.5212499,7.829081207458513,-4.834174049646048,-1.2596629885926092,-30.603923118253167,-47.09158684279346,74.873647050704
39.5312499,7.8345008435937915,-4.8380764578059265,-1.446791123547936,-32.36742024201664,-52.37282578007374,83.1979054099822
39.5412499,7.71203736927977,-4.780250433703662,-1.635945077688755,-33.81608176028381,-57.877098863354576,90.1104652741149
39.5512499,7.7630385944968605,-4.691475217419959,-1.7602962862110751,-34.567314282054184,-63.911795607303546,94.40418320585387
39.5612499,8.061991112772121,-4.477402308632491,-1.9455484632741509,-33.847673339011045,-70.68697595686429,95.96215728607119
39.5712499,8.721706760628848,-4.227310918379058,-2.109458287782997,-32.294848937525344,-77.70887904592938,95.45843532043821
39.5812499,9.671386388293591,-3.731338880574176,-2.2109903539709426,-33.30470033597957,-83.96150785544606,94.43783504501656
39.5912499,10.505025480426255,-2.836174382748256,-2.4456027966760825,-40.31087425833647,-90.05887177947042,93.05985043990411
39.6012499,11.55059119931035,-1.9858241818964542,-2.6243325614558,-54.789963713731154,-95.9443958580448,89.66452676965852
39.6112499,13.123442950726606,-1.4831951677056048,-2.555363450249977,-72.93455409320752,-100.09031120212795,85.77977714090318
39.6212499,14.781135979023727,-1.0800738352931367,-2.4351168399733356,-91.40314703737884,-102.59949637111981,83.13218969093461
39.6312499,16.35552914309895,-0.4225908571876748,-2.289991627181608,-113.01324403408353,-105.12067793744477,79.75848102083562
39.6412499,17.946343401185494,0.34262547568496365,-1.908994540591262,-137.5667306394316,-108.27669555425153,74.04420931733267
39.6512499,19.78644113490157,0.8878898040543214,-1.3160306809050157,-161.66317089510454,-112.23607832839946,65.90669282431203
39.6612499,21.737971136415883,1.1948133704382395,-0.6534154202826871,-183.8083367941374,-116.55012603952184,56.63859095455925
39.6712499,23.17200100702014,1.3903910278004954,0.2320441348899496,-202.52238308595125,-122.50738415858729,46.05037983168904
39.6812499,24.298055457668408,1.2128420982143624,1.348180308530792,-212.3674614121337,-131.04906229564972,33.712715611501004
39.6912499,25.779196206575968,0.5246271106130443,2.4600500786818786,-210.56633737317733,-141.69874153783988,22.069767335364837
39.7012499,27.814521922702134,-0.38101763074297307,3.593855767014223,-200.15229156562913,-152.86661047127453,15.642416951888379
39.7112499,29.50320726698546,-1.6579557426239728,4.683685283112074,-183.06182683332528,-164.01085317505607,18.76420649189792
39.7212499,29.084140715182805,-3.1738130154056456,5.715206120636514,-162.75630083185877,-176.5693638862242,34.827334550763744
39.7312499,25.449427972107664,-3.8739428539603855,6.389024290840311,-146.0126892035624,-190.08656926127037,65.73571225339867
39.7412499,19.9440926026397,-2.5130484346689363,6.165765790040402,-140.9685039153872,-206.27249071401744,108.08197909992494
39.7512499,14.876714834769476,-0.37414540719779976,4.2405215283559095,-154.07081825873317,-225.33446080162668,159.44759549944644
39.7612499,8.206193479187421,0.8508775561264443,-0.11807842979715637,-187.35640249725324,-243.5507773888926,218.10079475229583
39.7712499,-2.346497901641204,1.4433690687628744,-6.589484211072835,-245.09291661605212,-263.90230120022073,282.3542732192012
39.7812499,-13.535318052211922,0.7792975929833791,-12.832865557912879,-313.2308207788728,-287.87934759229086,347.385675046621
39.7912499,-23.227456555710493,0.5686142638124566,-14.36997935075721,-383.8507240280415,-309.9696941025901,397.942101365448
39.8012499,-35.01386239041994,4.265463948535668,-11.930579531982492,-465.2727764106628,-330.58342469104923,415.4889535936654
39.8112499,-49.36224952574919,4.835771529562992,-13.626807473526227,-502.19290076926495,-319.75038662923964,372.4610960024066
39.8212499,-55.50002367366986,-2.0023272170886566,-18.119111091327717,-500.82819813323414,-253.60016483515415,276.4218180506257
39.8312499,-43.328445374921195,-8.822529235768117,-16.67542617336365,-497.47771514950574,-156.9183759305083,176.61367562721034
39.8412499,-23.40910301227908,-14.214632853100685,-9.288163942677146,-427.08955626988933,-57.37487920686502,81.55188236240929
39.8512499,-12.873222423453768,-17.345411656090004,-3.0707153818135495,-280.15472108230307,17.61529109030891,-12.402139822840505
39.8612499,-10.535111126137297,-15.761353447468485,-1.6438909496924303,-108.9621035316578,78.3861904320409,-102.08753847879511
39.8712499,-12.742298386907386,-12.670424291772356,-3.2901780975268013,56.270763115123856,128.07131362235225,-174.09596550255202
39.8812499,-16.810657679848454,-11.309898051309276,-5.7407994361005965,198.67377492814046,155.69472656185022,-213.46858537321486
39.8912499,-18.196180978302348,-9.3055568123743,-8.158115368621951,302.9846475869093,171.33363400125188,-223.08315129916778
39.9012499,-18.588475995957925,-5.0658356666611795,-10.717783964981328,357.92973020547527,175.7321580742047,-218.04027078869814
39.9112499,-18.32262739709428,-0.42533362594366403,-12.941889339853182,371.27663686566234,170.5083462236039,-209.10480362352374
39.9212499,-16.181739430939203,3.1165072161832907,-13.96534870036693,355.11765062611966,161.92185432243053,-200.41253358477942
39.9312499,-13.233415714155125,4.814476920976385,-13.397966792159654,319.51029981097804,150.88357929042317,-191.00112360780756
39.9412499,-10.453463987990014,4.798391912549181,-11.884956426304326,273.763273992941,140.28987485909502,-176.07786301770253
39.9512499,-7.858548848701711,4.414368815493638,-10.784453333221792,225.12928694634334,131.09085008790433,-157.5743822984209
39.9612499,-4.736486811478233,4.290320003250942,-10.103361217855603,178.14389071028666,122.50306132805643,-141.12888582260175
39.9712499,-0.8939648519554576,3.8757437967756867,-9.551525786620413,135.8968141162668,117.81095202611598,-128.30723378648642
39.9812499,2.506777499745918,2.2721527141922597,-9.264925832853015,107.12756007572212,113.75407394068226,-115.22214733273282
39.9912499,5.524441219514273,0.46823258654826877,-9.243960579127377,87.55734614469415,109.21339426320536,-98.57468862869247
40.0012499,8.843829057863777,-0.6875398440741333,-9.082419981261184,71.6706198713946,107.78670442660814,-78.64000812975283
40.0112499,11.666590562197094,-2.275878524255007,-8.451894520169759,65.1137062960103,109.25944116950767,-56.301046728263806
40.0212499,13.535464262374457,-3.980994073057548,-7.9586676888068455,63.04194206928171,111.68827676421677,-30.500765228609165
40.0312499,14.358400344708416,-4.915298871412414,-8.007834604275173,64.17387799354579,114.68394557343298,-10.11536949182482
40.0412499,14.217136978821843,-5.720771538545774,-8.035070515089174,72.60824373461662,121.65979185144955,0.6960012538088098
40.0512499,13.207662367720076,-6.345335976696914,-7.898081500148476,84.86214582273736,131.4134847144675,6.373146066442159
40.0612499,12.17634162016032,-6.969687797736696,-7.794250203449119,100.65880322967067,140.66724155950038,7.422354825699073
40.0712499,11.391600705321734,-7.665612454461716,-7.7600433959062105,119.1074037199038,148.23337022323975,5.105789042122523
40.0812499,10.610265089894673,-7.876834745121311,-7.748169776559544,136.76530780396766,152.82086843264986,0.5695527455029024
40.0912499,10.333191147345289,-7.794952025928874,-7.627344456930299,153.65561783630542,155.2030161529289,-5.7924798889254525
40.1012499,10.446982791935696,-7.5114991752764775,-7.2382480682525046,168.58331498459057,156.16456757603135,-13.805129351054271
40.1112499,10.487649525753405,-7.238630018102223,-6.687332420293415,180.50895494491948,156.0221940665022,-23.370930143480066
40.1212499,10.38412874963626,-6.9973737597838515,-6.217759713241995,187.90975934890338,155.64234433970773,-32.93426687810584
40.1312499,10.288684179957203,-6.136759012260182,-5.738389041157885,187.09454581399018,155.8760491169485,-42.07852198433603
40.1412499,10.062565683176649,-5.5897072757426205,-5.206296658316223,182.86497338848463,155.64456650228092,-50.542697917365665
40.1512499,9.421884671881417,-5.745244192612856,-4.924399876749731,177.37016060020156,153.57855448987902,-56.183255249203434
40.1612499,8.612955001836227,-5.2955035645540764,-4.764336452451712,166.17420906018512,149.68882166924854,-60.31224630175788
40.1712499,8.387729589563698,-5.257792337020899,-4.466975947581147,158.52854781985056,145.49458738621735,-64.32768230884301
40.1812499,8.581600995674197,-6.0603386068570995,-4.372946083901153,158.48712377854895,140.4118197422129,-67.26463105237258
40.1912499,8.312278048252756,-6.118898957591751,-4.355645862550342,158.38522524847443,133.67350408357757,-69.14299602919553
40.2012499,7.6422334574051956,-5.872547687972649,-3.8872670917557643,158.7566028595808,125.3326347171696,-71.10978434752458
40.2112499,7.174532948181387,-5.586691757957336,-3.2151062692924475,160.52250787224088,115.08406313275668,-74.31831592348948
40.2212499,7.110043696551687,-5.156566063757588,-2.7836110145571604,162.9869782953659,103.25102809419418,-78.54175240965738
40.2312499,7.178618396081143,-4.951372791201918,-2.5069417102338756,164.46886067266422,89.16098419864724,-82.03813981046399
40.2412499,7.107461504050353,-4.864211247943351,-2.3766285315137208,163.3349111075973,75.85409134125779,-83.19801208934963
40.2512499,6.836417858930097,-4.360865693508403,-2.3556038580570036,156.57538553586411,63.844474648574725,-82.68637167334852
40.2612499,6.853872015338975,-3.805253531207278,-2.1679426526234553,145.52793932888088,53.274226254668186,-81.83323182029523
40.2712499,7.0334627578515985,-3.1548041024629736,-1.8259385831935204,128.21973698788014,43.71634634847561,-81.21567713674825
40.2812499,7.145176301681108,-2.5293630829335014,-1.4599602998968593,107.2534760799134,35.45186360468258,-80.72144578034032
40.2912499,7.625139808649804,-2.5898431709022036,-1.2159341806928952,86.50678901051414,30.377967136365687,-79.02389416774298
40.3012499,7.868930432720693,-2.831023827447061,-0.9569055642176205,64.20069783980875,25.861796463296727,-74.56222960137026
40.3112499,7.781027325082718,-2.8978976594594377,-0.6815845434956116,40.934519757882,22.019978315255987,-67.45549790952842
40.3212499,7.581766085084256,-2.716124268062836,-0.53816691025224,18.69672226065509,19.15242298288976,-60.24219421084656
40.3312499,7.405204186716773,-2.5330998883851596,-0.49692690373545534,-0.4533884970252479,16.73249180494603,-54.49951587633901
40.3412499,7.287079929738052,-2.464911706715881,-0.554442294764628,-15.391803191153086,14.219536914487607,-50.07851535556656
40.3512499,7.138780562087417,-2.519718417091693,-0.6129693502144029,-25.928210095072817,11.17131706386006,-46.53960058422191
40.3612499,7.1298133904391285,-2.6854804958518477,-0.5507154267158126,-32.4628354176983,8.771098629845602,-44.07618475304276
40.3712499,7.277303710992396,-3.0463093014515534,-0.394541812607619,-35.28451855228075,7.589717085075267,-41.63835029053432
40.3812499,7.461364156234238,-3.5208347890988514,-0.2622820014238806,-35.57800176988797,7.028124597818106,-37.727013869998515
40.3912499,7.679606014018617,-3.9105384412383315,-0.14912008259493975,-34.08436742980254,6.922842756586305,-32.65068624246163
40.4012499,7.848662183854345,-4.241507810380487,0.022208580000319098,-30.073278935280197,6.774192614074511,-27.269840114104632
40.4112499,7.989011908311131,-4.450915165533228,0.17746355720055268,-23.632357823986275,6.8371124167387975,-22.595849998538
40.4212499,8.072209862649924,-4.6400374022114175,0.23827796983051872,-14.38213750437409,7.2044964605860145,-18.107094500383486
40.4312499,7.969938018921005,-4.771890356322933,0.09806224226815685,-4.336029102115623,7.23115641446642,-13.285835253357106
40.4412499,7.935497312634794,-4.554250506396446,-0.25237875424508005,4.718357184675641,6.661991504145611,-8.093685294798966
40.4512499,8.037914576111355,-4.174363056151187,-0.4909106254958288,10.770845139893028,5.756829960036773,-4.198699325938996
40.4612499,8.052818239795531,-3.9276453850401953,-0.5347104864286619,12.829264980247016,4.953913098050647,-1.7059086004710105
40.4712499,8.102928335642037,-3.7148726509238177,-0.6230707725657311,11.820309183923957,4.294861222513901,0.840515897601097
40.4812499,8.237592582690606,-3.5269728076073883,-0.7808635956150366,8.209426708050186,3.6005767309395798,3.5071410336801576
40.4912499,8.289252613960839,-3.6093538185653102,-0.909124785449529,3.153739724680785,2.6647407169497623,6.349032914309238
40.5012499,8.259927116768457,-3.8269911207920955,-0.9741716829947022,-2.2637636458019865,1.7942302094094718,9.22805710993921
40.5112499,8.298813708155693,-3.8570208677585875,-1.0289986920227798,-8.09334612162157,0.9037642589218908,11.169208701056137
40.5212499,8.39444724949826,-3.807221592573604,-1.118690167978459,-13.192112939365131,-0.04749389350832359,12.071756938653397
40.5312499,8.468373409149452,-3.931018927237771,-1.0977717375134994,-17.13928000383578,-1.254122814631387,12.775696864589907
40.5412499,8.55162210171437,-4.168131828872944,-1.001104280130046,-20.71013748823219,-2.167665788138988,13.990906326113459
40.5512499,8.581658072847045,-4.336959592544444,-0.9496202274945444,-23.12017484211135,-2.842041488632351,15.285485967971834
40.5612499,8.55388582892443,-4.497094504542854,-0.9018287634810453,-24.64955920850992,-3.8675757914670963,16.793064075062865
40.5712499,8.543508762564423,-4.556278508587537,-0.9355075789168171,-26.664779162452025,-4.784463346594482,18.56121606334877
40.5812499,8.476336935490806,-4.46339675261186,-1.0038597997373575,-29.22950951911011,-5.899735514738691,20.097742216332787
40.5912499,8.369376540092214,-4.500620003341156,-1.0078164275994013,-31.135772481296485,-7.7880690380039574,21.41866356965398
40.6012499,8.253216519798439,-4.651939197141138,-1.0208066458396288,-31.992386413333744,-10.297474915375151,22.747541488210107
40.6112499,8.047050427848799,-4.659624185454811,-1.0786365782207188,-33.05970649054473,-13.37229511797873,23.75027895071542
40.6212499,7.909155915135115,-4.639928266996189,-1.0839711519362236,-33.68529856909251,-16.845524640005337,24.407152583746754
40.6312499,7.952928463482177,-4.527610767188243,-1.0633654976903342,-33.853850725291615,-20.180023509373566,24.976401801211004
40.6412499,8.187457845705403,-4.354406846371531,-0.9854623689087955,-33.84992639278741,-23.385264107176322,25.935021218077015
40.6512499,8.600734456953175,-4.255603203138285,-0.7389777145804308,-33.5711331232756,-26.310011137015717,27.900044827181073
40.6612499,8.910491518972902,-3.9382053086861637,-0.5039403934465829,-35.29839002227016,-28.357326001088012,30.1038404120429
40.6712499,9.156781119404904,-3.4554224297419496,-0.35710289806883216,-40.607426300383786,-29.554194020497043,31.702684517156392
40.6812499,9.45831831690367,-2.854758563023464,-0.2807016943076814,-49.721571514851256,-30.57412147473755,32.54498792456148
40.6912499,9.722224261166984,-2.293692096400085,-0.2896201295352765,-61.55497564588403,-32.02676739597619,32.32690338343813
40.7012499,9.867622594793529,-2.036463308303562,-0.300399269717098,-74.51965871588743,-34.39808841741488,31.099027947990532
40.7112499,10.016403384551165,-2.1039128894602506,-0.22038320307023745,-84.49836258602849,-37.72697888218371,29.638234421334786
40.7212499,10.333986385490682,-2.386492840336941,-0.08900685432755939,-89.97292040362356,-41.90627690237655,29.535916192173932
40.7312499,10.660287334357267,-2.6417456982017775,-0.004374753693545623,-92.16758067627327,-47.186220335748395,32.08800241546952
40.7412499,11.01467148897378,-2.5835035832902875,0.048298297616667464,-91.67995426664584,-53.68750694077603,36.27901553936197
40.7512499,11.469504033528402,-2.2805843021664023,0.063374173131411,-89.49788978830415,-61.40502213027197,41.06135124621146
40.7612499,11.865105951651522,-1.7060124451653458,-0.11648332591251605,-88.56774567014098,-70.27474310016966,46.70096672869411
40.7712499,12.230859811994998,-0.4964653180751983,-0.6293840323360883,-91.98727676234088,-81.10272514432641,51.58678040688878
40.7812499,12.793366620851607,0.9343980160368506,-1.2902051165876638,-100.46748567150979,-94.03265202373831,53.8283128422257
40.7912499,13.548237298699796,2.0391504574556527,-1.8942111390459992,-113.69662321711073,-107.99660451847258,54.950698983477196
40.8012499,14.389715202453157,3.106039658487823,-2.437379033462247,-131.30937308083242,-122.19288384532682,55.52448854719547
40.8112499,15.2270851806636,4.096630615845489,-2.590513754471974,-150.556669768586,-136.57265433463382,53.63311518337114
40.8212499,16.419024855118842,4.379002865614567,-2.2122437930863263,-167.48370901291943,-151.16201020959505,49.64357686807231
40.8312499,18.44235693926392,4.003233156683638,-1.5119505838250944,-180.6530722554886,-166.13950683755556,46.422009877389
40.8412499,21.330484252562783,3.610548406158609,-0.5915830925262409,-192.25412789451215,-180.64262513751862,45.933301352767465
40.8512499,24.65305504428974,2.9018496114407313,0.3475180353477916,-201.62283938750932,-195.95683658824248,48.94724382753397
40.8612499,26.956159791446968,1.6193484999429792,1.2387144312913894,-211.13276392322163,-215.4626040810673,62.96042946785235
40.8712499,26.20609174950293,0.8747913388902844,1.7747471306217726,-223.10697038612568,-232.8480948512237,86.62268483742112
40.8812499,23.01904681582131,1.78617591632091,1.769986626551066,-245.8689109101634,-246.4267622764304,113.13182041395339
40.8912499,19.181113467833033,3.360432920070042,0.5758226673517034,-284.89361132799127,-261.80081903730644,143.95642406949452
40.9012499,14.194720828855884,3.6066600704656646,-1.9328024049391574,-331.54992884769894,-280.7217762257031,175.3052703645758
40.9112499,6.896919063511016,2.9559877103061623,-4.56838610050602,-385.57983749184905,-305.44676794794003,202.87967407960022
40.9212499,-2.4866190586862955,1.7967820017510052,-7.302740777731552,-442.59497950824647,-341.1305184800366,226.7325895110766
40.9312499,-13.000151618282903,-1.1428825418938475,-10.038693884742314,-480.0885921484344,-384.17640132280974,244.45957774321923
40.9412499,-25.559855850631326,-5.6788440259013315,-10.725185020773301,-482.8271353768502,-423.72842638416654,256.89141948657334
40.9512499,-41.88656002791413,-8.962463255562316,-11.751581650750783,-454.0760275516777,-453.8907979037021,267.8750854868574
40.9612499,-55.37309906179379,-10.783356914839299,-17.473366262362894,-395.78983471488647,-442.3590552200615,266.9565217461278
40.9712499,-55.09922349265139,-12.71727971567482,-21.354490829674063,-321.4238265719414,-366.63238292857625,242.77700969093775
40.9812499,-35.34526914912357,-12.280623184360913,-16.657411982683016,-254.7146048961659,-238.42816882282565,186.6628139835754
40.9912499,-12.735409215134597,-8.004946066961573,-8.879905919013312,-215.6286563721392,-85.16549745962362,86.95135487175034
41.0012499,-7.25870503034106,-6.9558856139880145,-3.7619559234922924,-161.65985840394256,49.17310686272545,-36.43130022322862
41.0112499,-10.854314344416409,-11.334329496979988,-2.382639236324012,-59.03748297403832,152.24868110872532,-138.49457549369671
41.0212499,-15.119820560250531,-16.35959953250881,-5.102074156437616,82.91801505993887,210.127799513337,-193.85903385129922
41.0312499,-17.373444187951165,-17.09551518915356,-9.697703315687345,234.95893494112582,235.96806434185228,-213.667237500684
41.0412499,-18.657885079730942,-12.621190810684329,-13.645616897694447,354.98149235477894,249.16524776860757,-212.9049884269171
41.0512499,-19.99157055451391,-5.925299470476733,-15.972239934025067,417.14105712452744,246.64099954041905,-199.7602320800334
41.0612499,-18.233613874951033,0.7444709298741857,-16.66802488190905,429.57692304487216,236.37804038627462,-192.55574941811392
41.0712499,-14.906821071234456,3.7910566318483037,-15.511274175648095,407.8848391661463,221.22926828017017,-190.08302426949297
41.0812499,-12.191801023583336,3.3598557670431406,-13.66221463904573,365.8742866381665,210.03024924132924,-173.59961805029735
41.0912499,-9.110567066390404,4.36621658635573,-12.750485503904725,313.39333225016395,202.6659163110105,-151.96823974902154
41.1012499,-5.754805071252048,5.753283776791212,-12.154003406731789,260.7071228328094,191.13876560140162,-136.7996242433188
41.1112499,-2.114487545170618,5.641960860799614,-11.343284139083588,210.95435149250025,186.63143004316237,-125.57544098999958
41.1212499,0.934949716479407,4.733493750714231,-10.440951496418739,166.5504933847711,186.5973392387312,-114.33108133183099
41.1312499,2.9087686359878497,3.204183808951772,-9.844107968236429,133.64325767210474,184.3109895624676,-99.99225345412064
41.1412499,4.7655017710480525,1.819668013984768,-9.727670145511095,110.07409317844056,182.2108688030035,-82.140400046543
41.1512499,6.716488753967435,0.5903651804946625,-9.386639557961397,95.84063612795617,180.6387473580241,-63.48538954121263
41.1612499,8.801985084726947,-0.6500256741962326,-8.174323295988184,89.48906211826304,179.17752430749513,-46.27796832238535
41.1712499,10.882776980874073,-1.4925844372071226,-6.604641699773173,87.74456368547703,176.17702702567595,-32.09718640571457
41.1812499,12.55405984615645,-2.863435720622614,-5.2932168910253505,93.84032604097685,172.5073509829011,-21.35148031579652
41.1912499,13.300298988024439,-4.599016162550804,-4.4734544073628495,105.63457682662242,169.159205305598,-8.748141315035097
41.2012499,12.935679216969154,-4.925019303668181,-4.450895990085686,115.32846964532722,165.86889781010984,6.023646453604064
41.2112499,11.793326043695997,-4.198507338662898,-5.003791262229655,123.23287037826049,162.8329497386405,15.446881121020594
41.2212499,10.541327191119368,-3.67656500393293,-5.501955593658167,129.9328925356103,158.12173250798256,17.958787365129083
41.2312499,10.378180392009591,-3.919815984878478,-5.576269390463512,134.6857326648707,153.22911718853717,18.139978992599758
41.2412499,11.10066803186792,-4.636795730890458,-5.008914036308378,138.55101407413977,148.90297386553266,18.601136099630654
41.2512499,11.843374918484121,-5.02519297354462,-3.856287322931924,140.6069014331024,145.19788007064224,17.953467974791128
41.2612499,12.54547576170956,-5.00824333321717,-2.748354242659147,142.38543395988597,142.6577533886028,14.294233435896256
41.2712499,12.827800800963088,-4.981233970756464,-2.2241561672417114,144.66159156088148,139.92022024180784,6.119638875024047
41.2812499,12.113685875080032,-4.683958674578409,-2.098744794674718,141.97338683708767,136.36229669901593,-6.834529525189297
41.2912499,11.01002521509016,-4.50211928977484,-1.9636874609519448,136.2895711402843,131.99457926260078,-19.70414678073054
41.3012499,10.18809457315403,-5.03859488268709,-1.9868173974364298,132.97787601020943,126.38265073967592,-31.13325115888993
41.3112499,9.47052044688698,-5.6112366433776275,-2.0820500842303393,132.08145265084144,119.88292685635993,-41.374427806720576
41.3212499,8.798026555931905,-5.832372944719936,-1.8571807601487924,133.08656339505723,113.06787327310006,-49.58329277707776
41.3312499,8.443976682316604,-5.919572020876883,-1.3892071136609478,136.15428694747337,106.53981167591246,-55.86850929814758
41.3412499,8.218588831628242,-5.811060649153252,-0.8580976864450377,140.79657987390746,99.18447108964021,-60.96358711699721
41.3512499,8.083700821701989,-5.6489169990946975,-0.5029246395329302,146.19990442177695,91.89457455940942,-65.1844159951641
41.3612499,7.966819988025142,-5.758431785845053,-0.3397789901642156,152.22248264979837,84.63133859875981,-67.23231041815801
41.3712499,7.4013435313355185,-5.8274268216018035,-0.19700066858150422,156.2318867777072,74.80471177423235,-66.89729293585857
41.3812499,7.18031944077425,-5.536875021673309,-0.11187366684155581,155.68691796992997,67.42465759735043,-65.2283609194368
41.3912499,7.031849174082655,-4.98341665452078,-0.08764470591993109,152.1924833906808,60.93668772283762,-63.231793655374176
41.4012499,6.844422484888911,-4.431184278021512,-0.14863269580078958,146.61044359643955,53.65729715963139,-61.242205815811815
41.4112499,6.860656090618781,-3.977068815337005,-0.15476640506163225,136.87633596674772,47.212876565166475,-58.840242165204764
41.4212499,6.940233804866752,-3.530232142058271,-0.09542026418731221,123.9525384909787,41.79267972594645,-55.560080038608206
41.4312499,7.0880665039160275,-3.102981790706782,0.023430665075875542,108.5826393923138,37.249634753625614,-51.53687041660219
41.4412499,7.213159457227973,-2.8511857715965734,0.1543272318420566,91.5122914492552,33.27653252349641,-46.75888089340139
41.4512499,7.292617305156001,-2.602175705191758,0.19616879705291707,73.23612978035105,29.50225822251699,-41.76588819034843
41.4612499,7.4157516811303825,-2.432210819317553,0.22853889999548646,53.95493619108281,25.924579795961733,-36.763387878543725
41.4712499,7.625766042227214,-2.5164220208592125,0.29839988917945764,35.690473262978344,23.411715402353153,-31.73792261733459
41.4812499,7.779371265277801,-2.6213036583969003,0.31445279599906256,18.697618534030102,21.48509876363258,-26.70724867315134
41.4912499,7.887203612004881,-2.863085301083462,0.18841274045049525,2.8428115346165157,19.285958736951226,-21.1453701845055
41.5012499,7.984744646833529,-3.169794013669701,0.028845990908042823,-8.058946595454403,16.982262659576904,-15.96267722857702
41.5112499,8.040696830399463,-3.3839609922859997,-0.017297675531771407,-15.14679898190689,14.688474194419703,-11.659584838139635
41.5212499,8.170537217572722,-3.5039768129622373,-0.008268840872581642,-19.81914799897837,12.940661214134197,-8.22987263988045
41.5312499,8.440729481773378,-3.680379174793225,0.002882854582620081,-20.582760721999712,11.883984260215954,-5.915213674219371
41.5412499,8.706935437263756,-3.8969069967409946,0.045250180788063414,-19.069275575983035,11.04005390599094,-3.7004581547333535
41.5512499,8.888185546536457,-4.040065966188396,0.1683164620875997,-16.893495841420762,10.429946159629734,-0.9103985447659827
41.5612499,9.041192087313895,-4.226212737462054,0.36458056379205334,-13.565563629848723,10.202012769986432,1.9412743965395947
41.5712499,9.236086642526654,-4.342290363410532,0.5418105329207252,-9.092312584160178,10.504600602057355,4.4098257390130335
41.5812499,9.344702496414019,-4.238360057345965,0.5258447187598023,-3.9114602334292305,11.009487062955454,6.650803117402287
41.5912499,9.238832476156096,-4.051732545361176,0.32079380444731964,1.1449381280167292,10.708822481950566,9.390398724871044
41.6012499,9.090707147399442,-4.174452878093847,0.30092055600109624,4.771842259797527,9.646882444395276,13.081954571987424
41.6112499,8.985398498602386,-4.499713513494631,0.41292918246212,5.96628919204682,8.68182847089603,17.27509366435062
41.6212499,8.778735058747284,-4.604617163030022,0.4058924303034166,5.602875624799113,7.634801683326419,20.49800521814405
41.6312499,8.540842822862798,-4.5732172206963,0.3121710568168184,4.1771902561485605,5.895018030025501,22.087679677797116
41.6412499,8.41428392111599,-4.541911728704926,0.1449439336299395,1.690624362692189,3.671244813947262,22.778427140625634
41.6512499,8.32852275123931,-4.679996302654024,0.11267247420695016,-2.394138895625543,1.0554023422305865,23.059818424384645
41.6612499,8.297688930146997,-5.068067282312273,0.2993715617839759,-7.7502008037729615,-1.0218800728171347,23.20199383711856
41.6712499,8.268873641504518,-5.399466974928143,0.42943392741464365,-12.949996738285202,-2.379960813784985,22.53824595299793
41.6812499,8.188119791348274,-5.574835679979525,0.36034166738490003,-17.03317286216053,-3.766903124879053,20.964849165970893
41.6912499,8.162462886671106,-5.654772779843337,0.19802646211161076,-19.814760917445582,-5.743674532674496,18.95988665596687
41.7012499,8.158127771337131,-5.760508616202283,0.1493885187842561,-21.515865635937736,-8.15046115228158,17.048330395645287
41.7112499,8.142036545397493,-5.8784982523035545,0.19719524112191883,-21.91421777970493,-9.897325027967707,15.77322668044667
41.7212499,8.131804887653859,-5.869243852841535,0.11786552227915549,-21.309492915836973,-11.326385176662033,14.930501852310696
41.7312499,8.152750545058232,-5.707477053164318,-0.07355520542694222,-20.63461565401858,-12.842512118496826,14.613243766814612
41.7412499,8.19447084390348,-5.539567919028332,-0.1912740716140741,-19.90380887365163,-14.229920216605016,14.734188679682523
41.7512499,8.269402137505123,-5.4132989487769825,-0.22151612142519664,-19.461658250753977,-15.061883198497647,15.205922539965721
41.7612499,8.40598104147803,-5.1873680461345,-0.27353582448111324,-19.60965848712136,-14.911351674629035,15.669010730646724
41.7712499,8.600730522161477,-4.994719773511911,-0.2796216708926712,-19.6017756830074,-13.988926960433018,15.949563280906386
41.7812499,8.777317568625467,-4.919991106818616,-0.1281028981002975,-20.280542756124717,-12.37451252784783,15.919509582113308
41.7912499,8.877735556312274,-4.7840681515524155,0.0529945497248353,-22.278051092152904,-9.766683475030872,15.38523809199483
41.8012499,8.932896882562437,-4.66792656552968,0.12823542022742795,-23.951961945499985,-6.823686516195275,14.485727284978848
41.8112499,8.94037529953086,-4.682244997968387,0.09087996707389095,-24.85041500920597,-4.433955507246619,13.848231619620774
41.8212499,8.835437544694518,-4.710880003356352,-0.014242966979754045,-25.813141234386805,-2.9188274181596108,13.975788937343264
41.8312499,8.657564819866261,-4.815325559358599,-0.09606704717481704,-26.254331697406297,-2.2597056489907197,14.923758864037561
41.8412499,8.47393589016112,-4.867492606979295,-0.15882339076645854,-26.24859686048932,-2.4749439893579397,16.271892556657253
41.8512499,8.252153104213876,-4.746493646350821,-0.25494631663411055,-26.144145694924415,-3.9684450661992914,17.19136495474318
41.8612499,8.140700540947506,-4.678858341810359,-0.3624303300878491,-24.523089176592663,-6.697890588791538,17.782257454389164
41.8712499,8.118527086030522,-4.656938100243966,-0.4287430288627504,-21.36862911960386,-10.344001474056167,18.664748190066486
41.8812499,8.049864277153354,-4.659750103648639,-0.41165024204096945,-17.391785791892147,-14.750906142768892,21.019754847151564
41.8912499,7.980544066223091,-4.634203951443571,-0.3891167265701999,-13.277180783675867,-19.27611087461319,25.20643683976817
41.9012499,7.956158082876971,-4.394079159011777,-0.4563716893892222,-10.71715353240712,-24.76476141855669,32.33591551224628
41.9112499,7.932260817780933,-3.9132972355946523,-0.6249331295794366,-11.109562960806809,-32.17068879516433,41.822915108976886
41.9212499,7.873045960093385,-3.3225189182176584,-0.92764824530321,-14.158160188644718,-40.3182692689009,49.400266715513396
41.9312499,7.972152626682885,-2.750777848840768,-1.3068401316062868,-19.47380256329007,-49.617625294562124,55.365417419437996
41.9412499,8.315450639750715,-2.403927292536196,-1.5511746802233515,-26.4935963458255,-59.496130953471855,61.10196508727976
41.9512499,8.779878410089715,-2.162120014211068,-1.6452386742563527,-34.83910253365621,-69.46534484511885,66.43129827966153
41.9612499,9.493964222014576,-2.013878564889533,-1.6203721306213121,-43.557025794332,-79.701520702623,70.82057061809708
41.9712499,10.514081654295389,-1.9973463861416136,-1.4603401557978923,-52.88178880339136,-89.66568182721309,74.46490580744383
41.9812499,11.72403165385117,-2.0320254653352072,-1.166320160369897,-63.54254310596539,-98.66796708827907,78.59003611914152
41.9912499,12.905276568553738,-1.6639965125517555,-0.666309484438994,-77.14469104923718,-107.71248617515187,81.80701902382326
42.0012499,14.148621588593983,-0.7760723927856424,0.09108228216542419,-95.23051697817415,-117.6195999709422,82.3845198691018
42.0112499,15.72958223925209,0.10112462031593267,1.0222931060825986,-117.28381768789745,-128.4053803270265,80.684325771765
42.0212499,17.532532526694563,1.0954449463419302,1.7918486073840392,-143.0407953744329,-141.14542578392903,75.51210640637387
42.0312499,19.398650004147925,2.114291814488507,2.1425553408831606,-173.9448107882841,-157.3019030366685,65.84996182778913
42.0412499,21.671877867033118,2.5213344559725006,1.9075287090586204,-206.06401934788212,-175.24969796538124,52.274512557411185
42.0512499,25.10462248297817,2.411477823668535,0.8884642810043479,-235.0338728361684,-187.03675918059534,36.06106648905043
42.0612499,27.691599483091885,1.2351154661101036,0.15180129302102602,-260.23943566390693,-192.49680684205097,21.359560606452746
42.0712499,26.7513053653841,-0.6687705075949223,0.7468544703431408,-286.1690621201066,-197.29315678967217,14.613599961459673
42.0812499,23.661229282085298,-1.3274209531185892,1.352407447300656,-320.354862119528,-196.63828338114155,19.73704307792948
42.0912499,20.593114180866024,-0.8424524511732902,0.7975356714724343,-359.22908384466865,-188.7810995288547,32.68344515622578
42.1012499,17.436551713061252,-0.046863356450827565,-0.3492782174481613,-399.3239625331804,-181.74199284312982,48.32389361060322
42.1112499,12.009355223806194,-0.1800043455628327,-2.520561396922086,-443.3021765634545,-184.7419543438112,71.38002724008082
42.1212499,4.464496175251766,-2.0161349305622567,-5.486673089305443,-479.107563035745,-205.24869703230502,102.27903946354395
42.1312499,-2.7059503510902023,-4.270672888947944,-7.900227643837984,-490.06766954919743,-241.03077986623717,133.76839214722972
42.1412499,-9.518632570871542,-6.40577038292975,-9.495380058475265,-472.62244340605224,-285.969544351609,164.41744840133353
42.1512499,-16.358901502629795,-8.181775489333685,-9.237705163337045,-427.1054814116551,-333.535526046352,192.97609207380125
42.1612499,-24.899139830471874,-9.058063939367504,-7.593914303301315,-364.26590181698424,-379.43320380659105,218.98085786760512
42.1712499,-34.886996176672696,-9.40311379890554,-7.850376607125587,-288.9478737868258,-414.1916549311323,242.14628881235484
42.1812499,-41.5402602348636,-8.214374088929137,-10.971420322834591,-207.8128538370012,-415.19817288864755,256.479848960719
42.1912499,-41.27565219614966,-4.263400670882489,-13.742164485261215,-145.88487128551535,-367.63090606793077,244.23434880191877
42.2012499,-32.631185140943714,-1.2945518402486804,-13.625292142376587,-107.66082170199721,-269.5482831718728,199.8350025696568
42.2112499,-19.1384839557026,-0.40407672902760117,-10.508062437305695,-94.67154206765903,-136.27979141239555,129.36771681110133
42.2212499,-11.089001526894025,0.10855365258520307,-7.5805708707885096,-90.81130163642736,-8.572802627127068,32.640815546339695
42.2312499,-11.198214393791837,-2.4182544399951365,-8.065911636145465,-56.56495753835482,85.1552061747055,-67.85315796194126
42.2412499,-13.501629674056844,-8.55027978531915,-10.48763604503906,26.616707979900077,140.35409523556834,-133.91196688168355
42.2512499,-14.841779832021619,-12.074896355960579,-11.898818870512885,140.46614222031255,166.33101639707854,-162.1409745196109
42.2612499,-15.947629361810602,-9.319131483015124,-12.28478614972357,238.20176905906732,181.01784480066212,-171.07263276042212
42.2712499,-16.830318545031428,-4.6926807105330495,-12.26926578070591,293.5353356661879,188.49449692744793,-172.91467518639294
42.2812499,-15.262387671419308,-1.0039140263170443,-12.178323404656247,307.27177263033224,193.70326757783948,-172.5615547364841
42.2912499,-12.821824382669051,1.5068599380952545,-12.876452219465621,294.3952274175794,194.77112513527908,-171.2117215048056
42.3012499,-11.513360024243065,1.519897422653629,-13.772407337193876,274.8790842416945,187.85320858539137,-167.39062653217735
42.3112499,-9.591575586510007,-0.010866845505093667,-13.144773950218859,254.95389794209495,181.49502949872883,-155.08584091413672
42.3212499,-6.584584152179489,-1.4330136715659088,-11.972163725196134,236.66126841502427,169.75299723510088,-128.43527166683623
42.3312499,-3.3852048090053994,-1.8402880674121138,-11.513037254274153,224.17442377689147,153.13538808858718,-101.1863864001199
42.3412499,0.4602081471321926,-1.842579415478992,-10.738420143342328,214.89154545025204,141.95420906654567,-82.3236664911405
42.3512499,4.55430548527888,-2.9340471688603613,-9.402441612213682,207.32153896762267,134.9315387524231,-65.02531461343447
42.3612499,7.948874476557308,-3.746093751467211,-8.282029070766493,196.5807431789678,130.1111651297888,-46.35702369224777
42.3712499,10.418316509153664,-3.5426601404214955,-7.696231221658051,180.99891996371898,128.4980006045807,-31.121598231783125
42.3812499,11.782880704263567,-3.1137258918473467,-7.227841777112797,162.20634335128105,129.71108851169421,-22.767951888529453
42.3912499,12.062633181283104,-2.9630934537313087,-6.714618738196693,142.73078821255484,132.47487152085327,-21.14099277333763
42.4012499,11.53602143676583,-3.7555255688922373,-6.232891280552555,128.67263696263186,133.852273211315,-24.115710271740255
42.4112499,10.816994679404894,-4.972602909634305,-5.937336836356096,121.77176388125183,131.45842602997854,-29.01434305250004
42.4212499,10.463458424935395,-5.476684220714854,-5.855170459379884,117.82023809753393,125.83895085925336,-34.589075140536345
42.4312499,10.362452247324306,-5.702706187743387,-5.787854374922533,117.29710117553563,118.62396957729551,-40.78243542799527
42.4412499,9.995555128785973,-5.938874437682889,-5.525250149641566,119.45942142369,110.76785418055454,-46.344760448181326
42.4512499,9.556469581623153,-6.068553994481449,-5.151437226918062,121.22512535594988,103.65958886083907,-50.393455582353276
42.4612499,9.490172957529825,-6.284530715060419,-4.6816627194147635,122.30664049938939,98.47933761016253,-53.07084050598728
42.4712499,9.73318382131452,-6.119725230386196,-4.113578293722675,122.01618836205252,95.13225221858028,-54.570457811754274
42.4812499,10.103977451851547,-5.851648727564022,-3.54292370199921,120.06630975743283,92.92737066919456,-55.68132146067575
42.4912499,10.518693023132053,-5.8790473331348725,-2.879745545853723,117.3281217315537,91.31840757076293,-56.791859236346546
42.5012499,10.898137770983576,-6.101680444543571,-2.3596991763363784,116.64733151754844,89.74111973941656,-57.58294710615329
42.5112499,11.050922914378217,-6.58233759013564,-2.2470348005698204,119.38977901647493,87.19922234226605,-57.82525206105308
42.5212499,10.68229702677281,-6.940968339464862,-2.373750197078902,123.02817819923459,83.80735372306017,-57.819346109716946
42.5312499,9.682746345153776,-6.329993405148129,-2.6724525589696775,123.1508148905371,79.88871660070693,-58.89645095952157
42.5412499,8.74435620000136,-5.5268105167123665,-2.943585869612124,121.67692726590323,75.42935602824167,-62.21701788093522
42.5512499,8.264400888399642,-5.052564323718786,-2.9894978941544816,118.96965920378989,71.29272124119132,-66.6117701622728
42.5612499,7.886225151992859,-4.454406262576105,-2.882948885134974,112.9107770051322,67.95212148615262,-71.03495038500289
42.5712499,7.586250375977247,-4.292201052144322,-2.641595403336216,105.49450438413203,66.26853813501113,-74.3950136132331
42.5812499,7.354090757382503,-4.391449159038597,-2.340716799309929,96.64682360220326,65.09478159178538,-75.29082171119457
42.5912499,7.338905399686412,-4.2596123739552425,-2.1525731710122753,87.59816168008307,64.69243173447533,-74.20563252365699
42.6012499,7.396976642447029,-4.2537120178536005,-1.9818186461508502,79.22924278256424,64.83704310398528,-71.74797336070307
42.6112499,7.225254343256224,-4.326484854121483,-1.8543918617580673,70.91920102833575,64.9222371742566,-67.73074144335251
42.6212499,7.006977026211476,-4.169090865747535,-1.9796598003067407,62.55747516601532,65.03793235942076,-62.61749795034102
42.6312499,6.944484102592293,-3.9895508059971103,-2.1999975213029046,55.1610792416173,64.89905054886333,-57.17568268464262
42.6412499,7.0918371184748095,-3.964615750172102,-2.2905452067081753,48.151086299072624,64.98355928493427,-52.02097964533386
42.6512499,7.158178414658303,-4.1214796065612305,-2.2916542975181087,41.92831111466561,64.84318422250973,-46.98922566449513
42.6612499,7.015499628834982,-4.108661157308331,-2.3509781044417815,36.465761842134626,64.10706191403062,-42.44871489659144
42.6712499,7.022937361865911,-3.9793904092148282,-2.4179363619366634,32.54804227462696,63.268754817363856,-38.74708206860418
42.6812499,7.246907585161165,-3.911064587393114,-2.3280430221591613,30.122314496332212,62.129023158184935,-35.24104681676705
42.6912499,7.465922707235159,-3.896550643383556,-2.1574644652040145,28.766046487142223,60.098976843761676,-32.05155477102995
42.7012499,7.658276488317192,-4.026058992668987,-1.9607892442209394,27.991233243166494,57.37891603935607,-28.73932308657888
42.7112499,7.802578880715313,-4.136009441032145,-1.8698721615821505,26.882391129979197,54.05625884528107,-24.769016208937124
42.7212499,7.8187505887093,-4.095000481160734,-1.913424095606546,24.69688551329239,49.76049082514085,-20.704721099705598
42.7312499,7.77576633733184,-4.038400700534519,-1.963954781531413,20.876912896382958,44.98206288719549,-17.08178549374339
42.7412499,7.815899233100674,-3.967478709344739,-1.8425410734468926,15.252396522053372,39.63960195319082,-13.64013723405504
42.7512499,7.908929798050305,-3.7737139727307514,-1.5107242941325543,8.891857924458954,34.52425812409155,-11.452301879835385
42.7612499,8.059476659795392,-3.540027595430423,-1.1506723522459001,2.9186122617680943,30.173180052910716,-11.370745293724617
42.7712499,8.216821716155668,-3.6067430189383884,-0.8632650945787239,-1.9601638901662097,26.212918431487147,-11.99350811452718
42.7812499,8.29370716192078,-3.9289374464224265,-0.6722553993472081,-5.277591205703886,22.561786579998046,-11.854439574726534
42.7912499,8.310410805334655,-4.142218754710478,-0.5585735743953912,-6.635814011991,19.10946992181403,-11.163146314516435
42.8012499,8.236294694010196,-4.366438008709957,-0.5845495649258574,-5.560327968782023,16.008104237520527,-9.82043159058702
42.8112499,8.14438146480494,-4.748801005525226,-0.6297889179209242,-3.7279492801656846,12.851198700293914,-6.752499410228445
42.8212499,8.187886820042689,-4.942573237078612,-0.6093672219904018,-3.920088987696028,10.368819617731479,-2.7578525110690455
42.8312499,8.171973042846016,-4.777915473846723,-0.5907964312434256,-6.140332071963015,8.560373202585968,-0.017050698158814173
42.8412499,8.052590323698771,-4.535694576815636,-0.6233825962468879,-9.510695890156942,6.800037501283327,0.9347595108077122
42.8512499,8.025661819577868,-4.480963666936599,-0.6859392552816426,-14.255494230420306,5.263879961176592,1.0266002532032552
42.8612499,7.994917329491384,-4.504942015924504,-0.7400633618734436,-20.010584983702387,3.844872914106253,0.9627046175210888
42.8712499,7.889899452834965,-4.640134874358317,-0.790870104710054,-24.980501500272705,2.412105673467596,0.7467058511905709
42.8812499,7.761267240480345,-4.877745957676655,-0.8020021908687442,-28.29552465289545,1.0337016276461477,0.8836639832794807
42.8912499,7.644754583461905,-5.054162946429821,-0.8043943980385087,-29.535954675739852,-0.40984572245060025,1.6070082563694053
42.9012499,7.533646990611641,-5.136414541722839,-0.810761189006254,-28.878454627229647,-2.2881709281777107,2.835080527783438
42.9112499,7.396619088903503,-5.0638401149133365,-0.8101738552474547,-27.484782759621677,-4.594626808709692,4.701040043103156
42.9212499,7.3026223149745775,-4.841229201498091,-0.8497191274044872,-25.59044786535004,-7.26375411127276,6.806804205760003
42.9312499,7.325487458677909,-4.599285826171069,-0.8803341112881848,-23.633535925541903,-10.396373563035672,9.126164851115632
42.9412499,7.4444522853858235,-4.416923600771611,-0.8794794417770586,-22.155799372669037,-13.92718907730428,12.157023278303049
42.9512499,7.601891758917824,-4.2675249842897305,-0.9427987688162632,-21.72046077807781,-17.793829010273,16.21031589636738
42.9612499,7.777281745061829,-4.150912074751908,-0.9922008070651341,-22.875033232802668,-21.27113797137476,20.3294617009101
42.9712499,7.9544380170493865,-4.103322217575167,-0.9740849795428503,-25.44639159612564,-24.099021824888304,24.50945672044613
42.9812499,8.154849378959149,-4.129137716712234,-0.9808903043537067,-28.182201475883815,-26.89367829510972,28.840642536792867
42.9912499,8.362289578480363,-4.15854055712984,-0.9815384887083882,-30.812209896421226,-29.787389816393492,32.54689829943005
43.0012499,8.565159869695231,-4.076521827395916,-0.9363140883760096,-33.39561229539122,-32.481687526970795,35.490499711013285
43.0112499,8.754652338334374,-4.0295017780348825,-0.9177857038799886,-34.66370130838452,-35.002884752671044,37.92099274628199
43.0212499,8.907209688570124,-4.127786419518086,-0.9317687838300418,-33.63988950525095,-37.839336662975604,40.25277235003489
43.0312499,9.054747225996612,-4.277710990351414,-0.8957253150820342,-30.037186873037978,-40.9353187780258,42.92843683040761
43.0412499,9.281152543560582,-4.330105318520686,-0.8202349068259595,-24.719362374009556,-43.745366979216854,46.149646104725306
43.0512499,9.713269923634146,-4.206520156899651,-0.785028571021039,-18.985815983986402,-46.49102123503114,49.463868601212944
43.0612499,10.338031089832063,-3.955521895009238,-0.8278074791230055,-16.04000521521323,-49.567591841352396,52.6888146759379
43.0712499,11.010211314463954,-3.6111346284898227,-0.9803229708251543,-18.061598373880937,-53.375127118361185,55.28215287174842
43.0812499,11.672005985011086,-3.2171836554281454,-1.2699463781324967,-24.947257872161003,-57.62105218190581,56.59782546954295
43.0912499,12.333441450915283,-3.000018988046938,-1.6032777473563,-37.05544697772654,-62.397162006736664,56.991209781953835
43.1012499,12.868492732011823,-2.933546035664252,-1.7628340913439504,-53.16677144909531,-68.24188887432224,55.59563777958781
43.1112499,13.350066272192896,-2.9020239236778296,-1.671715379712009,-70.6336947113933,-74.23269471224872,52.098318053713655
43.1212499,13.722511072514063,-2.6915231752502558,-1.6424644116134057,-89.39701326249394,-80.16724043170301,48.17464541924281
43.1312499,13.760693848116441,-2.0448337081323307,-1.8468271033747607,-108.72965329574141,-88.22503221951207,42.84667336545187
43.1412499,13.861600376911031,-1.3173509595772446,-1.9494931620556926,-125.8356809037126,-97.84556513725546,34.49945780697081
43.1512499,14.519120858381228,-0.9438500749223144,-1.8241081839176954,-139.57739509508335,-107.92982724739315,24.893409443134598
43.1612499,15.72994483731624,-0.7464927619575156,-1.569109910944849,-150.45777486927676,-120.29813450479686,16.39418762075429
43.1712499,17.536589526830646,-0.4123099473663181,-1.1918216027454422,-156.8081868805548,-132.66784938281572,10.834882787431438
43.1812499,20.36416897732422,-0.34088793674955,-0.3947866283591147,-157.40056768685,-144.56747088138516,6.811720701761244
43.1912499,24.02379237086979,-0.44527536942928736,1.2222792285987478,-154.40539417442622,-154.72771861769027,4.88441796460625
43.2012499,27.757172456471707,-0.7819677623509755,3.527760193455744,-149.40422798968405,-161.78788529739765,8.84395708129677
43.2112499,30.491669625082626,-1.763699503441766,5.9222893790841,-142.8263190549256,-168.73845143835243,22.507473908280506
43.2212499,30.2693922835115,-1.949240314782361,7.6115961309742035,-142.35616909353217,-176.65290535480366,44.54125711972723
43.2312499,25.98170434241847,-0.7123927286636237,8.575575945785454,-154.90663283814936,-187.96677244012315,70.10792650896497
43.2412499,20.669102340241494,1.354918347964018,8.134891237960577,-183.49321176096674,-209.01980695048823,96.89735069271438
43.2512499,16.402320386582378,3.19314666691155,5.401555997462668,-224.39595125481173,-235.57836918711325,125.26731979021741
43.2612499,9.62787718512679,3.276552222745212,0.8900041293837107,-269.89236114904685,-262.7450364400331,158.76564317991344
43.2712499,-2.090879917788472,1.1151267758565113,-5.607591329021119,-317.1747537922567,-296.8658191349139,205.59453349703196
43.2812499,-16.035856779271274,-2.6796524246500564,-12.201664130625822,-358.5970561882087,-343.899711760278,268.9103696081107
43.2912499,-29.06331832883395,-5.688673917809544,-13.889283631674916,-379.4675195346363,-401.3073781801329,332.34409919258775
43.3012499,-39.49936127744325,-4.984384780863348,-12.228036831220297,-381.87739750162393,-441.1352836708961,368.41012520429814
43.3112499,-47.39857171237337,-1.1680387432489499,-12.260668648702126,-388.7139006987649,-431.9705445180521,356.361162902181
43.3212499,-50.79959206069378,2.145175547779748,-14.998490865209869,-400.5828371535746,-359.8459133228204,297.46383995422065
43.3312499,-42.294504445323746,1.1879961796068406,-15.678970322245593,-400.27846280229153,-231.64178567180105,215.36319001467413
43.3412499,-24.040793075457664,-2.9371288775981315,-10.909195089574956,-379.89998806319227,-80.42006080008862,128.91233338449598
43.3512499,-14.165867843335853,-6.562772767140299,-5.965552496850371,-316.6826291724417,42.91910273688245,40.14414596423569
43.3612499,-14.297138597122228,-10.79294642552816,-4.325259270608591,-160.01312211059553,127.55588482585945,-50.71785339158882
43.3712499,-15.04196997239751,-15.399886374175846,-5.599743151491228,66.80351244232278,176.27251826445095,-124.89496009659139
43.3812499,-16.517094454861247,-16.365146082953984,-8.262137121853554,262.61511176942435,186.12431375346137,-158.09057691974684
43.3912499,-19.104853532887166,-12.855589149984015,-10.967325399360739,401.77879974263476,182.99660554190328,-166.40868935397293
43.4012499,-20.426567791468408,-6.890016874008776,-12.570465823849904,476.67145666678107,172.75287258695352,-166.77954808431986
43.4112499,-18.305294653284008,-0.9629762972968982,-13.310687347685525,491.9177985712535,157.62621291930398,-169.67346722526338
43.4212499,-14.55574391463669,2.498753905579107,-13.907717568613348,463.9916515630869,142.7920846220748,-171.88059167451704
43.4312499,-11.585118115765015,3.5696091751485954,-13.88302984534418,411.23155059504325,129.59410670862246,-166.83332403786022
43.4412499,-9.222400600272229,4.524816383518934,-13.364554546961056,346.2607520262952,119.89185186331655,-157.33984801688482
43.4512499,-6.423517712741618,5.795326523825438,-12.728289983896616,271.92738592827726,115.9802167145781,-148.1473730409253
43.4612499,-3.140226052230123,5.168991247267699,-11.436042839444063,202.08405822229508,112.215930493369,-139.4473921568114
43.4712499,-0.17152566549296408,2.3950948772675464,-9.856515230075582,149.19112991064537,106.38684973509523,-128.31482586940587
43.4812499,2.850103441465791,-0.100940234059218,-8.680475832819834,109.1720538375708,105.02762858138858,-113.38934630482116
43.4912499,5.886537113525757,-2.1976364813152784,-7.4956852277145165,84.71109446671285,104.35733233429455,-96.85751855540926
43.5012499,8.707997468735638,-4.703582833721896,-6.254781127716379,78.26286617826214,102.20654326219461,-82.19710213533112
43.5112499,10.865607447651088,-6.639357668480248,-5.477145905613646,81.02848537370006,100.80628182031106,-70.20505544560002
43.5212499,11.975905948525531,-7.840528599629189,-5.049333276082062,88.73385849194503,101.26085432201718,-59.85459624526996
43.5312499,11.897692939404362,-8.535895732875508,-4.72260787147583,99.46715829286723,103.78231615054965,-52.1152400693901
43.5412499,10.8511299405892,-8.292250380763996,-4.589065498377637,108.79087942329099,106.29324830829654,-48.34479251080112
43.5512499,9.983783520734432,-7.766095020608096,-4.8192922457721075,116.04817332032663,108.23048645708174,-46.686467385870046
43.5612499,9.59995229706268,-7.756126865381259,-5.177522523207735,122.61448667577287,109.51069106480365,-44.66068370933657
43.5712499,9.121536387565092,-7.172414375178026,-5.258209473079792,126.24991762661564,110.1123673401957,-42.352506939450855
43.5812499,8.5572797611661,-5.952835858999277,-5.137278601934598,125.52473084139675,110.7936131542847,-40.71453261523701
43.5912499,8.618228369976492,-5.423608231290018,-4.878169120360497,122.56750931103817,112.71033349974377,-39.521472429812405
43.6012499,9.355032469713565,-5.252702033793892,-4.398827532349966,116.31423494640191,115.97570486845156,-37.65166488129823
43.6112499,10.097474187090084,-5.059820643631399,-3.8518610168876672,108.03368821713026,119.49681930759881,-35.68456706645031
43.6212499,10.39761917705876,-5.013830156604569,-3.289799147769928,100.85533071585418,122.30765447765265,-34.619233196244885
43.6312499,10.303413634132697,-4.991410424114892,-2.8136100672883346,93.675644371642,122.78366994072685,-34.78669857461142
43.6412499,10.140735395215167,-4.995904791317338,-2.7255080873396715,87.02163398645601,121.13235733880038,-35.97099948554745
43.6512499,9.834237909057915,-5.397647488410468,-3.038056120882054,84.14276282690908,117.60801719035408,-36.949257627117035
43.6612499,9.367232420923832,-6.037064087038496,-3.5760264639887613,84.13062081867389,111.99875053520456,-36.960014351602986
43.6712499,8.985702055906348,-6.349045407084342,-3.9971918211124287,84.302905209076,106.14444488723073,-36.83910125460718
43.6812499,8.559343639735733,-6.556540769311139,-3.970779009361812,85.6225425357433,100.96612873495239,-37.11239405324794
43.6912499,8.176787000203493,-6.502190681621953,-3.6579963932029353,86.0369610174608,96.82239090574862,-38.248387931119204
43.7012499,8.064169937872563,-6.04947827197603,-3.3454062761749928,84.58270677405913,94.07212430982919,-40.81758251722096
43.7112499,8.195984821821801,-5.863959957591278,-3.007689710317094,83.42512159698371,92.39562849955426,-44.5489430566864
43.7212499,8.356905049399103,-6.1202618282766075,-2.8348769901091466,82.6767276245786,91.36299990179646,-47.57907049015836
43.7312499,8.22854879737053,-6.273938420872384,-2.9867145878486214,80.65538744408373,88.61862066867641,-48.66403384072302
43.7412499,8.019677269814375,-6.1370007428547435,-3.241629478334147,76.92010142599781,83.7525021197834,-48.150435175550726
43.7512499,7.897367146130554,-6.1872271713004166,-3.2543918850248224,74.00631819498452,78.26132129721236,-46.69640652814542
43.7612499,7.806135001132758,-6.050375268762719,-3.0090524039613102,70.00721752132793,72.68229609468085,-45.73431642943652
43.7712499,7.88298628725344,-5.821047012001024,-2.6624791288699563,66.62952291089042,68.10351361711236,-46.45506953822763
43.7812499,8.12995148955399,-5.8180083237959375,-2.4010496032630178,63.797116990994574,63.67404422313349,-48.106621443157024
43.7912499,8.437440321535043,-5.938470984527523,-2.2471701727549864,60.01716635098528,58.40819464999872,-48.72171529795834
43.8012499,8.497880971458141,-6.067304953651409,-2.047389647117975,55.62257998020072,52.879915489313724,-47.50208848433828
43.8112499,8.465165872326727,-5.810515307919849,-1.831975661008461,50.478713838696365,48.02682151908718,-46.39393534038858
43.8212499,8.52517372808237,-5.415027612509148,-1.6593441912653648,45.10113574011072,43.723256980835885,-46.46540491403368
43.8312499,8.535657800476626,-5.214074147486035,-1.5485637749724934,39.358587730787065,38.83582756648572,-46.59273656252904
43.8412499,8.551725134443682,-4.926956860509209,-1.3545228541462344,33.78289384924911,34.18768655183917,-47.08469455940479
43.8512499,8.529123753127493,-4.494324089528388,-1.1382553820613546,28.7975804327804,30.1491935609734,-48.39232329025058
43.8612499,8.437354852161514,-4.277828951922537,-1.0367050460148226,24.378309539252765,26.095844519278405,-49.24063482866389
43.8712499,8.386571337264444,-4.2279899273011345,-0.9003463363989009,20.186574911317706,22.581576288963948,-48.51103224904563
43.8812499,8.260532998559343,-4.114671412948405,-0.7105552758430816,15.959324185837456,19.875588270868658,-46.175447961376946
43.8912499,8.069944417637977,-4.120842765636773,-0.5287275175474675,11.828845356190293,17.619055744529263,-42.43662634385471
43.9012499,7.9075417746606975,-4.205840831956499,-0.36467694829189423,7.864618844533807,16.09667778219785,-37.78371506523399
43.9112499,7.7389757862284245,-3.9925217356563745,-0.3073023298530211,3.4858716653876396,14.731020720488434,-33.42248029216214
43.9212499,7.664810009517043,-3.6877993056159952,-0.26922680173811186,-0.8160580530375051,13.447771794160056,-30.12517713705924
43.9312499,7.626317615159854,-3.56203406088342,-0.15938529063276177,-4.99370635890662,12.229003682951605,-27.564206691893126
43.9412499,7.4794485526316254,-3.6324831557086346,-0.10924099528025127,-8.797025624023423,10.722981414296246,-24.92636924789197
43.9512499,7.303941525722084,-3.7710133678292324,-0.16666890414491653,-12.470326062244474,9.044013353325823,-21.845681199597063
43.9612499,7.1838825762305465,-3.81916058593434,-0.2660200968750125,-16.132797335060083,7.706347640755725,-18.643080020817948
43.9712499,7.190229732980427,-3.8366465827017007,-0.31951306605051844,-18.831752576465075,6.147672416879772,-15.739051861471118
43.9812499,7.446438107262801,-4.119440729551629,-0.2029825004335654,-19.71404017274952,4.290537158848073,-12.290112465757087
43.9912499,7.674557983666283,-4.6569657659311945,0.08905452751321212,-18.162665978855557,2.79737566963955,-7.108019346826926
44.0012499,7.6349811957847,-4.979902497671422,0.21942579508308716,-14.42852268427058,1.5645418518853453,-1.7512509312326756
44.0112499,7.542901217855156,-5.068884477889264,0.06993377790450113,-9.433344272071182,-0.1538004441314891,2.173403830153594
44.0212499,7.444692123544092,-5.120908215554963,-0.13428579752709685,-3.939930970120724,-2.4597733281508205,5.414463166011365
44.0312499,7.338745102620647,-5.178905131224419,-0.266586629989489,0.6915247047908062,-4.691009771997943,8.244934669960038
44.0412499,7.302629976922306,-5.113570077413762,-0.4112103623811571,3.0995910665387134,-6.660754571434865,10.491952032783347
44.0512499,7.381487809649168,-4.895269176899399,-0.5706739624607375,3.2199157025826555,-8.303370217579651,12.130982106362495
44.0612499,7.635625476802154,-4.702834999950054,-0.6332791448131455,1.8535426915969286,-9.606265548813942,13.678769341441027
44.0712499,7.9477386333852325,-4.7408332651401945,-0.5630785278148959,-0.07626509524176218,-10.750202828576011,15.291558164823583
44.0812499,8.140288444648123,-4.86762978486283,-0.49623971122906446,-2.3074899893774976,-11.649615681497133,16.915434481462363
44.0912499,8.214832367939373,-4.815034269774966,-0.6094360768509858,-4.254305074445235,-12.470867322954472,18.14999427724283
44.1012499,8.301460843045726,-4.764726290038238,-0.7593516393562323,-5.281028768987175,-13.739733200367294,18.89265879717154
44.1112499,8.382767012027617,-4.809539098536447,-0.7549855386437971,-5.98318119989825,-15.24361685095039,19.634149951570528
44.1212499,8.381835197066632,-4.776497465245615,-0.7705156691362408,-7.007889476588558,-16.689454033824557,20.51128982588511
44.1312499,8.272780059271922,-4.680181062259846,-0.9656494496113438,-8.313817964801384,-18.572231752275737,21.366173437139757
44.1412499,8.165393161950513,-4.68951380506517,-1.1313819389274888,-9.960851866525445,-21.168988995575816,22.035455233856652
44.1512499,8.131862649490118,-4.717427040916312,-1.2019987121507625,-11.92342314946703,-23.95370526116207,22.667172688158175
44.1612499,8.045321268001024,-4.623683560879864,-1.291930224614403,-13.306855008179378,-27.041322147088522,22.844429520858036
44.1712499,7.9279372067521034,-4.683887634614077,-1.3331678480626457,-13.189762326141993,-30.312470066507426,22.760131409665057
44.1812499,7.785022083056476,-4.849286217638131,-1.3279868438898894,-12.711896192395146,-33.50586874194901,23.290952439987397
44.1912499,7.591880332829106,-4.961666845188884,-1.37856947418373,-12.053995134835981,-36.80098478664579,24.710911860802906
44.2012499,7.4880115563310365,-4.963472563865792,-1.4421699660272924,-10.389699616210837,-40.83293683774123,26.675372999723503
44.2112499,7.54257649978985,-4.843480730460837,-1.412398090934806,-8.645568556046996,-44.631760831716136,28.57471022873515
44.2212499,7.665107495219152,-4.77008942430842,-1.341511364159906,-7.122847032472624,-47.75193209533898,30.434599412494304
44.2312499,7.785851618345412,-4.693359897366359,-1.3348611361851823,-6.353260863665565,-50.78824485420825,33.192641320922874
44.2412499,7.902837360148207,-4.501324849562315,-1.3889635308588366,-7.400702071345566,-53.56077683468386,37.13594117204037
44.2512499,8.060212031913409,-4.230825886683582,-1.506091477572641,-10.060078987797969,-56.07580625013251,41.358887102042615
44.2612499,8.285780606011118,-3.92878984831951,-1.5815577362875866,-13.35262450854316,-59.078454595390426,45.01713530389597
44.2712499,8.526425990331155,-3.733261044477595,-1.5523557792786302,-16.40359991373074,-62.43881569350529,47.98762508053677
44.2812499,8.783991095069368,-3.681048515016494,-1.5677943191090467,-19.51957296422031,-65.76338041473205,51.50113375166918
44.2912499,9.23011387108888,-3.7013669612149576,-1.7018987060726651,-23.20320281632238,-69.66404327385153,56.22239643003694
44.3012499,9.907420143147462,-3.7132484792428357,-2.001074482088926,-27.235823482320427,-75.43130981694398,61.09432809161651
44.3112499,10.890215657479061,-3.5897401931230046,-2.439710796651085,-32.07526134054431,-84.2382700739658,65.00827347878378
44.3212499,12.50912447507893,-3.243319730467235,-3.0361447643165786,-39.8964458316354,-96.24249183388973,67.53228328572733
44.3312499,14.784478699073052,-2.5711949719236165,-3.6937652892816932,-52.13881968072123,-112.88421592173806,66.9499010731515
44.3412499,18.2331510205975,-1.5546469062733037,-4.136218224518895,-69.61484669087841,-134.1920082996406,61.17911737412866
44.3512499,23.72524960066688,-0.10938486023389986,-4.136467021524414,-94.72599660811856,-155.94248974814872,50.33750327482306
44.3612499,30.215892968594343,1.2816455354693372,-3.2086782916240444,-127.11986369932742,-175.77412191822077,35.3343773605845
44.3712499,35.132819535518664,1.7782391583230932,-1.1682779563450314,-159.45633468787636,-189.7673942023835,20.460905758702417
44.3812499,36.60284247647416,1.4831013419791839,1.4617057328269123,-187.5535662590502,-195.6817512884252,10.683765600199107
44.3912499,35.93683503371184,0.9427192588433244,3.6082602652566393,-215.10633807872654,-195.1776626467326,8.716500985920376
44.4012499,34.142344608996865,0.4365161798525129,4.526447250077929,-243.81965764970954,-190.14484767694435,15.592297722497857
44.4112499,29.124886235188352,0.5664107043193073,4.166601935099968,-281.52887514711625,-187.3296253801135,31.82206107211969
44.4212499,22.89751471952762,1.4546739177616508,2.9251868392693927,-324.0833630846838,-193.80667693608117,52.207016184675815
44.4312499,17.94758388767499,1.9599746814067993,1.1847223170275707,-364.48573620755843,-206.58836367693718,74.59269401985746
44.4412499,12.350904445844657,1.741723713914022,-0.7458559871656454,-402.493164966292,-219.81135424328392,102.67342786751163
44.4512499,3.5531926754106458,1.501085619355105,-2.7802533540340177,-436.9454252235108,-240.7017930279907,139.73046592828865
44.4612499,-8.476437726577942,0.7129674534709319,-6.045132967120388,-469.53961257932986,-275.1010587383664,192.9391354028813
44.4712499,-22.40277526202734,-2.788013045457348,-9.839647060773512,-487.03535561002667,-316.62152523811824,262.14773747368906
44.4812499,-39.05313387040693,-9.043216558384458,-11.948625146904616,-463.0144942403941,-369.08960340957464,336.45138491913934
44.4912499,-50.16607117406301,-11.909844136786655,-14.106557478485092,-418.2789208960861,-401.1933029601196,400.8004899821821
44.5012499,-49.837664010906,-7.117966794185653,-14.744864897137877,-394.49437111911595,-382.9283649350246,413.856660962904
44.5112499,-43.479223776443405,0.5148116248229703,-10.650077660344836,-390.03745366400994,-300.1323719964939,347.51734214886636
44.5212499,-32.44039933307074,1.4102189876060072,-3.6277384155078476,-368.4090911524424,-158.5507634598389,230.42522558566515
44.5312499,-20.80133596764249,-4.518269487399028,2.1896551832885236,-313.8755327019221,-28.258226201793462,105.26541724096198
44.5412499,-15.235039069382259,-11.799755848650417,3.1653120241949724,-197.30076725487817,56.63809636589252,-7.256116411705225
44.5512499,-13.400849400229374,-14.317482907136354,-0.6284930399116755,-35.02511623720095,118.09848684657103,-99.78624777566002
44.5612499,-14.862162092584827,-13.945411697938209,-6.6328093854050945,135.12870722264114,152.5856781235027,-165.17679106463297
44.5712499,-18.918600054574686,-13.814085500142285,-11.50066536398819,286.7268895532689,161.31876536390575,-190.0386815068585
44.5812499,-21.608607367904987,-10.219371602541797,-13.299720205106771,384.7165816243037,157.18612312695058,-185.5425309802989
44.5912499,-20.83279871414351,-3.6078121718499268,-13.027012282679967,419.9936831322947,146.13638072012074,-178.25219549058622
44.6012499,-17.550140024402705,2.6710034605499566,-12.864064307667745,406.78726988856727,133.88687407018824,-182.02639517269571
44.6112499,-14.075762726815258,4.6803323615743455,-13.135946844998367,367.8220853187718,124.62444869893461,-191.298871996193
44.6212499,-11.562933481553195,1.8563905532731027,-12.580532156338133,314.71366574512854,116.22446336823168,-184.87322551354492
44.6312499,-9.004602532571255,1.249368932576654,-12.303669445212524,254.62827723940129,109.68885853877707,-163.10432170491748
44.6412499,-5.015925540984351,3.206706432921609,-12.906293926247418,197.07919104449954,105.6679403104688,-145.4379288200419
44.6512499,-0.8051730185765732,3.114602053913717,-12.782269098999336,150.6934106855142,98.78833234716939,-133.5144492333289
44.6612499,2.7380589116385896,1.5376236997750667,-11.580517105405491,112.041213479575,96.02883635118836,-121.65415654656508
44.6712499,5.4065055959890485,-0.2889611127398742,-10.221201196052787,80.4410556277122,101.61612076642167,-107.50197010634656
44.6812499,6.859575586063648,-1.6750276945170937,-9.54004306298837,58.3958575795465,107.5701655898019,-92.03229074687107
44.6912499,8.019858627560724,-2.9899023860776524,-9.338097255774407,48.670393994191414,112.41908297795726,-76.90087612617707
44.7012499,9.03487471423343,-4.586241529660997,-9.140560469665216,50.79923320477068,118.185485395909,-62.97860485728429
44.7112499,9.907837549475042,-5.65518635803127,-8.73617595704777,61.191403771486144,122.56748668399287,-50.724160316057535
44.7212499,11.077696161310037,-6.875236592877541,-8.026279854717776,79.73117445719461,125.51206444655134,-38.241182860943184
44.7312499,11.922547243341569,-8.355312607167532,-7.190891286867888,103.21142950977452,128.71126051034497,-22.52384457420633
44.7412499,11.866753394385565,-8.31777763202534,-6.884076697639851,122.90646871147518,131.7666822338246,-6.717124084923854
44.7512499,11.479483173855053,-6.799511756794406,-7.265724415370506,135.10523013903915,136.52427130420267,2.3138813383742227
44.7612499,10.84254011730989,-5.338058376815067,-7.7989118473887755,140.93672587504403,141.89888006865988,2.9812370453445123
44.7712499,10.313687731346544,-4.613151562105192,-8.063308300902953,142.14493130904387,146.78087684215893,-0.6419531467105117
44.7812499,9.97549780316523,-4.305638392774925,-7.871735308777142,139.00153715470168,151.46625559312554,-4.847702136787397
44.7912499,9.7749542083941,-3.9598553971221087,-7.3306952899046784,132.4369044395862,155.44303653762225,-8.651330631938798
44.8012499,10.157023833887443,-4.076551897931506,-6.826444987878343,128.4712477194397,158.9929741011121,-12.11773981295388
44.8112499,10.492520818939171,-4.5468126421510515,-6.415336830343557,128.19292939320675,161.1813297996584,-16.25518784241271
44.8212499,10.28632640322953,-4.702539658274093,-5.937240049442165,128.45440391123284,161.90323205202623,-22.365473145413166
44.8312499,9.969498440577324,-4.617946397399981,-5.5861501680973245,129.29644731515634,162.38211407447665,-31.31532789937147
44.8412499,9.65208307824607,-4.533731475438455,-5.377633451052158,129.74869518829738,162.6887883341786,-40.26337187726883
44.8512499,9.220581291837345,-4.384971705779648,-5.12648859547027,127.50567006810599,161.95364660458185,-47.84670512177162
44.8612499,8.792066771022911,-3.665173535237931,-4.721299901870808,117.40276309413814,160.59815856564666,-55.17999172900566
44.8712499,8.701280301088461,-3.163022276247106,-4.109244155103725,105.40847175186565,160.2502647702571,-60.79725222177197
44.8812499,8.969320469127902,-4.931752011059795,-3.777380325881795,108.25729253252331,157.54935568406532,-60.865205221981455
44.8912499,8.819792049413138,-6.136610083144751,-3.669190192759599,109.19447292098347,149.09180249340505,-56.41158327681954
44.9012499,8.358685841355523,-5.526453180789551,-3.160061114409312,104.3438690116376,139.7889448635538,-50.709238281422316
44.9112499,8.08540494263025,-5.7645968403687755,-2.4966340057271004,108.21269720657823,130.9146295115881,-46.42199811296459
44.9212499,7.809255353323379,-5.731857604688971,-2.1491899566548605,112.94767337431837,120.00182038461227,-44.911289218993026
44.9312499,7.771843874784247,-5.314212798175201,-2.133034166149705,114.36715802210999,108.31190639851312,-44.99694101287249
44.9412499,7.534403525173402,-5.1485628450237435,-2.159291867691141,114.41991265516252,94.59073042632662,-46.411517382625156
44.9512499,7.4244472023444015,-5.135713116985877,-2.1071347137841405,115.40140960365825,80.60495006889542,-48.677921217679156
44.9612499,8.140651923797753,-4.930561726411177,-2.0614792894289784,113.87765669216145,70.66984284052988,-51.68589331386434
44.9712499,7.8390798286982095,-3.9282971477850226,-1.7143981389976781,105.78971040447216,58.531744457419634,-55.65895455213506
44.9812499,7.848577278546454,-3.3413922748595177,-1.1995075161337543,96.00213367351536,48.87404286228854,-59.30608875096152
44.9912499,8.54551670076963,-3.208474408698613,-0.7942217524196398,83.82693180123766,42.611634811816664,-61.49757584563595
45.0012499,8.741961352360569,-3.009831597749324,-0.595545670493699,68.71890279677132,36.840516202815856,-61.25134956469676
45.0112499,8.63420304819832,-2.810622160083304,-0.46859428181600254,52.74751918857231,32.635323828207646,-58.86199102505067
45.0212499,8.307663949990554,-2.4996596696719986,-0.4187288845945681,36.762730678286644,28.455769635585956,-55.73818323519529
45.0312499,8.222189153735407,-2.1673430377620044,-0.42313076110157466,19.7078542359796,24.841470767832803,-51.327561554514034
45.0412499,8.225450079199137,-2.049152666479662,-0.27854173118209424,2.902344000630345,21.44862590332023,-45.19626590019892
45.0512499,8.03681816803945,-2.105552871399888,-0.13486970826419367,-9.385722768071759,17.79212590911684,-39.49748156798725
45.0612499,7.889440749047036,-2.1167894804043343,-0.111990286578525,-18.18712931894223,14.521017205640618,-34.67297903684259
45.0712499,7.842627816558383,-2.109883351378882,-0.16046346602107717,-24.876051666730643,11.511792685198603,-30.247237863591213
45.0812499,7.875111733721693,-2.201074604929737,-0.12702005260498944,-29.36032120843534,8.570836036029522,-26.266810677620523
45.0912499,7.9836198478385825,-2.404017401849552,0.03891357696101834,-32.046373744767436,6.460997112683085,-22.496214193626038
45.1012499,8.135437253227817,-2.6716745719706467,0.22739054051650068,-32.50812931610657,5.259723002064922,-18.478133959712782
45.1112499,8.231951156725549,-2.997677434380743,0.387088373157334,-30.654106167967907,4.330708392751102,-13.984966890153498
45.1212499,8.352049807906726,-3.4586843478082323,0.4580831457641903,-27.109773875109113,3.871229490004581,-9.057599137260182
45.1312499,8.405871952747509,-3.7462690417449713,0.2950479968812859,-22.488380690798234,3.5173914759488416,-4.185048515659425
45.1412499,8.287721367352113,-3.8346788312839952,-0.0443100445061396,-17.65355353577474,2.143523885999513,0.14755215521022236
45.1512499,8.194358125271275,-3.9306552760687277,-0.28659749886055297,-13.21702110486403,0.16205612323472643,3.6160309683566156
45.1612499,8.178104986351437,-4.05681968682725,-0.4109175477812343,-8.627126389621088,-1.88592088379309,6.013300424699327
45.1712499,8.165111090301755,-4.241888491526314,-0.5399945463361805,-4.1616565422408165,-3.836999466297552,7.996331212924776
45.1812499,8.174788469254292,-4.445039213689443,-0.6672279692841682,-0.47568286764585044,-5.592618767349182,10.597425136229878
45.1912499,8.29115293414956,-4.59967303852394,-0.7403258785907777,1.2858774243314695,-7.023861301548205,13.639778420604632
45.2012499,8.43339692470113,-4.532370301737476,-0.8241626164764235,1.0188377757813265,-7.761960136343607,16.044266095236583
45.2112499,8.444206824802192,-4.34412991323002,-0.9430022601871356,0.1087846673149075,-8.230623003964533,17.20020698185439
45.2212499,8.424942457985034,-4.337465507948491,-1.0740099271325037,-1.3626688374075568,-8.825196963309338,18.042810467628467
45.2312499,8.408970721164533,-4.422701527708813,-1.220266569289262,-4.334917624554135,-9.331187359239204,18.805577699100308
45.2412499,8.319122471942162,-4.353750742254176,-1.3633310212912866,-9.01976762430381,-9.859196308990184,18.971553799954975
45.2512499,8.31118990577119,-4.267667414009155,-1.4079100375799163,-13.338575322994632,-10.256754915616709,18.28266763958016
45.2612499,8.403790434313729,-4.304173479215191,-1.331463713258835,-16.415223941835748,-10.466857226943308,17.308841298567877
45.2712499,8.505971236536492,-4.408883912238394,-1.2102985741981,-18.144467708913382,-10.64441650665966,16.9181622112015
45.2812499,8.543341974207335,-4.592000192054299,-1.0480164067772928,-17.905650188806856,-11.079352898068038,17.199427668232893
45.2912499,8.49852537869849,-4.793758288631444,-0.9476086823040981,-15.688385667823328,-12.319207269640177,18.230500203462658
45.3012499,8.333484259120008,-4.838890822670855,-0.9711157532058101,-12.603346012375987,-14.328385102989946,19.51620234867155
45.3112499,8.09566329059362,-4.79180526191395,-1.0726414501669501,-9.294243759642749,-17.235016680280502,20.482951479076423
45.3212499,7.873529262649325,-4.733953957887221,-1.1283059751404358,-6.292283472023499,-21.01726188654387,21.512632375781394
45.3312499,7.644867527145372,-4.635067318473097,-1.0972695158078105,-4.333144150370836,-25.20430175759253,22.84814736291003
45.3412499,7.456109175956071,-4.505107045522371,-1.0506425271050208,-3.216523335939013,-29.629370156702773,24.414824297765296
45.3512499,7.336189034171215,-4.374203451891004,-1.0246969802487058,-2.361299002478274,-34.53245330670848,26.56943494330109
45.3612499,7.274659337573321,-4.3036897609516584,-1.0052599596512808,-1.429711729279698,-39.761441036954054,29.682289161387644
45.3712499,7.24915307015831,-4.289398274899287,-0.9563438448749704,-0.28814093040143485,-44.959295637887585,34.02627500746867
45.3812499,7.250972129088696,-4.206488627610695,-0.9272155900407413,0.6954586750186568,-50.160415241571286,39.53123834883341
45.3912499,7.368693405432499,-4.159427071244706,-0.9367470065913923,2.2726494897378,-55.29621286581176,45.7671847172024
45.4012499,7.568703422363842,-4.251185282537093,-0.9106977096436054,5.163805818836887,-60.40115021778986,52.7028239843133
45.4112499,7.792543809018649,-4.292769519465907,-0.8939407805669939,8.59045443011463,-65.21701507238767,60.38473924430099
45.4212499,8.108678506280889,-4.17919721464394,-1.060041355287505,11.478195964482305,-69.78341555660406,68.52412736980202
45.4312499,8.584453164528476,-3.9095515875094784,-1.3465224229518962,13.478015997024542,-74.62841296623826,76.25669759208019
45.4412499,9.132335458828999,-3.519111943608344,-1.5693726399887868,14.572969151515919,-79.66642869239261,82.84542422273834
45.4512499,9.73196551589938,-3.0047768535262698,-1.794344829543714,12.504745230561268,-85.5876386963705,89.41083790079635
45.4612499,10.489898747388349,-2.27292331699476,-2.1717907479435343,4.533818661339264,-92.66171020575732,96.27441858442738
45.4712499,11.559467824200677,-1.4641569938915255,-2.582616150227103,-7.702839152985472,-99.01677161813654,100.19261269941234
45.4812499,13.112899531052523,-0.5622557007405652,-2.707748911978466,-24.76589110846019,-104.95094901851895,100.88515059290664
45.4912499,15.065098707623322,0.1252334356253741,-2.4760969040879273,-46.17448221538563,-110.85857419326805,98.83965737063826
45.5012499,17.25235096361063,0.4644565917799131,-2.127505048414337,-70.69696593970622,-116.7671619512548,94.48686513523485
45.5112499,19.386402115250117,0.9302590763355898,-1.7346446059573657,-98.08612876913789,-123.79263052822938,87.33102444185717
45.5212499,21.536010856271165,1.433356478485941,-1.2487392768092467,-126.92116828478805,-132.38189264219525,77.29637549785622
45.5312499,24.04777247009354,1.6785744552596797,-0.8362877062550687,-154.66827170376047,-141.45564802402217,64.97738933448262
45.5412499,27.09044079199864,1.5510754468411811,-0.41826038081689765,-178.56817438817265,-149.45800359009854,50.757843320134675
45.5512499,30.207791555064258,0.9398606890597154,0.2432205138642147,-200.03251173592236,-154.93363904122626,38.48397729923383
45.5612499,31.969688447523538,-0.2715057851514501,0.9744143327233062,-219.05838689614518,-156.5990282517524,32.94454603873843
45.5712499,31.0610193816657,-1.7854611462291627,1.8916622442705522,-234.5193836967866,-154.54638720759718,36.06922004559832
45.5812499,28.129991687469563,-2.667305120091322,2.877802180229724,-251.14411893930804,-149.42785224421405,50.25567695061834
45.5912499,24.98295024333245,-2.866731515590761,2.8112706511423387,-273.2886908964998,-144.4698597024808,76.18056675760367
45.6012499,21.749077794198563,-3.2142175378193594,1.9651591495568264,-296.6568886402062,-142.82170663240728,110.60034403154988
45.6112499,16.084747002593602,-3.270783649248404,1.3081167200484465,-321.263127630116,-148.42594722939828,149.32758784911317
45.6212499,6.190200541322432,-2.1986561907060587,-0.20483150912396833,-358.10178424902017,-170.4510850135037,191.90361589179196
45.6312499,-6.453039680841281,-1.0408528700692152,-4.1167218170641116,-406.5181814053435,-210.38612796567236,238.28097369875152
45.6412499,-20.491747422813425,-1.2670407673660815,-8.771856877577548,-442.97558301896396,-264.1000096508599,280.77668560783826
45.6512499,-36.17929718987304,-2.158580391958159,-12.087171332475645,-453.164683588202,-323.3570464415712,314.3436892427445
45.6612499,-50.67734707092022,-3.117411795764659,-16.648413289635748,-429.9541872560304,-361.1935336115933,330.75653317523336
45.6712499,-56.93505262991522,-3.6126084652135293,-20.017351653186346,-382.0869574893841,-356.84040599145715,314.865624531423
45.6812499,-48.59915418993784,-4.270966224709225,-17.554256123896508,-325.7789623243505,-302.1723545251807,264.8816251974022
45.6912499,-31.15385809136175,-6.405155432568216,-11.025378470933823,-252.90959048518513,-199.3288551984945,195.50402296539943
45.7012499,-17.327877248456584,-7.150282213187891,-5.29296616938703,-166.63141463731938,-78.67609605151885,110.82905694298793
45.7112499,-11.81179577605893,-6.148463397889253,-3.0320905169883257,-67.08424790047138,22.502340568721696,9.694628399451295
45.7212499,-10.88714634469059,-5.861090828789099,-4.418337570441784,42.840555105187214,97.05955674643621,-90.84639636743354
45.7312499,-13.41784342553936,-6.738723924256469,-8.274078176264718,146.05987083727334,142.1366979593755,-163.46267235619604
45.7412499,-16.897619421668225,-6.685610478348099,-12.459580248822821,228.75214950235872,166.4744855134363,-198.0128759571474
45.7512499,-19.18176611443269,-4.586009096780064,-14.958058715875199,281.40432633244245,175.77243315762834,-207.6253547925091
45.7612499,-19.47830949711703,-1.5689974104169215,-14.919637874958843,299.18842164165983,173.8817054713887,-206.57349573885483
45.7712499,-17.61728370464123,1.0253171683215763,-13.787613175558185,292.32414638878237,167.9983225601446,-204.50084671586396
45.7812499,-14.966739330606995,2.397478721708536,-12.982472203643775,270.7614630592209,160.84470341925444,-205.14510723751567
45.7912499,-12.10381556780394,1.6377768251759606,-11.865985987348743,243.32956369552392,154.64668198665524,-202.54358355013156
45.8012499,-9.832418235269826,-0.19340766533633713,-10.544342273959657,217.27579636726006,141.89974314130725,-189.84586754739433
45.8112499,-6.866969687421804,-1.0264311118341887,-9.926500274548255,191.87475897185243,127.84063005393347,-171.10068377649785
45.8212499,-2.5380554320186066,-1.1574512273081585,-9.641565074499844,168.19928921384218,120.17657507468329,-152.84017777039455
45.8312499,1.2459235694690367,-1.9273260258507703,-8.98227031358288,150.4519097154161,114.2719252640296,-135.00231915124556
45.8412499,4.583605120683132,-2.743549935681093,-8.35565864506506,135.81087832457033,110.44041832682767,-116.15581429537845
45.8512499,7.825138879865612,-3.3177218074380117,-7.868178715713733,122.7079675697857,110.83998591206067,-97.497452599312
45.8612499,10.149835608931165,-3.7370310501974626,-7.128178430362994,110.2956361449638,115.87028912688668,-81.57358047977763
45.8712499,11.624484674511079,-3.906903573225399,-6.296432525251204,98.72695413066151,124.64713098041011,-70.07236018888794
45.8812499,12.582759158596449,-4.699877810489273,-5.652553146980455,93.58217780581415,133.73064785824974,-63.945979579981156
45.8912499,12.547481343988741,-5.443589993143894,-5.170383686646757,95.39637656174729,138.78584813723813,-63.65775579660099
45.9012499,12.124467012134545,-5.845617972659854,-4.72529939868192,101.51001041489842,140.78104331671244,-66.31090359919337
45.9112499,11.645076878274109,-6.22047323480696,-4.523236162789352,109.70985153157689,138.82201545350833,-69.66797732797241
45.9212499,11.037318911472735,-6.2151631837606365,-4.545518830171966,116.78372311187975,133.31384894567213,-73.04429806540969
45.9312499,10.314524762217872,-5.5806331752190275,-4.533307500150013,120.60867558395368,127.27819413266712,-76.27358610477253
45.9412499,9.512555287427721,-4.567893403546438,-4.41042147077884,120.81436767348787,121.64329084184267,-78.96347381308189
45.9512499,9.025214403273011,-3.8521931587284253,-4.062978941421057,119.27297364770833,116.81523664898054,-80.39115511680001
45.9612499,9.123757482336798,-3.6428637121993286,-3.5592257021800484,117.05692974864719,114.02284827842848,-80.63683273537812
45.9712499,9.529827986741266,-3.546109016336413,-3.0909621494378205,113.85284616420712,112.66040671756424,-79.30079986298145
45.9812499,10.109765226286484,-3.3919867165793702,-2.799404734417277,109.10771452445077,111.3584158416994,-76.12723755770067
45.9912499,10.732455239831589,-3.3210738182385535,-2.6408559214238227,103.69500141072723,109.89682598944489,-72.24078261090135
46.0012499,10.956841678049818,-3.3134567613482107,-2.5868100403628773,98.12186955184113,108.15187427946091,-68.40167788213856
46.0112499,10.827231050058721,-3.176928090362177,-2.76008758043872,91.45062041969517,106.74322469401393,-64.14628482232011
46.0212499,10.556782547932348,-3.078841187710202,-2.9825961149963818,84.12422852565166,106.36861708185955,-59.49477819448804
46.0312499,10.233035324859403,-2.987384262841568,-3.0270009679894865,76.19200298897552,106.82370128789253,-55.48342391632519
46.0412499,9.881218966483353,-2.7252299273091154,-2.913696680167735,68.09492425105397,107.7565271215739,-52.97309926324552
46.0512499,9.451214536050582,-2.524310248601365,-2.7056091916441387,60.7654198085888,108.76786264031057,-52.305515655226905
46.0612499,9.104457732476451,-2.4992927503288174,-2.46218024041841,54.289504891945235,110.09483729248332,-52.622035137731785
46.0712499,8.870720897690049,-2.7039663504980984,-2.2832980960166744,49.20271879633202,111.61705055157394,-52.56067785899478
46.0812499,8.526804942579204,-3.091571902971926,-2.1956931806011126,45.42848367144534,111.93394456882372,-50.528791168532614
46.0912499,8.074700141223902,-3.34268755147742,-2.133061118544471,42.521951852829616,110.05634263379649,-46.55785723028758
46.1012499,7.834925932502916,-3.38524739931215,-2.0035710121943664,41.48675155275948,107.15971752706426,-42.38074174307095
46.1112499,7.73090925865831,-3.4661743373043894,-1.836833525980543,41.94602403790473,102.95839323902177,-38.4413656669031
46.1212499,7.664386985885138,-3.4509868320477572,-1.7283055843904278,42.535566684620726,97.44386191210073,-34.59857189385383
46.1312499,7.5567629586899425,-3.2686400407740757,-1.663131859328442,42.77289835663782,90.49903992333496,-30.908981979903785
46.1412499,7.5945887374415815,-3.050494573917242,-1.6713026562488231,42.709644624236695,83.40350850388575,-27.527878826777446
46.1512499,7.854986740063813,-3.157970777985113,-1.706547314133483,43.14677923259332,76.72870375848218,-23.465342690471488
46.1612499,7.928179859441456,-3.3876339233347323,-1.6813213173760662,41.73743360339354,69.37125895759691,-18.1428238065119
46.1712499,7.885655108977332,-3.300029400174692,-1.6201746716508285,37.149800753112395,61.7254496055496,-12.060456165950162
46.1812499,8.074844094987675,-3.0777404414734506,-1.5983612531485836,30.798781054391362,54.98766693493094,-6.3973116745784955
46.1912499,8.24642006809876,-2.960042711269379,-1.5302752408302367,22.64456518717199,48.24709086011981,-1.5634242934340055
46.2012499,8.280922540961853,-2.9918697580184097,-1.3747833932621127,13.145648589245816,41.565845278502515,2.646151621714234
46.2112499,8.272795481000864,-3.076602207089911,-1.3141642622491105,4.853978828150294,35.27681809257826,5.646497471985168
46.2212499,8.254813758385254,-3.2288294729885045,-1.3630066245313313,-1.1381714889031738,28.711116716099824,7.528009606392102
46.2312499,8.308452463885692,-3.5060442670841456,-1.2852985685980873,-5.376961543004688,22.152408781461496,9.420645986093342
46.2412499,8.329625739681422,-3.707423287978133,-1.0996647723875153,-8.331087420591444,15.820292276156515,11.348788488951861
46.2512499,8.39741982421007,-3.7256408436373425,-0.9794850373118742,-10.59026807296443,9.922330374383119,12.670293915885257
46.2612499,8.635288666410654,-3.836651688445169,-0.8960219000963109,-11.503985876426812,4.9511081711623905,13.801190246111675
46.2712499,8.81075496353609,-4.054232041232212,-0.7727410298629054,-12.051681108718547,0.8415229147038844,15.459099431371705
46.2812499,8.792403250864828,-4.313395496744142,-0.6782343996748473,-13.079537599259881,-2.6407484082793196,17.36025569262947
46.2912499,8.663080079836035,-4.543314957870984,-0.7746316647114181,-14.088034392025973,-5.9481459475028995,19.024088853248717
46.3012499,8.537464362880598,-4.5511633920586245,-1.0231018424688116,-15.279298133116605,-8.912495333325097,19.534467854867955
46.3112499,8.460778546808475,-4.5739387126512465,-1.1978738822950388,-16.313510623137308,-11.11197930776176,18.937548573538102
46.3212499,8.40980047039655,-4.781290827269572,-1.2423466813906208,-17.333326002043915,-12.868331439291719,18.347229069986128
46.3312499,8.380443133609893,-4.915712284492167,-1.2509936521642135,-18.781797797552635,-13.859552147707069,17.818631754131776
46.3412499,8.393872338286824,-5.027815091518663,-1.309333315801782,-19.392103740807542,-14.32646431736924,17.14714192818
46.3512499,8.47413275888183,-5.250217862066472,-1.3614253860567809,-18.412029985306937,-14.85641910003368,16.736999110041918
46.3612499,8.541433046259243,-5.453896278160065,-1.3739885683443,-16.22616396430354,-15.586058323261126,16.813165663360863
46.3712499,8.518476737386012,-5.497559363194977,-1.4439881038897073,-13.064323891414563,-16.1094626880664,16.906728761302695
46.3812499,8.486916298096007,-5.398068006557332,-1.5310026201781355,-9.774815629758832,-16.515531184356686,16.574325995767996
46.3912499,8.45934988691346,-5.223826532088708,-1.5909347995741314,-7.223261212170123,-16.837378207076775,16.252668266357134
46.4012499,8.368358018539476,-5.041105369261859,-1.6580570543976678,-5.772080983921491,-16.9708150819619,16.17118394584578
46.4112499,8.243130221563232,-4.864683588458718,-1.7379907155096543,-6.097003167563961,-17.402797798102288,16.4954959988797
46.4212499,8.119898472388009,-4.746933414171327,-1.8193205827635164,-8.007530670976841,-17.94203478197609,17.243719232291117
46.4312499,8.006635960301368,-4.776402958611232,-1.85836915033829,-11.259485467557237,-18.62712526126154,18.23210927194202
46.4412499,7.844565290645722,-4.724827363806496,-1.9261623503824854,-15.835083752835775,-19.58774353495279,18.940041171471172
46.4512499,7.675355759205106,-4.626527610284722,-1.9946973009442341,-20.370303924565356,-21.040789829315624,19.062784603609295
46.4612499,7.587489255425582,-4.634005265369166,-2.013752690793668,-24.22365167541976,-23.073144639282845,18.94005321450814
46.4712499,7.5221991839765465,-4.564793926369465,-2.0286236996764186,-27.915744455720088,-25.44920008488084,19.00662602635264
46.4812499,7.450469046652196,-4.4509678781760575,-2.030592087020676,-31.297652345274827,-27.885436633440214,19.862194624519386
46.4912499,7.407169498266177,-4.470719921858809,-1.9944249616210392,-34.389157519945655,-30.20936212982726,21.873909029067622
46.5012499,7.354439351779245,-4.327976003045515,-1.9710063170964538,-39.55050554408853,-32.80264113201631,25.40029833732478
46.5112499,7.302016237244355,-3.987509432120471,-2.0337653877012727,-47.157651715622364,-36.164903982453126,29.781364610850652
46.5212499,7.290286345279384,-3.7783843749833954,-2.134918670154822,-55.67963202194414,-40.0881589418726,34.0334272621679
46.5312499,7.315349269133525,-3.6296838762497443,-2.2920277097721815,-66.06414652292806,-44.61680698739333,38.608960357392256
46.5412499,7.380844964476662,-3.5121518445292508,-2.509303367144739,-77.0027108630134,-50.1379275772602,43.05553394012623
46.5512499,7.54868089848666,-3.4722234779913532,-2.6880467938246935,-86.41566928793466,-56.50677818355782,46.934591022139294
46.5612499,7.787805999130554,-3.5030489220069447,-2.820563601975482,-94.74321187970692,-63.18278414440117,50.47547849596613
46.5712499,8.100885276403156,-3.5017062557223837,-2.90885050430769,-101.33762032442631,-70.3645221554446,53.045837030011874
46.5812499,8.625126603985352,-3.430339697698061,-2.8895492356095818,-104.67703324218043,-77.86497444496783,53.579175726953316
46.5912499,9.29378701435464,-3.3495258467714955,-2.8005746738906048,-104.83143028853632,-86.09599271640884,52.26522594269734
46.6012499,10.016373916539468,-3.287670532324662,-2.7157335256738784,-102.2264721298269,-95.25716468205772,49.925084312169254
46.6112499,10.879140797304654,-3.190337144827331,-2.7275195479970074,-97.08245566653129,-105.13678677356931,47.10122219031114
46.6212499,12.146108636578816,-3.0041104041645768,-2.9106289243827987,-91.074282266819,-115.82411728411546,43.61618999545669
46.6312499,13.930706076108942,-2.7281749141598706,-3.0262195442234567,-86.49936210955318,-126.70511395752129,39.12718169121471
46.6412499,16.001938505376113,-2.3681186326717207,-2.8380559105158287,-84.59026469151395,-137.28885471111295,33.62353918643277
46.6512499,18.081787501953322,-1.9276864732255856,-2.422268848308828,-87.44788494321311,-147.24908117055833,26.51651421200532
46.6612499,20.08284284113393,-1.5289641487586465,-1.9053708867332302,-93.92150498523752,-156.37960836750258,16.754025025841443
46.6712499,21.93379185422913,-1.0196495087951132,-1.307264699262579,-102.59399718295526,-164.94053275242723,4.361833972881535
46.6812499,23.763655802635945,-0.4816383623448483,-0.7283435762769916,-112.37781762910905,-172.43165648186766,-10.06790869717728
46.6912499,25.84980255071659,-0.42759155558335155,-0.3297301769532763,-119.76940784172467,-178.85608318787015,-25.21215777502817
46.7012499,28.074182812610854,-0.6986611677344386,-0.021989922813568683,-124.80223441323776,-184.24550904161416,-38.23378123768833
46.7112499,29.35760728928345,-1.3080969938337452,0.7050246024587001,-127.51715722196914,-187.1343940783883,-43.48548118106732
46.7212499,28.30347733493949,-2.5268244840375957,1.747362927226764,-126.39932359740472,-187.70250735875044,-34.814841686863716
46.7312499,25.656368260178265,-3.352625185458411,2.060891362482401,-125.74280098567094,-186.94640757741718,-12.26632863861236
46.7412499,22.519081813484185,-3.0516929817379146,1.4858419744755522,-128.97484463476752,-187.09391411354613,19.636607333183207
46.7512499,19.010024023482085,-2.253386100053447,0.6414134236499925,-137.37632169363513,-189.98758288340628,58.22096033197602
46.7612499,14.783556881075755,-1.829456537801757,-0.35431594068067895,-154.31742138844805,-195.40912378513187,104.9553421885351
46.7712499,8.833318958545469,-1.7878478664306883,-1.5220379307293195,-180.0939279468248,-206.22750569855816,158.34287331690567
46.7812499,0.7489643768845962,-1.411183454582934,-3.34435596746966,-213.58677679149545,-225.05486127443706,213.4170788687259
46.7912499,-9.092925127663511,-1.7384296028650084,-6.922258069327638,-246.4990732363797,-246.43213320655468,269.20427878375176
46.8012499,-22.877358475266767,-2.852825275591057,-9.680541852100315,-270.337279897315,-277.5265794067752,325.7271549292611
46.8112499,-39.89996828129368,-1.8510526125510491,-11.263119323690521,-293.82717860261425,-308.65677324840783,373.32074226890967
46.8212499,-52.150070685482014,-0.048575831805111325,-15.154499364201515,-324.06885845285854,-295.68984497357184,386.4867234755253
46.8312499,-54.00488779366071,1.1930523572584384,-17.463295942563274,-347.1282515881707,-232.74434046229388,339.0794580598346
46.8412499,-41.894136596565325,-0.2964157133072156,-12.692445210603328,-333.90140543623073,-135.75845136378905,239.83207486992887
46.8512499,-24.764468602878882,-6.714247383450022,-4.127114694648625,-267.7671662853319,-28.616714740505053,126.35734643469489
46.8612499,-17.775614526212973,-12.692645002881642,-0.10247548003858206,-148.5604519423718,47.28378928571774,21.36659117528576
46.8712499,-17.038883827223398,-14.155598886798018,-2.409326524317453,8.303903657854715,94.20791317612874,-69.3624865057837
46.8812499,-17.31516075112299,-12.62262820513091,-7.495250872804133,164.15878127597387,126.34119443472454,-136.60546232998914
46.8912499,-19.316618485473548,-9.60865330360857,-11.373710558557118,283.48345061921003,140.864909856051,-170.35066966545696
46.9012499,-20.24590928023049,-4.90077698819871,-12.931455535931013,349.5865385310878,143.7716226628396,-180.65584957720827
46.9112499,-18.919577249201502,0.11956457062825435,-13.103680764182487,366.484042874065,141.60984954717262,-183.72950959839116
46.9212499,-15.771651896213983,4.311590638651539,-13.000749610651773,338.85269739510767,137.18119495197206,-186.82375042079022
46.9312499,-12.281241835220033,5.449325526849293,-12.899862314418288,289.6751666015172,133.43222929250476,-190.34078499371765
46.9412499,-9.82288396250407,3.380672952155753,-12.20371580855382,245.94407316706807,132.98809419348805,-183.97009445575935
46.9512499,-7.748482681802043,1.5629449191832283,-11.48086751589682,201.91993323730486,131.50244410302633,-162.42297487721183
46.9612499,-4.89755005336323,1.3162320938539993,-11.212913009119388,157.56724052872295,128.9246049883981,-137.6425133989153
46.9712499,-1.1945284783921917,1.306716899554687,-10.498927969867578,121.18083680487592,128.2572133693138,-119.29676237077979
46.9812499,1.8650412850571256,-0.0447421172005555,-9.606580996720478,98.66325796105306,124.11965595360391,-102.80308229757838
46.9912499,4.754005884789754,-2.1342097503850956,-8.929043286297704,84.74282292505191,119.28601947156001,-83.36394648630254
47.0012499,7.907742792422674,-3.286124423254939,-7.967440347799752,73.02078750288969,118.58246672046513,-62.9716375820732
47.0112499,10.218168998130302,-4.255774750568413,-6.908730479574264,68.98555145056925,120.36856211703171,-44.96119718289277
47.0212499,11.270069493130025,-5.878686490315511,-6.1132908498308876,73.67794168160486,123.31940940211624,-30.724198955418395
47.0312499,11.371290865802843,-7.321670558253856,-5.709709364440386,85.05494230593207,126.54141907195051,-21.002730188271705
47.0412499,11.148213875835918,-8.135052020459145,-5.449117839526099,102.17681900322438,130.86588052135232,-16.881953830941846
47.0512499,11.110158766710706,-8.980476157257867,-5.143650438547525,122.939956702333,135.46233068203816,-16.384902746768482
47.0612499,11.393601512576183,-9.747791887697588,-4.812741294921501,144.78023794690756,137.86607399940664,-16.993138878209887
47.0712499,11.507469428775913,-9.40518895106898,-4.593000286697359,162.96347559655408,137.3751962367252,-19.43229208158112
47.0812499,11.455949722094772,-8.60872633836988,-4.620411073082636,177.20147484831332,135.92702676200682,-24.405043345854857
47.0912499,11.432477947833076,-7.769811818735408,-4.527112824743377,187.03447639726778,135.47486362178412,-30.816921986943726
47.1012499,11.370001251849562,-6.975134756958714,-4.131637642690754,192.11341522294174,135.93842779568342,-37.753821987202144
47.1112499,11.318488189537307,-6.438401276088738,-3.6710445872331983,192.78725606066484,137.21458117153247,-44.487669593196095
47.1212499,11.265796218147349,-6.060120516425948,-3.1785135195272387,190.34178031586927,139.59603759045987,-51.117858828096985
47.1312499,11.106940413979089,-5.546059967250306,-2.6188051863753397,183.15473659476123,142.5164308391141,-59.066357890982864
47.1412499,10.906000422721435,-4.935174991194467,-2.236115705469899,174.0380215872109,144.35829237341443,-67.2789968873763
47.1512499,10.650734243152161,-4.462902494334856,-2.10357042779203,165.1769205912633,143.93874378355792,-75.09810204848822
47.1612499,10.055630376053228,-4.270376104109718,-2.135293076972371,156.5963596630879,140.45411329938858,-81.79985444040722
47.1712499,9.356787187071806,-4.6588166651150615,-2.4266997155760346,152.14409607399136,133.68427065845097,-84.66124149246812
47.1812499,8.9134348440423,-4.92353180869556,-2.900739685116661,148.81781848031895,124.72750422895744,-83.49437389361213
47.1912499,8.501186604739843,-4.566926549479881,-3.0193320040559386,143.2966054450067,114.92966038008102,-80.318219497735
47.2012499,8.11665080866195,-4.096732584211866,-2.630124441537318,137.68539524627886,105.71473620856294,-77.40963346595471
47.2112499,7.995169664680462,-3.533650453457198,-2.1390474314992884,130.97553714660086,97.72786187071608,-75.9356207690556
47.2212499,7.94639139289912,-3.0877310357762826,-1.7622506609804676,122.09707561657186,90.1588754447172,-75.20000470164166
47.2312499,7.972534806211427,-2.9528282852088186,-1.6127656303012925,111.7236176780528,83.50413133151123,-73.35955715143118
47.2412499,8.053180668130338,-2.9231494090492087,-1.6947018643033882,99.97334334718352,76.91881700304346,-69.83525534180055
47.2512499,7.62063741602314,-2.775841241577345,-1.698318274448187,85.88677963495485,67.28124148293206,-64.71889821041451
47.2612499,7.641117585944206,-2.878949978618563,-1.6655405436859625,73.99146738789733,59.3648835561221,-58.23323985212922
47.2712499,7.945570664686196,-2.778959355007244,-1.7042539449801355,60.65740700821779,52.47870130864882,-51.14851258390668
47.2812499,7.521548391365612,-2.385979331378502,-1.6129856835740708,45.112286608194125,42.5849258334969,-43.89263456300457
47.2912499,7.5445575313041555,-2.3197104808606976,-1.5994588963707832,30.467448301183357,34.495978030240444,-36.86824221028876
47.3012499,7.798045533129034,-2.13591400059442,-1.6738895465565988,14.436213801602563,27.23887386377663,-30.464445409570427
47.3112499,7.937314717127005,-1.965500436835509,-1.67591484127302,-2.080181039679293,20.253767504205538,-25.016259743014963
47.3212499,8.060358752907952,-2.163476325177031,-1.6432306061927666,-17.0825191378722,14.522438135273006,-20.772110921526757
47.3312499,8.067090988661864,-2.643577368423146,-1.5641137338600546,-30.194010262617393,9.65667508928482,-16.51089968080961
47.3412499,8.095306506062593,-3.2346277376656523,-1.4408608796546305,-42.042380807064774,5.067546747229421,-11.447206738687868
47.3512499,8.204241475807642,-3.7336850637139403,-1.274516163940131,-49.519209086328125,1.718963568069976,-7.478173598969492
47.3612499,8.392772106692707,-4.133418266312153,-1.0058094783590927,-51.54583414166631,0.3553656471785035,-5.175383134265715
47.3712499,8.623148718834644,-4.635931425919981,-0.5980558455976559,-49.74754083762801,0.37848022537041903,-3.5282061333701824
47.3812499,8.781581092379893,-5.148366019345078,-0.2148306008636748,-44.57659894759862,1.5443510570799501,-2.2310940821795957
47.3912499,8.854107455494251,-5.497345481616669,0.094768608066476,-36.95476903581068,3.757797163708868,-0.9226299609834426
47.4012499,8.910464554814757,-5.760421720336147,0.33023555082881,-26.652767558153037,6.50149862918063,0.4251627646047456
47.4112499,8.823306305802879,-5.934853830544608,0.39111624213774115,-14.802102519573543,8.572589208916781,1.521371282044454
47.4212499,8.55419171433097,-5.931604558477029,0.31388795301592387,-3.375957266439113,9.423790914633702,2.2993397886563054
47.4312499,8.36667278184526,-5.834485215341768,0.1901133761090942,7.554458072890496,9.626804901758593,2.48767714979498
47.4412499,8.261899220906091,-5.718581603531175,0.05649134237018146,17.8557260638663,8.917224874407287,2.152753488992988
47.4512499,8.134046379203022,-5.483090103419816,-0.11289297870307176,25.303797690850494,7.064694660169663,1.6587615376746108
47.4612499,8.082538221459782,-5.061344143220457,-0.29593724993360176,29.05890812428815,5.0203977712175485,1.4131293128178002
47.4712499,8.118338852583717,-4.694454334607659,-0.4480856845998824,28.981629274493788,2.6908073370602015,1.6510252013947577
47.4812499,8.17682705106202,-4.3593668758724275,-0.595913437882659,24.49551917548617,0.3918043051343582,2.192441308328855
47.4912499,8.217457029266958,-4.019318060887856,-0.7242825318229918,16.771086474578038,-1.4663907111780143,2.673066113166814
47.5012499,8.22592627664522,-3.9463586339223817,-0.7600799033806923,7.584322975354737,-3.158217133994418,3.461697884928708
47.5112499,8.16798125037402,-4.052946615099835,-0.7930318541927127,-1.9545995440673316,-4.633833152914902,4.608322524428474
47.5212499,8.053454760079182,-4.157760937736131,-0.8621776772694003,-10.519270283135343,-6.153899690798818,5.87841612585087
47.5312499,7.964931448604779,-4.391085111845175,-0.8911540283301437,-16.438641714171553,-7.851198058699945,7.375082312871502
47.5412499,7.91297854777548,-4.690780852118509,-0.8572349371201262,-19.97756487368561,-9.981063792588628,9.231716841649328
47.5512499,7.790714378162794,-4.919729245572396,-0.8561242773531094,-21.812051824841213,-12.766487055993254,11.65400636698819
47.5612499,7.644308966380196,-5.091893577089486,-0.8687772166512673,-22.107108721619376,-15.75861732285629,13.784400928784992
47.5712499,7.577899354890143,-5.282007348028866,-0.8699651267055414,-21.483903617020808,-18.232362907152197,15.449655540629223
47.5812499,7.497750296429247,-5.3163063432640625,-0.9387306804085428,-20.932991923361065,-20.694583234826258,17.029109439004287
47.5912499,7.4023012790342,-5.1764780786545606,-1.0338264494389002,-20.92391176758886,-23.431052301273745,18.300538741815927
47.6012499,7.400182123622267,-4.993934300586598,-1.1503440766473187,-21.981721622344192,-26.005636474363556,19.41313937834588
47.6112499,7.430747685815636,-4.8274649867182235,-1.2160481748597918,-24.570431500680584,-28.257626055186456,20.649020426041098
47.6212499,7.42704299489317,-4.676769222156053,-1.2301757304412864,-28.911772021333647,-30.31587406324414,21.976980214090563
47.6312499,7.459407992165253,-4.569861915506749,-1.2829689263500512,-34.60069512840057,-32.03840666523438,23.168684404441656
47.6412499,7.512033357460841,-4.462684689351523,-1.4016264861930974,-41.42051556776923,-33.512717552947386,24.214785867487716
47.6512499,7.553778089995583,-4.284458566732221,-1.5340671641120374,-49.296769390961515,-35.00928967737331,24.946390425746102
47.6612499,7.603700816562372,-4.095356212585296,-1.5930706297359594,-56.78919332856058,-36.708356772035984,25.227034605716707
47.6712499,7.68356040201923,-3.8861016166186886,-1.6224472621044421,-63.72784937950016,-38.616716123243265,25.36917085738741
47.6812499,7.823260895205237,-3.7712991600949435,-1.699863102875603,-69.87791666426081,-41.09937713477457,25.672248959547908
47.6912499,8.011130840584228,-3.8133833769111103,-1.7542368381660987,-75.08563785711077,-44.29617850463377,26.42569343300665
47.7012499,8.188935280515183,-4.0743720181386545,-1.7425971516791952,-78.06663885662945,-47.97126057054262,27.751627472300434
47.7112499,8.415215983843684,-4.492813632877744,-1.725401833810951,-77.58865552716871,-52.25003639192294,29.6175672462817
47.7212499,8.735501866479376,-4.862536684298327,-1.7169250175373798,-72.9037251924912,-57.47842858367619,31.512026937034218
47.7312499,9.020518499585949,-5.0221289335941846,-1.6840107233637325,-65.08664388549259,-63.286624899546254,32.925926037624215
47.7412499,9.282325430772241,-4.95675169684497,-1.6672078398706072,-56.402803174993565,-68.46664634977446,34.79496476698566
47.7512499,9.617397333556054,-4.5486997205097115,-1.7642091767834702,-49.12751875876938,-74.169165266156,37.52692372921427
47.7612499,10.093247188262227,-3.699586148596976,-1.928873559835415,-45.50582929301279,-81.91464885169849,39.74690945289903
47.7712499,10.651339593975838,-2.8528301651326022,-2.0851995546808086,-46.28771466014585,-89.31595384062915,40.48629123866201
47.7812499,11.28437842790178,-2.1161444124193705,-2.3820812369974873,-50.02916591937084,-97.16787110120775,39.41058498998082
47.7912499,12.190628697068885,-1.4119157722566031,-2.7740863530820574,-56.7708507293718,-106.7679753241494,36.590711029841174
47.8012499,13.45152825979898,-0.8136337508549866,-2.9908477440234265,-66.58527931455961,-117.18688625538722,33.07702128395031
47.8112499,14.953305619739737,-0.3131062161556963,-2.9586566005698045,-79.60081012408965,-128.18682151627627,29.12962185445385
47.8212499,16.593951984554568,0.1389227807227447,-2.858752692221556,-95.100965945051,-139.47789724185125,24.591912640689593
47.8312499,18.34769361217768,0.5973333854243736,-2.6903576782858174,-112.49486381836451,-149.78816069562214,19.529138196910644
47.8412499,20.09503513435918,1.1022642593734042,-2.3481696325015373,-131.7265027397523,-159.3680874984427,13.417033861570582
47.8512499,21.79824650230499,1.3177594761353586,-1.8789014920444331,-149.5819465288392,-169.24619924339572,5.737322650405345
47.8612499,23.586030827459822,1.2096711196937415,-1.4045294694935906,-164.95596488809474,-179.79965218157747,-2.5469289451699355
47.8712499,25.58807618676841,0.7911294842753411,-0.9190229494673752,-178.2578614758285,-190.004359255473,-9.534921613242203
47.8812499,26.977381292505736,-0.3121075947145142,-0.3209200358818966,-185.35384230205446,-197.55582113653398,-13.813552975718657
47.8912499,26.570268628074142,-1.5977924411858095,0.39097687698736955,-187.46300406940261,-202.75101981531378,-11.266991801578621
47.9012499,25.088354238272718,-2.547946390927855,0.9988812296102003,-189.01502525881264,-204.941009884693,2.3244702604587264
47.9112499,23.160281981553464,-3.3971287529887926,1.3785345321134932,-188.8326036164131,-204.41119291170529,26.977334031356047
47.9212499,20.20796049839419,-3.860296090363047,1.2173315660871837,-190.77980758179214,-207.06514906346493,62.95496544858118
47.9312499,16.259285429463105,-3.7687403491685374,0.3449391681697397,-195.99458510285518,-212.7543925264406,107.56881431944346
47.9412499,10.129126308657822,-2.225259257346207,-0.41292557158539595,-211.1862864857653,-225.33978684700978,153.611484059948
47.9512499,0.8533487639562256,-0.4479201299374776,-1.8372456836751274,-243.3820419161373,-251.76828479312394,199.02666629509594
47.9612499,-10.979279165492388,-1.3601473360551517,-6.222525597913188,-282.9175540776355,-285.35827962425105,254.78090507663129
47.9712499,-26.842395091985036,-3.5960654974857995,-12.064694982607609,-319.9872231701213,-329.111196560833,329.37126892036645
47.9812499,-42.37362621972344,-3.644327956665913,-15.881429351772976,-347.4468161284744,-362.70155995829276,390.31758231066874
47.9912499,-52.15251249761812,0.511969557562728,-18.694157175030075,-376.7704328410126,-356.5959180063395,401.03513906797406
48.0012499,-51.14346201406018,6.159694855090216,-17.799293423600318,-422.0621783749145,-295.96647833965204,342.6559660306354
48.0112499,-37.16958046507851,2.420960639624584,-11.406875977971344,-428.3338848055267,-178.39989701666957,240.58475884637676
48.0212499,-21.10655567256193,-7.08917109767681,-4.73119688587584,-372.13130620586395,-48.21660155890745,136.37858500412563
48.0312499,-15.657924511309997,-13.194541869362743,-1.2235275245399295,-258.8244765970268,42.35945661880781,42.28283244663254
48.0412499,-15.410239226094983,-15.31785606656294,-0.9911857790323827,-91.4566829813216,101.14377698463159,-44.2811451613098
48.0512499,-15.012303208728715,-13.146125325275174,-5.241723449331043,86.84413186765799,143.97433293801652,-122.22914571089692
48.0612499,-17.34823329205794,-11.225650310023726,-9.999194313767767,244.60137076694002,165.74272012718754,-171.54625393041056
48.0712499,-20.316919979058927,-9.602135831133657,-12.236923043969535,357.67796443245845,172.14970673242686,-184.74049178083865
48.0812499,-20.651972737512388,-5.954512720024186,-12.500835211675003,418.3288999105465,170.3455431608136,-179.53462507723123
48.0912499,-18.775582539014685,-1.0772997176527028,-12.321185694024225,433.3441697006151,163.01273656516983,-175.1131242301118
48.1012499,-16.13489411978817,2.3595722496123703,-12.606860873078178,415.44367349451034,153.79433097616348,-175.84418253959012
48.1112499,-13.046361335850758,2.983401384388148,-12.547064372440547,378.84679154949,148.1613323130989,-172.22274095661098
48.1212499,-9.932931234542465,2.6249480592320173,-11.991115666263058,330.4125921565421,145.2675158449462,-158.8633473995702
48.1312499,-7.342567716060951,2.12307106183501,-11.662423488676811,281.80263148424734,137.30719369494494,-140.85144712683478
48.1412499,-3.9526603670282183,1.5718888745559079,-11.359643492186407,236.56729620689498,132.0934402713187,-123.54929320376179
48.1512499,0.10569307708602722,0.7987085058542422,-10.571070033748,198.09988401384135,131.93784518278292,-107.76875442463617
48.1612499,3.647741143029085,-1.0299961252527847,-9.533157526001117,175.2890873341669,130.9532502850106,-91.34450273442033
48.1712499,7.1706879433633555,-2.9658920847615944,-8.39604536248847,160.21142777707368,130.00507341633028,-72.38804657417576
48.1812499,11.130958660874608,-4.347777608689713,-7.069802804892398,146.53295576961762,132.4326719766806,-54.24048900271796
48.1912499,13.998700437218224,-5.675855994948738,-6.031165200713834,141.36736886708266,139.14956902118942,-43.82605035035966
48.2012499,15.278787236014882,-6.742657230610823,-5.309630075242465,140.1067482194655,147.0960053492143,-37.67990594612227
48.2112499,15.485944927986836,-7.1655116225474,-4.998902582903179,138.16381069324734,155.22601615214128,-33.64285389748907
48.2212499,14.224303758114475,-6.868386069894094,-5.2328229765107706,134.08716571995845,162.48788166263313,-33.749497596117195
48.2312499,12.339272162826909,-6.357042672279438,-5.772498693416581,128.93941634150323,168.02268155497828,-37.309973110842044
48.2412499,11.171682888406892,-6.42741687579898,-6.146263520318951,127.81593674932557,169.9761565568094,-43.01788240316522
48.2512499,10.80029519829328,-6.800133164804929,-5.919398514247664,130.54804095984952,168.83129134196122,-48.110013462783854
48.2612499,10.929553541626003,-6.932301373551098,-5.180805215862808,135.00658792245463,168.10546954022297,-50.3096062842635
48.2712499,11.189848662780442,-7.1616097798201475,-4.362053831880669,141.43394972315525,168.99609404346435,-49.94106532770886
48.2812499,11.328329107070138,-6.981591684442073,-3.4577665138749762,147.0617188643631,171.2046062854234,-49.435919602703834
48.2912499,11.350228709630633,-6.032377828992805,-2.5004606683310953,148.1154133099569,174.01369707335516,-51.279221216483464
48.3012499,11.106004020554549,-5.246993517739611,-1.9669644852869963,146.5309806317081,174.6577505393286,-55.83422681463461
48.3112499,10.694226794788904,-4.760390757878836,-1.936220090693415,142.44482645773994,171.99644481455192,-61.46627176461417
48.3212499,10.075654976588003,-4.464473331802115,-2.0617260927294145,137.68336431364554,165.02956654623202,-66.84675982694928
48.3312499,9.407836573966907,-4.8648339880499325,-2.194076674668337,136.7652047281309,154.7003066714986,-69.81997168031963
48.3412499,8.852442357024737,-5.481464914549714,-2.2042219171707678,137.96034710432662,144.00769565232216,-69.40055891672421
48.3512499,8.132730439046655,-5.554397463699268,-2.004143736184622,139.26510621009663,134.04356047873122,-67.01089892658158
48.3612499,7.498363096640495,-5.336627875915092,-1.6355900270210744,140.44544311468508,124.7373924801377,-64.72305137776895
48.3712499,7.23078669175869,-4.804154465850196,-1.162146458862362,139.8180232999222,116.67590223902431,-63.908603765038336
48.3812499,7.2966260918643036,-4.164820592373085,-0.6912593972751959,136.68137124030952,108.97501729376198,-64.82609520076997
48.3912499,7.531056979282672,-3.945992792659981,-0.3535295796895704,131.1126533463684,101.04338498558667,-65.46306846351223
48.4012499,7.47256474157754,-3.957608698519014,-0.26502466185543855,123.86440906791422,93.57922268196474,-64.00389453865336
48.4112499,7.341971228659084,-3.7460971389128903,-0.2924581564188601,113.98683713204962,86.48557108078278,-61.13019869934827
48.4212499,7.384176982771984,-3.566348475842059,-0.2731096531704408,104.6862128240739,79.70178816129574,-57.66948368088665
48.4312499,7.354984878685556,-3.1588389273857524,-0.33394730916790555,93.40511124920681,71.96683183151593,-54.29765698887638
48.4412499,7.341309423961597,-2.621395948284506,-0.37739398865936014,80.06234419452764,64.2576453912607,-51.00108642434138
48.4512499,7.421651355243348,-2.431495323109036,-0.3706121663026827,66.51492732814984,56.79026187572483,-47.497967399943334
48.4612499,7.5327336588825355,-2.223336070111846,-0.4905761916122119,50.496299472053245,49.173139849792385,-43.265833810248324
48.4712499,7.693943365863907,-2.0081168237968487,-0.6002283431577894,32.771847618181134,41.6551774858307,-38.226027272695326
48.4812499,7.872502187202478,-2.0743000353078314,-0.6224923928123347,14.990769951436786,33.94835181813406,-32.710377305028445
48.4912499,8.009716888605992,-2.246109481024134,-0.6503272073729711,-2.558461512370916,26.15345249428679,-26.901309059626115
48.5012499,8.106021047043853,-2.5383481151032083,-0.68745178815521,-17.45057380022385,18.905587752940356,-20.91946739653967
48.5112499,8.25390467154863,-3.1271498034730287,-0.6286906356053676,-26.968439825299864,12.428299259936846,-14.84789787259106
48.5212499,8.315525853946065,-3.779155832767179,-0.4547501489753746,-32.35260631281912,6.312676419868967,-8.727313382601709
48.5312499,8.313125934194204,-4.2008420342062145,-0.2847655362244359,-34.70610413862032,0.8995182989593629,-3.5580554349223257
48.5412499,8.455121685913113,-4.616672467791894,-0.14903245204252472,-32.9592814757082,-3.12468032626562,0.19670635879242754
48.5512499,8.63524496385376,-5.044997775112765,-0.06620291025516906,-28.91872329467083,-5.67622544272439,2.9968145337664867
48.5612499,8.758639814632565,-5.23328214217829,-0.009670861024273418,-24.257248240560198,-6.687437715097539,4.8289551706833445
48.5712499,8.853671921027452,-5.284435197589309,0.16215879464353136,-19.205142210255516,-6.644268880490023,5.143267131468966
48.5812499,8.923536301653046,-5.450469775049858,0.31785683298752415,-13.860868687889013,-5.514805382296519,4.495561864862777
48.5912499,8.955723100925859,-5.651661292208636,0.22578011704500273,-7.613564940704704,-3.7010529844882423,3.953694395046176
48.6012499,8.955570077294773,-5.71464604532145,0.04554267555367666,-1.3094217094955323,-2.256770831355186,3.8308155320535704
48.6112499,8.910997048061214,-5.625060581861694,-0.01156967879941927,3.0102332256450923,-1.7486993008135496,3.6342881824156055
48.6212499,8.795843936458969,-5.347316777739132,-0.02034276502729313,5.656996228190884,-1.969039750453039,2.942294017130937
48.6312499,8.706076667644522,-5.000089513149731,-0.041641580742100094,6.957713055672624,-2.863370369346773,1.5813326804455763
48.6412499,8.611093067165767,-4.674616007390068,-0.07281637526018422,6.800871361436406,-4.667864743914773,0.3044886022660972
48.6512499,8.467684891137095,-4.474356950598105,-0.06491632363033059,5.320671467336434,-7.3663090788284435,-0.14773460330800936
48.6612499,8.411007930588575,-4.495578209851129,-0.018716955016473077,3.9018910410143652,-10.038076696192796,0.0807150720739029
48.6712499,8.394818114516235,-4.537921040903284,-0.044757538026634236,2.9546726256709395,-12.196267847543954,1.1951001819686058
48.6812499,8.281684609616862,-4.52354643026378,-0.10852077449545768,1.236646081307152,-14.133852247896899,3.081352756899382
48.6912499,8.143076533580805,-4.466305380371686,-0.1493312694189856,-1.4307439068783947,-15.733526987347268,5.170135418903064
48.7012499,8.101217900219304,-4.255727646947308,-0.19144015155430524,-4.973144880527417,-16.98164608978097,7.000021593028169
48.7112499,8.104706698994093,-4.178362286105032,-0.1535671709823065,-8.465541145180904,-18.06878927181025,8.875278171456795
48.7212499,8.021565113692008,-4.3253158782792,-0.07768270017041161,-12.063489150063795,-18.803019552617208,10.983711688088846
48.7312499,7.868048716637795,-4.432474417025239,-0.1596571922260893,-16.060577423567963,-19.21864131139631,13.637819458500363
48.7412499,7.749800160335265,-4.495165829440598,-0.377456062736761,-19.876203869723863,-20.14780611986209,16.18785585603522
48.7512499,7.722829429740153,-4.595515824430768,-0.5197664912805231,-23.69184941541393,-21.497811740229913,18.171625063887436
48.7612499,7.730635544092115,-4.756458070384825,-0.5279947566119261,-27.52105864768983,-22.764542864969222,19.737886816247453
48.7712499,7.680966570903996,-4.962295635440264,-0.5088504569296844,-31.092432323501804,-24.09058648537773,20.940825817360412
48.7812499,7.561714030510969,-5.126687260122607,-0.5159016495851088,-34.16518854112931,-25.537467622296216,22.10096873045619
48.7912499,7.486041382540567,-5.229637744450476,-0.6147186505478983,-36.956531216095144,-26.940685856051985,23.20167092579469
48.8012499,7.39960730580626,-5.241165236507948,-0.7813591301274785,-40.03736926156475,-28.74212426177814,24.318910270439872
48.8112499,7.302353195439389,-5.173303256963291,-0.9554518616274447,-43.27420634969981,-30.99307575605968,25.74166428218026
48.8212499,7.275956586803633,-5.252624773352612,-1.0810083016477503,-45.4255693900386,-33.39593236808672,27.72257579998591
48.8312499,7.230997527226752,-5.293716426838176,-1.2141609867962588,-47.62805471464822,-35.804960611424036,30.380616174400423
48.8412499,7.155672857278057,-5.101022693412382,-1.3758689886189952,-49.628883634126176,-38.27619330270869,32.88805546209453
48.8512499,7.229408354016578,-4.901517402695983,-1.4476026410285843,-50.45260605865649,-41.114229395589476,35.10438038623972
48.8612499,7.473479373684565,-4.8592485076030965,-1.4514476107334369,-49.762584896877286,-44.334296985952044,37.3532530372462
48.8712499,7.710946653257702,-4.922769470408502,-1.4354627583030946,-47.67718474854659,-47.86677282177931,40.71929073124914
48.8812499,7.901420814135209,-4.9616585315698805,-1.4324586256157357,-44.72600171229463,-51.74372940665651,45.100990096404246
48.8912499,8.167790734754725,-4.918153996956416,-1.4676177114278977,-40.883190923063886,-56.273659913261156,49.43629606922799
48.9012499,8.423571615615392,-4.798257436672647,-1.5553037531177296,-36.73721632451397,-61.51547986582282,53.13784982741308
48.9112499,8.690612488833537,-4.602588059735872,-1.6442010569409125,-33.394530813928604,-67.08849393834366,56.11310142072432
48.9212499,9.109381229630658,-4.326494100458743,-1.7253868181712884,-32.628445313919094,-72.68022251700383,59.508565168876025
48.9312499,9.592591390519653,-3.884506557779913,-1.8792326068914453,-35.224488619291485,-78.65341626528668,62.32837312932364
48.9412499,10.143004561325748,-3.3769720260496516,-2.0201577644109485,-41.53538587056037,-85.26780415269634,63.63050518528326
48.9512499,10.912445572816221,-2.9357099399116153,-2.1078166695419975,-52.28012011509016,-91.84515785391615,64.39633524471387
48.9612499,12.04714202399257,-2.4392010259153594,-2.3387197326064997,-68.46498320521606,-98.44169655714126,64.77634422009298
48.9712499,13.456672479131676,-1.8197539346859684,-2.689821014504046,-90.38861370711012,-105.93903001560521,63.723911759937266
48.9812499,15.016232014437339,-1.034503660398722,-2.7787763121645623,-117.1123646595867,-114.64382738789102,59.83814245498368
48.9912499,17.002069741420463,-0.11181684869094738,-2.6683215480335223,-147.23080637376998,-125.13902985362441,52.484751741844015
49.0012499,19.56713887978111,0.4941020347542494,-2.512322915854798,-175.7446063993839,-137.07016501554295,41.46651381122304
49.0112499,22.751417714179336,0.42633012109262475,-1.7107202254625669,-201.85019900692774,-150.46839408313443,26.76840036918856
49.0212499,26.347365286645516,0.02845262037854504,-0.23671796468458306,-226.10599437471097,-164.62570031689316,12.111373866523826
49.0312499,29.649114981606242,-0.6079934828444709,1.071332627252291,-243.63646741369766,-174.20263886857845,3.4289490855294247
49.0412499,31.83532859289484,-1.7753765202681535,2.189880777679832,-254.83312080777753,-179.2876513183548,1.1925990240678483
49.0512499,30.944099403674283,-2.5815613391743937,3.1941068796292322,-265.01887064827025,-181.8506112810655,7.620996454053295
49.0612499,27.40392562065891,-2.3873388961683424,3.281356454180055,-280.97173459881793,-183.7800713977282,22.001438016508548
49.0712499,23.590407216464623,-1.2169635312668445,1.7458853379239767,-306.54713017275174,-191.45146791454192,40.17705349107921
49.0812499,19.77628321531669,0.5837075388841783,-0.2070802838508689,-338.7275371348334,-205.40553132423898,60.14585293984521
49.0912499,14.382597005888286,2.0848203882504266,-1.6643793056481777,-372.179189638117,-223.10223591962105,81.50903429275164
49.1012499,6.469770342933857,2.4246463496488198,-3.748798780514222,-407.080176457852,-249.20573711250216,110.46893578395404
49.1112499,-4.201653585369357,0.9751722021041709,-7.367861544737551,-439.9283210092547,-289.5095057962372,152.1330522590413
49.1212499,-16.139837724370896,-2.0484267140127526,-11.692571000014022,-457.8998607119137,-342.92360044070347,204.67318908871215
49.1312499,-28.158033949687283,-3.7875613972527433,-13.735348294719842,-456.2546808376945,-403.9697525620543,258.109582833937
49.1412499,-40.98878005210568,-3.112359323504965,-14.885754114916928,-432.27854526726435,-452.55294797781875,295.7146616119576
49.1512499,-52.05916691361791,-1.918804477047945,-19.0006219914497,-394.1337579303239,-452.6653005039945,301.59970451443
49.1612499,-54.58583703188954,-3.17843117293465,-20.83115324566671,-342.44677667633647,-373.1352340415996,273.0710930728346
49.1712499,-39.508150775834466,-8.06909693491877,-14.758981841276627,-248.59804329869067,-215.91531861500252,224.85867566141607
49.1812499,-17.312032003516492,-9.658455143395862,-5.1408481426451225,-147.12136666090112,-45.09979842976604,153.17005138767678
49.1912499,-10.355224827975116,-9.648861847522804,1.1704338632038005,-26.71350061193128,78.47390749394187,49.15481207622783
49.2012499,-12.482707161250936,-9.904632935547484,0.07088468772665445,116.94025024493192,159.48421631694615,-66.8526223303954
49.2112499,-14.527919957228065,-10.2880732099738,-6.995038024488645,246.33723709089395,204.01765778055938,-153.8414301684451
49.2212499,-18.61581097599255,-11.122610787067854,-13.452383160712555,366.42861221769596,219.104477190036,-190.39278872071688
49.2312499,-22.11906527348136,-6.15194792628594,-15.659014967767616,433.59581698854373,215.40423478468333,-192.5573519588413
49.2412499,-21.066307366216456,1.8471615142788063,-14.436487309656274,425.254735911825,203.3113106501728,-194.3844403261303
49.2512499,-17.4267719920711,6.317526530686274,-13.006206774400418,388.41489184143063,192.18994996846044,-208.59990178200465
49.2612499,-14.262924399786808,5.262649865832349,-12.030564941340002,344.63661128136823,181.08969211632217,-218.35868608268242
49.2712499,-11.801420457972302,1.781346337346979,-10.788948580991542,298.6539137389814,171.56727774349542,-206.32103941586473
49.2812499,-9.304620748053086,1.2669025839735748,-10.171204210949583,247.5246635181654,164.15393492576445,-179.55732090793154
49.2912499,-6.932253903799938,2.177462977146156,-10.025843474663795,201.83862034057327,150.11447127574584,-155.39065466344388
49.3012499,-3.5110551891203516,1.55694135473101,-9.297626494325632,167.49735725732194,137.80373419152403,-138.0384276192901
49.3112499,0.6708961184937671,0.13980137442093413,-8.164328013363182,144.67032984866032,132.8130472997727,-123.86605827254974
49.3212499,4.332668306464567,-1.344338160091024,-7.141230677479878,134.0792123916418,130.4066859876695,-109.58624189103048
49.3312499,7.826714205882547,-2.856283370458933,-6.353047233219182,130.0628632097763,131.14393704199142,-93.55479390271809
49.3412499,10.586300597704335,-4.180870089939963,-5.523760233066358,130.2355401160738,133.90596393344384,-76.59631157944753
49.3512499,12.16413880937105,-4.717427228546095,-4.631937963172987,132.9016464579864,137.48964136304926,-62.64617492987359
49.3612499,13.18668333044903,-5.081180190638025,-4.159939324444803,138.0383310810141,141.87017259357432,-53.631712126635406
49.3712499,13.499255443316347,-5.948255591135011,-4.072320266800726,148.3555858230562,145.0858173977575,-47.76339836581408
49.3812499,13.163796963143316,-6.2702890931756565,-3.99670977070987,157.0317750675956,146.85386408940485,-42.60803498149649
49.3912499,12.58825645222056,-5.90093344402562,-3.9778378814214603,159.53961010812597,147.8341176965041,-36.22714398102815
49.4012499,11.579060547589425,-5.295967641127487,-4.245207835502823,158.34115808331478,147.35052839272026,-31.15772583224547
49.4112499,10.346370286832459,-4.345298030315786,-4.619939211715236,152.6322911342931,144.5764022309309,-30.524771311827383
49.4212499,9.672850481668283,-3.643396267581877,-4.704145358229564,145.22847920090706,141.15369919009044,-33.108380465448775
49.4312499,9.94893026908019,-3.836544092680428,-4.1656161812382475,139.07671539558964,139.47610029307253,-36.52396410417718
49.4412499,10.555698915090057,-4.2795565381887215,-3.225627117254526,134.5197625721583,139.34461431419402,-38.42595488268858
49.4512499,10.885407683326022,-4.178759270466995,-2.4126009005397844,131.7064008347549,140.0561650293188,-39.85044236178871
49.4612499,10.988283333921148,-3.937000161560656,-1.724949633907097,130.34989703657055,141.2202400293772,-42.60360788735271
49.4712499,10.743299506063769,-3.941540457803103,-1.191918333912189,130.50513923319798,141.6999004153739,-45.777478294595454
49.4812499,10.210648115637705,-4.10975994429174,-0.9365245240177695,131.41666280125855,139.87188112480155,-48.202986220978126
49.4912499,9.864154391389992,-4.665862898020466,-1.0237210919035196,134.86495404970526,135.13437266781153,-48.546184433260656
49.5012499,9.747776321463007,-5.385593567622033,-1.2397137052384946,140.55484766312105,127.95012353216197,-46.98121075017801
49.5112499,9.542854624024187,-5.440819322820987,-1.3408450804261915,145.57055287375638,119.02093857404792,-45.49244475463926
49.5212499,9.295816885984934,-4.976913455736879,-1.1434736465008029,149.82913860226049,109.72162426190454,-45.49854446205978
49.5312499,9.094711067495469,-4.525130570350606,-0.6656393930758916,152.92174322392466,100.80344937849293,-47.688358370104226
49.5412499,8.93196337512408,-4.0877454191069145,-0.300401701168382,153.30363301714505,92.29292598260855,-51.249260558822016
49.5512499,8.881098184049705,-3.91555433058317,-0.17117649653081504,152.18693376280643,84.36914724231698,-54.31229140228202
49.5612499,8.856729865298671,-4.200631313689044,-0.1126859866778917,150.2794561657936,76.55611417509473,-55.39631194338113
49.5712499,8.818693313613045,-4.266396695068252,-0.15604595422428635,144.23154008219063,68.7523601993352,-54.57055418999368
49.5812499,8.584413787721232,-4.103034699553743,-0.16548587585952276,135.3839011019304,61.080101391540005,-52.21858033633445
49.5912499,8.40692012373626,-3.956815519349496,-0.2700967850962014,125.04924582586692,53.74502882348145,-48.992457705461554
49.6012499,8.4549376765262,-3.5398057909904996,-0.4504937263099287,111.7232563635617,46.755366987502526,-45.7883962163805
49.6112499,8.610232046069843,-3.0746738921904644,-0.32731735914883936,96.31666277638374,40.57613829267463,-43.29395720192534
49.6212499,8.796484493837132,-2.7542784670339406,-0.17394799966579155,79.98584696722455,36.097634177660375,-42.14546865927678
49.6312499,8.911772191976736,-2.7316031539162484,-0.21332890400762222,64.10241424745556,32.436884965287376,-41.29299493588455
49.6412499,8.895076068309711,-3.0333661025294223,-0.18042149178417521,48.28021331062079,28.23485632147859,-38.88028301913693
49.6512499,8.757623384065605,-3.392327418893907,-0.058130635628511965,35.07887713305963,23.844298255841796,-35.35761303602009
49.6612499,8.520666721032935,-3.7325236585340646,-0.08417375463815946,27.258901145102534,19.251030796649086,-31.151397591080393
49.6712499,8.391048323788043,-3.925254489690308,-0.317925320433326,21.974224739207955,14.323781267306412,-26.086081082881513
49.6812499,8.328856083086372,-3.8266409328948554,-0.6730710954475381,17.459023471162556,9.02029115701335,-20.731965095078714
49.6912499,8.34206910506896,-3.694667824315708,-0.8836649678448304,13.438705573535078,3.8690193601774845,-15.37570468836746
49.7012499,8.434782050761328,-3.5452431026395357,-0.8287139708658198,8.703954659922404,-0.41945852258182165,-10.201581434719182
49.7112499,8.552932646921835,-3.3469832660142367,-0.6114866383184047,3.467131922819913,-3.5351828995852057,-6.154142324602406
49.7212499,8.663893490119504,-3.4368963535174584,-0.34523270831787345,-0.614224780712514,-4.98933088438324,-3.30995527489724
49.7312499,8.693426889809487,-3.7616013692226633,-0.18626877832453645,-3.7136355992636916,-5.206224835445155,-0.638616675272647
49.7412499,8.669166625534702,-4.155376822964231,-0.11392262874544674,-5.288754252597986,-4.779432410130595,2.190766609799909
49.7512499,8.697594680984539,-4.57300657166853,-0.014162477338185502,-4.85511998202255,-3.427727777312494,4.961507118213352
49.7612499,8.69654273897533,-4.797077113344671,0.027619876390562702,-3.6360470706870407,-1.659441720898826,7.237095295248758
49.7712499,8.669312219017446,-4.8877058826946005,0.05050671066371362,-1.9104728099199475,0.0611016289802471,8.646096687583706
49.7812499,8.687674189961722,-4.975681583238806,0.18631818710383047,-0.19584013561026048,1.8674343479958393,9.646522817405181
49.7912499,8.643417958535693,-5.050170233218532,0.3785015482048228,1.3305616604150095,3.6811700184905036,10.319664295462594
49.8012499,8.482580536474897,-5.152444708453213,0.4652047430695162,2.132837666920796,5.156847432273348,10.936036411448834
49.8112499,8.34503827147088,-5.187859879284664,0.4154246806362113,1.8075491299776485,6.161712492912769,11.83974175523785
49.8212499,8.25455317089462,-5.060188022338277,0.2864920509419352,0.8930317039604504,6.51748931818707,12.011441705592578
49.8312499,8.228508007665317,-5.015076114733017,0.19074927043732684,0.2122192516543952,6.675265447429556,11.401520149858902
49.8412499,8.235555805990026,-5.056918805729221,0.18445862866960944,-0.7391242179601625,6.720232491538337,10.988048699893556
49.8512499,8.159799288547804,-5.0428992099943155,0.15523937104519858,-2.4508507387986116,6.356321681515713,11.26821710763689
49.8612499,8.104870999465337,-5.096593681568527,0.08913127107064579,-4.313307896939434,5.505207530636559,12.19985698065035
49.8712499,8.12395986687988,-5.207073144432465,0.058530325286820256,-5.904819779604976,4.4759023831920555,13.156629142518048
49.8812499,8.078466749426049,-5.280376745880458,0.05000248045566154,-7.163500689573991,3.192444748007834,13.714685070364306
49.8912499,7.974057297247475,-5.320804481886866,0.01281722650019319,-8.473487574899789,1.8983506399653156,13.963149492418959
49.9012499,7.9066103958308664,-5.293392061380192,-0.07659748238341338,-10.03136274644671,0.6035045051399948,13.819568678422842
49.9112499,7.899096612929956,-5.244460708581527,-0.14192589623959626,-11.715822674609646,-0.6514886342480856,13.787534482867542
49.9212499,7.955837340951063,-5.2800845032192,-0.08697153902128973,-13.670653383825131,-1.719806787945197,13.992987468477775
49.9312499,8.017419813898476,-5.35496016007777,0.046987553030676976,-15.490158911540815,-2.2665506661559296,14.361428139963254
49.9412499,8.010247857137,-5.36331801119702,0.129034470358336,-16.536525509230515,-2.5982753367879816,14.573263979087042
49.9512499,8.008669558682437,-5.410211936249188,0.1708535984231687,-16.617947023480195,-3.4354395953574404,14.874663561638322
49.9612499,8.047529218277893,-5.472359864018075,0.21676646261641716,-15.925000686811119,-4.225493194327269,15.569509621590553
49.9712499,8.007883891530216,-5.468590985581006,0.23084833310191208,-14.774792023259467,-5.183472214966869,16.324723522324856
49.9812499,7.948062412765774,-5.419950433565568,0.22294560371445502,-13.745021822941696,-6.642851976240965,17.08854218015659
49.9912499,7.882716016344176,-5.259195755933189,0.19308293626946998,-13.73996852275936,-8.23895888945075,17.85938687839843
50.0012499,7.796066046477765,-5.060760488935502,0.12825954535387718,-14.451163326480213,-10.469412725696479,18.51466373385859
50.0112499,7.7466108695044085,-4.948365902216308,0.07328669869688731,-15.647856364528668,-13.593513222611568,19.77528507771462
50.0212499,7.657603183405158,-4.882035115942706,0.04128597335306727,-17.93557615805629,-17.03811412393118,22.029555261645193
50.0312499,7.507081309407551,-4.689775441971676,-0.024058672445269713,-21.138361902016083,-21.005394853311902,24.684848522956138
50.0412499,7.436882019637304,-4.423278736969583,-0.10412716506271791,-24.999072382646045,-25.443120589159935,28.212323028063604
50.0512499,7.480247859906591,-4.16876923281635,-0.18458144307005417,-29.507920676612382,-29.985963918235303,32.94085949275145
50.0612499,7.590463930951423,-3.7365653712009217,-0.3260227705668096,-35.7193868788403,-35.73460663735174,39.257096161052765
50.0712499,7.727009441300222,-3.2420525426147915,-0.4878339652064598,-42.418023632532574,-41.696012313714725,45.745467135162905
50.0812499,7.88770005177537,-2.8988154403267,-0.579037624035841,-48.12695342339369,-47.444851986206885,50.956146258562036
50.0912499,8.177074360899628,-2.6967363719458426,-0.598759589608319,-53.25860556783622,-53.75290303494482,56.28776805064832
50.1012499,8.600467427,-2.5108039641376982,-0.6528221286213316,-58.16442099680393,-60.183940248031355,62.77352578738376
50.1112499,9.038286691179435,-2.1455741221792453,-0.8490346758658499,-64.30641008122387,-67.0695897247875,69.67824906535581
50.1212499,9.602718041527451,-1.6697845067099348,-1.042652096056648,-73.05879485181613,-74.45229300217679,76.28152781628269
50.1312499,10.453219239888847,-1.141284403411761,-1.0980593673355161,-85.86380549179415,-81.95710555909048,83.01983249915028
50.1412499,11.598081539504154,-0.510223066110457,-1.21262368514376,-103.34831868474475,-90.29030131487016,89.39185816196431
50.1512499,13.020572845303498,0.199996371990384,-1.5390769356466316,-126.15240951686602,-100.54116232161793,94.15816829982882
50.1612499,14.644329270958899,0.8702744860552284,-1.8652712914604384,-153.42305457952068,-113.15457503900265,95.97114588583334
50.1712499,16.493968633968112,1.2865347497529709,-1.9582437287695362,-180.21218648730124,-127.8719749956311,93.29117713761083
50.1812499,18.851123683849003,1.4515559774450888,-1.5234712384639943,-203.45321545565008,-143.50143294610126,85.75916192367819
50.1912499,21.888908522534766,1.2586433565504758,-0.5223832233435148,-222.95632448142337,-158.8417508994634,75.32030634374632
50.2012499,25.23795721475149,0.8105524974324241,0.5359895998714121,-238.4766593228629,-174.73938161275356,62.97090353950489
50.2112499,28.937281545895104,0.3702730667224592,1.6283294251730163,-250.08477050467346,-189.01001048558075,49.82635944533607
50.2212499,32.37958668828422,-0.43291715097081124,2.9330665634661903,-258.6887319554238,-197.8689053291453,39.71883957289811
50.2312499,33.24273863464062,-1.5900740493271297,3.9940651834759007,-268.0764971000287,-201.74134060912863,37.57148864290063
50.2412499,30.21819156822643,-2.3023963438809045,3.9727392332610356,-284.0078794804181,-202.51176462772142,46.652413233340695
50.2512499,25.104398153632648,-1.8093733858828003,2.6428167446457236,-309.56490084419397,-204.97271704712887,62.635007147483435
50.2612499,20.326594829075344,0.0868083945682066,0.25954393218401883,-347.73273293710025,-213.15043888975924,81.24258000689537
50.2712499,14.793185171814415,2.4678648592942785,-2.914566537650043,-401.31635447836805,-226.46389448533697,104.72472983432057
50.2812499,7.177975319954635,3.663706898902296,-5.9957093377435,-459.6086301277927,-245.7651006020847,130.56285579457116
50.2912499,-2.760593188252959,2.433344489509485,-9.224817844709724,-496.9594456211479,-278.08396090905956,164.09668399426087
50.3012499,-14.197736835407895,-1.3862743840418856,-13.042106207312303,-500.4772182415306,-325.7879220620375,210.8163955036447
50.3112499,-26.851365796429477,-5.914113850259805,-14.943887869283817,-502.0942631625563,-387.8233603958753,261.9191007433516
50.3212499,-40.5180483480612,-8.126886850611413,-14.541185420002186,-478.5933814458135,-443.5205125348794,305.8341569512964
50.3312499,-53.719210375684746,-8.040420422752678,-18.101750134756184,-405.1223233065105,-450.20693916154653,331.57159735818766
50.3412499,-59.530245667101944,-8.566843079657218,-22.454019567938733,-315.02952738269977,-384.13938740649206,324.9405812813121
50.3512499,-44.13781971904774,-9.904597653242659,-16.78247743476764,-208.21859574612088,-240.77863084429248,281.43558755497446
50.3612499,-19.439932918823406,-10.403903308044073,-3.942740480823109,-94.49356941366445,-63.53316260299062,200.3432630813417
50.3712499,-12.067183747098788,-11.463416312237486,4.09761779424351,35.86294656844685,70.54410828687203,82.12613715423578
50.3812499,-13.483910859003593,-12.257651421426296,3.0309668049530933,183.92199811067897,149.8586583449332,-58.1784890167599
50.3912499,-14.731196829289892,-13.02658810490208,-5.063296120976486,334.10295089640744,194.45860298215132,-177.09014080773207
50.4012499,-20.3861712536504,-13.787901746078997,-14.253881019368407,457.9621521980269,213.62514662761484,-235.6108241132219
50.4112499,-26.871444489147486,-9.796188908338806,-19.594588336178433,502.7676618837059,211.5401651218282,-245.46660642813941
50.4212499,-28.09179076879294,-2.034101822600315,-19.65964865541777,501.6165161899981,192.4753904598472,-239.05319664774296
50.4312499,-23.726014820312088,4.814725814540284,-17.134871664470555,487.7405348269654,170.56140242037824,-239.9584705608445
50.4412499,-18.344328233223504,7.080235236543989,-14.708877868546596,434.58440207318404,155.13724509166065,-249.02848471176264
50.4512499,-14.278479725068715,3.7967160252193786,-12.018677998039474,375.7230392121102,146.67941410508303,-248.60541437994752
50.4612499,-11.241927857431927,-0.48814137507242994,-10.265007542443552,331.38717323286335,137.39557456155208,-229.43873639979287
50.4712499,-6.573660113882528,-1.816901802648223,-9.921360095389007,290.24599967215687,133.701593572486,-201.1300569939352
50.4812499,-0.9780575201364904,-2.106305567616823,-9.472431714511654,257.90721641921147,132.9075553599595,-173.28368808589664
50.4912499,3.451229333925349,-3.5557458376126347,-8.308060958080853,247.91776344788371,130.46588947169204,-153.42142965123264
50.5012499,8.014148686202638,-5.142456867484513,-6.3818276316511655,246.41929620630236,130.73423078741232,-137.6265928272402
50.5112499,12.279391603122665,-5.971273538666086,-4.228883680333252,242.71916075764838,137.2613078291945,-123.8072912289422
50.5212499,14.728302744854815,-6.90040980227248,-2.3748163707939898,245.21570200280775,148.17102704089362,-114.46210877448118
50.5312499,15.408726483308838,-7.561334001104352,-1.2941054543687585,253.40225329518717,157.7291153975056,-109.69438442402533
50.5412499,15.230859203691246,-7.978940817717937,-1.112811746250749,263.27032749645093,161.37248918005432,-107.91296310564026
50.5512499,14.419472871981208,-7.940814900814346,-1.3213647038068943,270.7651047951267,159.42376647651108,-108.47090974309761
50.5612499,13.093546786488334,-6.868905032789475,-1.588083518976207,271.5645892888644,152.12241593715328,-111.99234991492959
50.5712499,12.255587931717661,-5.634668528868505,-1.812277539246957,266.82706952156036,141.42335461868504,-120.05499834979186
50.5812499,11.724802859042628,-5.119101118699766,-1.7913841612915145,260.4582121635638,131.02410449401748,-131.48721727630942
50.5912499,11.051526103745577,-4.49591823630741,-1.7540902887162355,251.5317926892378,122.37626988330638,-142.3417044876545
50.6012499,11.155360465464591,-3.1937793752079213,-1.6457666129430741,236.96855328238124,115.26298208428032,-150.54454986693142
50.6112499,11.965210603949902,-2.252297619825419,-1.0115284356338814,217.46281401287325,110.18878481703092,-155.42417441280926
50.6212499,12.361931942420773,-1.8022355705015725,-0.193193563801605,193.19386246308656,107.52107616736701,-156.38451691326543
50.6312499,12.181456233529838,-0.9807355791981771,0.209388408615364,162.13929473138023,106.28488427855349,-152.635583266452
50.6412499,11.504223696787903,0.18664324952766675,0.16394335193192644,124.27911522698763,104.26647015476367,-146.4466838241569
50.6512499,10.497329234780745,1.683812339196291,-0.07022473126837715,81.13520475226862,99.70741267383134,-141.85064262413937
50.6612499,10.021770079332805,2.5024240731102148,-0.2865712027754894,42.399088694288274,93.75730308220358,-138.1374491317252
50.6712499,9.929979259162934,1.2648559144496225,-0.5506639082053095,19.356739250070483,87.25306713931259,-132.56535503496963
50.6812499,9.15856145720375,0.03999117888261314,-0.7837262629336228,3.1127155902452617,76.52929925027833,-123.04263054745515
50.6912499,8.37863613009563,-0.5917867328737735,-0.7355990739231283,-3.790612563524595,62.291021922575986,-110.08215385802204
50.7012499,8.255475146174266,-1.4403664719293652,-0.6034003949875576,1.5832325093756299,49.28626078834738,-96.9415400675217
50.7112499,8.25345350457464,-2.075027620995317,-0.6744783107947732,9.28053285807651,36.92910358366011,-81.12214322143808
50.7212499,8.497624173644702,-2.3109956109154317,-0.7980816017489725,15.338423163737135,25.600407796315743,-62.82417959866949
50.7312499,8.735305471655415,-2.1791998266136847,-0.7632578541707172,16.476296021846387,15.052490366637333,-44.2666845912375
50.7412499,8.91751135822155,-1.954067556369909,-0.7956534737828248,11.781127424467957,6.659917813888362,-26.67088811418495
50.7512499,9.229194690485338,-1.7297378201555103,-1.099390572940689,4.010972761097925,1.3130362448718322,-13.158567111544292
50.7612499,8.983186598661135,-1.415397670130119,-1.2953158895885268,-7.601190111702593,-3.521466763546137,-4.9589177502308095
50.7712499,8.610109759490983,-1.8260556263985406,-1.3095493439171306,-18.56143124493244,-6.767361718461825,0.7412427745365525
50.7812499,8.567335864174202,-2.5833676178787637,-1.3774724462823955,-28.044896543743487,-7.329215950639108,5.543348354082549
50.7912499,8.495729488796607,-2.976164610361905,-1.362590100548645,-36.44574065355588,-6.526644241841313,9.447920474372077
50.8012499,8.447010723557202,-3.412820962969022,-0.9920754291055421,-41.69430389599065,-4.713974794092176,12.278101433019797
50.8112499,8.39986812186807,-3.789489933550034,-0.48145366027923264,-45.539004691500644,-3.102566405627745,14.344227555905277
50.8212499,8.497719789266423,-4.1749171258013735,-0.0788686598972881,-46.25744749733457,-0.8882025149829993,16.105195669418062
50.8312499,8.495005616579045,-4.5478505068195645,0.18741266837383716,-44.16415605277835,1.171094670542683,17.37779407954663
50.8412499,8.475107641638811,-4.960073477427106,0.26958948019888257,-39.59898760490079,3.1266704746314864,18.314167967132956
50.8512499,8.429866479920012,-5.231107724817055,0.27491993522617353,-33.47293290386544,4.960445848005943,18.795386191465926
50.8612499,8.424714428524346,-5.266720531047543,0.2911905979645318,-26.856790913813636,6.571764419451738,18.16131869234565
50.8712499,8.64390114421792,-5.329340465606054,0.3439430736611813,-18.758303459623086,7.896714291691582,16.569242591308818
50.8812499,8.889264309853688,-5.405631300042003,0.46374727936672666,-10.111822845167335,9.237014015733935,14.889244519832461
50.8912499,9.02691860097374,-5.4007426588430825,0.5085837118537211,-2.1624708329504,11.137134066299097,13.768670172592842
50.9012499,9.029815077548287,-5.221419094887968,0.4072315901494456,3.6121825791055437,12.574453674041552,13.071128765502982
50.9112499,9.009257036419696,-4.965000368682969,0.31691778576437046,5.845399412564038,13.067801752486254,12.394749071277271
50.9212499,9.003251465693591,-4.818273911429653,0.2911275924928297,6.627089877758635,13.042480274199065,11.511033999765845
50.9312499,8.894447276795718,-4.684914059443203,0.17595638923035267,5.827631696044969,12.141936535065948,10.940833131397321
50.9412499,8.751774096462995,-4.650268827273282,0.050427324375577016,3.9209557053829083,10.163066941052662,10.72683165874935
50.9512499,8.729756861101755,-4.698623299575304,0.016271586617369656,1.692812871105981,7.830666095518842,10.676729108702832
50.9612499,8.71111161968893,-4.65837245223526,0.04782035639640262,-0.9214459910304643,5.483999489847558,10.710412518000135
50.9712499,8.610236046747078,-4.598035440329511,0.11022021597917644,-4.287998287334444,3.0359686648197743,10.694381465732064
50.9812499,8.545354869643385,-4.55229923477744,0.1338597633980324,-8.40619908454187,0.8429135000129272,11.006694989340632
50.9912499,8.512341377471133,-4.546779808164401,0.14210056757574865,-12.48531584479714,-1.1638291172505915,11.719494839679529
51.0012499,8.407789176751566,-4.640503536944192,0.17859234265358445,-15.544250501104896,-3.470182751745503,12.724697552242842
51.0112499,8.25904745980422,-4.817149381107534,0.22678279652366828,-17.16145079293847,-5.927390130851374,14.007766636940717
51.0212499,8.155087707567285,-5.008259241611242,0.2191290386732218,-17.423648085278554,-8.211750668452018,15.579907786971471
51.0312499,8.119114587905232,-5.080693430810607,0.1262468882350813,-17.086492184705836,-10.330760414798094,17.325707720797894
51.0412499,8.120555433309459,-4.970962301172633,0.05159643600247159,-17.01376602655674,-12.295981512256665,18.936620738344697
51.0512499,8.131367272289113,-4.885744840511891,0.07829676103827317,-17.15773868876326,-14.088602779389918,20.272486764053568
51.0612499,8.047787233424554,-4.891101841040767,0.09621565686788759,-17.501119276218596,-15.729567867079712,21.594470300167945
51.0712499,7.906931524732019,-4.824900604591909,0.01061835973243022,-18.795352415244167,-17.084070149056707,22.72469652854815
51.0812499,7.880707918459551,-4.741917230221276,-0.10594757494849802,-20.33829915744416,-18.498915616902732,23.556610452407977
51.0912499,7.897382999518148,-4.56402527237263,-0.22199731855487723,-22.16599376747131,-20.31049300439167,24.58870910591425
51.1012499,7.856633611557329,-4.26181885921467,-0.35505629432776153,-24.636491082619234,-22.659608159281547,26.040879720431853
51.1112499,7.877830423877623,-4.115703357848788,-0.37260717402892135,-26.00186559897416,-24.930024541710775,27.979708333980785
51.1212499,7.9315256071023175,-4.0267665499868235,-0.38636389524521025,-26.270154341903893,-27.147991570031223,30.89861713200016
51.1312499,7.945388039448319,-3.8256681605577234,-0.5032243550904171,-26.735490881118867,-29.892500450839286,35.09625506772442
51.1412499,7.929767893804123,-3.628577549106552,-0.6149801124597559,-27.357926489066475,-33.32188403611172,40.02429408978526
51.1512499,7.861841912877716,-3.413789279324725,-0.6654684650537979,-28.35830954274845,-37.67378910578015,45.50758542906734
51.1612499,7.855787359229913,-3.1728806248432053,-0.7880693444931313,-29.98904258271924,-43.12317197355234,51.493568849122624
51.1712499,8.126869741328802,-2.9011337960960226,-1.0924117711561758,-32.72673756793017,-49.93452638723672,57.48533373564305
51.1812499,8.697347654326531,-2.532200618481289,-1.4014138183619873,-37.26040841537496,-57.85855174885783,63.458605308093055
51.1912499,9.364648937684134,-2.0312468813435993,-1.5563595849821852,-44.56595150138813,-66.36977707382714,68.84818096843365
51.2012499,10.109694262374553,-1.488011878824662,-1.6451400225367667,-54.60241995131094,-76.50459235079565,72.5609917616402
51.2112499,11.23878286587079,-1.1028129669896478,-1.7279762183272802,-65.2775186974157,-88.71408277671482,74.4504519034579
51.2212499,12.875488403361185,-0.8430066823796482,-1.7758236527663136,-75.75299637451961,-101.37374701010361,75.46625722226972
51.2312499,14.607441326320545,-0.5036353218275624,-1.6930647308113156,-89.18241686353677,-115.65079962588163,76.58984523360964
51.2412499,16.33432783056491,-0.05873327568205582,-1.399564490432619,-106.66547783200387,-131.0223232173774,78.3740321852773
51.2512499,18.17428205655479,0.5628109771366809,-1.317721915539484,-128.20261328909794,-146.2405506496137,81.03360289715035
51.2612499,19.909412420997295,1.2323695240182886,-1.8594847377047132,-156.06227417515117,-161.96418445239948,83.49875579058018
51.2712499,21.281246346992976,1.3888440547051026,-2.268627220525041,-183.82387444736622,-176.53239671538722,84.1732815464252
51.2812499,22.279107570225396,1.2963388161066256,-1.9200854733177108,-207.76869677454235,-187.42141180199428,83.87820708761724
51.2912499,23.107977892148647,1.120012010622705,-1.3557474919701344,-228.73876307997702,-194.86165433343638,83.40437126676666
51.3012499,24.099968513770477,0.49807124880438725,-0.3903259983585958,-243.42292996483263,-199.59852715813514,83.38860878804496
51.3112499,25.685852773698706,-0.5475543614263221,1.624545312546862,-254.85718661760745,-198.46389863354278,91.42666416772366
51.3212499,26.554951716851615,-1.1722195546816363,3.4278816325620722,-272.452753916234,-189.63173208754714,111.89497190549714
51.3312499,24.23055588857096,-0.061397539903300595,3.599086316429012,-309.0667974666982,-180.25181336377096,137.99314535449497
51.3412499,18.949354088236483,2.0025799713252823,2.189844517690366,-363.192231067847,-179.28498401532966,162.05826326268712
51.3512499,12.604059184421999,2.9448078930149295,-0.7732234135819295,-420.8159909970842,-190.619844324138,183.25752873748195
51.3612499,4.5335193852968105,1.910518312476965,-4.90910216435234,-473.70411050685436,-218.41549416296604,206.10990457698608
51.3712499,-4.9639377298568474,-1.1704273678958168,-9.040446856781289,-499.566202440223,-255.70622752349905,235.13960815266526
51.3812499,-15.265521755194595,-5.022822712975631,-11.668412507547346,-501.2517361098284,-299.7032818083195,270.03213185100725
51.3912499,-28.244937357810365,-7.795027629579647,-11.451916710214176,-493.5954587006757,-356.4836203931569,307.2455285401932
51.4012499,-43.75480424424695,-9.295671881918414,-11.785347623649615,-454.16784408979004,-407.7428495473175,340.86079824396415
51.4112499,-56.80135969041952,-7.614386777328198,-17.114702260402606,-402.2504625420877,-413.1254167802692,358.83301265798093
51.4212499,-58.840362622964136,-3.436477983543063,-21.356219375535865,-364.02495657296635,-348.888712878974,338.70205190040315
51.4312499,-40.58599059510591,-4.299490944252169,-15.863003376538181,-299.311208898617,-214.99194426043627,275.24372122922523
51.4412499,-17.337093629730756,-6.719288259816336,-3.993391096495592,-205.5015876868107,-60.35380777017883,177.4802304650412
51.4512499,-10.9117192949772,-7.210282108080157,3.603787727206361,-82.76300800243473,51.55994534059974,55.667414647999905
51.4612499,-12.24068844208127,-10.098693592652753,3.8071689287535215,79.07768636363454,118.22634529620827,-65.5372856654638
51.4712499,-13.079307577198513,-12.980404695465396,-2.810259984918666,255.8527480240077,165.2513166540708,-158.0452023340695
51.4812499,-17.963847552911272,-13.891572945666693,-12.173141790602982,419.55553896553397,189.3889874301049,-208.85287626629264
51.4912499,-23.63453180119528,-12.43366189311498,-18.467094023686986,501.00160051213317,187.1983203822261,-219.02230062348445
51.5012499,-24.93670313492985,-7.48743140978096,-19.6545693670091,501.0548081064221,167.49721338079942,-209.0221653021486
51.5112499,-21.396801672622512,-1.9928508350287981,-17.668138336305134,498.1654814400349,142.76554896012104,-206.49835340234227
51.5212499,-15.780641771801736,0.2719392132913371,-15.239049640549203,501.6888168954707,120.54778790370804,-213.21116045610052
51.5312499,-11.293882872517205,-0.8402510361549047,-13.050884026306658,497.553723020066,108.37491316623817,-208.52458302271555
51.5412499,-7.637998235050462,-2.148209966951323,-11.424430520296482,455.20846625702154,103.64349881161263,-187.70897902872628
51.5512499,-2.7169457067645895,-2.224140006045419,-10.458697583582504,391.8003852549034,107.9090689718185,-165.36847541577208
51.5612499,2.4441565454993808,-2.090976489766209,-9.061171585452822,336.8603722286963,118.71710766082704,-149.42682693563162
51.5712499,6.5354011305816515,-3.268020092976075,-7.1011128735576055,296.02408104030394,131.35625602149608,-138.1314232374767
51.5812499,9.703513643811384,-5.4529410074125,-5.087309951430563,267.24000997207673,143.24495355972056,-128.11602062966355
51.5912499,11.961030272915359,-6.659302910912885,-3.3394091747283974,241.39498772452973,154.51915016407506,-120.16515394300045
51.6012499,13.095953059960006,-7.315685493928726,-1.9641452734777824,220.85995924576778,164.51745337322106,-116.71220667916988
51.6112499,12.926392058469286,-8.279204259878718,-1.0015478106611073,211.11314041811914,169.40514010107427,-118.06393773766061
51.6212499,11.735493218959881,-8.214070053704269,-0.5818582093627783,204.93360604217548,168.7786710396356,-122.98445047911098
51.6312499,10.409567627136335,-7.375603521507559,-0.5856147736322006,197.23468827641943,164.29303689888224,-130.48097972506432
51.6412499,9.778583096203166,-6.980619474650182,-0.5174221738555732,190.65672788605158,157.14137080696767,-137.70496934018217
51.6512499,9.739792576839982,-6.630094047170232,-0.2753447334809091,186.34031689898282,148.7876506263368,-143.19339286452112
51.6612499,9.759948261694333,-6.273779746334284,0.10214970877389641,182.71180778489742,139.89282298924635,-146.91096109779605
51.6712499,9.94892541766041,-6.091987169727032,0.6788270765061672,179.1681289040347,132.02016094819,-149.12573170456318
51.6812499,10.45821505235286,-5.766238668573469,1.3065703815939274,174.8662145784076,126.40637704769415,-151.23648369169467
51.6912499,10.824114846330199,-5.129363579528359,1.6426515430088255,168.4357936166747,120.98060152685994,-152.96776648692693
51.7012499,10.961215819288352,-4.332567350519941,1.6452715956765382,158.3771161247332,115.03167436378544,-154.1591001649833
51.7112499,11.043870809645428,-3.350357471714184,1.3531514686432247,144.17544125839098,109.63702110016322,-155.00569162064707
51.7212499,10.894548111848147,-2.229103562930731,0.8991149174981083,121.17090319827331,102.45752144412162,-156.3601365386832
51.7312499,11.124478991028282,-1.9269370408309001,0.5196808412468056,94.70625719411089,95.54293731831858,-155.07971743086435
51.7412499,11.79164368991499,-3.0213703847441895,0.23926217085201382,81.08919364304492,92.08732828324226,-147.22705705907077
51.7512499,11.339142947513237,-3.21401762300583,-0.056415261240699746,65.92163722389314,84.2072023408673,-136.36303368002368
51.7612499,10.338333404661908,-2.383716488811726,-0.2528883907600469,48.81691796503235,71.15891669548368,-127.34640522694686
51.7712499,10.08992030838018,-2.1513893925303043,-0.3202000029570149,40.072272624162466,56.755181449181556,-122.22560941460469
51.7812499,10.118467045002538,-2.0866760653967336,-0.4033899113923345,35.26028711842091,40.33665840441458,-118.77040168780175
51.7912499,10.021923894625907,-2.21420409223646,-0.6004813874930744,32.56165110059258,22.492270261675248,-113.58418280263447
51.8012499,10.033289156645003,-2.99530594461075,-0.9612769523551705,35.18706545953691,5.305167117031527,-104.97638579326694
51.8112499,9.626308457738284,-3.40349954613199,-1.6538184622249403,38.28808283594889,-13.200027836814227,-93.44462980508342
51.8212499,9.171629717544352,-3.3218577273252583,-2.438586596563306,40.29750858951418,-28.43437290113761,-80.37052479338428
51.8312499,9.026895316307003,-2.9302286983691483,-2.7534443560998616,37.12624384679528,-37.907831924949406,-67.78154689389454
51.8412499,8.384478930745948,-1.9357806189043985,-2.74273626336069,23.55124000705382,-45.36661377152027,-56.760272198571826
51.8512499,8.35852885472357,-1.7019875432667921,-2.7017485549990283,6.726212216525124,-45.688790413835534,-46.662615283814624
51.8612499,8.39451776303701,-1.7040627322602833,-2.5384296182076933,-14.471220006641705,-42.13037126020503,-37.23186251531564
51.8712499,8.205220302756176,-1.889043342479946,-2.1448223642598117,-37.24882370937206,-36.5475866848153,-28.171452077410002
51.8812499,8.236301009611687,-2.569692278560501,-1.6315414313860468,-56.49558967735009,-28.938966688254588,-19.752430574690127
51.8912499,8.451543174183783,-3.2295443988734167,-1.216817016988621,-70.57202525160582,-20.25156930798029,-12.266147071133595
51.9012499,8.701444425160483,-3.872853070283387,-0.8252785627976732,-77.95488503730473,-11.387618435204486,-5.99660272041725
51.9112499,8.704390768182217,-4.4631190423197475,-0.42116603643046857,-78.55519456373376,-3.0745908408850178,-1.3913385305225103
51.9212499,8.49841731570588,-4.786998660175818,-0.025256513162010785,-74.22899927550233,4.227309219054601,1.7877558516943528
51.9312499,8.284175633054637,-5.0463076073229525,0.4603395804916531,-64.828239513875,10.858571115607262,4.156988041231986
51.9412499,8.100974038810874,-5.353099693500102,0.9835715317163267,-50.980745339924056,17.097764395902225,5.977342675763656
51.9512499,7.947495976966349,-5.4653290605494,1.2459791403079763,-37.911501967997246,21.429019270952885,7.135822875392621
51.9612499,7.7935169304435,-5.452963166246093,1.3208951195079788,-25.673453974021527,23.87415198211608,7.819682292161834
51.9712499,7.680683317179322,-5.379584154454453,1.40501074738996,-14.781521013817452,25.219354776033864,8.114358052651614
51.9812499,7.546655027710733,-5.1631543469180645,1.4211263989320022,-6.630489342228501,25.886664764509106,7.827650326958789
51.9912499,7.274616176218187,-4.927468269020984,1.3225150975048583,-1.0606156703898966,24.976076319269993,6.968068329223063
52.0012499,7.0893410718874526,-4.841173321860624,1.0961009672452333,2.994196236582009,22.462702212496403,6.226191028390062
52.0112499,7.101134403075862,-4.800117897520885,0.7860947497698767,5.672948005259398,19.011746194585726,5.994124189198767
52.0212499,7.1696881714703355,-4.696701892667922,0.5810450241739821,6.423560434597281,14.9144061416176,6.396791015308938
52.0312499,7.276112396126556,-4.646582582899281,0.5133446917098597,4.750731193228866,10.704800308224776,7.447087289251366
52.0412499,7.51937719377408,-4.5707375096517895,0.4342182052348855,0.03539344436483399,7.010632798632023,9.024833819103844
52.0512499,7.9124120237529505,-4.3576317293264895,0.27006650894516315,-6.729455012549416,4.070914829692841,10.662249448394078
52.0612499,8.294153872393435,-4.3364707486270655,0.22499697191034604,-13.809201236538682,1.786492495752315,12.059892992044215
52.0712499,8.567714718685723,-4.510413459701161,0.2694448049730542,-20.471351962959925,0.3851775589959369,13.734693336255857
52.0812499,8.719524384315166,-4.588045421365953,0.19434036049464515,-26.6673225199431,-0.32856187817673904,15.198898585786408
52.0912499,8.815906214477248,-4.744941940345617,0.0981707152557622,-30.681817983457734,-0.7001055040360433,15.887089041321948
52.1012499,8.874263327720138,-5.021021455174782,0.0047100238806757865,-31.757490367948968,-0.7401739411178705,16.809179968533208
52.1112499,8.843215721081284,-5.220372192841831,-0.07213408256531634,-31.513610815556376,-0.6803440108336041,18.26860242406675
52.1212499,8.786938054436055,-5.384657331112626,-0.09568792382820084,-31.13318455622694,-0.5224617373571059,19.878485987221787
52.1312499,8.731149056265382,-5.482121929146681,-0.14349421134431628,-30.32494246887975,-0.23976019310559749,21.274031861152665
52.1412499,8.614822909917981,-5.505041777704937,-0.17638852335951188,-28.36295387180607,-0.4985410236327314,21.94401287331927
52.1512499,8.417734224982198,-5.61095400863959,-0.14639349058666146,-26.101185121505136,-1.5165630567711783,21.88140340452497
52.1612499,8.162709971980139,-5.643370018630994,-0.1402224675580736,-24.959986751724724,-2.8068250961140526,21.399314289293063
52.1712499,7.946499646765248,-5.466188714592871,-0.22999003652402766,-24.215495006736752,-4.760067004520329,20.29420817648038
52.1812499,7.853890093697083,-5.320939776035699,-0.28624688905452156,-22.798488313044874,-7.522968630604937,18.953809481783793
52.1912499,7.860514408739113,-5.187930597432374,-0.182398589172711,-21.74893182425208,-10.164292560206757,18.064220126314805
52.2012499,7.876488311248794,-4.96490432457689,-0.024827058503663145,-21.926625604702636,-12.045817616123655,18.232996988628205
52.2112499,7.85309626454327,-4.729081810256131,0.04077303598818822,-23.543726037225948,-13.607217249608277,19.46329309258479
52.2212499,7.845784300629079,-4.525516891884608,0.0023827604611530934,-26.604997924811087,-14.958389875675806,21.506549941402845
52.2312499,7.749847657600454,-4.33374750316825,-0.14812218486901285,-30.64834633418244,-16.29219069959359,24.16745167455844
52.2412499,7.605817997472835,-4.194523194090466,-0.2978209782605575,-35.394462362191696,-18.244047769080456,26.97883891931791
52.2512499,7.543536462575313,-4.13643141378372,-0.37358064738967267,-40.940700734311456,-20.272591182084682,30.00529830934678
52.2612499,7.409543429861918,-4.02533740570896,-0.4722274627355795,-46.89879541031972,-22.432946771859108,33.01362089809921
52.2712499,7.220115845792598,-3.9866058408608818,-0.5546961146304579,-52.35978760461457,-25.049445742410136,35.872123283669
52.2812499,7.0426566154262,-4.033929677820223,-0.5813492440834149,-56.975007990096515,-28.11109826444823,39.155360392146925
52.2912499,6.822307983514079,-4.058452809113015,-0.6154956849785517,-60.58375519536436,-31.983553969111657,42.93228197958822
52.3012499,6.695573138005266,-4.070417791824146,-0.675106467726664,-62.40853373203336,-36.7401069329501,47.054780723746
52.3112499,6.6832769250284185,-4.11027060509298,-0.7953783213003928,-62.18588270930144,-42.263517400247274,51.546757487310664
52.3212499,6.665399062475805,-4.068766385592991,-0.995892785774201,-60.99802651064158,-48.504954251727966,56.71246066321201
52.3312499,6.684908214291941,-3.8035760854354157,-1.1916592278608473,-60.220016223918456,-55.01141978690443,62.09128164645336
52.3412499,6.860286316506697,-3.5312219165486676,-1.3220130678172903,-59.95976480165935,-61.079929684881606,67.01395243992046
52.3512499,7.100553918370747,-3.4790338108678864,-1.4314134258588438,-60.05042003358305,-67.03114181027499,72.55212036225065
52.3612499,7.362019654336294,-3.402741092935237,-1.5541784660115978,-61.517429660566265,-73.16943885103176,79.0908172739373
52.3712499,7.789954279210238,-3.2655827047408748,-1.71997318200696,-63.50900572879062,-78.95938631016092,84.33720218263774
52.3812499,8.428871658776366,-3.2865258583027117,-1.9798507850412357,-64.89542803335618,-86.07211660484623,89.32835515771129
52.3912499,9.102373945932863,-3.2132208698354634,-2.27868479619598,-66.59733979393012,-95.44642044845416,95.00458845751976
52.4012499,9.962059497169173,-2.9272799562684044,-2.4946579728628664,-69.53246249376367,-106.20128263582544,99.51002846396179
52.4112499,11.865690195899905,-2.5272597908546506,-2.797622528233724,-75.63536218045387,-117.10200810706735,102.28237481227804
52.4212499,15.171833416367075,-1.9596618915647352,-3.159448602674979,-87.03304270663857,-126.70888333379605,103.99469169474256
52.4312499,18.927862359262498,-1.1299289590081423,-2.943699051011097,-106.74111748039454,-134.78607658098218,103.59008782468575
52.4412499,22.46854291279462,-0.1309019388518187,-1.982980111831972,-135.85281373724922,-142.7134039580924,99.0931775696166
52.4512499,26.088771542960878,0.6547166675313583,-0.9635961533108487,-167.6334581428664,-150.02823677922368,89.49381789972303
52.4612499,29.427988769061166,1.2579989475962856,0.07217494734546277,-198.37764368107648,-156.84776842904182,76.1594351474072
52.4712499,31.72051036286388,1.3805979281584049,1.155037782998468,-226.71640151269696,-163.06701887766715,62.58215289786549
52.4812499,32.25939984728743,0.6675889057048204,1.5784184960298124,-248.86296101553614,-166.97146196976936,54.1549815866164
52.4912499,30.31085839030179,0.06381051781702855,1.267257918637173,-270.67217468164074,-169.86350307594515,54.385637452144245
52.5012499,26.802601787301853,0.4467808697195788,0.5916331069339982,-297.1395612087013,-173.85385525804355,60.91580343034419
52.5112499,23.681616646473827,1.0254979285428263,-0.3504674240501108,-326.12103420167006,-179.88167371231864,72.49728680026905
52.5212499,20.8240400465592,0.9731664351884584,-1.2618829569027925,-358.6505455147209,-187.3420294446284,92.67097578033201
52.5312499,16.10492119842253,0.8750221983112745,-2.3585598479418874,-392.86310959322714,-198.1791022317122,120.30445335662543
52.5412499,8.766118810932392,1.0395774307276482,-4.3985901011197095,-423.7131000395572,-217.94686679032836,149.1253597489184
52.5512499,-0.23722153124560855,0.5422782372278411,-7.575055545549225,-454.55824700542195,-251.58180368515383,179.62534723077113
52.5612499,-12.512517599003855,-3.0945374392554883,-11.93802680388035,-480.87395237591676,-307.97719767240835,223.89388683637392
52.5712499,-27.392764079818633,-8.658838048400872,-14.714840626056924,-476.52817016565297,-380.7947340460374,276.6478391747255
52.5812499,-42.26744211798732,-11.858178740553065,-15.210427410076647,-433.227744729423,-434.6515354456606,314.0360771589798
52.5912499,-58.456854130450516,-10.708326796862439,-19.51712790060077,-379.69018867183934,-428.32912825001773,321.103622575546
52.6012499,-63.57981721385957,-6.439073112546715,-23.65674438722785,-339.21801711962235,-340.74160271933977,285.23235016647635
52.6112499,-39.951368070541626,-5.350601982568568,-16.950960852447256,-284.4235739168098,-189.33426401728215,206.51835449111996
52.6212499,-13.019595137503902,-5.295413471368941,-5.308127095846782,-233.22871534662582,-30.021437428720258,97.28742346321147
52.6312499,-9.737255805193616,-5.21325194468466,0.17347800441918457,-170.82463878848245,90.01095674502932,-16.65543630783765
52.6412499,-12.613071594840362,-6.754414347157228,-1.0184677461560872,-62.82723944026925,181.17913770477506,-118.22176663350264
52.6512499,-14.554696667231521,-8.285149376371576,-5.775395928739501,62.8941696994788,238.6659953663082,-188.3810508542073
52.6612499,-19.772217684216475,-11.496747190381416,-10.692145931621303,196.5782851654347,258.49432600493435,-213.74134824819944
52.6712499,-23.632046586195163,-10.555591271981438,-13.367386727905538,303.4548046863062,259.4575032983903,-207.49365436549488
52.6812499,-23.934723513969104,-5.905386595093285,-13.165321635023465,364.0032921582347,248.91065913162439,-191.92972102162642
52.6912499,-20.782926167665792,-1.1555927562931352,-11.672708526773892,383.33451355561226,234.8483650524562,-180.01257791790118
52.7012499,-16.52437148573503,2.2098720291559935,-10.745916428157017,373.38655853325935,222.13249938116448,-174.17320977716957
52.7112499,-13.766128736876825,1.8948642554377053,-10.247123276390315,357.4291859211294,203.95053758375707,-169.0143594885326
52.7212499,-10.713399037458391,0.010538965520555804,-9.397354535542352,337.19909804463146,190.43484883837147,-153.9282840337595
52.7312499,-7.314291014328988,0.1390080038839068,-8.551546419236065,307.1240878418407,182.68741443182643,-130.17882568501642
52.7412499,-4.090939761645852,1.1445964198003273,-7.927656674799605,276.68237662868626,170.2967777310009,-110.49553395858807
52.7512499,0.15889553136310763,0.469680398651538,-7.246323548241171,253.1223543232945,158.86988452091296,-95.62917409885638
52.7612499,4.518813700829438,-1.0701462326254445,-6.627908018411683,235.58981510168576,153.20206871812303,-80.91711867911341
52.7712499,8.539723751175618,-2.1250942918766813,-5.952404841810839,219.65072862745293,151.02265303352965,-65.68865344614652
52.7812499,11.903608107901848,-2.8232704609993773,-5.199870795436602,206.14742472763936,152.56174438432063,-53.71254525530938
52.7912499,13.684984923292934,-3.370046290019091,-4.740644452371079,196.53772534079252,156.92784750594214,-47.53206336879701
52.8012499,14.423156733917184,-3.730316259966901,-4.489395976415715,186.05089319495787,161.81435178917397,-45.22069655851102
52.8112499,14.392839912639682,-4.287732084463985,-4.411733162561794,178.17824715252712,165.80212630991127,-47.561080346343026
52.8212499,13.727378431023103,-4.867244795558871,-4.403796998164074,174.66915554707,168.43157213239516,-54.007299174448285
52.8312499,13.041747474313375,-5.3126044919142625,-4.1534343408889836,172.79665674665804,168.1184034157344,-61.48202200815244
52.8412499,12.849187470396531,-6.358300600494524,-3.7211525137889945,174.62735570232653,165.72681861481612,-65.69460053199364
52.8512499,12.46705506390449,-7.210146721067112,-3.326610377880635,178.24956323768185,163.34129389052788,-65.24267510555804
52.8612499,11.651428191494675,-6.832900996644497,-3.035276121935467,179.81348258711836,160.821800303007,-65.7792889229614
52.8712499,11.492888143285276,-6.293960102063172,-2.7658987683702616,181.41464952089288,158.98738304092316,-70.55529833468049
52.8812499,11.915800236438804,-6.18654509723296,-2.5479595401010937,184.26806522950835,157.9251809598653,-77.82545824443741
52.8912499,11.918613037669827,-5.769648827460358,-2.2587622602006787,183.4853867439042,154.78102462041957,-85.65543433581445
52.9012499,11.58981380906991,-5.117615001772395,-1.8858496091586476,178.49420807990657,149.1946320239551,-94.44751522522083
52.9112499,11.092024403389988,-4.597980363318434,-1.7651566563730694,171.72280828339217,142.33917116662462,-104.33289289234482
52.9212499,10.523612319514775,-3.906237151707494,-1.7442243300388216,164.84875892921195,134.32372886234046,-114.32256820779422
52.9312499,10.302645128073765,-3.3136866801166245,-1.5004197814346045,160.29700339792018,125.38562427055561,-123.51639723752467
52.9412499,10.312144965314939,-3.574539139432436,-1.1630776189626886,161.84391511146498,115.90084451539697,-129.64261535891077
52.9512499,9.962481743599744,-4.169558423068555,-0.901828886739124,167.35785820736098,105.36442241811625,-131.43147077411723
52.9612499,9.291789593098967,-4.270014616546113,-0.7602028160944301,173.06398290700596,94.18154840971756,-129.64486994555767
52.9712499,8.655102285098337,-3.9534724471335427,-0.7057255638863581,177.9155141215425,83.12467378322356,-125.95604070150087
52.9812499,8.050604961860271,-3.556935815730231,-0.8504338815480738,180.09616678281392,69.86563424964369,-119.71497782028347
52.9912499,7.906707427615011,-3.2490480876082546,-1.08764662478277,179.01640518794338,57.60665315401855,-111.09804140702997
53.0012499,7.875327131319026,-2.8499124873841324,-1.2720843826377124,174.07253133711095,48.0210358568356,-102.55485527858607
53.0112499,7.060729576155038,-2.2359530491066906,-1.353089011661486,162.98422241742222,35.14892483203352,-93.52769217721384
53.0212499,7.412973114174569,-2.2288343158030406,-1.321920914627215,151.19560272260964,28.0879862111577,-82.83023255624644
53.0312499,7.901226390118558,-1.8975607706290127,-1.1752926963361194,132.58400030914842,22.6393727337019,-71.57927391362665
53.0412499,7.598109058011357,-1.2237551079730535,-0.9973612119135494,108.22029005561309,16.06713324128583,-60.53031372965699
53.0512499,7.794522420014024,-1.3543454160070976,-0.9037189680468745,84.72145386149003,13.61264758854593,-48.775707128873194
53.0612499,7.582747692115707,-1.1629033858138396,-0.9560262879036479,56.8311317927469,10.962608677732842,-36.72688065342138
53.0712499,7.264558161173984,-0.7354234228631151,-1.146283887242057,27.492445975958912,8.348878151319214,-26.353851209459627
53.0812499,7.050159670527427,-0.5746232545829273,-1.3323392068375053,0.9446542008049132,5.242130525326084,-18.696795828415535
53.0912499,7.137842740379838,-0.9842765752020172,-1.26243264745129,-19.855043220028566,2.3076489691285884,-12.170256038906015
53.1012499,7.5920103597620905,-1.8788422673426106,-0.944185645167148,-32.780309930525995,0.9271485471038331,-5.566370808594708
53.1112499,7.734994300185368,-2.541015535208651,-0.6436820600461561,-40.57012458552811,-0.9439003091733368,1.0709930000010455
53.1212499,7.733828788661836,-3.1077353848511464,-0.36179511546704574,-43.1428887169916,-2.595115726651247,7.331908540426269
53.1312499,7.881950874734566,-3.714926001143319,-0.03388578395119,-41.6126560005668,-3.281442360145779,12.823719688522866
53.1412499,8.074937404229223,-4.134442567076027,0.20613760266875314,-37.596077848711815,-3.30488915391605,17.446334192094522
53.1512499,8.279159751408587,-4.4557100562797745,0.3836848160564174,-31.314968525896088,-2.78785363979896,20.339922359532302
53.1612499,8.558003791758871,-4.654789852007005,0.4633736479720631,-24.353829926399122,-1.3606627179115716,21.261193579318935
53.1712499,8.785636911497523,-4.55906876181096,0.4277664780688747,-18.205439069121002,0.6798319242146192,20.57914049017026
53.1812499,8.947702477809887,-4.378254331620006,0.41702122287189275,-13.342924885945381,2.9022572101492425,18.311359541912523
53.1912499,9.105256607884302,-4.3292762112665715,0.46665860506440765,-9.719537436298161,5.60757474930662,14.706944238444098
53.2012499,9.238799654823609,-4.369292118571271,0.44362295278009956,-7.337815251620877,8.572455539427255,11.286899395829435
53.2112499,9.322359368274494,-4.325108478464654,0.3684121276581545,-6.051555279453662,11.138335366912086,9.070223141118305
53.2212499,9.379415973975012,-4.308683789994942,0.4425768685298613,-4.812426681808911,13.06298545087306,7.368940825994796
53.2312499,9.390522331114223,-4.40277658102363,0.6494525831357444,-2.9232112328030224,14.528151515982845,6.358608390551121
53.2412499,9.292163887802023,-4.482024746750997,0.7856437074107546,-0.4205524943423861,15.33718982224525,6.329640004254059
53.2512499,9.114742312820937,-4.523188169960086,0.7247457244470955,2.3464517880969096,15.231735852059568,7.164775761042599
53.2612499,8.898734446019171,-4.556863937796878,0.6134735079633447,4.6108262448402035,13.867712324009451,8.441077957497145
53.2712499,8.680368658961916,-4.516985166692588,0.5857927790519509,5.464959641522322,11.434607275749453,9.908901755879837
53.2812499,8.542406179325651,-4.466636669873557,0.5705148398519757,5.027221610273214,8.589396015888038,11.134456183214272
53.2912499,8.545663561058767,-4.379769868991015,0.4734203904330371,3.087569360890838,5.845060727640949,12.050441334878371
53.3012499,8.58932886167287,-4.199981892707145,0.3187786028492356,-0.4541890608164858,3.0675868273379945,12.80263143214633
53.3112499,8.606085787317715,-4.161943418105518,0.3123984644378328,-4.571650659231793,0.16537789121143337,13.672365638289458
53.3212499,8.580991716596332,-4.255228513268664,0.3952743082820853,-9.396626707360884,-2.054717852928895,14.695402521252285
53.3312499,8.536248088037064,-4.295759777663038,0.35907117533939836,-14.683048749984854,-3.6851807374321663,15.895312623220137
53.3412499,8.48815277934027,-4.392755322831465,0.25205954742700065,-19.24424704520237,-5.293897345771246,17.42827454719998
53.3512499,8.384483295636707,-4.4948040525224515,0.15659864832414097,-23.176329694526668,-6.914005956571615,18.745239614468193
53.3612499,8.29798137461762,-4.506927664242484,0.09587201353712768,-26.292865381925637,-8.382288157133017,19.53851843799548
53.3712499,8.275034822882436,-4.505156424610202,0.031303096023873316,-28.340956463566087,-9.955127077427457,20.352286576726673
53.3812499,8.217375353144202,-4.5264870129364345,-0.05865751442236079,-30.01747790370006,-11.288764074492217,21.355632988872266
53.3912499,8.141885380907679,-4.494884152954715,-0.1502811412808503,-31.616766632131945,-12.33831494235828,22.51489318059448
53.4012499,8.127507536951958,-4.389263836994341,-0.20558867174942527,-33.35560016199707,-13.38806212492857,23.809157242057072
53.4112499,8.145885895633773,-4.373612156888451,-0.1959934045322743,-35.23201676688066,-13.877099438578886,25.45825880392923
53.4212499,8.051614000839205,-4.317342443029319,-0.24449070661001676,-37.376380892824095,-14.177771324799872,27.485494846819698
53.4312499,7.894119255157922,-4.158173364575233,-0.3720758109288901,-39.79094473713565,-14.869461303320254,29.96205824117281
53.4412499,7.754581439294733,-4.003950976867559,-0.4773034426076245,-42.45517614488039,-15.986222729280037,33.082486558927265
53.4512499,7.5751572642395475,-3.8926443448941357,-0.5534811159628497,-45.22255331901638,-17.544650112379074,36.88963745225361
53.4612499,7.312801952550147,-3.8091478821346123,-0.6442193321633624,-48.37244497247412,-19.52110345219398,41.571246948017006
53.4712499,6.977219544358005,-3.7236094682113094,-0.8052848893986907,-52.290346107862966,-22.010436956490913,47.14244764335694
53.4812499,6.712155130731339,-3.57406456039214,-1.016909378265744,-57.07232102461495,-25.035897450420137,53.225475478890736
53.4912499,6.669728105898276,-3.513919803262385,-1.1423846617753526,-62.48232620452047,-28.726620243087723,59.84643486602639
53.5012499,6.704061106253203,-3.6200421894211012,-1.1671617187354844,-67.81782464190483,-32.50676070126097,67.36703490244224
53.5112499,6.623802889497695,-3.6686494599555934,-1.2209886032288597,-73.43014144340042,-36.18719148754845,75.15789077703963
53.5212499,6.701080393364606,-3.6223330236410507,-1.300845991099808,-79.43688962407833,-40.69320581017183,82.34978662931883
53.5312499,7.082353794736165,-3.627451591798016,-1.3253246091563116,-84.26962977354965,-46.27231846585395,88.25957004147473
53.5412499,7.513912813866928,-3.651130492538703,-1.2840443483269057,-88.24980218091113,-52.50867637416132,92.88906678971465
53.5512499,8.00076434657854,-3.6426596179563995,-1.16605442730706,-92.33011322400249,-59.23064046113847,96.44277057890642
53.5612499,8.94814509423599,-3.6722170122704316,-1.0550278049803246,-96.40661134156508,-66.0838002789219,99.00018467534105
53.5712499,10.402479436197686,-3.691404203156484,-0.9408723674255737,-101.27843940034352,-72.83689994217926,101.39348250954612
53.5812499,11.970133172768493,-3.536344712407427,-0.6753522269696284,-108.27269346962942,-80.2132021479472,103.37700227500095
53.5912499,13.92537409593743,-3.227094764586548,-0.10255351338760121,-116.8382544461753,-87.71066123954716,103.50931482476682
53.6012499,17.12949413987375,-2.671885120388158,0.7138595075795968,-128.62196599836824,-95.45066965223776,101.56107562898639
53.6112499,21.28777453022657,-1.5033004709030369,1.560019683348633,-148.19052785444376,-104.82075184535853,95.74603974321155
53.6212499,24.906799055844413,-0.3007795089298323,2.4336689835852163,-174.54409414473503,-114.09969862358608,84.34068340541982
53.6312499,27.667473451740815,1.0290979059658827,3.2736120589425513,-212.16963597148956,-122.48555371425975,70.02550342440179
53.6412499,30.216105791977675,3.4735491786541295,3.776918687213567,-266.15344718535084,-131.9645518212362,52.72216624974194
53.6512499,32.476493915613695,6.006426658767318,3.3456085677146428,-333.7812437955909,-144.03294608682694,29.669489840286335
53.6612499,33.002567021920356,6.478425908765693,1.8526662219171448,-401.96491738527425,-159.22096762078536,2.952482761361483
53.6712499,31.13833195479978,4.497969334005971,0.13406529418988933,-457.9362278113435,-175.62897638440757,-19.265956593368053
53.6812499,27.673957720285767,1.4389686740985985,-1.1781561736717872,-492.9330208048402,-194.8916687709414,-29.93777531248029
53.6912499,23.214694455053973,-1.1312764005749185,-1.9707843102562097,-500.8612708514092,-218.84867055487385,-29.449873991112806
53.7012499,17.884875247888086,-2.411965472942832,-2.418308830943004,-500.4823685313401,-246.71990070046974,-19.533450378732667
53.7112499,12.156895338163782,-2.165247951350326,-3.1841629204362847,-494.9424927095845,-279.30194196065185,-2.585032844334814
53.7212499,5.995447706783787,-2.1391624472516204,-4.741352743497801,-470.18817748757516,-317.0586243676668,22.865245218347336
53.7312499,-2.1095742681859693,-4.333779785479422,-6.392747814262818,-432.5126354976344,-364.23416499083635,62.986520371884716
53.7412499,-11.436161271862014,-6.617759942925577,-7.939644712281654,-383.51785026896306,-419.7480646082993,118.46056876428648
53.7512499,-20.45028441978172,-7.075615456023392,-8.68526378417368,-318.9340228823785,-469.65501836978655,179.8069515390463
53.7612499,-32.51286854700437,-6.923764903013516,-7.735225446150975,-242.76278335380803,-499.18388900852585,237.17161345707086
53.7712499,-49.17011836099345,-8.475680764908759,-10.863540186385517,-153.83092087165184,-498.8385318047804,293.01563142853587
53.7812499,-61.93349307143392,-9.302052160207879,-19.54935561158501,-78.29760761016206,-439.55931359026295,347.2927807279452
53.7912499,-52.77945242881709,-4.834825036869427,-22.25022253370997,-48.750228780821786,-316.13707867333585,360.51195519737837
53.8012499,-24.144429557073185,2.4420994340528823,-14.84725046015772,-58.81434150548705,-157.21463075738336,297.35895726020146
53.8112499,-8.456165587602312,5.835845821701783,-4.219673707336495,-86.39564806292644,-0.5591068253054946,159.3073339237103
53.8212499,-9.00086235182242,1.8449709305315396,2.188349132149347,-79.38442493854055,123.97500632261243,-23.00733434420742
53.8312499,-10.329184319991858,-5.092937460100579,0.3790582585977471,-7.11745229996557,192.29435352040056,-158.36553262413423
53.8412499,-13.736230102244951,-10.776105947531079,-5.523699712531899,111.22505757540752,216.64004905553892,-226.94324140983593
53.8512499,-19.54077518017185,-13.561275423998174,-10.432768860952931,242.07882030959001,223.10211965590454,-248.71966818970984
53.8612499,-24.458374769302512,-11.966132983971967,-12.775581896554042,345.20895212990393,215.91419936772883,-233.33057104312377
53.8712499,-25.191421650681644,-6.349541713881275,-13.12261844165284,397.8872711653991,197.9776606634996,-207.1785131265032
53.8812499,-21.13386579798286,0.22334051739638305,-12.91841285052265,404.529912626335,177.67765587037024,-193.1216883318873
53.8912499,-16.294128970259205,3.5475308456804284,-12.267024984125058,384.1341226324935,160.45520561114265,-189.747189166289
53.9012499,-12.57874439389498,3.816283104435522,-11.259365328385568,347.25809593254877,151.91715953441528,-185.44112717356862
53.9112499,-8.75266874326943,3.6362788779162227,-10.74163598253796,299.00663564014474,151.69061939450336,-176.4457660495533
53.9212499,-4.930989820733392,2.2892383235169937,-10.491034196709728,258.1089497258495,147.50369915073676,-164.51104710033994
53.9312499,-0.16813189719966154,-0.21459110884683794,-9.719306331557778,230.5686492933064,145.28705814086803,-149.39126683800615
53.9412499,4.654664047290912,-2.6507159148220114,-8.319103105484714,214.46811150441764,145.25292019414357,-130.52097527129138
53.9512499,8.089178040341682,-4.5792909855944695,-7.047294426805635,206.37266785370227,142.78963944913124,-107.26431177599538
53.9612499,10.74034333141309,-5.640144133188673,-6.354056182164186,201.5437280752948,140.26279041702895,-83.10965550848145
53.9712499,12.660434750064569,-6.137253109980317,-5.9195372956833054,199.47449780311726,141.16824613744933,-64.95494705851654
53.9812499,13.281325475734711,-6.364852793542749,-5.548816039442635,199.71712019349812,146.04655365238338,-54.22462130976403
53.9912499,12.851576205062907,-6.169693849042755,-5.141788159509116,196.74392934744998,151.2227083283771,-49.88995818750715
54.0012499,12.322467674996405,-5.8328906979744195,-5.216197686612965,191.93932884238524,153.70871067173604,-52.03610195281899
54.0112499,12.262647993896163,-5.565886186275954,-5.695154977945157,189.37417943150868,153.42325310207193,-59.70989493539282
54.0212499,12.498309713437001,-4.793492131271461,-5.500316676825687,184.0897437536946,150.69189645302143,-71.71735176968942
54.0312499,12.535417420158712,-4.260047921883669,-4.645647914782667,177.08556523283508,147.9245404241701,-85.47400801461609
54.0412499,12.150680440587587,-4.216327565679928,-4.01216190355261,170.36412792294243,147.76113187734927,-95.83698432242132
54.0512499,11.515837685432517,-4.337152627496664,-3.619246946009279,162.8045480488593,148.42042741081124,-102.75105904217133
54.0612499,10.941715163579229,-4.2594891711218,-3.2667694785877885,153.21084239852124,149.1988750482815,-105.89825549374784
54.0712499,10.745387991576894,-4.001824101346192,-3.0405525234818986,141.70925130915006,151.00451125570333,-105.76451801964132
54.0812499,10.771253316352091,-3.7964568386962423,-2.7779928335391717,129.84567820631068,153.24566135334354,-104.07948834078545
54.0912499,10.68434832689264,-3.284304047759838,-2.445730629335127,119.5272975146146,154.27073100910016,-102.41463442117508
54.1012499,10.430289710709692,-2.6697073925272865,-2.1011428689753755,109.88177718598607,151.35926939836085,-101.89652945395382
54.1112499,10.22322493703018,-2.216460250932911,-1.6226163374491132,101.7137512069057,145.2957822948539,-101.711044046593
54.1212499,10.312967181418093,-2.763175609815265,-1.1912381771730187,105.60951748681522,138.9006385435199,-99.55509992859834
54.1312499,10.183676189962792,-4.085570587041354,-1.2752666088991482,120.59503255926131,130.17237318081186,-93.64209760094957
54.1412499,9.282544815905798,-3.887708274653717,-1.5816002188932996,130.98463604091424,117.0121975864291,-85.83998989374965
54.1512499,8.594783980555286,-3.486819069243911,-1.5129305428576645,141.51075220362543,103.0092406160489,-77.61804885425524
54.1612499,8.445324215085902,-3.5710329906686074,-1.3883095638095542,152.70799937117005,89.532087187283,-69.84626779792198
54.1712499,8.441252966422267,-2.892606065213582,-1.4857772612460827,157.2376085040777,76.04988828311811,-63.43776948559375
54.1812499,8.810794934890625,-2.3924089664587984,-1.3883275486457523,158.25208993177566,64.11556703813108,-58.2496047453649
54.1912499,9.20416800779145,-2.3777684083465105,-1.2018012002894363,154.4676639315856,53.33846320316214,-52.96566068831881
54.2012499,8.890448771297011,-2.1533670053366403,-1.1819132104506131,143.92495467539763,41.92299404539676,-46.80887852295607
54.2112499,9.192501271839527,-2.363128197977245,-1.29287163964943,133.08290001941356,35.0804006268068,-39.65807386903306
54.2212499,9.604121764891635,-1.9635641122528997,-1.2976147665723836,115.18506186819668,29.9521310905401,-33.59717089046873
54.2312499,9.147778695432873,-1.4184706323023322,-1.038707362249443,91.80100061561501,23.44658026109999,-28.74869832601437
54.2412499,9.112885251904904,-1.6096377148730727,-0.9415168869171759,68.49116971080183,20.779666672434452,-23.992462674747163
54.2512499,8.958642840989828,-1.590945496900521,-0.9354709696760726,47.110293448886424,18.757251395830004,-19.872409696299357
54.2612499,8.62115726561027,-1.9347596213191887,-0.7780626226729737,27.018020936701532,16.844136772729076,-15.191256501482407
54.2712499,8.23562092835968,-2.4347190005834767,-0.7306649682996237,7.707719213741079,15.140712289970761,-10.06154262830915
54.2812499,7.8592243878616985,-2.8149370702649903,-0.7100592456250634,-8.590786742507824,12.812217690023312,-5.567153561044459
54.2912499,7.6374044288031335,-3.3749037448647274,-0.4923463736392783,-19.616323998286724,9.97308088300794,-1.615026692412013
54.3012499,7.45093093885561,-3.9566482808825056,-0.3001176554411186,-25.353695731248308,7.1023281103264955,1.4639607396178471
54.3112499,7.358460748955177,-4.376922484305393,-0.3271145073162844,-27.279724412557435,4.966518321559721,3.6452287413445617
54.3212499,7.333939944817097,-4.82108908358912,-0.2618508651902663,-26.208754354795996,3.2394850235835055,5.77378595481316
54.3312499,7.410558106263891,-5.1917047180474265,-0.01927425983144373,-23.813274741469286,2.2772971733356493,8.213950746523155
54.3412499,7.653026133103714,-5.284513179205046,0.17611877781850865,-20.624603598455973,2.0207270199959875,10.37686847589249
54.3512499,7.932080650766812,-5.2118423418825826,0.31256888958497925,-16.304857862107603,1.9358881031155388,11.821197415974105
54.3612499,8.096377654169421,-5.1472193201848215,0.4143930338963762,-11.592491252371714,2.2711143330128976,13.066851648951122
54.3712499,8.09410363307711,-5.182131442070419,0.44925425008236425,-7.3971287429750685,2.7524031688187143,14.566910142746757
54.3812499,8.112675480451438,-5.320081186147398,0.36233393736573216,-2.7068021346709252,2.7597403957942404,16.283597028552407
54.3912499,8.154422517704573,-5.353772776295065,0.24501984365933002,2.964105505275357,2.153237264414159,18.437002901741778
54.4012499,8.132375608810918,-5.1440547635455,0.12710535799344141,7.685587823129337,1.5725066551070852,20.614487875322762
54.4112499,8.108629952747858,-4.908507221981763,-0.030363974896159697,10.593685424716485,0.9171849224941518,22.652928441359716
54.4212499,8.151916900909116,-4.813892214555323,-0.13050451399305624,10.648134888636683,0.10851830419294357,24.736565721368358
54.4312499,8.15833478999805,-4.73435030857182,-0.240723230124186,8.090667748663298,-0.25237697484226895,26.170251113801907
54.4412499,8.097354997619187,-4.60716263841452,-0.4221025795043213,4.1384588587766915,-0.6210107265248161,26.51726392411393
54.4512499,8.05857478036731,-4.598563526156132,-0.5450206666298623,-0.43043980629158907,-1.1238037009084094,26.632275657301427
54.4612499,8.019735105160404,-4.715959671840051,-0.5579838929337407,-4.785780327485268,-1.479944561691207,27.395027039915323
54.4712499,7.976591495731294,-4.8434095889508155,-0.4865034393613615,-9.189682009885523,-1.8086899368575664,28.46562056468299
54.4812499,7.958022181619602,-5.039816309152175,-0.4116753916588983,-12.747479561798462,-2.2116116006148157,29.375898438276863
54.4912499,7.979192160065813,-5.351800852635992,-0.41500058958182734,-14.193872424175064,-2.7483533006138536,30.4804825708897
54.5012499,8.004570269399732,-5.572090081874089,-0.43924184823555645,-13.356173185040563,-3.3754712386518766,31.811821968576048
54.5112499,8.050595547498329,-5.7168785249862974,-0.36081829476492033,-10.564501255618948,-4.105455782338314,33.07377259433895
54.5212499,8.134328357746636,-5.819894509861174,-0.20609733350689738,-6.988408563906359,-4.879691420653923,34.63367135043383
54.5312499,8.140116762324036,-5.692385747802882,-0.23719235143790857,-4.6557945969142684,-5.489334924166474,36.44469475256396
54.5412499,8.173256047518247,-5.387057153476467,-0.4008104997327165,-4.83448085400026,-6.35104571286834,38.08365105863595
54.5512499,8.284998656015361,-5.137554369143593,-0.4299449974198412,-6.937650917027027,-7.239951269326159,38.7548165952511
54.5612499,8.316028918032515,-4.984130366743876,-0.4181239240776136,-10.769134306699517,-8.081376480840726,38.36506328795452
54.5712499,8.257404372449635,-4.9620664685473415,-0.4108335655312246,-15.706510171694472,-9.300864508751829,37.736825325259495
54.5812499,8.18842002170871,-5.013330012538048,-0.414440139233712,-20.901065551640873,-10.730560447348546,37.12112201622762
54.5912499,8.106092819956222,-5.059878539257604,-0.4706564172581375,-25.15427148331336,-12.633054206636196,36.45550199452322
54.6012499,8.067568642718319,-5.258032342260893,-0.47183263866468755,-26.493844078667657,-15.199439703463824,35.90138571149976
54.6112499,8.047410944190455,-5.526184277858257,-0.401580910586219,-25.3849619206753,-18.06713387909106,35.90629832474882
54.6212499,7.974071959911238,-5.569217071787513,-0.3581958409288137,-22.896022591660742,-21.0817954957952,36.5704555366803
54.6312499,7.961564833189134,-5.475327469644677,-0.3719385836013308,-19.058860474465256,-24.06814803014082,37.83584256284881
54.6412499,8.007220871846547,-5.390843277444231,-0.3780657586941793,-14.657440891772188,-27.09990774879073,39.57140723366171
54.6512499,8.078897058086408,-5.178839232546455,-0.36373174624776283,-10.989825740037785,-30.176659366652657,43.36401402099685
54.6612499,8.163160719170351,-4.812731973638734,-0.4138908893321279,-9.908853763448583,-32.63154714526799,48.72272548743097
54.6712499,8.121001328802558,-4.338378918028081,-0.5674638470280419,-12.553077593706314,-34.630964346385106,53.54128577138274
54.6812499,8.071767778488656,-3.808523319491814,-0.76447804529187,-19.1011421637708,-36.57426552890032,57.925952394476475
54.6912499,8.1665617093348,-3.511743605650037,-0.8977181451120888,-27.675662961458585,-38.766553558944615,61.89950425292291
54.7012499,8.270510830115173,-3.4274288225927396,-0.9206093033118584,-38.03922590143027,-40.86369868957056,66.4162252662308
54.7112499,8.336704997366555,-3.347515199483321,-1.0254992570057608,-50.78496718695782,-42.81966945831769,71.93783005484548
54.7212499,8.435094651441627,-3.2004085477244497,-1.2613762305648384,-65.45860511008391,-45.537826448755915,76.80984716420643
54.7312499,8.641620616139305,-3.1002143987702198,-1.4572475125858069,-80.64489892308967,-49.66482099668812,79.71923839036882
54.7412499,9.042987445227242,-3.2436143339646066,-1.651672194641444,-94.7767207048712,-55.19308009292196,81.4150201842944
54.7512499,9.606247521815462,-3.455836902414925,-1.9725838002578167,-108.65551888901722,-62.2878685782459,82.7141328226459
54.7612499,10.460778964582811,-3.3797254287777925,-2.238670094532593,-123.94412690477941,-71.1229209957945,82.35456891206924
54.7712499,12.081302216308089,-3.0209165286614823,-2.3820603393650543,-142.08468858270558,-81.11208941779199,79.82756035342648
54.7812499,14.488045189112494,-2.5247232644189794,-2.5023668936756516,-163.23567694987307,-91.7278849873725,76.73182261065563
54.7912499,17.273169977149166,-1.563308837163386,-2.5146403416658654,-189.48116533818097,-102.62610877650899,73.38089805852172
54.8012499,20.31180823284766,-0.18416609294537326,-2.439390698610938,-221.8584378404914,-114.59596345030195,66.8974680091611
54.8112499,23.920204066488644,0.8066899585851179,-2.0431586418975725,-254.92229830734524,-126.97654758615948,55.39396271631926
54.8212499,28.199783031691354,1.5649426346064845,-1.0904617301297674,-286.71719264537154,-136.97191556247284,42.58993739541088
54.8312499,31.923211005947667,1.9002330219745673,0.4338883430499723,-317.7898500109698,-142.3052354690316,35.127198516276025
54.8412499,33.17044710862469,0.7610356552930437,2.2099775850071146,-342.00538635804077,-145.12989680288038,35.69560481449948
54.8512499,31.59614100019919,-0.09706236395731718,3.142957558976208,-363.39969050836055,-146.63830646686918,45.18863095373382
54.8612499,28.084542906864446,1.1638618144605202,2.214900833531724,-398.39685463328976,-150.51224614449333,64.93462871313218
54.8712499,23.99913181668501,2.46473527993982,0.16039180153845062,-441.8466751840739,-164.33973140069892,90.3865401814029
54.8812499,17.56330142172077,2.2793879177518295,-2.1766982465814655,-483.10653720942497,-189.57825143198679,119.93895884727547
54.8912499,6.125384823487143,1.0671336776224838,-5.582680562470861,-501.66236085181873,-230.26698793005554,152.57693890792666
54.9012499,-9.072740657333535,-0.7380227264085913,-11.369865530227832,-499.59058481108053,-292.9874136083493,189.61916373182032
54.9112499,-23.74330032172026,-4.150748192302274,-16.93362644164877,-499.08015287349485,-368.5477016094816,231.78499336097957
54.9212499,-36.8164773383271,-8.922825573865033,-16.525969764978132,-503.9259983419227,-435.61347573022533,267.6766865314537
54.9312499,-51.275813378688646,-11.127341307449615,-15.442487327262135,-460.9736778072462,-463.7433859426672,279.71971917323964
54.9412499,-60.982513093625045,-12.814033794682496,-18.59603847253923,-337.4120565507505,-414.4402940760375,262.8564841646151
54.9512499,-51.20566031075391,-14.554455125177272,-15.832056066529116,-188.2426599753335,-293.746084952715,227.14955703034906
54.9612499,-24.92549590250986,-11.698390445437315,-7.634935018498468,-63.881835322237315,-141.52126073344272,168.56818755080425
54.9712499,-9.809110437268052,-8.329565646084987,-3.269030209096523,37.62011332713372,-0.5867948655640188,83.56729282185803
54.9812499,-10.663380449408175,-7.460881666041946,-3.6992470198351217,129.70079189837026,104.57918607261537,-13.726541860056441
54.9912499,-14.515064383272751,-7.552429731871174,-6.250520183847055,207.40526930173402,163.16194643099524,-100.01714942049733
55.0012499,-17.406787933551133,-8.037183173410183,-10.114009221324139,287.4740318189887,188.86734990794358,-161.11862054018786
55.0112499,-19.63814329631659,-6.315625682933604,-13.845663149943533,355.60893089021795,199.6637354501697,-194.61730339624359
55.0212499,-21.392905562892068,-3.4384951175594285,-15.079412696671548,392.7496008616527,195.77620036711613,-207.01724918644572
55.0312499,-21.163548899692103,-0.22819473364779738,-14.129987109249383,401.632338240995,183.05984160556307,-215.24711573861578
55.0412499,-19.096106961859366,0.49488191710258855,-12.65325534818152,397.95784267320954,169.04897305056988,-225.4720007529111
55.0512499,-16.505306131807295,-2.2759479593382785,-11.183849479651244,388.4672252033741,155.79223054097008,-218.40676624359125
55.0612499,-14.209306026520418,-3.7025408352011167,-10.785599429556179,370.50318929781906,137.79886595773183,-191.83929241819087
55.0712499,-9.71115258056732,-1.8797573328940989,-11.175868973054738,340.71947118080993,122.28905779381026,-165.37133418320093
55.0812499,-4.3300876963149655,-0.6496383859408902,-10.79048631395608,312.80595820814506,112.50730159312617,-148.7789825691504
55.0912499,-0.4888326678915156,-1.4872540657590765,-9.992747422062875,295.1534100116632,102.55445607355551,-139.0656204466094
55.1012499,3.162136291535311,-2.6936245576452986,-9.457894973165548,277.01011325709743,95.88882300586161,-128.41687536767733
55.1112499,6.473552486900934,-3.598699118934763,-8.897675461411408,257.9241174336545,94.40404315472603,-117.00069634805257
55.1212499,8.922762461487304,-4.244893781916236,-8.175811728813366,241.23103543957365,96.83787672224712,-108.55156842376245
55.1312499,10.651294662524267,-4.702111441629579,-7.131182551147679,226.0754807704702,102.72559741166023,-104.43490191770312
55.1412499,12.195323848792714,-4.979432371604718,-5.740550315367543,210.49842929713077,110.78496340486265,-104.37406277940302
55.1512499,13.847737512698565,-5.507900872032437,-4.409824482828786,195.97749934151653,119.08357839744951,-106.88918018413067
55.1612499,14.850956586081201,-6.702162251525781,-3.396044899970445,187.39201990230026,126.4613857075748,-110.02925009633306
55.1712499,14.384490718694293,-7.832843493754033,-2.666612857021547,183.85071683657324,132.61978879866916,-112.50278293533331
55.1812499,12.954643243576436,-8.071618269071058,-2.365418332049909,180.67242510928293,136.68381351284478,-114.00277727781233
55.1912499,11.571389111538048,-7.4855175687334,-2.720669151877026,176.04929880450385,137.80453492364651,-114.99575728093154
55.2012499,10.619862728991558,-6.603870497315336,-3.408405566252848,170.50527267350373,135.1955873134624,-116.64648124375005
55.2112499,10.228521762653859,-5.819433336164001,-3.755192037771782,164.6059086158747,130.02403140658564,-119.02218945034687
55.2212499,10.507562403421058,-5.15536683285021,-3.4133986334545794,157.9092213132291,125.65293956401678,-120.65998027539233
55.2312499,10.879768666872467,-4.575633943943463,-2.3834036127151377,149.9501079909702,121.62237845711273,-121.20002117432351
55.2412499,10.940620060856258,-3.89128474790811,-1.1747773090130127,138.8945482811246,115.6781032367789,-121.99776685934492
55.2512499,10.995556628880156,-3.093163753413399,-0.5058158162701768,125.42043392797322,109.09902346190805,-123.15679214519679
55.2612499,10.905113385212006,-2.819811377632505,-0.49390767750239,114.02489536697622,102.39277086619839,-123.57950032340445
55.2712499,10.375216244382548,-2.976708160723674,-0.8044619302598849,103.68741238078682,93.93304047479894,-122.14282066919392
55.2812499,9.701999786904114,-2.8010016585382527,-1.1578795737075804,89.4779189525838,82.29916470690883,-119.22672526685197
55.2912499,9.229544051421511,-2.5727042428851674,-1.3300891336109666,76.2014174409644,70.3333787531572,-116.76177574829279
55.3012499,8.939194080351825,-2.3675196711961815,-1.304490045671656,66.68297796750494,59.610628367362104,-115.04260350724782
55.3112499,8.768891295159117,-2.3048205618577398,-1.0265214659103739,59.97804212877275,49.40022867241296,-112.96166635943146
55.3212499,8.522618460269076,-2.4885856816892864,-0.630590037503124,54.52352947983113,40.293021709131764,-109.49797790959656
55.3312499,8.532523791931531,-2.7289772131466434,-0.5234696491627144,49.503159568862834,34.354470438588834,-103.65445495035405
55.3412499,8.079243366390418,-2.7887972440208757,-0.6295671677635355,44.37036545040005,26.109599924796438,-95.5641144367802
55.3512499,7.211037780970007,-2.766102906818844,-0.7143361208642969,39.18886758364032,15.16620227539279,-86.2424431894972
55.3612499,7.72038975328217,-3.0736060669692895,-0.6720633302519045,36.31710331784615,11.244231385786078,-76.01187372760782
55.3712499,7.4922617416230946,-2.5637734391183358,-0.5646303682288506,29.55501307128717,5.482067479851454,-66.58274392319727
55.3812499,7.377975909669072,-2.227451974483175,-0.5604483208120855,23.839770662747394,1.5887813165424258,-58.20353339066506
55.3912499,7.641200040280492,-2.2484659945650125,-0.5846492218326649,17.78842890282771,0.18165187333964372,-50.105260294070995
55.4012499,7.487908997788774,-2.055335743001172,-0.5413138757815653,8.581230069000545,-1.5311905852601941,-41.99068795393152
55.4112499,7.411001161668187,-2.052307086769741,-0.5452689075807589,-1.3804251866166826,-2.065370913352843,-34.52069887093084
55.4212499,7.556608718225588,-2.3053412959805697,-0.6715186234025146,-8.96783018799527,-0.8249574420377109,-27.962986779671112
55.4312499,7.520688227292263,-2.4738433905751003,-0.698043419932337,-16.146823429424312,-0.5710041990198533,-22.14209297593047
55.4412499,7.459128002486453,-2.822843579935904,-0.6491279795061679,-21.01139851672312,0.10138699843371386,-16.65074372903359
55.4512499,7.519094962192408,-3.3200770557294366,-0.5868298187428874,-22.163565157353055,1.520567682205378,-11.492955725273633
55.4612499,7.599558610712201,-3.6398369427412476,-0.43975468083190267,-21.411735437162953,2.897219561510387,-6.98825202833712
55.4712499,7.753710784873237,-3.893548517335679,-0.23629450595432241,-18.75047193123907,4.792979600024691,-3.205958728643771
55.4812499,7.9924568280785815,-4.125489332996483,-0.07280990075689799,-14.442769108669982,6.923321795115909,0.22621454944469865
55.4912499,8.246470134358557,-4.2479182326072715,-0.008804668950361498,-10.058544968669569,8.91881940982809,2.819763233081993
55.5012499,8.432834954915453,-4.218359182370317,0.0032203440299975908,-6.378707869616624,10.749552885735651,4.232194340731466
55.5112499,8.552198982807536,-4.160596891512432,0.08364713759057948,-3.150979981086697,11.940979792153165,4.864168224080353
55.5212499,8.582036673436523,-4.089145310071918,0.15142268385440466,-0.24206223018567707,12.340860831097345,5.2622080149928365
55.5312499,8.546438307161857,-4.017089140117866,0.14194591100425635,2.879940214379448,12.452978190313083,5.478032089432237
55.5412499,8.52040671330026,-4.077525485414045,0.1773576385154025,6.390046604199519,12.068489135570386,6.08616640024526
55.5512499,8.49824510572603,-4.227782425581531,0.10817685906206587,10.354290935819634,11.245725372603523,7.915231215122494
55.5612499,8.535893265691882,-4.271812347748834,-0.20103251828198654,13.372655841876263,10.245327891440171,10.32181315740883
55.5712499,8.717975259122245,-4.146390505333297,-0.3718108393709071,13.0988171544659,9.247061797865555,12.485685136351234
55.5812499,8.976661465619419,-3.9442544433632563,-0.3553815678608634,9.580539946250816,9.506184553316304,13.416419098463233
55.5912499,9.18261981902449,-3.7976279995493014,-0.37717913716212875,4.515876045956808,10.269337671918391,12.670879139911051
55.6012499,9.303195898574067,-3.894000494724816,-0.3833044378728637,-0.45544381732342015,10.777277915007653,11.384131302672113
55.6112499,9.297512740528976,-4.235352480243898,-0.37315776982797616,-4.57868479797633,11.527288926141162,10.701515253977906
55.6212499,9.195955180715202,-4.611395258682749,-0.38467749265536333,-7.482414982256263,12.01528582612875,10.720732316979818
55.6312499,9.046268697487063,-4.8394699824248875,-0.3923984900482323,-9.15645949809706,11.521910006415302,11.042380968155499
55.6412499,8.915452228061607,-4.993711632720873,-0.4001970036097118,-9.705653050656727,10.255104700592502,11.231083857245652
55.6512499,8.873945958973849,-5.147444866494015,-0.3614000412805996,-9.525256685564633,8.812464091120487,11.221716050344963
55.6612499,8.890271412895109,-5.234721900067769,-0.2695021408039156,-9.077417371024017,7.570279376085946,10.971007660517193
55.6712499,8.948274151678001,-5.265057268194858,-0.18995095453500102,-8.744469445704722,6.3391419455052604,10.335438326090626
55.6812499,8.95633919230427,-5.2555839018875155,-0.1794544851824463,-8.510794651199584,4.96512493302828,9.464194605318948
55.6912499,8.90104993089511,-5.114352205001953,-0.23686464635895363,-9.169285156820543,3.914669021567455,8.440381591016358
55.7012499,8.85755210429485,-4.896630933282539,-0.30086871059950104,-10.89148135227891,2.9044439289090973,7.265471746271719
55.7112499,8.812946874572756,-4.77840830880388,-0.32219894241477515,-13.270753635684311,1.9849136003476404,6.268467461415672
55.7212499,8.771454769644144,-4.749831260772407,-0.32585580345893156,-15.921984370653176,1.626279543283879,5.341362155031245
55.7312499,8.69648906061575,-4.786105794550527,-0.29775220062603563,-17.68486979085813,1.1626635553952953,4.4150887567346855
55.7412499,8.606726475624273,-4.875767535342958,-0.26409280248792366,-18.434078454877692,0.6190972576510496,4.074354368417153
55.7512499,8.554674254595275,-4.948164068841153,-0.2683583249027851,-18.041229522606162,0.15719485444816628,4.1133035633156885
55.7612499,8.460183345942431,-4.898856186579233,-0.2588137169504368,-16.650038849597074,-0.38146215138877393,4.545983686255527
55.7712499,8.330425047951321,-4.725391369315633,-0.20099726140776364,-15.292153066424817,-1.1561698558292233,5.3350130302199625
55.7812499,8.253472486280314,-4.623755082582888,-0.13697900699815557,-13.976702952367903,-1.9656653231197931,6.66492352939077
55.7912499,8.110072608377145,-4.606473523750396,-0.09436339245493366,-13.390898887373169,-2.8951554474505943,8.860498812472406
55.8012499,7.8871624239714215,-4.460863295132969,-0.14254516796122926,-14.343547791475595,-4.291963361605682,11.88553824222246
55.8112499,7.668034169236678,-4.253407745531217,-0.24903769781308419,-15.94597347016035,-6.532856624208304,15.14300310474844
55.8212499,7.430027519153888,-4.124295162478691,-0.3257046298558167,-17.629477450545995,-9.746999101036257,18.71994833289391
55.8312499,7.174399791204815,-4.020854532823195,-0.3730047458803985,-19.854321392637374,-13.708291448204102,22.951676882409135
55.8412499,6.923867012587177,-3.792399186458107,-0.4717152893975042,-23.162790107230027,-18.21876281643167,28.02228344289769
55.8512499,6.699914085432825,-3.471872525022567,-0.6444829994455065,-26.96968849525811,-23.527585835283347,33.54438560398245
55.8612499,6.5493868710890455,-3.1145869117204414,-0.8310960332845764,-31.161326402140954,-29.702254247674748,38.78820850982297
55.8712499,6.428117662154388,-2.777021062265887,-0.9771060223860553,-35.1633810646184,-36.30512613025887,43.94815868516857
55.8812499,6.2891304739106815,-2.5191539899655413,-1.0484092432740706,-38.667565831340816,-43.263339153848165,49.70343184151244
55.8912499,6.240119026894122,-2.2836055346515187,-1.0604156878538877,-41.526077192356404,-50.18166538783576,56.09893872442324
55.9012499,6.3010154887073275,-2.0268221441000365,-1.05314793021451,-43.346866537892026,-57.62280711995256,64.25132298856147
55.9112499,6.654731872235877,-1.7889010577936701,-1.1101539127267572,-44.752383241977505,-65.97352662061917,74.98215073729045
55.9212499,7.521078720419226,-1.633996752610765,-1.2957108261768022,-47.7435275508422,-73.01938723107439,87.59778528736136
55.9312499,8.373339827986822,-1.2298039719529392,-1.6041972025521354,-54.43133377992906,-80.40413125064892,101.60494180684273
55.9412499,9.155526691989435,-0.4999234738012678,-1.984137767671558,-65.42048250833206,-89.38819044813773,113.99726138505328
55.9512499,10.613677223240156,0.18661389141433216,-2.400296203786747,-81.08175867834868,-98.51414464846101,124.77122254991446
55.9612499,12.675172113155504,1.016650544452446,-2.935522594437318,-102.57723056907527,-109.33831697523345,133.40300674607303
55.9712499,15.094075749068704,1.9086791266891137,-3.344863094721105,-127.38672901531072,-121.75480724393988,136.6068096082942
55.9812499,17.75400755346868,2.6606337929281554,-3.382831859479937,-154.2667535178124,-133.18318633849339,133.9545409984141
55.9912499,20.45459110437445,3.2970929300294443,-3.2069653724059295,-184.28665858687134,-142.81808364278956,128.2712349276112
56.0012499,23.079924989486617,3.5208321144325367,-2.8362519048634747,-214.84472563685821,-150.71263137255315,121.04288688126785
56.0112499,25.44917416712633,3.3358249425252966,-2.253240861828216,-243.85965872710702,-156.67817622414256,113.02857402182019
56.0212499,27.37729379110114,2.868723628015324,-1.541373343464801,-271.70830690300517,-160.6906979981527,107.1107073595465
56.0312499,28.758793712988005,1.892883877492497,-0.9459512312773771,-297.7641224858554,-162.05567009278968,105.9107414809348
56.0412499,28.84886619516221,0.6645453773721346,-0.5744058495817351,-322.12556274450924,-162.65642183313966,110.12224273810604
56.0512499,26.943502137911096,-0.4037513655355983,-0.5693910770598151,-346.04637746738985,-163.87544244573022,120.18552592034312
56.0612499,23.312358223281638,-1.3737138366390629,-1.3150085648669778,-368.82129328298674,-166.34977075439397,134.50830048530344
56.0712499,18.619059579366837,-1.916587395313129,-2.7570360442606616,-392.4482007239834,-176.2841422195543,151.69747835090143
56.0812499,13.461535624867368,-2.455274923140555,-4.344743173247185,-414.1412327765762,-194.28274796930697,172.0403796096057
56.0912499,7.710122284106041,-2.80833315073039,-5.214461367900929,-432.4282185452933,-214.46528490874405,195.50607160104104
56.1012499,0.4959688433209809,-1.5995619403851145,-5.900215077217798,-458.099825352769,-239.18260279887198,220.96439036642744
56.1112499,-11.761273343752798,-0.5067213422324919,-9.791862370900745,-489.11141552292236,-285.98606848023945,251.42033697166093
56.1212499,-28.83921261491648,-2.659052654874794,-15.427170928927945,-501.5900080839896,-352.43774657830687,288.203944858147
56.1312499,-46.78353608598234,-7.124289285323466,-19.778745032974502,-500.8425075087208,-405.258433721388,325.53251254701314
56.1412499,-63.03037197999078,-10.770754451913179,-25.793819611778414,-469.75728547462046,-406.5715279477475,346.21949259487775
56.1512499,-62.651875650854954,-11.203814144555759,-26.007946542881708,-397.45028577876843,-353.5542068352867,325.5614717104556
56.1612499,-35.446805941642204,-8.98634048494796,-12.74451474891752,-315.68809017732065,-248.31432270885873,258.2194724028693
56.1712499,-10.581692629262745,-7.406377124942175,1.1882496925774098,-230.16841990365347,-107.17754628875379,153.04709716701245
56.1812499,-7.3938090536649685,-6.501542286818855,5.105110975637711,-142.22314217381108,3.6916406406477726,32.30110292823971
56.1912499,-6.569881620348128,-7.643601347068748,3.8895887172185137,-34.62562802452938,91.13020749315415,-84.58629835240318
56.2012499,-6.5258499992426,-9.245729291519234,-0.46007440891510765,90.8478019394435,162.48152570584801,-178.97860107380734
56.2112499,-12.6954005184693,-10.062360382000504,-7.345270059819859,203.87807039750646,206.13628326974165,-232.7172639280117
56.2212499,-19.254300185109074,-10.73690365413422,-13.613197926891544,299.7519450651862,230.79096665090762,-244.12930595490326
56.2312499,-23.68405458249526,-8.44457926136382,-17.863435191402928,362.7575622477199,232.90318701711286,-227.92963015428927
56.2412499,-23.384814992578733,-4.507987849149962,-18.77000089997184,389.71544097849716,216.50141709201216,-203.35311642043771
56.2512499,-18.730954063500228,0.5275659727949863,-16.59798633654215,386.8043568657881,193.66124484770538,-189.3008849299885
56.2612499,-14.135829762238055,3.6447565772270143,-13.872941029685805,366.9651620441361,169.02212889314717,-189.52873906649805
56.2712499,-10.66119701962576,1.116102207400434,-11.546648003014269,347.5484446185287,148.85516871102698,-185.32695908527384
56.2812499,-6.367863091594129,-1.4862683837860093,-9.993130404406264,321.6876368725221,141.82641564883104,-165.74148850959565
56.2912499,-1.8776046353304876,-0.7541263269790879,-9.887161999376396,292.3867581438185,138.5197506087548,-145.0224179953166
56.3012499,1.8717772521557596,0.11470825942802163,-10.537563751061098,264.30834751273403,134.66969737404523,-129.0943981275937
56.3112499,5.048757624259482,-0.041507047692262586,-10.955172029763434,233.40745375651957,135.37317477325658,-115.48332290199862
56.3212499,8.3998937849591,-0.6963194106620675,-11.13663074728856,198.7452250849885,141.96857421056237,-102.68456391310835
56.3312499,11.410933642912715,-1.6707873739934687,-10.797285582790751,168.9878183010026,152.7008357299183,-91.48444922590029
56.3412499,13.436674989747969,-2.8526900771731962,-9.870168305007477,149.79741107539314,167.69521846889242,-83.49316713956709
56.3512499,14.409051230094349,-4.078365298853507,-8.740173858074513,137.82305644145487,185.90571429669495,-77.5474491903211
56.3612499,14.205594568727813,-5.037999563492135,-7.362222760562159,132.1225735566342,202.84028688003627,-74.36411371360838
56.3712499,13.54922032523867,-5.843774716530535,-6.043530947417645,132.9571765573299,215.7830793836501,-75.24929889252515
56.3812499,12.84040907921331,-7.026217924847574,-5.15405353797324,142.55185044065135,223.0770488721486,-79.92189271775013
56.3912499,11.977803259780007,-7.731037803100711,-4.602280389042709,158.2151305442213,223.2722551469326,-86.35365723163339
56.4012499,11.134690707886616,-7.6590116163609165,-4.171233651493678,176.42602514036292,216.1667709847823,-92.69358397813933
56.4112499,10.248943304522708,-7.7336363744551635,-3.702257185673087,196.52522618736654,204.73420971285853,-97.07149195232473
56.4212499,9.060448838864387,-7.0348424238075875,-3.1453944128337414,212.0532752419327,191.30596821315402,-101.25146091683399
56.4312499,8.112984318474554,-5.411582815978306,-2.6065736709513363,219.52785435032263,176.7788509958854,-107.39832828583815
56.4412499,7.992614899321452,-4.288944742396734,-2.151447938151162,222.78240867856846,163.4521271756784,-114.91999957972557
56.4512499,8.12716701474963,-3.422847893016383,-1.818546322574859,219.9800081668135,150.95678297364475,-121.7350839898815
56.4612499,8.248200456055322,-2.5831939793251864,-1.9253863733706638,213.44235591368545,137.81149451491038,-126.60136470852042
56.4712499,8.516787291069507,-2.2067911509523808,-2.295883151514064,206.67733414897867,123.77346088642946,-129.45093113118688
56.4812499,8.645904995781477,-1.9113065051481477,-2.377946517942256,198.33834966958898,109.62199627775584,-130.0436545320879
56.4912499,8.62880984949483,-1.7251533918469213,-2.2155046876923,189.49929402315013,96.79907519890284,-128.4779518374775
56.5012499,8.492350851310501,-1.7773576754530267,-1.9964508723665277,181.0423642802097,85.20299060463314,-125.02541348717588
56.5112499,8.35098594463534,-1.6851919979993468,-1.684671811948832,172.97460719868934,75.45952181286987,-120.2564034387759
56.5212499,8.32363562506989,-1.223029476302668,-1.4045633270986269,163.22239264634933,66.93582566302287,-115.27240583657687
56.5312499,8.724126107138856,-0.9997673939141719,-1.428170245806848,151.63042516666286,60.04440921062448,-108.96888978957708
56.5412499,9.042621684217288,-0.9139568043926133,-1.5771586034091325,139.3476533825519,54.20956732771475,-100.962168415691
56.5512499,8.313537308792045,-0.6790384321021055,-1.517909573094177,126.14380571739963,45.507887676101504,-92.13850984043931
56.5612499,8.366823292124154,-0.7229320506251755,-1.4859567694201128,113.08654289364327,41.147041450454836,-81.92267753695843
56.5712499,8.47654459462745,-0.22957703610708297,-1.3956013366763493,93.48148505620043,36.91579835746717,-71.58455682236938
56.5812499,8.228497865077053,-0.15421717362901585,-1.0490847417315,75.19898941549896,31.78989477545145,-61.51338044014269
56.5912499,8.492899660771535,-0.5495127273124524,-0.7706422190701127,58.23755911260987,29.820633420613994,-51.134739187384994
56.6012499,8.309513598046612,-0.45228574052696363,-0.7577964914730815,38.52384591227835,27.595068766129422,-40.46670967508855
56.6112499,8.08765540404286,-0.7483301949586523,-0.9053852176095868,21.319123699983095,26.125584052245053,-29.678220929639195
56.6212499,7.948609261263933,-1.0921337465067034,-1.0378711930830868,4.685530763529837,24.60944583437648,-19.64336421605579
56.6312499,7.801082059771329,-1.219021952353957,-0.9713387816630994,-11.437887189208643,22.413681045265076,-11.62760712160217
56.6412499,7.807598839794106,-1.6083591551801248,-0.8370644013608427,-23.38936407140472,20.317913435552942,-6.019922353017878
56.6512499,7.682438862219302,-2.0123084138846807,-0.8098780476962751,-31.871029176835194,16.90977033114303,-1.6692122640093048
56.6612499,7.548056564069186,-2.528720549743701,-0.8033675354708516,-36.226766424624266,12.805224168592714,2.7805597416558925
56.6712499,7.563136914061412,-3.198084953736148,-0.8028350307098028,-36.50924817946238,8.930781073027534,7.703864798322272
56.6812499,7.761098711559477,-3.861362775614565,-0.6824323232591959,-33.426314931127784,5.540479380896013,13.201976561741171
56.6912499,8.160513574702247,-4.325146625464004,-0.3357705167367357,-27.64560458671208,3.3678295560561065,18.172608543806085
56.7012499,8.59409977134557,-4.5046542751754535,0.019123078475566106,-20.604608418221463,2.7560628719713742,21.48189689527483
56.7112499,8.984459697531044,-4.545852127562573,0.2787126615193171,-13.560070433676549,3.4329094909266384,23.10556240847126
56.7212499,9.286087557223027,-4.5855571800151695,0.4284015116891596,-7.365622818959402,5.243976829359389,23.411649736971547
56.7312499,9.446679228276011,-4.603390513125342,0.49524428569617085,-2.4966547466455515,7.462792100048563,22.480798130464578
56.7412499,9.594127532939332,-4.519166530134703,0.5553267862394079,1.4752485946398075,10.045667954558384,19.84836666804347
56.7512499,9.641910657352168,-4.486362968515555,0.5546580783707385,4.218133115503788,11.967374676327395,16.62215246610656
56.7612499,9.479940148976914,-4.464731900347431,0.4359082465843992,4.859261292200038,12.450717177878397,13.934946366067797
56.7712499,9.260649354017572,-4.3751439432032,0.2828249239175264,3.9971762511335225,12.129726152294625,11.477892369780463
56.7812499,9.149416764682625,-4.323939453584531,0.19585975327544122,1.7555845334893942,11.398143575580143,9.394792909930981
56.7912499,9.121250907681537,-4.26969605950076,0.1680116175433585,-1.3264855386166496,10.300247153197851,7.437630655082152
56.8012499,9.041866852816687,-4.189624222224197,0.12333462728232203,-3.9778639966355644,8.522617056485892,5.405262520429671
56.8112499,8.913931296999449,-4.151756861785649,0.0692527927267426,-5.713216342023837,6.267094086204699,4.339034635239239
56.8212499,8.931702471250134,-4.3051115936884985,0.10124391368996641,-6.813052645280612,4.03675316274813,4.866855679285239
56.8312499,9.048383249675558,-4.480747722994961,0.2109888801948379,-8.076431203951971,2.2654418606897218,6.543476194622585
56.8412499,8.951150015067514,-4.388429054969256,0.24276318889962278,-9.039941275534165,0.5640012977614124,8.08678892651408
56.8512499,8.760960373018861,-4.294813485836978,0.20152473393326603,-9.029834475703531,-1.687907232542016,9.151393767547567
56.8612499,8.65160386188077,-4.423463604971635,0.10204016569370536,-8.66726788803518,-4.271764465139756,10.305099323588857
56.8712499,8.561280432425258,-4.6078956793499,-0.003256371090169126,-8.772029070262075,-6.4815730175321855,11.678647832755194
56.8812499,8.4961969890313,-4.6815167619542635,-0.05921253751123385,-9.268700684578802,-8.566902997076495,12.715964389709235
56.8912499,8.450684846131079,-4.690355020161532,-0.08633309097244839,-9.675298067674397,-10.437264040620061,12.932013828152524
56.9012499,8.422926452334854,-4.731596205834419,-0.0998096610422346,-10.265904949746622,-11.818375718060103,12.745678549450854
56.9112499,8.347118697933736,-4.672929825180705,-0.1735225261276146,-11.633828247686102,-12.838288004118096,12.644342800267248
56.9212499,8.243115179242396,-4.50616064415689,-0.29124238246657846,-13.875786103365817,-13.818648371292682,12.522033285947668
56.9312499,8.151018176380845,-4.367461386355366,-0.3774718812591521,-16.32407070958505,-14.804138373601251,12.511642047321889
56.9412499,7.992560775036682,-4.220493112227984,-0.4564963038251429,-19.170180804477017,-15.646205918475205,12.949422499124879
56.9512499,7.8183905116011125,-3.9381207967809067,-0.6022291486873163,-23.485974316048775,-16.562544981967896,13.740941255146009
56.9612499,7.760386005609224,-3.705585023085773,-0.717354378819667,-27.510308347999874,-16.91959052366561,14.35783095653828
56.9712499,7.72289472894334,-3.4926555271129245,-0.7814887350685285,-30.749502803769342,-16.533616121992207,14.903482710814778
56.9812499,7.621787674905837,-3.3291953077989445,-0.7591904803471673,-33.17150803944104,-15.995513208770864,15.678970614080079
56.9912499,7.494571039468618,-3.330336697080109,-0.6715862099133213,-34.515303290561675,-15.270312661100016,17.0320029403075
57.0012499,7.406312742465176,-3.2397464762975883,-0.67697051361156,-34.81173397010298,-14.170104156113362,19.145330070941416
57.0112499,7.416471839572482,-3.0750569231145426,-0.711721330147658,-33.82864608325465,-13.04563310541965,22.24686689192209
57.0212499,7.490790191263344,-3.0032720580074,-0.6519899145451895,-31.48866200056136,-12.103244217214842,26.906800614014273
57.0312499,7.596204076467575,-2.9512930140183893,-0.46697490676676207,-28.68044363034847,-11.08958798633221,33.379643440401765
57.0412499,7.649226216437442,-2.8298830015527083,-0.23118063045961607,-26.27255773212344,-10.08542689945843,41.516234360520244
57.0512499,7.6286407245022545,-2.7109785826711765,-0.12581774010319072,-23.686573363393997,-9.995963222189303,51.1044134496324
57.0612499,7.669933753405077,-2.6628459347054703,-0.14115371721444156,-20.894478162991078,-11.768616055431488,61.57412331282836
57.0712499,7.837728296761641,-2.5737605550456033,-0.1911280412863852,-18.03517683033208,-16.227265255857958,72.00911957597918
57.0812499,8.245856733355996,-2.378621291769806,-0.19854737153247448,-16.356648300369798,-22.537212859861725,82.24210047140002
57.0912499,8.810739390620437,-1.9124248459615638,-0.2518569208660478,-19.457727357737898,-29.853986799068757,92.71023726846089
57.1012499,9.402623528792315,-1.157975386899845,-0.543600368317937,-29.486526113504027,-39.772478463802,101.65919818941683
57.1112499,10.511971180537744,-0.4728904874329744,-0.9119199354885789,-45.15538818122001,-51.49320314920054,107.40738598752529
57.1212499,12.244324489537584,0.13343494667766365,-1.005165904162713,-67.09024731567463,-63.967477549094816,111.22528283891693
57.1312499,14.182446165795515,0.7850626614687607,-0.7494788071662492,-96.9576189967446,-78.35014549642547,112.85615543414106
57.1412499,16.024342173085248,1.2127089063340828,-0.34095850332730404,-131.85992480476577,-94.72956285485189,111.1376231476772
57.1512499,18.29115151726036,1.9921765074532418,0.056476035311621084,-173.02003510437717,-113.01169680380315,106.70471235693935
57.1612499,22.31648084562613,3.996565879504698,0.543553188970173,-229.30211365277373,-132.37817261819322,97.23762019875662
57.1712499,27.014197704142994,5.956429692306511,1.5131058830267248,-287.1329450866709,-147.12604084942961,83.90218480621816
57.1812499,31.0096686008643,6.870680079975826,2.821349525117294,-338.1130003918098,-158.30222477372965,69.7871905432016
57.1912499,33.449602415824415,7.322119682444024,3.375252452826752,-389.27345033911325,-169.4158968372581,58.137607337548715
57.2012499,32.756564941941036,7.290132380376501,2.7828658332250145,-437.87794849687083,-181.2222669435272,53.142791655196746
57.2112499,28.549250484870967,5.829631187713198,1.8237403442902378,-469.9756325351803,-198.96205547896292,51.707113889016505
57.2212499,23.820531640681256,3.8088908546355453,0.6849870608978064,-482.9168499094591,-226.65091098499812,54.97321675329712
57.2312499,19.760401198763503,1.2228261179627662,-1.5020889671880633,-483.68693613099043,-258.7967091376837,71.91385927252644
57.2412499,13.088824508920698,-2.0880431012213685,-4.588230221202037,-475.0371041520716,-298.4952990355522,100.89272166405073
57.2512499,3.967250958295372,-4.271037502642648,-7.787701807894199,-462.3215568503803,-347.23993599076414,133.67990233766233
57.2612499,-5.430627276791522,-5.134792241581522,-10.594951256620083,-449.5676345606187,-400.8164091332556,165.92339028009997
57.2712499,-15.453454048892725,-5.6248512289284625,-13.459193787198869,-438.07592690536865,-461.6053786557138,197.79034041421258
57.2812499,-26.468103757355895,-8.37065173678603,-16.00090856299488,-411.7512534887525,-498.24065244047057,234.67548093925782
57.2912499,-39.311425804065394,-11.517938588695984,-16.600794328742367,-366.84779824902046,-501.5138244511402,271.40731676039246
57.3012499,-53.941016807478526,-10.553071950814045,-18.815653576783692,-318.7283329092948,-500.42563458126864,296.1564320888797
57.3112499,-59.5893867135694,-9.77239310623696,-22.093252242165356,-253.2159062790567,-421.15206280763266,306.23834726586114
57.3212499,-39.03510209967466,-6.808160781527885,-17.87919618645612,-202.2919250871036,-249.5179472027261,282.24529692857396
57.3312499,-11.608854525881274,-0.42109950890805714,-7.506870142208758,-199.91236308629954,-68.80651640142447,202.8382904437323
57.3412499,-5.051563321467183,-1.3571380747632775,0.26460871411236125,-163.1271214706856,67.86156265052226,84.28020348443061
57.3512499,-6.351265676895518,-6.007541144328216,1.8676859794609593,-75.56315209511887,154.38895890146352,-37.807757821879555
57.3612499,-8.934594320981468,-11.030122562752336,-2.707553110082177,59.93763535950137,203.45317259567386,-135.25918193212584
57.3712499,-15.903757352485789,-15.464716595303006,-10.422497874225671,234.98134295065708,226.5901352204963,-192.36944818838407
57.3812499,-22.394159133321846,-13.837009900128956,-14.359804731236888,370.4605868842623,226.53576844609407,-207.82848122652447
57.3912499,-25.128928982984608,-8.978405043827843,-13.877108711853756,449.899161753811,211.91001872440881,-204.64069396773183
57.4012499,-23.03644684995442,-3.3272132939127936,-12.072647257299788,479.03464598318794,193.12309068624688,-201.17500588722325
57.4112499,-18.896048938022652,0.8332768532051232,-11.02096611642339,471.0370286118259,177.72077328428531,-202.53371106534814
57.4212499,-15.402552355325673,2.5266405984853564,-10.93051554923744,436.23422139298106,167.57095115325666,-199.89855138843114
57.4312499,-12.527948013228745,3.590117805733563,-11.18581168737209,382.95514320385,156.07775264520728,-190.51052088366973
57.4412499,-8.964201335975682,3.979489180042881,-11.571917274273186,326.96325837500666,146.2224880899595,-179.1254157476799
57.4512499,-4.249132121176013,3.631203583852329,-11.731076051651359,274.0338794363382,144.65821484494364,-167.90439718383837
57.4612499,-0.2630449577619201,2.9996745606480943,-10.916681764295703,225.7480519690513,145.32310813997353,-156.22097452683454
57.4712499,2.4729902067843623,1.2937474339855946,-9.628754668517336,187.89487407755254,144.45093430485133,-142.37767071719156
57.4812499,5.082270035433814,-0.8888714437398907,-8.802125057204291,158.25782377557175,143.36674416023362,-126.65348135394085
57.4912499,8.059821576793533,-2.5848466112797697,-8.065452863689089,136.60959131153456,144.4190051688369,-110.73851610472822
57.5012499,10.672946643843554,-4.471629438353073,-6.982163417473967,127.1611381591841,149.79314040807844,-94.88617123085477
57.5112499,12.34213389697655,-6.153247868137874,-5.776044925434084,126.84191360205905,158.1922794689463,-79.6406997867992
57.5212499,13.128296386311996,-7.1634653597775815,-4.5986162652925975,131.99801501664285,167.45155722327118,-66.50614043010266
57.5312499,13.139223011487568,-7.6144326457338325,-3.6029676233005046,141.5080265549978,175.37535619580746,-57.2343838202851
57.5412499,13.163270504460181,-7.951622651188302,-3.092349666789559,156.4041607178564,180.51056350174105,-52.90228249918523
57.5512499,13.269272138413811,-8.009135659557025,-3.0237914359117313,174.89261832399177,180.36178419731488,-53.010110499599016
57.5612499,12.783745605547672,-7.536831155369811,-3.2237699007492733,192.93854635470674,174.07147638500135,-57.32874249501123
57.5712499,12.168187362849205,-6.838170277490531,-3.454675075475081,209.39008913930954,164.24133526543324,-65.1996176782377
57.5812499,11.74515015584205,-6.132985872243156,-3.0733427569511815,223.1243939434653,154.03343383147472,-74.76188486027281
57.5912499,11.413411489936971,-5.224858233019146,-2.4327184459288174,228.00842004504946,146.66636549122842,-83.36852650702156
57.6012499,11.231097003871618,-4.221605292188201,-1.8639721217177085,226.77087186736279,141.33946876951157,-92.09381015998211
57.6112499,11.187679151034317,-3.191351321606648,-1.350215852726293,220.743640828835,138.03648044325394,-101.00243351191824
57.6212499,10.963178642288149,-2.051820246195966,-1.1395939038350835,207.97946608001905,135.4868128164552,-109.02764838022134
57.6312499,10.620743240343451,-0.9960960984968237,-1.0672750810040528,188.67206262359184,131.31270573122745,-115.04651803215721
57.6412499,10.395469030369732,-0.4161142920920177,-0.9722373804142137,167.77740750963363,124.9043938639637,-117.31945685993021
57.6512499,10.39525297919633,-1.1703674131226511,-1.0725124983717367,155.06367288139305,116.15251151507556,-114.07270793417955
57.6612499,10.128910873074028,-2.2098553159988796,-1.3305644305254125,146.3335127005837,104.08443072707969,-105.34507297476001
57.6712499,9.284689373349382,-2.0877210983460794,-1.5045448144582498,134.26924639878092,88.5346878243279,-92.80242556842227
57.6812499,8.606336573969017,-1.8493444660299072,-1.635119871099828,123.32706684741146,72.11180512513124,-79.5661720469685
57.6912499,8.528607078076362,-1.6686479704801764,-1.8274738042428615,113.96798275631113,57.25795828546565,-68.20273457389622
57.7012499,8.76659333346848,-1.2440427251970012,-1.8696594326753901,104.25463028856456,42.92696982939588,-59.66676076237673
57.7112499,8.571486032796702,-0.6764979744100947,-1.6026917702366266,90.64724581782461,26.480812052724694,-54.360620032278945
57.7212499,9.166810421788366,-0.5907302747415398,-1.3742515906767856,73.99132282755014,15.706260432011256,-50.69780990907775
57.7312499,9.676967565925116,-0.7242537105488822,-1.123747332165522,55.08549716812217,7.198218516422669,-47.056874607717766
57.7412499,9.665435225935763,-1.154850438514596,-0.8402031921379056,35.644563904014795,-0.2772130605832708,-42.52101118473067
57.7512499,9.77380851209179,-1.7213999456102682,-0.6830765916963014,14.964440427869844,-4.138182004912976,-36.99361340003295
57.7612499,9.787132642672178,-2.1535611190352273,-0.6834263598341346,-4.2288949109286325,-5.361215850449823,-30.859111926089028
57.7712499,9.675916936310333,-2.3828739543535917,-0.6930468831471173,-20.471931728984956,-4.831259377192422,-25.300180439108054
57.7812499,9.291582899464903,-2.5651267672921843,-0.4243064644665131,-33.18492270239576,-3.8719556763909204,-21.545332221838024
57.7912499,8.860060923906385,-3.071706586643528,0.033201580108083835,-40.44978768338495,-2.1330448378867652,-19.50731037395152
57.8012499,8.492104836624677,-3.71785846591389,0.24322346531922198,-40.00888964836535,-0.3948378440433838,-18.190634558003538
57.8112499,8.036162841245599,-4.401004058093282,0.25063056168958836,-33.7722473264043,-0.13373501209242905,-15.849459428592782
57.8212499,7.621489253011831,-5.044111342192423,0.26340233201821683,-24.30566625845602,-0.45588904601527724,-12.260830936348459
57.8312499,7.31292094232083,-5.647632737468847,0.3100936621249303,-11.950582062974215,-0.6088209344639793,-8.162134181530355
57.8412499,7.139095068865722,-5.992108776362691,0.2687412392661349,0.7991050617605141,-0.9168168840632696,-4.0601217193479275
57.8512499,7.21189229853191,-5.733295775322268,0.027129182738060163,10.99408955405225,-0.9344989738895245,-1.5886809580745374
57.8612499,7.432298001076302,-5.078493556108758,-0.21902783309557247,17.56059796699707,-0.8507118553060948,-1.2371802580549949
57.8712499,7.757924250198521,-4.49720471742395,-0.3028763141943573,20.64150311291593,-0.35064203428547885,-2.3437107686020617
57.8812499,8.046771975387381,-4.2108721477119415,-0.3771393275747245,20.759651716799727,0.7157108356656274,-3.622804192719174
57.8912499,8.130856752285291,-3.995063326285777,-0.5152381645176416,17.792397047596538,1.5988355465074418,-3.6020664914644365
57.9012499,8.2794462987151,-3.8247274489947047,-0.6654184128817758,12.810522391569641,2.699519916083961,-1.7626677236290036
57.9112499,8.565108540844962,-3.7756912534218134,-0.8406344930414142,6.368328785303578,4.101447594055812,1.3745269548561696
57.9212499,8.737378920684241,-3.6536478443495497,-0.9615995627982724,-1.0314028627887109,5.130823796110286,4.603514857261695
57.9312499,8.743714887062042,-3.5011590285553393,-0.9673756874331714,-8.483516957190504,5.926161774899837,6.610082759685709
57.9412499,8.709046499101838,-3.6535211608837113,-0.86828558340695,-14.030467480005845,6.374998784646336,7.405783949660937
57.9512499,8.682445652765203,-4.1404220580751625,-0.6774543740199503,-16.769443267327993,6.363800733774544,8.231284298188916
57.9612499,8.640238946321746,-4.625926429058248,-0.589955506951825,-17.294545170064193,6.136129057222327,9.577112483633929
57.9712499,8.551017475431033,-4.953792848188115,-0.6411665780915214,-15.317118262651748,5.306282817572295,11.291835374308045
57.9812499,8.43730617158678,-5.227715603462356,-0.5952600322205169,-11.248357578656725,3.650115896643986,12.921180667090464
57.9912499,8.323472932546633,-5.40522107098764,-0.47300574105508436,-6.620149822793853,1.9243899634458652,14.71826980577962
58.0012499,8.303117044179798,-5.376243733175233,-0.4788189421043924,-2.3554001736979684,0.6813180312083211,15.848042657789794
58.0112499,8.422912825828687,-5.275381096613316,-0.506602687309736,0.06956220069160766,-0.319136372940363,15.612789100732044
58.0212499,8.542345988352576,-5.213677093617912,-0.4320076643332454,0.7745502401587213,-1.0206861524273938,14.940679257436749
58.0312499,8.62147945002775,-5.179888317840587,-0.3344920829488187,0.654651846310505,-1.079106087328164,14.326971908891538
58.0412499,8.694400410142428,-5.227978247562004,-0.22628592920550772,0.3472840708927129,-1.140142418627322,14.008392023872716
58.0512499,8.682747992407393,-5.2526504053451895,-0.1093575602125953,-0.6556323553656147,-1.3641397849195476,13.962208422781009
58.0612499,8.562131572890044,-5.109480313538511,-0.10709588541302577,-1.8523779570368293,-1.6096054557084705,13.588298308885854
58.0712499,8.403230889141629,-4.851679054775726,-0.24360471891818325,-2.561073125133661,-2.3888116446502874,12.641975163001385
58.0812499,8.267214569851657,-4.645524076047054,-0.32046527790021134,-3.387674006496321,-4.008164616798653,11.86836597462525
58.0912499,8.193866177639588,-4.470227922863203,-0.3272673907717024,-4.773861262575037,-5.692134955527382,11.67185145339445
58.1012499,8.190896063420034,-4.241200555053995,-0.3193469500067078,-6.880117167032508,-7.231738253510796,11.954962634683744
58.1112499,8.220508336244365,-4.118685299244263,-0.24383563476062473,-9.614685706137886,-8.896198249066721,13.019075199312391
58.1212499,8.230151875184486,-4.075421367513656,-0.21851028384515084,-13.098243167753061,-9.955407137604203,15.329447052271236
58.1312499,8.265324900556466,-3.882927999210121,-0.2613856832920808,-17.834225691669204,-11.075398421172807,18.08259512258093
58.1412499,8.372269318531673,-3.6100402092142385,-0.2953781001841566,-23.210893027310863,-12.836422215968959,21.056447485370477
58.1512499,8.48031546935444,-3.4270739129369807,-0.3197469564815498,-28.52744161876531,-14.91745087335683,25.01105437595392
58.1612499,8.475467032630943,-3.2476465727408623,-0.38914165636075415,-34.10471431060653,-17.734543602127598,29.99704505415428
58.1712499,8.464473990779796,-3.0728679162460892,-0.5187314219505775,-39.51343144873098,-21.590150938532375,35.498337059125845
58.1812499,8.469478073663778,-2.905459004940637,-0.6667977157778647,-44.895628068884,-26.60473862755152,41.06344664190131
58.1912499,8.449128248661152,-2.7068832722658787,-0.7948594524839351,-50.67940503400426,-32.34645276584099,46.81752905020921
58.2012499,8.408957437681474,-2.4822825707405536,-0.9695278841367836,-58.18691697542784,-40.37253371049682,53.849197560391204
58.2112499,8.444288329371542,-2.1460159485168973,-1.2215929271401285,-67.48529358907425,-50.23611521320483,61.52495861262453
58.2212499,8.694845137535102,-1.6768558498520922,-1.5449249443271347,-77.44974489527355,-60.04694645964504,68.19060649872418
58.2312499,9.23981120105698,-1.0870296688711805,-1.9537321300352717,-88.70027519411,-70.75215465938909,73.2863649647533
58.2412499,9.998526352895542,-0.48448645056127765,-2.177424870442808,-101.32029968772446,-81.85212598765628,76.22371998497353
58.2512499,10.99231283253767,-0.049966421544248255,-2.1522928763145615,-115.60387710288207,-92.4469591764431,78.53308432897971
58.2612499,12.247165025797644,0.2327070323718323,-2.215298189592204,-133.06643979747878,-102.35731695470413,82.11916657929173
58.2712499,13.346586787478998,0.5939452047982909,-2.324029420287941,-153.27917728709727,-112.27186389243296,86.0731822318318
58.2812499,14.22835113427403,1.2580478979777099,-2.342713749602443,-176.56882061263678,-121.85616125234641,89.10069166818424
58.2912499,15.311119844932236,1.9252391545607646,-2.3465735303901107,-201.1455223837843,-130.54126098289635,89.92024531355896
58.3012499,16.782760909149033,2.1379921516106286,-2.0663095895907935,-223.3565856224163,-138.3488473264806,88.2526406384238
58.3112499,18.31960750989954,2.3096876910340836,-1.2888207565620386,-243.027363233459,-146.6831623369415,85.27565121305477
58.3212499,20.253243783274485,2.368518738463585,-0.29572884260458504,-257.79680063478304,-155.92323455253216,81.30505306629462
58.3312499,23.206293386094586,1.401933166263955,0.8893892431175351,-262.40824049207447,-164.72348572816398,79.56565900812588
58.3412499,26.477805482910654,-0.19779251261926795,2.1840524782162447,-259.3564445047834,-173.57744054843684,85.64103679199762
58.3512499,27.55567580422289,-1.5872675630549324,3.057563310570189,-253.73438669883367,-184.03493052338627,101.2609362260739
58.3612499,24.539449435459733,-1.658480206135437,3.3606167364206603,-252.4605759723989,-196.10069536397947,124.71623331955271
58.3712499,19.949787399368514,-0.09006452016749796,2.8485995053400566,-266.62983743397047,-210.5574230435824,155.53773661113357
58.3812499,16.44148161956692,2.0749132275026314,1.1533987397844758,-297.8578840204841,-227.99820139048853,190.59354028205559
58.3912499,11.712460219923692,5.106754209275961,-1.7093567506686005,-348.0124807790392,-248.87450591535992,221.37685694847198
58.4012499,2.7238512700736783,8.0937045715064,-5.460670971831016,-425.8374722052897,-276.4822040680737,242.53783988758028
58.4112499,-10.50240645044351,7.331152861573054,-10.554184283584082,-491.74866341050375,-318.63079002137107,253.79424458100183
58.4212499,-23.221808077461723,0.3200813998931443,-15.483949383440281,-501.6268315092774,-363.6043877373163,259.6115503662445
58.4312499,-35.22449075881503,-8.841712808697595,-18.037521785812373,-502.2148120357017,-392.9000348096466,263.47222390463924
58.4412499,-49.24179874904069,-15.35677338384696,-22.185167604393964,-466.0515560950357,-389.5917814746417,265.2754283909196
58.4512499,-56.299288502261,-23.093059583524678,-25.722210503820193,-328.879392601366,-326.7814152243963,258.35086320980116
58.4612499,-42.943330766510876,-28.065578508262472,-20.362689477793516,-145.02153420260294,-216.1332428923235,226.20832180569124
58.4712499,-18.91163142279015,-21.194105927643278,-9.856593856725631,11.628835048792041,-84.1289614564531,139.69531694722147
58.4812499,-10.148455695557864,-12.663939576974968,-4.11767790139698,137.46930061036983,25.997834253549623,0.7386908767000253
58.4912499,-12.325968459411648,-8.375716996212489,-4.802192144498605,223.6226402532636,109.87051250249417,-137.48602746658273
58.5012499,-17.14027667057228,-7.124409300143526,-9.451318230466674,275.3822279037595,169.04662866273304,-225.74546276877217
58.5112499,-22.1282986397994,-6.207508692944769,-15.018335080610738,306.276330337226,193.8836225054829,-259.02672112677527
58.5212499,-22.80160905172627,-2.159034762985824,-18.057689557565404,310.69124244273326,197.29039245646317,-262.7070234697198
58.5312499,-20.893088253690212,2.695905401706024,-17.572386817506864,285.906152914873,191.47465861233383,-258.5856451797015
58.5412499,-17.94337413619985,4.790442499832828,-15.000143386584393,242.69445890231293,184.74194608128323,-248.88977797443664
58.5512499,-14.13818088853637,5.402314976418308,-12.379134355137682,187.9514671992515,184.09616937218863,-234.03233962003895
58.5612499,-10.777481920321643,5.521640798684217,-10.601871673576138,135.24536212401273,187.55467544251482,-219.40769346668102
58.5712499,-8.26852922547001,3.944054648301165,-9.83658801712806,98.30648937178759,188.9590260977825,-204.00453128493112
58.5812499,-5.111918358358771,1.841490399724157,-8.981026990153067,76.2309911963849,193.97695455661332,-185.11847887199238
58.5912499,-2.5017007112362255,-0.18749345146258606,-7.735186026755355,73.66566601974017,195.0885997082762,-162.94032923680572
58.6012499,-0.3157998509469896,-2.164095715537048,-7.202197051261656,85.40035635675551,189.2734562366475,-137.69604357495817
58.6112499,2.3409183856432887,-3.50623215275754,-7.359614481586124,102.88916277782998,179.61762344448206,-110.11303303644414
58.6212499,5.492435009684585,-3.9465069470939644,-7.08442017182315,127.42698002696689,168.66031037949247,-81.32339910699258
58.6312499,8.663667836955762,-4.2960859169851995,-6.1519488472620365,154.76849983986259,160.10114168604738,-56.21835067901194
58.6412499,11.520576341404444,-5.174697105964366,-4.960201911385329,177.3445104784281,154.83890234465485,-37.43004765748485
58.6512499,14.002633655960159,-5.594948255333688,-3.905437347946056,195.80353871437435,150.7961412229083,-23.435040196280283
58.6612499,15.542015335111188,-5.70474565191179,-3.2787198844115495,213.08706499449346,149.5897503387518,-17.79160620769583
58.6712499,15.469048253460603,-5.996167958954828,-2.7314529007365778,228.380399423678,151.05380439588996,-20.377453039654352
58.6812499,14.129334416462013,-5.871099610846048,-2.5818520634295825,238.69737231096977,152.73063212454076,-28.82846894448408
58.6912499,12.62878099718799,-5.452665780961792,-3.2103641210762426,243.74460143352385,151.72479890082792,-40.95892692723762
58.7012499,11.564017970371642,-4.946362020097566,-3.813204254062111,242.48870265973417,147.21814587401127,-54.94227161276987
58.7112499,11.249998498088285,-3.9951818551383678,-4.0145987126073015,234.0371765556455,141.12898072601956,-69.6743669184204
58.7212499,11.52953663462873,-3.095791107440947,-3.8759209996712967,221.1950673441237,135.39590758782802,-84.50365556163841
58.7312499,11.815658289329239,-2.4845516152133595,-3.3805821620056955,206.1426189183277,130.81175260626904,-98.84900930767729
58.7412499,11.85147021303867,-2.0547671425628655,-2.8069413754356294,188.12407708980123,126.26809482895126,-110.84988264720072
58.7512499,11.83128106353593,-1.6791071530554167,-2.3824636122991567,167.07718286633929,122.28377919707052,-118.73350250663977
58.7612499,11.761901272123504,-1.3607602973112716,-2.277103512726306,146.25031757050402,119.05583038560135,-123.76726960619307
58.7712499,11.568693694382857,-1.1714996442629884,-2.392077567510536,125.0414875609398,115.20083804603298,-124.00858844692283
58.7812499,11.257457844104216,-1.0645691840002056,-2.590997504612386,101.83271143970465,110.6252622462709,-117.1910993759419
58.7912499,10.689165317342319,-0.8010892293036492,-2.842590211210294,78.07310331105036,104.74747464898864,-108.4610754435328
58.8012499,10.092989285752038,-0.20689300756196805,-3.0568257217067707,55.64613104052609,97.04384504458338,-101.38895200491486
58.8112499,9.70362014963419,0.02448350896405095,-3.0521475799894207,38.130588530811394,88.2874310559026,-96.59612714474218
58.8212499,9.255375291587008,-0.27490098482313274,-2.8141726378144507,26.061210176530654,78.59763738746102,-93.07414657607178
58.8312499,8.76381624675533,-0.719371041529944,-2.4607110527473064,17.19508513456194,67.29939537419453,-88.15522737289983
58.8412499,8.366937880289077,-1.1559133844973057,-2.181442216768603,11.263543405292108,55.07811759699474,-81.51150526045824
58.8512499,7.844198960378329,-1.4220800816617147,-1.9944654172716167,8.714136568298404,42.89576159593326,-74.25711599237829
58.8612499,7.9696784714600115,-1.4997066858437644,-1.8780727404998232,7.348016270846418,33.58108242176873,-66.3300087764491
58.8712499,8.14298144752351,-1.5601168211597993,-1.772564190963153,5.430291595878537,24.894651965643916,-57.831802942820566
58.8812499,7.92923906243423,-2.077300774608822,-1.5544511351077068,4.490142524731512,16.337734163385672,-47.38701145525623
58.8912499,8.242264039258867,-2.5775108633387487,-1.3462811126569512,1.7103901723608552,11.18332573601771,-33.951714145626475
58.9012499,8.421969826627965,-2.4206500779672395,-1.1707126919263033,-5.207912165042329,7.543252610667643,-20.25224143574792
58.9112499,8.244833139758406,-2.01483672526802,-1.0787565087674402,-14.299947958394625,4.757368957574154,-10.155092077508383
58.9212499,8.069848064210094,-1.9029047556235303,-1.130324234086969,-23.50912131860328,2.5207794709527116,-4.355321153022565
58.9312499,7.866348732982164,-2.183815635647603,-1.257426990715155,-31.727950685415195,0.3518943348099036,-1.375748452475872
58.9412499,7.674047069560517,-2.749064509109929,-1.316915421515978,-37.78477415603057,-1.5314420610037043,0.19133632154556401
58.9512499,7.567122653961201,-3.374274116825497,-1.3140195559080787,-41.434471351988535,-3.169741454656076,1.0914773413298462
58.9612499,7.578287498170582,-3.8875091868545044,-1.2485840879893964,-42.28218892858093,-4.534557293630818,1.6539226112020768
58.9712499,7.651609026116272,-4.381241464126435,-1.1188036059101354,-40.13658767977751,-5.703147707621671,1.7068536999662407
58.9812499,7.769328688108671,-4.831487273267882,-0.9692584247773095,-35.41366711541029,-5.689084241069075,1.4476014649308346
58.9912499,7.925375092458119,-5.099233666794432,-0.8976840752287064,-29.02986943627876,-4.458567199827963,1.3610676896167908
59.0012499,8.149089727370896,-5.254044108845831,-0.8937560086250517,-22.377221525947554,-2.2934571592705426,1.4337847876929397
59.0112499,8.393419550459294,-5.271036432653213,-0.9089851319639574,-15.907197500262543,0.5508697055298749,1.6378321460393803
59.0212499,8.553146951611048,-5.130689385226244,-0.8601198314055658,-9.924723252161758,3.8002941826152794,2.2507239608780942
59.0312499,8.562659505214276,-4.909282047144824,-0.8347213652487213,-4.771525433973248,7.356525354895867,3.295887258216631
59.0412499,8.39448975931636,-4.551804267169009,-1.090151506800096,-0.3826279368626714,10.882866072265196,4.602604498948649
59.0512499,8.136558992893018,-4.183860201598431,-1.5038833452804765,2.4875663671500203,13.131200644893267,6.37522589708794
59.0612499,7.943206873387052,-3.9517663598297603,-1.7898714401213924,3.401871015821211,13.459819706938589,8.394822990703734
59.0712499,7.843900983508155,-3.684831639760297,-2.0059999844309653,2.945065713655092,13.107747940847645,9.986038204067095
59.0812499,7.869601973868941,-3.4205168999866693,-2.127146870576943,1.2414831017058687,12.31681061331891,11.018075538615795
59.0912499,8.08513828327269,-3.2487395485330284,-2.135868385095438,-1.3331954977024705,11.221746148856374,11.977044439140105
59.1012499,8.370954027728953,-3.122299064871422,-2.1316427109898135,-4.308468891660298,10.19591871835656,13.043642254716847
59.1112499,8.610564456973204,-3.1808021236250563,-2.1440634514226864,-6.605061497803453,9.365498516621523,14.654754239455231
59.1212499,8.775604695203674,-3.366006328131839,-2.140681018179466,-7.498406572476541,8.416395094073774,16.636159012874582
59.1312499,8.934594301960493,-3.5243240316122244,-2.0586094322548316,-6.817422547550927,7.499066240195774,18.59428574135246
59.1412499,9.117141305576437,-3.666575118244824,-1.8911020957598699,-5.0658794723092235,6.984208662538786,20.22714276606823
59.1512499,9.214961460981957,-3.754595235808921,-1.7005319226815452,-2.63531611057768,6.54735621080512,21.48798807856234
59.1612499,9.256346715925606,-3.851388460877201,-1.5405490461576925,0.11996195294685577,6.253989974142698,22.209067114733624
59.1712499,9.211042791629284,-3.9653781845825797,-1.4373667045685157,2.3740910682117526,5.924665824403652,22.552047890784245
59.1812499,9.069778914117,-4.046393565671829,-1.4109162016106376,3.725322808093131,5.431897378573831,22.51195282198568
59.1912499,8.947223575424315,-4.279631313908198,-1.344026347000738,5.102107965607555,4.694834325585849,22.010728869174045
59.2012499,8.923547978898439,-4.559086728531931,-1.1569728017413539,7.368959521233366,3.759379005576363,21.2665850017987
59.2112499,8.954112251940568,-4.647515432363642,-0.9901243493536489,10.185098597277092,2.885755874535616,20.161642210670156
59.2212499,8.922964996243595,-4.681975728943672,-0.9164498348668806,13.31980923841493,1.978120627225307,18.65457693722622
59.2312499,8.810617774336444,-4.70237722763027,-0.890254111295355,15.915080263724263,1.0697524408259236,17.090607323904486
59.2412499,8.716328623816823,-4.641114793777632,-0.8652733760080585,17.933735056988436,0.48201407679402675,15.387164804367378
59.2512499,8.646781550403041,-4.528504955364775,-0.8516622114777126,19.144581662287344,-0.40973030306267033,13.446746735596832
59.2612499,8.585676688647101,-4.472686559324194,-0.8663952268285786,19.440617832437784,-1.4093424637386536,11.794015252246837
59.2712499,8.535514443386038,-4.451620593333769,-0.908228037336208,19.012731505284517,-2.147082096855214,10.783193511506596
59.2812499,8.448589586855777,-4.413126534981562,-0.9307168384593696,18.124907774520114,-3.388192516095958,10.183346237195876
59.2912499,8.348925586253715,-4.380130868283435,-0.9527958833331692,17.283054805051652,-4.889914182334381,10.221311730575122
59.3012499,8.199513654941411,-4.300562296898724,-1.0249999527685765,16.50155341608809,-6.783481847766474,10.82840192216565
59.3112499,7.972932738102112,-4.166525886751721,-1.132285120547745,15.709947040816722,-9.265948265260596,11.749609902081117
59.3212499,7.809644786155961,-4.034680556165461,-1.2554312155718406,15.182545445509152,-11.903876532850749,12.846745464112164
59.3312499,7.733841000903119,-3.9682678306296815,-1.335972977734478,14.46933264239768,-14.953775355664225,14.494959798987122
59.3412499,7.658989533185016,-3.8657134747257214,-1.3826610341531316,12.504467200098366,-18.274303583983563,16.954860258468806
59.3512499,7.655534803829583,-3.7624223051236645,-1.4708107823284782,10.071382074932695,-21.396036947913665,20.0248386941839
59.3612499,7.677028948936969,-3.648664427830055,-1.573818021516676,6.970643909715495,-24.812205688378217,23.466875295779396
59.3712499,7.7213705579175365,-3.561608022483074,-1.6246146716712186,3.7026170182892733,-28.286873878423137,27.364600827392177
59.3812499,7.774713869356135,-3.5379947248916697,-1.6561754077357647,0.8121705670930125,-31.70361500459298,31.769539904984068
59.3912499,7.75533346341958,-3.427365804828855,-1.7452003011182307,-2.4289565436635105,-35.50278007067126,36.730159273914325
59.4012499,7.797771331250865,-3.2749709116253434,-1.865638498392917,-6.07901113008865,-39.58526359272625,41.85246563571954
59.4112499,7.893854283986039,-3.0707641768538703,-2.011853003957897,-9.879582488551044,-44.17594629936099,46.86870343740907
59.4212499,7.92216348168795,-2.800550072363021,-2.15504539572771,-13.874679822631135,-49.25535097334488,51.46703734230693
59.4312499,8.048692166027962,-2.537350774509187,-2.259563031892891,-18.362646738812465,-54.20498574511289,55.63151814095344
59.4412499,8.372578460353264,-2.348106333451337,-2.3265316382283103,-23.250789810748447,-58.93341285067367,59.9472596259966
59.4512499,8.757199872895491,-2.233512778848063,-2.3094057568462736,-27.998337639017308,-63.44606429876625,64.46995660827481
59.4612499,9.201128812782004,-2.11586765596136,-2.2658404782786024,-34.155352084513346,-68.84683468058323,70.15568070978087
59.4712499,9.760191125006834,-2.0243704512928824,-2.270370656397894,-40.99564160332287,-74.7615104197005,76.34666465766122
59.4812499,10.374270194872546,-2.101504004536749,-2.3022434484830705,-46.04590490439036,-80.14172942678209,81.78960281219848
59.4912499,10.984331337264852,-2.337701609969371,-2.232655381203967,-49.64027003872752,-85.91513468311719,87.16628029110561
59.5012499,11.73368120687043,-2.5708787901231167,-2.1123206009837494,-51.97345901669852,-92.20914386246174,92.23172744375829
59.5112499,12.799654039203345,-2.753896975774006,-2.1060655739321925,-52.64529574112995,-99.50064960048664,96.65253404870245
59.5212499,14.126197572781056,-2.7798611484613582,-1.979227973773501,-52.539749623221574,-107.54487803381873,99.9204891486692
59.5312499,15.825919685094554,-2.4871952851611683,-1.728259102650854,-53.8233309560957,-116.55190821518322,101.32091977037405
59.5412499,18.18157482960506,-2.1960990099598137,-1.727909441149879,-55.81034949877371,-126.59925280719456,100.7984702701196
59.5512499,21.264314630354633,-1.9123412922664973,-1.6271707314560244,-60.213563605971665,-135.80334638388084,99.54969826429227
59.5612499,24.95511426899893,-1.350140957546836,-1.1139583889761284,-70.89378782829425,-142.06784157515554,99.73938462686439
59.5712499,28.805558730352512,-0.9403541820388353,-0.4986215094213357,-88.83135741008518,-144.27440538870644,103.08549705278674
59.5812499,31.10338354317701,-0.8576523993430523,0.19071701855123557,-112.59400139760366,-145.09155517763259,109.00698411291742
59.5912499,30.0477234590536,-0.9375024634470901,1.1432601212144804,-137.25150720482293,-145.8409788564647,116.72081009037359
59.6012499,26.564189955951175,-1.0620222956450547,1.761868776827777,-162.16336023429204,-141.38681695814637,127.96036368267623
59.6112499,22.67798097537305,-0.980385243224588,1.1221001605385008,-188.66559040654403,-134.8108189003989,144.89855753772886
59.6212499,18.79586055114605,-1.0672986223586023,-0.04045717404179729,-213.06745736053753,-134.4338174641294,168.0103301145715
59.6312499,14.5688593019341,-1.1609615480229731,-0.7631485786233975,-236.4585292465035,-140.6960593493595,197.0156976852049
59.6412499,9.168054219349502,-0.6768110321562656,-1.6591877142955656,-265.6346096740599,-152.59939083483647,232.57152610122478
59.6512499,1.4063227108389758,0.036238648589703944,-3.090309669699223,-301.6943637832499,-171.6851339670569,273.3372564878204
59.6612499,-8.734202534940891,1.383772660483599,-5.880546622024063,-360.91326326797383,-198.96588097353268,324.17646844049244
59.6712499,-22.2712435579145,0.4204616536073188,-10.978462499661788,-443.206272588353,-236.9224806623068,395.05451387410204
59.6812499,-37.47329285238992,-2.861943502256637,-14.652724781240547,-492.67365745268637,-284.20007869474017,456.37343623832703
59.6912499,-50.37894618130771,-2.563132998132135,-15.95094855671774,-500.1134208258765,-315.537512790286,479.1969615200076
59.7012499,-59.78402146081524,-0.26566958419135056,-21.238768620005885,-500.379694923269,-291.90650655205843,459.38455845254697
59.7112499,-52.626075498399835,2.633580666929895,-24.292042382916943,-497.96278944164754,-199.74654305673556,375.83993188988
59.7212499,-23.884680315766104,2.4023963447140484,-13.788034537098582,-503.98693880387367,-48.539649828432474,231.45156987087455
59.7312499,-5.27449205738588,-5.4536770322678345,1.5804674960201939,-486.6071526082936,84.36310056146304,67.39505545858742
59.7412499,-5.093669406388226,-17.12848925060649,7.630596676808914,-329.2784755402826,142.21908227268563,-72.33716148282676
59.7512499,-5.4268084983896605,-24.26790329127156,3.0686938545166145,-61.04528169279579,159.93429524042622,-174.08813326680354
59.7612499,-10.533748384946064,-23.865467355155413,-6.911497859152434,215.86812300777675,166.28559169682015,-236.3785976915429
59.7712499,-21.740580670576794,-19.485690838992284,-15.347282635159617,433.2348584920888,162.06570334284956,-254.9415358197995
59.7812499,-27.653040609131974,-10.386550626679371,-18.161027291430482,506.3331255725737,149.86267494039237,-250.23915963116377
59.7912499,-25.24113207450401,-0.9643799547918553,-16.719162830125143,497.8395697848973,135.9763902815538,-249.96956882644864
59.8012499,-20.756812607817803,4.31782637398949,-14.88996854646665,501.4904717756374,119.36822029478861,-258.60851878466434
59.8112499,-17.323330339990843,5.366852100490746,-14.358983682863915,494.08008364719996,104.57936800687607,-265.3230655762028
59.8212499,-13.75811959427582,4.320076623962608,-13.853392109750034,435.4802898615654,103.189422855483,-261.1208211331474
59.8312499,-10.041529370811016,4.251099829445149,-13.08346022414184,351.0465755192297,105.88953867152222,-248.27048058623947
59.8412499,-5.276237191650951,4.527737468181638,-12.35184845270227,265.97124829613654,109.22653546382364,-232.31793318955914
59.8512499,0.47498571639727594,3.6924081699520754,-11.356268322368114,188.46281552097705,119.70282642995876,-216.0241842334726
59.8612499,5.068767512523358,1.4332803082879535,-10.281362630441036,128.06288136737058,130.88173039385273,-197.50991411601527
59.8712499,8.751118853000472,-1.4221931915248283,-8.99461006925217,87.30195258433199,142.64449917567356,-176.43621173439382
59.8812499,12.089699908000554,-4.290041240464985,-7.280900282688591,66.16269458747226,158.57971419310596,-152.64013325285242
59.8912499,13.974387086399984,-6.399257066325564,-5.506694559651869,64.62071537880058,174.47748360598723,-132.32823403817477
59.9012499,14.268608293939938,-7.756079345486633,-4.31320309484325,81.71806437160927,184.690767050644,-121.59611594157526
59.9112499,14.008697281141332,-8.867126668021381,-3.6826308968123316,110.96292674643763,189.2716009288957,-116.00438335741599
59.9212499,13.138594682138631,-9.289315516947568,-3.2333680703136247,145.14411223347165,186.80912472647543,-114.78973623690223
59.9312499,11.772251498575711,-8.94852065410909,-3.001672813359726,178.18345255498713,176.6796509329681,-116.70917154902887
59.9412499,10.39875567644845,-8.46756443509605,-3.19436216393489,208.12252783050212,161.63357124865382,-120.20192739180428
59.9512499,9.202792646407168,-7.4664307861356525,-3.6430104532301493,229.0218298978788,145.4315689156597,-122.15312972542603
59.9612499,8.333213310579179,-5.524468915268817,-4.085922874526932,236.08304889262737,130.69590827435437,-122.63300711355238
59.9712499,8.01554404698184,-3.6334871739292622,-4.291402600188136,233.3236708279749,117.8173584405605,-124.47561786894866
59.9812499,8.172210746329359,-2.2305196788900736,-4.1306933049233985,222.98037844511543,107.97258704689975,-127.32399093658121
59.9912499,8.65188098837536,-1.1616035602141563,-3.6498123461742735,205.43222258459673,102.09005600792813,-130.0928837990599
60.0012499,9.252788162318648,-0.21442381058023546,-3.109279180322649,183.16021909156606,99.08752436289282,-132.12972448126274
60.0112499,9.533442325522785,0.5428844083587325,-2.8014197977699697,159.82558171918745,97.19811490803123,-134.1327327640487
60.0212499,9.330148997700544,0.719979839798552,-2.731093126510783,138.39874443418486,95.10336872635025,-135.40999644862552
60.0312499,9.022557275266847,0.0039106234059565065,-2.7791361290716625,124.52625241102689,93.18972150212598,-133.63132231682255
60.0412499,8.946471327605467,-1.0372952629840202,-2.713780013457798,117.32980564854574,91.11763786856964,-125.60776380742696
60.0512499,8.958980459210325,-1.6169462506714702,-2.674431439524573,109.90334664505265,88.47883883087998,-109.67462062374433
60.0612499,8.824406269766566,-1.837372598640829,-2.9357285169663228,102.03453981687679,85.02796547784408,-89.30012553319654
60.0712499,8.659635798985745,-1.636417168939724,-3.079405304212688,94.81305365201804,80.20269475633694,-70.25817798763958
60.0812499,8.986649093364015,-1.0193537539641226,-2.9644029153187392,88.22588336168765,77.03650118840356,-55.79938322692803
60.0912499,8.833576674890715,-0.4391445604951803,-2.764744346122696,79.97709431683722,71.44625108254249,-45.93873043084435
60.1012499,8.101579788342107,-0.6476559855176398,-2.608527753288928,72.79090452917859,63.44657268284068,-39.21033125517694
60.1112499,8.641555002943825,-1.5710968637865743,-2.62658818837107,70.41681824567175,61.14482600119479,-33.16516444409303
60.1212499,8.26477794796585,-1.5771670496520682,-2.5475404121461587,63.66058732478877,53.47178225326632,-27.088617912141014
60.1312499,7.890109807081829,-1.7360603235834904,-2.334242706272073,57.803831318965265,45.49894154766255,-20.634887617979533
60.1412499,8.458762957076882,-2.5305414706529414,-1.9140873539785812,54.367866533151975,41.227154257739514,-12.69370788279253
60.1512499,8.530991497859786,-2.7573813249129806,-1.3768168779855647,45.70837816186672,35.30831045186269,-3.4741114980599295
60.1612499,8.762460441124427,-3.2412164265425534,-0.8633726972008053,37.55903064200372,31.913076030967694,6.488714402428761
60.1712499,8.881943327129438,-3.7757694810758426,-0.4832540032176691,29.68425721288929,29.833132888089523,16.002120972648466
60.1812499,8.451609835248046,-3.9611686901090164,-0.2183023421574128,20.110134200315088,26.413021960288024,24.33861860673985
60.1912499,8.19178469612191,-4.120941505701642,-0.04599514342645015,11.547499515652873,23.608391762406374,30.0577834196337
60.2012499,8.110253673253066,-4.0632236870875875,-0.12807073866568716,3.3374888048462377,20.8007900693909,31.992863503695457
60.2112499,8.13594190151973,-4.177805788834938,-0.22148526215048112,-3.3083093089720883,18.25818744443955,31.20778882405203
60.2212499,8.24518562782515,-4.6080793818645205,-0.1340028031002171,-7.877377423318963,16.530671907531595,29.495373931401236
60.2312499,8.242987697670678,-5.007860708530295,-0.006905676465514736,-11.397908412244787,15.253793945239629,27.94878802269073
60.2412499,8.355143147014687,-5.361568288590972,0.21345041065642298,-13.29438481226388,14.987379381715902,26.837885387144272
60.2512499,8.662422260717701,-5.553161679570237,0.5021527532035857,-14.11280791736245,16.070548134214928,25.516788619066883
60.2612499,8.780174409126811,-5.469730581344917,0.66154222478477,-14.40114678355896,17.691042213914113,22.86249374214191
60.2712499,8.767166939715594,-5.426741667911562,0.7019430683865105,-13.241442396805024,19.574499850343454,19.125724261383773
60.2812499,8.729997104210325,-5.575922540847517,0.707362299319108,-10.303454123736753,21.132316879888318,15.421111614236395
60.2912499,8.591743346855415,-5.672905482271898,0.6636366013226462,-6.540362691238395,22.12977147192083,12.580617836321302
60.3012499,8.477918280190638,-5.614438911502775,0.6402791079364709,-1.888313746163953,22.54018328057313,10.64533359729897
60.3112499,8.4292223679568,-5.589980449201448,0.7200559868555438,3.1580520636373564,21.912613684540432,9.978153067940857
60.3212499,8.37222029655546,-5.667892766111834,0.8413216320389615,6.985237123801796,20.946250801782124,10.878467540385966
60.3312499,8.318203442147809,-5.629238180667803,0.8162066815469429,9.518832243858418,20.24807491314337,12.513081612582491
60.3412499,8.216558531487742,-5.456704367267782,0.6371880910138343,10.75833878660795,18.971563803964845,14.243540020123643
60.3512499,8.102638445417195,-5.316483532820377,0.47963126481554097,10.543661199349595,17.223028142973845,15.813819170320471
60.3612499,8.04587038640217,-5.129224802623682,0.3441195868510736,8.776277906953647,15.629264818690002,17.043419449264803
60.3712499,8.067140519898576,-5.03732314894997,0.2960934307022116,5.977684330320517,14.057677955862175,18.290458767262184
60.3812499,8.106200251085543,-5.20028216197068,0.380402969242148,2.9874139787977256,12.553414727054214,19.712057335555713
60.3912499,7.995447905121355,-5.31863488790113,0.39529290234152736,-0.7708260571978595,11.019758656849602,21.148036658277604
60.4012499,7.8659949967638445,-5.380618302873013,0.3243628518853139,-4.479068295436783,9.250078719059632,22.31893917121763
60.4112499,7.917016446092751,-5.505463688830203,0.3578247241794325,-6.868504558827715,7.393724418344364,23.466522467237017
60.4212499,7.968809824163839,-5.662268751842975,0.45972088296682456,-8.065125820841752,5.339688484100597,24.59103476057715
60.4312499,7.942645288963667,-5.8515644647063825,0.5798504193896143,-7.747171769063571,3.223521391338818,25.833167771003705
60.4412499,7.95992750178174,-6.01123512529773,0.6902505114931148,-5.883572454316062,1.3610707585914334,27.68697093345547
60.4512499,7.955194614938931,-6.135216506812005,0.7097325530606647,-3.4396270089948864,-0.4059680442050433,30.603622000750192
60.4612499,7.8480501174507795,-6.100917344755487,0.6513576192765779,-2.6259781121544896,-1.7215191083922046,34.02969938781448
60.4712499,7.704550239590404,-5.925917309179818,0.5537660598997016,-4.130185558971218,-2.3397742507655033,36.605983330919344
60.4812499,7.6648982919155095,-5.809758537905078,0.5743867850344708,-6.929272611341639,-2.8817286759305807,37.69986670404437
60.4912499,7.809080520786677,-5.794516406820016,0.6796437232070973,-9.681900507189267,-2.5379719371900045,37.696183315555125
60.5012499,7.984477628145589,-5.8554603249270265,0.7547007092964011,-11.635741742009193,-1.746085402759378,36.909992062401564
60.5112499,8.134351116881586,-5.982351066885111,0.8278722446562091,-11.883021792454995,-0.7724534262454227,34.62230129965431
60.5212499,8.130753401766933,-6.125519225919139,0.7909450627323182,-9.961122106826881,0.6317620714171341,31.484552242280117
60.5312499,7.954508273624383,-6.187002201441951,0.5905498908886017,-7.109462490188831,1.6137359710648878,28.816428043782203
60.5412499,7.8342807052442955,-6.2596460136064,0.4017678891264323,-4.515893731900156,2.33908036125622,26.331209669558735
60.5512499,7.847488589820228,-6.397237526614954,0.3724669557421397,-2.7806508227740108,3.427037739421315,24.15122340101296
60.5612499,7.861252160138983,-6.471625783132285,0.3916034084480484,-2.6982983690888553,5.014391451992034,22.23110091867618
60.5712499,7.86537875255628,-6.453950984253668,0.34049069725192616,-3.7817219954574943,6.555487289836959,20.318762830393347
60.5812499,7.946239947221206,-6.522885438303064,0.36695746451518224,-4.476370202667391,7.889491166923727,18.328631825069387
60.5912499,8.02341944623815,-6.67264412305407,0.49383727725940374,-4.699449428236267,9.1599464373656,16.772732500569266
60.6012499,7.954991675851036,-6.783138329297626,0.5758891946063577,-4.212542168682925,10.075735234870939,15.550096973237812
60.6112499,7.789234041435171,-6.830219591198099,0.5680479532497671,-3.022736674501308,10.415923972531909,14.760319469408529
60.6212499,7.623963018733387,-6.85743332341188,0.517980644684316,-1.860040061077758,10.2173659821358,14.169932006046876
60.6312499,7.491751497556829,-6.999105966269717,0.48193038393913273,-0.6929819472292816,9.74563178124746,13.772612316335518
60.6412499,7.36472311600167,-7.087400685131311,0.43546150393892785,-0.3890666300617856,8.950430169268628,13.729802205316275
60.6512499,7.1954388582696955,-7.058241097400196,0.34395897016706267,-1.0280208156330928,7.789560929486822,13.574163724511463
60.6612499,7.095969540713296,-7.034329779244793,0.2679856284244065,-1.8640278831422403,6.362318562820916,13.239078252204497
60.6712499,7.078752379817769,-7.009240285478276,0.2217684629585682,-2.842947036157683,4.80912875242761,13.176616170062333
60.6812499,7.048459972760137,-6.9632407459079975,0.17799989826700074,-4.099426655099234,2.9875583286533707,13.680524912138914
60.6912499,7.046360459293893,-6.908714669930633,0.1524422850808171,-5.736131848538295,1.3989080041623754,14.50371388005202
60.7012499,7.079816117681143,-6.837370662192712,0.15492179046266058,-7.599043184734549,0.10579788705445178,15.788172255832881
60.7112499,7.101832150390319,-6.754733884676684,0.1164271857272188,-9.589210129857614,-0.9459929205516002,17.129799394378455
60.7212499,7.153553133387957,-6.639597184164445,-0.007962861548802276,-12.586966094432361,-1.48512703463994,18.501266815431954
60.7312499,7.222083410243228,-6.529491201116504,-0.11583717125514197,-16.3430480343739,-1.3664015760369173,19.408791019297624
60.7412499,7.2635225341659115,-6.468716897222457,-0.1093320006742214,-19.304541293639765,-0.8625059423681983,19.6667614923549
60.7512499,7.2609974607189836,-6.45801823311231,-0.051210421604336996,-21.982522220691386,-0.010783729399423778,19.73963367140212
60.7612499,7.249797942949999,-6.5829697283286865,-0.0039535916047133725,-23.919407707339307,1.4736660428576887,19.916135408281264
60.7712499,7.210650249641275,-6.745860626593268,-0.007423260484721346,-25.357920880640307,3.250587843068609,20.616565097537272
60.7812499,7.168804783058845,-6.909380133918008,0.03641969553249826,-26.1108257957152,4.951056390777076,21.404149377950123
60.7912499,7.114543392821381,-7.012305717197871,0.11576748966362217,-25.879422106622382,6.403097154836124,21.805370240119117
60.8012499,7.017852493295531,-7.0689901445745935,0.18624856493095793,-25.10937198530621,7.567125504213704,21.82361561862694
60.8112499,6.944041839476966,-7.157346430087446,0.23199370349744475,-23.533269885492228,8.451279000817543,21.623987569898574
60.8212499,6.846840769898006,-7.244793286584177,0.28046952371337663,-21.495214841576566,8.967504017954127,21.478004227779063
60.8312499,6.738064242904346,-7.236078753040445,0.3115721920853152,-20.281293906241356,9.455412694086586,21.471449995983587
60.8412499,6.689508536895687,-7.1793471722995825,0.3331267064328119,-19.692664703246425,10.00988563248155,21.37481832832055
60.8512499,6.6828144301565775,-7.197100461916657,0.3737435783677129,-19.018184587312494,10.354397662114826,21.5726464049238
60.8612499,6.617883323203231,-7.312791552235512,0.40098684484543834,-18.568244590435242,10.389778707762616,22.1914638789019
60.8712499,6.513692013444233,-7.369607672219561,0.35419418809046016,-18.490428046315007,10.532524841626724,22.88308922678929
60.8812499,6.46248695691833,-7.37467670108267,0.2744200436631505,-18.90097263147828,10.539558348043117,23.36659258493229
60.8912499,6.457858520953338,-7.450168126268832,0.23878564852085254,-19.337695901483904,10.344981268058941,23.66325744770655
60.9012499,6.375177530787118,-7.416771887779436,0.17858332910796584,-19.99994006126934,9.885267997525784,23.412042159691662
60.9112499,6.30946437359135,-7.372736897416704,0.090867657801366,-20.367408989604844,9.34652663923371,22.922463773148436
60.9212499,6.334802635727822,-7.390235784036676,0.02582049109324418,-20.6459711766757,9.008669477544153,22.639317548621616
60.9312499,6.380111224043487,-7.380883241186223,-0.005917747118867398,-20.7441759033293,8.759112170831983,22.45604795408844
60.9412499,6.484307264382874,-7.441623178517473,-0.005836440470895448,-20.473632948452785,8.597507405359387,22.5292876536735
60.9512499,6.5591274846813326,-7.482116700909302,-0.04462240820263559,-20.562909940709275,8.514235824877618,22.995621030229646
60.9612499,6.5411997849017895,-7.472459844538915,-0.09962601047197649,-21.196043716289797,8.5641517899801,23.3436590289536
60.9712499,6.500804718442607,-7.416116817243547,-0.11783360129817101,-22.32848912537128,8.636637082286532,23.301109557398267
60.9812499,6.496236680044612,-7.430485170025543,-0.14447718226322698,-23.03850679178027,8.617633062366219,23.133313406841502
60.9912499,6.436692984962477,-7.422510300044637,-0.2165853567440626,-23.796817696133687,8.249740694178987,22.667306538125455
61.0012499,6.410090661877708,-7.458536641727113,-0.22571366361330295,-23.87194888803322,7.896455508207143,22.20470137638447
61.0112499,6.417102805146504,-7.54005717180895,-0.19441254215582085,-23.03768538720766,7.536243548797317,21.44598377124445
61.0212499,6.4058588667140395,-7.601687613994936,-0.1769166817431234,-21.73189658682,7.165623743315219,20.340018187514683
61.0312499,6.391382706915896,-7.7313670973411,-0.1724773949923133,-19.771511957508928,6.93877152892539,19.187103980336744
61.0412499,6.340525357099877,-7.804881566556307,-0.1712932608027121,-17.250594032455968,6.77686837335652,17.93242104297963
61.0512499,6.278914925547312,-7.843298050160447,-0.170961353628017,-14.455430693368436,6.243807301022246,16.80137032236331
61.0612499,6.2772873819983035,-7.914646039529063,-0.17910852459324983,-11.728092618641163,5.638601808470317,16.201136404208768
61.0712499,6.297475376310421,-7.891569594236905,-0.1643778019229907,-9.56034997377318,5.31271781201631,15.945252442969569
61.0812499,6.285900415060791,-7.782793462473671,-0.16049465091652312,-8.401203088977253,4.98423686354177,15.774826649071562
61.0912499,6.304432626798865,-7.6943512635817255,-0.17923196410934777,-8.14467278357179,4.510334059607278,15.628597912869019
61.1012499,6.319623298268272,-7.649330709110969,-0.2022723381221764,-8.227325056080797,4.0101072323316735,15.333422026610906
61.1112499,6.280852993833149,-7.674781228494948,-0.2465578642248169,-8.585603337923883,3.5500100160601384,15.160523757536355
61.1212499,6.239300054916904,-7.68949978744612,-0.30480557446452683,-9.079229239862416,3.1104498703617844,15.15781576097561
61.1312499,6.196268465454215,-7.668261137173199,-0.3262733577590684,-9.317004661216965,2.4756757412415404,15.094637795579422
61.1412499,6.168923199547569,-7.72019976385095,-0.2958156936915855,-9.301425028808328,1.8162200935885673,14.94333048756898
61.1512499,6.122683941680764,-7.71944041409175,-0.3017898360662768,-9.515481048708336,1.394986968671649,14.72928459153304
61.1612499,6.082424778254668,-7.796484819287078,-0.3186583711424201,-8.907291334475268,0.7369913950313126,14.663290141839848
61.1712499,6.057429511016977,-7.854513702472365,-0.3328424736151305,-8.267566272482895,0.13344962289256088,14.634504044718472
61.1812499,6.035879639116804,-7.816638700700864,-0.34002084609564953,-7.535122736748111,-0.258674723228907,14.297875549654146
61.1912499,6.029649810518307,-7.837236951460742,-0.31555054146859285,-6.500213225151967,-0.6430299149988874,13.683165877727316
61.2012499,5.990838132336071,-7.770466491698786,-0.3576396416597094,-6.32461177557499,-0.9924484315154433,12.949573816480033
61.2112499,5.965457467547098,-7.783469670351622,-0.39842883950098756,-5.862033658976259,-1.21290496526787,12.05402419747419
61.2212499,5.977368351999408,-7.857828731015029,-0.4077359253831324,-5.456338649763045,-1.3791287363582776,11.401513113718533
61.2312499,5.922015460278657,-7.827243260321515,-0.45364488018880433,-5.774227990652208,-1.666565315881712,11.055644257878445
61.2412499,5.882032397039105,-7.850316957981308,-0.5129536282312457,-5.820325406154083,-1.9957021389528766,11.11385027388772
61.2512499,5.861766282871801,-7.8626612428567055,-0.5536239197632413,-6.093860026711815,-2.210641660142327,11.493865886703235
61.2612499,5.776193050919704,-7.834160543708719,-0.5813090997365034,-6.542639910055116,-2.5441353967917273,11.904540979079984
61.2712499,5.665497994358546,-7.833832219446166,-0.6341565042899923,-6.880676966182689,-2.8882135074138424,12.436911246618658
