# Time (seconds),Accel_X,Accel_Y,Accel_Z,Gyro_X,Gyro_Y,Gyro_Z
0.0012499,7.877357538111976,-5.461544884615911,2.350940313558901,34.565518957513675,4.109213424159093,-21.29176800673089
0.0112499,7.789388249613451,-5.214124753021106,2.280229279786283,34.32422268280555,3.314637327373885,-20.44978211637633
0.0212499,7.615694455823274,-5.003031527086685,2.2233444890931073,32.978770556674846,2.0656072231279485,-19.386309907806815
0.0312498999999999,7.530327063800908,-4.856930873269519,2.1993405977828053,31.0050198248853,0.6509203628732815,-17.842687657768646
0.0412499,7.509001325740678,-4.738889801733094,2.2274223626343708,28.99085902224429,-0.7606272895279403,-15.792503419198022
0.0512499,7.497599212604106,-4.549401681602798,2.2142887962626143,26.143702972708457,-1.9675164879636722,-13.473662343601552
0.0612498999999999,7.529687584314163,-4.424293935454211,2.1163338624224215,22.75594253465669,-3.069355182355261,-10.742966862731798
0.0712499,7.480885323724569,-4.38849538238075,2.0593822294147994,19.221539704622852,-4.633432420992291,-7.5441248487160495
0.0812499,7.488599873486211,-4.404406493195224,2.092760154629986,15.845874294360124,-5.928051507195903,-4.261046029744643
0.0912499,7.651299919557874,-4.447491940671761,2.155973579524213,13.079671383155363,-6.192642798317338,-1.0736487837152344
0.1012499,7.855890940759243,-4.427986486127536,2.24634152913956,10.559319348294162,-6.014941423933336,1.5967543641226316
0.1112499,7.980365029116359,-4.470400928597623,2.360650320784165,8.737906064352728,-5.382139919866218,3.861098325501138
0.1212499,8.070363219509852,-4.613899122459507,2.507888609515454,8.143549401854827,-4.070123847076367,5.929269235280519
0.1312499,8.1620154377105,-4.726529816276511,2.6532062995242907,8.200623481346803,-2.452779893400641,7.756603780327697
0.1412499,8.250453942792191,-4.817707392775693,2.7443859958974453,8.945974499937286,-0.7520426508752005,9.11991262814772
0.1512499,8.35894639959451,-4.932705380663775,2.8611259305688375,10.520855652034431,0.776364813342742,9.932977863547567
0.1612499,8.425930724273886,-5.038264677200151,3.0071103203160683,12.443169968946544,2.0897437416350284,10.432162940452331
0.1712499,8.462878547617454,-5.151111378643529,3.1298538147925017,14.287783612969573,3.133382116240608,10.678078835349151
0.1812499,8.476506973983911,-5.248772730898589,3.227484079750717,15.760194321993254,3.5381572018245957,10.532364347866853
0.1912499,8.472285354981958,-5.2587515106143465,3.301740711578366,16.42642446144696,3.466048474942587,10.032446159089341
0.2012499,8.46091275971123,-5.1530422981304795,3.4132367487589312,14.776940654694613,2.310336125395323,8.6960848659662
0.2112499,8.438508367695011,-5.033493874265198,3.505554075061153,10.630464295067851,0.47829042572524166,6.321246874779808
0.2212499,8.42624832196335,-5.040897613662831,3.531443295799184,5.176247501169482,-1.324208492412326,2.9887226911067937
0.2312499,8.435318622494028,-5.163611412294233,3.5847708477403604,-0.7983535579369929,-3.6154106985114987,-0.9799764504243961
0.2412499,8.441254298302079,-5.377543505831884,3.6701132458703842,-6.405057252153607,-6.004553629039739,-4.761324408630317
0.2512499,8.42793459144043,-5.573863664183994,3.731480963757572,-11.22070314397064,-8.476248410934836,-8.411037384893977
0.2612499,8.51250156025102,-5.730290877274028,3.795261973849874,-14.163566838604833,-10.818539281611969,-12.489725319411226
0.2712499,8.617326167005011,-5.822018389741508,3.855608021550723,-15.21943416266868,-13.23178922400278,-16.85650607337347
0.2812499,8.694255181957658,-5.873152922023596,3.9376560543005423,-15.015877362336274,-15.84230427286629,-20.99313895168895
0.2912499,8.794054513776635,-5.89012148581049,3.9535770754736017,-13.821148920827858,-17.836022316600403,-24.622138893250188
0.3012499,8.830938656729934,-5.828177083009144,3.8283294396639445,-12.115656047254921,-19.550241929085786,-27.791317308700652
0.3112499,8.872754668902392,-5.7060993851766435,3.6928716728467488,-10.894504291150792,-20.979056287640354,-30.49731907638672
0.3212499,8.885996260552332,-5.454221264254162,3.5529549226365185,-10.796333497744687,-21.79083022666311,-33.06151634402854
0.3312499,8.844168444163117,-5.162138668183247,3.3999140147693363,-10.888436045053895,-22.38938973468855,-35.75270200863048
0.3412499,8.801313600132934,-4.977769306062639,3.270729729390068,-10.97674432240795,-23.126115755846605,-38.55492734103064
0.3512499,8.745670331860499,-4.848336348154445,3.190158940524169,-11.655157404300967,-23.28991849308872,-40.63960260243249
0.3612499,8.731064288069463,-4.732026660305261,3.140583306284859,-12.687520294561745,-22.29921176171568,-41.658036913776755
0.3712499,8.772099207125857,-4.603870125532794,3.1129296028132933,-13.683978324586292,-20.71801042684534,-41.94091617712138
0.3812499,8.768991100724845,-4.460088126301283,3.0751810778311746,-14.712843599296965,-18.800755660939036,-41.1155440575745
0.3912499,8.66125514272221,-4.407974048958875,3.019330980051268,-14.971041515248356,-16.576014944048794,-38.972437470196766
0.4012499,8.526802970964663,-4.394578816975367,2.9331804861824833,-14.46759527104134,-14.0577863800265,-35.77810212516086
0.4112499,8.334550221807204,-4.236594757851781,2.651164714922874,-14.07108471199691,-12.07700000422131,-31.484375425237417
0.4212499,8.09802511838998,-4.1471159468490795,2.24700697331321,-12.555460555961249,-11.205477710114948,-27.532315698129388
0.4312499,7.881692360779675,-4.099881818305465,1.9189742225387447,-10.475888037539,-11.924799332620012,-24.783275814280508
0.4412499,7.83804826993242,-3.9025958291396927,1.6225946754021687,-9.04677473492774,-13.392470207036453,-22.158970668563164
0.4512499,7.868096698326229,-3.7636595534309802,1.282016608604142,-7.511213627747727,-15.113660989121747,-19.532154789966533
0.4612499,7.814068257884611,-3.7641810819698107,1.0738024815251326,-6.119896850273561,-17.275316877704103,-16.952203398979695
0.4712499,7.878778580387781,-3.660234179962356,0.9839219340901926,-5.914216390129751,-19.013507594533156,-13.996938138032966
0.4812499,8.081262445989076,-3.4983988577238163,0.8162726168320588,-6.828193617960907,-20.04873673358441,-10.746794311146651
0.4912499,8.217378553014594,-3.4311086339535177,0.6329562630045917,-8.545970237108447,-20.867528826865833,-7.69451659756653
0.5012499,8.31943543076075,-3.493279286160445,0.5184862318541863,-10.058359313557805,-21.44592541160862,-4.612310111300532
0.5112499,8.40551459949466,-3.638562343538064,0.40183741243552396,-11.030900815890417,-21.546219430464056,-1.6491595104093084
0.5212499,8.406174360614223,-3.8243553965747954,0.2694856088539019,-11.184824308704396,-21.117356694072164,0.9968869019878821
0.5312499,8.37923213140818,-3.9825831404604424,0.11323669466520174,-10.737426699854653,-20.409019777073073,3.3486970105027196
0.5412499000000001,8.409307555421181,-4.150159630211528,0.032664929832388265,-10.046374940907057,-19.43053228986323,5.443369503380254
0.5512499000000001,8.436160714895408,-4.303364370178818,-0.0018454321204667775,-9.646446567891637,-17.906343598043378,7.236701746955808
0.5612499000000001,8.36405461823626,-4.394315242468623,-0.054530676761118356,-10.05689398456002,-16.097013619798695,8.919511332723127
0.5712499000000001,8.288285288779322,-4.4949314704859535,-0.06042102686427092,-10.992122318047514,-14.047530095271227,10.081569128147276
0.5812499,8.307788048816898,-4.636708649982323,0.03853550059543466,-11.719921593808971,-11.805683240193193,10.281972529360914
0.5912499,8.285179120550907,-4.795221166578089,0.14508292516942656,-11.9490984803822,-9.57577170622846,10.146732985765205
0.6012499,8.247199209555284,-4.945555203216925,0.1731446262047599,-11.654957587076973,-7.547246198417403,10.020064611726257
0.6112499,8.26656076842317,-5.024759244009859,0.18435053689653744,-11.42673200769271,-5.718398589032287,9.897849635299755
0.6212499,8.273547254826518,-5.005507140720193,0.17817386626235615,-11.393739923995879,-3.700256534441501,9.666959214854973
0.6312499,8.308123792682574,-4.945316060493616,0.13747169688650676,-11.517754198912648,-1.8541134719782082,8.893960682894187
0.6412499,8.351806866200707,-4.903485762448405,0.17554160954786677,-11.780959618512444,-0.5115220618420666,8.23487582668397
0.6512499,8.378434484968487,-4.8620886371687515,0.3142391119843227,-11.747442891622667,0.5058147760504836,8.00999200242006
0.6612499000000001,8.40364122050727,-4.8046291349712815,0.4197814530371507,-11.253620484066975,1.2420499156135723,8.065321389944812
0.6712499000000001,8.41499090066087,-4.761517987473436,0.4493586253959393,-10.471661794696562,1.5390464339761756,8.668325727177983
0.6812499000000001,8.450967024914068,-4.667868643476596,0.41737645082990293,-9.693979512152604,1.4432336059000963,9.738542452356933
0.6912499000000001,8.510217733862092,-4.484350185490229,0.35475322815410576,-9.811710735660586,1.0614167347625003,11.074007708169837
0.7012499000000001,8.578896725383041,-4.318200979250745,0.341087484411023,-11.042386675678067,0.520134805679498,12.082648954957618
0.7112499,8.663514393972205,-4.201470099077786,0.42264090950400274,-13.051946228695675,0.3300784043562402,12.461075597333766
0.7212499,8.806321471867344,-4.147009080179523,0.5272059602564707,-15.405157467040766,0.6451366859530487,12.585087313657622
0.7312499,8.965582939930048,-4.178129630787278,0.6474719518457112,-17.28517847934491,1.5263797291316885,12.406538494228059
0.7412499,9.036650345094992,-4.274824403241323,0.8374157343717826,-18.17956374277295,2.382194144481676,12.109160307221781
0.7512499,9.061418416663825,-4.432071115317907,0.9715815246497218,-18.04962247701087,3.200071342007406,11.783380830965548
0.7612499,9.067140658540936,-4.549855791573484,0.9901315761263706,-17.390759641627895,4.041703552212554,11.213149490160315
0.7712499,9.007891204426812,-4.637284439880585,0.9467702429602662,-15.910496210746711,4.27886840848719,10.47215949309112
0.7812499,8.913967651647424,-4.7196718162176206,0.9288254352200898,-14.006053293662573,4.117715951932017,9.353677856017363
0.7912499000000001,8.83256572741693,-4.783393150631199,1.0043025181052951,-12.251515896569684,3.99419856582079,7.8066470109996215
0.8012499000000001,8.787940934355259,-4.8818895919973295,1.0703762757802335,-10.047858299683414,3.9957164492660913,6.435043315947569
0.8112499000000001,8.712980414904061,-4.97451167164065,1.0743850068393919,-7.967628024168582,3.6974496409679873,5.577317768617676
0.8212499000000001,8.607787837114305,-4.969063983843397,1.0590969907553325,-6.522343003703866,3.1760475349425525,5.152184655953659
0.8312499000000001,8.494148550794284,-4.876823551478176,1.003992893414531,-5.584618341221816,2.516217819517275,5.185950388749451
0.8412499,8.346845407954753,-4.767936755777398,0.8466618850628488,-5.603320678479317,1.7978435964747153,5.649199566257382
0.8512499,8.25242059372533,-4.616186032008104,0.6615419773806964,-6.610690644959359,1.0890225779737193,5.996247895523138
0.8612499,8.213910336694749,-4.478994191329993,0.5921299549485582,-7.606905212639862,0.43472342131186925,6.281050645384498
0.8712499,8.145067411622646,-4.461697132028857,0.5829016616042852,-8.552923408174143,-0.1927749688425998,6.811697228366012
0.8812499,8.139288634634417,-4.5847279721270935,0.6003767266841739,-8.556806986421003,-0.40397110310559003,7.872137811428611
0.8912499,8.108947227703158,-4.694260627662105,0.6520207413770492,-7.148803774400645,-0.48377811071214655,9.420487417865592
0.9012499,8.016822344490597,-4.785034613648361,0.6997922818371751,-4.5124903644835825,-0.8190124577718302,11.26222274658253
0.9112499,7.921077943632682,-4.878563076716122,0.7013224639731216,-1.218246018988023,-1.2963574958325161,13.252041400362005
0.9212499,7.82540981205807,-4.876572637855919,0.643586078230345,2.0362305835875665,-1.5880423980660252,15.015149154143955
0.9312499,7.767478138587554,-4.768670097762543,0.61229842298598,4.469570382624666,-1.7909912051785353,16.404059132674234
0.9412499,7.733128923069844,-4.62686535259174,0.583314251047451,5.610722943220443,-1.819973472328162,17.450501836444165
0.9512499,7.747763220504527,-4.519585142838669,0.4701331160567765,5.230205940337407,-1.376329094882741,17.980694153101663
0.9612499,7.842941812984912,-4.447587490702651,0.3835080693912748,3.01051407779051,-0.30750011290530643,18.085548955423988
0.9712499,7.974556550322275,-4.3561778034462195,0.23929854975510184,-0.9787979136594492,1.4275244287229456,17.90232821035574
0.9812499,8.109269157559034,-4.220034123220125,-0.0038576300225124137,-6.965552070416762,3.9399712025640716,16.721865260135367
0.9912499,8.204710548266096,-4.1796570892617915,-0.10037906707832438,-14.374224383036614,7.4767905950920275,14.484230954877658
1.0012499,8.132656297409229,-4.346513119221554,-0.1003640174910046,-21.048288402897782,11.608049341265625,12.351893989774048
1.0112499,7.967339967760893,-4.6248295063947005,-0.10202613307185034,-25.51572398442171,15.706287205218732,11.037911977657979
1.0212499,7.930917022511504,-5.003169353952834,-0.036960468684907384,-26.787711443980594,19.351206268980622,10.85314500098907
1.0312499,7.86415072055321,-5.368753161110125,0.06054204697596607,-24.636428174586086,22.474040900291335,11.784979777861695
1.0412499,7.750566642999051,-5.612413505140327,0.21032644684088578,-18.71296287680485,25.065134964780235,14.56641800269795
1.0512499,7.866709811987364,-5.805466952806876,0.4526975619551039,-9.672690869053552,26.874069789184706,18.597809795652203
1.0612499,7.9595521695765825,-5.854046168649239,0.6680977242099816,-0.4865517760022933,27.253670402267446,22.4673734993855
1.0712499,7.945557637148617,-5.734822286995599,0.7928989351840813,8.12176786096565,26.409231527147494,26.44993364340708
1.0812499,8.060539351630949,-5.517878715705373,0.8468858686382496,15.23818926409574,24.731597819151805,30.093817077646182
1.0912499,8.312706310019776,-5.265613497769717,0.8759708417720425,19.403156934878837,22.416984188802626,32.506861939537764
1.1012499,8.536951515070761,-5.052579810219853,0.9691427348661944,20.300910138740676,19.743766131808044,33.355497340245265
1.1112499,8.665240385345088,-4.877648648921922,1.036814040687926,17.984803823739778,16.758342257099844,33.07441187167795
1.1212499,8.780789548602687,-4.79470487122316,1.0301578831098688,12.69990234561219,13.88458908046108,31.913960691565272
1.1312499,8.880796934058989,-4.807434185522501,1.0845283494518423,5.110701344724644,11.301691095154293,29.946868626196174
1.1412499,8.989522279710318,-4.9262433397327134,1.2919896414084218,-3.2910692207660626,9.042716767256335,27.415882535307837
1.1512499,9.091780572696848,-5.220163081420964,1.5119323419478006,-10.619242066978254,7.231016435087078,24.45152321291608
1.1612498999999998,9.116632013398693,-5.560393825859846,1.6390376541635943,-16.14427913617336,5.84447379587948,21.237317708780107
1.1712498999999998,9.079686020767795,-5.926617626011909,1.768030879130696,-19.03815359778343,4.538634149294898,18.16992984375508
1.1812499,8.995505727765956,-6.29290080981417,1.877802309567837,-18.647888306730053,3.1774432989610384,15.115924858650834
1.1912499,8.901920870094514,-6.562213191447689,1.9259644402838452,-15.723740452642875,1.7588666735322949,11.942508209983256
1.2012499,8.834292680867748,-6.7771544422182055,1.9213296105722688,-10.983505610350385,0.49354490884785873,9.0396557387814
1.2112499,8.826029842954915,-6.9185907417855494,1.9180966966281632,-5.304574043268183,-0.6089800447247098,6.566266404050031
1.2212499,8.785380672676533,-6.9049559544025545,1.8981573064782682,0.2515719218634118,-1.5765602004233974,4.439739903869109
1.2312499,8.629111917560117,-6.750962970100478,1.8006228709627927,4.913490960427546,-2.564419925093124,2.301366013863244
1.2412499,8.486063940195637,-6.542047003230512,1.6517909656084278,8.824136138178593,-3.714861911061262,0.2183228967675376
1.2512499,8.395245941646564,-6.250024629646619,1.4605251482530497,11.382475390642254,-5.239861035328788,-1.9857449695631428
1.2612499,8.327151987675043,-5.913080242916271,1.2819269097442878,11.674925913252537,-6.942738392783257,-4.007681882671613
1.2712499,8.259109613227801,-5.682958200206416,1.1746789219535123,10.454306163530006,-8.16229052633964,-5.3507844243252665
1.2812499,8.12299659298425,-5.51600969076994,1.081817974959119,8.242274221734455,-9.26689703245269,-6.520854304732196
1.2912499,8.010984833986893,-5.395408124696067,0.9741807622452489,5.674631895355024,-10.35480619314776,-7.340152503315971
1.3012499,8.005982815179587,-5.351617187532208,0.9302986616626616,3.597473836828745,-11.347172935547832,-7.885929960240534
1.3112499,8.058243552233995,-5.374611205292251,0.979370440163057,2.5332156699554016,-12.01168963901707,-7.917411694761559
1.3212499,8.176108451251963,-5.404450795988575,1.0621506979835336,2.4600852423344626,-12.225122617265985,-7.712192678296516
1.3312499,8.275636561181727,-5.448336119177903,1.1651706768900356,3.3908376645411864,-12.034550712652432,-7.420684987476494
1.3412499,8.25269877791987,-5.541538201792152,1.2160354134460325,5.585818677606085,-11.675537224913812,-6.770434479917839
1.3512499,8.142524455955533,-5.63515062118326,1.198760087673562,8.629020913435948,-11.229261553135766,-5.760489205484764
1.3612499,8.053449170816458,-5.675018071818876,1.155151178367063,11.956462194359043,-10.805419846673152,-4.933203873248867
1.3712499,8.015073288622741,-5.59340060324875,1.1326554405764426,15.03834405992979,-10.667703767024761,-4.643620454432672
1.3812499,8.044406085505384,-5.464277576321653,1.1575286646951448,17.253906691420653,-10.503716498421943,-4.903091646330947
1.3912499,8.073378962933536,-5.414791317189949,1.200335050527033,18.604361591355477,-10.071444490921085,-5.251898817754363
1.4012499,8.042845795588848,-5.396645185854337,1.1961539434128767,19.222109797311873,-9.77060456976182,-5.378924942228622
1.4112498999999998,7.978202445116238,-5.380144720906755,1.1750993151382705,19.281611992799103,-9.692161088904333,-5.289373185627109
1.4212498999999998,7.965809058289391,-5.36879019688796,1.1849742165533026,18.955398059777902,-9.37523876176412,-4.899269638140685
1.4312499,7.99018535492125,-5.395623391847364,1.2160940161011984,18.47048331349058,-8.960300158933997,-4.552588435589902
1.4412499,7.909420801638151,-5.417143899037084,1.2443041923661207,17.587061614952802,-8.49105759166407,-4.3924527248493845
1.4512499,7.83616524122451,-5.453457745950598,1.2827384013230443,16.948184468956594,-7.813151831839475,-4.200819637956319
1.4612499,7.815826290681018,-5.5297475794300555,1.316743216490413,16.935717871414646,-7.435053498148807,-3.7245725449802904
1.4712499,7.686244356603065,-5.610678546416276,1.2812286861551005,17.259459345035506,-7.339839783943343,-2.935506768440077
1.4812499,7.460633839979885,-5.6357630846685245,1.2019405309246392,17.554372831338558,-7.472327514052231,-1.9200763553613989
1.4912499,7.276713722352924,-5.590300051298735,1.1553763809531605,17.5568817231005,-7.822472032340766,-0.8929429610765839
1.5012499,7.130513655203056,-5.536539018516001,1.106415219722901,17.433060356770383,-8.089930051263027,0.17320493465329476
1.5112499,6.950568996502712,-5.4815392660445585,1.0141734254007289,16.979558585980225,-8.421019771072231,1.6500022488207777
1.5212499,6.795728968206944,-5.430113025292486,0.9334595329050127,16.130192967593786,-8.706875256221101,3.4139943630131757
1.5312499,6.732774336588111,-5.367613750385713,0.8882608856426486,15.043610424882669,-8.624411402428247,5.522405394204669
1.5412499,6.722874204707745,-5.2723751550453715,0.8180763593998386,13.564065116596925,-8.099973163011137,7.954620286430968
1.5512499,6.681374215344732,-5.193153778712467,0.7345859639657022,11.721340649507365,-7.049229882709875,10.885880602190877
1.5612499,6.578353630675964,-5.120713100086348,0.6250724640778332,9.77314866970279,-5.801891616962797,14.318909886144981
1.5712499,6.429319270987864,-5.044944278656262,0.5023454645794627,7.5154397388159815,-4.658078020601519,18.06779866946557
1.5812499,6.227806971554034,-4.999815697243776,0.38653526197768134,5.619299935847742,-3.5066815030264094,22.19291031246913
1.5912499,6.020763791041126,-4.999122803509435,0.20890819990650017,4.1324161378065,-2.8539579017647494,26.889565740685406
1.6012499,5.722515356090076,-4.997786422038474,-0.022424765152111205,2.7290178493706527,-3.2839202017304294,32.417321359029614
1.6112499,5.209650347500414,-4.958305499978434,-0.3162964407994553,1.1548798435474972,-4.481631916620765,39.05573347366432
1.6212499,4.576586293383836,-4.836288902633912,-0.654681066522118,-1.3646545315331422,-6.360741593431944,46.93015618086585
1.6312499,3.928270372764773,-4.6108683060651465,-1.0719509714967779,-4.685189236362383,-9.14666728045009,56.1463802863506
1.6412499,3.3162869898349454,-4.279593467885805,-1.6515904648600577,-9.90338024542761,-12.21368382560732,67.24300960056435
1.6512499,2.89469158778672,-3.930925714289798,-2.1630512341896484,-17.934339586557346,-15.17147543281248,80.06177249273613
1.6612499,2.5693460554571863,-3.652952268679904,-2.5431704068071253,-28.392271214665683,-17.89810716992589,93.66636225704775
1.6712498999999998,2.1876633341952765,-3.5264273641518566,-3.080555881403573,-43.6592615156577,-20.131495335390227,110.02652834859119
1.6812499,1.8239519921085163,-3.627510494577405,-3.7087414353437724,-61.34748933977145,-21.713736632750464,127.2117300115883
1.6912499,1.3564133716817077,-3.924054544777512,-4.330721156118267,-77.47783360255366,-22.34041714111521,141.8195250136355
1.7012499,0.7210704984239978,-4.4604230236963405,-4.993699261851847,-94.50051932718202,-22.39404661638434,157.21795429295113
1.7112499,0.07339482912288059,-5.173854121418292,-5.669241212605496,-111.80468513042487,-22.066900295255238,174.329862493089
1.7212499,-0.5428520739196999,-6.014658683549484,-6.3090288242740655,-126.9004658482419,-21.33440607566115,192.2982906954339
1.7312499,-1.0434462496978085,-6.944187430530917,-6.788568713149424,-140.45342418631967,-20.0158403553967,212.13136786320294
1.7412499,-1.3527625046076037,-7.886432493082871,-7.304321168623351,-153.8624476387166,-17.813152169616806,234.6081046083082
1.7512499,-1.4690186249760406,-8.955912361517273,-7.866960849327692,-165.94079626540622,-15.260921008594877,258.803192744031
1.7612499,-1.3819718492898783,-10.169233549754003,-8.347167530334106,-175.97503145774886,-12.600940917197324,282.99768335297364
1.7712499,-1.1055947516913558,-11.205660124581314,-8.889931917057769,-186.48613101458113,-9.061524537483743,305.9111942665083
1.7812499,-0.5216374288950589,-11.917993271187786,-9.512435518835018,-201.4792739119759,-3.830334527200257,325.66008628771857
1.7912499,0.13909002530070091,-12.817863393983142,-9.978547304698912,-219.2253203989876,1.9237608433133655,340.3924800564882
1.8012499,0.8850710163437926,-14.258345451974147,-10.081999364487944,-238.01578040920973,8.054331739313465,350.3069541196117
1.8112499,2.021716860394584,-16.262171667087745,-10.148943363653194,-256.833115330411,16.520344327849976,357.2359377660618
1.8212499,3.690552002366666,-18.710581471288315,-10.350742035626098,-274.453151888861,27.66397938504816,361.31401412623273
1.8312499,5.864765661752862,-21.879205227438877,-10.116529561287415,-285.3508131657141,38.53406660542655,360.2042363505596
1.8412499,8.339629805534653,-25.8088894677134,-9.437124524976314,-287.3740183080178,48.40829655820948,353.46152828888796
1.8512499,10.92174111776468,-29.988508188580965,-8.776622047173943,-283.4694452676971,55.26968785443475,339.144855029298
1.8612499,13.909135763179979,-33.60912106672324,-8.39103139193049,-273.812659150194,59.09530732289091,313.5403603283545
1.8712499,17.252153995062045,-36.03608950354698,-7.925082914133368,-261.0231770736127,59.42892928972226,270.391674411009
1.8812499,21.387041826303804,-37.46412784074189,-6.929074455398563,-247.8013278455818,50.852635935525804,193.1931997854119
1.8912499,26.599085536103473,-37.73561022166132,-5.498359652736562,-239.27224194008545,34.63284856582514,97.79001442267696
1.9012499,32.39953406111014,-37.21099895025355,-2.1490396515956065,-236.01494782794327,11.833943856557742,-0.8316288229469828
1.9112499,37.6112238342976,-37.054409359537914,3.39619076797724,-235.45613871889708,-17.709955607464625,-108.35680357404264
1.9212499,39.7716089324918,-37.030745789829155,9.008056292757432,-244.46887019657825,-49.70832658138141,-216.04571048450293
1.9312499,37.69241253279733,-37.07206115880036,13.543721946772582,-262.86056993177823,-78.65933789097815,-319.9092992698048
1.9412499,32.695238879961735,-37.75818618240664,16.656928760814004,-282.1122292221783,-101.6013352777246,-424.2474787434892
1.9512499,26.302534946494102,-39.81914154525093,19.038229931060457,-294.47206891501,-121.11615479291474,-493.7359896143226
1.9612499,18.358065190364684,-42.774954957178764,20.793489550252872,-290.84594373397186,-140.33498481834948,-502.14868902494413
1.9712499,9.470997156493558,-44.39197501408977,20.50486160581276,-272.312286513688,-161.0049208064685,-498.9338707172034
1.9812499,1.4254280641658237,-44.00136132722267,18.603731597051194,-248.44601766459496,-182.90146290751363,-500.20637477595744
1.9912499,-6.514540754664845,-41.684178835319,16.039802862024164,-232.12814437764933,-205.21471588464854,-500.20706293389
2.0012499,-15.312769631705553,-36.809430119509315,12.310921711792748,-231.14488276898987,-222.93795505803394,-499.8977309125864
2.0112499,-23.702490708357992,-30.034121450418237,8.077949124496714,-238.34168783801294,-229.95015971125497,-499.0580848299744
2.0212499,-31.385957033788312,-24.119856891284616,4.766006145376039,-234.4629633797539,-221.66340288328684,-503.67120053838676
2.0312499,-36.99499090649263,-19.556808082394742,2.149681304405577,-209.1075479161368,-189.86074476094248,-478.55728895255083
2.0412499,-40.01456653459746,-12.936426246104627,1.4758155121563985,-166.24685459573558,-138.21772595878636,-401.15480115128764
2.0512499,-42.90620825965888,-4.604191810462167,1.0773180202679613,-115.64577071545794,-74.61894348920185,-327.4415806492908
2.0612499,-42.387874088440505,1.705596234170001,-0.5341771930635392,-64.10083194961004,-11.274886193039075,-268.75455907091055
2.0712499,-38.38104920923847,6.26829987800012,-1.0558631134745544,-20.45954306130481,41.74135836594899,-213.75919358493738
2.0812499,-35.895702197203185,8.321123926871923,-1.864656923276909,21.07078048034146,86.20065599514749,-155.27238963373281
2.0912499,-31.485863833337728,7.566657341533219,-3.552164203037156,70.51008214919723,117.73325469715886,-82.49914445644687
2.1012499,-25.29884148839982,7.002080043419041,-4.7276515899206135,112.82480247372102,132.6677395062421,-20.06182823582962
2.1112499,-21.746086435568586,6.22200044578458,-5.700379144778917,141.48321773966092,133.70753208231577,19.764647901433968
2.1212499,-18.699772956656602,4.449684547248762,-7.597858602875229,158.09913806494635,126.02284961839254,48.6289239489135
2.1312499,-14.825233389419552,2.5922641764314824,-9.813424129185435,162.36471717063955,111.55358072641715,64.91506757200702
2.1412499,-10.55796455557391,0.9046534483170112,-10.9623426547954,160.68321166214096,95.08537625158533,70.19646186221331
2.1512499,-6.221291565033879,-1.0301929614852325,-10.867358681055636,157.16021633360117,80.63788556079558,70.85461605029677
2.1612499,-2.5545602176646507,-2.897548141153486,-10.629855687502461,148.74446144128217,66.8700160837418,71.82996519185662
2.1712499,0.07344817862751347,-4.21102909212488,-10.894068595802525,134.25994982554815,53.63532827414273,74.01895123548508
2.1812499,2.099804494774907,-4.882453284522934,-11.386098571973362,115.26970513476827,43.53386896393669,74.88410893917272
2.1912499,3.8784450820883944,-5.186433326532402,-11.549540012471896,94.09257581184629,37.464856355263514,71.75375818758954
2.2012499,5.283123150689904,-5.461249769138207,-11.572129894986222,72.83997302986035,35.234718672861504,64.91832736520122
2.2112499,6.263678673432164,-5.852695001104208,-11.599452720475043,53.03988889910189,35.79180010581015,56.13089839653951
2.2212499,6.9898106889448055,-6.364018189940846,-11.34439667725537,38.342179174880556,38.68222557735605,47.84290946104055
2.2312499,7.3035795856881345,-6.857027686857926,-10.935374997582583,30.282586422085977,42.93786318247808,41.346513717641095
2.2412499,7.236537060174748,-7.36140408681028,-10.581823067847042,29.510094991959924,47.97795435475404,36.82674724064496
2.2512499,6.847560126996449,-7.532489843130166,-10.062557115338768,33.580946124972485,54.229278786154225,33.861175737267565
2.2612499,6.310970350091729,-7.423575514965622,-9.490131894180195,40.823185961247674,60.86056701752818,31.593414927184675
2.2712499,5.958454510350974,-7.116846208374198,-9.397323707838213,49.11503097858848,67.9806353840807,29.484580726376166
2.2812499,5.4602069774505715,-6.453751164000783,-9.436905800087366,53.562389282487906,75.0731950856429,27.528535576248487
2.2912499,4.763125324033804,-5.840793917592179,-9.179727819415543,53.171469409810825,82.7184173750041,25.401872365429284
2.3012499,4.208312524495252,-5.4079840327456425,-9.04032746331431,47.88881687075738,92.67082316641547,22.138703687584155
2.3112499,3.8736296370933547,-4.919446655282614,-9.011567484148621,39.21510456080984,102.29145342699717,17.666225052104586
2.3212499,3.830239964921231,-4.336775351227966,-8.674357607161722,28.87630365623283,112.2001533781583,12.432200517582821
2.3312499,4.199545683069287,-4.1221231955073625,-8.09110076775412,20.110069449190068,124.05036640911196,7.141897856446674
2.3412499,4.755296753631126,-4.222232090780065,-7.391577440510709,14.54071111094537,135.91736228080615,3.3449708467083954
2.3512499,5.1821314970455,-4.225017472989623,-6.6249196558339944,11.119045727661383,147.2653639079046,1.6732668620520381
2.3612499,5.329824313121347,-4.65172014996742,-5.950847036556897,15.091900415279895,156.24693139145444,3.3813743435999717
2.3712499,5.156772277971899,-4.9579576299554,-5.534754191551432,22.51597597081239,162.11587326852657,8.166452049510298
2.3812499,4.967162983361007,-4.624128202863478,-5.294586255324683,28.831132435455196,167.16815430428016,14.513397799376992
2.3912499,4.740967774359672,-4.5563398704760125,-4.98035223791816,37.47929836669467,171.41405948560978,21.134468117068902
2.4012499,4.658342730074716,-4.778613140706211,-4.803891843087807,48.28351176882047,174.84052383752953,27.93374701588002
2.4112499,5.041027700106848,-4.777235607132031,-4.775560039176477,58.53874452553728,178.95968533235353,34.301700846151
2.4212499,5.385150749972699,-4.449252011932335,-4.511644003109547,66.4691560442293,182.9944954340856,38.68562401694251
2.4312499,5.51844681773395,-4.119169837040163,-4.0837425473898445,71.7672167351674,185.82964396810524,40.572867965155616
2.4412499,5.767185660602056,-4.140997995928696,-3.77052006864962,75.68726462020098,187.78759224679632,40.59892511163021
2.4512499,5.995969113526644,-4.679037664636477,-3.623836367205968,79.48125828048374,188.90479543703339,40.51485749476243
2.4612499,6.142302677584076,-5.323622935789138,-3.4783370857964444,82.94386658592634,189.56438030110485,41.01383267529934
2.4712499,6.216029101317403,-5.69101072212484,-3.170342340936736,85.71100495801579,189.35110365276748,41.03997466251291
2.4812499,6.250149229233182,-5.971516510898478,-2.733363583171147,89.51607101829235,187.22251291953813,39.58359939073543
2.4912499,6.49694014535356,-6.40893073902468,-2.470501552674497,96.06738507907336,182.93188645345734,36.85429478666354
2.5012499,6.919866378178519,-6.6445541910796395,-2.417187765677817,103.44299581330661,176.250581861794,33.35603753552769
2.5112499,7.481799053058138,-6.662177909003114,-2.406475744362635,111.72932817764543,166.7889642950725,28.866048303320106
2.5212499,7.916951503449189,-6.720965523867854,-2.3539145749789183,118.42819986600084,157.172799281301,23.931446197421096
2.5312499,8.041113253780882,-6.541760982303144,-2.169093667316341,119.4095660580772,147.98593578567207,19.213927377889586
2.5412499,8.350733492107993,-6.180135907778277,-1.8972195261865614,115.9150863046892,138.97049008967772,14.01450937826203
2.5512499,8.67518150267727,-5.842656929873202,-1.6144260299950342,108.82072029106811,130.6068649027822,8.329693382570257
2.5612499,8.802178958461548,-5.525433965824059,-1.3892431169088,98.22818149027339,121.96719373468909,2.243566206290799
2.5712499,9.133877529259514,-5.4686529022264825,-1.373067907673685,87.14734317304794,112.35384571773672,-3.651423984397631
2.5812499,9.56563220614886,-5.713715826809889,-1.4487794005381618,78.00194604811486,101.51732975168443,-8.4482719115516
2.5912499,9.707026027732992,-5.953714999721292,-1.4251967573128685,70.2788525104766,89.7665549959862,-12.164857631639181
2.6012499,9.551878964999412,-6.0728636080427885,-1.3554511950750732,62.919287002865666,78.26772067185986,-14.950022713384074
2.6112499,9.21858398686936,-6.073839522098427,-1.2787781142545862,55.86593280388395,67.11045380008929,-17.127642715955574
2.6212499,8.59126149910155,-5.751450887039345,-1.1580915019234528,46.176717142546295,54.904301004408744,-19.695220401388678
2.6312499,8.332596436949503,-5.253055034748552,-1.135773179204225,32.66668452558335,45.23090946981335,-23.397877236658793
2.6412499,9.125229518936715,-5.3848003992515245,-1.2362208839353994,22.832739045487955,43.42409994242452,-27.227935847310675
2.6512499,9.231909974146111,-5.98780887242589,-1.3353779714399443,18.200950365152575,41.69299878737915,-29.742374129640268
2.6612499,8.424440311414017,-6.725974935673599,-1.4386746492984828,16.78749489962894,35.50649098786168,-29.34863953551537
2.6712499,8.28991075157198,-7.432613828426357,-1.4076979220713524,20.239530642042975,29.32512013141271,-26.336967889811838
2.6812499,8.479340094702671,-7.55431444367432,-1.1176967700514757,26.5690706363057,23.943999018408434,-23.742698022030854
2.6912499,8.642882833902725,-7.407162260465704,-0.8672564179949982,36.800559099277855,20.2894845203458,-22.787103263033536
2.7012499,8.64482355987809,-7.174226175486618,-0.8207305876041141,48.96502975563263,17.67405509353904,-23.119304496903005
2.7112499,8.457879987471031,-6.9362095620972,-0.9663016083750403,60.283950902594455,15.180086563355642,-23.465307181215366
2.7212499,8.215127495943582,-6.632391889528496,-1.2413222399023847,69.31016228294392,13.166811742908166,-23.183525979628232
2.7312499,7.9475027047025995,-6.017318783104327,-1.4693301931732916,72.58881437066256,11.307883215865587,-23.13756675244169
2.7412499,7.827502809983643,-5.445810344146553,-1.6021911246132043,71.39307518651111,9.425413831845386,-23.990866476226746
2.7512499,7.803617711826107,-4.994575463298243,-1.7164697569817828,67.51179498559502,7.320962336345816,-25.58296095268285
2.7612499,7.842323145553642,-4.638890582708695,-1.7285472997493423,60.48593984510709,5.359963835436344,-26.720434637439656
2.7712499,7.969597337225746,-4.368168176634575,-1.6421079403894954,50.88027540976329,3.795662302305252,-27.158627599936107
2.7812499,8.043626521486797,-4.202754119841756,-1.4860093085396582,40.189896656285896,2.208486299993688,-27.309118082426018
2.7912499,7.981320712263142,-4.2523589480162185,-1.2649767837939514,30.215206399920127,0.4332967923418584,-26.917199060566734
2.8012499,7.8334428738130155,-4.5418115207082,-1.1252471100853243,21.946214647074537,-1.4725280189992103,-25.629770846392034
2.8112499,7.64140471515005,-4.861711159139031,-1.1247331203014461,16.038900421193237,-3.580344167121176,-23.447798986365658
2.8212499,7.521287308339528,-5.152355946118463,-1.0728636659740105,13.14070880019676,-5.715611102655411,-21.15373655349102
2.8312499,7.535609139344914,-5.3830191719543015,-0.913369341803539,12.504178780603972,-7.680660232131926,-18.893944019129705
2.8412499,7.636449799830346,-5.497004049515764,-0.701485149742393,13.091529365136111,-9.430993739924126,-16.532138538828086
2.8512499,7.777024435063184,-5.531388308335462,-0.5552759152461146,14.752816946682874,-10.753602458915918,-14.100707973986898
2.8612499,7.846230087237809,-5.4283727795428005,-0.5042910608550317,16.07815191986917,-12.023849303265639,-11.490404859601057
2.8712499,7.8386337788897364,-5.201906214397316,-0.420316634121009,16.266275645085443,-13.361298251092148,-9.02900730935631
2.8812499,7.9092404324897725,-5.012225598673759,-0.2998376209181449,15.442269659546252,-14.40427114967322,-7.166450224212417
2.8912499,8.087137143930388,-5.088817570029938,-0.1742520366599824,15.803715118744286,-14.510285670805024,-5.4066723095744225
2.9012499,8.167015561001765,-5.339543927343949,-0.09113678485642593,17.99334332849476,-13.892433056863805,-3.4631009631661165
2.9112499,8.135058022924053,-5.41452707249362,-0.032839456664903684,20.088336902636907,-13.50372110697805,-2.1773693981364426
2.9212499,8.228713045790592,-5.405230129681944,0.19399215225812427,22.92454946566743,-13.102894682616729,-2.4841485584041525
2.9312499,8.423562100170946,-5.521838260073369,0.5200140219278642,28.23782162230625,-11.780460907897838,-4.114324795824601
2.9412499,8.499366283280256,-5.692209589797475,0.7176111504964393,34.36126451585544,-10.1368026926945,-5.698106250804688
2.9512499,8.443646295510277,-5.786378700857286,0.8477356699577129,39.73874135690163,-8.823907116387643,-6.498721826446093
2.9612499,8.370134119115411,-5.7499372129375725,0.9786892419384354,44.433471106982516,-7.687058323561989,-6.759136943902129
2.9712499,8.287369409166928,-5.545528722650241,1.0097808685342649,47.40816889377087,-6.764590762321369,-6.960673541649249
2.9812499,8.234011624160408,-5.2346519463632815,0.9145751838100554,47.920225419939925,-5.929618670068005,-6.922862539501874
2.9912499,8.292337833357916,-4.971602298022378,0.8843245517690843,46.30921573891592,-5.606600308103182,-6.782609068112551
3.0012499,8.489023089696154,-4.761847750889333,0.9827317145910526,42.692265572402995,-5.462609059215266,-6.5436641368964255
3.0112499,8.692537251357379,-4.538661115451785,1.0481691333262069,36.89818261824302,-4.856442598221161,-6.201697299721504
3.0212499,8.737065769841566,-4.36575416627557,1.0578056790543415,29.9194091271461,-4.455355598628221,-5.895334780974341
3.0312499,8.622252171199968,-4.350902858665385,1.0081306718236824,23.031338136539272,-4.303452261044695,-5.476464619245046
3.0412499,8.415272693605502,-4.489599247006211,0.934943472044598,16.761411800797436,-4.51490867852042,-4.673850433182437
3.0512499,8.28195757446814,-4.652711878246313,0.9314163063057985,11.323596481410403,-4.832543194981828,-3.425998666499296
3.0612499,8.352305044489322,-4.825198025922839,1.0314901193288737,7.603332079589767,-4.653732605117379,-2.3097125113472505
3.0712499,8.549339797804533,-5.028931627252302,1.2718694431551445,5.941095171350013,-3.925358562419499,-1.510364596191418
3.0812499,8.714671827487493,-5.2254589001408585,1.5198052661623893,5.7023242300519055,-2.363390270179125,-0.5493668015004828
3.0912499,8.725760999890369,-5.477592947355587,1.63046023904142,6.893703440986484,-0.4004792545702426,0.5260588470647644
3.1012499,8.669639648230067,-5.71285063516998,1.676826631475741,8.773485551327894,1.6070347765499002,1.3417336549714456
3.1112499,8.637594905371609,-5.839065205175137,1.6870737883545317,10.834223672072167,3.4053910692706872,1.8206513808731983
3.1212499,8.553887611425662,-5.907574357551329,1.653867607626106,13.378716471479665,4.354512186679843,1.5794467911632855
3.1312499,8.435883287185447,-5.9459652505024,1.5988847574105882,15.79878745639778,4.3813795610934525,0.5604025376383001
3.1412499,8.283395630631073,-5.882402481329958,1.4760526408130836,16.924481343289266,3.5588903761268895,-0.975377866035341
3.1512499,8.162123657382981,-5.755628358493901,1.2701133407675695,16.696283421582905,2.4366891314155392,-2.8697910070127675
3.1612499,8.137800294025741,-5.618210641972602,1.0932760601649971,14.79756853671569,0.9609588281366725,-4.488813939132994
3.1712499,8.168382165717448,-5.467137184628613,0.9763298758713528,11.431207691329377,-0.6482057992279344,-6.041025146416066
3.1812499,8.241632929713694,-5.314642152326307,0.8769791069817297,7.0248429585734025,-2.1083508518936225,-7.7757822911164665
3.1912499,8.333027556601355,-5.163586599995358,0.8093111014510074,2.1596918986860585,-3.1660596743294755,-9.676825770335618
3.2012499,8.37013352335594,-5.101039395528862,0.771922533535266,-2.098522175586579,-3.7502520582282504,-11.722772225900336
3.2112499,8.363897593623157,-5.1841646201348475,0.7042042897217636,-5.3311426496350025,-3.979636617171854,-13.38042468918322
3.2212499,8.3993647890337,-5.305487442264722,0.6334270452257459,-6.998118347029665,-3.7042899727044074,-14.000424173090359
3.2312499,8.505939637056438,-5.362562510897946,0.6406138100214751,-7.2541009983366775,-2.9470351286198806,-13.977480282368631
3.2412499,8.630797612631829,-5.369181004162161,0.7313897861330498,-6.758599157297522,-1.6275824416117683,-13.252851430573259
3.2512499,8.689471959490524,-5.428561133453989,0.8373119208512744,-5.438445167388928,-0.07840514509479389,-11.534641982159433
3.2612499,8.628351768398156,-5.454915045266513,0.8077014747452876,-4.359631702039298,1.307394801706271,-9.13964391840971
3.2712499,8.533977423446261,-5.3512814607383605,0.6449876498145043,-3.7593971908724777,2.190617488518271,-6.6906736729987815
3.2812499,8.470470646635686,-5.233082372348596,0.5038396616342193,-2.8824106770777074,2.1716104511167558,-4.8449965677487095
3.2912499,8.354093246957476,-5.107205791722331,0.3912458572085683,-2.862602363461446,1.5118392107407879,-3.9125254696059444
3.3012499,8.315193017364498,-4.975648033702869,0.2917888059621436,-3.9037555207729815,0.8358656050717204,-3.605874765739152
3.3112499,8.431857094072269,-4.914593777128494,0.2721396006626457,-5.335564196691139,0.23373806938217861,-3.6635689931739033
3.3212499,8.517117786769619,-4.894477656127998,0.32753717961568624,-7.04829316543691,-0.4186840813545248,-3.978162533656746
3.3312499,8.533740205045683,-4.933841417649312,0.4000272253359156,-8.286096840671535,-0.5940589464400777,-3.9591954162562804
3.3412499,8.474830271706834,-4.998757544753389,0.4572982549911335,-9.05150907333021,-0.7012122656307259,-3.414008804747842
3.3512499,8.322031725685349,-5.055221739621386,0.4735035527077619,-8.79912548308916,-1.0602110807973415,-2.517568408606765
3.3612499,8.128334854660892,-5.103408204179396,0.43171575758950304,-7.520392651144246,-1.7081388432826168,-1.7117616891660898
3.3712499,7.972090850246543,-5.075198362747976,0.3582590839088937,-6.4671162202412065,-2.6896832192219398,-1.1849876386667264
3.3812499,7.910733728944773,-4.982597648959518,0.28783044883348213,-5.733568119036269,-3.5181136742229997,-0.7763155857908629
3.3912499,7.9248901662376525,-4.882263410191217,0.27084901520073934,-5.663336318140792,-3.9048189555474075,-0.43060886805944115
3.4012499,7.919370777774502,-4.817583990450501,0.3084606098100525,-6.624394692684267,-3.9685511469609773,0.06900331325983688
3.4112499,7.865340417174503,-4.75688631217829,0.36628425638710094,-8.319239660176025,-3.1711941686674803,0.8466568315138739
3.4212499,7.8324728867844176,-4.728020893085782,0.41336601455479305,-9.72506034073497,-1.7475843552684716,1.9496481842964355
3.4312499,7.7358979807798915,-4.763263629614768,0.47977949144263576,-10.171190846701952,-0.4805748386426317,3.476278532075096
3.4412499,7.520451940937665,-4.828105570719481,0.5506631890914341,-9.326735591711154,0.6294195924298941,5.529557576616183
3.4512499,7.276693811272497,-4.871882545057914,0.5848865378720337,-7.124879978400718,1.5245093325878845,8.185774264566303
3.4612499,7.036222893246831,-4.893872265917174,0.6186901333466812,-3.6549483154440714,1.9561860431177363,11.511393039726547
3.4712499,6.809322711178693,-4.912735065126904,0.6207763076226651,0.869472024391458,1.9778174431325903,15.431953318290718
3.4812499,6.595873095474292,-4.826739013813752,0.5655150636276977,5.247890951998157,1.7133425623360252,19.748198723446688
3.4912499,6.410650794670097,-4.648864960817723,0.5014330876981338,8.74831141577726,1.3095281017915552,24.31439201823361
3.5012499,6.237186488970682,-4.489273989809548,0.4584771661771767,11.515589715335246,0.8838217724663551,29.168207246566208
3.5112499,6.01754410178592,-4.338721182378934,0.3717965494709275,13.047415130763607,0.5061651441094113,34.617360148775596
3.5212499,5.781354421662484,-4.169133628251654,0.23697698802549985,13.687235597327149,0.2242959300808127,40.725997412639614
3.5312499,5.5380503474075,-3.9973102958887154,0.04361264894158861,13.60006547889233,-0.1398831139627367,47.38648297917121
3.5412499,5.336361732993447,-3.8847810728180976,-0.2449130991192001,12.684391744507112,-0.307880860460727,54.68412948767179
3.5512499,5.154012078381277,-3.7354340472211938,-0.4888307717381958,10.273230785711775,-0.013922003535921159,62.3684050722498
3.5612499,4.886021047952603,-3.611020018929385,-0.744443713719669,6.0410712055777385,0.7613120298076574,70.85435954124833
3.5712499,4.464489734424761,-3.6638217747789064,-1.0963018329028116,0.5973773994094085,1.8077073252460654,80.26474115489073
3.5812499,3.8302416019823355,-3.7910755139790098,-1.3468076112732659,-4.699022876648815,2.060191335393895,88.87044766022004
3.5912499,2.96911051532735,-4.048869658036755,-1.6883803827339432,-8.813256332378355,0.8553609507747734,98.2951271832007
3.6012499,2.2094318269408006,-4.280680574703369,-2.2425089683151045,-12.717788467453238,-1.436063910524021,108.90266512211306
3.6112499,1.8184224034461385,-4.287235771934275,-2.7146841677645757,-17.4728044609696,-3.7924044653378832,119.90615565354665
3.6212499,1.7220793147482956,-4.220704939116984,-3.0815300368639633,-23.98205126811138,-5.5959788138591975,131.09583895211176
3.6312499,1.7482874057907625,-4.164771506483598,-3.426818241638078,-33.79437461940786,-6.3756721520255955,142.23952332946573
3.6412499,1.672850832724902,-4.28960030735199,-3.8939049812464983,-46.64386190718586,-5.833210029719302,153.4627242979571
3.6512499,1.4020143714920745,-4.610176971540234,-4.673701360888767,-62.68504211407854,-4.269797664852027,164.67917876876376
3.6612499,1.1319379965258498,-4.987619712378218,-5.455219658762687,-82.19011735926208,-1.2944767324699125,175.54713160158653
3.6712499,0.864492996661809,-5.6399610340162845,-6.0335157912831585,-102.7598183852255,3.349917633601385,186.39905162089474
3.6812499,0.5268809405180194,-6.7554649552423465,-6.710944377436502,-121.12674837180245,8.648533285689147,197.9806094854136
3.6912499,0.25797458770735127,-8.03223324910753,-7.413606107868859,-136.66882045462947,14.24612819261347,210.7111176123781
3.7012499,0.12010609625690825,-9.283670148580848,-7.965889257856541,-148.55820103646727,20.837674183112696,224.84970084784004
3.7112499,0.19723929730869771,-10.676719446637001,-8.314233479142915,-154.95935462157757,27.956923569707236,240.17567810308518
3.7212499,0.4882291668775884,-12.271569387743094,-8.324860605822137,-155.40426108216528,34.83132049026175,255.9439958104205
3.7312499,1.076691755944885,-14.004835056856296,-8.364774048004941,-150.85883088624652,41.63858027322471,272.361680676066
3.7412499,2.0288682278595678,-15.652531422849032,-8.579360562193386,-145.13162055485978,47.99542658863374,288.2951017853934
3.7512499,3.052394499061493,-17.093535686857912,-8.499651532787928,-140.17764333857616,53.01966411799692,300.6894560908548
3.7612499,4.083494489671498,-18.52776421468426,-8.141217950176607,-134.89636323032022,57.155799274499444,308.1103664605715
3.7712499,5.516218730378661,-20.233790328076932,-7.865381510603657,-132.59883310279216,60.304811908515944,310.1209039319608
3.7812499,7.315786824909565,-22.04942735671836,-7.833993987119899,-138.9639842779056,61.94283020179056,305.0552920112695
3.7912499,9.007150590915572,-23.317940868428163,-8.245752722381733,-156.79437140731258,62.22270256088912,292.29633738730683
3.8012499,11.104449961288976,-24.474216467164197,-8.698965950471422,-188.07762695884153,61.71550226636494,270.80275251131576
3.8112499,13.907098948283046,-26.26925812064131,-8.784505546629532,-229.05326320363935,59.55623539124438,239.23525418115742
3.8212499,17.39618550751457,-28.70218268500761,-9.06954199208696,-273.14918032038594,52.6228990997704,198.53077684114706
3.8312499,22.171891726189756,-31.259448073254926,-9.6164965919697,-317.0601039890174,40.92395553735652,149.61266359297812
3.8412499,28.286008718979197,-33.51142381690579,-8.58089496074475,-357.2815703453102,26.209591292443772,89.64144128270773
3.8512499,34.83570849512146,-36.201772640653544,-4.455553133225763,-380.6216979046534,7.895594586185308,15.143801670364839
3.8612499,40.54907180938936,-39.48110782194812,2.019378085532001,-384.17940939104494,-12.228682756380767,-73.52114182148304
3.8712499,42.88138024513626,-41.873083052725775,8.215075997155363,-384.3037305776896,-27.639823091788923,-172.97783470099364
3.8812499,40.96438495929327,-44.417228291388035,13.106858350759273,-384.3817253497094,-36.95595472931978,-275.4306676401132
3.8912499,36.4148936759068,-48.85616927569665,18.211851775243698,-374.6051738067394,-44.549490114098965,-378.46480133614904
3.9012499,29.297315257188593,-53.364365256064346,23.21927528917777,-351.139835567609,-55.04472668562946,-470.4513259090093
3.9112499,19.789337064973893,-55.85055681447505,26.9013233925782,-314.27095743205876,-72.91841992044742,-503.4637920849338
3.9212499,9.514542683624944,-55.330747139856676,28.78321703412485,-278.96770560319635,-100.88911538090004,-499.33906864776316
3.9312499,-0.14470539115448747,-51.585160962737184,28.510443027335967,-267.0012246885754,-136.87080052947098,-499.71634987377286
3.9412499,-9.921994808354508,-46.04394480354991,26.131527473739403,-279.0175232673456,-180.63853894696072,-500.2524545774606
3.9512499,-22.09301951797629,-39.200619510505696,21.837054145484146,-294.1406916625652,-227.41438574087525,-500.34200822942057
3.9612499,-35.99654877350972,-31.028101502176806,15.244581153983066,-292.5360064741847,-256.78376778660214,-498.4975499936549
3.9712499,-43.65888751797559,-21.29692990234762,6.896020924873566,-269.48944355679896,-246.18716474629107,-502.87576541309085
3.9812499,-43.32287944377777,-9.983834178843901,3.0764337160051642,-229.0270187999422,-195.0365803578363,-494.1492161976629
3.9912499,-44.91372993560122,-1.0410640622414982,2.9847768157086265,-158.53413173854804,-117.4343147649588,-413.5924080312146
4.0012499,-46.08351603094633,4.601827694359394,1.073249569931739,-64.89512821594988,-43.79114087469956,-309.27940502751375
4.0112499,-41.576973794693195,9.029716454998013,-1.2498143878671881,37.90187629253264,19.95083926994932,-217.43136130030925
4.021249900000001,-36.133238668456386,11.404411978512044,-2.8200954986849376,129.75036464419495,80.1060438859276,-123.518528936781
4.031249900000001,-32.64218852134695,11.288612783234335,-4.394624464642014,194.8180848708,123.69752954105068,-33.58106268796948
4.0412499,-29.67466192848213,10.864283959736978,-8.066661772785299,218.84831396500707,148.94099531049986,38.76176080059156
4.0512499,-27.4169832148265,11.088170980106929,-11.491951229307707,205.5554232972878,159.88441403864593,79.42375484080794
4.061249900000001,-25.073255136617032,10.322514586775574,-11.817157221051827,171.70608353718626,157.05814781113375,92.36366444370287
4.071249900000001,-21.36007241660479,7.17578914505914,-11.251644162804146,133.2967147031871,141.91290895003826,94.89083091733144
4.0812499,-16.00709124915729,2.6899224929280505,-11.5351198808928,105.64657338732378,118.05297581695721,97.82057981065891
4.0912499,-9.940261139093389,-1.3619734355698148,-11.52002308684769,94.84893413992224,92.50643185864428,104.96712704554234
4.1012499,-4.1936695488078595,-5.014601571661489,-10.884921187917175,99.16352517969179,71.60899624751971,116.1192535237582
4.111249900000001,1.0254340928186396,-7.880050349769586,-10.324930242749408,110.99128480697074,57.675433173604915,126.71960315871884
4.1212499000000005,5.004393929058209,-9.518609137775531,-9.755573463444046,124.05942563971173,50.92665206115049,129.4404947721487
4.1312499,6.836274528660186,-10.49775184766183,-9.153442417121004,136.48721125626489,50.27997451855263,121.63733765331136
4.1412499,7.054186406051168,-11.518871189215186,-8.998122516716592,149.15107479164138,53.62123065340763,106.60551864243908
4.151249900000001,6.970719280020544,-12.537393337676274,-9.306774336035167,162.63258351961503,57.444551815105584,89.48456337220169
4.1612499000000005,7.216320357012161,-12.640038648807247,-9.755286504554682,172.9702714289216,60.05231693474738,73.71584834238587
4.1712499,7.563448802781305,-11.784450172011088,-10.003510575090175,177.03212702405554,61.222165119262506,59.62006210751223
4.1812499,7.861217402923228,-10.700801566593718,-10.028862168835666,175.3981598291187,61.068904561814996,46.52437560485938
4.191249900000001,8.080700687146763,-9.05666916626892,-10.271541645920141,163.77850811143423,60.323526663440845,32.0835211994793
4.2012499000000005,8.21848782513635,-6.956892831119695,-10.525648216995078,138.12332088960576,59.8072480234341,15.926999143411505
4.2112499,8.231062150847624,-5.6366986326262865,-10.250792092061706,106.96193612671925,61.19063488652263,1.8163992173800079
4.2212499,7.964621128988447,-4.807510821314692,-9.670071303114558,72.28052560202654,65.72496251637921,-11.44449170203592
4.231249900000001,7.465462983382967,-4.384797281119886,-8.896398067050097,37.337532773737365,74.07520575962374,-23.726716932898555
4.241249900000001,6.960972629156068,-4.519363127694749,-8.161843773156095,7.5522226189940085,86.13303091896714,-33.17771300293668
4.2512499,6.641875432766871,-4.751910169340917,-7.755277256840941,-15.63045165046248,100.30992251319047,-39.59811634553509
4.2612499,6.6685572251510585,-5.0864297861692185,-7.534371829617386,-30.23872594208368,113.61342549717486,-43.64083875002473
4.271249900000001,6.936562520331283,-5.477784744623734,-7.419585550124802,-35.226189846491636,122.92300042482691,-45.657854321391824
4.281249900000001,7.160033059464959,-5.580434661550604,-7.328488070309935,-31.727814277703526,128.35552179769704,-45.66651716192935
4.2912499,7.105172953932257,-5.523800299455397,-7.0326175554751975,-21.78962062505137,131.97331603645662,-43.401253576856355
4.3012499,6.864775337713402,-5.451673060583225,-6.520080407993179,-8.66008222361821,135.46375251482974,-39.394977184523235
4.311249900000001,6.574502068638607,-5.224652296020925,-5.975378344045844,4.403503103672316,140.3640603820232,-34.44527371654861
4.321249900000001,6.117797381207768,-4.9019763818534825,-5.403859801368237,16.012066388889064,146.6771355562248,-29.531076359359925
4.3312499,5.637314930810435,-4.513062754802214,-4.870994880016906,24.794982622393732,153.6201746660146,-25.59578025863853
4.3412499,5.577384484791825,-4.074390824751232,-4.4745130084952285,31.076977541670843,160.33238706811613,-22.860117581438537
4.351249900000001,5.728054052032603,-4.098208749157091,-4.161670957907244,39.668343811633136,166.00269605038997,-20.60679197026288
4.361249900000001,5.415307983869113,-4.218536881857739,-3.9913585161881255,47.34464700253382,169.34473847941908,-18.140025931564175
4.3712499000000005,5.215434854920941,-4.188500471592472,-3.7654928346139775,53.13645169416062,171.8039647773009,-15.258573154591078
4.3812499,5.247502007688432,-4.281046670245588,-3.426309509759237,59.398198687267865,174.07893172802605,-12.310407385684723
4.3912499,5.155700987455834,-4.573721087440178,-3.0951330841140563,67.21647390000646,175.9728323893705,-9.161091580227522
4.401249900000001,5.269813838641788,-4.966290715543199,-2.6500016630669787,75.88618741280865,177.77910879166868,-5.613228881168632
4.4112499000000005,5.4843642639535854,-4.887723111229826,-2.0714304775113095,82.14881423822844,178.2335890016622,-3.3951416967010104
4.4212499,5.60293579031912,-4.770757690653899,-1.6321280511450047,88.24938181933179,176.41261060484726,-3.46991391709221
4.4312499,5.685757932048723,-4.768100244279828,-1.5173346192867558,94.36736937463571,171.98953912275502,-4.119514767403416
4.441249900000001,5.762632544725009,-4.713767427766392,-1.6018002768929962,99.26524649910517,165.76973055570556,-4.434622450996019
4.4512499000000005,5.910762322633927,-4.609795477491658,-1.6525160493694913,102.67458064708968,158.9141564965928,-4.30562480124959
4.4612499,6.259013026974726,-4.573795686339195,-1.6332952036034616,106.23929878444149,152.24007184170912,-3.379391273259806
4.4712499,6.711892051168101,-4.5806924450659965,-1.47228572151698,109.57359854066988,145.8958019408969,-2.065295466634589
4.481249900000001,6.991058862036959,-4.441039333711582,-1.1300639294371342,110.9538137921435,139.24972298530776,-0.5073489076517008
4.491249900000001,7.26717178468752,-4.3752794294044035,-0.7760030536499969,111.55876334966123,132.58013846660424,1.3785120631493541
4.5012499,7.610514697395248,-4.207560888128218,-0.4959383235790882,110.47940090563688,126.06036936865752,2.987600931776004
4.5112499,7.977053986361281,-3.9157736798030087,-0.3276966738063551,108.22828923063987,118.9368574385429,4.357701305543347
4.521249900000001,8.486666846317306,-3.8512293483900417,-0.488632227016471,106.69428019267674,110.57842138883488,5.93832696169595
4.531249900000001,8.879130712322784,-3.8657203498032255,-0.8053403686982774,104.25405912413302,100.44508653644138,8.285353727420683
4.5412499,9.139537018606498,-3.790793016011952,-1.0289345763840598,99.6835888242548,89.58682722846171,11.62120161143743
4.5512499,9.468211493309834,-3.667527665551238,-1.1770205872993298,93.31846641809386,78.8604593340834,15.45811316771431
4.561249900000001,9.817832833340583,-3.511033825715915,-1.1672470550340939,84.11301538421455,68.66117260516484,19.461852387220617
4.571249900000001,10.011387605005666,-3.4233638986850146,-1.0028475960735224,72.36392196023085,59.022994379164224,22.792432478229482
4.5812499,10.095628943653459,-3.449226961597229,-0.8161241090853086,59.04493195274069,49.87353095040075,25.636118306590916
4.5912499,10.115936258908556,-3.4952426847341607,-0.731349779637162,44.67253078300952,40.52170306275433,28.423182902239738
4.601249900000001,10.099995979471968,-3.6751851946873004,-0.6925086192538031,31.23341285565912,31.333812575068396,30.884943890388282
4.611249900000001,9.985289629941347,-3.8733641707498156,-0.5370976128216248,17.74969463459993,21.45854097306497,32.80664851053119
4.6212499000000005,9.15894929933495,-3.1970876703838913,-0.4533465419382886,-4.7664085221966035,6.524398950641493,31.9882517094399
4.6312499,9.096074339890478,-2.248326435669587,-0.5409210571289309,-33.091961771633905,-4.334087445724698,28.0020031296997
4.6412499,11.279591893516224,-3.9370687534706823,-0.22748845027362558,-41.008171602167394,1.3637845816945418,26.591166001785023
4.651249900000001,11.162575340047809,-6.046416077961428,0.10933027799623818,-39.22469296073043,4.534211357511726,30.430381777921227
4.6612499000000005,8.721705903036213,-6.088590251229646,0.10339589451426333,-48.21672982227412,-3.2738793105101336,35.88899693047529
4.6712499,8.585099880136227,-6.609609567117002,0.3740720186755738,-48.35590956536074,-6.803995996741547,38.17216608198374
4.6812499,9.297281254069928,-7.18252977914465,0.7200835761864296,-38.639803295809045,-6.453116583322322,36.589610100411086
4.691249900000001,9.06186402214557,-7.399001362595809,0.8339291186989225,-27.23024915353875,-6.565376546332682,33.53669327256454
4.7012499000000005,8.634577633863115,-7.897130389615613,0.8294719183028282,-13.150508487090955,-6.495779678591424,30.6236310234915
4.7112499,8.418432923087977,-8.206803230001718,0.7815121100521623,1.9018234379328538,-6.072822421833076,28.57089104869057
4.7212499,8.276847875412882,-8.070559734420904,0.6841752998920907,14.245757869402045,-5.867627773634675,27.133618675281845
4.731249900000001,8.080467104121725,-7.71010782468808,0.5598714938976687,22.581539398696975,-5.861270804958489,25.510547251563704
4.741249900000001,7.951831743485545,-7.174058664935885,0.45101142317113074,25.537731395907183,-5.573967832962394,23.17274107810649
4.7512499,8.000178285986822,-6.568769817776108,0.39502922371558724,23.14536461906544,-5.0299432236895205,20.071746547110504
4.7612499,8.08925357555033,-6.160968166418697,0.36550902445350675,17.533076528546452,-4.621699492704868,16.372708146478573
4.771249900000001,8.082111676492802,-5.948438951117877,0.3444456209091328,9.812420763932835,-4.361426646816829,12.459946647636324
4.781249900000001,8.066577936676936,-5.9234555941600044,0.36963992151694747,1.6808735650398692,-4.068699820558495,9.150285395157454
4.7912499,8.00043376033489,-5.959633920135704,0.36121893184995335,-5.440766412425855,-4.0106164384833685,6.484839695060264
4.8012499,7.834054249212314,-6.012118114026794,0.2785331377775887,-10.956964909241279,-4.1519044591869205,4.093796738635889
4.811249900000001,7.6794200640078545,-6.0990655601330115,0.19716568946213445,-14.862339647275011,-4.613397098649674,2.2260966889972003
4.821249900000001,7.5391334570135715,-6.18421364356013,0.15924523631399673,-17.612556353645786,-5.402146646507506,0.5490469006704322
4.8312499,7.478598106848877,-6.259526364406183,0.13347724076104678,-18.590934608026735,-6.214302950466243,-0.7691710222290967
4.8412499,7.552865294756731,-6.410660229220763,0.1351213260022972,-17.554118040823514,-6.807086260723239,-1.1372528003633704
4.851249900000001,7.615108566685336,-6.602678663965826,0.18973982117744684,-14.750243574292385,-7.237003936376785,-0.8972601493243497
4.861249900000001,7.634618637189765,-6.750555077335141,0.25861526640707916,-10.336945533925025,-7.39393332540586,0.08432189449827447
4.8712499000000005,7.622920946555975,-6.87575374713212,0.3152722328840073,-4.671429221025381,-7.222595837462004,1.5744829535906877
4.8812499,7.4735483130568205,-6.913973773044418,0.3004826424376625,1.147605920750508,-7.069572669294126,3.1060764646077175
4.8912499,7.300487850249658,-6.873480221593554,0.20625231042834027,6.266235128370032,-7.012467880570857,4.094840927211013
4.901249900000001,7.248199362435598,-6.785363783494653,0.044044038995639134,10.171917483599326,-7.3371700751320095,4.3454739525660155
4.9112499000000005,7.269487651050675,-6.653966530811555,-0.07015915162496528,12.524526722005005,-7.607917021727132,4.141447892548268
4.9212499,7.250284731691542,-6.552849124751891,-0.05482695670367888,13.38217241384199,-7.847174376190544,3.6338982318691646
4.9312499,7.243903350478675,-6.481479603159155,-0.05569959246427491,12.786335872170906,-7.913383428925446,2.9714025023824124
4.941249900000001,7.300162345613516,-6.432080373602742,-0.04935316516227734,11.591895901227774,-7.700173858146417,2.479093723890102
4.9512499000000005,7.288032197923118,-6.400925230159072,-0.005216015261654811,10.272607745589605,-7.355970940400522,2.063744109675109
4.9612499,7.211291245482167,-6.374073477228373,-0.0740104273277778,8.743307378974215,-6.848731993502524,1.6974754352204653
4.9712499,7.194604261743219,-6.369392664709233,-0.19440429066414797,7.187894763638168,-6.6765210588703106,1.6937631151419943
4.981249900000001,7.243671886411395,-6.369445405393859,-0.23736080891764127,5.60937701527922,-6.633637520246661,2.0140772335000277
4.991249900000001,7.260464167376499,-6.341270121917476,-0.24642874707586604,4.009538976925222,-6.482038313284922,2.3675026487130197
5.0012499,7.3115255464555124,-6.325685500339643,-0.2513621594341623,2.414022143129595,-6.313597184816594,2.8745344899466025
5.0112499,7.414367096646149,-6.3387956907141385,-0.237996996585005,0.9076469312065872,-6.095376727747598,3.127299310772824
5.021249900000001,7.420085622672013,-6.363504795924188,-0.21636746415315436,-0.1644372295469444,-5.912218725565373,3.1968556999188547
5.031249900000001,7.409999152779936,-6.468737207262623,-0.1846961989423737,-0.42520056781109145,-5.588949918002728,3.516403221356998
5.0412499,7.438133404767164,-6.560804111654413,-0.18063800756527162,-0.03615924553562288,-5.194023341358399,4.095939482256801
5.0512499,7.427500536084342,-6.572215028749104,-0.19954878768985945,0.6135781275666441,-4.978707601964543,4.508851624010129
5.061249900000001,7.396969549270097,-6.565878502024259,-0.20529866071953032,1.301102673478003,-4.821524758508937,4.79147440310991
5.071249900000001,7.3935572939966265,-6.588230910170601,-0.18937976287982677,2.1535650719175177,-4.914677357362448,4.848588203239039
5.0812499,7.351338106814656,-6.620710297192274,-0.15976846003830567,3.1150833862594918,-5.422469878696959,4.842396602199052
5.0912499,7.280350360201293,-6.63802047939836,-0.15271053097795378,4.076944462206279,-5.742372014116995,4.989091068647047
5.101249900000001,7.288210530915693,-6.608675501081443,-0.17518588893717946,4.366916402447288,-6.004239575588723,5.188947996932897
5.111249900000001,7.434509533690718,-6.573536156955182,-0.14006182296940928,4.3193195391252726,-5.894381711418529,5.262543029525641
5.1212499000000005,7.564665533605755,-6.5186227404292865,-0.010358524365130925,3.8813675652122552,-5.403121385841268,5.028001206769256
5.1312499,7.6026976589042405,-6.48727841060423,0.1071636301357234,3.4390884028914472,-4.810640807306693,4.436551993130293
5.1412499,7.599045361703308,-6.543297009399207,0.08477558429105961,3.442699888961313,-4.018611519161978,3.953805552351593
5.151249900000001,7.51299601191272,-6.579764721461509,-0.0024229739197908226,3.2060677628154344,-3.5916136535792806,3.764868767170612
5.1612499000000005,7.42052863770605,-6.638422300903154,-0.03665757953979554,3.2673387372506073,-3.5694308307961844,3.826485700698664
5.1712499,7.364762048862129,-6.713253789962281,-0.04604050796083925,3.5784928859928264,-3.8450336776823897,3.8591876665076508
5.1812499,7.333706025696242,-6.7748598591083935,-0.035770435371330844,3.9356936931421087,-4.352669127038263,3.671627128100387
5.191249900000001,7.329322069229934,-6.801141380852166,-0.006006774871057955,4.075474290058937,-5.069274819120079,3.649190777431229
5.2012499000000005,7.311809130337186,-6.770855122349173,0.0052568765441064775,4.127432749954969,-5.605312279753738,3.4891734372653853
5.2112499,7.287825876095835,-6.76435673221165,-0.01987460355477752,4.278261173893933,-6.128628385272748,2.9929566159495096
5.2212499,7.303198224845042,-6.765274226265702,-0.047602246700350494,3.9332149994397914,-6.946315605178753,2.42080575898957
5.231249900000001,7.305112294434187,-6.740123627781837,-0.09237703152723838,3.2762092191240693,-7.721580584352858,1.9726552061130633
5.241249900000001,7.276181962345467,-6.692428967242664,-0.142017996353582,1.8927340173660296,-8.424150296397382,1.391969841481805
5.2512499,7.286818930590868,-6.6977205212775175,-0.11923786573490079,0.26201384343187556,-8.865262917166683,0.5528040594229512
5.2612499,7.289655048460819,-6.761190984642358,-0.08686026063336882,-0.7801765826992293,-8.805171895688627,-0.2382034075283067
5.271249900000001,7.287932701089163,-6.818633229554071,-0.09656342250383622,-1.3653721438818036,-8.330550889234944,-0.7312660859211296
5.281249900000001,7.296053410249835,-6.87029345464124,-0.0911491258726626,-1.288662191046295,-7.68163600256797,-0.9106156281961253
5.2912499,7.250645215363129,-6.905615751071347,-0.0896621641535078,-0.5948331845773456,-7.129876711972751,-0.9352467302036421
5.3012499,7.166178399414974,-6.927324995768606,-0.10454907599428712,0.6739134331223372,-6.590045853092865,-0.9165323238646131
5.311249900000001,7.086287699519303,-6.958041857737947,-0.1210413634151474,2.581354521272735,-6.256929742004171,-0.8829168338976414
5.321249900000001,6.992105973237931,-6.959678660810051,-0.15786934333109864,4.749258153759262,-6.093376692798619,-0.7790179591066444
5.3312499,6.918707384962183,-6.933108396460952,-0.19905028660653654,7.076943221522225,-5.713151401659202,-0.6667178751415784
5.3412499,6.865481651951589,-6.875021346322405,-0.21661285009435732,8.752040208128042,-5.314273037296904,-0.47387185697170225
5.351249900000001,6.802549410202705,-6.765422848820877,-0.23380104164119897,9.508752652401125,-4.965957012489625,-0.11730313875003956
5.361249900000001,6.732956416971169,-6.688645171845017,-0.2830991695603837,10.193490695778769,-4.084730250371206,0.402092212888588
5.3712499000000005,6.562180090173462,-6.567452675536394,-0.360336339505654,9.991711022208312,-3.5283251152993507,1.0570996073873133
5.3812499,6.429423158694397,-6.519447285203436,-0.374341911367286,9.887777224711748,-2.814563496384154,1.8337850313089914
5.3912499,6.347136970804376,-6.561504481540684,-0.3254848741589133,10.711124870299432,-1.6213931439994724,2.8552812091700073
5.401249900000001,6.191405928593011,-6.602911072340071,-0.30776211801624165,12.092992907117747,-0.5664933110297833,4.261880974314026
5.4112499000000005,6.0295711076159515,-6.68830903203341,-0.3562279940002266,14.169894645099205,0.6594945554794924,6.365325463181537
5.4212499,5.868064830018393,-6.677352182225224,-0.453650352677774,16.16312373940588,2.2128410110145618,8.904700770534987
5.4312499,5.723228682677373,-6.604652506660914,-0.512648679210449,18.11780846065811,4.404611416217497,11.056422847192136
5.441249900000001,5.574299173623289,-6.582150172698717,-0.554359516845578,19.80074932693813,6.657738719577311,12.808000999530877
5.4512499000000005,5.38249693951127,-6.55922565283344,-0.6440162493959323,21.19811438766207,9.48771965850707,14.941868553832931
5.4612499,5.21358481121051,-6.5288020515221294,-0.7072458956813623,22.32735170484251,12.77981022822119,17.36936434593219
5.4712499,5.044635755311054,-6.459180930894954,-0.74399591868373,23.007721688317904,15.543805866256768,20.036325025730704
5.481249900000001,4.886538550451539,-6.333136509319786,-0.8350013495330673,23.331497410754597,18.31365094262636,22.711461049287248
5.491249900000001,4.783238320312923,-6.207305094136839,-0.9479827617790011,23.188635106231704,21.11482116094176,25.56190496642083
5.5012499,4.693748322223215,-6.175152379583989,-1.0333990648342823,22.924489585157712,23.774302724614035,29.16888606105056
5.5112499,4.567280722227327,-6.207615678150541,-1.155005832846956,22.881954279231543,26.185402670855172,33.382816437853506
5.521249900000001,4.4290875621824926,-6.136242152882508,-1.3055499046567856,21.90221044928775,28.632156938488492,37.67579023937219
5.531249900000001,4.281244127674146,-5.968633927978408,-1.380960051493083,19.493100104674053,31.201749654476487,41.65889326190506
5.5412499,4.130734462899143,-5.896709152894436,-1.3960671886425988,16.77730524222507,33.916170999328095,45.28647779123353
5.5512499,3.9978377029995453,-5.920523341762843,-1.407003439097483,14.46931333866043,36.74545322961593,48.88258189378436
5.561249900000001,3.901544145573855,-6.068805324136065,-1.4942998077464407,13.406689963274774,39.9450212022454,52.60842252602092
5.571249900000001,3.8237022931145157,-6.228157516895623,-1.6072916375495963,12.80676978961726,43.33291324106347,57.2748638361307
5.5812499,3.7443754777693328,-6.345001511207582,-1.6522178953039186,11.939608893909584,47.1284570006025,63.20568000309136
5.5912499,3.6132700860641687,-6.423445951613604,-1.730613316795164,10.70810764557677,51.4364358959822,70.21254057342404
5.601249900000001,3.463976501670332,-6.356304055920882,-1.8302926695906985,7.924405270980004,56.30854730608962,78.11732747319039
5.611249900000001,3.3502426968439742,-6.280804553453673,-1.8939788255970051,3.6346048269898907,61.14665894520721,86.59096854080994
5.6212499000000005,3.2374319810426733,-6.242300386631784,-2.0154891744257033,-2.4248845382788615,65.89749075676644,95.51931827417457
5.6312499,3.141174735046831,-6.239240371572629,-2.135366833812453,-10.199807893601502,70.81787960386534,104.89525715189635
5.6412499,3.1229658484741276,-6.38029623451887,-2.1270947694750424,-18.65436589527629,75.62912316398803,114.17160171442478
5.651249900000001,3.1157006590914254,-6.719469084982305,-2.029841580341014,-26.87029701090318,80.16685435761198,122.73869255382373
5.6612499000000005,3.113487278468534,-7.287322769240419,-2.007085060597586,-35.28967421641396,85.44984388058758,132.30859718733467
5.6712499,3.1567525616528607,-7.931840687561887,-2.075954860452579,-43.09908745868933,90.521644224404,142.55134903423868
5.6812499,3.2442801157311325,-8.555379454795432,-2.1676839319499077,-49.304224269029326,94.0327290661616,151.61530397565605
5.691249900000001,3.4278583151054858,-9.265250988548265,-2.0936690813484167,-56.03126355268017,97.74426499821539,160.7355040247518
5.7012499000000005,3.6701402746044085,-10.02291260061531,-1.8132970300171265,-65.09432568876505,101.86070337281612,169.61560183041232
5.7112499,3.887575340943745,-10.81682964265525,-1.7526459092564746,-77.39486602538025,105.47193840263314,177.18105107335154
5.7212499,4.159231938806736,-11.531366672070275,-1.998537967519451,-94.58245941839753,108.68261010564638,181.8074114992635
5.731249900000001,4.3573776041793435,-12.481598905782981,-1.9765605665762505,-116.52333661434552,110.35674211657454,182.30987479614362
5.741249900000001,4.518069712510259,-13.863650888792142,-1.6888922266069875,-141.57142015125774,110.4144120119931,178.85011911388696
5.7512499,4.959317053679725,-15.382052347616874,-1.4493571519271187,-167.30140590138805,109.13125738042956,171.72802227597987
5.7612499,5.71993204667738,-17.04348915568402,-1.2087912112444068,-190.25406148489597,105.3353703526799,161.82378102561998
5.771249900000001,6.732979812988739,-18.875294723221273,-1.0842512265762905,-207.6417989313364,98.55134241966094,150.44628654772154
5.781249900000001,8.004029356666367,-20.814372337322062,-0.7351884904254897,-217.6243081329632,88.36879117518643,138.3986282236333
5.7912499,9.52719577718906,-22.839422532752238,0.3484180965124607,-219.25263667410033,73.77603872630833,126.0107180640108
5.8012499,11.219203758033187,-24.62708170490332,1.492662755385331,-211.20739232738046,54.20357385950855,112.55171557867952
5.811249900000001,13.46438224111314,-25.79659366981105,2.360172023685856,-193.62062819322384,29.10970912728181,95.83294194399105
5.821249900000001,16.646476964689843,-26.26671033126225,3.7279530943052706,-169.58737743165779,-2.192168894683728,72.91879827675503
5.8312499,20.23310426951143,-26.133209448483086,5.307153803570042,-146.20459567972105,-41.53968634605614,42.79542672681519
5.8412499,24.236316436206135,-25.360566186320206,6.840584627983378,-136.95754411995227,-88.03586467998385,6.059252213526574
5.851249900000001,28.867016463957633,-24.216254565371546,8.775651974410433,-152.1616476780669,-138.67079463685857,-36.117991000857174
5.861249900000001,33.36472574588594,-22.80077839100906,11.081584866064517,-203.55546486658716,-184.015370372647,-84.22562854808507
5.8712499000000005,35.62483499342351,-22.49265810377725,14.11325564654372,-309.2773076480516,-216.24033982309516,-159.32609822686214
5.8812499,34.54774697290832,-26.04784532213381,17.639701277357805,-425.3725573322815,-234.6017987870587,-258.8406213024212
5.8912499,31.5508903808985,-33.6048939839246,21.252401396223483,-486.49257189418336,-241.81988830659088,-364.57300125680297
5.901249900000001,27.649579323540454,-43.81125464260402,24.665162960314984,-478.89107006066365,-243.9415312865626,-466.3267768324427
5.9112499000000005,20.96326104995457,-52.08377612198175,27.04658465960482,-409.07813184919246,-251.06908962724236,-504.0615720731824
5.9212499,10.303916248981208,-53.200516681546695,27.715435028084286,-313.48265405188283,-273.8354351707031,-499.09114239875873
5.9312499,-1.5321136550242282,-46.274191410257835,25.181615841362003,-245.52937789325378,-317.82067847962577,-499.83005007480875
5.941249900000001,-11.230049002666243,-33.90277679124547,20.38231613715323,-225.54234377235747,-369.3536710111397,-500.6024318476222
5.9512499000000005,-20.23516525615603,-20.45136752769789,17.32228815602969,-242.6062953688151,-399.0557395973533,-498.38358600239167
5.9612499,-29.811977730263493,-10.159399356865018,15.295673746773552,-270.6754825634192,-395.6301286910729,-503.6149334332506
5.9712499,-34.27368295455152,-2.7853092503708603,10.990778566614969,-275.65478901808103,-357.33931969729554,-488.0999952377668
5.981249900000001,-35.81251971575978,3.3232242521313347,6.826437352057782,-256.3282977532826,-289.0794952968636,-402.34017992892063
5.991249900000001,-39.8735999115152,6.897492113519686,3.371814673914312,-202.4720679227331,-217.06038897816268,-299.93619976562155
6.0012499,-39.84219885385317,6.588245443329094,-0.10824787648067913,-116.4502906768814,-148.10000282925543,-204.17828455447435
6.0112499,-35.66557239546701,6.063519693057335,-2.0164131685184863,-33.88859688165701,-80.11927223150286,-106.17196997975353
6.021249900000001,-32.51214967726383,6.098729295491726,-3.4676573439558385,25.436410986060014,-26.285619730941576,-26.780659430355854
6.031249900000001,-30.526550169135533,5.399996244547759,-6.283764619783609,52.16495833251033,14.153098598200845,24.98456088208938
6.0412499,-27.94700217900923,3.0186496633076008,-8.997433064309226,57.05588657999946,44.042059799625285,52.543170873010354
6.0512499,-24.10626315047573,0.2916547309720216,-9.78414375190424,55.09520585630623,65.75563946506585,63.35745192426154
6.061249900000001,-19.77531590848705,-1.7748732308443234,-9.646996895862449,55.019467861171734,79.24957939564867,65.96888123519582
6.071249900000001,-15.27614345758715,-3.9478188275702215,-9.760919018152698,66.00374208876019,83.37238393542448,67.25624385150422
6.0812499,-9.920540240493878,-6.015962277673427,-10.329995406669092,95.1814509499366,79.82447670093862,71.1365357968592
6.0912499,-4.753899287169673,-6.901463785844991,-10.832480881346541,129.57266025797662,74.76653036751794,76.77440819857668
6.101249900000001,-0.7104220468452936,-7.218344221988612,-10.744703704868845,156.60198813132192,72.12259598402495,82.13915842418666
6.111249900000001,2.2874770474829154,-7.536722284751802,-10.368320625568336,175.6471114955244,71.78752753086314,85.11374212315415
6.1212499000000005,4.053545288835916,-7.463960336867551,-10.266163459233406,184.78043275024058,73.44275482169716,82.93896681836982
6.1312499,5.194424375872031,-7.151786120930027,-10.49872831220411,185.23828716308756,76.25939870452164,75.50609282181502
6.141249900000001,6.102338615759714,-6.64415659685447,-10.610576325601894,178.47096546449305,78.41852458733372,64.62741576326313
6.151249900000001,6.927563009007529,-6.089214539729292,-10.550243048233007,165.99647217227297,78.86319098475819,52.6312233238903
6.1612499000000005,7.875795032917309,-5.925176552588223,-10.337090578187874,149.92422493421347,77.81771193033909,41.659347754745944
6.1712499,8.589867674574492,-5.82860102391587,-9.870973494068055,130.1774455815394,76.80776917699119,31.45079495278733
6.1812499,8.571063197028677,-5.446000861595648,-9.408636509978297,105.81352784684546,78.19419773606147,21.258713994415007
6.191249900000001,7.943521392143564,-5.01834979001271,-9.107937992196831,77.4136401821305,83.31601423789034,11.720214998242412
6.2012499000000005,7.143537366043958,-4.550744493154058,-8.889209093526397,45.81355032066481,91.807306233126,2.5579986554909686
6.2112499,6.38463088661463,-4.288256804381078,-8.536631762773332,16.613757143152224,102.86928899502998,-6.420971529148133
6.2212499,5.72212016195288,-4.755947938105884,-7.915255540657785,-2.453211236419845,114.42773037692295,-14.193988298565744
6.231249900000001,5.367933330433914,-5.6033236947843,-7.234850941087847,-9.270932630418963,124.30813618211447,-19.704191293506792
6.241249900000001,5.119750812450121,-6.160130044818431,-6.70077909191124,-6.1008376553294275,131.2274438155104,-22.499277657351737
6.2512499,4.579904583314152,-6.513221943115524,-6.314531253035761,4.888708951475965,133.8055848330405,-22.74918731067607
6.2612499,4.185004032469153,-6.535074059387463,-6.25383212247208,19.898814537705253,133.24613243395999,-21.355375504181517
6.271249900000001,4.094339380430585,-5.99846965485952,-6.362569920308456,34.16674919056528,131.03757739450495,-19.477291467737505
6.281249900000001,3.959653797998095,-5.258518711777819,-6.272222512259468,46.08287212515226,128.25308055916352,-17.399956681352457
6.2912499,3.7695100820477876,-4.5336973710801125,-5.846946915097277,54.58572292865575,126.9956417460995,-15.048956568043478
6.3012499,3.803724481697195,-3.8609266402978912,-5.3522280851681,55.73544900859263,128.47975054466076,-13.214677276910272
6.311249900000001,4.317312726550244,-3.634009003358768,-5.1724291724000295,54.762384606892354,131.86523588045475,-11.700291320805963
6.321249900000001,4.994402443910261,-3.5655252442177967,-5.070343883285367,52.22453962759191,135.37066882256573,-10.288854803695155
6.3312499,5.64909685813106,-3.575209397090297,-4.720901999244966,49.76905009992968,139.25161209355878,-9.172554565974389
6.3412499,6.224706388037239,-4.172437085315914,-4.34559533949826,52.42892753091397,143.2247451058202,-8.291221430048003
6.351249900000001,6.484171448460339,-4.3297968942680995,-4.223464784619698,53.56671849449136,146.48542706832788,-7.527448666929591
6.361249900000001,6.612052736698394,-4.388052866963279,-4.140979858592321,56.31196104639829,149.24165590337955,-6.87646638051414
6.3712499000000005,6.8131573943600054,-4.903408612829585,-3.972694314781225,62.51142460898178,152.0067503212457,-6.203975227681292
6.3812499,6.852363762478964,-5.124467382770967,-3.7844981113104743,67.11739253674747,154.77095873528785,-5.00725290185409
6.391249900000001,6.826866256693336,-5.218720642230001,-3.482336841039576,71.70911845446327,158.2191918007255,-3.870634220533747
6.401249900000001,6.76918310303956,-5.43805866764435,-2.9049311034278795,76.677462774966,162.26618886236417,-2.954437615809759
6.4112499000000005,6.785637713482557,-5.506084400154117,-2.3526068961693554,80.87076404002227,165.95113091390365,-2.1318327713042184
6.4212499,6.872045160445389,-5.4157687915258395,-2.1301326561522167,83.95178957228073,167.47593423170574,-2.050228297904401
6.4312499,6.780319781572146,-5.1323286119208955,-1.9419910516352068,83.8401933405441,166.43090197511745,-3.287271663441299
6.441249900000001,6.667815729623966,-4.523196435838186,-1.7653284035441543,79.1023240743895,164.35887874936472,-5.8132632668524185
6.4512499000000005,6.579358845583639,-3.6597122452389175,-1.7597706430655555,68.10997287325165,161.05624360375748,-9.580479552440062
6.4612499,6.840059896814788,-3.806654063784552,-1.712765383817766,61.08332236107367,158.7900655624612,-11.768053920655804
6.4712499,7.3726340149596075,-5.137855414230099,-1.6364097360505787,64.55585494467681,158.36010860073728,-9.019811365297114
6.481249900000001,7.059668964028152,-5.168551001776728,-1.6521840259990754,61.64445039516054,153.37672863216608,-3.2221753769469186
6.491249900000001,6.8609311251720975,-4.7787607574597235,-1.2369091100354228,58.39448244439028,145.61729241383222,2.999828886243109
6.5012499,7.686102489330543,-5.111469358480395,-0.6406342272547155,64.30507559018498,138.33776682128823,8.502617609769462
6.5112499,8.40482146469826,-5.1019916517067765,-0.5015016790591632,71.01057739540856,129.70703127863482,12.93824789659944
6.521249900000001,8.967489241330473,-5.4209351002119,-0.5563417587339285,79.2268243330639,120.37835418197858,17.22879505753896
6.531249900000001,9.379375926909312,-5.8441427889614195,-0.6370059151352169,87.62584813690455,109.48200131765927,21.992778454621767
6.5412499,9.657519960268147,-5.813458687717478,-0.8125445040163053,93.27426569725392,98.02506437152869,26.249510825224434
6.5512499,9.987520626145413,-5.643433877861047,-0.9387433472796161,96.97231360452605,87.27114102550925,28.715310474797235
6.561249900000001,10.312179023048238,-5.332690087111813,-0.9978176950797573,96.17665729797992,77.56995559878348,28.996935562095796
6.571249900000001,10.648214032149498,-5.069143391609007,-1.072799693322533,90.58454676350719,69.52290313788995,27.716580054667094
6.5812499,10.732922142267336,-5.140283371227525,-1.088233114448161,81.87456494012802,61.677463753812034,25.80898289613972
6.5912499,10.579181900132385,-5.257069107258466,-1.0720437227889843,70.61233741049723,53.333106704492764,23.74391469479724
6.601249900000001,10.545101468737522,-5.3590545206564455,-1.0998040254678108,58.999457922078726,45.15443475521325,21.349231196524062
6.611249900000001,10.4880216713133,-5.541420478782437,-1.2110162296827771,47.80623815419889,36.692605104359416,19.025728376700183
6.6212499000000005,10.226187173289405,-5.603055329558575,-1.3906982787124504,35.69402700767188,28.00349450273551,16.723208783117688
6.6312499,9.888522175120036,-5.590378586383362,-1.478647069684972,23.651214317475812,19.569187003704133,13.206336093888357
6.641249900000001,9.56177230115527,-5.6571813873003975,-1.4204053083033596,12.435289232424484,11.809995093045409,8.76101289436451
6.651249900000001,9.203944424605705,-5.895301667992063,-1.1864064275152704,2.5448650077708064,4.9696224510538975,4.5908246111547
6.6612499000000005,8.832376468413653,-6.215460713039096,-0.8622402119622093,-5.695533396168833,-0.33531561751369354,0.8630662890937173
6.6712499,8.52509117815088,-6.390207770681534,-0.6299953094657373,-12.738382941489713,-3.692306430771198,-2.4495659316788196
6.6812499,8.439239981414293,-6.538853082512153,-0.4445988756434036,-16.878147021740883,-5.5473222288314155,-5.343841246732164
6.691249900000001,8.416155358966888,-6.857483322371024,-0.2209835417783301,-16.84367227439217,-6.682667475846191,-7.535770399167614
6.7012499000000005,8.183030998742655,-7.174527652388939,-0.015253364863893126,-12.81601439707167,-7.573161878140334,-8.1520522032596
6.7112499,7.823333429586835,-7.29390546214888,0.09573416936669875,-3.872176017535706,-8.458002227098827,-7.158360673879463
6.7212499,7.683260501274746,-7.2529091495647275,0.029917624234266738,7.016818859831888,-9.430649453155503,-5.833961005928254
6.731249900000001,7.726663798247621,-7.04424452528399,-0.1316598026713047,17.23569625360908,-11.24840395311886,-5.022375546838399
6.741249900000001,7.8180204905929145,-6.6204888276274465,-0.21826484179609482,26.153305153412962,-13.781784406756262,-5.071655045223488
6.7512499,8.068270892972958,-6.195893490936991,-0.17625360547921054,33.30606773754347,-15.674704555127283,-5.489545101487949
6.7612499,8.30097593116342,-5.850166276675569,-0.10298779806434459,37.783966008647965,-17.09179351146957,-5.293087991634287
6.771249900000001,8.35358592068091,-5.541548892288443,-0.038824691841028436,38.685482878437455,-17.171710790371698,-4.1152418892918305
6.781249900000001,8.318433860600571,-5.185737629710113,-0.031389409012217304,35.78539597620345,-15.926599622433692,-2.4862613186235154
6.7912499,8.19527930298922,-4.900297737874602,-0.02260850762226264,30.634929920385183,-14.82888309674596,-0.7345599615738025
6.8012499,8.023314091599307,-4.765838205220723,0.008498223552050153,24.826364713886242,-13.502916927316411,1.0328014500832452
6.811249900000001,7.826866279869091,-4.576702596807537,-0.005027941986747035,18.556379722487595,-11.747866367930282,2.0985584278709974
6.821249900000001,7.718175244545539,-4.419947003582065,0.04426795432059807,13.185374919438875,-10.058126806421471,2.140761807912722
6.8312499,7.790210186430688,-4.420939344067174,0.22773668734379016,9.271144766039733,-8.34800856961741,1.5459118663620852
6.8412499,7.863554565965617,-4.534985565335997,0.48752204253636666,6.837978830879132,-6.739366111760111,1.0701239479745368
6.851249900000001,7.817123477620843,-4.680577692134394,0.7337659796732211,5.807514258917582,-5.102382561553752,1.3192255332593616
6.861249900000001,7.7513000983943705,-4.862940164866102,0.9440250857938045,6.110560931535731,-3.2563757771632105,2.7257514844805284
6.8712499000000005,7.7260689821513155,-5.10180443280094,1.0801947285117703,8.439547638877603,-1.5836924492768674,5.163105084528614
6.8812499,7.759248890402413,-5.287118519717529,1.1723675529407127,11.659019686380132,-0.28445938069868043,8.063894663225348
6.891249900000001,7.86920684025998,-5.395882552695741,1.2841481062219877,14.441206711896696,0.7253054180471814,11.286432670644821
6.901249900000001,7.96983553617655,-5.47600870527441,1.379240071694564,16.696087962025427,1.4853701282843201,14.224413006998068
6.9112499000000005,7.948737870451535,-5.528123956268097,1.382955679109504,17.851805994357207,2.2468624620752555,16.086260305329855
6.9212499,7.921837132839748,-5.613102466018085,1.2964857825850338,17.16131238794375,2.8632254719504115,17.092561891530686
6.9312499,7.933140289801351,-5.722417174567239,1.237339496081699,14.975540293568377,2.877934883098261,17.42879885395796
6.941249900000001,7.883168556228877,-5.815989667649674,1.2097311576407161,12.055045804295714,2.556821732951079,16.995035144488398
6.9512499000000005,7.8726962960870495,-5.950583884530192,1.1611276934268178,9.35769227865268,2.2613683648587313,16.109433853482
6.9612499,7.936975457378503,-6.158008992163646,1.1391040861405342,7.53343990579121,1.6862222538029503,14.808994765154477
6.9712499,8.017597008241532,-6.36934562801203,1.1323649475081288,6.326485945249918,1.090642486831996,13.187946845619992
6.981249900000001,8.164573810327674,-6.487219340053894,1.1239819254288663,5.17527224298736,1.1082002305125687,11.832325590104439
6.991249900000001,8.421406996206185,-6.47985642358137,1.183344255192357,3.408591190559096,1.7752253519086336,10.624630970551948
7.0012499,8.66921463270959,-6.4263688947908975,1.2904940048886526,1.4677449772081177,2.626506539307134,9.16574464932798
7.0112499,8.801360300115846,-6.364427914952996,1.341315473933959,-0.033839147882555536,3.8186211801101124,7.537717743939284
7.021249900000001,8.804409391222782,-6.357478628038326,1.2948106903847336,-0.7594768317472161,4.904538853434992,6.060911490961317
7.031249900000001,8.738769430127537,-6.429549609127634,1.2017385605717967,-1.0226246397635048,5.394430741942015,5.051315627380563
7.0412499,8.649249260242826,-6.460757776596069,1.1069664020673895,-1.5361320998996002,5.46569796649724,4.243738250038709
7.0512499,8.60206587714714,-6.342586708889893,0.9860401264471886,-2.871586578880822,5.274272801136143,3.1030126206475264
7.061249900000001,8.651181107822328,-6.202111819398392,0.9186260672035879,-4.986030290650662,4.661041040601955,1.4552295144688594
7.071249900000001,8.734235358935607,-6.158059524707796,0.963708567532557,-7.471109048601172,4.108302645966996,-0.7152142597993831
7.0812499,8.7144105614372,-6.194778710132121,1.0342740988422359,-10.364904711356115,4.020619096187955,-3.306370949312673
7.0912499,8.582889634411568,-6.263188563751702,1.035708637854408,-13.424591205857737,3.6697498768210726,-5.9314449172662425
7.101249900000001,8.496331040904094,-6.337739407156121,1.0090248487499738,-16.129110767108212,3.06399899799164,-8.03897854405797
7.111249900000001,8.502257037316916,-6.434874896548921,1.100832833457328,-18.366501580182,2.576343514546443,-9.549723223923007
7.1212499000000005,8.462235139903388,-6.5523451846316485,1.3120710729455352,-20.62876885416814,1.8355384951709468,-10.881076579114579
7.1312499,8.314452043082573,-6.648018235877839,1.4205290093318452,-22.944692281134007,0.8232169087148832,-11.934325699208234
7.141249900000001,8.170992820392927,-6.654670095089334,1.3150021245842283,-25.00318417917694,-0.31382541948053605,-12.788683242061968
7.151249900000001,8.079178649022307,-6.600639670575176,1.1992992070525412,-27.217973175313038,-1.604261641648747,-13.690415216170527
7.1612499000000005,8.032957870771053,-6.632841237002701,1.231102615187475,-29.092701704776633,-2.5794659036185124,-14.429699656003335
7.1712499,7.974214456149406,-6.741923529529067,1.325343477090862,-29.648256028128586,-3.144766523728405,-14.842794411573959
7.1812499,7.823218853736658,-6.86772364660227,1.408788613706753,-28.70090812077768,-3.608871299479012,-14.728617411751815
7.191249900000001,7.592766877699008,-6.939517972713963,1.333598083366536,-26.335775160634665,-4.164006076868598,-13.74614348843691
7.2012499000000005,7.343266169648371,-6.8418478021205935,1.0310550635430162,-23.21240861921391,-5.114139014418149,-12.585359383915309
7.2112499,7.148066695402381,-6.593243649019655,0.7007029022445208,-19.725984886364206,-6.708600869745425,-11.619720119818176
7.2212499,6.983945736007543,-6.233037458641776,0.4257977277696933,-16.723361583888398,-8.732076119686468,-10.801160035997032
7.231249900000001,6.856740137086762,-5.86236254393678,0.2187621322857393,-14.83686284223024,-10.760241788136815,-9.992616472251063
7.241249900000001,6.773672503677654,-5.577706755109255,0.05291358709708968,-13.756936912692609,-12.486855315151475,-8.63284927101127
7.2512499,6.674669902623763,-5.324742476968125,-0.1407113665651032,-13.66901497937508,-14.10072668848578,-6.494870731137302
7.2612499,6.503235118237647,-5.059296434615216,-0.3225120802940156,-14.775142585611803,-15.370928501839028,-3.8156167051786003
7.271249900000001,6.343725370113675,-4.864796839465003,-0.42495298040231494,-16.363446299414385,-16.083614635978524,-0.6346794089254247
7.281249900000001,6.220008396965524,-4.761638669507859,-0.5056586946025164,-17.88591153447937,-16.40911967969069,3.0829166550767972
7.2912499,6.032009254024502,-4.713535069677474,-0.5487306983882547,-18.905755506948505,-16.37588187891237,7.060155890030388
7.3012499,5.835236563152019,-4.729999158648899,-0.51438691308108,-18.934184818266967,-15.916431251802061,11.37290539976731
7.311249900000001,5.700995228391734,-4.744641979175095,-0.47310515577120776,-18.439402962063422,-15.00002920836093,16.007414202133727
7.321249900000001,5.540929640680292,-4.757697670646171,-0.4297184034240183,-16.813788930429517,-14.016617121367226,21.029081826829433
7.3312499,5.299081298932544,-4.825884531960963,-0.38632493728638573,-14.21570450847235,-12.819468013424657,26.836559882222485
7.3412499,5.010096742530118,-4.875020365718027,-0.30837234094502447,-10.759449484580625,-11.17959329733801,34.038352623758634
7.351249900000001,4.745066644006571,-4.857466182995506,-0.3110970006361073,-7.108234534093363,-9.919562726545468,40.99284034410366
7.361249900000001,4.530263484630836,-4.805574990885245,-0.49288627377505084,-4.187021389568849,-8.659050012942952,47.720959331666634
7.3712499,4.345606588927572,-4.663592219201128,-0.724705118969229,-2.894566925454231,-6.905755800950627,54.532874382247314
7.3812499,4.110807013175643,-4.476322568221525,-0.9817182275501753,-3.969920489745941,-5.136279341971734,60.87752593786084
7.391249900000001,3.7908657945138557,-4.372803753507691,-1.310240448153921,-6.5472954005878226,-3.6335838248006436,67.36522514433408
7.401249900000001,3.4169624319957994,-4.3591152197393255,-1.6121452290431402,-9.908942699713071,-2.521589615911347,74.57568544488629
7.4112499,3.087222254692074,-4.427938388458057,-1.8789176488449584,-13.669105010755372,-1.6956789156775596,82.99802908553316
7.4212499,2.7764976542880153,-4.610689737925295,-2.1735717878108405,-17.0916949793784,-1.3781187168792013,92.57174217647969
7.4312499,2.3735856176621297,-4.8456328405657,-2.5183149812000174,-20.734452642112277,-1.503132798999486,103.0133247967784
7.441249900000001,2.0136302419559744,-4.9687667900483845,-2.9404681929338623,-26.044609458111925,-1.659417845378357,114.30085347323718
7.4512499,1.7541281473560149,-5.035993946863372,-3.4167685957177136,-32.852238015504895,-2.1233227401811634,125.93552483942432
7.4612499,1.5579356663286583,-5.183309642919217,-3.877629539094368,-41.21164702189302,-2.2626962963395787,137.4076344659417
7.4712499,1.411357674205628,-5.416843571082941,-4.2896964284776695,-51.5545602513483,-1.707191759272772,148.6683118390497
7.481249900000001,1.2281644500993902,-5.767524049336052,-4.723358650079938,-62.654158026091125,-1.1071313057628074,159.52952118691118
7.491249900000001,1.0538212914327334,-6.343431477573276,-5.089929544834445,-73.19550685588173,-0.38134965824965444,170.44225166747452
7.5012499,1.0333533957581733,-7.059190502841006,-5.402478110342239,-83.17149004907509,0.8732279957681467,181.58267953591388
7.5112499,0.9926427532570871,-7.804797096320901,-5.933019164669989,-91.7151648811009,2.0779114234184606,192.4102861304363
7.521249900000001,0.9911506106974731,-8.648755341935443,-6.617545937098905,-98.77401293700487,2.800942251219366,203.04298939970812
7.531249900000001,1.3238455862791243,-9.575006468591718,-7.2067456059513395,-104.8869840481512,3.4831890583233855,213.00821290422147
7.5412499,1.8356654538007728,-10.574686997972679,-7.557358547700977,-110.16492462720907,4.226054780248177,222.19631826202283
7.5512499,2.4224581845327635,-11.888247906852909,-7.7849769034759975,-114.55763344287756,5.1474469098271465,231.20066420689844
7.561249900000001,3.2514352628099275,-13.196225616692335,-8.07471782648293,-118.62028540575753,6.333094219091798,238.24662900363626
7.571249900000001,4.281254422338324,-14.363448072341168,-8.217026162945348,-123.59158497835803,8.365705104706603,242.36427975658262
7.5812499,5.361272291097172,-15.657858721668902,-8.094258543699896,-129.11785027827628,10.74705424574054,243.71295364975882
7.5912499,6.751072287605823,-17.198852354093333,-8.012734884851502,-134.4841928793781,13.096383984591709,242.13909328748548
7.601249900000001,8.437577407726307,-18.681080035547275,-7.993296845374038,-142.2740157238744,15.88554413313388,237.090187945258
7.611249900000001,9.92308408066028,-20.056181551334884,-8.006958733347926,-152.94355138916254,17.72262806056649,228.22696081216853
7.6212499,11.522491302648794,-21.728704632039832,-8.153849822950136,-167.12564663769808,18.066998670146024,215.6413779172656
7.6312499,13.73380832362074,-23.554338578566455,-8.254898489745917,-187.01493631032102,18.165839309041456,197.49038697613614
7.641249900000001,16.164329293761178,-25.084775566546877,-8.056243676086202,-211.45965141456898,16.849097015866313,170.5017859038941
7.651249900000001,18.71727390046608,-26.398663985537503,-7.820027886017337,-237.58634536781375,11.048572711395632,132.5751498815341
7.6612499,22.47387981799476,-27.613116977620752,-7.244133842322947,-265.52216428158306,0.745250691969002,82.62866999366364
7.6712499,27.63876111800953,-28.696577907849274,-5.635152943273902,-291.0877266704085,-15.099933087111522,20.309541615865093
7.6812499,33.828450287915494,-29.724199772954098,-1.9244397808133982,-309.7388528354353,-38.248574139058626,-56.03019770771899
7.691249900000001,39.55901443679302,-31.838228683339945,5.9419470161470525,-316.4776314179679,-70.84703863494013,-146.17019120851714
7.7012499,41.02008031333245,-35.844889900987596,15.595114702556671,-304.04597173785936,-114.38182350884175,-241.0433123515553
7.7112499,37.61541066932113,-38.57462399717458,21.11250347221417,-307.64565495604614,-158.87147788214668,-321.8475793915817
7.7212499,32.89434543466196,-39.90009324115643,22.632448979149096,-348.95266229523526,-190.91540535640922,-396.4887662345811
7.731249900000001,28.176204284100045,-42.726684248183695,22.55510167627294,-385.2355778338687,-213.01088747007515,-474.5098321275052
7.741249900000001,22.211778587483654,-45.30075787013159,21.348057251285375,-405.18180989220485,-233.40199605510418,-503.861461594732
7.7512499,14.499424922632553,-47.65226594136762,19.62009849217037,-410.16084207255096,-244.25738723098527,-499.02326150822296
7.7612499,3.275790807292927,-48.872003573930904,16.744719793587915,-376.2548688220974,-249.0205663154614,-500.30349632378505
7.771249900000001,-8.998434047318401,-43.71195499629325,13.474112547683504,-317.2970592925717,-257.1958264123991,-499.4927918186145
7.781249900000001,-20.653370917011447,-33.80441582371404,10.6853040405836,-253.25562503611394,-262.4922245060512,-499.84092627206127
7.7912499,-30.91607352581639,-24.353030297442842,7.13862251249746,-184.03718178400595,-246.91254388700685,-503.51127610631
7.8012499,-37.124037680310416,-13.959927227859712,2.7384968010615927,-122.87433274807725,-199.63614648475598,-443.6497483261229
7.811249900000001,-39.34676938935471,-2.1556515463243455,-1.1662585592162773,-105.22346698037651,-118.4234295061533,-325.8658443983763
7.821249900000001,-42.01077812596118,5.5952546738351625,-1.9548923665837925,-103.6797833435244,-27.442466669511173,-239.44872738190597
7.8312499,-43.29793127858453,8.155500553213866,-0.9479139747295379,-86.25226367828313,41.51778170377442,-189.16097232827772
7.8412499,-39.726047975021444,6.920694933342033,-1.9550958633703788,-53.3134605556018,94.77972881868584,-152.14580648447745
7.851249900000001,-36.60007402367986,1.947351988577852,-3.658950490705954,6.324500009249555,130.80013338853286,-108.34243139295309
7.861249900000001,-33.76402346637527,-2.1009655526952025,-4.224925519021416,77.32380837639651,149.41576146017354,-50.46606005209313
7.8712499,-29.353741561098737,-2.2900022097962394,-4.404125508034631,137.8258817709232,155.76539100127462,3.656680028890553
7.8812499,-24.490364145263865,-0.4070877794133691,-5.4177464746403405,182.38850730311677,155.40738997880652,37.748281976877415
7.891249900000001,-19.860429370856963,1.5744619939471944,-7.845765849333519,209.99482230254065,147.8683735905269,52.7921209396386
7.901249900000001,-15.619736610283155,3.449153812581865,-9.86923502339627,211.010541674734,129.9614728206105,59.64244426375931
7.9112499,-11.5097482227028,4.502764249646448,-10.29763072221813,185.341140445696,105.68978015178216,65.23591510629102
7.9212499,-6.963246031959062,3.3587927460061446,-9.885283857991666,149.75988128710344,82.14770168757033,71.1183356574231
7.931249900000001,-2.3128556950535115,0.5483480997261604,-9.320433593481226,116.61486225871563,63.48011200998795,76.63550728219819
7.941249900000001,1.5476361573700523,-2.4605582405129,-8.814782360047397,88.92789599441059,50.97272713740433,79.78425422682015
7.9512499,4.230233550523231,-5.163678115265163,-8.519905825299235,67.20350988015998,45.26556743032858,78.50304077445509
7.9612499,5.654824227772471,-7.849880139991618,-8.450307017722942,54.364168986780996,46.912389051361735,71.47921871553014
7.9712499,5.910345299760494,-10.059510108835237,-8.36527377877892,51.30960555781241,53.43514294044383,60.84106511832083
7.981249900000001,5.8228914379012915,-10.983530733682604,-8.614699386937364,57.319850077031525,58.08122404943368,50.48789760229965
7.991249900000001,6.238167237197614,-10.826531224176694,-9.14095384901587,70.00195401844375,57.438791847744135,40.21901942660862
8.0012499,6.883464416487736,-10.198132838455152,-9.23865966237526,87.47231913278826,52.35875767825136,30.352240993795693
8.0112499,7.034499091113745,-9.468029055510852,-9.062298496275037,106.64267172544642,44.918083148888535,22.588387727154814
8.021249899999999,6.692676360330046,-8.46194797198848,-8.968343277730542,122.37205658542801,37.24968959032841,17.581532895532927
8.031249899999999,6.158943612804541,-7.281963613217978,-8.83129886679073,130.15371423664962,31.23486667815089,14.701759133290741
8.0412499,5.623776458548998,-5.921774343843603,-8.817137193142944,126.28539947803824,28.478402346692214,12.529709603548408
8.0512499,5.19938154283807,-4.582846558402809,-8.944407126255351,111.20480217159502,28.5008717813345,9.395289950745157
8.0612499,4.913522333257157,-3.778067997224769,-8.978802592416173,88.99629594831754,30.393300884110907,4.797936986463857
8.0712499,4.840159269955764,-3.1953781128332883,-8.944414220304964,61.10339023590389,34.42540592235006,-1.9215757032024399
8.0812499,5.013901527951774,-2.6727441729085486,-8.758348908469838,30.203620950894553,41.491550534530994,-11.192672877092885
8.0912499,5.290303605603446,-2.5991521379860973,-8.237260819059586,1.795462510888782,52.55773986219338,-21.68491630318399
8.1012499,5.601302417905669,-3.113593764649979,-7.730171334711945,-18.47476216945762,65.67982513071863,-30.33569575604182
8.111249899999999,5.966238910816609,-3.9533510339851983,-7.491878596650596,-27.54449166673629,77.83376788226028,-34.66898175724989
8.1212499,6.1311950371013335,-4.392315069882575,-7.0353376221426,-29.97457650312904,88.70793080636605,-34.996683453749824
8.1312499,5.786043923952914,-4.673280161612559,-6.415093697085574,-24.828595036547345,98.14941829834513,-31.806772483241485
8.1412499,5.146540442386502,-5.023283683433626,-5.953968068555489,-11.977898903435287,106.05888316136287,-25.3949993527087
8.1512499,4.674331769474063,-4.989931861506681,-5.807039428587621,2.370827347326857,113.76564676806414,-17.07356857715788
8.1612499,4.392387917043836,-4.480569857764172,-6.00578112941823,13.845561318730542,121.10642275156034,-9.097872319183427
8.1712499,4.425083542647775,-3.84019228664028,-6.333108212111984,23.476611630679525,129.29396622823455,-2.534205063792903
8.1812499,4.854267102186606,-3.6086741396694966,-6.28280798110866,32.28353665040168,139.08554092693518,3.100972287323401
8.191249899999999,5.34405899429669,-3.7838643708425197,-5.870015140079069,38.184756163122024,148.26636718780068,7.000020668302467
8.201249899999999,5.741216651123249,-3.9249116564557496,-5.547227533891361,43.45959029242202,157.6387184291909,9.425473662537787
8.2112499,6.069755167433868,-4.045683380361399,-5.210963299798642,50.37408420561717,167.05542355311917,10.64338525801617
8.2212499,6.4613954256459705,-4.361814707975887,-4.869384151834119,59.685603792831984,176.20602910129747,11.501389290973991
8.2312499,6.820204158331681,-4.7629906411202185,-4.858662449321204,71.46376169336482,184.08656063208173,12.722124672218497
8.2412499,6.961470741833592,-4.946429596413572,-4.977661180820083,82.67967094604707,189.3061204693193,13.752101854313484
8.2512499,7.081503415372147,-4.9078379417332965,-4.897387822293288,91.32791745573522,192.49913869153244,13.91426032959063
8.2612499,7.418647736101773,-4.750284825759346,-4.698728548966983,98.05968951798685,194.5786232841696,12.627523681877516
8.271249899999999,7.870280718331901,-4.808957341768699,-4.3580147020466855,104.521343982431,196.0170000560593,9.998871526697675
8.281249899999999,8.033117356160867,-5.110505925462898,-3.8624533934518737,109.68077845992984,196.43190849689967,7.1686762096023475
8.2912499,7.977074409245716,-5.315278971626734,-3.5268697468115158,113.52758174834855,194.87295195975048,4.010330814559077
8.3012499,8.070477151404463,-5.4169594773639504,-3.3417782330134567,117.5946800519222,191.48011746286863,-0.33660489294618134
8.3112499,8.169204067166074,-5.4506491077872035,-3.0591113117395965,120.2342830985094,187.10718508815614,-5.625492580431067
8.3212499,8.115436989147003,-5.497728961583376,-2.7508965185991343,120.08052758770017,182.48264622539455,-10.980075047556301
8.3312499,8.073348843605748,-5.696722509533867,-2.4759099059048117,118.01666622996343,176.7596864209767,-15.508682266748476
8.3412499,8.064971588105532,-5.785112691017167,-2.229456637186705,114.021129301824,169.41494909135773,-19.07810385091136
8.3512499,7.692434111526049,-5.25001024732812,-2.0087517183649974,104.82283395610447,159.3293126288637,-23.265396934211918
8.361249899999999,7.836405926813913,-4.581248387833071,-1.7256800144150148,92.62199784009168,148.96868551954518,-28.206440342414137
8.3712499,9.36370661480603,-5.121904179479118,-1.495875670105617,88.73869904293484,142.95015883278214,-31.76184386466364
8.3812499,9.873306222543079,-6.082772157508192,-1.5681599986817114,92.80777801054055,132.34843035656166,-31.726614184183706
8.3912499,8.759913636323702,-6.239050225816385,-1.7381334245659044,96.16608781950666,112.03776336791987,-28.334272539468746
8.4012499,8.614941347782697,-6.147530331250767,-1.6653467629987735,99.49921795518584,94.85085255247935,-25.148540443665397
8.4112499,9.112299665853216,-5.796485157548734,-1.5003990268669094,102.86631427118621,81.30322101946388,-23.469716390700608
8.4212499,9.450885870931787,-5.310640753188912,-1.3274314264019114,104.10470696560247,68.60808354293262,-22.97053424900962
8.4312499,9.72361116350442,-5.001803237876772,-1.1653327609203386,101.83018406548591,57.609648674071984,-22.993547459369964
8.441249899999999,9.89933792544163,-4.789380824945389,-0.9048855759438477,96.78204303276577,48.22842500200373,-22.684735650985978
8.451249899999999,9.93551615780431,-4.621397866703596,-0.6008215000314105,89.68436926688595,40.514315217913925,-22.114076648191233
8.4612499,9.703875009481616,-4.395689996656412,-0.5273011546047496,79.45908567496821,33.31859226828767,-21.19184856156448
8.4712499,9.367109397139103,-4.233573754791062,-0.5352411533810529,66.97084813839666,26.706450323910605,-20.42536542979684
8.4812499,9.034981028250346,-4.103676033480684,-0.49452182227939845,53.497350255386905,21.027692794681077,-20.055195052666768
8.4912499,8.678153655228279,-3.9727164424430135,-0.3826937409438019,40.84022552147342,15.3492535990244,-20.053192578697146
8.5012499,8.433136011872707,-4.062493292697934,-0.16054888090839084,30.554655595362053,10.235143518013963,-20.185528254838868
8.5112499,8.309816816483355,-4.165451123555726,0.07482260979225631,21.86726684067393,6.374938089532236,-19.246644190889032
8.521249899999999,8.246694582251942,-4.135829529479502,0.37637572019003507,14.643214575887916,3.2463483212172357,-17.07779851876105
8.531249899999999,8.25063485674739,-4.129661863317889,0.7443005335384574,8.960838900319597,1.099841498011968,-13.627485347660294
8.5412499,8.202242705319422,-4.077879727039091,1.0538063822986166,3.844658461951687,0.3781980643973704,-9.249480849404254
8.5512499,8.00095071811105,-3.9415367276719016,1.2382740602362101,-1.2011255089747757,0.3202081808278348,-4.419537331362834
8.5612499,7.818357292951255,-3.762677315653498,1.3120398554854324,-6.234123591463025,0.8857973538372267,0.6425598200335396
8.5712499,7.825436215770755,-3.570239048443884,1.2771602542868274,-11.093123606417675,1.8776514683749599,5.2446142353054
8.5812499,7.932869022165173,-3.416928146244347,1.163053272708242,-15.498742764282843,2.8728853548587336,8.90124597604717
8.5912499,8.068116253964076,-3.3046285421922,1.1558984355318742,-20.07802357929775,4.325129174837594,12.149163351728083
8.6012499,8.152472437302338,-3.322604989121602,1.2854868491215963,-23.686252366925554,5.8718202282207415,14.87142994888803
8.611249899999999,8.16446851672861,-3.5661965561470357,1.4159880851169857,-24.737498864060285,7.372943916721795,16.773169270267115
8.6212499,8.120982593905051,-3.9023179574133655,1.521535928158449,-23.902900326232647,9.253102008727923,18.588322195371973
8.6312499,8.083357436087761,-4.266206773922647,1.6210563586758489,-20.63771664705722,10.610119036944845,20.4347474633496
8.6412499,8.199897686690186,-4.5511400444686085,1.570727633011816,-15.525572049926009,11.25831687324518,22.139905207117167
8.6512499,8.414276058327413,-4.660413502698778,1.5164934640821512,-11.389023792023298,11.222950792820686,23.75856562635657
8.6612499,8.616900487151582,-4.796443943093675,1.6822535555842186,-9.028064380106839,11.130765495721384,24.791582933273855
8.6712499,8.702966143471137,-5.075618084803724,1.8524105306407697,-8.80928971255785,11.493566579629679,25.37352217622407
8.6812499,8.623342058232017,-5.3179889814554455,1.9091271496540623,-11.351223166243267,12.05318998565248,25.237933965195428
8.691249899999999,8.552733903145583,-5.56768790371255,1.90537887943993,-14.495789296372056,12.593134824678373,24.150115156862157
8.7012499,8.49922531710203,-5.843022288869988,1.8486841428257976,-16.78721026296917,12.378063327222948,22.69267578466915
8.7112499,8.417615945422963,-6.078620791381701,1.7385400740932204,-17.7107072186824,11.187239062653443,21.069745967312535
8.7212499,8.400894371796928,-6.2511705335433865,1.5200901303909289,-17.078386277549498,9.208880843070903,19.46849833464331
8.7312499,8.4429422755224,-6.291829792443408,1.204849426362536,-14.872708374077867,6.609465544834927,17.902377734417993
8.7412499,8.592949249116229,-6.188740379594941,0.9312022928606957,-11.357758470613717,3.6175060409119286,16.394650210046315
8.7512499,8.807380218279226,-6.015429720682543,0.7116046752336291,-7.774872572612018,0.5242930588430359,15.211043673632423
8.7612499,8.97531761675498,-5.765015457385927,0.4910582154858578,-5.273113465338844,-2.137795433363984,14.22418612857181
8.771249899999999,9.113100036451074,-5.434725329058299,0.21670057891328326,-4.3452193097216885,-4.27535669305122,13.274699110588417
8.781249899999999,9.277755232913462,-5.183741958658845,-0.03580407729309129,-4.86588528556406,-6.267511073458254,12.441484582593255
8.7912499,9.384143134975956,-5.023803359499023,-0.1659888002436369,-6.802169709886914,-7.8428032278408555,11.801105358374327
8.8012499,9.301989958437103,-4.999255253437115,-0.2352530278335006,-9.620670036346098,-9.13660261802696,11.128577218728282
8.8112499,9.140178137478177,-5.147029204242681,-0.2697040398689638,-12.404456453978243,-10.074661119368105,10.120984835980979
8.8212499,8.975301070587527,-5.381248682464935,-0.32980304584022246,-13.9835353407757,-10.367595537273319,9.266720560459285
8.8312499,8.715673376042322,-5.595460465900102,-0.4140045265749568,-15.11439514953743,-10.19565541539438,8.34998976999467
8.8412499,8.485460388694413,-5.746610651791008,-0.38158736960057915,-16.613403057588776,-9.606113184088093,7.108520503916279
8.8512499,8.363096041595794,-5.963774736351885,-0.237471404919398,-17.90247987854327,-8.168623853187855,5.58540115319397
8.861249899999999,8.188771297782372,-6.179880591680095,-0.0805093941078785,-18.730691943758814,-6.1277909780257005,3.9510864013124847
8.8712499,7.943798652108935,-6.370161445215712,0.0016976745593245892,-18.44976767642888,-3.8475529461298557,2.3364401413130036
8.8812499,7.686468408646586,-6.524930735694409,0.02552146164638159,-16.912147573329243,-1.7392575771163055,1.0209318330995487
8.8912499,7.505561710970192,-6.6219080295768515,0.10873735402231544,-14.38122230269832,0.07801984065303422,0.27606894691227607
8.9012499,7.454707311745332,-6.674957402719258,0.24152933608329358,-10.882930687105876,1.704383614906703,-0.05782331509918901
8.9112499,7.453956358677993,-6.645036395342456,0.32625922618705105,-7.046397711102495,3.1961772767959986,-0.20900530245066035
8.9212499,7.413283567168876,-6.505801975960687,0.40073936854332,-3.4885269478086536,4.383937043234153,0.0558439504942082
8.9312499,7.346081570719208,-6.282946338737397,0.4909807749290059,-0.4610491831600553,5.391924754195052,0.2888976933541227
8.941249899999999,7.266305985691599,-6.069746853863842,0.4838793701458043,1.7519082519197526,6.06752291110802,0.404318079606589
8.9512499,7.166352777399881,-5.881163300235942,0.34052313675796547,2.8830568055356602,6.371460244532763,0.5671198018502585
8.9612499,7.0831681227718075,-5.721801477669571,0.18791572386612132,2.8797084298364344,6.446263206158366,0.8796565022732
8.9712499,7.036443787849891,-5.582403807669183,0.12418349712869736,2.1544609450787533,6.155217900713642,1.5237189467337833
8.9812499,7.0841539823797,-5.447602366783499,0.114970761419537,1.1260682844935226,6.153960623068666,2.55192089124958
8.9912499,7.161508854253858,-5.400891279153234,0.16399658135583947,0.21993212162865147,6.280915391933536,4.13283566078735
9.0012499,7.145482833511482,-5.4237870428414485,0.2886781153519528,-0.28954344112095914,6.312863903123489,6.142561081859746
9.0112499,7.121517144239667,-5.424849831395772,0.3919352516358038,0.1439637855070197,6.587374733392054,8.793555588318718
9.0212499,7.0217761748232,-5.49864700198836,0.44835048230099156,1.8738536851869472,6.477919488432209,12.112921565152499
9.0312499,6.756845852816754,-5.557002272581471,0.48936367419394133,3.5952959649522676,5.917120061533158,15.678758824735112
9.0412499,6.490815460888741,-5.46034589675394,0.45666927907168076,5.074492826069224,5.138925149420442,19.501888897557528
9.0512499,6.3213201534858525,-5.317146233273926,0.40567859389000066,6.698488762576821,3.909713185767849,23.111122193828926
9.0612499,6.200281693757628,-5.191884100244393,0.5180345947497503,8.29023895634808,2.4255446445261737,26.21367314757894
9.0712499,6.056771867360064,-5.103382666568893,0.6944178053626414,9.932641797168195,1.169764109275611,29.73213965359208
9.0812499,5.885850487621232,-5.043829799117135,0.7273623765904123,11.183569872218797,0.256777421623386,33.896866612887166
9.0912499,5.672712291486536,-4.920447779241101,0.6625151394073797,11.524749053445333,-0.667410182515054,38.378410813952144
9.1012499,5.438336075645196,-4.7566493898961575,0.5070809742133883,11.15378871692315,-1.620435966858527,43.13326609009924
9.1112499,5.233584325332161,-4.591779549139626,0.11515440926425889,9.801933223440077,-2.808264426369686,48.0792311216648
9.1212499,4.999096799960612,-4.373947440640804,-0.271680259360328,6.9663236626303835,-4.28458355632265,53.50113676223751
9.1312499,4.621037228724232,-4.190418232284572,-0.5635320813467352,2.677784955124227,-6.09945912254725,59.67569697034257
9.1412499,4.1622471937626075,-4.009494356936825,-1.067482853220145,-3.1716900224447144,-8.70040798752232,67.09230392561958
9.1512499,3.708446690357071,-3.793359894499684,-1.5653046131021433,-9.887707509553163,-12.131395760271687,75.7147847033724
9.1612499,3.1797627602607066,-3.659656919791501,-1.813302982547838,-16.004598946473603,-16.169493521237946,85.68409401586997
9.1712499,2.6079144492586215,-3.742395015349267,-2.1201135248411687,-21.297929561183366,-20.47683962252112,97.51822418798054
9.1812499,2.136125195722694,-4.032645805027801,-2.542631202996672,-27.352595167886133,-24.996065707260858,111.406985985171
9.1912499,1.7645265635473102,-4.26100536079527,-3.0312521402252672,-36.47347228482058,-28.385146595777094,126.56445494026427
9.2012499,1.4203081603018521,-4.378444579372836,-3.6165948459565036,-49.36059945669357,-30.38655471061226,141.7006302738792
9.2112499,1.1680400517381528,-4.607558661450812,-4.252313890217327,-65.54699075355592,-31.485987199581206,155.9714813780959
9.2212499,0.9187855811024773,-5.040388972423448,-4.966739168161118,-86.8800080066437,-31.13958412225025,171.02550930303119
9.2312499,0.5541173585635936,-5.646207321054829,-5.648867874507351,-109.29899123505172,-29.516830568366128,185.46007696497767
9.2412499,0.19140990676937614,-6.476861052286264,-6.282543539901113,-126.29596367043577,-27.678807115803924,197.27425205073732
9.2512499,-0.06570335075640671,-7.4974710972889085,-7.028083119632133,-140.00319108985968,-25.540502413636748,209.72855747812278
9.2612499,-0.2389199602836664,-8.615030161805219,-7.700927281593151,-151.49352641008798,-23.08402433483662,223.54997357983922
9.2712499,-0.359307231925514,-9.724082196427794,-8.225246571149581,-160.3100079173453,-20.338144120821333,237.38666652769314
9.2812499,-0.34643572124856853,-10.872871249140944,-8.672356188309317,-165.29017901343988,-17.317672775619776,250.96495192911416
9.2912499,-0.18860399414937418,-12.121645587461112,-9.030751903156071,-167.63297872555853,-13.335783379268083,264.67566770228024
9.3012499,0.03178004551947289,-13.294985271116218,-9.256120413994534,-169.26386390463213,-8.184318645952414,277.6574880912883
9.3112499,0.4200030079996216,-14.252856169384042,-9.412826005996505,-171.87863299009325,-1.6068923882877648,289.2067902539811
9.3212499,0.981218425195715,-15.208595681176348,-9.468481488086498,-176.7979019508814,5.832587720431862,298.46427064435005
9.3312499,1.8133646210851102,-16.458209911258216,-9.445703936688258,-182.95647739492705,13.427411164724374,303.8161701827708
9.3412499,2.835415635723103,-18.04195063926721,-9.480246089898504,-189.3573347223157,20.316922521448483,304.28358674706425
9.3512499,3.8813374069633295,-20.177209131989404,-9.791100838368248,-193.88151772526888,25.833501487618474,299.6454619642164
9.3612499,5.427137597376348,-22.75989476261638,-10.39936008867619,-195.93298842836694,30.752601126303247,289.6734934945906
9.3712499,7.563192091575857,-25.237396517301107,-11.11046200280793,-197.51945170228595,33.8159217648653,273.6574084564046
9.3812499,10.1689299084743,-27.40690801652757,-11.759517479298225,-199.61578894114368,35.012574660958435,250.3115242278651
9.3912499,13.412692386528853,-29.350735141831297,-11.848192909249457,-202.6851452336504,36.10092183638741,217.97309565508303
9.4012499,17.08460811644794,-30.95031696125132,-11.285006997223366,-207.77823033068037,37.71887829609371,174.26252155353797
9.4112499,20.737341122382176,-32.33798374965228,-10.887087432162904,-214.7281146109845,40.6611701583889,120.54698231033754
9.4212499,24.2759640622784,-33.46203394765537,-10.4021145691989,-224.10605152834384,43.36159301229323,58.82076811233054
9.4312499,28.841495526104634,-34.25136284354532,-7.717133217567825,-235.6375386396089,41.20453689729817,-24.92903835248417
9.4412499,33.65951851346513,-35.1012462808208,-3.0231854737718518,-241.35967750562563,32.75342430094297,-123.23959778249835
9.4512499,36.125399932657594,-36.019638733168996,2.174110449043119,-240.46946364184063,20.150919246896894,-215.45947400631744
9.4612499,35.92479813762119,-36.44861774306345,8.018963607863036,-244.77783529692115,6.274541261987088,-308.37130579625335
9.4712499,33.20550876759609,-37.53186473195706,13.927729514612325,-262.44590802988137,-7.286723990641259,-402.5092906481094
9.4812499,28.077736588915478,-40.685491192166424,18.874151928194898,-289.5174360184638,-21.384945426393088,-480.0212592779117
9.4912499,21.24967273052437,-44.149663527938415,22.88754133065994,-310.50406652482667,-39.54708698817966,-503.13193789286305
9.5012499,13.876718120238376,-46.779412582772665,25.870593895175908,-308.27329766842035,-66.67659091535248,-499.1969222337371
9.5112499,5.406608115143694,-48.489737588322356,27.080244778529405,-290.3212002988609,-106.30613182101736,-499.92723023457495
9.5212499,-4.946228091392223,-48.01509797530886,25.909677525558642,-268.3620300429568,-159.44995272246382,-500.10976376790904
9.5312499,-14.503357694233305,-43.20416999857729,22.19314502801061,-240.88991962976817,-218.3410717256899,-500.3312267560791
9.5412499,-21.697111357346124,-34.723253702556704,18.17371174705573,-212.70357767193485,-269.5403061773631,-498.9572708782038
9.5512499,-30.757921366263353,-26.6645504033044,15.766876054347806,-185.33971104606775,-309.6968150309749,-501.38548303632723
9.5612499,-40.450191808960916,-19.07809118401389,10.89375832402377,-153.45956106887138,-323.2947895148014,-498.71768884452507
9.5712499,-43.89805914585129,-9.336753775939984,2.1097049380172876,-128.85502790161036,-291.97502569231943,-435.27945804060266
9.5812499,-44.70997320150145,-0.7729573117202827,-4.535429372670023,-105.90493451899673,-236.14445018665256,-339.0871132114508
9.5912499,-43.165897180270036,5.438066768545263,-6.195039733118991,-78.06209158338875,-172.06631668029829,-265.1327755126846
9.6012499,-36.585297551912156,9.40488486413806,-4.531470319799639,-48.86935724880699,-97.89584834314044,-205.90224832554347
9.6112499,-32.650199508972314,9.385070795956764,-3.3919587373433027,-12.828077901125127,-19.584037841994014,-151.99449728011015
9.6212499,-31.42545645249902,5.875726202486117,-5.44720616143425,34.67465678845112,48.71811921557093,-98.4023501890606
9.6312499,-29.055942432838023,2.566468631460759,-9.528535361727817,86.47361785513587,101.60894755541754,-45.53137262561377
9.6412499,-26.641921319826086,2.2281287968078782,-12.396845096244764,130.69804466980568,138.68987817523643,-2.927629524149778
9.6512499,-23.27039901979217,3.515359376073823,-12.691701501149268,154.37127747948713,159.23175702383054,20.02632955102546
9.6612499,-18.97143778698041,3.860484546678552,-12.336212510371972,158.69792080376112,164.28857113879752,28.69281193622989
9.6712499,-14.374088313388869,2.929084476089896,-12.115469387727863,157.21122955620766,159.90740469792937,38.19553920519238
9.6812499,-9.655798894343844,1.4067571270194226,-11.573005871460767,152.32938768194109,150.89079161199058,51.844110801706975
9.6912499,-5.037673253743328,-0.34609462352575615,-10.7591723948633,143.29640147043898,141.39059522675626,67.14384139988056
9.7012499,-0.9240303693701265,-1.894749458001257,-9.802746550198977,130.4170253950202,133.6816178417087,79.81630258953005
9.7112499,2.0151546094065504,-3.205422939598997,-8.818746355002709,115.84144427297032,127.57367548051205,86.13983369583033
9.7212499,3.7261632282458605,-4.4787442055187086,-8.107101870916727,103.7905051660943,121.91342791812195,85.73435214456866
9.7312499,4.598434911707639,-5.497226946660627,-7.791556594062269,95.49636720633873,116.50400561822252,80.87571959580028
9.7412499,4.85700081910497,-6.352170298951924,-7.657038235201851,90.62353787816345,110.47573045308464,73.89975372434444
9.7512499,5.116445718170156,-7.023379476031959,-7.618551103115993,89.445477696745,104.07715351336023,65.85196645813352
9.7612499,5.634525124864083,-7.160457893163299,-7.5702648275800115,89.6359873778538,98.58807411831036,57.49995799994393
9.7712499,6.0441825390578545,-7.081981874732811,-7.468156087689107,89.15176236488277,95.19667929733839,49.58439753504117
9.7812499,6.081167006681581,-6.697498256425746,-7.418422874012726,85.0198068285314,95.14148503588942,42.31202925249387
9.7912499,5.781310853576307,-5.856241683393581,-7.411971112341554,74.81419631637874,98.57533618462884,35.34607664970062
9.8012499,5.379924554686348,-5.161377683083318,-7.220749511569756,61.075261924065956,104.59775050781549,28.269592597570757
9.8112499,5.136823828286546,-4.769356503959469,-6.912061584593312,46.390190597793485,112.4308789978366,21.439051126683346
9.8212499,4.956348479661732,-4.677604453684791,-6.7048048090764585,33.12468105261915,120.53195299548108,15.531016017722296
9.8312499,4.623294353608695,-4.850255932973599,-6.560634095637718,23.19933974700038,126.4995631647767,11.181392819132334
9.8412499,4.373345659343887,-5.071787140689173,-6.549594012688779,17.602021756618072,129.1980593564617,8.931628021369926
9.8512499,4.48715901667795,-5.408881765493658,-6.586703324978141,18.878163250894936,128.3629208206222,8.703338580805548
9.8612499,4.663434092837979,-5.45143445011663,-6.436031831283015,25.27358758201423,125.32153048300604,9.496307473124288
9.8712499,4.790929562206191,-5.026791318458295,-6.056437357134442,31.86504635927207,122.7579675911214,10.090842036508784
9.8812499,4.948284361661166,-4.705725220202393,-5.538402036208349,39.439648023287084,121.32258760565873,10.500252413767841
9.8912499,5.098510378311671,-4.644701601859243,-5.0568031424389766,48.05662949416665,121.32328709215115,11.294497460947843
9.9012499,5.366242644154948,-4.451097108589298,-4.709273306863938,54.23429909237912,123.39846083872524,12.509066945693636
9.9112499,5.779125612228253,-4.084385988596972,-4.373344369445604,56.897699587560915,127.48865457549532,13.887738164795866
9.9212499,6.2969729621141415,-3.9024204549373236,-4.100633813136915,58.3726086598247,132.62457369439835,15.508151929401548
9.9312499,6.776620239003826,-3.8546134421368863,-4.0154355899192975,58.885819009809794,137.49875788784692,17.070721370340937
9.9412499,7.104896372854988,-3.8954094755418396,-3.9206341991650726,58.23319270640222,141.48931142604798,19.188662873937478
9.9512499,7.289815095903619,-4.0728542966708705,-3.6512142781102908,57.67173331410616,145.14227159014723,22.335704431274127
9.9612499,7.330346151173879,-4.433277274802481,-3.257246639618712,59.11387998304041,148.71696651526503,26.06133196614754
9.9712499,7.183434979878688,-4.917698334067846,-2.75032174546915,63.195464818863556,151.33961384629902,30.11527736060277
9.9812499,6.952814569682723,-5.262374088488533,-2.4100417469172113,69.15517568337245,152.20223108910096,33.378678369315715
9.9912499,6.808215617674207,-5.360384817744875,-2.478054099511319,75.68871803277591,151.07668174309842,35.06685152957767
10.0012499,6.919858952155421,-5.257574749682246,-2.732811337617446,81.44358779916678,148.05451323107658,35.30084308403379
10.0112499,7.335879941079856,-5.017325297743535,-2.942830645629552,84.99485702164417,144.0464428873237,34.529952817721615
10.0212499,7.767693175419262,-4.781450911133788,-3.0603982313653444,85.64960105259134,139.75749881271707,33.11507864347492
10.0312499,7.9043691624842465,-4.790178365390408,-3.0131967451935298,84.5051261465554,135.9219454236898,31.427399688533125
10.0412499,7.774069060892945,-4.954910330747479,-2.808648106105923,81.27185198425097,133.4874224227772,29.508496468473478
10.0512499,7.7014331659301,-5.1145590977925375,-2.6324832288732205,77.01639740549648,133.09303464812285,27.440764990916485
10.0612499,7.859343702504305,-5.328957550106275,-2.483186255522558,73.66908399490295,133.25443614808947,24.706268602578202
10.0712499,8.178506758684733,-5.470751182941791,-2.4110144300785636,72.459417074869,131.57840291242005,21.425009661648037
10.0812499,8.622711611162051,-5.617188613837962,-2.432908909883401,74.45624476963197,127.0575475729424,18.63052995488743
10.0912499,9.070467862322785,-5.881798792843017,-2.3907013614517685,78.2702244915672,120.33407333988829,16.93271111827764
10.1012499,9.225707349211806,-5.993213868228518,-2.293404933235522,80.5687510104242,113.2444512751777,16.42853157149783
10.1112499,8.862052702777067,-5.581357638537501,-2.2017690621768455,76.56557684620665,105.59700614635709,15.033097600484853
10.1212499,8.482156885001174,-4.575670001445798,-2.1716612724895397,63.61625356009345,97.81140148577069,10.900694106611613
10.1312499,9.14889076110746,-4.868087475926809,-2.3172908271037422,56.68524778044059,93.51289427933241,6.811605282843835
10.1412499,9.534219030293073,-6.493594965191841,-2.769628153911473,59.33790679806701,88.34530608701684,6.275562310978199
10.1512499,8.426975180131462,-6.713480663471093,-3.1638199970710157,56.005069745165876,78.0321003789469,7.507517083806284
10.1612499,7.893519062067239,-6.704026360706332,-3.0606176856219967,55.83789703241743,68.90186200161676,7.455787966655358
10.1712499,8.122231831798361,-6.946675603410952,-2.7516209177965796,61.59415697975649,61.18873727547,5.245731884106193
10.1812499,8.213746765758756,-6.965699857843339,-2.58283614166637,68.18006468173054,52.176704358194165,3.3373571082527063
10.1912499,8.224386074223403,-7.217295832366876,-2.62045957384407,75.85882109099396,42.0381033051959,3.81505055082034
10.2012499,8.17429580281827,-7.298162217277556,-2.929142858887941,82.26640978012905,30.212208488339446,6.503028760062555
10.2112499,8.178401324577864,-6.941687581331562,-3.3300300056368273,84.02906413435299,17.203055307002245,9.907838802526927
10.2212499,8.311548776004983,-6.351085767033974,-3.6590806318854487,80.17423038142645,5.1595014384419855,12.309823266585726
10.2312499,8.394868261445461,-5.730058077485348,-3.7145296769085165,70.91807160419101,-5.282591615498859,13.11497391653352
10.2412499,8.509898865172477,-5.2574361971870545,-3.3651341506879784,56.52212725924524,-13.004113880820071,12.337690294184252
10.2512499,8.773760916431504,-5.063729610955573,-2.8663636798186602,39.96047839991918,-16.925564960764234,10.6681288611473
10.2612499,8.961240193163908,-5.141647628889716,-2.3625180508809733,23.1190378355297,-18.263414480347244,9.347212245086265
10.2712499,9.049132322299615,-5.560584506040833,-1.8260262024802618,6.816883526695028,-16.329342894130036,9.49257128083334
10.2812499,9.087154168214258,-6.159840404280354,-1.302374369723369,-3.571895711680387,-11.932955120653599,11.462764892763033
10.2912499,8.93386854475639,-6.536569155603633,-0.9296946153743348,-8.670171550899338,-8.176874756971433,14.230494456323095
10.3012499,8.795281610548955,-6.95889914871004,-0.7111253427044362,-9.816044154260773,-3.92552499953977,17.242992900880786
10.3112499,8.602506887018386,-7.191251219942147,-0.46282500159400275,-8.760926273445333,0.4939331796326285,19.54496216279247
10.3212499,8.272910284832076,-7.161318946373774,-0.26381922520189943,-6.624888440515373,3.992488969014935,19.922407531620568
10.3312499,7.979527773649188,-7.1755886593510745,-0.2015181831313214,-2.152501744971996,6.795609291847716,18.302988428875825
10.3412499,7.731471850337081,-7.162866159424433,-0.17445456252368707,3.888553703093346,8.50547386312892,15.590456754248686
10.3512499,7.597356781060386,-7.245375083585451,-0.15697440886375183,10.636472044823241,9.19956081913558,12.729440808924634
10.3612499,7.461242490759112,-7.209124470501878,-0.15600261192976486,17.04249849291664,8.659724179383959,9.814627206370172
10.3712499,7.301441104330549,-6.984753076547635,-0.14518782910175587,22.77738816354051,7.152300871366659,6.591207092091486
10.3812499,7.2180846517854,-6.753796465455046,-0.12336502060178874,27.61506654026387,5.436439530226713,3.117775481825593
10.3912499,7.21452256796634,-6.52095982793016,-0.0878143418644061,30.961761356018524,3.7252959449532126,0.1111590108397214
10.4012499,7.2035351018914975,-6.3067567550058,-0.046730685086335086,32.3265122238032,2.220214625876566,-2.2776085305922495
10.4112499,7.236256721853182,-6.124901167579994,-0.014565005165147612,31.464794470741044,1.4409041279047343,-3.786549401146796
10.4212499,7.409969849792383,-5.9444318287610685,0.01791460505895247,29.041179335547284,1.1885046624897122,-4.424575656570753
10.4312499,7.633173732916849,-5.822525202831898,0.08540026586421656,25.718636584094007,1.2526173527638376,-4.472900118895946
10.4412499,7.756296457734275,-5.788447420727062,0.16370161358884772,21.706840373584154,1.3730899727698576,-3.7214207245162423
10.4512499,7.763147033395589,-5.79389384021008,0.19309724040494866,17.29882740932972,1.5644019944575123,-2.388582668380912
10.4612499,7.659110441548186,-5.825972353828872,0.1402962452767947,12.687395767747942,1.7489295366948239,-1.0459441752334149
10.4712499,7.526412964403944,-5.964383248052176,-0.007075261311101569,8.745425499597152,1.709793964688265,0.5479151742663583
10.4812499,7.413309035789842,-6.127777502501317,-0.16768628166356297,5.875117443187135,1.2838445346281124,2.1782365960606658
10.4912499,7.281910268549429,-6.248363931620539,-0.20636782944754475,4.18203215618539,0.640741467117681,3.3292876542967
10.5012499,7.284858963143336,-6.40757721249665,-0.16631965268086293,3.759020626198456,0.03893445547562983,4.032682040325817
10.5112499,7.383609737572607,-6.6065422157569405,-0.09780473044630918,4.4626556640136945,-0.48827452246979286,4.545028523668032
10.5212499,7.439873291510844,-6.763714762365418,-0.0058444390468560614,5.928269006345178,-0.9584849970506591,4.899922994764766
10.5312499,7.454695587847823,-6.898274065844303,0.07259701774496877,7.911596776073718,-1.4986545632712902,5.149773071337796
10.5412499,7.37119160814998,-7.023290004223924,0.09052506192542854,10.025407125483039,-2.1319674219565865,5.349851738098238
10.5512499,7.2510542221517715,-7.0757051313249395,-0.004719717332083988,11.451679603464903,-3.0374046189682105,5.232400737513409
10.5612499,7.195616244474515,-7.021405104870809,-0.14206483099720324,11.816956541147125,-3.6476576979074613,4.484031089196769
10.5712499,7.193893194855446,-6.953530511243167,-0.22833966431646222,11.045136840991951,-4.0133721576544765,3.2544854045027494
10.5812499,7.266913629818097,-6.90967638264271,-0.18712552815058095,9.574978861350283,-4.203890274219688,1.832473842760251
10.5912499,7.430593956495874,-6.856521293148933,-0.09037743468182603,7.708296990203533,-3.76745445807684,0.19890515558067184
10.6012499,7.645656415281948,-6.868051183658532,0.05913542963083784,6.663848141683369,-2.8753131193904364,-1.3023613771165958
10.6112499,7.79679420845024,-6.94779022383732,0.21517973947794053,6.905984102298875,-1.8969840132614488,-2.3382663834838997
10.6212499,7.817898822389878,-7.068492666067746,0.28279124334402234,8.450684226624865,-0.8048804517641662,-2.8356702047819846
10.6312499,7.702404278636666,-7.0952807348580125,0.25795017072069604,10.737200738869124,0.04415384571515443,-3.1016009884077196
10.6412499,7.535711463050966,-7.003946499801897,0.1833936833336184,13.128388672727203,0.29074996166159317,-3.6096838707220478
10.6512499,7.409412097899022,-6.920093722702639,0.10583883150750946,15.446620176625414,-0.03038325748276501,-4.212574530085796
10.6612499,7.291001526357558,-6.79585764623917,0.05558031794174773,16.960458374965878,-0.8214953252492778,-4.9890415199173885
10.6712499,7.219059865535175,-6.681307545125152,0.0053190459824771115,17.743864620561908,-1.599815797689818,-5.662963095538585
10.6812499,7.208880830651948,-6.617702319724854,-0.027678492811633308,17.680035465588865,-2.385925180014831,-5.8808628576242485
10.6912499,7.246298254713138,-6.476245421265205,0.029310258582283793,16.243598258668737,-3.150810202394729,-5.662513719124071
10.7012499,7.3083438710862385,-6.354325195475755,0.12780520228472456,14.030107827978217,-3.628998715253005,-5.342311838608592
10.7112499,7.346167413199183,-6.347514078155469,0.18948217282266416,11.833894247864574,-3.8726851031926475,-5.071433504445208
10.7212499,7.295610146677636,-6.375704551048843,0.1986731502673031,9.945655441705537,-4.234931781517216,-4.784282700319262
10.7312499,7.214564911795953,-6.423057068347886,0.20653621946435718,8.583146595819825,-4.7360761926426544,-4.456888486459897
10.7412499,7.131616684889547,-6.458575731962911,0.25084283148551484,7.719905465688143,-5.102236361986153,-4.458300223412031
10.7512499,7.057340912317094,-6.470275326749529,0.25170349266878966,7.2711113061188835,-5.461733011168357,-4.406617841067309
10.7612499,7.0477832403342475,-6.569975227708715,0.24706087963971632,7.177895640947155,-5.9156856779854206,-4.068823010502477
10.7712499,7.045206183520664,-6.648966153263645,0.2933131373967169,7.195122997753663,-5.985938718551204,-3.7669995968976173
10.7812499,7.081983671083185,-6.619135013712479,0.34438478581840776,7.202346795008674,-5.848870183056151,-3.809202513815872
10.7912499,7.209881461254574,-6.653233163367273,0.4354688456869138,7.833127130911662,-5.440481917139783,-4.143816214008826
10.8012499,7.305988016187208,-6.774408034994928,0.5525735504578168,9.181618593241692,-4.664275433324756,-4.401280117624566
10.8112499,7.263494755573765,-6.8370971934253975,0.5277096364760049,10.705353956065705,-4.107514985013609,-4.355014352097971
10.8212499,7.207186510046534,-6.840280365618803,0.38064291682517554,12.406995177961294,-3.7679382878538568,-4.114546910877214
10.8312499,7.199584520730681,-6.8381608226714325,0.2859759274613192,14.06329966606079,-3.7035043625552744,-3.9084251901759455
10.8412499,7.178365188691739,-6.799701632606971,0.2629816116356027,14.997276814274045,-3.751076544909932,-3.8306071938067916
10.8512499,7.198130696722826,-6.698770556831614,0.24504152080024055,14.564628384122923,-3.7481312575381396,-4.052786734537965
10.8612499,7.276846281794928,-6.561959526174765,0.21867899716062764,13.213977385637701,-3.77255536877328,-4.608346147031183
10.8712499,7.327148609868764,-6.517857927227647,0.17320604158429692,11.605692396716439,-3.7800959992922203,-5.366128376593121
10.8812499,7.312358494418072,-6.5804367974287885,0.13337704251371674,10.027250152815917,-3.71005326158697,-5.874131368944596
10.8912499,7.311478505365457,-6.653915289807666,0.130181569496335,8.836398508873057,-3.5221081635642912,-6.161092586707239
10.9012499,7.325438969386834,-6.717767216824122,0.11832754027769347,8.161794831049425,-3.400391892600674,-6.273370796011296
10.9112499,7.328695204190486,-6.780743612105925,0.07364761128170952,8.105742251642763,-3.207844198828332,-6.286440349548189
10.9212499,7.356234700765923,-6.823936833223734,0.034299642766226414,8.607814904190272,-2.983328477832066,-6.225490033913526
10.9312499,7.393319670944164,-6.783877729578158,0.03274516986484771,9.057857315503187,-2.4701184777618517,-6.100609815568443
10.9412499,7.43692839702479,-6.745797578460819,0.05867059866557796,9.221202878644462,-1.6605443376110602,-6.018837416055836
10.9512499,7.462572961754424,-6.729930207303475,0.0983482731925962,9.3488591734349,-0.9120627403354128,-5.738586553052916
10.9612499,7.425672198159466,-6.70116716765857,0.09428836200005787,9.594455137169192,-0.10070129732257556,-5.46971655157724
10.9712499,7.392020734221652,-6.702495081669749,0.05546739145314384,9.940740387391719,0.4467993762730957,-5.08678157939558
10.9812499,7.3822920080932395,-6.714012402697164,0.049439549949298764,10.251729405220937,1.019903126200056,-4.710290465117034
10.9912499,7.333520523806754,-6.724987045468141,0.07702323576893966,10.101391409951411,1.4996809570807246,-4.694068291147039
11.0012499,7.301292529915517,-6.742946196172365,0.11192995078002017,9.608080044849721,1.89970644226098,-5.031136452889667
11.0112499,7.2636214356155735,-6.745419184778333,0.13280295183248111,8.993304042537142,2.4678105799965895,-5.536061236882139
11.0212499,7.113001871981968,-6.73710105847658,0.13519361968115892,8.214671966516399,2.928114469903258,-6.096408036540392
11.0312499,6.940561565892631,-6.710658605123722,0.0952268945516354,7.42393931054627,3.044638810821988,-6.488610913920073
11.0412499,6.80088504552295,-6.632151886374107,0.05469806377722814,6.510991147886242,3.257893206069122,-6.449724285392164
11.0512499,6.637205104370168,-6.5485915571295035,0.08643117461128369,5.6578852573769955,3.3737348887926837,-6.202493246889455
11.0612499,6.468354940641841,-6.4978348808426984,0.17537817799911515,5.234087437620685,3.498757099025657,-5.631020905354934
11.0712499,6.292441920321063,-6.404790480780751,0.24533877422957603,5.202258940856842,3.8332460453664123,-4.224893506729784
11.0812499,6.1192600275518245,-6.32575929748108,0.2996460019249473,5.742128738450749,4.238704134923277,-1.8139090989127944
11.0912499,5.900454586160082,-6.194973370347467,0.37017479023012567,6.617593621617198,4.153719970330326,1.3060157234687224
11.1012499,5.6457214614644045,-6.017491156385096,0.43875654073007275,8.336041854990974,3.824713757809426,6.1227122389445565
11.1112499,5.362412721928504,-5.875837603860939,0.48125936671691877,10.979005943905255,3.293911566215637,12.721756902826408
11.1212499,5.061803510750891,-5.645399285340308,0.48716328420554034,13.212628283870009,2.45874795792866,19.529222423628212
11.1312499,4.796869554988816,-5.381546069294734,0.4801062546544287,15.328791498854708,1.5667632433133336,26.94669785849719
11.1412499,4.553168189585916,-5.134175347754318,0.40828738677483634,17.196106667014774,0.6786687032371893,35.17409010176219
11.1512499,4.288201742254072,-4.863335614203648,0.31537932904913407,18.236116793610794,-0.1285899585712947,43.94197239955948
11.1612499,3.9155549308752176,-4.586880247585968,0.11588237241776508,18.00594016978843,-1.1268050749809364,53.33598282034501
11.1712499,3.424841717064312,-4.284105740637039,-0.34681012687193846,15.372379202611455,-2.5794609488671716,63.31092285553168
11.1812499,2.9060618434646694,-4.030193690800443,-0.8819426886963744,9.502310936120418,-4.570839122412043,73.676006538283
11.1912499,2.375320071772174,-3.8550695078510735,-1.3885303320170541,0.008020081881810158,-6.849332331925153,84.2108598711053
11.2012499,1.9151889359749243,-3.6577691290974266,-2.0049374794010415,-13.106251253143501,-8.517174699522915,94.94846858259463
11.2112499,1.7273043941234523,-3.540216367965965,-2.4911690948221548,-28.663030274533355,-9.26769323495554,105.78119314054364
11.2212499,1.708762038820002,-3.608064596262066,-2.7222846169892576,-45.60959346623773,-9.565909912761954,116.77235123851736
11.2312499,1.4608628684994593,-3.911755313423736,-3.109215303426818,-62.81022269988264,-9.60408726609024,128.10668649152467
11.2412499,1.021763658997006,-4.322778560299962,-3.7852413533799845,-80.39931581052198,-8.851818364232269,139.8354859578725
11.2512499,0.7185814966909664,-4.599885000560164,-4.681612098917371,-98.99333218110169,-7.166859127237837,151.06368844673693
11.2612499,0.4669659442267923,-4.894177276273708,-5.5834663871757755,-118.08586151848287,-4.8990336130368375,160.96568720257974
11.2712499,0.09480170129030044,-5.460234666223366,-6.329722186986623,-136.91374263776433,-2.0353074654786387,170.38915069987533
11.2812499,-0.3806976331000536,-6.403866973657008,-7.0478994004123106,-153.65376617643312,1.04495673648984,181.06796123888367
11.2912499,-0.9005627965455708,-7.56336663737354,-7.783627791395061,-166.551042036581,3.652159857935854,193.8946481455587
11.3012499,-1.231039554277863,-8.73968487391214,-8.407122398090516,-174.8123289451292,6.3126415226346815,208.2410179142305
11.3112499,-1.1112746293859377,-10.187728085606045,-8.600821442984465,-176.39882142531425,10.600237859862988,225.90399029451564
11.3212499,-0.7680321037787201,-11.638055305191838,-8.655107078465175,-171.63670546168154,16.439360422083713,244.5818746486713
11.3312499,-0.3235076232660439,-12.87502228007274,-8.733035579629634,-163.01415514512126,22.604010896382068,260.15453297335057
11.3412499,0.38198222965985656,-14.248160052501316,-8.475751391240697,-152.0071481787397,30.121790808493223,274.440308597273
11.3512499,1.1886233475130819,-15.624007547866077,-8.07364591519376,-141.10222669311375,39.02491076770438,286.54641415870805
11.3612499,2.0293264870768364,-16.811271069497497,-7.884721000916068,-132.88883162832175,49.3503709582084,294.5911069567992
11.3712499,2.9101356797975155,-17.91773497565625,-7.795848365150267,-128.65470573484976,60.096325489373,297.5932850971959
11.3812499,3.893839146165424,-19.27116517148558,-7.627957077113709,-128.24120394981162,70.15240930345209,295.0541333051605
11.3912499,5.044407858791758,-20.941163731715463,-7.325272362414781,-132.23696197684484,79.07448368609683,286.8096680492699
11.4012499,6.428408701471867,-22.896106706266547,-7.050765340750104,-139.84120475453884,86.34870172747557,272.47817041335037
11.4112499,7.948904347740363,-25.043068392644603,-7.088304131737719,-147.8312894646546,90.29143524452425,251.74220130977363
11.4212499,9.821512471682764,-27.111946347612605,-7.103073828897613,-155.43268627539112,89.81906475772433,224.29632157744777
11.4312499,12.302009428867276,-29.03855878345629,-6.769549262972889,-162.5573936921605,86.46516946083524,190.09450979636884
11.4412499,15.026017759453639,-30.52591723494061,-6.4972114436954715,-168.97989321920684,81.20077911353444,148.19720891721303
11.4512499,17.914469721878728,-31.2242328866249,-6.3017635525875395,-176.12273578464595,72.80551411782933,97.00918826169948
11.4612499,21.57938816285439,-31.2939547935665,-5.683197580896912,-185.1665732835798,62.041597871610655,35.80697831176614
11.4712499,26.140932002002696,-31.208960381471545,-3.9230286374453147,-194.60495759159951,49.162842565848294,-34.671893655299066
11.4812499,30.691542264700793,-31.48660379781951,-0.4044762869647718,-199.46877234594797,30.71075392974104,-112.44141205571202
11.4912499,34.057106638966964,-31.950096583976563,4.766888244884615,-201.8750537739515,6.663572080620333,-195.78680797255123
11.5012499,34.89751786645568,-32.2550844904549,10.91997265382437,-212.12196662836573,-19.591250411105626,-279.31678048979654
11.5112499,32.85803303180757,-33.362340859272635,16.38509402621938,-236.03995144502346,-47.64653061356522,-358.4875635767549
11.5212499,28.15175023394071,-36.39290944237638,19.676956762768132,-277.7513254086617,-79.66469436158359,-443.24926924840804
11.5312499,21.909152596287786,-40.719052197424695,21.94547090101141,-316.0515418265528,-111.53358344548596,-499.0977511663921
11.5412499,15.56722398656781,-44.56919814227674,24.362998051301865,-325.3573131477882,-140.3730585071941,-501.2971910788386
11.5512499,8.354710287014537,-46.81239638858512,25.241419705699432,-317.7131244513666,-171.20271985726734,-498.985860058023
11.5612499,-0.3710097721176444,-46.87002404295681,23.692213088789686,-306.2257477014114,-208.49028548499027,-500.31788924413314
11.5712499,-8.692603024290149,-43.908570915476744,19.665403196888676,-289.8698992015554,-252.7507386298051,-500.4073980485714
11.5812499,-16.064311904466756,-36.87230901221817,15.353773135626414,-265.67689884402904,-292.941653563632,-498.78772634749356
11.5912499,-29.335564385690855,-28.034326031639214,12.4195135395064,-237.53272413892296,-328.7325731888095,-501.5638576467073
11.6012499,-44.77125247169284,-20.390353525121974,5.918652776421634,-216.66756901387882,-343.7759958093862,-498.72650095480014
11.6112499,-48.00517941476474,-12.508518502074391,0.4996319046274723,-187.28267263665109,-311.0900007675092,-431.0827911012021
11.6212499,-44.98153504039434,-1.2772035734280283,0.9147258343772604,-151.46770985890808,-249.69201230158347,-335.56645000174603
11.6312499,-42.65482771931545,9.747308656502028,0.5069654114620916,-136.85837681393863,-170.82359269779627,-271.7703772145035
11.6412499,-38.88546447846714,15.526798057686882,0.3566609645625044,-131.7627222924515,-83.71987747051435,-223.16041403204676
11.6512499,-35.815999323401414,14.826304380507153,-1.2193869512367639,-116.44317917304632,-5.751906318052553,-168.59644675261526
11.6612499,-32.35336485881736,9.728527605608022,-4.956702683803796,-79.85384725754444,48.9907652783758,-99.4673680344497
11.6712499,-27.641235012453098,5.549265428111869,-6.571805094133751,-25.717900019768308,84.42538857311442,-30.137585861022465
11.6812499,-23.568113348661775,3.6937971108177674,-5.90392986387086,26.674957162524926,109.70730360173603,21.925274402518507
11.6912499,-20.81105203422868,2.1262615363588586,-5.710895369879933,69.31430777334766,125.65610780198273,54.376186149610355
11.7012499,-18.199331159639858,0.33493539451518967,-7.195866564990092,106.42757799598846,130.40842761756008,73.43233690699279
11.7112499,-14.680038591237352,-0.980151445205029,-8.717136758861278,137.00848063322877,125.55014367024054,85.04986087355437
11.7212499,-10.729031128896663,-1.8733894874209185,-9.331522281089837,160.83177933001977,114.88044779703183,93.21198236442159
11.7312499,-5.932646320366974,-2.990790848170996,-9.319199996151204,182.11601781426938,100.32088759703062,101.01487818116551
11.7412499,-1.132549414803723,-4.202767127539277,-8.998948430293835,197.65041106389958,87.22493126015215,106.99101717918288
11.7512499,2.4676164162528686,-4.903467406902957,-8.878969586490236,203.9252802470108,78.48910672062624,108.51990523701636
11.7612499,5.0276536459348815,-4.901418578084232,-8.891162243119433,199.48594708796827,73.70101236039991,105.13834249017687
11.7712499,6.584260057779405,-4.847763407582214,-8.720480281798515,184.43176919789838,73.9049387582053,95.89980101898405
11.7812499,7.258176797287804,-5.184566911086911,-8.473628102351546,162.1310324043019,78.8848986750252,82.34173168615087
11.7912499,7.274853644929859,-5.5745096519826784,-8.248541501784393,136.28161489653604,86.96105451726399,67.22242256900718
11.8012499,6.874144756617332,-6.336611920517391,-7.988647883702622,115.02316092004894,94.58321480787504,52.61668992960286
11.8112499,6.343835477184343,-7.533623239963954,-7.870140642526676,103.70410600639397,98.90582373576272,40.967082318343635
11.8212499,5.9317121830603075,-8.466599858929417,-7.87728729050846,101.83317835321122,100.12068922725592,33.07909554944867
11.8312499,5.637100013933905,-8.765368534063834,-7.779842114531928,105.685101655794,99.44977638014488,27.704680066984604
11.8412499,5.421651947757972,-8.543031970131665,-7.68439620269727,111.95776218484227,97.52848559954454,23.11680246068411
11.8512499,5.334537883822142,-8.027506901410902,-7.745740895525351,118.86254856128593,95.19144399620538,17.46555967374353
11.8612499,5.441197400320179,-7.298172357125902,-7.889657632581815,123.54196741038406,93.39478720446756,9.673700700340746
11.8712499,5.7915931066461175,-6.523795362208353,-7.878160256814353,124.3768240901618,93.15943811306566,0.4684327941097531
11.8812499,6.35635470003188,-5.976183030377631,-7.588728229767351,121.04532393642981,96.01405565330843,-9.014298483698498
11.8912499,6.797275197989834,-5.6695268884799335,-7.244808651180706,112.65869862185916,101.57740674831942,-17.266076077675816
11.9012499,6.6779018101267145,-5.498233274147952,-7.141875659236345,100.44940160756703,106.92465323788197,-22.494571073304225
11.9112499,6.304803297177419,-5.14032193553688,-7.374127662513025,85.21217273809208,110.86351587729611,-24.695478014949707
11.9212499,5.993489868166887,-4.576778944381342,-7.556103038431805,68.77442660160605,113.4984062824933,-25.590427199493412
11.9312499,5.601198093266651,-4.2899442354349295,-7.415354322457438,54.05352697762622,114.67219066668297,-26.62863037419033
11.9412499,5.411999692109254,-4.165848643694997,-7.130299732951819,40.59470846936884,115.84076693145374,-27.852633496641094
11.9512499,5.506526214717908,-4.5063605111338205,-6.73030700212801,36.36500354396571,117.2679029028395,-27.617712971414914
11.9612499,5.757809667174772,-5.183632014509714,-6.179597909777129,39.40265427225651,118.03793138828225,-25.44193898861462
11.9712499,6.273753897140591,-5.327869479058302,-5.586571565440598,44.15526592469476,120.42527177059809,-22.308706171233087
11.9812499,6.5907701546046145,-5.528747269662417,-5.067046813154806,53.996504158198405,123.5943621744375,-18.988882020638112
11.9912499,6.642584389045552,-5.741581704623933,-4.875410847600485,63.82838877764377,126.40113789320527,-15.663192202025815
12.0012499,6.85367831556548,-5.420701919683251,-5.107649781066599,69.26197934893624,129.225483214443,-12.828350086837325
12.0112499,7.0931018464415185,-5.139103143591908,-5.319896182728571,73.53532332152825,130.63756075435694,-11.750696752067372
12.0212499,7.238795715563214,-5.111268577401559,-5.28051361337896,76.70801646883541,130.9852739499973,-12.376854724878678
12.0312499,7.295387163956599,-5.093785162690449,-5.106450545758496,78.34262762679857,131.60500883128057,-13.620351697614774
12.0412499,7.292559635083862,-5.08295235556557,-4.837234542510004,79.09727623621704,133.2233117876061,-14.80746340815367
12.0512499,7.239984650813792,-5.160856046617786,-4.439869939625063,80.00088059615985,135.9408542288044,-15.847983910891287
12.0612499,7.109737104585209,-5.239653123065296,-4.063923102749242,81.60972859932188,139.7381841967199,-16.946567730919877
12.0712499,7.027915276542835,-5.380286581470137,-3.7766399102892643,84.37053746062487,144.12378174653784,-18.182135236300567
12.0812499,7.1239609211043105,-5.629052755962484,-3.6377588988971556,88.84566620193368,147.46739522839883,-18.999797263581343
12.0912499,7.412294807095455,-5.742105190582446,-3.6616046562152818,94.18970848708307,149.04172401589003,-19.4689473765785
12.1012499,7.606383380650613,-5.637567927931365,-3.523485622441406,98.24214930436524,148.8753426688379,-20.52670394626401
12.1112499,7.483665570436901,-5.41435278063528,-3.1352052007752884,99.83102834236743,145.85614308258474,-22.724340421147044
12.1212499,7.600032251800305,-5.56112346458949,-2.8422367707340235,102.77186413070073,141.85068968139194,-24.980447936692542
12.1312499,7.272395836767659,-5.372276318529362,-2.842815011166306,102.03986779619505,135.55439771568547,-27.37120617179449
12.1412499,5.959500924147917,-2.9362373161742163,-2.8421291791408527,76.16155294455055,122.59528936860359,-34.109915684956505
12.1512499,8.591227118710584,-3.768953975062721,-2.420189049874229,64.53421552925307,127.11255691884438,-39.73314802892965
12.1612499,10.954333811219533,-7.86005911167485,-2.19306195091072,84.09145837451099,138.48901349734948,-36.37798646634909
12.1712499,7.50766148492638,-6.572861717644361,-2.3915518328399425,75.60019091604696,125.943805745457,-29.428092399542717
12.1812499,7.0954344567971885,-6.128648420266642,-1.78045232747951,73.89103409933037,117.23979718835635,-25.49332331070762
12.1912499,8.79116872828561,-6.961108730404556,-1.0270671645863487,88.4774284302175,114.14424958013471,-27.29150706029187
12.2012499,8.84160798756671,-6.401814834928175,-0.9610041432602434,97.9630665861795,105.9436059772644,-29.903413429540326
12.2112499,8.713390812179314,-6.59125477806619,-1.0443903763839262,108.90672099051802,97.15498891217277,-30.484786141874253
12.2212499,8.633435628295713,-6.6890836527670166,-1.1217829040950917,119.5831429569728,88.30065580746208,-28.707990584000054
12.2312499,8.755351025086178,-6.400715609925897,-1.0755466851188953,127.20872792793544,79.54030616813299,-25.237324684762942
12.2412499,8.901883619769531,-5.854828256872326,-0.8935922724998127,129.00433411345955,71.47910664751703,-21.55721851270232
12.2512499,8.849086760060358,-4.99025649135442,-0.7063702296052969,124.40806800686335,63.62436705237127,-18.782509082472544
12.2612499,8.860113997827389,-4.245052213960579,-0.5364236777010426,115.17371265627277,56.27402705413004,-17.71526163018522
12.2712499,8.992964608220552,-3.8486255052369707,-0.4403935611981783,102.38877971698956,49.55888253624056,-17.638383456262794
12.2812499,9.076079192266834,-3.7652352197055765,-0.3355566176973533,87.60794464802021,43.3163300278994,-16.76348566066333
12.2912499,9.070612757797154,-3.7235607972377163,-0.11123332008215515,71.32383386976636,37.61454491386355,-15.085492183133336
12.3012499,9.032616869555854,-3.6449875390983197,0.15250443826888443,55.01881734119743,32.85076855129363,-13.313474468272224
12.3112499,8.959286133161397,-3.614880368463426,0.4001123152998374,40.401961430050505,28.227824477112847,-11.42439629737208
12.3212499,8.787600532681436,-3.5154762959898433,0.6251732676345505,26.12239929366379,23.45446045410283,-9.986706457241617
12.3312499,8.665274196653593,-3.458293618509137,0.8222498153796625,12.744050672444521,19.503933921332344,-8.706087906068438
12.3412499,8.63595948534334,-3.4436326562737505,1.0408547437240117,1.235387441668995,16.093732655055447,-7.366238169859871
12.3512499,8.641446658991827,-3.5994571398431354,1.2998337502963475,-7.357139538952645,12.69840771481102,-6.061791101116754
12.3612499,8.676650282877617,-3.951672420965819,1.5831060798448022,-12.775114591583947,9.841870212627542,-3.932928310408003
12.3712499,8.60204038731149,-4.215858754430235,1.883190020433901,-15.182834924664155,7.940224437960445,-1.3697733083914265
12.3812499,8.488433653111157,-4.4618178809137685,2.189041142893889,-14.855440281335065,6.539306919623396,1.084348233311451
12.3912499,8.410086417451117,-4.649833684893642,2.3359407259994343,-12.292975671751217,5.443717553207669,3.2739086345453847
12.4012499,8.350481107553916,-4.813433752247007,2.3349406301654376,-8.113448299797886,4.362770121708913,5.0355689282584155
12.4112499,8.244904974467799,-4.965787024972085,2.2959657816545853,-3.5355409736182146,2.868882649507311,6.22128696111535
12.4212499,8.094165161487629,-4.928304764908526,2.154242712100671,-0.1980585978114848,1.5692694539402121,6.916920202771703
12.4312499,8.045899381327906,-4.775962084999404,2.0045484510747573,1.2186964076894635,0.6504672483276667,6.979157770603455
12.4412499,8.09362164239279,-4.708473947373007,1.9636213722825882,1.384949588034765,-0.2099781755478857,6.48318259590333
12.4512499,8.133484356573543,-4.733135749467462,1.9383376974437445,0.7655515115928291,-0.7999298123057622,5.849050668384249
12.4612499,8.151008152903822,-4.827901675157513,1.8819750287454604,0.274594575009121,-1.1564817842352555,5.5607528960447254
12.4712499,8.147840421909194,-4.977588719264217,1.8355660212812477,0.29284799322971367,-1.654108105499223,5.874490890076789
12.4812499,8.08398224150242,-5.062770448474146,1.7371561442182069,0.11234423339636111,-2.273879222301971,6.5961633870323215
12.4912499,8.005340684781206,-5.05461724931664,1.5708104510275152,-0.39232945346799564,-3.1829624783737414,7.308155055640346
12.5012499,8.022610391757992,-5.057504734452014,1.397412407701087,-1.103457661953559,-4.073021381366671,7.581662258318923
12.5112499,8.119674449267984,-5.124068028175441,1.262406241371369,-1.7493793628375873,-5.0749250507119275,7.687672155572577
12.5212499,8.262757350048952,-5.156502463278098,1.2045546441203043,-2.4272022907956643,-6.327728642230681,7.867361953340258
12.5312499,8.46567227298094,-5.131198857250508,1.2153123259784908,-3.169925798933431,-6.835145085112949,7.8247709431388035
12.5412499,8.677468902857843,-5.159127343147852,1.2550831002219827,-3.4010751209013383,-6.523381004184936,7.7979075494561
12.5512499,8.70827903397408,-5.1935780985737825,1.2589382980598074,-3.8178128612854763,-6.270017697931218,8.033957957680354
12.5612499,8.619721674931641,-5.212118685819758,1.156377101948784,-4.930528946489893,-5.889995575008563,8.448207847214203
12.5712499,8.570973350806222,-5.184147955043357,0.9865293556032668,-6.816546791210157,-5.343382273266212,8.499128119632143
12.5812499,8.617837621762492,-5.202615334219245,0.9187414365790402,-8.415759363835054,-4.975208246695747,7.85880430611764
12.5912499,8.690203661143656,-5.421021311052502,1.0021649478322416,-8.022001386798538,-4.515018486859003,6.725734435125371
12.6012499,8.690727337922816,-5.679920695282959,1.1720059237675213,-5.5921501151144435,-3.4890586523148075,5.417814007840767
12.6112499,8.679754327481355,-5.795434489863076,1.2464865179035112,-2.099452155382152,-1.8081595624102402,4.470271964258937
12.6212499,8.675310437787557,-5.858813779420103,1.22167642972126,2.0215548120554385,0.003471251253925254,3.7877818062077413
12.6312499,8.564329834127063,-5.877144165783788,1.218530109497223,6.554453449511599,1.6579585405313353,3.3958083733858366
12.6412499,8.32528534437723,-5.805177851272437,1.2034200570158857,10.770725938985413,2.844395700787681,3.093905473004093
12.6512499,8.123697946914659,-5.699141898911765,1.1479177007437718,13.522766796203127,3.6580980340051843,2.391999340361139
12.6612499,8.044185758586758,-5.566568101008198,1.0937917613435457,14.081842670590776,4.255188897050231,1.53828345625491
12.6712499,8.01954070111389,-5.439131236196489,1.099417864353552,12.736126729843768,4.677540472953559,0.7938561445536491
12.6812499,8.036379515214923,-5.412449682627062,1.2117117815327,10.095237351138639,4.937354453820671,0.22112123177159143
12.6912499,8.032597283084513,-5.473754612930637,1.3930489204512047,6.669226142325154,5.089533608891573,-0.30748044140600994
12.7012499,7.927791907623453,-5.538403225246036,1.5369902918808083,3.6484282163077726,4.951147042288353,-1.024763970049617
12.7112499,7.789968122753641,-5.642271738685025,1.5895083839912456,1.541306746666327,4.342951404797639,-1.7000439077349176
12.7212499,7.706166468156804,-5.7672040620726275,1.570663117396575,0.39003366201193385,3.556121253955484,-2.1591682697736823
12.7312499,7.677216527035714,-5.845552859024582,1.5407761212238598,-0.1351422376689942,2.728166240943745,-2.569776199289421
12.7412499,7.691350195832787,-5.880905408272246,1.5621273687817874,0.04648374458845824,1.883992486073741,-2.6860517811960234
12.7512499,7.7430543719174505,-5.908114068291367,1.6649192415837177,1.025037213458945,1.0405124230657743,-2.7080584438637842
12.7612499,7.83078971420446,-5.980897899779771,1.728356322937171,3.032961859346971,0.6102773790509057,-2.475007015739845
12.7712499,7.8860123053241225,-6.000997864786168,1.5687283536737544,5.6718282777258215,0.9244418708209322,-1.4476734686424195
12.7812499,7.878156130906686,-5.8437417020529665,1.3629564621970103,6.905494494934052,1.4996803242881709,-0.038900292662783116
12.7912499,7.8030535183887455,-5.658595398307926,1.2300376927667882,6.196179410444724,2.1597294507524794,0.8184941537011603
12.8012499,7.696197806323218,-5.533880217502283,1.0742418914141556,3.833744209221679,3.0595112174850563,0.9824635096022065
12.8112499,7.657693993456534,-5.4488595657910235,0.9306145581833128,0.2955517208843852,3.9031785248713664,0.7218240253062805
12.8212499,7.651019415407834,-5.520996963394733,0.8811812617915853,-2.784807383614483,4.582062916429086,0.26325300713081884
12.8312499,7.662242791616556,-5.672189244111161,0.9071003026618948,-5.295634638985535,5.657433097777337,-0.1748797454379894
12.8412499,7.71954313093081,-5.743577451952027,0.9274281764534645,-7.132349224159339,7.058710415724633,-0.3862048506506632
12.8512499,7.820835848453127,-5.821952116112809,0.975704852060676,-7.8790664946665,8.644316658536775,-0.4768671942194319
12.8612499,7.886032655962978,-5.967189084026973,1.0441112029378585,-7.860268353746363,10.295455258830234,-0.2956175891460394
12.8712499,7.8419945719828155,-6.060860384309831,1.0899642197994799,-7.22578607732853,11.976153190252441,0.035273083753635075
12.8812499,7.792503369679698,-6.117876096078219,1.1556432440167956,-6.090495324738519,13.351666966422794,0.2987256363803194
12.8912499,7.828971907775509,-6.177887916301825,1.239613468823445,-4.462168686955151,14.327589850061912,0.43202568708569994
12.9012499,7.8682076355418165,-6.179993850335957,1.351841509475472,-2.3804746728813844,15.055989308682726,0.5425791964483685
12.9112499,7.89909333793547,-6.168501741425627,1.485477403067461,0.047442825170260286,15.531549560728731,0.9721122695570792
12.9212499,7.928180305933562,-6.105671006123023,1.5529202475125705,2.0571408442395485,15.898281671756466,1.8275249879550193
12.9312499,7.9127324389028875,-5.922258563792154,1.5794191371834003,2.6468714294152824,16.105194058589433,2.385824454957758
12.9412499,7.881599185069948,-5.745767311628685,1.6336506392641705,2.1829146909925,16.139257822200396,2.515383926569142
12.9512499,7.859726487067724,-5.61614350804193,1.6390257339679761,0.7810845267739228,16.043186876254374,2.308844228306553
12.9612499,7.870173460018564,-5.522092441602721,1.6539709519685832,-1.2777625212684454,15.710132249068204,1.9546296320038794
12.9712499,7.873551915032378,-5.443751169283352,1.702121706034702,-3.2415858453814708,15.33252922512775,1.4903990235487974
12.9812499,7.820692473228588,-5.3437139598102945,1.7331245881559065,-5.479019749900917,14.551687025611338,1.0252558967146863
12.9912499,7.761906222594814,-5.322089207464764,1.7698162044076629,-7.582734395629821,13.721540767202011,0.9233900790948946
13.0012499,7.689433019929961,-5.354048634738643,1.7979075139827296,-8.955849323488794,12.859129601806726,1.0890938763943385
13.0112499,7.595167683977734,-5.3618055464360435,1.8099327801948157,-9.82938975665952,11.791781405397588,1.2021762038170059
13.0212499,7.589144062747774,-5.4093489170641735,1.802087746089874,-9.855809836778588,10.814014341304475,1.4139959419789778
13.0312499,7.608688840793895,-5.390015534894751,1.8039180089274656,-9.701570116297933,9.924926183483171,1.8202254109379283
13.0412499,7.605930284473635,-5.277940363385484,1.8265675552656742,-9.647629826516193,9.26791596835109,1.9375344631778115
13.0512499,7.657484426271839,-5.219932729487393,1.8236201845830526,-9.393081870155514,9.132649074030493,1.6734742509417138
13.0612499,7.673122862091323,-5.148007479899474,1.8313319362991138,-9.912341785035135,9.156148640228787,1.4448648728480378
13.0712499,7.6026981114009,-5.110033568897086,1.8515662257572545,-10.201954807542382,9.431408854559418,1.4704657555435743
13.0812499,7.579781310505745,-5.224275302196159,1.8573865325609156,-9.15359204752162,9.908473026109448,1.788645675765892
13.0912499,7.529316697759558,-5.2918510582865705,1.8586815883794814,-7.985476151694935,10.073288020237335,2.648785677973602
13.1012499,7.474747318521335,-5.321514072795704,1.8735761946154625,-5.9605293471469105,10.456687138554775,3.9692949117180745
13.1112499,7.474369952808857,-5.306514846452474,1.90840571666704,-3.3848835176995573,11.025844407446385,5.550322624894948
13.1212499,7.442222503764647,-5.247601797366003,1.9354467756651146,-1.0258531538119542,11.38291484092769,7.489372504049617
13.1312499,7.3444352622242866,-5.2340322128762535,1.9518049263284438,1.2807798526477423,11.666820768505312,9.625876991253364
13.1412499,7.220550136662804,-5.2231793072329955,1.9252480551183158,3.104860004652443,11.614011126766318,11.975881842617005
13.1512499,7.067396572763687,-5.217398246157154,1.8085943868243235,4.380557722693271,11.033258347947191,14.76566125002757
13.1612499,6.859861696855678,-5.206792643974253,1.6708550637985988,4.777872316295878,9.995297024119745,18.037314105901434
13.1712499,6.628478867085402,-5.163614509554683,1.5650359479244549,4.292642525053372,8.422773309639927,21.676405116214184
13.1812499,6.342618860601463,-5.168770874258091,1.466397947272831,3.3410009258459725,6.372080960789961,25.754224866743737
13.1912499,5.901222496214652,-5.256768432398704,1.3462970411248372,1.466095563320421,3.3171540581770222,31.29461680884646
13.2012499,5.4652995593912985,-5.307969805100914,1.149873911418631,-0.7073197934944007,-0.045945884790327844,37.55152670766517
13.2112499,5.066601285141054,-5.2874944230374785,0.8708732582162392,-3.0979740027640386,-3.452642581029625,44.07780035789453
13.2212499,4.6991010275677425,-5.212979307885137,0.5502920663953469,-6.732046511735478,-7.232478450893809,51.22792389776426
13.2312499,4.489345298665074,-5.087584106037399,0.2620006987255177,-12.086738588540639,-10.669310099600292,58.56440069693041
13.2412499,4.358706912738431,-4.885391264491978,-0.013773615771892527,-19.59274415221768,-13.394332616445215,66.02261409814392
13.2512499,4.214212216175477,-4.761439387628095,-0.26550183465030813,-29.10379009312127,-15.248801286892446,73.08244861241094
13.2612499,4.043072997118041,-4.802286303935798,-0.4407696427998733,-40.12168383884234,-16.139488925995316,80.09803888862663
13.2712499,3.7485821743938046,-4.908619271055652,-0.6955142414779476,-51.395079698011884,-16.805255728785472,87.49977144965068
13.2812499,3.3474046766613683,-5.09237002150247,-1.1028364239918729,-61.7176474287307,-17.915555534873544,95.55977924852448
13.2912499,3.051336957093817,-5.2959311107648235,-1.5673998477135558,-71.2002807028225,-19.318370769685718,104.74391928499503
13.3012499,2.8554056182336343,-5.472142151798231,-1.9304559433843598,-79.93316510509666,-20.74993809435346,114.89825466336158
13.3112499,2.6714453152276736,-5.802008383513712,-2.1036702311129822,-87.42411336044484,-21.98181472188441,125.88069195019135
13.3212499,2.4637281971489178,-6.264580188429852,-2.2489097665987594,-94.30719172841599,-22.591022316384056,137.45856073458216
13.3312499,2.15535971952946,-6.6548151298339695,-2.559620854120548,-101.55432018239757,-22.88323811629353,149.5737625865284
13.3412499,1.8863181566664604,-6.9231126525542965,-3.006928014957239,-109.90542940367858,-22.909414246691938,162.08352009397368
13.3512499,1.7419526478883023,-7.18035385408976,-3.423118020508409,-119.31738856144113,-22.318865933099378,174.05297048502402
13.3612499,1.6565804006627143,-7.61180797543798,-3.7382439816319497,-129.12462880074392,-21.214076330360225,185.40633691743432
13.3712499,1.658018352122063,-8.147129676336581,-4.097087404086131,-139.20820530605656,-19.176318739872,196.40932687538617
13.3812499,1.7196664612624024,-8.606287693757206,-4.505544487896841,-149.058908644752,-16.468436015098213,206.5413048542283
13.3912499,1.803814004390408,-9.062448951789287,-4.950553287098706,-159.3753654794204,-12.665111685270494,216.79392701017161
13.4012499,1.9210475629122405,-9.819678197155648,-5.362276026643906,-170.83373390027216,-7.282545207068959,228.22209781300833
13.4112499,1.979653288392394,-10.811347747476246,-5.68891596570504,-179.94507832301284,-1.9821900382608064,238.36446472012946
13.4212499,2.041539636376111,-11.771237062260576,-6.077579085897135,-187.4565007788405,3.836187342554015,247.4291498380838
13.4312499,2.115472217606094,-12.564269216601508,-6.398188019203049,-196.1658979291836,10.985637333174742,256.15008084553637
13.4412499,1.9548549330532827,-13.504658528938522,-6.776686205471336,-205.96812650089814,17.767093835924104,264.1096069762294
13.4512499,1.9864605192944507,-14.970712669159191,-7.071109700492171,-214.51682980997705,24.65898153929841,270.8943510648913
13.4612499,2.3810409995246817,-16.535436784533193,-6.975831178776785,-221.9322369649474,32.94814590383506,276.06946046492993
13.4712499,2.5499925898885736,-17.850975433568582,-7.062368829364049,-228.0258381823046,41.08257764754592,278.45723601013856
13.4812499,2.841295498677333,-19.311543272481575,-7.582184806766145,-228.44731775796168,48.62925564023194,276.23598806467413
13.4912499,3.83180290276379,-20.84394580580005,-8.042004121761744,-224.35504508770435,55.14307064418031,269.2634293325873
13.5012499,5.401931155088719,-22.197067550749612,-8.326717201674509,-218.6870656042974,60.631776406258055,257.11839210414865
13.5112499,7.425770018524994,-23.491106228657344,-8.832509404480495,-212.31909957149804,64.71656656090947,239.16952429967185
13.5212499,10.002200244296713,-24.898852898885302,-9.477756548375847,-205.15374177182622,65.04178299903523,214.94620120753
13.5312499,13.195837159985295,-26.33352303379735,-10.14676852752345,-199.02361804460003,62.43824836953407,183.03186635754537
13.5412499,16.92196061497978,-27.258685476510397,-10.727364181909186,-198.9857104466803,59.78904652949173,142.4377554090269
13.5512499,20.96920924903857,-27.935831588870883,-10.08573320822635,-207.01629917350473,56.33379922202276,91.50920234773656
13.5612499,25.344048062301393,-29.160146451641673,-7.805764526818405,-217.98273495030108,49.41222827323099,29.82230491514106
13.5712499,29.465693861176078,-30.501011297701936,-4.579601037057051,-226.73326906049232,37.23154939892701,-42.85937423323207
13.5812499,32.34885581325047,-31.953431452657593,-0.1591213811989116,-230.36487430240663,19.46071927277156,-125.31216051378189
13.5912499,33.43100760982491,-33.84118725851377,4.996045664033808,-229.59752510985538,-2.5623706743400216,-214.34200638669319
13.6012499,31.673865999233726,-35.841701114297905,9.801500512843072,-234.43669012774666,-30.635109360167146,-308.14344195826027
13.6112499,27.148650496107706,-39.43683669099871,14.349134515468831,-243.00647834943106,-64.905172852972,-403.8294506032226
13.6212499,21.652623913156482,-43.39719878191001,18.318012387666467,-246.75089180042332,-97.41006143136262,-479.61470044435174
13.6312499,14.942478618024326,-45.05128734675137,20.987556916819155,-246.2468746623604,-130.20367770180619,-502.5695401758794
13.6412499,7.501545010210553,-45.44997967323506,22.26744989295073,-235.95824245432942,-168.54362434929274,-499.40122060325007
13.6512499,0.6743209641728305,-44.754603094066155,21.759756374475163,-222.21918102916402,-208.38555638403605,-499.8404239556168
13.6612499,-5.904211337162774,-41.984259413863555,19.502247714913995,-218.08096099023265,-243.28170891921573,-500.22707686692434
13.6712499,-11.740137086500999,-36.95816084565885,17.24980965678669,-222.2301757067398,-268.36577116945216,-500.20241659744005
13.6812499,-18.063978730172867,-30.466017920503965,16.130283070673297,-225.41308459937954,-282.43946736766907,-498.68260846043034
13.6912499,-30.065807051160586,-26.008183641132504,14.118585127442522,-219.98025791038447,-283.6588986999636,-503.15873534564145
13.7012499,-43.3663823262692,-22.854311537825794,7.562113891896547,-181.86373875312105,-262.4006128041616,-490.1819849012319
13.7112499,-44.239999485866406,-13.036826782264594,0.8179066197457344,-130.3556696214375,-206.88025619943446,-419.68063962795503
13.7212499,-39.748636692696586,0.06437351338092956,-0.3073691698396378,-98.0193697647343,-129.38554292876407,-351.170237374261
13.7312499,-37.713819315585226,6.859420234845663,-2.6177388941735797,-66.33976631125635,-44.36928733430904,-302.2844559895798
13.7412499,-33.169967513450544,8.728918505770165,-5.431405224522943,-33.532694461809406,31.666900688020466,-242.8340286396504
13.7512499,-30.550094944209675,9.69672998930904,-6.375868927822825,2.333044428946729,86.99635759749559,-177.1279443239077
13.7612499,-28.854078703582797,9.276709513579823,-8.773604816508819,45.17381940140168,127.98966447052285,-110.93119619117162
13.7712499,-24.938391726400013,7.598928078432924,-10.381806555188065,89.0975494033559,153.86261370387982,-48.740359303577364
13.7812499,-21.662798218197167,5.880849694494387,-9.952934797304241,125.51874688570871,163.30339176799737,2.1884736026380227
13.7912499,-20.103974724198082,4.383533922079005,-10.19898464678236,148.52057983827882,160.4948018631476,38.532593605510826
13.8012499,-18.617283488677423,3.2746246093461333,-11.71910562813637,156.55101248277512,148.63454041653821,59.874067573064565
13.8112499,-15.256865466388362,2.2394771996915503,-12.886634759198738,152.96561924328367,130.68163382990923,68.9545737346318
13.8212499,-10.021665812839617,0.8423531376701507,-13.148189893747631,140.8857394016096,109.95784981632801,71.26690402696768
13.8312499,-5.27874216673739,-0.572960958947615,-12.564270129705342,125.47099260895001,95.7018905517191,71.84181420171087
13.8412499,-1.2915049019223026,-2.129122125448968,-11.30857663909891,109.72704525587062,89.49530119810902,73.10198312246334
13.8512499,2.2238106120553556,-3.829408972111204,-9.91995592966396,95.02097552701738,88.59283739420027,73.40389795396793
13.8612499,4.58570022951963,-5.391849890900172,-8.656728797548137,83.90712238909636,92.06649942878825,71.40099755556082
13.8712499,5.4068513139055145,-6.779020726352389,-7.693734200895873,78.42579508434436,97.5859931701177,67.57347712827091
13.8812499,5.19928789947829,-8.043531919649883,-7.453006718789026,79.72765541594049,102.1118252012099,62.28094802894823
13.8912499,5.006654082534064,-8.716799100363062,-7.930322799507849,85.5094070052711,103.05492868209366,55.734758621512746
13.9012499,5.282338485617161,-8.595387078375243,-8.516953690032917,92.88920167419087,99.61404571290697,47.57935253550139
13.9112499,5.838838573328803,-8.26468172471357,-8.716757008913312,101.43621758054907,94.14274802225444,38.45236572931112
13.9212499,6.418594601233073,-7.955460997844775,-8.681613473678144,108.94776466938907,89.48768159416673,29.849129186305426
13.9312499,6.750221457085326,-7.388570625150854,-8.537174062013746,111.67147238726183,86.73893217645923,21.940236258868804
13.9412499,6.773312708002817,-6.59279907122251,-8.158406450861522,107.40285879350174,87.08081798588785,14.067749519799147
13.9512499,6.673603162183175,-5.836550494767253,-7.547105002100016,96.46701622238328,90.99760119544756,5.7853927151229385
13.9612499,6.378187119297495,-5.419280852674732,-6.803280718068922,82.60695185223663,96.70657973728648,-2.9976941345442722
13.9712499,5.770028040183284,-5.528930276594725,-6.433128997354029,69.70178772099119,100.89713391459942,-10.31954514806569
13.9812499,5.201501577754131,-5.7840571749108936,-6.811450235128424,58.256624766778216,100.8403735717778,-14.971130897299176
13.9912499,5.089668576873044,-5.646730942227747,-7.3988695335986945,46.72941735572945,97.52094650871383,-18.01055396731328
14.0012499,5.242415237246811,-5.1010394213141455,-7.688571304178666,35.264916958140866,93.75894058887104,-20.52882459771311
14.0112499,5.272773515046793,-4.666365272660102,-7.56496834085405,26.33069247066468,90.59676448430864,-23.2703007072198
14.0212499,5.236954729441969,-4.381987254354575,-7.117313843072626,17.458045734161086,87.92064136475848,-27.048416037772533
14.0312499,5.281924358079201,-4.535016921604155,-6.539129007479803,13.257534785075933,86.30435161244043,-30.048136530699853
14.0412499,5.254178884607053,-4.916219571385768,-5.8791401465205375,13.939963256174195,86.42881652113591,-30.118689552675328
14.0512499,5.352549149180096,-4.795741466602916,-5.118823355040962,13.412332167653888,89.91211635475167,-28.743662519530073
14.0612499,5.523981959233493,-5.153558580732985,-4.418161564354595,18.899017158329226,96.29842757063993,-26.843818894561306
14.0712499,5.560265247736199,-5.629398619993645,-3.982654051842495,28.2167536591733,104.21191358407296,-23.97968878966145
14.0812499,5.598808512138562,-5.513652915208375,-3.81892900727946,35.22634451408648,111.74021801639113,-20.548411066428415
14.0912499,5.76810137412192,-5.423835457128734,-3.853585312161424,43.36474602182353,117.10494791925258,-17.233454353834436
14.1012499,5.942400031255166,-5.359170292875974,-3.893349199555302,51.84392432427653,120.07111512750387,-14.80787546642693
14.1112499,6.047628849674117,-5.201830044822813,-3.796315830468563,57.84625779844222,121.05715589669245,-13.220090800967094
14.1212499,6.217089111522863,-5.175068272300488,-3.581675823293106,62.46763702617719,120.84736821619634,-12.261756683299526
14.1312499,6.381381162952902,-5.246441548543996,-3.300168937505529,67.0056178753383,120.67909943574631,-12.004737074846842
14.1412499,6.394483823331418,-5.329278546184613,-3.026806722247656,72.07188121274802,121.31155348267029,-12.261593053150495
14.1512499,6.242524449510926,-5.463120952628381,-2.682887317234853,78.59887424716378,122.54121339659694,-12.888309750587215
14.1612499,6.019935573551273,-5.527571819400794,-2.183160122874661,85.55509887332796,124.3907229325519,-13.89506362891049
14.1712499,5.9787870517862824,-5.4252393255530915,-1.7381822783889684,91.36215503826878,127.18983293170402,-15.186627734400634
14.1812499,6.1758974865938425,-5.388779756462973,-1.5311069631789087,96.94774187545426,129.87926873020353,-16.490737188696052
14.1912499,6.585291096839541,-5.351787425506514,-1.5370346108152493,102.0333104592273,131.16557178426856,-17.683024896881435
14.2012499,7.013627990228819,-5.057914142448577,-1.7619345766848602,105.22950749792784,130.95239114176124,-19.29333116550536
14.2112499,7.217806784241346,-4.6400422251028886,-2.0471660102463707,105.74244168354984,129.40465960261133,-21.487684135186186
14.2212499,7.365149606362189,-4.117212459160618,-2.2797188996041355,103.41103850924611,127.40940889461267,-24.05403563288766
14.2312499,7.590539650933581,-3.574542086949378,-2.320309997390051,97.37469197275506,126.05410895862764,-27.99461936363001
14.2412499,7.677468014049,-3.2647036450844866,-2.0325543345123687,87.59653611655874,125.79534483495917,-32.62223469543596
14.2512499,7.313597947617476,-2.698467468288378,-1.6143925838461046,73.06607157189853,123.82953505711941,-36.25320346153811
14.2612499,7.640861911716698,-1.935435026748542,-1.1014727103441626,54.731610117389586,123.54587681435568,-39.23773086670398
14.2712499,9.742731461263736,-3.0804613994585295,-0.6580514724447792,51.5199692272686,133.63971177151137,-38.70106105571027
14.2812499,10.327379623965577,-5.225546272853999,-0.5640207145529691,61.99513591109326,140.31237797265644,-31.933279806893097
14.2912499,8.740690678089916,-5.733320583149254,-0.6049641946408543,67.02873540309946,134.76592774089485,-20.470830523152827
14.3012499,8.633498585921988,-5.820718586213768,-0.5466382315423376,74.16682861829722,130.03508674799286,-9.389683572967892
14.3112499,9.424461086957937,-5.837378834485988,-0.5840006125217964,87.17774756315357,127.12175193603022,-2.4656404036975887
14.3212499,9.565212484987356,-5.428565011387142,-0.7145805009987516,98.26351792357913,122.3690482065549,1.1080437593976273
14.3312499,9.497073559129475,-5.364593794512607,-0.808419511712138,107.38205460161672,117.18294247957448,3.4532994142692717
14.3412499,9.402916768533677,-5.322377596883913,-0.8147983440528428,113.78133239170484,111.21387761536523,5.647124664311447
14.3512499,9.470772943603047,-5.2776519603014735,-0.6770861833893245,118.53326234592649,104.33190495472603,7.875593026270174
14.3612499,9.769762340087269,-5.389016477881526,-0.5688910304202827,122.37960506239583,95.70709444968921,10.4051715837731
14.3712499,10.16533631924533,-5.370328260179015,-0.5780974003411932,124.62772702751889,84.23557897959448,13.53478455236375
14.3812499,10.58132085515349,-5.315058102387322,-0.6158813653425512,125.1716095989762,70.83415227412752,17.07347446992205
14.3912499,10.76576535333541,-5.054975442091643,-0.5794257500518537,121.77445493409091,56.911364324442964,20.77979915055397
14.4012499,10.662664128871851,-4.431864193062092,-0.4335135750237279,112.23626446064922,43.618368737035574,23.518911440404384
14.4112499,10.409750055513479,-3.773469005059932,-0.2709414140323047,96.33751051910986,32.10371580728645,24.213951658232688
14.4212499,10.06953754989912,-3.4278197845615708,-0.1643913245344356,75.61545715202635,22.40599393982452,23.30420041117553
14.4312499,9.78420836834198,-3.2174025910854867,-0.05352028920522478,51.12516999532853,15.331566289180666,21.81750166589979
14.4412499,9.574791454003305,-3.0877670179625247,0.19615585050321507,20.745088988819408,11.366433671956802,19.55378108747397
14.4512499,9.293294194909866,-3.3178483747877956,0.6533777481101721,-12.422525943191795,9.426122081131123,16.43663271498325
14.4612499,9.003060624690946,-3.723113855894154,1.1267733513277838,-37.69175802099585,9.44771381769795,12.94535030962301
14.4712499,8.793948430775393,-4.275530755500202,1.5334587784179607,-54.951092855148694,10.677038826579398,9.399246683219884
14.4812499,8.684483154486966,-5.0094794092983115,1.9170849611848875,-64.8144705106902,12.111657323365241,6.39589894132889
14.4912499,8.629781061747865,-5.682777650487416,2.2524160675986176,-66.72335552239166,13.82339006002547,4.117518591848686
14.5012499,8.47231051627931,-6.3072553598572,2.5182158399486756,-61.05702579733683,15.393150261496883,2.9568694596890546
14.5112499,8.192957049988298,-6.862025247097293,2.6845287191528056,-49.20733512664744,16.35254062598649,3.0957328554965233
14.5212499,7.891745150767203,-7.164576908317974,2.758902182270603,-33.36437478216194,16.55006498079325,4.243923489262058
14.5312499,7.688416277152473,-7.194023110844626,2.7306932971386066,-15.616702568925227,15.962146181358392,5.440532261183009
14.5412499,7.598776248592735,-7.0151978806607564,2.626605971889598,1.4763901149877725,14.584348155151272,6.300865078791578
14.5512499,7.575281238874891,-6.671770649357852,2.4923992431178643,15.84303746706121,12.904874852933617,7.020256112639189
14.5612499,7.5907157151724265,-6.161624973834439,2.3143302765650944,25.705135965266695,11.155893976536719,7.327381561296174
14.5712499,7.6480679107565805,-5.589291613214431,2.185405560219056,30.09289189167309,9.028855350629904,7.260690331695468
14.5812499,7.804070503576115,-5.097682249733432,2.102071295710892,29.8334161908253,7.142219552966274,7.0513529643222626
14.5912499,7.974098387504632,-4.744534310796528,2.015193679558356,26.538195080217097,5.763467030939583,6.742694827088417
14.6012499,8.050631423994288,-4.503900045871211,1.9490287937792423,20.563672919200766,4.282158659822878,6.444474219985349
14.6112499,8.038213510642084,-4.382071224116899,1.9076436321199506,12.499760539588571,2.548785509934037,6.084479150489921
14.6212499,8.060681416717275,-4.383946919359348,1.779792155909145,4.030511202876492,1.0339738244482752,5.6184512325042375
14.6312499,8.16498463746839,-4.506803152772341,1.6148312455258527,-3.4091569958085257,-0.5296817469156446,5.320457884854291
14.6412499,8.292207925649487,-4.7393087513905545,1.6611247930338724,-8.761177416655295,-2.3820759795987603,5.152488167023049
14.6512499,8.4377668098335,-5.06393679133801,1.8676019409222964,-11.506077356597645,-3.8236655647447937,5.134527057810312
14.6612499,8.555566467497052,-5.461127816435956,1.9924448934149734,-10.880353122913974,-4.904060979284981,5.614056346505845
14.6712499,8.607341135514819,-5.739913117498553,1.9861277824781778,-7.831937428984248,-5.772013811257923,6.702508416321051
14.6812499,8.631850576057474,-5.90161921085243,1.964303624284757,-3.6602028370331205,-6.534522437532792,7.9020814700509705
14.6912499,8.638217554286062,-5.966221704925625,1.939046188541843,0.7194726207265645,-7.458146002824156,8.591321670846147
14.7012499,8.637279559472603,-5.917481198688995,1.9186265330233536,4.382445981604614,-8.13115229441759,8.351311386685941
14.7112499,8.66189465210173,-5.851435327560161,1.9133340669776924,7.00735084623898,-8.537596294291736,7.117954761269624
14.7212499,8.744151836393959,-5.860555711896774,1.9166651157381218,8.85846896157546,-8.671785263649824,4.951162209591802
14.7312499,8.778735961007024,-5.944407426359959,1.871013383312396,10.136219002733247,-8.703768057916466,2.5080373755477248
14.7412499,8.681571057190515,-5.943827096083209,1.775877738757535,10.343023044040937,-8.676114374717557,-0.08136098315845829
14.7512499,8.558994313088549,-5.903464988100597,1.731666365621807,9.87689602351776,-8.528508974787911,-3.101497599545611
14.7612499,8.46659157392922,-5.875525735803782,1.7289338374791419,9.274850043498043,-8.31707470624156,-6.18660972707604
14.7712499,8.33290047689408,-5.817220245386866,1.6507785717514467,8.614604366499979,-8.189378377410378,-9.09176262254862
14.7812499,8.169372386620923,-5.7884323083214575,1.5250120734137507,7.765955189782972,-8.367167704570516,-11.385829923225403
14.7912499,8.045893123003873,-5.7344882054138,1.452018309007693,5.9761370555339814,-8.357492545780667,-12.959451748261179
14.8012499,7.964070238329173,-5.621081096134152,1.3924673326336618,3.6572746467722768,-8.059645679066504,-14.324626774187331
14.8112499,7.921506336418623,-5.5784939221107575,1.3551689342102584,1.4204261643714173,-7.688945996423789,-15.386442294750776
14.8212499,7.938029184609632,-5.592032954952929,1.3833572889723857,-0.3014973063909997,-6.896656058015921,-15.805761105843828
14.8312499,7.9780267160177045,-5.625998040151981,1.4354492339025844,-0.8553064114786885,-5.849456803747576,-15.502843201446405
14.8412499,7.993032622289749,-5.694355211332515,1.4870993688728933,-0.471921991738308,-4.993020158085332,-14.425896315294253
14.8512499,7.938794663656038,-5.7262968148232805,1.5096660637102204,0.7113052555236921,-4.43019584762731,-12.954982467011414
14.8612499,7.844064747755682,-5.6551504322019985,1.4869490247299744,2.500919305658927,-3.9161751355997185,-11.017300320096764
14.8712499,7.77674444331428,-5.644928346174196,1.4459347453809521,4.313124874769777,-3.8435216641923597,-8.6844091290504
14.8812499,7.7078581460514375,-5.609771899352487,1.3794953552492586,4.700104589017103,-4.01115111001234,-6.608309821409426
14.8912499,7.6221203889093845,-5.420054059978705,1.3180770042757979,3.6170387962607764,-4.227061847599643,-5.07804129491211
14.9012499,7.675848493188952,-5.296972400239117,1.2902381894550843,1.6921281981595604,-4.476066069332638,-3.9698520945195033
14.9112499,7.791599683583661,-5.276155259113353,1.3065498764583297,-0.965335400562802,-4.30801305429662,-3.0805127420374006
14.9212499,7.779282388233081,-5.290899487887361,1.3181153391015092,-4.139951248927887,-3.923610999510004,-2.123148612328395
14.9312499,7.722904363242124,-5.362334227747762,1.2968935707437588,-7.102620746704823,-3.5584611308739804,-0.9746063738077337
14.9412499,7.613645799237095,-5.422378281024029,1.2799246007997995,-9.325846916673374,-3.1487163310213937,-0.041297232738571485
14.9512499,7.530162629655384,-5.555569640976998,1.2695321997635047,-10.268192590039211,-2.837813718564001,0.9251311554746048
14.9612499,7.519889626710714,-5.733246598943019,1.2805225453026838,-10.135600763638346,-2.5577321593975944,2.249173718198743
14.9712499,7.403846489416437,-5.822047462804512,1.29031139193109,-9.372188974560343,-2.4935619531987117,3.775506413402134
14.9812499,7.311053058193046,-5.8798927583690155,1.2800192058334625,-7.506983500917258,-2.2341675840168214,5.498790520060342
14.9912499,7.217409285272221,-5.807672747160681,1.2415482210411852,-5.78591621312765,-2.133283143802735,7.312743328722481
15.0012499,7.080081328544543,-5.65485993544185,1.2183175598926848,-4.42249199858082,-2.313247908990304,9.177661155206938
15.0112499,6.996336471828463,-5.526612292582418,1.2326521372995085,-3.2112196087758775,-2.7100865879897613,11.36315846866903
15.0212499,6.890106337004945,-5.394331129332415,1.2552936613024224,-2.8578856442030838,-3.6293891736996815,14.082476818707146
15.0312499,6.731141831491583,-5.297296382339194,1.2345235931516292,-3.232489712526094,-5.131821946130522,17.428548628222682
15.0412499,6.5962338132707705,-5.152179958398662,1.0602157142865676,-4.4398990923237225,-7.174285252729581,21.241227454781843
15.0512499,6.483269040434015,-4.975055587000992,0.8270258355957331,-6.92217198609348,-9.416904510081103,25.044337899148097
15.0612499,6.353918324524554,-4.79327045311137,0.7043214949131883,-11.072355750342592,-11.125668625823353,28.648547152734505
15.0712499,6.155603333886417,-4.634471136292562,0.5799204125738666,-17.038438349503103,-12.103735164526297,32.814045981877605
15.0812499,5.840872653604473,-4.489975479780383,0.3201140081610226,-24.659880845251692,-12.469605174537952,37.87981408411375
15.0912499,5.637150812789422,-4.4881181287731575,0.054663683590291105,-31.353836247094105,-11.727258101607129,42.87000057936804
15.1012499,5.424832648289426,-4.582818863432245,-0.13301270565364068,-36.906526971904704,-10.239894588590115,48.592605435680646
15.1112499,5.085355030664259,-4.550187010052577,-0.3550537376093725,-42.07569901056359,-8.568994581464825,55.399518738937
15.1212499,4.770338043908726,-4.446022267299342,-0.5549609298553736,-46.17112033016917,-6.404787286987807,62.903943107732424
15.1312499,4.298219920112923,-4.370003360450981,-0.6791469250016652,-49.13627987133469,-4.335777936735332,71.25462811104056
15.1412499,3.621073171490112,-4.396235065655721,-0.8156363580173043,-50.208767150732186,-2.73299650558993,80.99563923000241
15.1512499,2.9988797762250643,-4.506679119934434,-0.9892724636367096,-49.31608280072105,-1.6944133406934168,92.83435259421525
15.1612499,2.6107041453849473,-4.514697910002156,-1.2314577879372282,-47.75665631168969,-0.8165176105128007,105.90022666292361
15.1712499,2.356955103682272,-4.372605505455739,-1.5687663358868176,-47.03417741648896,0.151775971031606,118.89276444373137
15.1812499,2.1085894445289357,-4.29206353940901,-1.7660461072821623,-48.52837874652124,1.597956003486107,131.6286045013889
15.1912499,1.8643094211664235,-4.286466758549933,-1.7998457965096606,-53.52947561587286,4.441500353178851,143.72867877404528
15.2012499,1.5232050103689088,-4.288340690956033,-1.9442760757029918,-61.23283528706865,8.395390557910355,154.64583516845127
15.2112499,1.0802214002824697,-4.540408000700434,-2.2200913675782665,-69.60147617951911,12.396865434732476,164.91137525380202
15.2212499,0.7892078620289805,-5.1041595608938435,-2.5373638689983715,-77.77958433824274,16.68203616786132,175.57342450636006
15.2312499,0.61269723419889,-5.694081957085644,-2.8910758069109272,-86.6298255525501,21.628818353855088,186.9080554511006
15.2412499,0.3992763105598336,-6.25887166936595,-3.2382631998387192,-95.73839116962526,26.433876217589535,198.3281356295216
15.2512499,0.2641045682997479,-6.940791245738279,-3.5237898506759358,-104.17171171485565,31.390508089755755,209.8191411635763
15.2612499,0.19646411723526397,-7.714879723465065,-3.6808717256878514,-112.0738549565276,37.31199798536553,221.16244424830785
15.2712499,0.05307062907641056,-8.654803797307668,-3.701623053620719,-118.79275420558214,43.22129179926911,232.27994903816318
15.2812499,-0.1469734839902521,-10.03513855326481,-3.856841532360219,-124.11051977864275,49.646801297468734,244.93076247441235
15.2912499,-0.3096906091608527,-11.528960329073657,-4.3776831076861,-128.4628468834846,56.80995986045836,257.57779473916924
15.3012499,-0.378314871342147,-12.935613661591832,-4.9256029046367695,-131.0689907344312,62.89144198915027,267.498069837038
15.3112499,-0.19032330490445779,-14.536435616843779,-5.219588744032662,-132.9380756463033,68.11317810848583,275.7288339559116
15.3212499,0.19504079414793296,-15.959870486347391,-5.5164682694142995,-136.9057886207382,73.24943989503727,281.7417322590075
15.3312499,0.8008299246742859,-17.182578591062104,-5.981127926403536,-142.84870894342552,78.23370334944886,283.5898590470921
15.3412499,1.669679726589536,-18.503439101058227,-6.421516872794537,-149.94813143329733,82.29231024360973,280.2247305542978
15.3512499,2.6063646153684497,-19.90414717855589,-6.930278600314134,-159.41024192290632,85.7829235162334,272.726121184817
15.3612499,3.491798759128876,-21.27863118762106,-7.388174894635401,-171.97381228360226,88.71696477313148,262.216414760865
15.3712499,4.579307964636955,-22.880932217669233,-7.355076059482497,-182.93670377147822,90.53469319502072,248.58820216736362
15.3812499,6.1021617893025795,-24.70413057632419,-6.982515340439929,-189.0912285960447,91.25492719390121,232.4685478554347
15.3912499,7.787381769777588,-26.38751880081336,-6.739813501816333,-190.75857302649266,90.51107926629109,214.0651733258371
15.4012499,9.476616936896228,-27.83530552896205,-6.657939232371364,-189.67582251786558,87.35874165872424,192.6371071656308
15.4112499,11.489337600437892,-28.812009118277082,-6.592618869341314,-189.67144468133918,82.81132216585719,166.4984998116956
15.4212499,13.67371022073419,-29.19578878344369,-6.543345499209204,-193.77985102743912,76.73533252342094,132.91297936607413
15.4312499,15.943684919060416,-29.410782263587556,-6.431629744171002,-202.02816127526626,68.54964239305147,90.24604777357159
15.4412499,18.572590029861274,-29.323151959524694,-6.221244796367442,-215.7361971122891,57.68123957372207,39.31221133160249
15.4512499,21.519039824857906,-28.856000340956264,-5.230104424882955,-234.5687614608108,42.532681421772175,-18.725771710677257
15.4612499,24.493117238650836,-28.461757904237587,-2.7757699788544334,-253.74802761753497,22.928318318059056,-83.31721732435241
15.4712499,26.836055478705394,-28.373475441982908,1.4904913247577152,-269.2270435851889,-3.2103563445018453,-152.49058087412337
15.4812499,28.712054785256193,-28.76094526459072,6.772244501720628,-279.0942224146658,-36.68066102220519,-222.42669146486435
15.4912499,30.27096235851485,-29.834279181383373,13.16193871544242,-294.52465135547806,-74.75130412866193,-297.57879921309905
15.5012499,29.959703830420533,-32.824617620893214,21.11951230389609,-323.3147666006729,-109.79509164634796,-379.20675068499855
15.5112499,26.531180767794407,-37.625393179477776,27.099794490573075,-354.3677277800106,-133.06705716018928,-455.1835671813971
15.5212499,20.138240840792886,-42.987186234074834,29.83890000022157,-373.2144307413537,-152.62275302752184,-499.32709891911287
15.5312499,12.630311916406862,-49.82125368222848,30.74152544761419,-355.9944835625244,-172.6677431833885,-500.9306438934957
15.5412499,3.9541737071821768,-56.93158353237159,29.833194320080704,-297.82366216088803,-198.20497716029678,-499.298989245298
15.5512499,-6.757058134470991,-59.18656930050628,26.205612034104217,-228.9849566985548,-234.23239447004582,-500.25354210285076
15.5612499,-17.896177462065054,-53.45049803861337,20.85848206142208,-167.6048692033503,-281.45956337263414,-499.8886916381431
15.5712499,-26.831560595074546,-40.8206814372821,14.908445776493595,-136.53848816961352,-331.34601710004404,-500.46726749143926
15.5812499,-34.46169547138721,-27.223624420951253,9.771964755614052,-143.06157275301206,-364.74891766852807,-498.7388215670983
15.5912499,-41.550288038488745,-15.794909438583055,4.187513712623305,-167.0822396651158,-361.0523707899672,-501.7608956191472
15.6012499,-42.04104949776408,-4.821887876523444,-1.523802433496418,-187.58076551051022,-300.72417946898463,-498.0391040639091
15.6112499,-40.00454803750311,3.9940307575596323,-2.7382829608425077,-200.21090015855762,-200.6462655689974,-423.6720706630497
15.6212499,-40.65702774774583,9.067530102753985,-2.81576436856004,-184.85467489334908,-89.47914850268675,-313.9768401036014
15.6312499,-37.803845826872696,11.087082172371833,-4.080742025505412,-124.77650900747905,9.332007811527,-227.06240435994448
15.6412499,-32.88077263364921,9.408254050285583,-5.580806302246025,-29.427653263003396,90.13332895052774,-145.79083013462872
15.6512499,-31.380325499779687,6.477329257783243,-6.953320811696026,60.42176106584027,144.83695509958997,-60.169843132253014
15.6612499,-30.882899595813154,4.313751363284457,-7.881480423207112,109.83971530081153,171.71466825616554,16.79632166805658
15.6712499,-27.865086935455757,0.7276140544075301,-8.654100923597953,151.58991461949145,188.844026121111,63.140397685876195
15.6812499,-24.58128347549167,-0.2406234978020887,-9.532630519591574,165.9456592406995,192.5720225319764,78.2578457600812
15.6912499,-21.655269855680846,-0.24811792863940568,-9.814770244000188,151.3044304846042,180.61143818421965,77.09123589823817
15.7012499,-16.885959442112792,-1.7225033722046674,-9.920947736204948,139.02605873930682,157.37905218040223,69.09911673225355
15.7112499,-10.638215379627848,-3.0024361188281374,-10.416407955453892,135.4757711706826,127.30929196424196,65.41731312954917
15.7212499,-5.235933420371837,-3.8405115050625187,-10.654542070870182,140.37450394679323,104.66120078296562,70.62536117666785
15.7312499,-0.7816928509114366,-4.369237077296974,-10.479639307858655,145.934801710554,90.23916758466967,79.05286716419633
15.7412499,2.838264869141787,-4.803498524421673,-9.9169519257954,147.9522060350553,83.75378750450842,85.39756727415238
15.7512499,5.3471717860318035,-5.628035789238255,-9.084055445526317,147.17356173361387,85.28192494736419,87.32531706571616
15.7612499,6.914179901270404,-6.521665192955205,-8.313794680395237,143.47871381762326,92.03674895275144,84.63481265184376
15.7712499,7.590224178976199,-7.289345977134138,-7.843884058491499,137.63937138303226,101.75322472152759,78.27442699787063
15.7812499,7.270666198211593,-8.330252635476663,-7.545485744656473,130.87141326254843,109.56601537558137,69.37804709241826
15.7912499,6.53559972824533,-9.195865347584425,-7.452633649441664,125.53799436122738,112.04694902498306,58.595970381184394
15.8012499,6.198951976159809,-9.289414055529557,-7.806162544558365,122.27385125583078,110.27307891803774,46.59359337259418
15.8112499,6.2545158658231435,-9.024527182425876,-8.114912319274403,120.82595960220202,105.7901849179734,34.092708831129706
15.8212499,6.1585453937393915,-8.635833261794515,-7.973653492117328,119.92434924399207,99.96322735472172,21.67846333759226
15.8312499,5.843429321259325,-7.971083516376378,-7.585004084207992,117.09771705800283,94.47863171598149,9.94729314199358
15.8412499,5.537472142228932,-7.272714018719633,-7.0157672925182535,112.04698396378166,90.8103965899548,-0.6032664371351568
15.8512499,5.409504299151416,-6.668077169851577,-6.388013388840694,104.15190959964914,89.43619039302183,-9.703797825863115
15.8612499,5.589797545641686,-6.076636479400568,-6.070264760111104,93.24529565020467,90.54304464058421,-17.6838071764015
15.8712499,5.906095909854075,-5.572488273202061,-5.999841040298742,81.07810748139087,93.72018622991291,-24.91968382506188
15.8812499,6.227665036482613,-5.187927568259361,-5.816375274727217,68.50093066433529,98.64848781970726,-31.62022863118187
15.8912499,6.587138459885513,-5.031553922733919,-5.469701011193268,56.853069142177056,105.55378687984529,-37.381078244770215
15.9012499,6.848353067346461,-5.085227518662897,-5.140033395228824,48.46850819800722,112.79057152219683,-41.3619008759545
15.9112499,6.7642556874552655,-4.96283617712136,-5.045718442003244,42.77157535374969,118.86608950685607,-43.622352906875676
15.9212499,6.508999602670657,-4.756146350401346,-5.137429518942663,39.554266746520376,123.86878502299946,-44.046868271475304
15.9312499,6.230147420906122,-4.844427327210565,-5.204097857467864,40.97927161048566,127.11911631165532,-42.37543595199881
15.9412499,5.995953784600798,-4.8120385847919245,-5.33503237510683,42.618235186675385,129.48155119381494,-39.00535623791998
15.9512499,5.785551152474645,-4.486389454601267,-5.352470700849863,41.77346571524804,131.28823793773637,-35.3156031671283
15.9612499,5.636437485977993,-4.457841093134846,-5.123511045663882,41.68885274518122,133.69365968947312,-32.48302751020717
15.9712499,5.661904779925357,-4.77122603234744,-4.924222930351324,43.86992761665318,137.53579820438685,-29.938061960129716
15.9812499,5.864155978981857,-5.182367402067018,-4.806432333847113,48.484779519959844,141.43424466809526,-26.6969504393333
15.9912499,6.081537393862241,-5.57570192404033,-4.456594672990932,55.27390729643659,144.52644795414852,-23.510011450883002
16.0012499,6.1563496251632,-5.85014451046456,-3.938394691097286,64.09045428952284,147.0465245979787,-21.13114533227104
16.011249900000003,6.118401781341649,-6.095953692670704,-3.605266060209715,75.68751659548141,148.11311858221282,-19.270665858137612
16.0212499,6.122781397292618,-6.299602979126882,-3.4422460920620925,87.95943069409604,147.2629611385686,-17.3483638931789
16.031249900000002,6.248838508581376,-6.270905766589594,-3.3555532112869004,98.39866014965469,145.7123005282866,-15.26545633143761
16.0412499,6.307543306639418,-6.100565951124447,-3.2362607392923604,106.72718732550136,143.56785720363928,-13.264227383505062
16.051249900000002,6.3564553751670845,-5.8229626653899995,-3.097693096214376,111.85122107288315,140.21240151549847,-12.166892786228713
16.0612499,6.608262765650917,-5.383659054010358,-3.1043712866135946,113.17403810818988,135.86039113067895,-12.804058468848712
16.0712499,6.953401532561409,-4.983127631422278,-3.1023851190322014,111.02820277221926,131.22111191632146,-15.174476937551761
16.081249900000003,7.179156335964105,-4.711635036533692,-3.0269470248027623,105.23951567311093,127.10577034164137,-18.50227017973638
16.0912499,7.265715932807618,-4.459150378091228,-2.891258895115215,96.0381209071069,124.06940882620759,-22.443246166824707
16.101249900000003,7.405583400317742,-4.2874021996765315,-2.7266668611574914,85.1677927283685,122.86082234906826,-26.768532601890062
16.1112499,7.617851965703248,-4.392243037921325,-2.436545255926676,75.68649238903042,123.12379966434517,-30.830411984709503
16.121249900000002,7.8332439242588,-4.722939518225167,-1.8475529595164792,67.82704714345458,124.76666560447744,-33.66366140586341
16.1312499,7.9635228875084545,-5.077802505299066,-1.0899330769584623,61.98502342764995,126.97822613607258,-34.599392040896525
16.141249900000002,8.025655406930518,-5.347589457465171,-0.5220668067204332,59.9653329317405,127.61101423621963,-33.582187853757226
16.1512499,8.068467554125625,-5.387249332997339,-0.24982535210008278,59.58452222222755,125.71126276092517,-31.68236492357052
16.1612499,7.975481595451323,-4.849237768662355,-0.17121354674903616,56.58878115840132,120.9134278787014,-30.60333743733012
16.171249900000003,8.179423792082536,-4.161761423418664,-0.10732125833935856,51.08130353419611,115.69491827622187,-30.92204382713005
16.1812499,8.92277918440674,-4.540689786328759,-0.09154665393195392,51.07139305587801,112.25584627518374,-30.318000035511126
16.191249900000003,9.021665813479045,-5.154051917733614,-0.28383996557801044,53.87507694696438,107.19610451056622,-27.119653020430174
16.2012499,8.475536673045307,-5.003885750962931,-0.25192644422991395,52.978292608234064,100.33989534289623,-23.078410863080055
16.211249900000002,8.424281737082698,-4.98252842504682,0.2053141310778516,52.47184627038411,95.23812653214299,-19.675485225853333
16.2212499,8.604178961153893,-4.808758186189195,0.6210851486196457,50.05218612528857,92.05082578994872,-17.27322362643364
16.2312499,8.740300353359888,-4.790318378599794,0.8599776542304722,46.8365749659362,88.44179864861157,-15.215160817161873
16.241249900000003,8.851709148701154,-5.017795225219822,0.8651249874211233,43.074604576491396,83.44884247870449,-12.220238805529164
16.2512499,8.787879947692717,-4.9418376291120705,0.6986695213236715,37.06349212570358,76.83999065513436,-8.595572720408699
16.261249900000003,8.727217836947743,-4.824005267890589,0.6891566074935666,31.320560326784506,68.27191727907234,-5.258772687358263
16.2712499,8.763073673928691,-4.631718370359289,0.8226682601874205,25.448935138296633,57.89822391961495,-2.701498336811011
16.281249900000002,8.939227348870347,-4.256584637019928,0.9275881480656147,18.793564856302282,47.64059171813654,-0.7387419260762025
16.2912499,9.402687851930292,-4.14912555236549,1.070295860183841,13.709436388242748,39.21403561740927,1.2362827651378676
16.301249900000002,9.864253791362719,-4.362985988031988,1.3063670354907266,10.096956690851547,32.33146952993999,4.232432467854603
16.3112499,9.924924216459985,-4.493122672277113,1.605626553542506,6.399745010430457,26.322748715260776,8.305806016914147
16.3212499,9.720302821835705,-4.340799693531715,1.828517089430904,2.7733111940348882,20.70692149575645,12.10878963234851
16.331249900000003,9.662753408744626,-4.102931519113908,1.844170972242471,0.08687140506595033,15.170907141182964,14.535196369662476
16.3412499,9.591022425534305,-3.9175018801679973,1.7409568505741946,-4.027148998487467,10.396476945042753,15.894923797478018
16.351249900000003,9.377059556811348,-3.99412288991858,1.6736545828580198,-8.824274350395298,7.406190928993738,16.94130425997903
16.3612499,9.337596780181686,-4.143495479940536,1.709604707101205,-13.668534055099574,6.479557844037132,17.323089671128933
16.371249900000002,9.19556375618839,-4.164027103017375,1.8061063349329785,-19.174797435521,6.1240038957758385,16.5509027596495
16.3812499,9.085479432361291,-4.360895072369075,1.9299898934649937,-23.41278527054629,6.521448729885137,14.877090614226741
16.391249900000002,8.997379994248865,-4.6404228758632575,2.0748281969235918,-25.91042576323227,7.293548408106653,12.769818434761666
16.4012499,8.820894284801936,-4.974035651884006,2.2317215958889545,-26.5604829249957,8.114608775114958,10.57085599812504
16.4112499,8.609794550197318,-5.443181861504499,2.3520535662735598,-24.242735192786647,9.140955974773592,8.649146460452535
16.421249900000003,8.319812957696094,-5.862060108957915,2.351331737670111,-19.196574024605287,9.571176912367791,7.464968483664851
16.4312499,8.141592197000463,-6.051740957887879,2.3262244429309207,-13.208974195088855,9.496725793320087,6.6076619379411525
16.441249900000003,8.125497382791993,-6.039405061005069,2.3928119198423285,-7.048488685056655,9.278671514025662,5.4510712876916925
16.4512499,8.023957611865372,-5.972625160257366,2.44351547712708,-1.141786731430326,8.715942338220739,4.019459986508349
16.461249900000002,7.8821924830944825,-5.89521738365483,2.442404300582721,3.3601370861546545,7.941113540469066,3.0439877215296405
16.4712499,7.832833933788502,-5.776249102729689,2.383093229105738,6.105180367796616,7.115996957032635,2.5740014053476825
16.4812499,7.766785153941493,-5.658220466900558,2.284170132974162,7.46194447695079,6.022379714360675,2.5646073842070267
16.491249900000003,7.656759000040508,-5.544948418705821,2.200116258290411,7.365389711784817,4.545795359457818,3.2197670572357233
16.5012499,7.608417744184319,-5.396753306041515,2.098691879246613,5.607902897301839,2.8577647531107515,4.2321077885527885
16.511249900000003,7.668696859736582,-5.21626547719341,2.010534444853081,2.683446660365947,1.345049359996204,5.01343497101127
16.5212499,7.740729168268874,-5.189888230823577,1.94722164651846,-0.5432101268382863,-0.14462720635728357,5.566363976408058
16.531249900000002,7.732021735076276,-5.267662559664702,1.850371849856017,-3.4468856879219616,-1.651326534989192,6.454577473879021
16.5412499,7.775319811379494,-5.27157141972404,1.8306572535527046,-6.173893895219736,-3.093025718726875,7.55375644979558
16.551249900000002,7.9466715914730095,-5.283424095302878,1.9241704233906478,-9.421743427458805,-4.381236708631216,8.824798168617058
16.5612499,8.018695884164686,-5.373233172436544,1.970724961687225,-11.95537048040998,-5.082741114618372,9.810082936734137
16.5712499,7.948807552231984,-5.531799827429187,1.967039771458719,-12.576241905530132,-5.7886821183211605,10.338112463113264
16.581249900000003,7.929523194288079,-5.723972182048652,1.9039886380778575,-11.209284869065238,-6.379273949545489,10.836783902611451
16.5912499,7.908570112093061,-5.828211539166116,1.7802097977150029,-8.907045857764146,-6.801320470546787,11.225561449208849
16.601249900000003,7.863700520741757,-5.916369945268405,1.743408276735979,-6.565989194480382,-7.620415817868855,11.455945879813022
16.6112499,7.895009936824294,-6.005565221358275,1.777568276330254,-5.157819787796626,-8.040709625029411,11.189833320793198
16.621249900000002,7.9641407040381225,-6.054369761936719,1.797118672740118,-4.023568499337245,-7.751592549486932,10.180635030904797
16.6312499,7.985834059150257,-6.1546346520905,1.8171925328846859,-1.6676985682286813,-7.406852754172294,8.752883089637756
16.641249900000002,8.001700707451432,-6.256640596979569,1.8336013911282507,1.2427740464932968,-7.03014040785606,7.5027544753366495
16.6512499,7.975953021807675,-6.292773387815955,1.8430856257868171,4.1596805694049825,-6.84969224697967,6.703085332611852
16.6612499,7.918506412148932,-6.229022860916712,1.8391290050770548,6.825563719513305,-6.737454673242296,5.952347930582141
16.671249900000003,7.961118277949389,-6.121392516746547,1.8100799412833164,9.148027579586131,-6.585553485741185,4.989543849935969
16.6812499,8.01642584732948,-6.061036168407515,1.8076226683776595,10.954362279090109,-6.569072949984859,4.126892809783052
16.691249900000003,8.025767902836911,-5.976713052279185,1.8559419036043703,11.642308701501133,-6.552995275336961,3.5397149978526925
16.7012499,8.035751823007757,-5.856768648492314,1.847377760629671,11.53148430548949,-6.493878703900367,3.2125306545449406
16.711249900000002,7.993909397210898,-5.772800698948671,1.8081726012756116,10.961252672611032,-6.759914450776807,3.25871299880556
16.7212499,7.923303865469903,-5.796314116502006,1.776023168754915,10.674426502815326,-7.5387808074998865,3.5810975931328555
16.7312499,7.803527285177929,-5.871319408850881,1.702311890399747,10.564433478218469,-8.578040676658782,4.012279066152155
16.741249900000003,7.613940976291708,-5.796288905388044,1.6051706659811715,9.321443113684165,-10.253248892108367,4.259179045826315
16.7512499,7.565196442780247,-5.723814768365101,1.549006067187408,8.064457056555339,-12.050553916065768,3.876603445215682
16.761249900000003,7.610954434109259,-5.840200127411301,1.549597101240041,7.269542532964042,-13.264281243964904,3.2891243244791335
16.7712499,7.541563136543089,-5.98327515269001,1.5069821813136737,6.259741668617218,-13.850315312650263,3.2723101677690125
16.781249900000002,7.4341162800839395,-6.061201969981015,1.4431237176460254,5.2522914152875915,-14.239958905348496,3.700869074855129
16.7912499,7.393535167584398,-6.126861342302512,1.376843699522429,4.592491283187525,-14.371618378140782,4.1598796161828995
16.801249900000002,7.388612540071933,-6.172684495996595,1.289564191398496,4.028774390263911,-14.216736999529548,4.502184551759906
16.8112499,7.445604182256824,-6.174478637734371,1.2772117338456692,3.59940610710426,-13.524711409494213,4.808824121309313
16.8212499,7.54915758158048,-6.171613807371467,1.3509045065383938,3.2106792178419803,-12.399163417017691,4.948141134631686
16.831249900000003,7.627526359692669,-6.206566300935585,1.3746950086903962,2.9636821182302446,-10.979747749653477,4.883840357564533
16.8412499,7.660864372641967,-6.154464553516585,1.3171672271283532,2.3904861654921445,-9.561088363834505,4.802074734551444
16.851249900000003,7.665449217788552,-6.05180759944321,1.2746013263114737,1.5306785233651188,-8.462046858154618,4.464327014728311
16.8612499,7.677575676666129,-6.02800906544283,1.287477674147228,1.0040362719252287,-7.550108510208051,3.8517251487884385
16.871249900000002,7.724243223146645,-6.039586937148157,1.2946448586141521,0.5442851472521256,-6.533241894507077,3.1569229832844097
16.8812499,7.759087767886028,-6.084206931250363,1.334511474367551,0.4915346633429616,-5.621166729050289,2.5726075520893126
16.891249900000002,7.796890747939558,-6.18305692526319,1.426043521807554,1.8794692016592958,-4.898934885993998,2.2035751018622016
16.9012499,7.778549473102088,-6.235690160636231,1.414154051658558,3.746260952308257,-4.16960439116766,2.064267260345558
16.9112499,7.699157037742464,-6.1501960227583305,1.349872278790314,4.889876834286067,-3.5699137168758885,2.1269235539610287
16.921249900000003,7.698792590508455,-6.057461317189871,1.3276690724272229,5.613336842971464,-2.9600227691630447,2.1923538723301434
16.9312499,7.696510723111289,-6.005473897104324,1.3455409155995424,5.723916383469348,-2.4992206364004157,2.4226031266824966
16.941249900000003,7.675264291210146,-5.979413031959873,1.397729095003647,4.930070786957107,-2.1191906879203533,2.66240472450419
16.9512499,7.667222485632298,-5.982743626661303,1.455373778413253,3.6718403550891763,-1.6096017264576417,2.861804623379946
16.961249900000002,7.626325112006443,-6.0107246029818,1.4955807011131397,2.4525228498645766,-1.2605823234950948,3.1768299969353055
16.9712499,7.512781173887155,-6.082711046728846,1.5106366740460833,1.5947381136510006,-1.3725986315118635,3.785733262592578
16.9812499,7.3868516962281,-6.183897501930935,1.5149626233395441,1.43327308532223,-1.763505997345755,4.713432336293469
16.991249900000003,7.230283274260039,-6.258262613027388,1.4916363447394294,1.6430565091828762,-2.40747563797143,6.075226184101671
17.0012499,7.000036357710879,-6.3183719644911,1.4527102693052296,2.1154921696912625,-3.485759747586498,7.543179401955045
17.011249900000003,6.76312953616174,-6.339983229456792,1.4018546850207552,2.5362301576394723,-4.84375309689613,9.051227538655537
17.0212499,6.561741444767585,-6.32437997132466,1.3472651500559232,2.7573504578035855,-6.389849821360421,10.941917325046937
17.031249900000002,6.369003541210743,-6.291945537620611,1.2838563927556015,3.0820412934196884,-8.07213276644984,13.183415812008803
17.0412499,6.150505877358966,-6.203527572775878,1.228448535325184,3.5162093290388747,-9.754881178975271,15.772979257966469
17.051249900000002,5.92881980189351,-6.064917213319872,1.1598349978350107,3.5814802184446357,-11.668127620580902,18.813053458124326
17.0612499,5.7037460879857225,-5.910052636225172,1.0801515720194204,3.369453920345057,-13.626696662196075,22.593006331265357
17.0712499,5.475087447450119,-5.780305347272026,1.0321358010046169,3.1044449968221977,-15.211700661397984,26.898675343990035
17.081249900000003,5.231632672356978,-5.655350503089802,0.9950154170919594,2.652085298730959,-16.711185685894964,31.614921558000614
17.0912499,4.940406811335014,-5.490724019650977,0.8064431244733022,2.0365093517192814,-18.136576487193558,37.024206960678754
17.101249900000003,4.610221199627134,-5.242561424243081,0.4559023805014328,0.11333696097518159,-19.24761400419888,43.26321633266634
17.1112499,4.297409144720522,-4.980789429576065,0.19525857102645783,-3.447516878452504,-19.908580430428493,50.00781089890029
17.121249900000002,4.010226057145623,-4.764395873574882,-0.00947418814373035,-7.98846098886988,-19.640028709047122,57.522030533337194
17.1312499,3.6544694568967997,-4.533469744709702,-0.2958226938167904,-13.936127055973314,-18.719745877086723,65.86001433241243
17.141249900000002,3.3045476428864853,-4.482980728297751,-0.48971988468464994,-20.43089651281247,-17.192643826519028,74.66081848283734
17.151249900000003,2.929444953080571,-4.6724237907711155,-0.6282769905702837,-27.056566549171247,-15.109689116331557,84.27989425817559
17.1612499,2.4603253908235163,-4.79682694379755,-1.0415832171366894,-34.38246544436629,-12.75117643015622,94.20874836161519
17.171249900000003,1.979021143271187,-4.852710968396158,-1.5512866100392595,-42.34984971384368,-10.303362985420058,104.74617315406445
17.1812499,1.5163942587246293,-5.018643665814902,-1.9539946998063,-51.24236778572288,-7.903229369355422,117.45132875297253
17.191249900000003,1.14374116191877,-5.199213335731153,-2.2931732383892824,-59.35795082517837,-5.826705807980163,129.6716627657834
17.2012499,0.7954684796270597,-5.37698688176703,-2.652282690338761,-67.29672941413315,-4.136975967595685,141.5804441927494
17.211249900000002,0.38619080331651706,-5.67336727682728,-3.2153068043976507,-75.83387575417242,-2.589642628221179,154.71778340361521
17.2212499,0.02894691891697834,-5.926291530059617,-3.986259411439026,-86.13080488765327,-0.5024658095472414,168.74193326853293
17.2312499,-0.4951688288059913,-6.174377577043994,-4.767340853484572,-98.4145366872635,0.9473411359423645,183.28928334934383
17.241249900000003,-1.3365301566031573,-6.555301207536618,-5.6733344252994,-112.64050393962913,0.7053218404842992,198.96579877552088
17.2512499,-2.0254092774936625,-7.0516779490251045,-6.643341849656343,-130.04015559564223,0.7507816034819517,216.10783467120945
17.261249900000003,-2.4777482890348903,-7.58782865347644,-7.510438931478547,-151.90608353705227,2.0548451576743916,233.58766635215443
17.2712499,-2.9194475589026676,-8.145316257573366,-8.391439673688144,-177.83022467496704,3.9223415445577445,250.0935103611344
17.281249900000002,-3.1561703940295365,-9.209533744180652,-9.10245187983264,-203.56789401124112,6.716633513883998,265.5920921112154
17.2912499,-2.8819599687416626,-10.755022784753214,-9.633086232310143,-226.39464455160928,10.350378342074078,280.1749995815818
17.301249900000002,-2.2017919695997508,-12.54363272651924,-9.976553761268773,-243.97704201753012,14.4657522133044,293.08898578920383
17.3112499,-1.359478848871678,-14.89157256221278,-10.004096168400233,-252.70774138418588,19.127996127347494,304.06747216887106
17.3212499,-0.4684547053049416,-17.583816689914585,-9.880068906090553,-253.28502321267666,24.425085940441473,312.2225474410471
17.331249900000003,0.5673335177290972,-20.322704826588275,-9.534706825864305,-246.09751182200858,31.12744635187129,315.6974832733897
17.3412499,1.8593585486296267,-22.940360435644923,-9.228326311368884,-230.90617946918087,39.6555578900893,313.5344979367952
17.351249900000003,3.320028311748664,-25.56467155839083,-9.178393541761082,-209.49231334642135,48.82964091951833,305.7324149197319
17.3612499,5.106825921025498,-28.08602732396894,-9.095041727320854,-185.584790661462,58.449307766593705,292.3260666805688
17.371249900000002,7.100447469881265,-29.683848286241837,-9.150718974740807,-163.4656175840233,68.33553247370988,274.5791501776049
17.3812499,9.487227780074011,-30.3745841238942,-9.201918518580054,-146.3319586979059,78.96312243003564,250.48935033678148
17.391249900000002,12.61164389554721,-31.030448395529284,-8.800424612027141,-135.4688414930916,90.41683709175271,215.17371465904563
17.401249900000003,15.337234542287389,-31.444624094482798,-8.490741995068296,-133.96900050068572,96.30267777105685,175.04236393232682
17.4112499,18.26634567040512,-31.323385607459024,-8.703112976040298,-141.2133339911466,95.69466816258264,128.19370524407728
17.421249900000003,22.438486331370253,-31.000660448140312,-8.684413694279147,-155.16476934861063,89.69892696626661,68.93897953011994
17.4312499,27.292248522340323,-30.81741452914833,-7.2602919420724605,-171.76962942857003,75.50277946885453,-2.1486591786122515
17.441249900000003,32.296098853961034,-30.711306295742844,-3.79787158650056,-189.29998378499417,53.07207567120507,-83.24886804356336
17.4512499,36.67927295846672,-31.101790410195683,1.426065906381283,-207.16582776373184,24.423495859234833,-171.79763330369613
17.461249900000002,38.73000688735892,-31.843444295666238,7.539160773056288,-232.48805820889675,-4.8448638844693015,-263.3287637314429
17.4712499,36.95984390505767,-32.77447030705552,13.29957075668458,-275.79867973880783,-31.112038080576582,-352.2084087365013
17.4812499,32.73022377274396,-35.08960257895196,17.44005225574502,-332.045651680335,-51.451820493425394,-435.940733150947
17.491249900000003,28.964028649884867,-40.13279848936327,20.820039804855302,-377.0129127021213,-59.19318738295971,-492.87456804979814
17.5012499,23.845258336171565,-46.83557435340327,24.335155654627098,-385.3800630072514,-59.43605243145045,-502.0356765735785
17.511249900000003,14.862663645972235,-51.96113237655908,26.061057405129137,-352.96176856051466,-62.068848434826386,-499.12222694613615
17.5212499,3.7587296370129617,-54.498671116301004,25.31401264437204,-289.6316769688225,-74.86240911783923,-500.1112620906582
17.531249900000002,-8.748392268593731,-54.05072059666129,23.327414964767392,-212.65132703588608,-112.03935317539128,-500.38709528016966
17.5412499,-23.03213145660918,-49.21723976952971,20.6821411210784,-132.91521271541185,-177.64611715764264,-499.2473486997865
17.551249900000002,-38.21461784084257,-40.900975477983785,15.898365510147999,-54.966966230254194,-248.68316185713573,-500.4944002994916
17.5612499,-50.04994301864316,-29.474005284618904,8.699234231445361,-3.942712270570998,-290.94075622553385,-501.26089913230567
17.5712499,-52.55290226649162,-12.102272198796873,4.207693456636727,4.104765758375657,-293.9514096084975,-456.15994853709134
17.581249900000003,-49.79864653951951,5.450134849573379,2.6138478704288257,-31.176337728785963,-263.92099975263034,-381.4929339643185
17.5912499,-47.19705606968821,15.617355171679396,0.04946262591468669,-87.6226259373157,-199.59339436842322,-327.99150857918124
17.601249900000003,-42.55867572137554,19.315639381347,-3.5970272060034523,-122.89605687236978,-112.16411367923338,-279.61308918864603
17.6112499,-36.961515798893856,16.64452914539567,-7.692011520153552,-110.04832377441956,-34.623519914412086,-216.9052512516489
17.621249900000002,-32.75120856498585,10.922663366561997,-9.712190481892524,-54.89933229207517,19.14548230019162,-135.15518246192246
17.6312499,-28.151503372544177,7.462631448203896,-9.510250714186332,19.49645493063516,60.67580825037719,-47.41884726765537
17.641249900000002,-22.723705931807437,6.249344965277993,-9.389622790594396,90.66528825523058,93.50447997994533,24.90297069743245
17.651249900000003,-18.54428874233997,5.087147360591684,-10.05873161523801,138.58115780560115,116.11696082398616,75.43181375211012
17.6612499,-15.32921864384946,3.0597974684353937,-11.305510385318476,159.12686870449966,126.83604864627533,104.56893752975691
17.671249900000003,-11.439686482870155,0.6385095629603933,-12.21159675902134,161.94598036189728,127.22082432041985,114.26881648264062
17.6812499,-7.411008254669109,-1.4810145449027965,-11.884125743018593,152.75230207819754,119.02068449764343,110.43663424741331
17.691249900000003,-3.829207597932432,-3.5366460971359936,-11.14258161772487,134.7919799098595,106.81313260577637,100.6169872875561
17.7012499,-0.18276225469440385,-5.810044739252671,-10.609907144915203,112.47900942532614,94.83448182382456,90.1609257988715
17.711249900000002,3.148404954192587,-7.882204595392676,-10.080480823627658,92.10406268888663,84.61037701833152,80.01961726826329
17.7212499,5.298921325875439,-9.077849969391497,-9.501911413328054,76.75131207910731,76.62776878879657,68.52589129144746
17.7312499,6.424301956638819,-9.533136647593176,-8.999979017651148,66.88081509487309,70.64433103828131,54.5798309178709
17.741249900000003,7.084256832423564,-9.616525532867094,-8.757645464794853,62.739376920436214,66.22307868237849,39.659322368119284
17.7512499,7.313187745569146,-9.352655226628764,-8.698707708413718,62.81319863043456,62.496480204899335,25.982035156736153
17.761249900000003,7.1965037017964875,-8.826178083638853,-8.60643925936135,65.87685775732074,59.774193102015765,15.21534257531552
17.7712499,7.048956604109783,-8.221885150852389,-8.403458043319024,71.37631968738557,58.56530321584515,8.165914462176127
17.781249900000002,6.915924105848909,-7.670946330424158,-8.179096153915301,77.81241616649541,58.53069734186278,4.278318815445602
17.7912499,6.702841414013576,-7.176816444171479,-8.105524487296833,84.08168243154498,59.695715549045175,2.406424938335669
17.801249900000002,6.379749226004081,-6.488863242489539,-8.215746919019793,88.0846318352823,61.68504314123428,1.3767939280892312
17.8112499,6.252194022401541,-5.466140276482831,-8.457268032714937,86.92753813501061,65.30821834549954,-0.6520423879668689
17.8212499,6.442740066659689,-4.642426044596446,-8.57168864291741,80.72816134585852,69.75419988312272,-4.594793433296
17.831249900000003,6.533064649435508,-4.156257828449916,-8.445768444740185,70.72167178048943,74.0466872871823,-9.600746700930669
17.8412499,6.273109552660818,-3.7856954162812477,-8.160838693385227,57.674273321011505,78.77002600026626,-14.681363743477542
17.851249900000003,5.860460295488706,-3.73037582925049,-7.74416390090597,45.48800075821144,84.40436595472623,-18.706503794801765
17.8612499,5.375266883201415,-3.9470334201440243,-7.1931658516959125,36.60957685205416,90.64503919030096,-20.740945476517528
17.871249900000002,4.7476413596066385,-4.22843381728406,-6.644156509748683,31.69249705031863,96.65215105253691,-20.427924769076636
17.8812499,4.148308524026279,-4.4154825261230926,-6.277151146933444,30.322906594328302,102.08340785486543,-17.813494532179988
17.891249900000002,3.735598336717929,-4.585851178338431,-6.1307771956599435,32.44123434540231,106.13891916822367,-13.151196159789048
17.901249900000003,3.61217887031516,-4.51657545120908,-6.208881604756251,34.43507140361628,109.08064039092832,-7.792348998161315
17.9112499,3.696867486153304,-4.510514974928119,-6.047599866087526,37.71871273988076,110.98944561323084,-2.813552477669875
17.921249900000003,3.7417493416652445,-4.635396130258104,-5.7279045905628125,41.29639077033464,111.14629684174896,1.1649644336150908
17.9312499,3.8779276985009465,-4.167371463809024,-5.580838434398108,41.01343082764291,111.76800692307172,3.3100090428779554
17.941249900000003,4.187229266765761,-3.998778409881456,-5.248689524304611,42.30995754834633,113.64967236252176,4.187237942052706
17.9512499,4.432146781696692,-4.534548610959054,-4.837942210925927,47.78554009699778,116.15393165918273,5.69832647778414
17.961249900000002,4.686910579500548,-4.708944255417795,-4.584446445987754,51.07597612187711,119.38871628429534,8.529753161678734
17.9712499,5.0477797722402755,-4.633979903400979,-4.154874738737542,53.83685457708354,123.47940337520862,11.94980774736267
17.9812499,5.326600755057529,-5.10594976088975,-3.5414779367319253,60.95016381930154,127.77002728642921,15.8588678964291
17.991249900000003,5.329207018129001,-5.583756537928934,-3.135491152168417,69.10470922647002,131.68625783922718,20.43870503235241
18.0012499,5.2098681496141985,-5.977765950491191,-2.9922701405444827,77.22214923331678,134.26869269470117,25.222986789536154
18.011249900000003,5.2256637325996484,-6.448896935821114,-2.996673982671335,86.04872554498449,135.99664285033506,29.893538537798534
18.0212499,5.454870461070625,-6.561545753380115,-3.1633519792012246,95.74315518079,137.69747528450142,34.07171506424815
18.0312499,5.727379248189968,-6.275068553278674,-3.2893134859866997,103.59685464867546,138.71615688051557,35.698340842082956
18.0412499,5.880540369656839,-6.004454138846843,-3.155694920043794,107.61529082574117,138.87828493196042,33.993404226530394
18.0512499,6.089105323488798,-5.849638856100008,-2.8594649785054496,109.7731223312567,138.9305000016955,30.86776705287618
18.0612499,6.438737444145032,-5.833330805118421,-2.604615579559082,110.66022369047198,138.91752786277925,27.410200497041878
18.0712499,6.81824578525046,-5.961741773355999,-2.356661454597443,110.00373252013917,139.12765151492584,24.629741222997932
18.081249900000003,7.058217561478819,-6.107890528474739,-2.0328723461182503,108.47465599115041,139.47814166824415,22.806015106148834
18.0912499,7.260259291057352,-6.213778467503609,-1.8459015820383429,106.43748598063216,138.33530567568422,21.222795471410496
18.101249900000003,7.736532037964063,-6.222126463157899,-1.9207171310417812,103.63136333991876,135.1276225897681,19.402834365310387
18.1112499,8.300762593942967,-6.197198497638219,-1.9979506815050008,99.61378939163012,130.2414933222272,17.340229969461213
18.1212499,8.609741502141048,-6.190590776710146,-2.0334687278278314,93.73485633751665,124.84535613028449,14.976682554911859
18.1312499,8.778890200567648,-6.21384216886543,-2.1313860624539127,87.29911977658001,119.51333309543863,12.30475809161009
18.1412499,9.038413640014253,-6.247976137353757,-2.1655543085697246,80.15065270986896,114.18825927913024,9.092501071357203
18.151249900000003,9.275887333749738,-6.193141355134646,-2.0494340235236277,71.7685415894088,108.76891429424722,5.416283822140712
18.1612499,9.253740569548393,-5.763896983933304,-1.9611483989552603,61.08356860315013,102.86757116451173,1.1173715725705047
18.171249900000003,9.032473787979635,-4.800691942948984,-1.983104359661165,43.80788756814496,95.80725497339773,-4.897556507133014
18.1812499,9.651507380429335,-5.241545890260187,-1.8744418071980171,34.40184069225837,93.03412838900144,-9.056159754112148
18.191249900000003,10.32475235977221,-7.349786323661955,-1.843345536483047,40.68809177141605,92.22646743352277,-7.143849537379636
18.2012499,9.415868049027818,-7.674942258676528,-2.1166172704433315,38.87177226866581,83.6228603897145,-2.196753477598586
18.2112499,8.924981815493224,-7.475800014571442,-2.1494116138935584,39.177394316164225,74.67793500857938,1.8733154727929633
18.2212499,9.221657723516815,-7.780827035978119,-2.037180858203624,49.27229045415928,69.6483099181411,2.766037934336273
18.2312499,9.042823069113073,-7.796248278613701,-2.0366963741825996,59.50322120461538,63.33711594769635,1.6593139218877953
18.241249900000003,8.874185953169317,-8.103541218507322,-1.9978766018149259,69.05072998834389,57.457566154660526,0.7037956719438594
18.2512499,8.710902549374241,-7.9836901922577175,-1.9397910161915184,74.33118916072608,52.64508041791536,-0.28775128262254024
18.261249900000003,8.560866957845807,-7.757862769481448,-1.7712473198354017,77.52517800867489,47.98299888104351,-1.6959543135647894
18.2712499,8.300008235003126,-7.768875557264863,-1.5809199097495015,78.46862771906261,43.48791353958377,-3.210768517695366
18.2812499,7.8818166689815685,-7.590277267580742,-1.5658538550709251,75.61841729707301,38.49959224297642,-4.997016523534176
18.2912499,7.512843434663966,-7.260238735260373,-1.5615475756179154,69.90360056835489,33.39575693373529,-7.521484563619871
18.3012499,7.235807115975078,-6.980490510375932,-1.407231065691601,61.690774966069164,28.350527639870524,-10.632099148966462
18.3112499,7.031998367909801,-6.809855721049368,-1.1459934088015935,51.980030553030176,23.347606082832574,-13.98691774987405
18.3212499,6.9513769069161375,-6.744948127882776,-0.806508595445815,42.50464978033729,18.85289195657488,-17.18539795077651
18.331249900000003,6.963888882689541,-6.74828810273885,-0.45206918929550455,34.184510490294095,14.58250943956955,-19.810335322347232
18.3412499,7.001879405469055,-6.791786955206125,-0.11789658305659367,27.823728061262692,10.696993988710393,-21.482919595180434
18.351249900000003,7.049304369855879,-6.875396478521295,0.26576993526471876,23.873139035218358,7.48192340145156,-21.816620333996976
18.3612499,7.0983158746760875,-6.90393371508089,0.6409377243023254,21.34190700064442,4.829260906208416,-20.623751052475363
18.3712499,7.170442550798145,-6.830511915772906,0.8726735070204352,19.224141920491185,3.0001455866137716,-18.295012534346498
18.3812499,7.229712326584172,-6.658872070256273,0.9951735584713378,16.955209821510955,1.7780427631461158,-15.379339986796555
18.3912499,7.273252079554818,-6.42035526157036,1.1406326297158413,14.92812513958668,0.968864091346552,-12.510458862183974
18.401249900000003,7.338733039637064,-6.270295299526534,1.363489449199691,13.600711965954432,0.5965186660173681,-9.851909288465894
18.4112499,7.401119227927243,-6.239328109074093,1.5773004599187859,13.001089556317158,0.21341325291231358,-7.6113832724942485
18.421249900000003,7.390043214310853,-6.159452753470946,1.6693428569483493,13.358864757126414,-0.15966926555863056,-6.108360658706002
18.4312499,7.33089387552005,-6.018338229292974,1.6523770991043236,14.028426989395381,-0.5502684304583283,-5.338697157247411
18.441249900000003,7.292907679464306,-5.835498591553101,1.5431444199921502,13.661483286762197,-1.1080113098432804,-5.397467320348109
18.4512499,7.296011429785479,-5.564834251646681,1.36781302333011,12.230914623250495,-2.172685054047112,-6.447254197134018
18.4612499,7.359400822406119,-5.393583759967051,1.2661782810889894,10.259025042811194,-3.243078758445436,-7.988831438639799
18.4712499,7.532935856222535,-5.39055442796991,1.2199663101046556,8.188591015523102,-3.607239281310942,-9.439121084329718
18.4812499,7.77492910297114,-5.427329459132656,1.2327852858780879,6.72349700651603,-3.8381776502884906,-10.221225217895109
18.491249900000003,8.079463360710006,-5.6117981011752125,1.3878546466303472,7.290358398719672,-3.839510990362476,-10.217720278287363
18.5012499,8.196441479107412,-5.808653685466504,1.5758714616086202,9.311938685547721,-3.731378509109577,-9.655420058584372
18.511249900000003,8.095163646194754,-5.95155732368679,1.6578493029216232,12.206335021989068,-3.9962320942733074,-8.809087534799952
18.5212499,8.0131612640952,-6.128278838337553,1.5916151105853358,16.01292610641352,-4.154228081730017,-8.095318703605585
18.5312499,7.813171381099043,-6.103036609817061,1.4203677635711154,19.09750242391076,-5.164553534212222,-7.759694832205344
18.5412499,7.644728608806535,-6.0780356365486465,1.3105815203165847,21.506816614024306,-6.985430435983646,-7.688213478216597
18.5512499,7.644130187730698,-6.082884929139862,1.2862574326470362,22.476660684137787,-8.447517560933665,-7.753656802637127
18.5612499,7.67269411204603,-5.956167845938995,1.2907188969056997,20.867625997861772,-9.48828393653112,-7.856782878633043
18.5712499,7.722619098616434,-5.839869321533233,1.320556042287298,17.923082181269844,-10.018161394611482,-7.847359505239962
18.581249900000003,7.806599993459087,-5.820875797568027,1.3733560522524682,14.567521049150189,-10.244044053675406,-7.604654001321993
18.5912499,7.834567227281557,-5.891756574829401,1.3939360607611344,11.070017388470868,-10.157172798527824,-7.366712233263502
18.601249900000003,7.804878696755307,-6.023352647962669,1.3900833202589777,8.497425268752016,-9.742334938493453,-7.133079805143016
18.6112499,7.745520845245935,-6.118221580267276,1.329591339239152,7.153173212992648,-9.404335328559203,-6.632139368421896
18.6212499,7.669765064565735,-6.1724996143171005,1.2604981489841174,6.787129223499123,-9.469507418242824,-6.155116255637926
18.6312499,7.603422621500864,-6.172155819848573,1.23519022339523,6.586836225655253,-9.26357401309226,-6.2453265740489865
18.6412499,7.6392235409114315,-6.25924134114197,1.2032302099711396,7.661347286415697,-8.726681459166425,-6.757581605845685
18.651249900000003,7.836293905041149,-6.45834295873446,1.200114753432557,9.969528906408893,-8.038482712523823,-6.677242211930429
18.6612499,8.026362553094792,-6.529402640023568,1.2414070473510095,11.816917271976056,-6.763641346280663,-5.7158286131600065
18.671249900000003,8.081908603533025,-6.422861633807604,1.2870703599652418,12.144682398339528,-5.355224240454767,-5.2729466699551715
18.6812499,8.132791274487568,-6.253139104832768,1.317192457985573,11.236366719914903,-4.126026512134995,-5.877152882963975
18.691249900000003,8.155953668641702,-6.198165551401292,1.3033012086327598,10.02087075886211,-3.081848058900807,-6.932815454064678
18.7012499,8.048581042572067,-6.258792000572495,1.245686189678151,8.958291001454715,-2.597652388198526,-7.708429152634568
18.7112499,7.851718706335653,-6.215917286433314,1.176210706682596,7.434531175941876,-2.881594178954507,-8.506308584100077
18.7212499,7.753419392185959,-6.196160178262889,1.1547928583386653,5.932453971229131,-3.509966927078443,-9.651421451970897
18.7312499,7.74187794201858,-6.274606094848459,1.1334806898058831,4.132225216184303,-4.309624614085062,-10.49091582016049
18.741249900000003,7.731753673142109,-6.363954300513761,1.1331265454723418,2.282000069008091,-4.941828336625969,-10.977111904663722
18.7512499,7.716939678409526,-6.3969982156976135,1.1742120681762729,0.7934974730267615,-5.443877082813378,-11.383260110786019
18.761249900000003,7.666590381339127,-6.351814291262871,1.220771392495322,-0.17660799167392605,-5.850241242333447,-11.76363225826762
18.7712499,7.667104028502127,-6.315642454660539,1.247232797706989,-0.3867514700735008,-5.924856381478025,-11.896995186045913
18.7812499,7.6844359844899754,-6.226093682352855,1.232545215788282,-0.1189075038653955,-5.963855880083785,-11.4219972981225
18.7912499,7.633730200430878,-6.063842187209418,1.1839049596446893,0.10109412016833122,-5.86439541012408,-10.467409316250933
18.8012499,7.564802421857233,-5.921161572958852,1.1580239235613812,0.35812364680032943,-5.78816158658378,-9.117087548253883
18.8112499,7.499645068959631,-5.797714385501113,1.1628797686354757,0.6373058624790428,-5.73604213851184,-7.623512478576538
18.8212499,7.363922977458895,-5.716140194485045,1.153950790503685,1.2029378091467318,-5.956454963767708,-5.433309938546373
18.831249900000003,7.159228903932049,-5.645504643927833,1.1471488744562865,1.899845819680138,-6.470833572576026,-2.5733552334645937
18.8412499,6.989920278278284,-5.554494367213918,1.155870517694464,2.5392973824370113,-7.049581668115805,0.5726723226709589
18.851249900000003,6.820754148167754,-5.427382321298696,1.1055569704011072,2.76259894877055,-7.946714726667965,3.80036523168303
18.8612499,6.6415941252204735,-5.2538470086571225,1.011896436430116,1.7753887605317888,-8.716231593746658,7.567240851782944
18.8712499,6.534665096700169,-5.058775069371676,1.011347565908403,-0.4241205657564423,-9.068404659718349,11.694029318449191
18.8812499,6.496710047054124,-4.951074449643795,1.119564523460878,-2.533255833881629,-8.923569356364938,15.137594818501048
18.8912499,6.37346028902674,-4.932988985334825,1.2130250222093697,-4.211559854354808,-8.529771019431244,18.79862751437095
18.901249900000003,6.147394369637146,-4.9428133855699,1.2309921860286246,-5.104231589310836,-8.246518825316624,22.952440481891017
18.9112499,5.915459363491802,-4.931112933221846,1.190785156272696,-4.56728701681667,-8.144209386314596,27.49763051021321
18.921249900000003,5.646752184572097,-4.968902374314043,1.1669180199518963,-2.749398856653063,-8.697768484151098,32.81813049696224
18.9312499,5.3301120351928954,-5.057380742585979,1.1931680920898826,0.017568509197821342,-9.85129194968864,38.823865923518476
18.941249900000003,5.058647676227309,-5.062963941660507,1.1443699916740375,3.0095338705280956,-10.916038352511789,45.322679862069855
18.9512499,4.796129821745008,-4.941969833146754,0.9763676154495274,5.210454170628074,-12.132180813135028,52.06927891901206
18.9612499,4.502470626869088,-4.818835723115709,0.8151226522010868,5.916954146868983,-13.503801639848705,58.175790852809286
18.9712499,4.168847568448327,-4.703955476575066,0.6459745492028046,3.8634825026465203,-14.203531221362715,63.70948051690569
18.9812499,3.833377714428281,-4.598414668354213,0.39055496371849724,-0.9224950501254485,-14.56873443826232,68.56457479903379
18.991249900000003,3.5577498255822424,-4.5979750825431,0.06960710033774678,-7.237914099826382,-14.907970310561716,72.70411045021264
19.0012499,3.31343190625304,-4.801765811002264,-0.39301229025684226,-14.78251744780723,-14.989570496802608,77.20343298049575
19.011249900000003,3.100860343659071,-5.0302818377402625,-1.048687081043796,-23.204864794624505,-14.401635697333573,82.48793884532508
19.0212499,2.9254046973095496,-5.2803477632678915,-1.7016773946902373,-30.863831340692492,-13.20855614743111,89.03023346689803
19.0312499,2.782710594692185,-5.575743394994696,-2.226597924811811,-37.9396996612733,-11.56020846249314,97.17985437845574
19.0412499,2.708296566735064,-5.744504394226731,-2.791417138530664,-45.041758009672,-8.850458870444804,106.41274224192915
19.0512499,2.6033901597101625,-5.812805856147778,-3.336531946970858,-52.86852024862204,-5.050827409301995,116.69131069065779
19.0612499,2.596365867509707,-5.822863740604433,-3.7653190767932143,-62.079283616929885,-0.0787093170714983,127.47491074135185
19.0712499,2.64147719128076,-5.754925610851522,-4.234709392842366,-74.71954235984626,7.042989893755047,139.15962011019775
19.081249900000003,2.5408757130817823,-5.797443973655825,-4.8810107617123935,-91.40908211964131,16.002823949522757,151.63984157267228
19.0912499,2.3673610878689155,-6.0967234973611975,-5.535237377690632,-107.63754660142797,24.124914145386796,162.67052983208202
19.101249900000003,2.156891963796316,-6.544792650275151,-6.201166693560236,-124.02766054949517,31.631198339858727,173.78032772770194
19.1112499,1.8875013871304542,-7.138870482198987,-6.925060783580424,-140.00373120217975,38.70917766564305,185.72550085470445
19.1212499,1.6435041151059604,-7.908937528419346,-7.486153693789714,-154.16841544612834,45.29798945051508,198.45283027949944
19.1312499,1.4702697503593554,-8.795013674269697,-7.943982723203181,-166.76272442532024,51.56613455220314,211.66069618690452
19.1412499,1.4076201399134993,-9.732727788606892,-8.372879234785824,-178.39143142867115,57.43378045248477,224.4309717188354
19.151249900000003,1.2803833714530615,-10.852218082387475,-8.463310372062718,-188.42724662840573,61.77294671881667,236.8485561165497
19.1612499,1.0919980594736225,-12.22515026657018,-8.150342971803044,-195.5312029793731,65.70914116226501,248.9437029690266
19.171249900000003,1.0117551234610118,-13.75389866077547,-7.67290043156724,-198.27995607447863,70.3157126012391,260.8914779060969
19.1812499,0.9288528710049531,-15.382051690074421,-7.339512003255955,-196.6972942821902,74.27014871764112,272.4456446933243
19.191249900000003,0.862247297907519,-17.018081147413064,-7.0894774449809566,-192.37795687565168,77.34946429080759,282.29441333520765
19.2012499,0.844438372204529,-18.595249232777896,-6.6752882983518855,-186.41376453984344,78.86602642469032,287.9909571130666
19.2112499,1.2003368180088296,-19.919414366391116,-6.135850512509761,-182.85790945414357,79.05800129436392,287.27538486778434
19.2212499,2.103548318780364,-21.17593946857622,-5.987314813151179,-182.93016079597444,77.82429201056753,280.07110956942984
19.2312499,3.558386724528372,-22.66600770474432,-6.336470194952776,-183.79774325357002,75.37990397490016,266.3336358838644
19.241249900000003,5.507816042344981,-24.315267954538655,-6.506369074211695,-186.68361379184006,71.24972871198284,246.69124350365072
19.2512499,7.845248436319535,-25.86705193285216,-6.639920076975143,-192.1684674907218,65.06314678561509,222.76807713259893
19.261249900000003,10.64341808980772,-27.258846052498495,-6.81327159588014,-200.51333319387388,57.253985297997005,195.20104197429993
19.2712499,13.856453400267688,-28.546746920046655,-6.404193136969465,-212.45285048394703,47.50417135834609,161.28686710720666
19.2812499,17.31463513689668,-29.43301918890887,-5.703372684785666,-228.0187148474408,34.70151404056259,110.29291238258766
19.2912499,20.750017820380577,-29.984242142280443,-4.605251854075811,-240.792215885011,18.90981734152041,44.475931697950834
19.3012499,24.388945374758386,-30.782193816842835,-2.3212917028022746,-242.09123425913464,1.0343147324725188,-23.434199731547263
19.3112499,28.409003485126743,-31.756292192953836,1.2532335660779461,-232.22945103542477,-20.341768020468564,-93.68198620062675
19.3212499,31.90918588125784,-32.70965730029681,5.868161674763973,-216.62431139667055,-45.27589934051366,-166.66774338275528
19.331249900000003,33.63883714015789,-33.07249697748705,11.2234413059986,-208.15780617970975,-71.22217601933531,-242.81215532061455
19.3412499,33.2705194739305,-32.91083809329709,15.958387623576884,-219.49073571868365,-93.17718680200592,-322.80298828562854
19.351249900000003,30.991886100280897,-33.962914466788035,19.933544667687777,-250.01413954282958,-107.12588849112676,-413.60465750176974
19.3612499,26.603422938829034,-37.55671246012104,23.78712215714872,-283.0629698058239,-112.85014590492136,-488.51906247707893
19.3712499,20.970181519640697,-43.29325094958655,26.71043235948276,-290.02598072188044,-112.48131161069317,-503.12090148673775
19.3812499,14.737217116137028,-49.490429202532084,28.69595621020151,-255.94563887132836,-111.78616334200818,-498.8063254780238
19.3912499,7.072425402400071,-53.85999404462313,29.64323705735454,-193.394662048635,-116.60584466414166,-500.11065059686814
19.401249900000003,-2.8897963888168836,-54.57292727983191,28.176853970791054,-125.83704933317249,-130.62713228303068,-500.2777609675094
19.4112499,-15.658478206134374,-50.48696164064192,24.900620662957664,-59.005345817573414,-164.4561464445605,-499.9331700277775
19.421249900000003,-30.199020547450967,-41.88886008179982,19.039248713103568,12.092026517879507,-220.81514859567707,-498.85609665836637
19.4312499,-41.723231946904384,-33.16170308743054,6.869066437419723,54.74888609027301,-251.63424087426938,-504.0724590062193
19.441249900000003,-48.44337891380624,-24.479482524737236,-3.51709476651033,78.77912773629912,-235.56697784085745,-478.9870028609515
19.4512499,-51.553438568375725,-10.08721404872231,-7.63427169015596,87.86553879559276,-196.73793768449872,-396.9271908593238
19.4612499,-50.70182201995263,2.7201283815056065,-9.657277984960766,57.18076917890664,-131.68644624527414,-324.5082363188224
19.4712499,-47.89006502803729,8.306344650908056,-9.395301383308475,28.855394228389006,-56.17232171826885,-284.5931572824252
19.4812499,-41.499858430155314,9.539235357269375,-13.146646817477729,26.859171756173556,14.174669817141531,-253.21091645605688
19.491249900000003,-35.447238951967606,6.881536148085159,-19.10870697759956,51.450370150650016,67.38357149375666,-193.1667619999765
19.5012499,-31.390912080133653,5.461520134519718,-19.959997022768796,84.46538199758938,96.87348249377652,-114.13972942277735
19.511249900000003,-26.073118637872653,6.836196981569165,-18.10661572540858,100.80853173344968,109.46426106592392,-50.64787162036607
19.5212499,-21.185305425284632,6.770549058406991,-17.073451395429057,108.25427097667284,117.26444060203546,-1.0473209764560945
19.5312499,-17.743220379954156,4.7713850520468055,-16.372129817787123,107.65039023928449,115.91730623182157,37.99922843814304
19.5412499,-13.681550164260258,2.3522162199975565,-15.880621832650602,97.75601551519262,106.21163226217352,64.13653317418658
19.5512499,-9.430053069600145,0.03243892361650589,-15.171885084078236,81.97280688053836,91.6525888511293,77.76569761415118
19.5612499,-6.096254877329811,-2.4691053945445742,-13.548923542689169,63.18669581972639,73.76083797344091,83.74925219176912
19.5712499,-2.92234084391187,-4.793915871144791,-11.610958077985067,44.03534894895866,56.739284431369,86.21611103818769
19.581249900000003,0.740156202097058,-6.375843061728558,-10.29541221685718,26.41824633779418,43.28238444737999,86.89828872797847
19.5912499,4.2381928352968865,-7.7385089685897865,-9.317957560636486,12.9504560527771,32.24832883014974,86.3578673972678
19.601249900000003,6.929445667442422,-9.019727050915106,-8.144086857152699,4.215036369004555,23.11374846097482,83.53014883730562
19.6112499,8.466197101109117,-9.429589030600818,-7.1336118540389535,-4.0425886855749456,16.920843878099927,76.41729921048481
19.6212499,8.705291848055795,-9.300984167612334,-6.619231032332282,-10.723628346970964,13.972024037809925,65.23948697499883
19.6312499,8.137616348421714,-9.479707924145746,-6.446128014040204,-10.776849861306925,12.44656452329524,52.34037912633511
19.6412499,7.71619169553326,-9.667522820335401,-6.504560112476074,-4.227497894291973,10.76537390669433,40.32725350297021
19.651249900000003,7.673916283425052,-9.408049865693913,-6.676684153335402,6.155033768515263,9.105230794101288,30.834501444194814
19.6612499,7.5606717569263475,-8.921528431766362,-6.748090015851628,17.135561903203936,7.844503448042822,24.050535231632356
19.671249900000003,7.406356434787472,-8.278884964145163,-6.968437288801946,26.555205533221606,7.730589663013965,19.04822788534556
19.6812499,7.382376757260186,-7.247436043121338,-7.4581169011692605,32.051593681559865,8.66487458322116,14.229815014979879
19.691249900000003,7.356445737572726,-5.99849586539696,-7.868958508201685,32.067872954123814,9.730345305178497,8.547126363276703
19.7012499,7.213089244957473,-4.819385488108985,-8.013588971879372,24.210378976677305,12.55825431575312,0.4419233308813195
19.7112499,6.931140631152018,-3.9451341215621785,-8.027585557448164,10.10570726266552,18.423905325979405,-8.288004313155025
19.7212499,6.527403609583088,-3.6348536859107994,-8.095241134158774,-4.536059643843656,25.76465894298575,-14.748003261231338
19.7312499,5.982166565846245,-3.8339514403936916,-8.185577376129784,-17.116854654001813,33.500572792190574,-18.86626107309136
19.741249900000003,5.469746686149178,-4.364110134113109,-8.262994463818517,-25.2297486477766,41.51034576673164,-20.07037645584766
19.7512499,5.149516336716909,-4.594537524140303,-8.18598184296811,-31.425055013897698,50.274683090957076,-18.886330791444013
19.761249900000003,4.7948765121583286,-4.5809659471553985,-7.841247236397483,-34.92861746674067,59.638971879619476,-16.546327331951076
19.7712499,4.419689704593461,-4.855024322187616,-7.435001491669442,-31.720002430434327,69.27311892271909,-13.207691963450838
19.7812499,4.218915687569363,-5.11677582234135,-7.018778140752141,-24.113832458074416,79.47218419595495,-8.994396995819432
19.7912499,3.9934220255291697,-5.076424708571449,-6.528037139865293,-14.755265842206795,89.22453414767877,-4.711030263346627
19.8012499,3.7133646730842083,-5.15009090588622,-6.120799330233996,-1.9420427256160686,98.10675724242768,-0.4261207102585134
19.8112499,3.51558673159507,-5.40165660831306,-5.886793010636564,14.0762600799953,106.53150540705776,4.4021043123826065
19.8212499,3.529205905165366,-5.596121861764886,-5.76347580020257,30.80566068026528,114.65792527452595,10.353154071470394
19.831249900000003,3.6491521403174065,-5.712079074284117,-5.5828636041330455,46.33881678261173,122.44271764245327,16.476426544534196
19.8412499,3.673248293017838,-5.662553554110779,-5.1575458241832655,60.34375830734834,129.58826388019398,21.34384743408227
19.851249900000003,3.891271704447845,-5.37257826992158,-4.756659578923873,72.64839212774166,136.0118907600714,23.918428676723284
19.8612499,4.306757713817989,-5.2017657288219175,-4.68985782716138,84.44209088351604,140.63231289993308,24.132346111415323
19.8712499,4.599945037018878,-5.026818090931652,-4.781424072695472,93.40027364415948,143.23724558618915,22.810799660191552
19.8812499,4.788985667957941,-4.704194264813581,-4.853861619544563,97.54063561128422,145.8299353680525,20.441041538778023
19.8912499,4.926789506945897,-4.566781234927767,-4.835130948348413,98.58593347031686,148.87804720288614,17.786217787085295
19.901249900000003,5.182862172625985,-4.490944781994795,-4.688873226321443,96.72561132080754,151.76444052540626,15.265320155311533
19.9112499,5.750147764105505,-4.375721491848539,-4.334538301992978,91.93877841510788,155.89648685381036,12.444440710622928
19.921249900000003,6.263784151179069,-4.378498443123933,-3.7836515319916764,86.23766998494547,160.28163982137934,9.633733448112054
19.9312499,6.615958735270951,-4.539843195306722,-3.2242917090272925,82.63737385655016,162.95095571428504,7.353331047588092
19.941249900000003,7.005646680747584,-4.61629638271345,-2.8383490558765105,81.13520242267043,164.03392240656157,4.895590259047567
19.9512499,7.3958957400072505,-4.724300419108001,-2.5776528385408084,82.31904456321799,162.95534988451436,2.5949211534826384
19.9612499,7.666837662644359,-4.985092015909717,-2.3177003919772385,85.57806741295164,160.3042918233295,1.3319759586566882
19.9712499,7.691250130878184,-5.070275903713714,-2.1739310363731947,88.60144069985621,157.1059111878406,0.9331391858706829
19.9812499,7.729002755719451,-4.944365164854342,-2.1900497164860124,90.87322246628202,152.9892889061109,0.7081415412203724
19.991249900000003,7.951795968434043,-4.790063780246751,-2.0465653473612258,92.55078959096134,148.35840303525927,-0.3174063196037454
20.0012499,8.12492655070289,-4.703969553552609,-1.7507134372575153,93.60084080322396,143.64713105355082,-2.329277489436328
20.011249900000003,8.294332683984802,-4.556783844130577,-1.6735797684705391,94.04584452252978,137.66083592277732,-4.646446871845591
20.0212499,8.816404642668186,-4.386191744917605,-1.7338515906941756,94.39022601569869,130.90788960225376,-7.024689523736218
20.0312499,9.445264955370288,-4.202848514267939,-1.6071970044711592,93.11376964408194,124.57364732275308,-9.319247488324763
20.0412499,9.75540639659834,-4.039849777038262,-1.4149070116287088,90.00692041967523,118.01706497172762,-10.999661244365681
20.0512499,9.927058737910981,-3.9199763660619618,-1.4336516637925336,85.24254706804246,110.68423530066448,-11.860761417270613
20.0612499,10.067762020232825,-3.698654079438943,-1.5847146607203013,77.17156517842326,103.07916064582214,-12.035133438501152
20.0712499,9.770646143022923,-3.087820407346747,-1.6486334313275153,62.18183125718315,94.2278140882469,-12.550902134023445
20.081249900000003,9.281912873892221,-1.9050103549650819,-1.7322854021837857,35.784209351240186,84.15140358345981,-14.921136591707043
20.0912499,10.376163255537058,-2.101866339560839,-1.8148962473559493,15.074635635737677,82.26102206624714,-16.116145717585113
20.101249900000003,11.609932026424827,-4.444293477860211,-1.756014451809431,14.132879746894801,85.63864274712094,-11.115770573311735
20.1112499,10.10259862665772,-5.626883867069956,-1.6153767771745176,12.402186032629189,79.84252383643154,-0.9606405048409092
20.1212499,8.94896650613078,-5.852973888297296,-0.9702507190597132,12.046212605464572,71.40236184137939,9.886632248435118
20.1312499,9.44711109436888,-6.201267419219896,-0.25363961549409964,23.368430368270506,66.59291722849915,16.382026632641814
20.1412499,9.374407328468232,-6.1350227724249455,-0.29814472711525813,36.41931145929979,61.17202845111642,18.576015190486046
20.151249900000003,8.862827533133617,-5.96916407873097,-0.7375557971767145,46.591401214363614,54.124262711772936,19.57126858007884
20.1612499,8.638797584836109,-5.692861638759105,-1.0608055009846438,51.707534384261606,47.00308069557744,19.59045439778239
20.171249900000003,8.617047026605434,-5.497736413988597,-1.151228240876577,51.9679740251566,40.334346930575684,19.02742045752201
20.1812499,8.540627466816929,-5.343393023328212,-1.1421655347247932,47.468644174576504,34.39687892457597,17.86740522424808
20.191249900000003,8.496226931281495,-5.043379931989213,-1.0468772020102228,37.84309227559422,29.578235660531448,15.883052278347403
20.2012499,8.650366752185136,-4.834368290665568,-0.7820286855148909,25.460150228316532,25.956902537249434,13.248365292590163
20.2112499,8.777958810526286,-4.8613978755311695,-0.41970526296933386,12.769289576687466,23.406813295074112,10.4018466878199
20.2212499,8.718255502017882,-5.210969169756889,-0.010136553329682767,1.8542055967419047,21.888829985865584,8.478791836239608
20.2312499,8.576911721666187,-5.7376146218976,0.39379432736232856,-6.13262856512939,21.647394407524935,7.914398272315079
20.241249900000003,8.386427019842836,-6.0922266662345885,0.644179856526029,-11.132914315832942,21.718462561760102,7.951581324408711
20.2512499,8.208105604853552,-6.302629566489933,0.7989849161198536,-12.825996659280205,21.408429127045206,7.8661754717385834
20.261249900000003,8.101351786897503,-6.5140570826902175,1.0019564765943174,-11.0518696098137,21.138442217244908,7.285372626286743
20.2712499,7.945866848255664,-6.59593321969087,1.146881678193739,-7.309359484748916,20.759461165402357,6.186022608304063
20.2812499,7.799313454829198,-6.522773512385904,1.1666843459355571,-2.8082924139879317,20.129959696576087,4.811976016579836
20.2912499,7.789804944233963,-6.462419922997222,1.1882895846190054,2.3874404209562345,19.36921076621385,3.83578968226967
20.3012499,7.839841218573344,-6.375429581870644,1.2847467324955337,7.217624503769683,18.72827482397476,3.4229991353141327
20.3112499,7.861300497172595,-6.203023293367213,1.3865177237372948,11.11036490578531,18.17785214748509,3.341293170176261
20.3212499,7.827254741955758,-6.035002964704795,1.4590328159353247,14.04066851266668,17.213237813639488,3.6538897885558868
20.331249900000003,7.768507964966932,-5.89193885340322,1.464383070038973,16.161292519471598,15.593663550991593,4.281166290288444
20.3412499,7.7286664660782565,-5.75890266318733,1.3987961775550477,17.713053185581742,13.435797654538584,5.115729942894034
20.351249900000003,7.72104883850963,-5.652760622333126,1.3810553842877016,18.265136828055745,11.27050517436718,5.712008051790763
20.3612499,7.770897069678451,-5.653734507981344,1.3966655460161495,18.59747239900295,9.081018880392072,6.136404764986041
20.3712499,7.827505150097386,-5.703955893016456,1.4027507617932018,18.970757410047554,6.886074950984499,6.658381213401467
20.3812499,7.8821346811328,-5.606108147397482,1.4280089555715376,18.11598484216362,4.65213362369795,6.932886538240952
20.3912499,7.991441889902514,-5.523072602986592,1.463370499586472,16.406003728712623,2.6548615878125124,6.642415525650354
20.401249900000003,8.05606000894462,-5.542417608733658,1.4884951441455883,14.086433100399232,0.8514352433968143,6.215757190813563
20.4112499,8.038329660860065,-5.608291674884258,1.4644233042759998,11.302467656531412,-1.113739152761694,5.87966998257122
20.421249900000003,7.980118658199341,-5.698438312058391,1.3418629160927027,8.576381404542184,-3.1610855003466494,5.619008094759074
20.4312499,7.936658927114985,-5.80428100881854,1.2591652835998803,6.480023381539796,-5.36916418031682,5.197164824021734
20.441249900000003,7.952204518136246,-5.94243621693313,1.2661158212884196,5.214905018631515,-7.4134577756424225,4.657369486880677
20.4512499,7.978624977120631,-6.115448384145959,1.2300874726060336,4.836211323463532,-9.212856506826832,3.999797160772932
20.4612499,8.020321005661193,-6.210449502075292,1.1829284574370031,4.886075398005029,-10.628341726278116,3.197590079184595
20.4712499,8.073654468716073,-6.21381155395697,1.1697084476883288,5.072417219683153,-11.49897764747994,2.1392827912120085
20.4812499,8.074008514551931,-6.266027278662109,1.151784202578682,5.706593323012332,-12.140576734679119,0.9100785893319794
20.491249900000003,8.009704800634404,-6.350390683706775,1.0977940261768695,6.656949713529825,-12.546223647652608,-0.1564064768555246
20.5012499,7.877514617016774,-6.391532222338899,1.0173340731041127,8.480447763992107,-13.002670022149848,-1.2926580969923172
20.511249900000003,7.790923268540665,-6.4201216809786565,0.9420408560790009,11.247223745978438,-13.385756702484013,-2.3121745095262085
20.5212499,7.767058659449497,-6.384568099985558,0.8592982225458425,13.971700403799831,-13.715722413478268,-2.6926664662436157
20.5312499,7.783405522328271,-6.263368844474997,0.757540477207894,15.597919291493795,-13.717848322649232,-2.6491977472362183
20.5412499,7.849055967364996,-6.0679613135146235,0.7485388031314022,15.391733627539594,-12.928652789057226,-2.50967177545995
20.5512499,7.9274340679643,-5.891224046770748,0.7976610024706431,14.305248088380045,-11.578517812219452,-2.2344845035750844
20.5612499,7.94913081794368,-5.84172012336468,0.7505872237077588,12.94254241568257,-10.32657660094553,-1.7818173109153121
20.5712499,7.855113599385244,-5.871654375900144,0.6490885750754555,10.888485375374424,-9.185095330769885,-1.077397570088666
20.581249900000003,7.7017933649746135,-5.923812270557859,0.5803949048847908,8.368355820735106,-8.171714665396458,-0.22571309123440444
20.5912499,7.609876074975835,-5.960482596010911,0.5959420286419846,6.311146590339473,-7.552731478979463,-0.08892661282207684
20.601249900000003,7.593314337666097,-6.097504732733904,0.6544843803904602,5.828813207981658,-6.874722064038414,-0.6561426468121307
20.6112499,7.5804367623673565,-6.347116034351354,0.6747280251749784,7.14969901283652,-6.3480252153535925,-0.8940664931219305
20.6212499,7.526500103452073,-6.503973344193524,0.7101390978737799,8.977686255690205,-6.1462055139694565,-0.5771601452810038
20.6312499,7.486693413048477,-6.484157810707145,0.7335486691232154,9.975258321228894,-5.718355475222755,0.024462966310171853
20.6412499,7.502790923630801,-6.372090628311395,0.7141041932167326,9.900917261764574,-5.297888513305503,0.30195220891539015
20.651249900000003,7.530804108605118,-6.319903468983601,0.7388383029913411,9.248643454472678,-5.256158593387218,0.22538959546944287
20.6612499,7.563962037496899,-6.3637649405497445,0.7892986400683584,8.500603302842633,-4.923392473076011,-0.41851878642139273
20.671249900000003,7.6016099212871096,-6.371298018050751,0.7855663534379287,7.219560001817864,-4.408270997524032,-1.2235134549394748
20.6812499,7.660971161941053,-6.382027247236477,0.7966474098832159,6.094160115839406,-3.9737921027353,-1.8729906412056636
20.691249900000003,7.665989699772314,-6.438190492981697,0.8828048684654273,5.514450373389786,-3.580261278593742,-2.5200271687116227
20.7012499,7.635128187346416,-6.496334262303125,0.9418598576374473,5.332272533628408,-3.0523346980523325,-2.915642622817405
20.7112499,7.617680460642788,-6.527756002447844,0.9267506448250057,5.53332947297209,-2.6475559468812655,-3.1650749604793953
20.7212499,7.550566241573016,-6.475762153829613,0.8840955634433925,5.766118309417442,-2.5434332590537787,-3.2531113809702537
20.7312499,7.491773112250457,-6.451215402098362,0.8931839765507108,6.545178449836324,-2.3916647960212822,-3.10113379733891
20.741249900000003,7.468140540742281,-6.438007659037589,0.9849347927738414,7.30634499251343,-2.4432630136398483,-2.831425193493527
20.7512499,7.477650291455331,-6.401174666662243,1.108400400358356,8.500887198858228,-2.290653182518015,-2.5583111485346834
20.761249900000003,7.423605689734576,-6.364083714182697,1.2309408139717992,10.495199842789324,-2.1029199523394726,-2.0750884107396583
20.7712499,7.235523021744899,-6.308963373846779,1.3210851518671605,12.488614036752614,-2.4041006594709646,-1.0248146819216488
20.7812499,7.0157402733357666,-6.2357046484033125,1.3685330306621661,14.730256503776129,-3.10215766445553,0.5797497080780657
20.7912499,6.785584632177772,-6.124178121868249,1.3735800942731955,16.814141599957857,-4.267874457361898,2.65306211449441
20.8012499,6.529897364280655,-5.98652603693647,1.301081844081598,18.611768468979733,-5.975179630711581,5.4762741893251
20.8112499,6.284651631622042,-5.7894716824178785,1.0514846620178404,19.40089866248703,-7.911089994703583,8.874561536377826
20.8212499,6.019161345999027,-5.4698299211252355,0.7746951300176185,17.48445130539611,-9.82528862042417,12.337478188935798
20.831249900000003,5.759518646896353,-5.139400593503458,0.5874980600572427,13.294407050613872,-11.492879128228203,15.946082032800453
20.8412499,5.554695528557156,-4.891848798862728,0.4205717135866162,7.674755359063748,-12.81245292039201,20.063085216941968
20.851249900000003,5.366556489639329,-4.764084914637358,0.2194534469334774,1.655913055327558,-13.828984166702439,25.158855208445466
20.8612499,5.07930597656667,-4.714251821419499,0.05148605830781208,-3.974385051354327,-15.050032457298277,31.317673644568924
20.8712499,4.829988023167266,-4.7384167942683275,0.04826554917432076,-7.652859338923132,-15.801534771804802,38.578123023111814
20.8812499,4.58798301766878,-4.8735797267155085,0.00401737949019329,-8.9712448566471,-16.081376664007482,47.05409313560275
20.8912499,4.221597496758297,-5.062396000133161,-0.23474363603979306,-9.037627421058891,-16.665944040086927,56.99567661530466
20.901249900000003,3.8536465576507926,-5.116602360015151,-0.5619438319058291,-9.502251486279851,-16.774630197116483,67.30309537782648
20.9112499,3.537413170961464,-5.11969679849571,-0.9852863524711527,-11.180197334327625,-15.960945208823201,76.64896214365493
20.921249900000003,3.2552594392233263,-5.164838959787893,-1.291591097085442,-15.15716987193712,-14.244208910622449,85.04698449967688
20.9312499,2.955440986226979,-5.139037125085092,-1.5264122001952283,-21.924877481746133,-11.215128476859428,92.62890624148372
20.941249900000003,2.5405825213069932,-5.1517082056375205,-1.9690789006141007,-30.0384674898315,-8.202948437998662,99.96629110434127
20.9512499,2.2717854721142743,-5.1528830684172595,-2.417742212372632,-38.89728781942014,-5.671674834399208,107.20130409024871
20.9612499,2.13650294600848,-5.058154445091917,-2.7766131105367955,-49.743739163632554,-2.6806959965167048,115.24499752405454
20.9712499,1.8889207680177058,-5.06903677744417,-3.1440206672686153,-61.31807027454516,0.8172209284781914,123.69237419566666
20.9812499,1.7681597168509948,-5.1624788208499215,-3.5390118482749546,-73.14644989183839,4.359677988116921,131.72903494105313
20.991249900000003,1.8336386338418165,-5.236803599172561,-3.9793001537717894,-87.20530362180183,8.32009375294967,140.43239847884914
21.0012499,1.777183892138358,-5.428780632902864,-4.4749699961332485,-102.78471689081631,12.852263711468122,149.55968607570566
21.011249900000003,1.5947676521548184,-5.873980729704063,-4.944317881285938,-118.66062820824291,17.696948512195863,158.5983510544828
21.0212499,1.4398758832952496,-6.534426191389114,-5.3325097566137325,-133.40224972838385,23.031493798902147,167.90111684082208
21.0312499,1.3974349416596432,-7.389597084241624,-5.6030097144793025,-144.65698545722057,28.825837075116688,177.79404514959325
21.0412499,1.4218663005899612,-8.487568047375484,-5.797207182940335,-150.1547006311811,34.57398650859411,188.2646645070937
21.0512499,1.421708109886726,-9.633639665828783,-5.888129972139967,-150.1967404125953,39.949720722969666,199.28053072841246
21.0612499,1.5413425044996063,-10.670303091359889,-5.879110510704624,-145.5354699499776,45.53342639763208,210.48336519510934
21.0712499,1.7117137475440043,-11.76564404928246,-5.820951261630852,-137.15668671298883,51.095131717007405,221.49931368195666
21.081249900000003,1.870159631093242,-12.785747753602468,-5.80175343386266,-128.14824283731832,56.29579423376502,231.9343191692656
21.0912499,2.19175788293441,-13.533835351020677,-5.786950645084722,-121.51132410115427,61.29770466260676,240.98268903907623
21.101249900000003,2.6102290801285477,-14.13325265070816,-5.7225758464439815,-118.76167685742153,66.40740286701526,247.23750662328723
21.1112499,2.9906612684435774,-14.860504206316977,-5.641111363455074,-120.99275666180425,71.72337931045794,249.5994606032058
21.1212499,3.333208606437589,-15.712061302725392,-5.5491954012743605,-127.76202016120845,77.54158509442173,248.4614972787875
21.1312499,3.5717145662430867,-16.418965142047615,-5.577998390170138,-136.71436333520876,82.58775437421563,243.35619611788374
21.1412499,3.7995980108860357,-17.247221970303567,-5.56752982271005,-147.09421794697644,85.29608011000802,233.94484849349868
21.151249900000003,4.155300189510065,-18.37194510516136,-5.353873426713518,-157.39554918906384,86.27173087363168,221.96151733580336
21.1612499,4.694334641103753,-19.66186225384581,-5.134538459381364,-164.31904107728255,86.11942057877926,209.2091970264015
21.171249900000003,5.853966911747238,-21.174239247941212,-4.722127798849271,-165.75125772153024,84.43835445070452,193.85461089529
21.1812499,7.521778430400422,-22.398988143808133,-4.197784820153469,-161.94038271164166,82.07732605075113,176.20488318442108
21.191249900000003,9.010910364968236,-23.045512668974716,-3.889891461063527,-154.7720082231812,78.93921204126403,157.65985154622962
21.2012499,10.4579848175768,-23.480103518048498,-3.7394732958126298,-146.86731556561023,74.11973614212968,135.54672451172488
21.2112499,12.128269913006777,-23.70114453768658,-3.7296537957990727,-140.80755341389806,68.01223695987143,109.30355456781851
21.2212499,14.099734995479926,-23.841822473416876,-3.5062377401710676,-138.7510899517513,61.30953035910155,77.98365858166845
21.2312499,16.16675491309833,-23.958094411801362,-2.9503161163454625,-140.53411415457813,54.16670795092732,40.51154015693641
21.241249900000003,18.11878141111873,-23.9826214554738,-2.3550497761439115,-144.80912643528234,44.028719393470666,-3.541375882471089
21.2512499,20.375711446431545,-24.116082816552137,-1.435970532039363,-152.00932860543205,28.21925503181056,-53.694042620658855
21.261249900000003,23.355632836410553,-24.644954441125314,0.7554736622684534,-162.75803428117396,6.133953371091176,-108.8967395910497
21.2712499,27.137251858039566,-25.811288118659196,4.6965049321515355,-176.15774597177747,-23.636995943081477,-169.2344319532277
21.2812499,30.88101763297375,-27.930573343479335,9.734548294377412,-191.24745505382532,-61.66454745261137,-237.56226216370223
21.2912499,31.45058562352888,-30.777942836176862,14.713452659718376,-214.34972357079542,-106.21652589554243,-311.98328978039984
21.3012499,27.054122943061163,-33.71940994907561,18.112452798052196,-255.1679031314488,-150.0681944885524,-392.88658890550715
21.3112499,21.227815047194664,-36.71675569481995,19.50030955366442,-298.92374070750867,-183.47741216581844,-472.2218064296727
21.3212499,16.700778571629286,-40.36916469520563,21.718089890065897,-330.4596652015728,-208.63490868628023,-503.1026761580462
21.331249900000003,11.1612408634233,-45.434382677610955,24.492922477394245,-346.48239835328343,-232.83824264698873,-499.47587591985183
21.3412499,2.522175582048097,-49.1908602866606,24.443992627443308,-337.9741611149463,-261.76747689535136,-499.7305854989191
21.351249900000003,-6.854000257519536,-48.18703775349138,21.796544351155788,-306.8578415356849,-297.372924748144,-500.15261292988254
21.3612499,-14.334449475753232,-42.88419262301688,18.36548936082129,-269.2727264261481,-328.5140926579914,-500.39992167754866
21.3712499,-22.810369747668634,-34.67035244774366,15.730092480623602,-236.2090970480678,-355.2194967600728,-498.8700372626436
21.3812499,-35.29189775816851,-27.26518229602944,10.669356288433889,-204.27289771861922,-375.12274124281583,-501.2090963700718
21.3912499,-41.67810780951523,-22.003264212580337,4.485243346063261,-138.22370657009373,-348.973758444628,-500.15213293180494
21.401249900000003,-40.96799124515141,-10.513131266356117,4.191208431962293,-61.92640186811689,-283.24106076404496,-431.9762164948696
21.4112499,-41.45357327734941,5.693661338860552,2.838606357268597,-39.664774284115396,-191.2185856152647,-329.8083417375456
21.421249900000003,-40.618585239945745,15.730259696572064,-0.1963860965359166,-62.132042766186096,-75.34211157952673,-260.9537104557593
21.4312499,-38.5685511032142,15.99894056525017,-3.3618802854712024,-77.06903725733487,25.713687098715,-199.7852551461686
21.441249900000003,-35.43719841472992,10.23578920908195,-8.015038756630561,-54.579468019259025,98.16316564765329,-122.55005766543425
21.4512499,-32.530116621405845,5.719442477238386,-9.334247889008063,0.025582165786405764,149.3329694155675,-39.80482632105887
21.4612499,-29.731785697653244,3.8924088911286847,-8.533530623097532,63.95529098457128,184.1524666599865,33.70891191728256
21.4712499,-25.46100693007591,1.7366951778066575,-8.280290290521611,127.10345009593587,204.54346808252754,91.86820339124503
21.4812499,-20.827821951462614,-0.7559720281816257,-8.512081577084546,183.97511468783497,210.46825590320063,133.4837517236561
21.491249900000003,-16.120919997901588,-2.0828945958649245,-9.38370260012193,219.64768837473662,204.94266154790486,158.42882956732882
21.5012499,-11.390439679169331,-2.082038844468271,-10.122179205037499,224.83141573715537,190.28649029308062,166.46769365615356
21.511249900000003,-6.7962657042285555,-2.075158524088653,-10.214217139501988,203.73810088569567,168.35942460241137,161.66612878303587
21.5212499,-1.859988961544258,-3.2907494392499936,-9.807446318738656,169.09108128969586,144.38849643715992,150.98905979000784
21.5312499,2.9660734163259104,-5.346961264126268,-9.309796584448389,134.49848185975316,124.20070947794896,137.89615853443414
21.5412499,6.655516928507194,-7.268972066941852,-9.08865727173439,106.59469338181793,110.21659810218574,123.34961298641356
21.5512499,8.808747802287572,-9.061981470764321,-8.965609938394559,89.79024239273636,102.8381359349592,107.95283230775755
21.5612499,9.422474602541115,-10.792498204811181,-8.769821083003443,87.45818686024398,100.14229451553054,92.13914319090011
21.5712499,9.131203749249442,-12.131095245245826,-8.590408498466582,98.29504315296607,98.66812409197166,77.06918212273114
21.581249900000003,8.89118785697737,-12.911402846052,-8.331358390682947,117.78049818237159,97.59440865371522,63.56287312504401
21.5912499,8.70502449820064,-12.747736397225788,-8.006625767404199,142.44757449057093,96.49541392671583,49.700636442814684
21.601249900000003,8.405546531389675,-11.785807198375519,-7.911664430819652,164.06288155974016,94.11964542888288,36.399310620036275
21.6112499,8.176275008260813,-10.601120594953208,-7.860477415133119,174.5491390762121,90.40064063231918,25.023592854366836
21.6212499,7.862508102688408,-9.232138414775704,-7.6801980574918,175.15580764805634,85.73874815390184,12.99627627759649
21.6312499,7.39456920443961,-7.845917727032053,-7.38741465552625,166.49022427014236,81.06500933198485,0.4265290988399691
21.6412499,6.8174111254933685,-6.597399857358578,-7.017605854456281,149.32777367739803,77.03218683379099,-12.374657658184454
21.651249900000003,6.197390963875033,-5.609784435572667,-6.653954878275253,126.3566270633594,74.21962054152195,-25.067561821934827
21.6612499,5.7610364049150755,-4.91310003878594,-6.3885898054862285,100.92286299278001,73.33623912013813,-36.89600340084124
21.671249900000003,5.603387702500528,-4.436829278796284,-6.282671267038316,75.0312433195401,74.76063240684643,-47.544773477045275
21.6812499,5.548762767969591,-4.265748237562629,-6.014451054651441,50.99359058663068,77.97309676851658,-56.273140131774404
21.691249900000003,5.418560553544976,-4.71372467278633,-5.471334467263833,34.43119532858099,82.06670799174265,-61.72879575886827
21.7012499,5.1826495265720265,-5.113866949748039,-5.164512261088179,23.02367389188425,86.23577937038036,-63.86061605173666
21.7112499,4.9343836728610135,-5.297642547731408,-4.955728783472896,17.274282411006517,90.66277002486416,-63.42895297487377
21.7212499,4.8646199140387765,-5.766734897554598,-4.600605704523561,20.82917918217206,95.46648106755914,-60.55826874447579
21.7312499,4.946570347406807,-5.879992133103155,-4.287979310678981,28.12893129892504,99.98496433364558,-55.838768497452435
21.741249900000003,4.906097688369837,-5.603968491332965,-3.9250017171145424,36.87159542533394,103.72513647873772,-50.19538389794747
21.7512499,4.674926607086767,-5.506058683533079,-3.447003443215911,48.735108148658426,107.5119666602517,-43.945128875075
21.761249900000003,4.359856740516611,-5.490873592589943,-3.0656097412209182,61.86885047680743,111.69460387464663,-36.799749773766735
21.7712499,4.122061089446467,-5.47335062441521,-2.960673845206521,74.19431072977481,115.60974593553907,-28.751773330378754
21.7812499,4.0092261126503175,-5.462156232635757,-2.9373272595903583,84.40038462317429,119.00821423130043,-20.881062645805805
21.7912499,3.9820522382100103,-5.519175053644303,-2.7181360720738534,92.74469921394422,122.29468284186089,-13.93929679446328
21.8012499,4.033221986870759,-5.424274480119608,-2.5878527892278336,98.09133477972031,124.90434081129257,-8.154381186777936
21.8112499,4.311474363730306,-5.111201956103832,-2.8752512181177896,100.01449648229413,125.69292146631572,-4.946510243325631
21.8212499,4.721568968414664,-4.949371731193889,-3.169880071085676,99.3837280916047,125.29203925236195,-5.250224004348829
21.831249900000003,4.952947871647615,-5.014565113708764,-3.1600645394108025,96.07974576994458,125.6881557111718,-7.020278153593408
21.8412499,5.182126349799672,-5.023797166689103,-3.2025069930269447,89.992816543861,127.92508522162649,-9.095319123970244
21.851249900000003,5.657444972596739,-4.958299686654355,-3.3306158769619083,82.1312780380071,131.1750548735285,-11.477639214925883
21.8612499,6.1757519871552375,-4.933351559221845,-3.1080032282876933,73.06472033507376,134.9369792009023,-13.70495323743443
21.8712499,6.633911636718471,-4.918137704279394,-2.619416723596093,63.39342221428355,140.7264826016242,-14.872546553171675
21.8812499,7.015067899085933,-4.876859472219442,-2.1948028987786623,54.35515910257963,147.28105629602967,-14.88675040892912
21.8912499,7.373165814898775,-4.873561451622353,-1.8298248105049493,48.72055708023254,152.1352035440028,-14.18150803172976
21.901249900000003,7.794851077082173,-4.980544653128841,-1.5142271174515816,48.97692751642748,153.92937036049085,-12.983041574656603
21.9112499,8.174167085837105,-5.218980754968551,-1.3532966866502238,55.183126812419566,152.12919999524559,-10.664033174566818
21.921249900000003,8.36104401446262,-5.359091515707137,-1.5293791221864288,64.56673494232561,147.22011019152418,-7.349163837249171
21.9312499,8.434470894402924,-5.115777263403126,-1.915625650663545,72.87885910869004,140.9594778981072,-3.860389915179867
21.941249900000003,8.459412840512716,-4.577752490969286,-1.988106306488853,75.88916007169414,134.65420108887633,-0.7594624461781386
21.9512499,8.291832362535976,-3.427534611843654,-1.8329030408691631,65.92045901714474,127.16775062227482,0.46174661544682327
21.9612499,8.874385195159807,-2.3216671939387696,-1.8114713734254235,46.01941116170382,120.84070314080955,0.06752914044130885
21.9712499,10.83748658184528,-4.095835719181952,-1.9061847084742047,43.81402789053974,120.46567570126638,4.381015263295871
21.9812499,11.096230508389601,-6.423286908132084,-2.0663369448869466,49.63469851034536,114.74915062265002,15.551352784033673
21.991249900000003,9.70470402523948,-6.444455734990657,-2.0974311633611835,45.3158005305863,100.14159293896977,28.459480977868342
22.0012499,9.74742604015698,-6.532652804748915,-1.8597295304402772,46.98930866327436,85.95499634889005,37.438421217215314
22.011249900000003,10.40206392295571,-6.669242250745801,-1.7499172069646916,55.24681717978918,68.13851268161487,41.333027128103524
22.0212499,10.440634841792772,-6.52883716337017,-1.8430895688220976,60.20984868807805,47.4085324623323,42.835783397350895
22.0312499,10.209572566034527,-6.556767359486616,-1.8706044197211698,58.73100490150948,31.225825482459932,43.302450537420626
22.0412499,9.951154653633106,-6.266574313688053,-1.7010191687969851,49.642907342232476,18.433964142840257,42.47988527153384
22.0512499,9.739589892023606,-5.727561463572929,-1.2742676170395972,32.696145035015505,9.481633032967578,39.577241573197156
22.0612499,9.47508770567437,-5.45134927905751,-0.6195573934192218,9.988798179092337,4.060371632432765,34.437188615054986
22.0712499,9.064704266488265,-5.473931553506421,0.02654143568924361,-15.072708959166865,0.42968193901224505,27.736390117149853
22.081249900000003,8.68653043932944,-5.8317303894136465,0.5399950631615376,-37.8412589905207,-1.2890546752416647,20.635400040623864
22.0912499,8.396056317604078,-6.610876245506885,0.8991067191898147,-54.113810333432546,-1.1567224751319307,14.554586362756625
22.101249900000003,8.109363535064624,-7.42906171951162,1.1893879208539826,-62.025193684233905,0.18894957528739165,9.951559865184308
22.1112499,7.8086546325004385,-7.825456921245118,1.4622261654570277,-63.123870943369155,1.2975243058480705,6.363072080857517
22.1212499,7.71684631441226,-7.945958832280164,1.7024982612650201,-57.637008665348965,3.135262040892939,2.845291697753921
22.1312499,7.724870403837929,-7.984610558613513,1.9349204787373004,-45.93215513646858,6.259049286092405,-0.8774694116555246
22.1412499,7.531776408366817,-7.7483868142732755,2.001531975921998,-31.972103403801903,8.704253271183955,-4.285760619461713
22.151249900000003,7.408173411065806,-7.434637290319505,1.8870816114608335,-16.6265436912255,11.068272172138602,-7.009097289070801
22.1612499,7.346495642365678,-7.180585776152332,1.7413134107450137,-1.194549239415408,13.066968007099607,-8.638389104218732
22.171249900000003,7.292370001017832,-6.868952430265305,1.641541765126232,12.162621501524757,14.417026141301834,-8.856440390174761
22.1812499,7.365703817409241,-6.467780978768517,1.5898334634013536,22.631001787515142,15.682485763585381,-8.210645293880791
22.191249900000003,7.445301789356723,-6.043799977618164,1.5731100418404569,29.824818810492197,16.239928780207038,-7.5836491761771825
22.2012499,7.34757611243791,-5.682845464744766,1.5005256185986307,33.46105360337398,15.898002759530048,-6.948221609374077
22.2112499,7.138051023800382,-5.4226712447194725,1.2896486758879866,33.88424568880477,14.52813149661662,-6.04266228597047
22.2212499,7.032338603640618,-5.15342404170911,1.035939199724041,30.14825425982151,11.796609845342465,-4.813943545733992
22.2312499,7.042007937573633,-4.890282630773982,0.8468284400725795,22.912091464133447,8.592295146593608,-3.704209986685123
22.241249900000003,7.128664149960343,-4.836020850884572,0.8105249075044333,14.585250519265484,5.7243020193142256,-3.0206038873548144
22.2512499,7.406742475063647,-4.966601939688808,0.904718283535518,5.8664091322299345,3.5943103610524987,-2.001338088765637
22.261249900000003,7.928825228347073,-5.140603777871416,1.0755338905530787,-2.5338396505158336,2.721531193653199,-0.6547953417519988
22.2712499,8.47769144888223,-5.418575839891351,1.3094999468417288,-9.48793382202658,3.0533059679757204,1.0295365692861
22.2812499,8.82525099794986,-5.7520851426565125,1.5626238284777616,-14.525196682089732,4.22221277457768,3.1926244118709746
22.2912499,8.922571344342693,-6.0248524727828165,1.7650702933062579,-17.879612829409968,5.71870179433642,5.482483667261028
22.3012499,8.854839429711236,-6.266540634916849,1.7837723070622356,-20.300957790755465,6.9953289388819275,7.0274618117769805
22.3112499,8.71413541319874,-6.428598281271327,1.583522069217524,-22.79740890904719,7.853759651396895,7.521456933436258
22.3212499,8.447289411730624,-6.631797291382825,1.402480447546605,-24.4233339281252,7.719124694269449,6.970170974599873
22.331249900000003,8.128750966124038,-6.922445031397252,1.342073583501012,-24.9842712833964,6.404780692748562,5.631440591614321
22.3412499,7.896240996249668,-7.229563247305383,1.302902667758491,-24.537259847668164,4.888221021738286,3.4797157928495146
22.351249900000003,7.760420859876418,-7.459805048352144,1.210602189520546,-23.086994865212198,3.3055871597281157,0.40894412378084305
22.3612499,7.654711903109327,-7.60014647270788,1.1412718741948193,-20.773349599397903,0.9338307271265303,-2.7863185536745374
22.3712499,7.651697857667574,-7.657035490615371,1.1429930850271106,-18.360804884101544,-1.2655059717186603,-5.62896955781006
22.3812499,7.746273027113172,-7.673921615347204,1.1809142356293156,-16.46242900622838,-2.886671078271132,-7.796662771556596
22.3912499,7.789273150559197,-7.655355048549336,1.2344242616140528,-15.030286190372408,-4.012119067635621,-8.970872026385956
22.401249900000003,7.7617278898581334,-7.496583705150687,1.2280471396425818,-14.461364857413052,-4.568706748600675,-9.365562311364457
22.4112499,7.7561541621429395,-7.254844346902454,1.1774602406733727,-14.536097650533264,-4.657081778565776,-9.398987249381577
22.421249900000003,7.804219594770321,-7.07307817888222,1.0885683702421252,-14.077529499304227,-4.2894249304649845,-9.311076055478567
22.4312499,7.798153521677901,-6.855881024642268,0.9049855898999959,-12.366245307080035,-3.9013592668672614,-9.286269997109994
22.441249900000003,7.718720027939232,-6.575759839642343,0.7177198741268006,-9.598069062798878,-3.7481368275821483,-9.169554966008526
22.4512499,7.630526128926145,-6.334058082717758,0.5613359402262258,-6.381303452550703,-4.079029593626337,-8.635788357903277
22.4612499,7.544646023088273,-6.131590921043771,0.3253256230543488,-3.5393152013462506,-4.694592531885134,-7.777319180743736
22.4712499,7.5161244176135495,-5.925473801075577,0.09081885089269848,-1.864217268370643,-5.252602951792929,-6.614754726887711
22.4812499,7.518549561945803,-5.720175804957804,-0.048258099087159674,-1.5857913302706717,-5.716855993247443,-5.44517869206001
22.491249900000003,7.49963734322677,-5.560022577549879,-0.0991591919283046,-2.814252761206124,-6.097207051737498,-4.459827939911126
22.5012499,7.516103857200505,-5.467369535443181,-0.06002448114363502,-5.16698358624315,-6.058585403766181,-3.6307487896788784
22.511249900000003,7.534112784264334,-5.528734610204767,0.04028384902414533,-7.741740069653909,-5.851184438040112,-2.8489357946289737
22.5212499,7.476146149389646,-5.70031136666433,0.12077355556720863,-9.851404711803275,-5.650010342798084,-1.8642433487707737
22.5312499,7.353853212801464,-5.9010065589670315,0.1532696706377853,-11.169679190164112,-5.250845474726313,-0.9037153069743653
22.5412499,7.240074011278622,-6.122760116701668,0.18029624394381696,-11.677011142053306,-5.0626951240168525,-0.19372386072988215
22.5512499,7.1904468992928114,-6.323326280650419,0.1883795375308303,-11.562316595940095,-5.102367406424498,0.23403220710537487
22.5612499,7.172591370203261,-6.515487084870189,0.20829956062903332,-11.1886258635954,-5.028459871726269,0.3656234337366328
22.5712499,7.141062705437417,-6.741200527888685,0.3113188565762599,-11.01396297199028,-4.472742055975066,0.030636171554289104
22.581249900000003,7.0169811760049186,-6.922213820859906,0.3868884524849388,-11.914645769223613,-3.653445526317343,-0.7835925863450294
22.5912499,6.865123286728188,-7.076462542969012,0.35528044860812186,-13.060795648421315,-2.639677899244572,-1.8368506806317362
22.601249900000003,6.782390267226866,-7.238825269336755,0.2751607484790016,-13.99428079554665,-1.5295120250657954,-2.944716436528996
22.6112499,6.747147072317002,-7.323255055219432,0.23396073122685557,-14.83755254452638,-0.30558422796745977,-4.085433400415813
22.6212499,6.709174252371664,-7.316123649464904,0.23650021086388348,-15.137290059608745,1.150339295593916,-5.281834939142728
22.6312499,6.614535554898065,-7.247371177799123,0.22670139784714247,-14.242464067761246,2.5879437250776567,-6.623833821570802
22.6412499,6.51683677090848,-7.070515312951054,0.21068767189747023,-12.565636868237307,3.750909938577932,-7.913324275277489
22.651249900000003,6.432201509523562,-6.841439622282892,0.14337077360967135,-10.08407507835011,5.026201314153672,-8.280089203357715
22.6612499,6.292883721850033,-6.611134769237535,0.0370033696064475,-7.197926717905726,5.796195086585472,-7.260018975938909
22.671249900000003,6.177529171896238,-6.363175546960005,-0.026936881475448114,-5.063333916946119,6.042830800846932,-5.251301329689781
22.6812499,6.104331715170903,-6.068490901249237,-0.06421835982975681,-3.9493193603889925,6.556580113102533,-2.2169293098922487
22.691249900000003,6.03020952080047,-5.735851810508075,-0.10101697612920732,-3.680489191917303,7.266535284899139,2.3158713132568796
22.7012499,5.937623217216143,-5.450060401743316,-0.09936972189956549,-4.3658637408253265,7.77446260277482,7.728541559009552
22.7112499,5.7977129001312795,-5.245752303370483,-0.023215517774162392,-5.600309257369296,8.203466259621765,13.422299732340806
22.7212499,5.64352067905205,-5.1185462073285075,0.03754511800558866,-6.696797471808289,8.616661290169214,19.676688419651104
22.7312499,5.428959346882218,-5.071705121851363,0.03516180389416831,-6.9006944395544,8.436768671885133,26.54370392665706
22.741249900000003,5.094312741218735,-5.005860904062896,0.05130166544367842,-6.922323188463294,7.456150283944055,33.56890697909188
22.7512499,4.770222590072249,-4.887070223203874,0.06823109682746757,-7.240675977945811,6.081425416304993,40.37168354952105
22.761249900000003,4.361311089698508,-4.79113906749608,-0.11664936636035934,-7.567254584864203,4.160032020653214,47.42993511391431
22.7712499,3.7147411234703154,-4.630575803827487,-0.6718479916506317,-8.801964279522988,0.8893798900717199,54.960872658470876
22.7812499,3.146527143473889,-4.338773162817359,-1.272643765166659,-12.128151182055497,-3.275647605898494,62.89939489111204
22.7912499,2.8652489294458316,-4.077526936691303,-1.617189401370519,-17.187399806319434,-7.082954454711672,71.43474221358231
22.8012499,2.710763561217748,-3.9229655520591673,-1.8740030115472242,-23.195726463505643,-10.462650700858827,80.84904225429626
22.8112499,2.510107708846291,-3.839958375557736,-2.1326358994777097,-30.209491263776194,-13.54643756643592,91.04799419566915
22.8212499,2.131301908763028,-3.90621016230147,-2.4036953974073247,-37.799948129931096,-15.9364812478725,101.8220442947185
22.831249900000003,1.643160562724888,-4.082673921551411,-2.9373517367061623,-45.77137325632756,-17.895303046258572,113.46002748732403
22.8412499,1.2359343499819258,-4.244843885747972,-3.725407426627594,-54.195406125983794,-19.545985656361253,125.76275461227355
22.851249900000003,0.9140791201271583,-4.388131898497472,-4.455156542047002,-64.7204613491679,-20.414030867186497,138.86545509871743
22.8612499,0.5342340307822278,-4.747782290750881,-5.055056611328076,-78.02126210485345,-20.10092574135329,153.4531446115479
22.8712499,0.09632314845954844,-5.245137978600714,-5.5711533305035195,-90.2594682794644,-18.65619225357614,166.67106434544993
22.8812499,-0.22176015975998423,-5.752498026941005,-6.11754941375965,-101.33006938301126,-15.796268069224583,179.47257420526043
22.8912499,-0.33762445167003363,-6.436485719605808,-6.690719775033275,-112.07397832255361,-11.835588838737905,193.7477897823479
22.901249900000003,-0.4534118706323847,-7.236712961094522,-7.17451626604154,-121.65119053611473,-7.478634782693817,209.34791821237178
22.9112499,-0.6214745266769721,-8.11700944159117,-7.485276988350504,-129.99693923868378,-2.6785171369106195,226.5722216113433
22.921249900000003,-0.6198532996623789,-9.18275000475417,-7.659514134611145,-137.72111710080492,2.929869741601086,245.45130996650963
22.9312499,-0.4295404354868039,-10.314340256489722,-7.869232539256405,-144.84107455724913,9.213268581084439,265.13764271464527
22.941249900000003,-0.14641724448744747,-11.480214626469104,-7.946569937539089,-151.67332617277017,15.876979583616587,283.7206238949626
22.9512499,0.10291814655230057,-12.975268829167412,-7.873549364886623,-156.89284546714,22.56449954569764,299.1461852067008
22.9612499,0.19065206633397802,-14.695070537331821,-7.923870025362167,-159.7231397353427,28.461554088343018,310.184268937294
22.9712499,0.39472988397569453,-16.422418563932556,-7.944536845648395,-162.35684506454567,33.5152359882871,316.85887291293005
22.9812499,0.9366370953891291,-18.394000815363686,-7.864380658536664,-164.60788661206126,37.61494339371083,319.32860847245917
22.991249900000003,1.6282655172513516,-20.26581338752397,-7.959123776920135,-168.7600839639732,40.989439148568565,316.91182366128857
23.0012499,2.4578339037793664,-21.920557708014673,-8.41395930239169,-175.82712633329749,43.47602969307797,308.484130121527
23.011249900000003,3.619349957483211,-23.57295981942431,-9.178728877067583,-183.40347347373896,43.8703514262102,293.0065943508505
23.0212499,5.363153488464718,-25.30490690402298,-9.863646948469606,-192.93343695568333,42.569526102716374,270.8204172124151
23.0312499,7.552109773907832,-27.5632535216552,-10.195946202043277,-200.86562855418833,40.26364814211921,242.41670471659097
23.0412499,10.180375097029629,-29.673745483685284,-10.614709371250518,-207.78716896923163,37.56986646167066,207.76645150070448
23.0512499,13.265165593631398,-30.940339378634903,-11.093653717206251,-218.1732406629573,35.60614030100348,167.23773251307207
23.0612499,16.89784136653587,-31.634019936458117,-11.168303918398518,-231.33973326464562,34.31379214948606,114.37097984057753
23.0712499,21.185725026157076,-31.93648144304052,-10.87456020446738,-249.15874790012265,33.304237460716244,39.93008683234073
23.081249900000003,24.97514913198503,-32.27029302479056,-9.682420047985703,-264.123707238466,33.430808383313966,-39.00379232329164
23.0912499,28.238042905494087,-33.29092901846851,-6.881864254671227,-268.81190085844935,33.59442622586748,-119.24877915123686
23.101249900000003,31.007918211794014,-34.931285443446995,-2.631153272395964,-261.69538638279835,33.007418842487176,-204.749743248465
23.1112499,32.466401719113016,-37.04277230377549,2.829741422213002,-240.94966854419886,32.55408499512118,-290.15073865317544
23.1212499,31.592473750013507,-38.76863081352044,8.751369871843615,-218.6162572602162,28.716646594869275,-377.8086884936791
23.1312499,27.754365595297273,-39.70009738221548,13.689629681419673,-215.02037172958464,16.33108233720579,-463.33322633662243
23.1412499,21.833531864222174,-42.073572626784035,17.256602940894968,-227.6620073250867,-1.1930177482061843,-502.2717402847296
23.151249900000003,14.340026895779346,-45.59137229364992,20.32281553607506,-241.1059539518396,-20.834519221576667,-499.9287484837708
23.1612499,5.125756933235237,-46.95823866937048,22.303792852750195,-245.49105569683843,-50.075815228417284,-499.5741588769818
23.171249900000003,-4.304765679889935,-46.21195795228748,22.291454012740818,-240.56470438611336,-91.37407311970304,-500.19704900338064
23.1812499,-13.18264015044334,-44.65181396768096,20.89930593171412,-227.30633392967596,-140.89755784695828,-500.03548258843745
23.191249900000003,-21.46971305953352,-39.89564749288743,18.082069200053354,-207.68537635194966,-198.62522087128582,-500.19239941152784
23.2012499,-31.123787238839007,-31.48021215739044,14.259682313321282,-195.71353573158441,-257.8772991208465,-498.62523958005556
23.2112499,-43.29719945199122,-23.498889038564997,8.893208876657589,-184.05706401378265,-293.165322861027,-503.8927499165341
23.2212499,-47.91328987756709,-13.994650953157793,3.1652859948113767,-157.57801719592192,-281.0417843171626,-484.99017999554394
23.2312499,-43.89379265838547,-1.7118747087779127,3.5461242352751867,-123.79061113851212,-237.58472279925977,-404.6260529386497
23.241249900000003,-42.58268685568471,7.337788939665371,4.0420573451175486,-85.87178194063496,-180.26808071770577,-322.35792155864357
23.2512499,-39.49901293568892,10.41687320701505,-0.9176907419859075,-37.06838350742811,-116.04786582152349,-253.2029327172693
23.261249900000003,-32.90036581618955,11.477101672601258,-5.67370161001954,14.788868306021387,-56.482991517110435,-182.97463260549728
23.2712499,-28.108656028614266,11.254668845424838,-8.19439263569347,60.133401340192826,-0.7917543247603378,-108.68433786542673
23.2812499,-24.038122870261805,8.141914062627952,-8.46394628384321,98.64395797531154,54.10222146069004,-27.071333863475637
23.2912499,-21.165051545355535,4.989265593226366,-9.07485098069705,116.81778785212535,92.5393744707748,31.603918765536477
23.3012499,-19.581730023174835,3.3837387586532954,-10.571181767650346,112.48777456343097,112.33364642943668,60.08295992328181
23.3112499,-17.72325551450703,1.9744322206521616,-10.916709653833296,96.12922522794553,117.53327809845482,67.77444788575585
23.3212499,-15.011575630218818,-0.15943393480587978,-10.735392558553114,79.98785610334184,108.66473301664486,62.16808161950338
23.331249900000003,-11.261386715265843,-2.4655490960414777,-10.861594940147294,70.4466133241072,90.334588218629,56.07562549243054
23.3412499,-6.940809338630848,-4.424720884118969,-10.71433539467511,70.76335174447057,69.7490672190654,55.38135123603691
23.351249900000003,-2.8128958751578215,-5.604857232956502,-10.537525080807116,76.81142719591917,51.91084258150408,59.39246179370251
23.3612499,0.7279561712187523,-5.922091560094066,-10.58529655536786,82.47240190210825,39.56354094480328,64.9743028102691
23.3712499,3.3513003539378023,-5.620355887146185,-10.619347983963877,84.39965225133822,34.376217202130626,67.96410591590744
23.3812499,4.659200248163337,-5.120210580194715,-10.642302114837864,81.39020740349619,35.236078347371716,67.0666606125166
23.3912499,5.053553320505471,-4.800360953599736,-10.61680183406323,76.61159121764727,39.48756803922341,63.37910839087146
23.401249900000003,5.174695110517226,-4.948694153301711,-10.483376602204247,72.82828524786693,44.924153998509745,58.81529610945022
23.4112499,5.164544234919706,-5.516796893742353,-10.25988161858388,72.74901671326455,50.47411489649478,54.943563568560634
23.421249900000003,4.950532345115297,-5.673400276958111,-10.039405834447772,75.10083239502836,56.096061346606845,52.051880855392646
23.4312499,4.564816080424146,-5.579730728795881,-9.899509786283168,78.34583969019658,61.88691489247786,49.53736767698394
23.441249900000003,4.259881429180365,-5.546054177304262,-9.848997549350155,81.72156200882009,68.94368344461706,46.91355159831809
23.4512499,4.114046431422231,-5.309003026496569,-9.764947288974632,83.08168522931638,77.18918144670829,43.58649265985513
23.4612499,4.141949832766614,-5.074411302193054,-9.424534680615478,81.25783216825005,86.99544163878531,38.898278658500914
23.4712499,4.0625448753186895,-5.18885995699165,-8.768170754842787,77.51340808329184,97.3664016980399,33.289424896792426
23.4812499,3.7209090078056875,-5.2874244030445405,-8.145361932742455,72.49691200293807,106.95849516103083,27.111697168500484
23.491249900000003,3.694859828628061,-5.511394199355954,-7.769407795723621,69.77566031038347,116.6673437802139,20.641896944639374
23.5012499,3.988830413537249,-6.1799846189894785,-7.611998893615751,72.93392449606579,124.43885507868825,15.972122608945629
23.511249900000003,4.395122952348492,-6.371824453664715,-7.5463258293495254,76.52405049079289,131.37768167466072,12.452535643171716
23.5212499,4.71397357561132,-6.164042993886577,-7.398583313620275,79.97435308512753,138.63921106946185,8.698098617484403
23.5312499,4.849979052512334,-5.892998759906719,-7.179038753555167,82.48408408495348,145.38982849380318,4.0082015977894985
23.5412499,5.166445709058949,-5.283125401903212,-6.950453386382031,81.29964610048786,152.9315641622268,-2.063935637672225
23.5512499,5.5769117502062855,-4.851553463849696,-6.583359747915128,78.92355088480709,160.8380912882032,-8.951927828155956
23.5612499,5.891155720357859,-4.813815278382367,-6.056507490445747,76.06096995108634,168.36111859062115,-15.30593215605633
23.5712499,6.175278622683122,-4.839955703935476,-5.653712461752661,73.13152088472484,175.1883746889936,-19.656341208308284
23.581249900000003,6.340172091854537,-4.977087624784535,-5.339778585774747,73.61690236973082,180.36171476320607,-21.840578430096887
23.5912499,6.318256984882061,-5.259883187919239,-4.864179725878359,79.11065428086846,183.89546596937558,-22.09372945310907
23.601249900000003,6.231416072104469,-5.480453905327575,-4.232578792965952,88.29438776562867,186.4763547871427,-20.134600251784004
23.6112499,6.221376364386003,-5.684321644363461,-3.601046452259423,99.71555455331453,188.58172228236918,-16.630852513076
23.6212499,6.214636803027043,-5.823020631896623,-3.1107595799228522,112.23074295492151,189.0814134221652,-12.753653350471701
23.6312499,6.1474632390485455,-5.660909706324695,-2.8214371354239396,123.53161615546928,186.834899992028,-10.045168922678865
23.6412499,6.281272016799486,-5.320034973809915,-2.886272390533999,132.9603050831229,183.08042153822126,-8.61948455324337
23.651249900000003,6.515219341108797,-4.903792835720709,-3.2132682340873644,139.59269378084107,178.2380191781632,-8.317297616197818
23.6612499,6.534248723017762,-4.400720215351957,-3.298208335190156,141.56585249922392,172.9230124005055,-9.139867713598258
23.671249900000003,6.492619587249562,-3.972526815842415,-3.177023432087665,139.21644149322162,169.83007542739367,-10.85435390012474
23.6812499,6.399202985039287,-3.9201640545297627,-3.011160199501,134.7048953690824,168.6475676517013,-12.625186291935341
23.691249900000003,6.238177710895708,-4.316569100353433,-2.661704889382123,129.16693047817455,168.654992199584,-13.0276659816863
23.7012499,6.320666827090514,-4.691185533506799,-2.2496002782762385,122.00481683263352,170.02221092740763,-10.923415225833732
23.7112499,6.732811948653674,-4.939106684226499,-1.9250546089652671,117.53663077097276,169.7279018116409,-7.837112013504877
23.7212499,7.218789033307763,-5.295864525346235,-1.6864228202843936,117.98685119338073,165.47712391787425,-4.385025177521692
23.7312499,7.754933589274862,-5.556553092374439,-1.620950365937331,120.04334728102543,158.71062658844667,-0.10053510998930712
23.741249900000003,8.318811874710628,-5.63798789453623,-1.6724691753146024,122.51263026272622,150.56914768096516,4.352545299843525
23.7512499,8.83661251761079,-5.6284178067049915,-1.7356314142824423,124.51897765624487,142.25607804429268,8.6274327274679
23.761249900000003,9.247011763816415,-5.310693955166313,-1.8458070519817655,122.92348223839643,134.5518993111769,12.055501888905324
23.7712499,9.459097697110497,-4.746978260309334,-1.7821038234943336,117.19058006842896,126.86320488922665,13.54853257191638
23.7812499,9.552999349619652,-4.379246602859593,-1.514118841349101,108.27120903535804,119.65016613681985,12.968737020430526
23.7912499,9.566091266632796,-4.201460623328088,-1.3889335674322363,97.0405928808458,111.61860567646737,11.252927128756724
23.8012499,9.551116042205646,-4.1653559239822995,-1.584865275345364,86.0007920682641,99.84333014330387,9.266100978430858
23.8112499,9.561250073781661,-4.0833686272014065,-2.028488016812784,75.11884153082174,82.95798889453991,8.036429922181716
23.8212499,9.371435398043275,-3.2116093877643785,-2.5337012700001074,56.60828681027046,60.656617718706194,6.508890452829181
23.831249900000003,9.692838095274679,-1.9746256492851935,-2.9158959330371004,28.45255053574961,38.265615644541384,3.990592548583258
23.8412499,11.757800431325009,-3.7224551309141845,-2.9321149714797663,21.352342213060176,27.409467755915514,6.438756493298532
23.851249900000003,12.292335306194627,-6.4147166980847485,-2.8694493277509485,27.53904538191852,16.861468896738902,16.289654528714486
23.8612499,10.055314244120611,-5.778555683424126,-2.720180773457959,13.415822995748279,-2.7085460974236035,27.82935976888073
23.8712499,9.460421512975401,-5.389673305858515,-1.9200668350366041,0.5602528192367373,-14.780308777148875,34.35735570815996
23.8812499,9.96520742878474,-5.767678048889063,-1.089187511363247,-4.1243664255390975,-16.98963814031954,33.26352122443937
23.8912499,9.59327749529408,-5.699250287770596,-0.6683344154033541,-10.90670575360978,-17.073906232688806,28.307474003309757
23.901249900000003,9.027716522368795,-6.3168862147773845,-0.36570485040702544,-15.358006763863134,-15.532307240548603,22.949337496090102
23.9112499,8.473833038639066,-7.142131096492204,0.007522477293842993,-16.32764447770405,-12.519902596664394,18.198833296623086
23.921249900000003,8.027220383729349,-7.468585275154938,0.40088816980026604,-15.758647775602402,-9.31900207663677,15.383905520523687
23.9312499,7.679110079398162,-7.323265439362832,0.6848437039203783,-15.546416370957026,-6.282201008002638,13.661632803076598
23.941249900000003,7.478585795788531,-6.997424379071753,0.8671520450031737,-15.872305065372556,-2.914437287119314,11.638908929560193
23.9512499,7.605010948436538,-7.051436710669721,0.9933000754936581,-12.82964503304221,1.4917470387194198,10.431199872789785
23.9612499,7.691937879978457,-7.376995040747625,1.0903717015518701,-6.312307198899591,6.1649018881818,10.697973756462128
23.9712499,7.281187692978962,-7.191794641785363,1.1749372592316716,-1.6657511988276406,8.584862215382119,11.115078251229287
23.9812499,6.970353698310324,-6.99367445786776,1.2975867380814434,4.334760348847074,9.735314575372511,10.517352486037415
23.991249900000003,7.0182374801887955,-6.94732862965119,1.3352655621897844,11.715563881028027,10.562695559982476,9.035109805848878
24.0012499,7.014537944643095,-6.77134528481121,1.2736925371235919,18.334615776582275,10.46717650306608,7.774316952951393
24.011249900000003,6.907196882598645,-6.592019434898186,1.1305744494582581,24.38568770783666,9.448812307300587,6.994294123923835
24.0212499,6.818521815641902,-6.271121015766758,0.9277005262261401,27.831139085970232,7.777886132114132,6.440621417135461
24.0312499,6.799063289050028,-5.891668984131122,0.7362160915456217,27.889687439507924,5.260606988307493,6.118127261563262
24.0412499,6.83666158733158,-5.559425956578874,0.48210702878881,24.445330160195475,2.330203071633477,5.966002570857371
24.0512499,6.897179504049893,-5.240697565480103,0.20442621153462226,17.667605499681883,-0.7344676868607519,5.791174967370036
24.061249900000004,6.991994809089719,-4.984783959107891,0.009522462475689187,8.242759776813568,-3.425397388895213,5.553285898354209
24.0712499,7.073796149881176,-4.975677689440407,-0.09301917966257116,-1.498020428522163,-5.589119934682952,5.25133239800751
24.081249900000003,7.184686343366161,-5.183603133199694,-0.126599036246357,-10.190509335104526,-7.517489182922637,5.4279590360611865
24.0912499,7.346847111232233,-5.466842441705842,-0.1061722756142524,-16.72555467999715,-8.918838586664142,6.264938012846431
24.101249900000003,7.576922205119351,-5.848840183472782,-0.0007817683243313692,-19.640303476024247,-9.42884773675836,7.6045502415217525
24.1112499,7.838845574140623,-6.2967960022385006,0.16044391491249158,-19.084773900588466,-9.08785479280573,9.48853787185949
24.1212499,7.983812765858487,-6.672449767559134,0.2528373614019206,-14.734115812007513,-8.18570076056547,11.807576727252272
24.1312499,8.041649011489,-6.9140698140518815,0.2855807097788622,-7.59901645570387,-6.9110704646094785,13.988738353189886
24.1412499,8.10676120787411,-7.072066498415557,0.30231241365078004,-0.7650636744239825,-5.502652882561439,15.222871917990792
24.151249900000003,8.156918988547757,-7.098531348220706,0.2474707183953551,4.718310087731876,-3.8868740109760176,15.490060116367454
24.1612499,8.134193616505081,-7.001732186609089,0.11766547994650936,8.5505766554138,-2.2972903482211318,14.533543378169634
24.171249900000003,8.052325247364218,-6.93896552008994,0.05751927877103817,10.81828408317105,-1.1030837342433732,12.47886082438521
24.1812499,7.970249207213369,-6.886360357208931,0.05017337074822146,11.15402686353248,-0.3396109572172811,10.034986143057246
24.191249900000003,7.939708937041625,-6.878083285226377,0.02176700740306637,10.2007297416781,0.27753011377846165,7.385613184518469
24.2012499,7.9450301635567016,-6.945808030923313,0.038755521223228936,9.240520257950024,0.49228983320685704,5.039090358548342
24.2112499,7.945384447945807,-6.982050315738528,0.13681478587219154,7.994458747029182,0.19304767857716265,3.1423943805958627
24.2212499,7.863469452474178,-6.996123960449498,0.26973352157252567,6.4564765110258255,-0.3787201694825561,1.4662256972526233
24.2312499,7.713746006891583,-7.039559919931253,0.3252640285016971,5.0307997277691365,-1.356865428276556,-0.2625595669732309
24.241249900000003,7.6311015666380655,-7.126783750031933,0.2584310065365266,4.006736976279337,-2.4524185590581453,-2.0896365930915413
24.2512499,7.544472417782742,-7.195889942027025,0.1847039871666605,3.3339684189040515,-3.571621744056175,-3.8851453828127616
24.261249900000003,7.428493756662019,-7.194633394682441,0.17541462339671599,2.5754805661562594,-4.5605473912491385,-5.682662707261922
24.2712499,7.386074176014125,-7.137016324394555,0.20842518766763635,1.540463282267322,-5.303313164763075,-7.691915850848991
24.2812499,7.4568116996745,-7.087119999316446,0.2701594462673376,0.552242200000589,-5.408174352200566,-10.004895116453078
24.2912499,7.577999878499907,-7.2035895139830854,0.348337014841357,0.8309921475052723,-4.964458863959854,-11.853459727639605
24.3012499,7.6321059558804185,-7.3512727588257984,0.4015759379116651,1.9959955188193543,-4.414543854700681,-12.563659072300474
24.311249900000004,7.643550707682194,-7.351798125227461,0.4087104707838957,2.767146546665203,-3.627362981849472,-12.50480945026714
24.3212499,7.625241132400791,-7.270353630754685,0.397597689821265,3.6823369969559323,-2.987029671405438,-12.279450662149578
24.331249900000003,7.55683893616288,-7.150448541132237,0.3473081687398695,5.035927880258813,-2.7226350261904755,-12.398880139893306
24.3412499,7.491853555545045,-6.986225681637875,0.2583669167144485,6.072348150046074,-2.617765194332338,-12.848445543023828
24.351249900000003,7.439289317614099,-6.844113565302114,0.20560593468586058,6.350588355210927,-2.7010687275125425,-13.283796616501
24.3612499,7.347134915220583,-6.75182876212099,0.1956325158867579,6.3090816586878935,-3.0841418163952867,-13.425180949339397
24.3712499,7.208399328304793,-6.663953521528135,0.16051736651295015,5.5859605966936705,-3.465398399489231,-13.380689347114522
24.3812499,7.0693127251887224,-6.56628617628654,0.09420214762993998,3.915817575504638,-3.7275751519712492,-13.386336259068532
24.3912499,7.0038966986213875,-6.50805297223669,0.09545586505099579,2.061598730386621,-4.124831877639824,-13.052439835662518
24.401249900000003,6.918242869070848,-6.485581852794103,0.12861761586911635,0.34179079371194343,-4.742384818336155,-12.384193819367852
24.4112499,6.738906139231359,-6.448475610027662,0.13942194222758683,-1.2832763766419863,-5.281121436196912,-11.399239134422961
24.421249900000003,6.492996839449271,-6.387127193384856,0.13808000071321255,-2.516692426408201,-5.872608058910019,-10.176929621193302
24.4312499,6.236667631210084,-6.294237322910556,0.1440958203701767,-3.1877364676562845,-6.678415010472984,-8.57393324579652
24.441249900000003,5.984286406193603,-6.1623608810577135,0.1673737642693227,-3.2856500240812294,-7.576446756342692,-6.245267352348455
24.4512499,5.73177318238798,-5.957577112776471,0.16907906816825788,-3.098368494701811,-8.76208255509885,-3.0553737428454624
24.4612499,5.476750345735973,-5.693303255095226,0.16741419157445397,-3.1698056767262637,-10.129470465921406,1.107999379798839
24.4712499,5.200297165885538,-5.413174174115751,0.18156975851210724,-3.061223823862239,-11.398515016116132,6.374933099296457
24.4812499,4.908849617332081,-5.104738894285582,0.1896666412674208,-2.7193540923164607,-12.929638275859054,12.637075403818876
24.491249900000003,4.63164395076739,-4.8704575206225265,0.18802155006199534,-2.343887107309696,-14.554182250680256,20.110004767405538
24.5012499,4.342806310344782,-4.761838447016427,0.22045636881134997,-2.171768187682922,-16.13437451212737,28.77137485303715
24.511249900000003,3.948822090312423,-4.65339818458916,0.19352498116306385,-2.97046640432474,-18.180054729237813,38.29764737175192
24.5212499,3.4963357910096664,-4.519348808158931,-0.1178338376890377,-4.697754659612668,-20.604235485224123,48.16499513573104
24.5312499,3.0835096175799968,-4.34894314545608,-0.5831927677643183,-7.9340219549971325,-23.16651689228353,57.83991839381688
24.5412499,2.6927936803071355,-4.121469941142185,-0.9230361647419867,-14.56241130657836,-25.568189357269265,68.08582375012145
24.5512499,2.172942215905276,-4.03809202951501,-1.2361976319871002,-23.844742923051676,-27.964937839359127,79.32464468415687
24.561249900000004,1.7415951481266108,-4.160699997338302,-1.6337108096827964,-32.880961780730836,-29.62737560445946,89.69757756771092
24.5712499,1.4646994762218293,-4.337351133329508,-1.9782043444776052,-41.98912919749692,-30.705860471808652,100.26866273457526
24.581249900000003,1.1008474754691622,-4.593566585526091,-2.323753664380014,-51.00668190765813,-31.998085087268727,111.57677605350717
24.5912499,0.7949402583683867,-4.932104052264774,-2.8529089496428255,-59.408089540781745,-32.9960720927156,123.1023601940561
24.601249900000003,0.702036736073644,-5.161374705666279,-3.4984898122363584,-68.06239805893317,-33.27296304611343,134.01381453697874
24.6112499,0.571996599705339,-5.267358149996494,-4.196631462836176,-77.55136066532623,-33.103257528291856,144.3325185632085
24.6212499,0.3785832225169209,-5.455036766863212,-4.8891833838271905,-87.30093158522045,-32.14077967517473,153.88282432503368
24.6312499,0.24132655200454267,-5.763290648303449,-5.6679061263028325,-96.89906473598249,-29.991309062610494,163.017064138577
24.6412499,0.122109194372386,-6.205013019772881,-6.468426793361725,-106.46169991079596,-26.33816510520892,173.04937503396914
24.651249900000003,0.04681842522711777,-6.871683690812537,-7.1813990936955685,-115.9482570252561,-21.33478023228684,184.64331469584067
24.6612499,-0.04525115150746588,-7.574980220555307,-7.9607523292522835,-125.41289778176505,-15.848276736668137,197.82012668948312
24.671249900000003,-0.1094033807305507,-8.170399922104963,-8.588785552591732,-134.60582376801528,-9.662758500162443,212.02449300923544
24.6812499,-0.07561705199923473,-8.957707217678266,-8.919017746656737,-141.70130162054505,-2.531000225672634,226.50858568066317
24.691249900000003,-0.02934226529817066,-10.015899921974082,-9.151135557632047,-145.99054971354752,4.8453103231649095,240.94379378543584
24.7012499,0.05922242893696473,-11.237861207130079,-9.31775394827459,-147.19279836016463,12.49388967579423,255.25337466817678
24.7112499,0.3047689039229932,-12.606728594739348,-9.590803116617689,-145.53517921845716,20.865124531303113,268.25338243818345
24.7212499,0.5384032140136334,-13.917458096790282,-10.002220701562345,-142.31438627422125,28.65386293419269,278.69694472933077
24.7312499,0.8195111736649968,-14.946451697546419,-10.356133971146877,-140.14609936582573,36.07932135185555,285.79471648117277
24.741249900000003,1.370220337623503,-16.094055257090762,-10.46971505270369,-140.18834311923183,43.25978415436771,289.69410852082103
24.7512499,2.0112099410485693,-17.746687632812492,-10.063069397780131,-144.15387975834852,50.091300454541525,289.71295049217053
24.761249900000003,2.5841488794679752,-19.558915742637403,-9.385355276682702,-154.02974636267726,57.161132849736674,282.9946500130891
24.7712499,3.166997635694219,-20.961896470213663,-9.141608605767123,-165.8663851335215,62.01181387454477,270.22150465856316
24.7812499,4.048523893414351,-22.360874690193096,-9.319049587230742,-175.89416872195423,64.56479324009355,252.58223384955176
24.7912499,5.4209846907751675,-23.94143205512606,-9.350394759792549,-181.03386849623874,66.33666550135442,229.68545603920637
24.8012499,7.159406121094444,-25.54015539214667,-8.831490420060106,-180.9582529849175,67.77713247501116,202.71260188439396
24.811249900000004,9.094076525089275,-26.8555231147942,-8.279426143858814,-177.07353976345476,69.29521609333834,172.53024382343648
24.8212499,11.143798339212728,-27.518979530670016,-7.979104174162283,-169.24854308433487,70.268537449967,137.9806632813577
24.831249900000003,13.486086408191133,-27.83857046919575,-7.539858265268819,-160.70911639709283,71.46005670239396,98.09803944829827
24.8412499,16.021563603446587,-28.367926872161885,-7.163646434372875,-151.20839087151052,73.37613589965407,51.9495931248652
24.851249900000003,18.50782498007985,-28.622603725523778,-6.749576699354643,-138.79235628882927,75.62975910168322,-1.4260530851717292
24.8612499,20.978877724466862,-28.050272564674717,-5.482438808699308,-127.49954155108534,77.72780180002714,-61.188414550136216
24.8712499,23.133068266689765,-27.184325755074266,-3.5896957197893635,-119.93199714779817,76.15738651539857,-123.94657352318346
24.8812499,24.881728603535517,-26.18507896572457,-1.7874067364368353,-121.34306346738619,68.65940496841496,-185.9037935870391
24.8912499,26.458396118639925,-24.88350560149087,0.9595721257349222,-135.40218111422675,53.370082835787215,-246.53684613581737
24.901249900000003,28.44649211873906,-23.7020021163813,5.716300947167858,-156.93468589900144,27.90408302249589,-309.30130411195466
24.9112499,29.8393008986076,-23.259360625353718,11.697245708692392,-185.70172429229055,-7.230227729622391,-375.5703520418039
24.921249900000003,27.7589703273487,-25.772713578296276,17.79138844981481,-217.5156511493827,-48.11114893740925,-443.206627426747
24.9312499,22.69511759999763,-32.749677797123425,23.235875362717263,-241.76279682002146,-86.2538931032575,-492.4719930186467
24.941249900000003,16.687460858025368,-41.2060060645397,27.002403883488,-254.36475639779056,-121.44570247023077,-501.84630405428163
24.9512499,8.949954037867242,-47.02764291295035,28.17153459675324,-251.47218300356033,-161.7173596346268,-499.31756198169603
24.9612499,-1.1153760014087621,-48.697365680964154,25.64399630040583,-236.89186463581288,-212.89612512241223,-500.04557272892447
24.9712499,-13.017023211720725,-46.741367612738934,19.21419465028991,-213.28234571545727,-283.3512576611149,-500.0849512441586
24.9812499,-22.77108257936177,-40.57135397548458,14.17295625849401,-192.6206044289891,-344.96231847031135,-500.36239389715104
24.991249900000003,-33.2056629031758,-31.264187119001214,11.249189675683654,-180.2431240462955,-380.0255927221309,-498.41363978123303
25.0012499,-42.725106822939956,-21.990396443497172,4.219974612272238,-158.22434276713727,-379.17755092025214,-503.38841372418887
25.011249900000003,-42.0802867184824,-11.227706963393109,-1.873876908266072,-122.80420977042964,-318.16805226627395,-490.04613482814125
25.0212499,-39.94990149067622,2.2699336889621624,-2.440663882431514,-97.69369254476254,-222.6115076950659,-397.33033516605207
25.0312499,-39.737736860368095,12.751864065410775,-3.8325716918204957,-80.85876164179334,-106.79635767010672,-283.7076209104944
25.0412499,-37.39281870361046,17.23702154423325,-6.90611109165033,-56.764730570910686,11.802976800815218,-195.92961133642513
25.0512499,-35.061027797225734,15.821898148310284,-11.42437894915978,-16.983588237742662,102.42077015011303,-111.0448879221796
25.061249900000004,-33.78148836621359,11.800627745449809,-13.47004293773878,35.55008924108641,164.31929608088956,-27.014497821334498
25.0712499,-32.00260432128443,8.861804833448387,-12.394827821845062,83.18479459770857,204.06189015799637,45.54470215097456
25.081249900000003,-28.536110810806317,5.315526165171605,-10.904720872444079,118.69892621343708,221.00170044513175,101.11956229515232
25.0912499,-24.689305549675474,1.2437827315077374,-9.298681116019232,142.6151759138996,220.2599456048434,135.70048810001742
25.101249900000003,-20.90254396626092,-2.094270222150098,-7.966301490379185,159.88436781107617,202.78525719561176,148.33404742361697
25.1112499,-16.09665316016724,-4.948306484300354,-7.250161801885605,175.67268483144966,171.38687747321194,146.5771958042059
25.1212499,-10.851138426364502,-7.536802662413721,-6.7542161134591705,192.81273292261488,136.10230314413207,141.20456227184854
25.1312499,-5.855701221548676,-9.215296949929161,-6.798581511444421,207.30589212569703,106.12974676249671,137.45849280521347
25.1412499,-0.866120003976,-9.267720480121733,-7.330728538531245,212.46330919705093,84.75134455457075,133.13983390850362
25.151249900000003,3.454552708659381,-8.042504547159906,-7.747029514701448,202.94696684679758,70.59545047218987,124.61832606705545
25.1612499,6.267752749520593,-6.87584608382631,-8.145962093586755,180.03095981694025,61.644324179882425,112.10107509908848
25.171249900000003,7.629439683546931,-6.4401563302526075,-8.518542487334098,149.0321968680959,56.65894178713514,97.426891654762
25.1812499,7.883299269866665,-6.470160639045238,-8.3701846583189,109.45557170299985,54.92439646307159,78.94780924688781
25.191249900000003,7.310989353115421,-6.98797056180418,-7.83260517841443,72.44160751925081,54.838581621774026,60.152135567825816
25.2012499,6.6011543890568705,-7.896424244277586,-7.34574373998337,50.46562023873162,55.731542097829475,46.269875623978535
25.2112499,6.120624217467877,-8.76568727041647,-7.025148860038733,38.82849733734791,56.996402479979636,35.255697334907644
25.2212499,6.253948353839749,-9.383955041142892,-6.755128218130296,35.82663712323499,58.97681795613883,26.259708488796903
25.2312499,6.788347437466135,-9.469194406080984,-6.4625808841431525,39.717385600931046,61.33232360951278,18.08290538566906
25.241249900000003,6.9634482583309545,-9.195380828446273,-6.192481597969615,49.354866712824965,62.35631543444817,9.487449257754813
25.2512499,6.820487760300602,-8.802937566734187,-6.092748529490657,62.33100924712417,62.66571921741175,0.43446492399204706
25.261249900000003,6.550640649240047,-8.211657987624905,-6.201668158843338,74.96014752465574,62.983829064017996,-8.180309989174502
25.2712499,6.128152468434287,-7.495405872747904,-6.242984161305025,84.88233364454805,63.68968414958671,-15.127867504178028
25.2812499,5.7465490524817175,-6.564176112735468,-6.072122390133734,88.48708785852189,66.555724066981,-20.15068430162782
25.2912499,5.495716176415112,-5.675877187464345,-5.795163250712875,86.72814163611102,72.42105297552052,-23.795557317052907
25.3012499,5.254658007586762,-5.350568074580336,-5.568202894052971,83.04347542462767,80.27811547578617,-26.370457995910062
25.311249900000004,5.093042283969048,-5.304971321225882,-5.307889015025714,77.0818398482094,89.77409833884452,-28.241773019037893
25.3212499,5.013334724409421,-5.386792097424189,-5.059712533813624,71.22061947158126,99.78051182891102,-29.453050932703835
25.331249900000003,5.099735373070142,-5.544774619862504,-5.102319997137909,67.89223221307924,108.2412285749063,-30.584872292609255
25.3412499,5.337575070638418,-5.632953971254618,-5.233081492175291,67.32078618974916,114.5438643443509,-31.80163286591043
25.351249900000003,5.551433562211591,-5.678303851781788,-5.152513483787359,69.11042624860092,119.58527649121778,-32.96187608009445
25.3612499,5.656515820736701,-5.574508098695273,-4.913533472017462,72.0835708875972,124.5325038640783,-34.185910361104995
25.3712499,5.662275459372127,-5.444989232427007,-4.587722850368025,76.56474203274982,129.45724707481213,-34.939087570274864
25.3812499,5.6613308081747515,-5.439788017551952,-4.218505696467733,82.2634102577462,134.12548631701196,-35.22938883847202
25.3912499,5.8172987924775335,-5.635772728924858,-3.941609125530777,90.03852590087217,138.21305590375005,-34.00334321526366
25.401249900000003,6.105577463758527,-6.011378383694456,-3.6787244794525424,100.16722074912744,140.3888127878004,-30.251254970837607
25.4112499,6.467637981007176,-6.227503174956406,-3.4567606831885773,109.54024979322854,140.57837660152478,-25.191438861115017
25.421249900000003,6.931197128932396,-6.125853077026675,-3.511796310897614,116.12370328509111,140.5032876726267,-19.87784824673776
25.4312499,7.13333648422015,-5.720670351886207,-3.7523126262718884,118.27974307088185,140.7292741101943,-15.716669463924443
25.441249900000003,6.968698433219784,-5.108028692611596,-4.048224117972945,115.4780400135446,141.69835661207773,-13.707593176997966
25.4512499,6.866893943400404,-4.558969995168757,-4.212661491625022,108.31399254955923,143.4859956495832,-13.98482749382758
25.4612499,7.0259933336270715,-4.338329505470285,-4.126341320613891,98.70179645575834,145.6860461662465,-15.688994416933067
25.4712499,7.283274073022105,-4.472194624883759,-3.942504839223793,89.15212245646998,148.0898425291067,-17.50098060662112
25.4812499,7.552774087712613,-4.754577548898525,-3.744871859115906,81.16931355269747,149.84443264443442,-18.455211363269704
25.491249900000003,7.962564700405808,-5.050522909787521,-3.445783256747286,76.44010199523164,149.91891817396873,-18.02021902579198
25.5012499,8.550345655580566,-5.534452652793293,-2.997967424388714,76.85387872878913,148.59377572764848,-15.9166735484342
25.511249900000003,8.91307927103039,-6.052483232453624,-2.5629970771405164,81.169756032204,146.60190233158045,-11.679821826927322
25.5212499,8.916461343307791,-6.204114187536178,-2.430713836158076,86.01981629016628,144.04156170571963,-6.143250029592539
25.5312499,8.82568932450076,-5.987827859611407,-2.594065877402403,89.09435597970656,141.58162174786273,-0.13297851246408932
25.5412499,8.715079052051205,-5.623112579820573,-2.84345775223227,88.37865969527535,139.1885002047242,5.828262520869749
25.5512499,8.585240811156662,-5.196852954241324,-3.034531827872026,83.40502684031804,135.4847486939843,10.72424105922135
25.561249900000004,8.517618450563702,-4.80612742049698,-3.06674350348006,76.45918112581415,129.08785140440153,13.46110392499262
25.5712499,8.594425677255433,-4.761906705200061,-2.8830035470804614,70.77458599244162,119.80539523794677,14.03624858636444
25.581249900000003,8.782959710491351,-5.041881809098865,-2.5396940374017936,67.86837862435655,108.2510770989096,13.641048057500523
25.5912499,9.030785382176221,-5.401280288796605,-2.2477618890899222,68.18184732841547,95.11804129097598,13.294202178431002
25.601249900000003,9.290107449330753,-5.60932424777374,-2.1072674927056716,69.37905427138179,79.05422793668407,13.955704799245852
25.6112499,9.468580664817235,-5.3505716022755525,-2.0967266397073088,65.5034691193739,59.50195224595821,15.37603382721258
25.6212499,9.856057861547242,-4.85987094621425,-2.160716886373491,55.08972736376185,43.96353845825725,16.482504755410076
25.6312499,10.575885433818103,-4.639926348415913,-2.1620885868355266,40.964675809962216,33.88050609220716,17.936343252800427
25.6412499,10.887804612727924,-4.648581388301353,-1.9033631946975031,22.63974332125132,25.226973121711303,19.690692253737957
25.651249900000003,10.726894704114716,-4.868932318850739,-1.266137054052792,1.8048113887728465,18.882066216059684,21.11611694018126
25.6612499,10.423152515603398,-5.378066337768144,-0.5064228341232235,-16.762304352685145,16.004428591459874,21.465339540730362
25.671249900000003,9.96556205487415,-5.98038367459769,0.0027862244702694444,-31.47661420623015,14.676351330444312,20.148109831117143
25.6812499,9.417720767515675,-6.454338761762745,0.1768696063945965,-42.80879605341397,13.645675288861588,16.826680236837223
25.691249900000003,8.736800716860861,-6.984219032833286,0.19093342776332464,-47.89801104461837,11.94804712900265,11.7725925152721
25.7012499,7.953474603586467,-7.654402406118649,0.30890786196952535,-46.163159583225635,9.166337666448815,6.376304940553802
25.7112499,7.284280113820649,-8.057490210196258,0.5417740838319759,-41.39194739527866,6.7979494131349,1.6451349623579337
25.7212499,6.852905411972271,-8.355105799790723,0.7732687792022577,-32.91816945276849,5.513155804753967,-1.9804632084073486
25.7312499,6.638755640423983,-8.682043661302531,0.9427516457573605,-20.12205678343973,5.153339622324143,-4.411081330320348
25.741249900000003,6.43405218186896,-8.56345790847384,1.055990690989048,-6.801886276155953,4.547765005423151,-5.786777403803723
25.7512499,6.221166778927475,-7.992695869762161,1.1589224508743623,4.141784090877223,3.225158453999425,-6.818287030817044
25.761249900000003,6.178918695495996,-7.377843751729307,1.207812178962574,12.287942072457554,2.3952659472933444,-7.83377979934728
25.7712499,6.254095326770969,-6.71946919161034,1.1126273611303898,16.498594975712265,2.052725965753938,-8.586801251672819
25.7812499,6.276041137783627,-6.013761284616426,1.0084282781539187,16.27066695919116,1.6525497626105696,-9.046671399670798
25.7912499,6.28144349938961,-5.541869491174863,0.9136552058436214,12.945058640483067,1.53498902463079,-8.592417924967169
25.8012499,6.356668077720012,-5.252077375056665,0.7635488485191713,8.001895780558081,1.5225487541542773,-6.989904331506871
25.811249900000004,6.502441579514647,-5.015835501063601,0.6027545228068794,2.207219420794715,0.9988510871963594,-4.552934610942375
25.8212499,6.76202631599495,-4.956506380388969,0.42709894182460945,-4.196425195813844,0.14345390822604065,-1.0100157748619378
25.831249900000003,7.053037258173392,-5.041383535024247,0.33410531752851513,-8.931987186166541,-0.30934087977164054,2.269382104061295
25.8412499,7.221665202090064,-5.227996670447389,0.32691771994038615,-11.791245170996458,-0.8441558677220824,5.067948916556455
25.851249900000003,7.303307026075126,-5.500935311267891,0.23194529726862936,-13.408278462530784,-1.3765574257417166,7.928035423884258
25.8612499,7.431699456046026,-5.637315680122396,0.07730146541203524,-14.631059655760493,-1.6401588638850157,10.293799702340014
25.8712499,7.6591304595207035,-5.747812363617865,-0.002605542458972104,-14.736707308285524,-1.7162817280430012,11.668477443296265
25.8812499,7.869392231122978,-6.044123298268839,0.01965641507149708,-13.134594703167092,-1.4176869341282,12.52342805170885
25.8912499,7.98040971821673,-6.4191353061501815,0.1508388749508595,-11.029784643988739,-1.0227782733144501,13.476452370713664
25.901249900000003,8.048029800376275,-6.690673964218991,0.28066206809953287,-9.039447443301498,-0.23565962168665822,13.668967316223894
25.9112499,7.994977611346133,-6.892996146418968,0.28395790216784667,-6.47124080480629,0.639943678637852,12.435930229244418
25.921249900000003,7.769891826304195,-7.151850676189348,0.20547068305823424,-3.1442085516206864,0.5026952441638524,10.577241889607375
25.9312499,7.572808202907279,-7.379381915489725,0.08447738703666204,0.26882770973219977,-0.4007515416104486,8.554028694161293
25.941249900000003,7.557295942809786,-7.459560371735236,-0.04925775898921337,3.0387112164996664,-1.222842943614886,6.298879215560349
25.9512499,7.487760918829019,-7.363895629212324,-0.11093107860977033,4.889712560753217,-2.205356472989911,3.695792679746527
25.9612499,7.333216227567048,-7.177165271240218,-0.13373223674213305,5.990399214763351,-3.6001852567228734,1.1020749164469872
25.9712499,7.264568532012464,-7.065000518394495,-0.12726159901402828,6.411434984176226,-5.063423437728365,-0.6716707741313466
25.9812499,7.369737614396471,-7.0035256539090165,-0.09998715639367668,5.399214417326949,-5.826055535282641,-1.3464527289002444
25.991249900000003,7.632545762185875,-6.8993318290572105,-0.08740286536717365,3.6986500996359655,-5.822285086072385,-1.5900906806878805
26.0012499,7.807249414388443,-6.785554543149285,-0.002632537159836198,2.368561848408626,-5.500716234006936,-1.9701464186760413
26.011249900000003,7.810663052134275,-6.6773577266059405,0.12210555969285705,1.4722786438410371,-4.630444331128111,-2.0933950789421196
26.0212499,7.854742301291468,-6.651584508031312,0.1909683401939388,1.2809024425255937,-3.5082799744148643,-1.6150663947678061
26.0312499,7.987239558338456,-6.89711164376135,0.3512425448991655,2.314964666611693,-2.575628170860074,-0.8996458985739976
26.0412499,7.889147406199997,-7.195024325796886,0.5258848152352154,4.176745815630341,-1.8171289392328045,-0.66391280294498
26.0512499,7.568307826946472,-7.366724781680595,0.5189774440239829,7.056608336835095,-1.7413585736571515,-1.1472668195989177
26.061249900000004,7.298608053478241,-7.4643091744485845,0.41626131059561255,10.45200050878692,-2.6771266439624877,-2.2694429916217644
26.0712499,7.116958395338289,-7.51361556493434,0.33455207859316793,13.04472663981239,-4.197456399304134,-3.6549675384453835
26.081249900000003,6.9885153120776735,-7.435383368220192,0.29585028121364493,14.220430430068923,-5.668334469266622,-5.383613095962378
26.0912499,6.953691928161399,-7.254479990877816,0.3204022837603199,14.377681589569868,-6.912297717258099,-7.401925577170961
26.101249900000003,7.039289786611568,-7.09783893475944,0.37285889905811403,13.721085635705979,-7.925032607457054,-8.991532845826653
26.1112499,7.100224651186361,-6.967647061252363,0.4258209527974132,12.361992138276657,-8.620531511815642,-9.96488930235301
26.1212499,7.075507409750249,-6.845475412013276,0.4498638058113082,10.585917752063324,-9.049959682851531,-10.112501272016578
26.1312499,7.013967140969549,-6.735074252073772,0.37576587052762944,8.578793727742582,-9.493450639124449,-9.452489607538089
26.1412499,6.930849595035702,-6.685058367681575,0.23054465448166717,6.93079800579936,-9.967204397070605,-8.443077531689458
26.151249900000003,6.836333962526546,-6.647935475450648,0.12105306899912668,5.568018286013822,-10.688604116439404,-7.233079536622223
26.1612499,6.708039414746696,-6.570496124903913,0.0712218977917987,4.336151062608412,-11.319680116466824,-6.089637786287383
26.171249900000003,6.5592733213960015,-6.486535426472893,0.013101919941202807,3.2513431274919458,-11.808721113980642,-5.065553698677043
26.1812499,6.433340364119467,-6.464731456141064,-0.046713678227301096,2.4852626187938993,-12.194638355681818,-3.661009206630335
26.191249900000003,6.288703502944031,-6.499193393964259,-0.0746593308557182,2.0727067980638916,-12.442329840442039,-1.4671468275926565
26.2012499,6.079445784810742,-6.470881170091036,-0.09717983203026105,1.7143579313161539,-12.750052139617585,1.416826657878838
26.2112499,5.8521712974939515,-6.40761795227294,-0.1309606788119518,1.4500748924851323,-13.132787419399031,4.6520178276264375
26.2212499,5.602399474715734,-6.320214700587975,-0.1574733082428487,1.2409186069134257,-13.66816061819658,7.980337204774913
26.2312499,5.370692970367951,-6.211792156346657,-0.16643849791871265,1.239422485531823,-14.417503271517909,11.689227566659941
26.241249900000003,5.132455767498708,-6.106846562188154,-0.26953587629531817,1.1656353159411665,-15.42539855290376,16.42157809151419
26.2512499,4.900486153791561,-5.911967828336981,-0.5400406557009285,0.37569512811820516,-16.2269989588868,21.481252008020768
26.261249900000003,4.746372603241329,-5.641889401701882,-0.7790912145801357,-1.8584093364507779,-16.40566044666255,26.08952929741192
26.2712499,4.600431447091857,-5.37401200083773,-1.0099894366428597,-5.737215291775905,-16.029098992773044,31.095499822955272
26.2812499,4.449099197003751,-5.143390168800516,-1.2552590663753613,-10.743663507093853,-14.95754212953353,36.444404769306495
26.2912499,4.282230065119882,-4.968752505270447,-1.4173456672400522,-16.173405472757143,-13.271901137557276,42.17568894345597
26.3012499,4.0408991475578775,-4.898111077838192,-1.5531102630214904,-20.816058116705484,-11.590337346275229,49.039518579640756
26.311249900000004,3.763835571019153,-4.951805412018132,-1.6906752471445692,-23.85655345131644,-9.88226306993371,57.095255622495486
26.3212499,3.4714402550502443,-5.0758182462878665,-1.7474658274676096,-24.924774114322727,-8.508852751564927,66.27088667158506
26.331249900000003,3.1344041559907767,-5.205247811432734,-1.9084065383079896,-24.098313380604115,-7.676335687682917,76.64482395131355
26.3412499,2.856131255050698,-5.220201928545725,-2.3777286084907643,-23.270624043031113,-6.762574549679942,87.50543743938232
26.351249900000003,2.7283460420336083,-5.10593193096805,-2.7800968173406195,-25.1052192586417,-5.425572261770193,98.03706840694478
26.3612499,2.5860579906664736,-4.954809049828289,-2.947917861233946,-30.3780141871685,-3.263052937717991,107.62650129894203
26.3712499,2.313350888146277,-4.850286283380331,-3.275149928620643,-38.65876219329045,-0.39839524151060984,116.3678479265244
26.3812499,2.084532125933711,-4.968517599897747,-3.690314601235139,-48.92420391621328,2.7198514432400827,125.00225110709991
26.3912499,1.9407092725447728,-5.2920395185052795,-4.03572976062278,-60.2518729494892,6.209640716861199,134.0028739700961
26.401249900000003,1.7536730669157794,-5.728466128539306,-4.477432815379638,-71.4962490350456,10.139738227454743,143.76687560532906
26.4112499,1.5401614295878239,-6.310848593139943,-4.863903587597479,-82.41323177624699,13.873666600745972,153.96690401084624
26.421249900000003,1.389255186547906,-6.952309218906494,-5.067035803348189,-92.96726324819294,18.139889863568534,163.93105465821512
26.4312499,1.280691342307804,-7.753797755343728,-5.26971182173305,-101.25400586338307,23.413142566651537,173.27494541892918
26.441249900000003,1.1916080498527475,-8.663472032504565,-5.573695744091701,-106.02471204875877,28.65520253914836,181.888114877101
26.4512499,1.1452779002100406,-9.631575465047321,-5.849642510803557,-107.64821171753759,34.15061082129066,191.05415758019524
26.4612499,1.2025601667192933,-10.859690966259846,-6.0334283014647605,-106.86935064676419,39.76451332835359,200.92410527740313
26.4712499,1.4012838080386703,-11.959834513046937,-6.082432133438361,-105.2586699540007,44.33386555925452,208.6392696558939
26.4812499,1.6201424897240213,-12.890907421518738,-6.053065713411542,-103.10993394047178,48.945756023064334,213.93365916072096
26.491249900000003,1.8862839967049705,-13.78627855162576,-6.05764928090445,-100.42198400291393,53.68219156715653,216.90909564196443
26.5012499,2.2313863473127613,-14.44233617470477,-6.086301858184816,-98.9644070903262,58.27925419819657,217.38155818300538
26.511249900000003,2.6401538685362578,-14.85953703681582,-6.18278187541993,-100.60254057557253,63.19768758868105,215.80833508614435
26.5212499,3.2564774087775312,-15.131674724581234,-6.366026712617925,-106.53712339000158,68.22556825557344,212.39936778453725
26.5312499,3.89717914757203,-15.426794775600518,-6.4922299048519845,-116.89923825001308,72.61077783106836,207.1700457012884
26.5412499,4.37162934176642,-15.90556141594272,-6.545694350291392,-130.64722076391305,76.25930531701111,201.21568976779233
26.5512499,4.837638632906792,-16.68696007390086,-6.343056001080112,-145.59229288398228,79.54871266784494,194.9465926895143
26.561249900000004,5.346965129579963,-17.91086855231989,-5.754591596190185,-157.47796603264769,81.71462149297423,187.1194252213692
26.5712499,5.94054526570012,-19.213204216853846,-5.215381115441869,-163.52812269352668,82.02233145687606,176.66317061907844
26.581249900000003,6.69126157403763,-20.20240396884113,-4.894761824113745,-162.83763194105902,80.28435374502254,162.97102495241126
26.5912499,7.556712206307742,-20.992579413380025,-4.542950421124028,-155.23451397305757,76.3238846584047,146.39341353561784
26.601249900000003,8.612556927095547,-21.767562871466943,-4.1466813229206405,-142.7454839864037,69.7637029934497,127.40277468880497
26.6112499,9.978368486931812,-22.181217561733014,-3.9929858302499874,-130.73618357750487,62.10479140314957,105.78582957033058
26.6212499,11.57127347157651,-21.84872088922267,-4.208186372845695,-123.5600256752494,53.86926726401249,80.19154525589381
26.6312499,13.597240986950675,-21.081802423500992,-4.600922315243615,-124.89282205892125,44.01490018162293,49.336057647212655
26.6412499,16.06348408447036,-20.276532422037107,-4.883808805518759,-136.8489555670266,31.725806918594447,12.85399253818696
26.651249900000003,18.613901734288927,-19.513402687902996,-4.908968151002861,-158.21173146573258,16.69161456794779,-26.765332309680897
26.6612499,21.716361675387414,-19.088264297086834,-3.760583193278437,-187.9731401809765,-6.191413272790096,-75.39242221935402
26.671249900000003,25.496015104177697,-20.071094761158953,-0.625310607316035,-214.29051406156128,-39.647088030479395,-136.70386027153313
26.6812499,28.62047959617312,-22.451858789010423,3.1538409299573447,-226.41105849579742,-74.18161797215286,-195.6647799924962
26.691249900000003,30.037354181676147,-25.378498123704336,7.431068971125277,-234.8423035287383,-105.03567455515503,-254.7338923191248
26.7012499,29.46593671465548,-28.924818023873758,12.006709076146047,-246.9399359802255,-127.15826992493137,-313.8129294138561
26.7112499,27.640607891824114,-33.27341899356292,16.022208541034036,-262.74489685209574,-139.23965046893454,-367.7793354016485
26.7212499,23.680392912631987,-38.38417443148385,20.00826481899426,-266.5175559027973,-151.58330362510776,-430.88716885656373
26.7312499,16.827075275888262,-43.00610665417507,23.7018442591924,-246.74931145417474,-174.65868920837406,-489.936569316397
26.741249900000003,8.62839223143238,-45.043968400721326,24.429710763962408,-215.72051166199512,-207.52032322122218,-502.6346884934603
26.7512499,-0.7760485627716269,-44.69998303472664,21.949902218123366,-186.5930877144401,-250.87189265553545,-498.98983428035257
26.761249900000003,-10.540088871360535,-41.308877623933824,18.734489824473506,-165.3803381974311,-301.99763214248804,-500.54291213547356
26.7712499,-18.111422312776263,-32.68427514700393,16.257762732109363,-157.23321777556814,-347.01900102946547,-498.77583196073215
26.7812499,-26.107195308068235,-22.600049326795553,13.771991253155289,-168.5811860636126,-382.14751169521764,-502.39039389278435
26.7912499,-35.413589307897716,-16.124764517022133,8.537423403611635,-184.02238282053736,-391.7975050132524,-494.58269459620124
26.8012499,-39.52550735262302,-9.9803242132847,3.5935294988249997,-177.99250878290175,-348.3346515989817,-425.49889763149173
26.811249900000004,-39.707174655875846,-1.8205215276104345,2.1157029287885023,-159.43245514130248,-272.14758420265775,-343.9473717259397
26.8212499,-38.27399116625223,4.057305700157251,-0.6787296593277226,-139.4017512060871,-181.51175554410005,-286.27605319403995
26.831249900000003,-34.7732305885262,6.146991409481125,-3.9042691566854026,-111.21382675467711,-89.14472936620447,-238.43652518733634
26.8412499,-31.718050214244574,6.416879113837706,-6.710681542729703,-71.1925781093457,-14.857956539064404,-197.3504797307051
26.851249900000003,-29.67641869787037,5.094020345806891,-9.588696107229143,-26.013574386475455,40.443789903643925,-149.28182387664327
26.8612499,-26.676343130503138,3.347161107074847,-9.974388603161115,19.648584805965847,83.14298569065127,-94.1573181533208
26.8712499,-22.42524088727993,2.6416779250326115,-8.7821661588549,58.484844994150244,112.91582622371932,-41.312272673119615
26.8812499,-18.540495203119406,2.1521784809054387,-8.413128050326893,86.2227340170563,127.44303864209209,5.499163669579514
26.8912499,-15.842290762418447,1.4627307179874929,-9.069912630500916,97.61419637176994,124.96970185152726,34.84201740133395
26.901249900000003,-12.921498146547183,0.7867240944155363,-9.704755088513263,97.16350105490417,112.4684358300154,50.17408079214725
26.9112499,-9.363391458318619,-0.15358410042929466,-9.931700800583236,92.180744450734,95.65116046314027,58.922764677942745
26.921249900000003,-5.66349984102088,-1.364911271668659,-9.97607234536022,84.25469715203364,77.97790214964887,63.42825254992519
26.9312499,-2.1807544780295234,-2.7252348467343235,-9.89816246017504,76.16244621152096,63.75695474165697,66.73845181112004
26.941249900000003,0.7043681667936577,-3.9022407508857193,-9.75402446357761,69.66051454340464,55.94215843622644,69.08697036230083
26.9512499,2.7785602254435604,-4.7775127141855815,-9.68578442541308,64.91064984807913,53.51852856425162,68.94318979805853
26.9612499,4.1918789958299385,-5.418954210191138,-9.631274748173974,62.32255322592319,53.74956668602467,66.13540414152345
26.9712499,4.946780150299849,-5.770466095405114,-9.453488001119194,61.75223808286808,55.270338841829904,61.1075777736456
26.9812499,4.966319520050529,-6.153456768945215,-9.38655788891549,64.61895457928672,56.468238530653196,54.59182100211173
26.991249900000003,4.742759701868973,-6.4428992236906915,-9.531506271822675,70.88044503415595,56.523209834719204,48.1832678741978
27.0012499,4.632614449618057,-6.333090412831308,-9.43026432948784,76.76571072431061,56.342482933101884,42.71560437111514
27.011249900000003,4.504302212471186,-6.140644495833331,-8.934723155798402,81.55319763832873,56.775316094662884,37.940054745623875
27.0212499,4.249323402353947,-5.875161997180055,-8.373967962064993,85.44227568202737,58.06670709890933,34.169231188348014
27.0312499,3.865442609728457,-5.427954948707509,-7.933128306687785,87.07697669643818,59.99416169156508,31.299007699888808
27.0412499,3.4677588131623556,-5.113583712458636,-7.57647919438802,86.72266703104185,62.16950196715336,29.047960788154306
27.0512499,3.284752894230515,-4.74311624503914,-7.32643074622978,83.06031264543573,65.97271230564971,26.657586895074772
27.061249900000004,3.2930129437088462,-4.1535002663218386,-7.23527882426939,74.90133360112912,72.65798081234813,23.430884650972757
27.0712499,3.227070357359666,-3.7897512407905842,-7.20380398018428,64.9968551329666,80.30376425487087,19.417070260633906
27.081249900000003,3.2033829655018256,-3.5123235645039483,-7.0023390895377,52.94860878598829,89.40555770326806,14.186312539753843
27.0912499,3.2811037809072885,-3.6068132765519065,-6.721532090942248,41.563758766211606,98.7739038663965,8.38877765003649
27.101249900000003,3.381730974049909,-4.0981895992881,-6.616806174224466,36.27385704219625,104.02165089861319,5.075729184618913
27.1112499,3.3881570475358496,-4.396634686228166,-6.5786774030494355,35.54962601966003,105.7910272932915,4.446325233976967
27.1212499,3.3807505704534724,-4.4884733050323415,-6.491701008685136,37.658490867968275,107.14498521295103,5.370176716415864
27.1312499,3.4273637953871745,-4.533098432416826,-6.281736952409575,41.85829632890158,109.11652045466387,7.439112708443836
27.1412499,3.4512886751022185,-4.581524148627827,-5.94906771816971,46.59885404343428,112.3485962685652,10.030338320904102
27.151249900000003,3.6029295307883418,-4.671943913819437,-5.720546741792856,51.51786614256454,117.73192024246873,12.649521705618614
27.1612499,4.058843327707455,-4.787608847783072,-5.657372973506496,56.51933203954196,125.10251931518526,14.906007535128909
27.171249900000003,4.597845645402214,-4.872163486233098,-5.438759992673951,60.122759202515645,133.55300225379725,16.53576295006583
27.1812499,5.035861527377079,-4.983148798146737,-5.06340747878318,62.45813589055233,142.51031563389733,17.19964648709106
27.191249900000003,5.478400900207153,-5.231466128235316,-4.951170812487132,65.26884475180414,150.90511180844715,16.6711308539165
27.2012499,5.9155123492518635,-5.626537742888748,-5.192666837600525,69.63290990346412,156.90674196332242,15.555191166408529
27.2112499,6.246815888045619,-5.908517362297522,-5.491130686670267,74.53596088068105,160.53525376316057,15.136122608176855
27.2212499,6.425497522009648,-5.907960114032261,-5.631828690005985,77.54295026886888,164.09074832005723,15.718542712287848
27.2312499,6.324894048402793,-5.801110552386395,-5.540880899792357,78.12277256604523,168.7014191555518,16.21005398311466
27.241249900000003,6.051538448585958,-5.748604340840951,-5.224960295505821,76.95042108266209,174.26496085268852,15.897085964501642
27.2512499,5.876521201346866,-5.859420383295595,-4.793180176049409,74.8157410550012,180.0635650737669,14.933186630327343
27.261249900000003,5.962223560676412,-6.193548049833907,-4.5039352696343755,73.85991762783183,184.98184073743897,13.183671899577632
27.2712499,6.23486161058439,-6.591683133679058,-4.321895691323588,75.86180754180239,188.571828498011,11.143595394853463
27.2812499,6.5165705157647995,-7.103234971209538,-4.048754119814004,82.15460549104621,189.57824349404464,9.771835269587696
27.2912499,7.006569822963092,-7.665305259436703,-3.78268841809789,93.53187478927796,188.10275993626107,9.746265041105145
27.3012499,7.607524780968256,-7.925009252647445,-3.642027641476463,107.8732078613835,185.96675425912042,10.911070054699401
27.311249900000004,7.681362529708448,-7.822384053274879,-3.5901742661590355,117.91617549468462,184.34943387394918,11.9147636429853
27.3212499,7.361043918771087,-7.420268744777949,-3.433453971924931,121.86341862602471,182.42569775553156,11.32711649975319
27.331249900000003,7.33412516100415,-6.919437435580919,-3.163312029605361,122.27259272486143,178.74680054151983,8.431894522789271
27.3412499,7.717939397366693,-6.556852769850492,-2.906770343515606,120.81049053303391,172.59283889620679,4.18934322964471
27.351249900000003,8.126513835899951,-6.174342254079471,-2.776235688736755,115.9106759776839,164.57547943526197,-0.09038461945906352
27.3612499,8.396506838532515,-5.56389627233381,-2.7454277962087037,105.28909601063133,156.5766234821588,-4.096141017411987
27.3712499,8.689692472350938,-5.701167700880047,-2.797646149797138,97.7617717559372,148.69409451539678,-5.389548012328996
27.3812499,8.90812267116928,-6.895798273381589,-2.8063563032156784,98.94200805407424,139.59724735056753,-1.5958931698603671
27.3912499,8.824245643427023,-7.0080233662090405,-2.4975738224562534,95.66132096051717,129.80899881495583,4.036961235389717
27.401249900000003,8.682947168542889,-6.14148943650517,-1.9336768445473838,87.60466529897847,120.52579855344416,7.318984839121634
27.4112499,8.961891688968299,-5.9176220913639135,-1.5512560764254961,84.34185742569159,111.7690087363885,7.246702894810553
27.421249900000003,9.280893176433498,-5.709175845034061,-1.576375725967964,80.14216019239478,99.59705707480546,5.760706400612078
27.4312499,9.449203190676972,-5.477007828609058,-1.7725452507999955,73.65053979091265,82.54357202437376,4.722724178634874
27.441249900000003,9.871902191881638,-5.701596816966712,-1.8706106672824216,70.0475494140781,65.00238562664087,4.152656539884155
27.4512499,10.43048449637364,-5.968461009526268,-1.8727911581799892,68.74527313744618,50.466600835808094,3.9039490935723133
27.4612499,10.391515897668315,-5.718122185014472,-1.7834454960736308,63.47063447456354,37.30751692220354,3.522502147714542
27.4712499,9.867180492418262,-5.068077498820942,-1.5096644318855523,52.087050201517314,24.706389793487155,1.707037409778435
27.4812499,9.639553493117338,-4.484680356442847,-1.142920194908886,36.517011767146116,15.553945562251263,-2.809752184630839
27.491249900000003,9.66940450412732,-4.276267373527219,-0.6744099032423364,19.98750122213277,10.507780456647488,-8.555576814382812
27.5012499,9.469834946316569,-4.361391426402833,-0.2264370603605753,2.211131450607429,7.53899627138797,-13.548693095339948
27.511249900000003,9.187685462625074,-5.016879409422428,0.24873047572471188,-14.463984512016141,7.155852860423155,-16.821359431603874
27.5212499,8.806390334297403,-5.8505910506027785,0.6865982530073622,-24.963405512778884,8.565823798651902,-17.046296442913185
27.5312499,8.231300418156502,-6.3669564638018015,0.9444184801596126,-29.4301345852971,9.678215737676267,-14.961166599971675
27.5412499,7.628405562479819,-6.726396527619564,1.0996171455851294,-29.422108205196828,9.975944270325465,-12.262528867354192
27.5512499,7.108127376116233,-6.966751345888716,1.1986800375784614,-24.72312628503101,9.516434865257938,-9.42599810256097
27.561249900000004,6.621774504557196,-7.1180269611054365,1.2480365741325234,-16.64236335501979,8.001546038187433,-6.614840420425315
27.5712499,6.255032110233567,-7.168269818463337,1.147152060191479,-6.751429980708341,6.308589889426284,-4.071995827874447
27.581249900000003,6.103947057728048,-7.0506435929295845,0.9510452850245505,3.037986788543565,4.9243721192184395,-1.3599003022186826
27.5912499,6.220171747012651,-6.8197875804077785,0.8779527444274421,10.722950117229951,3.6410385761171975,1.460159307868843
27.601249900000003,6.549007125311576,-6.597102430259913,0.9694166459291232,15.695234104295274,2.8913157456225194,3.794182405402368
27.6112499,6.852540042666605,-6.393978680419472,1.1220556069790129,17.978807564526917,2.8406919823781607,5.761204796861734
27.6212499,7.084604977301413,-6.131168725841202,1.2345844032766988,17.662259472931158,3.265180449041062,7.1357032619143395
27.6312499,7.282843051940051,-5.8651075783277,1.177911912443037,15.376659347733517,3.6806601211844168,7.6839793940180225
27.6412499,7.406088686384764,-5.832608881379088,0.9608393370357357,12.677349370202295,3.5835754404687354,7.77389650097474
27.651249900000003,7.445536990181127,-5.886298357602765,0.7070495356831682,9.330651650153433,2.7658304722004363,7.542431771562068
27.6612499,7.47640292409529,-5.879947424838735,0.5323611210892129,5.956137706948659,1.5945175912761886,6.613284750926457
27.671249900000003,7.601388778604122,-5.964207670919931,0.5017924020328101,3.793473175384334,0.15181394362122638,5.212045488115462
27.6812499,7.794626947869849,-6.169110770495523,0.587436628002163,2.8746656044651613,-1.2276037336772225,3.911853745653256
27.691249900000003,7.890325186458386,-6.391200774549005,0.6663259680124493,3.215525443468268,-2.5891364977052027,3.1750816040686254
27.7012499,7.88686333108351,-6.538500380539075,0.6085619296757793,3.9523850798498916,-3.873830713777268,3.0811160279538496
27.7112499,7.902536763564921,-6.640105562941772,0.4961422350433883,4.463481581705188,-5.229707990605643,3.2512547616267535
27.7212499,7.94664562964734,-6.729025018251952,0.46575282262422457,5.027034157309091,-6.818446945536602,2.886550889934701
27.7312499,7.951834477425035,-6.758218716745258,0.47399386899251905,5.093212963399907,-7.9614255458011645,1.7239885625871036
27.741249900000003,7.93623756625549,-6.801426540387963,0.4489179104391539,4.419383720532597,-8.593315621747948,0.09123411253823908
27.7512499,7.808264435519276,-6.8529340935546585,0.42124560545460404,2.8071244981610617,-9.120090473564044,-1.850325726613338
27.761249900000003,7.601896389758871,-6.9547045401204395,0.3965483853852884,0.7471236156000244,-9.584006776571231,-3.7276751270979247
27.7712499,7.459792374764608,-7.054369506545421,0.336397065129951,-1.1385050190340755,-9.968574987788308,-5.335986682355824
27.7812499,7.404771755461825,-7.0944799895829025,0.316873933456446,-2.329901757683858,-10.243559768888408,-6.796183315390099
27.7912499,7.421350271391568,-7.108837448411785,0.380502847431876,-2.0941366968770443,-10.567583305871981,-7.82647224168311
27.8012499,7.465276971071985,-7.117083467764315,0.5108536537932868,-0.5024928023828005,-10.724233194036076,-8.222347106338924
27.811249900000004,7.498052867196688,-7.128846780021505,0.6711108570826079,2.1343731401861166,-10.256105841306304,-7.665242902523304
27.8212499,7.3991876254357445,-6.99005466252503,0.7015420653996027,4.963783955648723,-9.783421017494112,-6.268154544778566
27.831249900000003,7.182403256895941,-6.778875966798263,0.5970466418396896,7.456810185855809,-9.773387469168808,-4.759977991026713
27.8412499,6.991196203230204,-6.647108548558086,0.4972890410999292,10.0279302381177,-10.183725918748516,-3.1150623591869464
27.851249900000003,6.802698159409429,-6.526391577810348,0.371326074785316,12.109008337184227,-10.918134186520842,-1.2415277758617551
27.8612499,6.6450752693087995,-6.359473162512964,0.23272642008663766,12.95767459355722,-11.623186835532072,0.37213291293552736
27.8712499,6.6010924837851706,-6.21541454348653,0.22893160303665755,12.527966278583502,-12.084062605275967,1.8341823400575776
27.8812499,6.542797258081739,-6.167192826202043,0.30720266632496984,11.324520652483269,-12.320554721763294,3.5119740260543093
27.8912499,6.357382198603357,-6.1728081111833655,0.3321682102142585,10.082549402728764,-12.525506814580721,5.341204570681626
27.901249900000003,6.128819321327225,-6.184851992552695,0.3330851605722617,9.119987875107242,-12.746983140397406,7.590886096252053
27.9112499,5.927173149205083,-6.214073898660316,0.325935407917052,8.843253841948318,-13.216069878226953,10.451104932092406
27.921249900000003,5.709361208447006,-6.165796076652913,0.28188311672728683,9.233413065613105,-14.123944696386333,13.744608160121752
27.9312499,5.481889518741161,-6.004421543846976,0.14830560949976504,10.230984464344793,-15.51637226208244,18.096437103798795
27.941249900000003,5.309084103809111,-5.759630284353773,-0.10402098733498827,10.642843675792111,-16.706495792627486,22.806133316175217
27.9512499,5.171052627773534,-5.444491690694289,-0.33561387054739095,9.21005370585855,-17.51787411053377,27.461026711679267
27.9612499,5.032294300447971,-5.196324110752855,-0.5597728398365566,5.957042270518143,-17.800487742461918,32.579985711343355
27.9712499,4.825608579076356,-5.019428877370458,-0.847112244738235,0.7362028207732628,-17.868891879173137,38.03848803447367
27.9812499,4.558696191539124,-4.858179934676906,-1.119798204460998,-6.43417810402295,-17.68803140235421,43.39106427096152
27.991249900000003,4.282805322117315,-4.8189429025162775,-1.444246361579686,-14.086449906111818,-17.085886627768833,48.84895849793108
28.0012499,4.049894347486875,-4.867190248852547,-1.8641189015757906,-21.65865226383559,-16.4125149732287,54.44023303642702
28.011249900000003,3.797911722429309,-4.959196259741636,-2.246418299732035,-29.15257067961865,-15.869166683481797,60.449244364957686
28.0212499,3.463386652155728,-5.022359644001116,-2.6537101059141017,-36.88006252541231,-14.79242192810737,67.2882216868698
28.0312499,3.181218997476241,-4.987821185621977,-3.059242278867966,-45.38635292064059,-12.899204972239565,74.75384425291082
28.0412499,3.003450258254132,-4.9794821341703965,-3.3781424857518454,-54.14479968037188,-10.643650858013357,82.942060504818
28.0512499,2.7750711052153774,-5.061448014849448,-3.731472344769993,-62.31737307273373,-8.36802020188504,91.89814424058255
28.061249900000004,2.5263063278229723,-5.1564840571918245,-4.1765027462722815,-69.75343416789565,-5.722677778666364,101.9621734721729
28.0712499,2.3633843355845725,-5.250648577116734,-4.5422707561626385,-77.09569330539831,-2.6795281324515923,112.6578850202372
28.081249900000003,2.215242896868729,-5.418236709104733,-4.773344264349446,-83.4118285863027,0.7825033264434962,123.51218619033966
28.0912499,2.0121989132887306,-5.804740822231861,-4.932671125277968,-87.70046829637123,4.638317114409757,134.8158279422981
28.101249900000003,1.8496939316323753,-6.378371830172354,-5.142538332793922,-90.53858138870609,8.825046074812324,146.9609624052889
28.1112499,1.7057940731683086,-6.890174135109868,-5.508998496431559,-93.32176018440842,12.926881882497241,160.3834814385003
28.1212499,1.6049013122174325,-7.311823191472184,-5.880560014758563,-96.41659552589483,16.970136780597525,174.28755733501353
28.1312499,1.5902479723102878,-7.907820340871838,-6.00352126792699,-99.70331960845107,21.082721224321237,188.20742776728542
28.1412499,1.512974740896061,-8.84630463822438,-5.898811081144438,-103.4518041594632,25.652044715884113,203.34358331578045
28.151249900000003,1.3677223185104193,-9.873077984326939,-5.863139594990634,-106.70171588937367,30.05986522652275,216.3848478623086
28.1612499,1.3011267932935162,-10.816382514734542,-5.9700881822585234,-109.65019532035079,33.68948255891746,225.52029569180323
28.171249900000003,1.2557138818772622,-11.690980618038273,-5.986270367978497,-114.1711551811971,36.734009114634226,231.84223922616454
28.1812499,1.2375202227620852,-12.585324393894984,-5.926658448184143,-120.44807767861845,39.72049320192828,234.7662773353564
28.191249900000003,1.326275841067432,-13.558796531970994,-6.0196024626637135,-128.62910359988766,42.440955580500244,234.32215404635141
28.2012499,1.6060232458668982,-14.423114924255906,-6.172173452957788,-139.05223273091013,44.51562945992752,230.76173406121404
28.2112499,2.076529875298836,-15.288719448442386,-6.0805495965452465,-150.34095067716794,45.3241026172711,223.98549719483205
28.2212499,2.6190889808799076,-16.25414995188696,-5.9179119111812675,-161.1636717891643,45.03056998150647,215.53710116977916
28.2312499,3.1466246511449194,-17.042443782335695,-6.052419956666104,-170.35933438026387,43.24395253666939,206.6928370011137
28.241249900000003,3.8210984315310967,-17.913285998742296,-6.13521210479018,-177.58573371144985,39.16245339816183,198.35858883930615
28.2512499,4.7451373760647595,-18.842930617933515,-5.951079358009979,-184.46964738205034,34.417468300147476,190.37042661727094
28.261249900000003,5.708816945674186,-19.338966929763377,-5.742475982703875,-191.4006470004424,29.945087659430786,180.57849653338627
28.2712499,6.674533718957007,-19.903482527012283,-5.54758108321292,-196.0970862390513,24.417414427870856,167.7834566575283
28.2812499,8.019303827069864,-20.742406367354576,-5.502905702042283,-197.35027076850469,17.95122681000592,151.37038317975038
28.2912499,9.879973928087347,-21.491655363652175,-5.857111248176334,-194.3207719538141,10.75495227503158,130.59078606522544
28.3012499,12.055902168450354,-22.091283392360694,-6.3852018846602805,-188.3731268328558,2.705210272812722,105.40906913512949
28.311249900000004,14.735848135570892,-22.604040762557993,-6.504273496003346,-182.37701355779416,-5.258847202226427,75.86364818548665
28.3212499,18.534557074261322,-23.219387221463474,-5.781842412436512,-178.9578984396013,-12.20767398259327,40.76516239224293
28.331249900000003,23.36658645432606,-24.22244017870327,-3.7875596216164507,-177.68578399303328,-19.080418203876036,0.449126993400241
28.3412499,28.894750168677767,-26.03992105372299,-0.4015718699667987,-175.1689035558937,-29.598640717540878,-47.90315004896474
28.351249900000003,33.73404213299556,-28.656803757721832,3.3704467887412695,-171.46919710008572,-50.23141077983303,-118.38479250806245
28.3612499,33.93144293481399,-30.132196105735783,5.7843829742681505,-179.7271256778391,-75.59120535246139,-199.1437004143514
28.3712499,30.272057949646346,-31.00997090953016,7.640581563682494,-203.05822580565305,-97.93500049369968,-276.4596991854108
28.3812499,27.08702604957832,-32.93904151819865,9.746729200011844,-224.79477694177376,-117.87371075019612,-358.88506618631396
28.3912499,23.73915931252951,-35.67164135543173,11.924065648689979,-239.4186123669728,-136.4218306304953,-447.1135890447931
28.401249900000003,17.895676504851576,-39.724631905669334,14.940340225730209,-248.73608806771477,-155.80301261732188,-499.1461826057482
28.4112499,10.55583255532297,-43.3892126857924,17.265862058001392,-255.53183379362787,-176.11627249195712,-501.01529593053004
28.421249900000003,2.2523296216202615,-43.45263136435719,17.113205201274102,-265.95052303630723,-201.08608145541766,-499.18431826126505
28.4312499,-5.789379120753876,-39.786856601976176,14.649547006048204,-285.5176996759692,-227.49111458209836,-500.23575685267883
28.441249900000003,-12.770694319195337,-34.7885490993675,11.204981344603956,-311.39822158805845,-250.7997673061497,-500.2859151832666
28.4512499,-20.36712957071153,-29.447995836623885,8.161691672506759,-336.26159332398163,-268.1918718119698,-499.4109647405079
28.4612499,-29.734686560546255,-24.202953482932624,4.998661084653927,-345.3102927821774,-269.1131866028977,-500.07567718226153
28.4712499,-36.27288977713923,-18.659737320344785,2.3773676180978125,-318.7285679732961,-239.7948106289224,-502.3157941550915
28.4812499,-36.546340136321724,-13.003930457375303,3.9057554692112983,-259.6269160473461,-181.20505370643295,-459.07416183591556
28.491249900000003,-37.449289197300914,-6.798902426553237,5.268333537842909,-177.18629715122836,-113.34357356824466,-372.7526257889652
28.5012499,-38.56057594944483,0.7313084377200756,2.7653946160216396,-90.84896363746336,-51.6890177538134,-297.4312397869252
28.511249900000003,-36.00776873116241,6.176316677029668,-0.4551214652600441,-9.558976934142864,-2.9486352321508718,-231.54776264880502
28.5212499,-33.08078920745548,7.821127004154818,-3.86273058835809,55.58121322736129,32.32424199888605,-159.2644811718276
28.5312499,-30.26783264191802,7.999878652961264,-5.847936266585796,92.77454099797312,58.92592323156039,-83.12953114678918
28.5412499,-26.93440013787138,8.485174023935317,-6.484507535906085,103.81403338762307,81.37623109563322,-18.67111169386509
28.5512499,-24.09907805027152,8.265329659496768,-7.581319432680965,97.65946830942545,94.67662856857477,24.628180154007996
28.561249900000004,-20.60036532314,6.080658057943108,-8.607873120096851,83.37396685708683,96.22097396626751,51.37943803933171
28.5712499,-16.440073292119372,2.699081498175314,-8.850740515754598,73.04596111902251,88.49027592501174,65.86455597788873
28.581249900000003,-12.386853514734689,-0.5738336068369645,-8.979272409393502,73.67571736226083,76.25608676619444,73.87595892079113
28.5912499,-8.132725080923416,-3.40918593159875,-9.16557369390337,84.99829202579605,64.10767520811447,81.11879433014886
28.601249900000003,-3.865255579957566,-5.695176777026082,-9.238513683178954,105.14934564416467,54.8952136000304,88.23829140646932
28.6112499,0.3162224152125824,-7.087555314061427,-9.178070958786709,127.05564222215804,50.310799122788154,93.52492514455363
28.6212499,3.8518836487502797,-7.44559899741189,-9.127141791947158,144.06106344739706,49.518512395389074,94.10664174501233
28.6312499,5.919291769215812,-7.182392907857833,-9.14513847516022,153.4584669265901,50.30765676989914,89.70612938736168
28.6412499,6.520487223228491,-6.96516749600982,-9.21542670055533,156.64705009023137,52.34451117999025,81.99476139667802
28.651249900000003,6.3324869911503505,-6.804886732105524,-9.585040814870064,155.81505135850975,54.86664601199102,72.18190195867678
28.6612499,5.9604085675482965,-6.1785620410213715,-10.322204292279345,150.08772829299986,56.54039063171526,60.72910876557201
28.671249900000003,5.6275274593488716,-5.147922608113483,-10.954759870032186,138.67702484019063,57.51203480624129,47.811392741300445
28.6812499,5.454414113435046,-4.154840978880479,-11.05833252373922,121.65395808328469,59.10565404141789,34.510394620533305
28.691249900000003,5.511632542731035,-3.533567203300999,-10.767684005522515,100.54880787164147,62.35741455795046,22.3063266574761
28.7012499,5.641681969028619,-3.2593019692231935,-10.276767246498418,78.1245908567281,68.25104382547727,12.097296598725643
28.7112499,5.66940847120911,-3.2365534971984413,-9.59102851418067,56.518818639298274,77.54744189953661,4.500765292873741
28.7212499,5.491333092980374,-3.446697074297774,-8.840557280869533,38.101919824296594,89.53989489322453,-0.17806952720316938
28.7312499,5.123236125689094,-3.8062854901737198,-8.095384539596308,24.950575414475345,103.15213894380737,-2.5493710252230115
28.741249900000003,4.561345355751522,-4.597337645410507,-7.38972786286175,22.283786147170346,115.72925344519126,-2.132068803221884
28.7512499,3.8991226924529108,-5.429616369652232,-6.79701580305302,28.82707437744153,124.47254630568911,1.0004825753947995
28.761249900000003,3.7021949982515188,-5.65554656227051,-6.346143148385019,39.54859796145125,131.13371639771904,5.476692380250651
28.7712499,3.8562375796850077,-6.1783875247611535,-6.359031869600988,60.9588276454711,134.889372577975,11.284156817689132
28.7812499,3.964944160004758,-6.280187193790489,-6.608641811055838,80.9600027796142,135.0997353226913,15.550044350814744
28.7912499,4.0584941949404465,-5.391543895603227,-6.670434684270468,91.0148221458789,134.75198951480405,16.039348757660346
28.8012499,4.243896433785285,-4.826639655548946,-6.493620088123788,98.51996006366448,135.41467648807162,12.922073987898571
28.811249900000004,4.590957906180111,-4.630855836269498,-6.163893475868531,101.66293635203296,137.49290403860383,7.127575242275806
28.8212499,4.862879938340683,-4.393222719024356,-5.809017158913577,98.74228607399347,140.82476154056425,0.6923739536083339
28.831249900000003,5.004417631023329,-4.414187674096561,-5.4523837378025455,93.6859564327403,145.57559025186947,-4.902992626612893
28.8412499,5.154877853803408,-4.770998117318521,-5.096274460164337,89.71625349046275,151.20870077402742,-8.153956308171464
28.851249900000003,5.265380723319677,-5.045819926548387,-4.869017169649685,86.5017611799887,156.7582287349613,-7.865847697189185
28.8612499,5.277841652836526,-5.240382013876941,-4.773227147688672,84.40250523602285,161.72746990105796,-4.846226862639744
28.8712499,5.308711673601473,-5.539074559347685,-4.5705746394285525,83.39004089876497,165.85051089546812,-0.3934806983191798
28.8812499,5.3888578105895695,-5.612529764432103,-4.307781785728491,81.66263564518373,169.34482796222326,4.405329327167
28.8912499,5.52142605142758,-5.509346056102524,-4.095530779830606,79.99344869179296,171.76463727523122,8.174550459650092
28.901249900000003,5.694222394757124,-5.587051236203747,-3.8155260890710276,79.45924039480565,172.2745647475797,10.512384917795075
28.9112499,5.888197722100572,-5.6601917695639,-3.584728127433875,78.97903618577108,170.99431966989786,11.922209793000164
28.921249900000003,6.155024776324935,-5.5759879975327395,-3.6774988540440114,78.45089522947569,168.42976290931108,12.459340956822862
28.9312499,6.44607241666857,-5.494742499131056,-3.8925254019721165,78.09654728323186,165.20233040021574,12.494038673835139
28.941249900000003,6.7294489947834,-5.418500323084823,-3.913181041190311,77.40280668987894,162.03622753668367,12.230039924263965
28.9512499,6.971557159516975,-5.4229106089639885,-3.6540961135661236,75.53697150012351,159.6479492530438,12.022444945069793
28.9612499,7.196551823545814,-5.624384524161998,-3.2202638305447535,73.58544549108207,158.04975689325204,12.43538136082144
28.9712499,7.578653941500183,-5.926518716228653,-2.8085035445061552,72.70935490115205,156.93081077773255,13.316319894383758
28.9812499,8.058158818184316,-6.276875946935318,-2.3940653322077767,73.27791031189568,155.04424160199906,15.541979430731141
28.991249900000003,8.361873438599467,-6.562295412887258,-2.0788887855874303,75.49946852802172,151.43125306445216,18.949240484831694
29.0012499,8.54061328264803,-6.684061167031244,-1.9170690232568193,78.95725952541075,146.08365879360022,22.494675557096144
29.011249900000003,8.747864216813468,-6.646468187146423,-1.7253860923640694,82.22211251795483,139.50870849704023,25.659484350554337
29.0212499,8.883033662470348,-6.427005774881872,-1.5956115561489475,83.81313502908866,131.79976777830785,27.459584432688096
29.0312499,9.11843994857178,-6.092767207637956,-1.7242003512964996,82.84156389140455,123.88972496213597,27.644852498356602
29.0412499,9.251779609745466,-5.740611243843771,-1.794820294103192,78.40918786566941,116.13313904413359,26.473769965322234
29.0512499,9.103167051500842,-5.30843411552981,-1.7701123786871036,70.15247936420398,108.48063078300646,24.174993103422796
29.061249900000004,8.874275208459489,-4.837025516120565,-1.8687963525043774,58.74404297162963,100.80720129435532,20.881012519889705
29.0712499,8.706900705958853,-4.595087978713344,-1.9950144618154866,45.62000659018268,92.76168093410529,17.546640132258908
29.081249900000003,8.478463887747475,-4.657819735369336,-2.0243169400800896,30.983478164207806,83.56893204937575,15.554853923476266
29.0912499,8.16950273721659,-4.455194717368218,-2.1006747575698825,13.188234293826586,72.99166898069845,14.551459412372072
29.101249900000003,8.580953473288929,-4.893238416263858,-2.2083676635510385,2.3132091618231554,63.47356441825733,15.41916953755472
29.1112499,9.352886158577821,-6.537346193308344,-2.23855226538478,4.966891723007866,53.997971817500634,20.160486749290907
29.1212499,9.11695526167059,-7.331399723875617,-2.2113814388210518,8.654395772160823,40.657789815036836,27.18993346012053
29.1312499,8.626645826509543,-7.103269249019241,-2.012648420964442,11.390827078197917,27.502334876799473,32.09915637510056
29.1412499,8.627991822897878,-6.982583618511169,-1.742573386272806,17.076528244158247,17.8052865444143,32.7116190723697
29.151249900000003,8.514281603429188,-6.776331896824051,-1.625064010943332,19.620836708258413,10.238199964998072,30.14027451806278
29.1612499,8.162690107325293,-6.707727871866801,-1.5873591389294819,17.670033659043014,4.893423668896989,26.116114796907027
29.171249900000003,7.8265458138005775,-6.885370975650994,-1.5247197421417,13.539778032121001,2.0457894728635795,21.700412574606382
29.1812499,7.611720006506369,-6.9522019756215085,-1.457543755102186,7.73696450818688,1.0569454457556942,17.148343895298986
29.191249900000003,7.4706651780739906,-6.914780525735617,-1.3634008765374073,-0.6494659911232341,1.4288100332860576,11.999068068101868
29.2012499,7.347758895264868,-6.762169708044295,-1.2054704915839358,-11.157630852543281,3.0364580039252598,6.877953329792644
29.2112499,7.274792911112127,-6.734295509855203,-0.9473665106155648,-19.360541110401492,5.136523069625279,3.095440353108581
29.2212499,7.200628948362857,-6.916067305414799,-0.6638516609335914,-24.393423626282324,6.816358200858916,0.5467598792673881
29.2312499,7.163915293700666,-7.065637366344698,-0.46651518050518687,-26.305656748814854,8.683715398622859,-0.8274342088185284
29.241249900000003,7.194149618371313,-7.194970704219495,-0.3261489843220266,-24.3363082449141,10.48221168107383,-1.3855930284673132
29.2512499,7.187846598566062,-7.370415558708295,-0.20891845986328345,-18.435499882371776,11.427715371646642,-1.158481488923446
29.261249900000003,7.098607407106973,-7.549407839707036,-0.1286643285384673,-9.180429809617925,11.869808851072868,-0.17916180047169208
29.2712499,6.95932148804054,-7.507077568549988,-0.1916700438179539,0.8685554024424104,11.712869088622096,1.240442537273433
29.2812499,7.009632674903182,-7.372577732433697,-0.3416664573774235,10.995285877878858,11.168843902068007,2.9573523927536858
29.2912499,7.108511288863482,-7.085720251293763,-0.42228996858681717,18.155810919918682,10.2820726795246,4.560382491463386
29.3012499,7.14879803605757,-6.6743062531968125,-0.442799344956403,21.676656876265348,9.449201049605279,5.727582223956064
29.311249900000004,7.217487354370851,-6.378137849550662,-0.4686299087473724,22.602136224080514,9.01370305198211,6.681300443640139
29.3212499,7.262963386135951,-6.257814710890928,-0.4510548824943566,20.867339838885552,8.93046504796863,7.412016671098473
29.331249900000003,7.198491913550176,-6.238606060275277,-0.43486498482978136,17.0603193233029,8.83594066316945,8.024246934771533
29.3412499,7.014815098870759,-6.177029289626507,-0.45645533574204056,11.480965551098132,8.762545136997142,8.226767109433107
29.351249900000003,6.88754982560642,-6.2988043161065566,-0.4475086004572272,5.692969787792563,8.414411359600257,7.87383617961831
29.3612499,6.80965971539271,-6.587959223373696,-0.4299867807545495,0.2919817019547146,7.9278120995220664,7.540992051128961
29.3712499,6.754735879784754,-6.879849067978011,-0.43908775086355045,-4.365064688135939,7.550579538834581,7.096155961003196
29.3812499,6.768419935585781,-7.118260357912941,-0.41135912031795413,-7.402717281703662,7.128148386949276,6.444282444285584
29.3912499,6.777647492652765,-7.280010102715994,-0.2997483533992949,-8.81216021296774,6.375965521652003,5.572655576489265
29.401249900000003,6.78218730090705,-7.465039652059224,-0.1125696325866135,-8.437822666582896,5.58133762546626,4.123205477589376
29.4112499,6.834017173981417,-7.641074466756475,0.07645093176972467,-6.354104723180457,4.912457944897185,2.556508227730218
29.421249900000003,6.909646375524921,-7.806287379002805,0.1775318704324016,-2.7429641842034713,4.256346307494741,1.521580562433875
29.4312499,6.935244790841602,-7.879948489220118,0.19653123426633698,1.5508031200693115,3.3908203843152727,0.8642199140162831
29.441249900000003,6.90430638965722,-7.801719558662758,0.1365867822467519,5.4373568023131025,2.074874394077813,0.5053581061334461
29.4512499,6.9157242710188545,-7.6779600572331725,0.09071448441634015,8.471379705501658,0.3763704130377821,0.2070539230782266
29.4612499,6.97996876292101,-7.539744974915198,0.13419255685263096,10.312520217343964,-1.4838229041868471,-0.44160696185510817
29.4712499,7.069621359523862,-7.363893162474863,0.17314780279407047,10.599856233112288,-3.1295159470860727,-1.6646620756258126
29.4812499,7.163794865274841,-7.235605248247878,0.18481339161221627,9.985586308395892,-4.556573619110412,-3.137933882085989
29.491249900000003,7.196907858251346,-7.148076684904381,0.21623159745580692,8.556976494305587,-5.91911222461706,-4.643883475663744
29.5012499,7.168285582566825,-6.992657423775197,0.1506496687771725,6.094258239913721,-7.222172241030296,-6.076186101113854
29.511249900000003,7.163644960397582,-6.93214392341898,0.05355463668663379,3.909449545659005,-8.704687215555442,-7.393636965594964
29.5212499,7.223092973390658,-6.996302101448359,0.07049456235577142,2.117165213725816,-9.924499801650077,-8.586493109377734
29.5312499,7.266889312435884,-7.105399676039925,0.13504869506309825,0.9473509123034931,-10.572555575059052,-9.843425366274959
29.5412499,7.225070415355709,-7.2322375756716495,0.20603862488980576,0.7519413027974903,-11.00770009211544,-11.038369581714349
29.5512499,7.159502438222692,-7.359303419230408,0.2535684025581646,1.666055966854413,-11.046896271193177,-12.325832081238087
29.561249900000004,7.074599505879095,-7.554386312602501,0.18550128469466606,4.556634370100754,-11.169298264201398,-13.627480613909363
29.5712499,7.009022605951095,-7.716201368146421,0.05478890911561519,8.69329832477365,-11.407519177755232,-14.22923485397055
29.581249900000003,6.976706589146137,-7.676740746907576,-0.0013285286791209197,12.529672570716777,-11.62780806509335,-14.187941454899288
29.5912499,6.967197425692902,-7.485190425791881,-0.0005863250805808823,14.950680560792598,-11.629785960683586,-13.94987450844259
29.601249900000003,6.986845489316554,-7.2492653079161835,-0.04209875695706624,15.59459849594673,-11.156474667206181,-13.870150710939312
29.6112499,6.974316718489588,-7.000153879183157,-0.15505107580061575,14.45473162294086,-10.678432045293768,-13.886282815481024
29.6212499,6.945992828056481,-6.872665059508201,-0.25089370801557453,12.444700756326874,-10.293041891375406,-13.675127341708928
29.6312499,6.914957072804054,-6.861436376683253,-0.2784612814604735,10.091462874123403,-9.87539754524673,-12.92766532291212
29.6412499,6.8017880527724905,-6.852974553942312,-0.2676157177227995,7.605492705361927,-9.661681280634037,-11.966548303477484
29.651249900000003,6.600554258319141,-6.867691624353131,-0.26962906081787663,5.56279057861328,-9.711720641875347,-11.012977488559914
29.6612499,6.404710975115496,-6.873344285866081,-0.288908499856261,4.352726430636759,-9.976915989291758,-9.699309210855962
29.671249900000003,6.265044854601693,-6.859093486536107,-0.28596734208179425,4.077042626355005,-10.503227982798881,-8.029220952049936
29.6812499,6.155450448522062,-6.869414616693998,-0.20320096499129742,4.803409926563135,-11.360054511195253,-5.817932028774738
29.691249900000003,5.996941663439019,-6.857012504260028,-0.04511295005966912,6.54839277367766,-12.36060870735753,-2.9353338927755677
29.7012499,5.782405646088673,-6.764355848380208,0.06517091929480744,8.802116147440563,-13.576061838807448,0.5104393465674781
29.7112499,5.555390441895866,-6.582061474832857,-0.013168122668953654,11.000807710029653,-15.09955996222948,4.476635790663572
29.7212499,5.344168203755437,-6.261991453593527,-0.20992588439367932,12.072503340069675,-16.6853827223745,8.493045373035185
29.7312499,5.161387389263987,-5.874942611497411,-0.3750365540623742,11.36616433345195,-18.368545443035455,12.634647625766437
29.741249900000003,4.978764307557556,-5.506795674545237,-0.4710478778395945,9.22881549094445,-20.10241396948143,17.02605070024907
29.7512499,4.826958085661463,-5.193631454561334,-0.6068334233410076,6.272469449414245,-21.3829796756813,21.534645119221796
29.761249900000003,4.677370887363738,-5.013378678051826,-0.931683682091701,2.5371519141736187,-22.289697425900716,26.480380080804945
29.7712499,4.483505938138193,-4.922699075973166,-1.2821723434158772,-2.3042788060124524,-22.632564542752604,31.671204833400132
29.7812499,4.312624933308173,-4.892040321300805,-1.4852649448280841,-7.689154767665397,-22.10690297849343,36.86318786872381
29.7912499,4.125107370419727,-4.935770033907007,-1.6663593232653293,-12.262196022648368,-21.209252831812588,41.98722311121555
29.8012499,3.8670096410847954,-5.05535972480309,-1.9480911872157762,-15.763167456084245,-20.349797576194675,47.2592338466612
29.811249900000004,3.5760753047732736,-5.180854551570925,-2.3973645916970567,-18.16318836750655,-19.160193042157864,53.15528809982953
29.8212499,3.259795783870716,-5.196306976303431,-2.9724819900517425,-20.859670570970582,-17.564052363865347,61.15769342719945
29.831249900000003,2.9928679918922954,-5.147456956309783,-3.351945327133183,-24.596251014755776,-15.222050165600745,70.32992341541518
29.8412499,2.8103332723495797,-5.18791775056689,-3.579355377445115,-28.797616886869562,-12.006815443055782,78.70034821296507
29.851249900000003,2.6396156441481784,-5.253232705380637,-3.9015580500460176,-34.36596903730316,-8.142290857469986,87.71106784529843
29.8612499,2.4958638283370753,-5.370351690260448,-4.213029530051887,-40.512448356131735,-3.7471333152573805,97.25811597067855
29.8712499,2.285177833327507,-5.469104226632886,-4.533740353302467,-47.435624183931104,0.7631314643156352,107.24087512345918
29.8812499,1.9607724815254572,-5.490211587114093,-5.021358153637561,-55.50661567202731,5.2253367938319215,117.60415712681522
29.8912499,1.702029263283756,-5.530370672176686,-5.526016933102209,-64.29020997388578,9.778355198099568,128.14350323079177
29.901249900000003,1.5101064149869188,-5.7663188945347565,-5.793184332015904,-73.07672603344709,14.70005835334451,139.2211018096657
29.9112499,1.3217011469695479,-6.219234099732515,-5.92115598344601,-81.4174913911227,20.011829126945322,151.04031365927324
29.921249900000003,1.1846846978512975,-6.753088374127765,-6.071329873870727,-89.11809990208569,25.425794854337195,163.70582070598206
29.9312499,1.0552887928085288,-7.341101471217132,-6.23663477193051,-95.33646157474817,30.753915296218864,177.01642362790818
29.941249900000003,0.9426013958946932,-7.986674984367725,-6.426577052572666,-99.89509102212887,36.061734881883325,190.3681030684678
29.9512499,0.932127348745318,-8.784531515651278,-6.606996044563898,-103.10687299452312,41.27902986459594,203.48127842438655
29.9612499,0.9681608646222366,-9.562608820145803,-6.814269247954899,-106.26715174917581,46.74267236155701,216.08676955068506
29.9712499,0.9772550078696218,-10.181074482712988,-7.092855099159308,-110.79577604220576,52.43267310490526,227.597304238517
29.9812499,1.0489622556343903,-10.951362998546738,-7.381869372718648,-116.88193064510541,57.980451582590625,237.43661190775916
29.991249900000003,1.2497716605197342,-11.848499766396053,-7.632661166176536,-125.49520716917267,64.03104112337735,245.2612539230561
30.0012499,1.424544645855379,-12.663685041308533,-7.773548395463509,-137.35372198993383,70.48102216729487,250.41935817946944
30.011249900000003,1.5250773900446242,-13.804208525903638,-7.7467448796616125,-149.71731485041894,76.62240468858886,252.48820635220733
30.0212499,1.6412739788689181,-15.271280343565024,-7.881328668622278,-159.75733130584746,81.4289580917761,251.6077423551464
30.0312499,1.9243453091006408,-16.96279157660947,-7.992649803369352,-169.31425980543372,83.51094909781251,247.52976957381185
30.0412499,2.4232494177204256,-19.059664698180217,-7.398232163109588,-176.25909987436899,83.29166060246617,240.73427923044073
30.0512499,3.2745717511601193,-21.206895022832434,-6.690433195049077,-175.6509276053263,82.82385956251657,232.1261486508289
30.061249900000004,4.7356349496887296,-23.268077796096218,-6.35936846369916,-168.66054115805346,81.54322090681428,220.9191482207767
30.0712499,6.91989957601493,-25.381298136199074,-6.187934673106644,-156.17019029297757,77.08659632772584,206.39867608206546
30.081249900000003,9.722744663888621,-27.310994584377095,-6.354851153185357,-141.2920276128979,69.2585802815337,187.05714947320934
30.0912499,12.874185221678042,-28.20934141173335,-6.808233149484013,-132.56310286830976,59.64667580944107,160.3624916141546
30.101249900000003,16.166692019060637,-28.196916134674336,-6.9554342311435615,-135.15129634410346,50.22489364800435,122.68933155497945
30.1112499,19.519774124317262,-27.846056837940953,-6.308222640191523,-149.13099477978653,42.31734894143853,71.82081705341916
30.1212499,22.811996174844282,-27.5288133254705,-4.635272626932951,-171.45378570983524,33.803297950421765,7.971058547181663
30.1312499,25.622644852477002,-27.74424976082864,-1.851384338047732,-197.41318975789585,17.640516768129405,-66.18282880174215
30.1412499,27.773843172398365,-28.350492446403866,1.7019204623529016,-220.70293887442253,-7.866636223075571,-147.86275812453664
30.151249900000003,29.424688351295774,-29.062327845553405,6.100336050077129,-240.9317695346903,-36.56641418763037,-234.5949306788663
30.1612499,30.006265323398743,-30.092150392313194,12.038879686609825,-264.44357321338856,-66.21823310655292,-321.4309304858692
30.171249900000003,28.371377615661498,-32.11211334782322,17.330064580283967,-291.64593228978777,-97.23567977641953,-410.0655526677054
30.1812499,24.40418447099475,-36.8645979495145,20.762741240537512,-308.9089527008913,-125.27211801514682,-483.412076590812
30.191249900000003,17.934169267871752,-44.13373752577726,24.276333971119683,-299.05281886811406,-153.02714799861857,-502.98114327088894
30.2012499,8.727341444066743,-48.189475544002754,26.00140395106602,-265.9974076643724,-191.91960351234223,-499.12386875035986
30.2112499,-0.6781868644829636,-46.714633320053224,24.280150484582773,-224.5984835083771,-244.64203328429954,-499.96164905619406
30.2212499,-8.906891488208151,-43.30961783339254,21.378344885443962,-182.72399118822372,-304.73106868783805,-500.1876905924057
30.2312499,-16.737681419261506,-38.59757222137937,18.026987688688916,-145.20329206595923,-364.3355454994842,-500.23360665111824
30.241249900000003,-26.74011500588503,-29.540199028080202,13.717840890622737,-114.60793298526276,-423.97028599997276,-498.6534335478592
30.2512499,-38.62657610210322,-18.108094644563977,9.319335362691753,-94.97584394963152,-462.14745411151586,-503.0999623670926
30.261249900000003,-44.321409030202354,-7.919069428851729,3.805545447225525,-90.6098259731508,-448.66395919124574,-490.2347448956009
30.2712499,-38.53456465357819,2.1117313753889277,-1.5761810417557278,-90.16687807599588,-392.9638024627403,-410.5454630204652
30.2812499,-30.313880520410745,10.28822682043147,-1.8706869540434805,-96.85175307439967,-317.4374013708463,-313.2699827141984
30.2912499,-27.213651404371852,14.303014358642693,-1.1081045979617596,-114.74004440273565,-222.28730929388536,-235.20416511596642
30.3012499,-25.118582948783953,14.395051351518047,-1.7949895594746943,-125.47819133986707,-119.88698894349747,-167.23201649052308
30.311249900000004,-24.08582742333264,12.624084415489842,-3.021516443714782,-121.61128945596614,-24.639536019392953,-108.30634926816545
30.3212499,-23.15471859559957,8.293093704776897,-6.321114304744221,-95.65061858771766,57.55672993071111,-56.424252553146026
30.331249900000003,-21.65030770887573,2.6689001717537346,-8.50055436908708,-53.442676634352395,114.82834284473321,-11.337359656785992
30.3412499,-21.149753461867054,-1.6790085694903967,-7.993706710970546,-11.881095328781848,152.53848643567628,23.513795267523083
30.351249900000003,-21.143820698192417,-4.8698037665432725,-7.218060811833898,27.945854173232153,176.87469597045387,45.904712727183984
30.3612499,-20.17071500929655,-7.212268382995828,-7.28961157275625,70.83220978766289,184.8085488194716,56.98210301860803
30.3712499,-17.568849280778487,-8.39959419803172,-7.895881692041905,116.80307160218922,176.754732657231,61.46205670134468
30.3812499,-13.475458686619625,-8.049624892026738,-8.555832983958124,155.98616519074392,159.36036172003793,65.00148242494245
30.3912499,-8.676894349142735,-6.6004233595749415,-9.061597535501763,181.10428151801798,139.07576939462245,69.8700918723579
30.401249900000003,-3.9639111562254334,-4.696931783425293,-9.204711919337646,188.0310291637891,119.71560510332168,75.36157825473234
30.4112499,0.24510266162964842,-2.8541426244116503,-8.924733419529138,175.65638955300798,104.8155085326437,78.31651823352982
30.421249900000003,3.2971505129287184,-1.7979714334265076,-8.543438701848794,151.0767172039555,95.710853602455,75.09852129957063
30.4312499,4.867094027898866,-1.8018192976895477,-8.41129886666784,122.3442273748481,91.20872153842225,66.99826915748989
30.441249900000003,5.03537689639476,-2.6780182945851734,-8.686921395410165,95.83946198678161,89.06935903335263,57.93625874284527
30.4512499,4.520921479911807,-3.7369837441036333,-9.56187709849848,71.4247476093007,86.82167748821489,49.08023121711851
30.4612499,4.312882319877499,-4.377435676593022,-10.178145313655573,48.740213472596984,83.52837468115175,40.39401470443026
30.4712499,4.41389350656182,-4.7388720580506885,-9.82461624600865,33.89665636959973,80.84014498465822,33.32415476601666
30.4812499,4.34844426511675,-5.066769713023395,-9.326224187030464,25.56763097841972,79.45869513227977,27.833340530257807
30.491249900000003,4.17438796679367,-5.220654764747717,-8.920294555824885,20.699507990696784,79.7066118817152,24.0664319354994
30.5012499,4.077524610689633,-5.235243446195569,-8.27651182452987,18.030978040981275,81.83025441846178,22.33286783355114
30.511249900000003,3.9663894108229787,-5.380926312346414,-7.611262746721907,18.254640628970073,85.53550661882943,21.884294343774155
30.5212499,3.6531209362046293,-5.607056471289356,-7.047159693393077,20.92506446098603,90.32736094690966,21.487841658452282
30.5312499,3.2557064596684397,-5.73303346998282,-6.580337339366124,24.865720674205456,96.0499187176081,20.616263524973512
30.5412499,3.038885019901232,-6.003980070024922,-6.387042323311061,30.620378065889916,102.34162871142995,19.189980582575387
30.5512499,2.985484204918873,-6.09876366382066,-6.359055940428675,35.46476716472579,108.8360832494506,17.14566900856926
30.561249900000004,2.854311399760154,-6.142383648423937,-6.202206764552288,41.51316383177539,113.86776283630616,14.662981686994115
30.5712499,2.817471577502084,-6.438170502748877,-6.144635167624243,50.77077290863793,116.29007448887356,12.035126691822736
30.581249900000003,3.0723721849162042,-6.364624989577471,-6.31354302159871,60.569318964733796,116.35406247834405,9.03129642895469
30.5912499,3.438080194565528,-6.021352203884888,-6.295617282120732,70.41206049332963,115.67880516995518,5.380911164888496
30.601249900000003,3.661770107010507,-5.732412346605918,-6.023992694340269,79.29995086362794,115.11960712414827,1.5649219844703968
30.6112499,3.723795891116168,-5.404523411953047,-5.569168803235057,85.69992576878083,115.19939315797274,-1.7469675369800806
30.6212499,3.9015637652635586,-5.335895458130597,-5.055464706777939,90.66061001262705,117.82341893248014,-3.8897212963116945
30.6312499,4.2190687608082,-5.368224200314506,-4.7726921848946136,93.53506312669707,123.08417294831091,-5.183651155532781
30.6412499,4.581901583656612,-5.237136383037603,-4.6511495003052055,93.57354380813565,129.52862969375954,-6.246609868469457
30.651249900000003,5.000010558755584,-5.334981169444613,-4.436671142926863,92.73430468540076,136.399526234477,-7.219543110930828
30.6612499,5.4422611670395895,-5.537263975202165,-4.25628403877159,91.60664585478631,143.4591877081762,-8.787608768066047
30.671249900000003,5.898552777325789,-5.668827989867622,-4.301060777128758,91.22706008133034,149.82639752644954,-10.898863617770596
30.6812499,6.258192382760952,-5.798534348307502,-4.215549578273485,92.6699909762676,153.49183411177688,-12.471740533853074
30.691249900000003,6.478781843369587,-5.8852422098331525,-3.9944813750751753,94.74545665294508,155.99221998299748,-13.554645722761748
30.7012499,6.664540368426285,-5.911190507178457,-4.035557964675957,96.99476294117558,158.43779580878402,-14.233551310344996
30.7112499,6.917986689384895,-5.7695238756456275,-4.105805168145883,98.55413179930639,160.96439352807138,-14.54874165299998
30.7212499,7.223082781415368,-5.555912755372355,-3.9121139611947,99.20069214234923,164.14065203647317,-14.819199889967857
30.7312499,7.607364597222499,-5.453676797021824,-3.640897275229572,99.2034168032322,167.9372823875107,-15.212400923628685
30.741249900000003,8.169967594602689,-5.391178724865323,-3.4107066748351174,98.26831971297234,171.8574441476133,-15.84009898684645
30.7512499,8.803687474537162,-5.382714685339986,-3.2170206453053076,97.53332240297539,174.62240339493405,-16.49268877599187
30.761249900000003,9.250571389782333,-5.337995179836324,-3.0560416869532863,97.24424696503928,175.30111397963213,-16.424060445640357
30.7712499,9.369046674822213,-5.316315041753291,-2.943963245484128,97.55006720808932,173.54987811652947,-14.957643484859869
30.7812499,9.267303894521627,-5.576504714427543,-2.875874473327917,100.20972954566457,169.7641114517893,-11.749887694323487
30.7912499,9.118290494312077,-5.740289559581676,-2.785211690317693,103.40256375661669,164.83917957953855,-7.343367623894247
30.8012499,9.125611072435753,-5.569994414503999,-2.7326195469477144,104.96374320518778,158.9568948793263,-2.9476543228437917
30.811249900000004,9.17444876988814,-5.335607424352896,-2.6241434878608834,104.30130039591042,151.55345481563313,0.2523140857819055
30.8212499,9.19940999594353,-4.988288696108149,-2.4870580708520285,100.00295191057232,142.08691727740805,1.8238975945688232
30.831249900000003,9.389250245099632,-4.569155968594099,-2.511523024409389,91.82746276233175,130.27390215108767,1.5013702432249822
30.8412499,9.569017883349508,-3.784269884771297,-2.510171619673148,75.90137270456323,116.87835096166032,-0.5910566146229309
30.851249900000003,10.102047290661329,-4.2943688951236645,-2.3325701162907824,67.61620266147574,105.84353003068652,-0.27206961518000367
30.8612499,10.42134495744538,-6.836002314850971,-2.3063659552411826,76.87700647638728,95.9736585706756,6.931289843171855
30.8712499,9.463283283699083,-7.1980622687412525,-2.487707690326107,75.60828729150673,80.62514374963517,18.305834776842165
30.8812499,8.983591054475937,-6.313349804445022,-2.1680647333706515,72.17979508999537,65.24205123140527,26.333089948528187
30.8912499,9.311482559424991,-6.237970532487958,-1.8028400678943348,75.98912918669195,54.75474550553607,26.770155672125917
30.901249900000003,9.153728075488695,-6.232002094082129,-1.9104861685305647,76.8551071334157,43.69110223412152,25.807015524324836
30.9112499,8.96650708711838,-6.544630866855471,-2.0894940915409586,75.86029980236839,32.556979260773645,26.413774998480992
30.921249900000003,9.04794433016938,-6.57810632536659,-2.17942065273407,72.11850389933228,23.025283507450766,26.916948166700863
30.9312499,9.13495033710539,-6.242518460624336,-2.193384421065308,65.1417907699623,14.768445787777926,26.024541365913826
30.941249900000003,9.034783624599248,-5.999372358045171,-2.0485337843976246,55.49582733722764,8.057941631662414,23.321926039708128
30.9512499,8.701559445771945,-5.824318186058645,-1.7976499908392414,41.996445254798225,3.336670261419611,18.786024845180588
30.9612499,8.289481949748607,-5.682702331310716,-1.683118318185987,24.54676306505162,0.2753753133445017,13.037905203356946
30.971249900000004,8.036300615129306,-5.705887752246428,-1.6328011842463865,5.926334740202701,-1.0334364880598226,6.907455596088608
30.9812499,7.862950270603974,-6.011977224546032,-1.4311525877160554,-10.756680521818781,-1.3387717927519778,1.2190856065406181
30.991249900000003,7.683396993736494,-6.548872847353186,-1.0326111973155343,-23.52589611928496,-1.3400746562995358,-2.8345278528916307
31.0012499,7.561559411070197,-7.126449105986633,-0.5857269197571136,-30.885267780053205,-0.3540785461924683,-4.939310779417727
31.011249900000003,7.405065262422531,-7.496565980238856,-0.21388065998436154,-32.9181769670772,1.2045199087691367,-5.793118119766628
31.0212499,7.222075588829407,-7.749057785966995,0.1142633101690112,-29.427491041198998,2.6487476029841486,-5.5719703321261385
31.0312499,7.001823417006014,-7.861183384024027,0.2612548944637467,-22.35923983795968,3.201440087088525,-4.440611725229436
31.0412499,6.777423789414805,-7.688425813934655,0.2113458601854836,-14.344849896943348,2.9996848161848444,-3.0365067581346374
31.0512499,6.590099297813039,-7.392109370106889,0.16818654781577821,-5.849774987364001,2.4356227656676115,-1.684138081421974
31.061249900000004,6.531005913378585,-7.118614258296125,0.17557536592957648,1.6271888305266036,1.779834488689464,-0.5699510984123519
31.0712499,6.582754003091213,-6.8046675526300255,0.18075161191114708,6.545788635747816,1.1528358130859027,0.3473954099018038
31.081249900000003,6.706820180637714,-6.501864068666153,0.17534706448429863,9.185138458521905,0.6209423645645706,1.4161602980105883
31.0912499,6.812208120246238,-6.202948086350247,0.1823836482620407,8.770665262120502,0.33037317183976406,2.5087779279889153
31.101249900000003,6.849511254183874,-5.931650760260071,0.2028166066742168,5.426080948307848,0.4543395978730964,2.573402056020176
31.1112499,6.877585379628814,-5.855990344307562,0.1389205783257377,1.272635075266481,0.6959335006531906,2.0046975187101634
31.1212499,6.911676845126331,-6.033194740852907,-0.029395463063149878,-2.1121335770130933,0.5246379956583042,2.036443537830438
31.1312499,7.079531574520211,-6.25532812677973,-0.16249109275020246,-4.6214348589252445,0.1791026343555659,2.4553313069981475
31.1412499,7.279745882359657,-6.4349460323735155,-0.06868277579126703,-5.957914526192948,0.025999595530235734,2.5046075767535
31.151249900000003,7.408451139770948,-6.624022675264762,0.14724548287916886,-5.389129623413987,0.2639526796742961,2.2628313313308657
31.1612499,7.595925001211343,-6.805624692526826,0.27139593124167266,-3.4976393199946525,0.577396172540827,2.180988143635773
31.171249900000003,7.809124240160398,-6.906072752152316,0.2895473999397812,-1.102929923776446,0.9943491632680824,2.3247828255950713
31.1812499,7.896882863168089,-6.97923083590838,0.31314338033514255,1.3811186290196837,1.0769368288748054,2.551813045307114
31.191249900000003,7.890040163309313,-7.076874078389182,0.3920561299003763,4.0064832803475054,0.6120277058430463,2.7090268767821852
31.2012499,7.830205857880349,-7.048796028037417,0.42241412325663313,5.537659445626935,0.08287371046846834,2.3064319843628582
31.2112499,7.78408154966342,-6.962373271767634,0.4355816174721386,5.992798677075065,-0.800605855608857,0.8943306059621067
31.221249900000004,7.844648276917912,-6.999160244330341,0.4737879876665144,6.504252420724258,-1.7979320798365133,-1.3040253775533028
31.2312499,7.856303432415119,-7.105657333894382,0.4397688154065366,7.056941080396689,-3.001758667628586,-3.630720784795551
31.241249900000003,7.738286621986657,-7.146914963991808,0.35111652530212745,7.065086668645529,-4.60708005003665,-5.6532272030494575
31.2512499,7.6359155111339065,-7.1286534488529,0.2821208535718516,6.562754250812128,-6.116435819570055,-7.261729188880496
31.261249900000003,7.633669516097765,-7.170388964651917,0.26117070722620495,6.137158529746502,-7.738880718842121,-8.695412818710283
31.2712499,7.618996173485036,-7.21851191425915,0.2819107401945602,5.840295727529689,-9.3536796639722,-10.079973996725359
31.2812499,7.583570698560608,-7.199229869103553,0.2964472786231073,5.821569757910005,-10.565710863260833,-11.456374797827431
31.2912499,7.638925320709697,-7.161586836357893,0.35373236348449766,6.4135532368159645,-11.704437082515195,-12.919642441434272
31.3012499,7.666947909220529,-7.147175354684139,0.46378045912912225,7.510093824049064,-12.329441498068547,-14.499380337712145
31.311249900000004,7.544083064262128,-7.1412667947807975,0.4399427323587962,8.794493092003849,-12.521314928577741,-15.677848369970272
31.3212499,7.3712919339362175,-7.072624733896355,0.239087942948158,10.107462137065369,-12.780051407616241,-15.957785216754308
31.331249900000003,7.170653441609582,-6.928771307337992,0.0034920533368224074,11.037318607281817,-13.305556908419904,-15.73498852137144
31.3412499,7.029062853603959,-6.777915433863365,-0.14571097127567087,11.33095570332833,-13.738815771467497,-15.667199955012201
31.351249900000003,6.996418129993379,-6.6585684790414,-0.20364745009252824,11.245575559470216,-13.662570952855067,-15.57030171395026
31.3612499,7.048911185894305,-6.575678531223274,-0.20077168862544925,11.014143511812707,-12.95319131086763,-15.072250368471613
31.3712499,7.105397695335354,-6.522651195973044,-0.16472212695825328,10.892242848296027,-11.8273305112749,-14.071590534357403
31.3812499,6.988584187315036,-6.511542047854616,-0.12030405456979198,11.297591733782443,-10.66210841710752,-12.532359052400093
31.3912499,6.712737986805651,-6.514628280882719,-0.13520199706568345,11.92370044276213,-9.684522601973429,-10.224695727287777
31.401249900000003,6.395074423749813,-6.50154683577965,-0.2301036528796846,13.038273892592997,-9.134037280041486,-7.391904511059119
31.4112499,6.124210094724011,-6.430571134675173,-0.27634235434663484,14.738363607410474,-9.203461654525036,-4.204701995984209
31.421249900000003,5.949114538560399,-6.325101553644655,-0.18763631252562862,16.431725518575035,-9.54786723755434,-0.6330123980117224
31.4312499,5.861043298491351,-6.253225523447929,-0.050525956643967064,17.99886271602357,-9.75435939525275,3.286113603899088
31.441249900000003,5.798119314106146,-6.13765194010881,0.02028043562331087,18.853983190608922,-9.933767662417369,7.467104514369568
31.4512499,5.686315079069661,-5.949954012037568,-0.002245432875190258,18.5046718258462,-10.201086632557075,11.69059626225428
31.4612499,5.49394062976873,-5.740282829458865,-0.10788705906406623,16.508607542105576,-10.476049957252888,16.266628621879722
31.471249900000004,5.214130068168149,-5.546223600783363,-0.23308166784218018,13.08755803242439,-10.836674930425788,20.98067769090089
31.4812499,4.930429409654441,-5.407522986820429,-0.34702895956688856,9.086376274463246,-11.353697725545308,25.57839879019208
31.491249900000003,4.669715616733542,-5.343957019499419,-0.4495954268832795,5.126709593135185,-12.142593232558934,30.42977407850425
31.5012499,4.374675538067699,-5.379186081368075,-0.4751639464829491,1.7646308696009092,-13.208557074722219,36.48247156379536
31.511249900000003,4.086773345644027,-5.512351359640405,-0.49824696446937494,-0.35322858466589185,-14.489944416115879,43.9830357238777
31.5212499,3.875346746873708,-5.592633505133998,-0.7911286713899889,-1.4795386381562983,-15.055160887135527,51.180731810406094
31.5312499,3.691397481418998,-5.530423952403346,-1.3186042678692742,-3.8941921925513703,-15.22036957029049,58.41411698613056
31.5412499,3.5386409026498185,-5.333418504830034,-1.694418967377394,-9.440439071444834,-14.600800456306816,65.1769605471125
31.5512499,3.4204473920316123,-5.111969203140248,-1.917324746790244,-17.758809674285672,-12.600444674408012,70.77520734972734
31.561249900000004,3.2639351739180054,-5.104464702985901,-2.1390868747273113,-26.532107006801784,-9.752951721492922,75.78418795774091
31.5712499,2.997887689383231,-5.291432852626306,-2.355200783105589,-35.184935415597685,-6.63150451983491,80.9448962402497
31.581249900000003,2.5164069651734677,-5.459909361362397,-2.680161030299738,-43.6186214953327,-4.341888155329421,87.22986355358398
31.5912499,1.8812028977039803,-5.630051224032167,-3.2640325745697503,-50.56671906798706,-3.5587319922137013,95.3146313398975
31.601249900000003,1.378904136147974,-5.775093449801374,-3.9572928868368384,-56.67753325479387,-3.8620150811056053,105.05826320270482
31.6112499,1.1990929464486977,-5.837078917993852,-4.478851754350469,-64.36104454867211,-3.89413932733888,115.98501381866254
31.6212499,1.105204391849075,-5.879836054507656,-4.825996158197596,-74.13258340063163,-3.1537683076943517,126.89256856806426
31.6312499,0.8289043480177636,-6.105129465782589,-5.168877096867665,-85.45228783113116,-1.8770606739453874,137.0585305613658
31.6412499,0.5568595970139713,-6.552972747572319,-5.5245930349092145,-97.03872784328607,-0.12915983006685913,146.97998530462002
31.651249900000003,0.3271316591652509,-7.074449158020041,-5.871083955626787,-107.35220091746532,1.620846245370168,156.52038653259837
31.6612499,-0.014555308260418889,-7.68787468921833,-6.279657544752285,-115.32460805727766,2.2325402314991796,165.80476788070067
31.671249900000003,-0.17940413495460475,-8.308776675897827,-6.8168407201650325,-120.27544373481592,2.403584893290945,175.12467451479588
31.6812499,-0.03647166888752063,-8.79013235995168,-7.334907995392889,-123.20970349147655,3.4152935273487053,184.0611483271885
31.691249900000003,0.21936069463515318,-9.147305489655565,-7.632183501518133,-126.21390789523716,5.1160669085257275,192.90871759353197
31.7012499,0.5567123510987994,-9.481539168171395,-7.839857258721534,-130.10036545124447,8.01458956709468,202.0873404497159
31.7112499,1.0394019743931,-10.0538978986867,-8.190049075342902,-136.16348546715483,12.83822889051191,212.92460922539016
31.721249900000004,1.6063673550201263,-10.984421799684974,-8.492348558888816,-145.2397481072504,19.276371089551795,225.5476808347974
31.7312499,1.9797795824247115,-12.119652581081834,-8.574453229707292,-153.26942657959736,25.449266843832934,236.92639453605184
31.741249900000003,2.237457290350654,-13.403441059873883,-8.659472744641796,-159.65456866885106,31.510998208269136,247.2243990290693
31.7512499,2.5470986699049516,-14.648744476135247,-8.75788468637092,-165.51669319380497,38.148579326512646,255.57212031555588
31.761249900000003,2.9027531885945645,-15.793605111184528,-8.912795478038811,-169.62506531816715,44.61579694799405,259.7995512506432
31.7712499,3.341589873720951,-16.99338022892332,-9.151075205033168,-171.93455067845747,49.83886327665769,259.3922323076013
31.7812499,3.8597136524253917,-18.24197539010997,-9.438273175783724,-174.9752547242887,54.36063926464007,255.0876230439165
31.7912499,4.293785746393277,-19.235144404545803,-9.778623054669199,-180.08281191164178,57.523416802119414,247.28389394475627
31.8012499,4.963047811047984,-20.244336545834514,-9.68327948367529,-187.173668824013,59.897668491333114,235.24212164859895
31.811249900000004,5.931985579633734,-21.263261564429698,-9.042834349429985,-195.29744063446694,62.2930431763394,218.44195327061703
31.8212499,6.992213905337626,-22.048504496987306,-8.585598171146613,-201.9542241384976,64.2780794929556,196.6657892413663
31.831249900000003,8.436715897991803,-22.987736455122647,-8.450840993051532,-205.91988320777565,65.70862673392406,170.70994487014514
31.8412499,10.237531034987013,-23.77943592680222,-8.403873231414194,-207.07035147433623,66.77889865550445,140.81084438006076
31.851249900000003,12.223217164291977,-24.16984261483168,-8.443417825775382,-204.46388608282882,67.598745712611,106.92378379345823
31.8612499,14.510420962064464,-24.367993714458557,-8.229476715469625,-199.60737640569428,68.91608681058976,69.31902357385167
31.8712499,16.775804816623808,-24.34670908660909,-7.093375015999381,-194.1615895749243,69.49840609456653,27.91539614792224
31.8812499,18.770025774923898,-24.43258121025337,-5.03248932670858,-185.8292536447256,66.26670817119941,-17.16895500010456
31.8912499,20.892192177013776,-24.6620666287144,-2.9614884856140256,-170.92069792661064,56.728627101755514,-66.38385281393965
31.901249900000003,23.276269934186416,-24.807155290980578,-0.8060221081619475,-150.24111337608886,38.444376582304805,-119.95721437883516
31.9112499,25.936217282572173,-25.16643296076481,1.8908624741506685,-127.26774096943227,13.333182652005842,-175.138160565724
31.921249900000003,28.214558400774436,-25.080308530771397,6.020386886628302,-114.94253770760953,-17.930373640944875,-240.11103365694825
31.9312499,28.97914129738645,-25.218727998426132,11.762670546221317,-123.5182289639006,-52.79512726799391,-316.671878740024
31.941249900000003,27.727832009874998,-28.017173201902366,16.678594379879602,-145.90695661217478,-82.66528997076702,-382.92638203155366
31.9512499,24.152975193601375,-32.39281130622951,20.32911160377561,-179.94848413366012,-108.74513513080637,-444.9578291536236
31.9612499,19.17444608931343,-37.14522332462585,22.443608625173287,-211.09405155873955,-130.44056803431695,-492.9801950628407
31.971249900000004,12.791096624499879,-41.47238132068162,22.97990561675503,-216.7748670558655,-151.78508199911073,-501.97365419142153
31.9812499,4.082381597224985,-43.90790632597822,21.47996460409884,-203.02607123441467,-178.79904758601157,-499.12741435891076
31.991249900000003,-5.661224939565166,-44.98346006279817,17.250001455697657,-179.85814041540482,-217.85201055052354,-500.28140400613614
32.0012499,-14.405735799101368,-41.277661206677195,12.73611002303897,-154.9249510291321,-263.5301448998307,-500.1789670947782
32.0112499,-23.48975903546817,-31.53779309108728,9.842100247995598,-143.5919271547303,-301.13667840380566,-498.74308420089585
32.0212499,-34.129900130343586,-22.80201635319753,6.08575148369873,-141.44784461036105,-317.72062139592543,-503.56795012817656
32.0312499,-40.14052692841964,-14.587278431508617,1.3735137062968492,-120.7387741371268,-292.5220374899308,-484.107188511326
32.0412499,-39.57512566582095,-3.182784020366849,-1.0395585730863377,-83.8898398833682,-225.04586178067103,-404.5238283981778
32.051249899999995,-39.903460953781455,6.361534715049493,-3.354759854031278,-59.6881222965172,-132.21290593910499,-317.09095615559664
32.0612499,-39.61445769711818,10.79708238087688,-7.2736730620409755,-32.32645174677389,-29.09666110693868,-243.98355414126866
32.0712499,-35.81398243849385,11.59894727827667,-10.895783466020664,14.854106621194962,62.13778570418974,-173.0296255938526
32.0812499,-32.58323999161029,10.165553442001556,-13.392102645802018,70.47355345585473,132.71002894333648,-100.38491151315799
32.0912499,-30.412121021325426,8.864965125468558,-13.957081349222301,114.5568115431301,185.7678865861298,-28.70661747900554
32.1012499,-27.483762785854065,7.75479656601152,-13.378214407685276,140.55664451084792,219.52389170385283,31.973682932644536
32.1112499,-24.412844256929024,5.883673248002456,-12.50981038584845,150.43678393553665,231.36676595861655,75.20426881801593
32.121249899999995,-21.319659462958757,3.661025581956985,-11.404629054312187,148.9168319392497,228.59956672630605,101.62713877769592
32.1312499,-17.22213803527614,0.7296782807477202,-9.959315808638157,142.86664268220918,211.86332177642677,115.5640081747586
32.1412499,-11.93844682322514,-2.4050863230594985,-9.018095453680903,136.079425279805,184.25671478198163,121.61300278157118
32.1512499,-6.914227076789925,-5.23448599516393,-8.558232210835635,134.55321544313495,158.72300782001528,123.20536792703113
32.1612499,-2.2461282329072625,-7.986910657061997,-7.712784654404577,140.14836833274543,136.40431338508873,122.80184236070382
32.1712499,1.9179209911849544,-9.755437111913679,-6.9751610836801134,147.9107437454491,118.13798498075809,118.9790071328607
32.1812499,4.843676177126933,-10.433454093049274,-6.715843886619165,153.3756528788175,105.47459482264522,110.21031409911893
32.191249899999995,6.351324234069322,-10.67364980587565,-6.789699010657344,153.92061223540577,97.02414721334641,97.42003649976834
32.2012499,7.051787449349655,-10.696799348251337,-7.080284649254826,148.03877129412618,91.66722802934257,82.48142937843028
32.2112499,7.305451708794561,-10.620977652536876,-7.254604549906112,136.58934276424105,88.25437217753415,66.41993746187303
32.2212499,7.176689436762242,-10.38758321513575,-7.202743307353331,120.52277684175145,85.23269426733788,49.7237392517827
32.2312499,7.033882330645762,-10.112065496933749,-7.206172356122587,103.06589912927865,81.39176720956725,33.27937445704207
32.2412499,7.190568215713791,-9.843122448047627,-7.323543818652247,86.81893996356452,76.73913865321467,18.114368136246405
32.2512499,7.250348446246658,-9.341523048943268,-7.242144609514305,71.36268034390793,72.17090141230189,4.5695641435801795
32.2612499,6.908758921559844,-8.80264497559912,-6.963678839414016,57.45992467211601,68.22224314957671,-7.379642972214163
32.2712499,6.589656526033125,-8.237818787645608,-6.5505769086600525,44.27637353261634,65.92874399356813,-17.836335528501632
32.2812499,6.4709938744589515,-7.777466187537488,-6.034821980453156,34.53088688746494,65.6510526385256,-26.150846971563006
32.2912499,6.313765055026202,-7.66225017676168,-5.756140370481381,30.29810270308186,66.65490169744517,-31.69624173894734
32.301249899999995,6.159937334872584,-7.320054279328689,-5.724115827414185,27.263615793278714,69.43406347828355,-34.87268496540362
32.3112499,6.115204086352639,-7.150853095824584,-5.624331515520871,28.857289598236555,73.89792167408932,-36.390695317228484
32.3212499,6.152560990426926,-7.159120804214942,-5.444792766194862,34.26553846536347,79.44452420187717,-37.127069981110694
32.3312499,6.1834362197272625,-6.741253525758894,-5.243748850783635,38.734447557101255,85.36706800989793,-37.80461217466772
32.3412499,6.264880010494957,-6.456256213497266,-5.039417138876951,44.83773128166874,92.23603480004012,-38.81057056697322
32.3512499,6.2921948061497,-6.370620611434347,-4.92910163444011,51.736569893390026,100.30025104059234,-39.69368154048602
32.3612499,6.052897621727462,-6.327361320339131,-4.8930557891545465,56.4297328388901,106.96350238657405,-39.91066742267346
32.371249899999995,5.784617879668186,-6.203499570319097,-4.81452438762603,59.795620031263226,112.94606010995061,-40.297614761196456
32.3812499,5.658975243013149,-5.9942793881726875,-4.606723924727793,63.31587180169204,118.68892721173886,-40.94131195971554
32.3912499,5.624066993647595,-5.899674320929656,-4.219562519842628,67.49739024062856,123.69077189742137,-41.829731779491844
32.4012499,5.6966746018333865,-5.759725988619858,-3.8325934659119416,71.46628735623051,127.92332470647382,-42.31586939437495
32.4112499,5.819256376657457,-5.783793064463672,-3.4733844249950634,77.2535710780191,130.73521771856431,-41.84035673640717
32.4212499,5.841454913700067,-5.95015676543653,-3.089192628079352,84.52777316696977,132.21943904649353,-40.28503323970191
32.4312499,5.784218278022778,-5.75932436755592,-2.904759472859585,89.64741230089174,133.27662896550572,-38.045016992982205
32.441249899999995,5.668000560371353,-5.414165920360467,-2.8366107677323846,92.25752028955311,133.76202822287493,-35.780255958331395
32.4512499,5.427796211260773,-5.309735331779043,-2.6328877251950393,93.17396919217138,133.74401356012692,-33.72178096377481
32.4612499,5.142177028618715,-5.211699120939332,-2.477385910641837,91.42741765034884,133.84662900719042,-31.85541050821876
32.4712499,5.079886667451275,-4.9079271556965995,-2.518826318921773,87.37197475191263,134.020820496022,-30.16941522093768
32.4812499,5.29729683559224,-4.632233312749917,-2.403196545429717,82.83051404211332,134.2074263479564,-29.029744890311104
32.4912499,5.477862933887119,-4.479751412328201,-1.9972500236163286,78.52794952765205,133.864721871004,-28.098383632475787
32.5012499,5.593124424904782,-4.489974122697934,-1.6778309974836603,75.74333790963743,132.29639291191486,-26.306307588518017
32.5112499,5.777252628506655,-4.6833313637827185,-1.474847119452498,75.39201539583364,129.95372247783916,-23.196046283094475
32.5212499,6.073013808775478,-4.7772522649995555,-1.2738366899678217,76.42513113946937,128.03837249034254,-18.72464207574983
32.5312499,6.5157063044705765,-4.6906854950130885,-1.2015480548817676,77.24978400464546,125.78107339412325,-13.581719325403206
32.5412499,6.973654796729966,-4.445929016409027,-1.104821196701999,76.26526287930442,122.35531939201931,-9.036233344348934
32.551249899999995,7.315004820542306,-3.940406706759282,-0.9165037909601088,71.0858905904813,118.20375065137452,-6.247168047739371
32.5612499,7.822281478628516,-3.515860525772984,-0.9891611576258065,62.67544306114036,114.15095631363567,-4.86093681698368
32.5712499,8.689275302831566,-3.929481190504806,-1.1779276887816998,59.43579674859356,111.2099607375254,-2.4236085312096196
32.5812499,9.327903604878687,-4.7576932330442006,-1.147815644304189,60.14590787026439,107.21082223300633,2.4657305851558524
32.5912499,9.495914635309555,-4.890002585739095,-1.0974142982445476,58.41226154090494,101.52864465690821,8.040526893567806
32.6012499,9.802025796851185,-4.764788938882185,-1.1103799157041727,58.260269875192236,95.43903708662535,12.297119308555033
32.6112499,10.2229069050755,-4.745994415086631,-1.0744324892549009,60.0701484722947,88.86208782019541,15.035561898763088
32.621249899999995,10.326157634167595,-4.799547434856439,-1.0848410216696325,61.866102598978635,80.4791382440793,17.494208064873824
32.6312499,10.131700405149592,-4.880222088888314,-1.108455995775061,63.94185199106859,69.8645307644845,20.346039349265517
32.6412499,9.955251030984025,-4.915120669682133,-1.0923498993861576,65.54179544468916,57.899772750670685,23.666417470565523
32.6512499,9.917084251879881,-5.024467792791308,-1.2209431827901258,65.63889846971483,44.879034677194696,27.47979543435661
32.6612499,10.001866637729378,-5.137159180975389,-1.4623657982237106,63.335729011724474,31.683628462101375,31.65227402473097
32.6712499,10.292125749003421,-5.239211056848398,-1.525291037939629,58.90957342715791,21.45641222001393,35.69743584115973
32.6812499,10.464891609291938,-5.206517189735081,-1.325399610618364,52.114954067818196,14.326226206200001,37.808474896296076
32.691249899999995,10.124507335172622,-4.952619426495645,-0.9283289432807293,41.168487096505864,8.370790481914018,37.0581188351563
32.7012499,9.654940647611872,-4.745254525325906,-0.4822233705346979,27.39604346621578,4.157333101592642,33.87004492872641
32.7112499,9.260267977983617,-4.76540902299005,-0.18416971099219662,13.08610623914503,1.6281932080478374,29.076634251794168
32.7212499,8.807736615286204,-5.07566002952064,-0.0016684269527542602,-0.3836818904862642,-0.5827546128541685,24.415794601588242
32.7312499,8.53724005572671,-5.620012699532201,0.1721265180679041,-11.55798239812763,-1.5347777435728214,21.117573030605644
32.7412499,8.40354137760182,-6.039209085601409,0.3579379638291149,-20.438246181852932,-0.8520231278216811,18.801768884231056
32.7512499,8.180901907166962,-6.262889912949061,0.6350433160227994,-26.775007393495663,0.17765759919866816,16.513292248642923
32.7612499,7.980295398325358,-6.503577810192457,0.9647920135760236,-29.642325825779686,1.6268615707658063,14.248358681417988
32.7712499,7.91932008643378,-6.74431020321718,1.2110399250716122,-28.99982742382326,4.323560884221713,12.135042250105862
32.7812499,7.925983010168655,-6.859266219788278,1.4135378902076825,-25.90478911912264,7.15678848137328,10.781380645439137
32.7912499,7.9102859037742705,-6.972144628896962,1.596794810327208,-20.624413255458588,9.500025743957407,9.944297563568758
32.801249899999995,7.835433574068262,-7.183420300726882,1.7399903081051409,-13.29226396617189,11.440041140077058,9.490208313661514
32.8112499,7.661403072940609,-7.3268832481675386,1.844522698531264,-5.117761146737188,12.630502012343703,9.638401149952474
32.8212499,7.492692838198428,-7.217745833388072,1.8795234288511553,2.153475657891851,13.189125820607872,9.53525068822148
32.8312499,7.371901948646833,-6.987657101961808,1.8465093001940567,7.955816068696952,12.870428581833387,8.60225709390921
32.8412499,7.304911162719059,-6.905783550926756,1.7938864766787141,12.50837243168937,11.610947750171306,7.4771953683652566
32.8512499,7.255562292440432,-6.784616783412864,1.6827227540565015,14.726038056763553,9.76411718412407,6.39344583343644
32.8612499,7.212142997054615,-6.503084175709489,1.5184127063786081,14.335801534446981,7.482617673424293,5.125854275708385
32.871249899999995,7.2156177069248555,-6.309705233975861,1.3594657743688454,12.474401241181603,4.451309558443191,3.8486444178520607
32.8812499,7.206462588144367,-6.188405691943478,1.1958959914634042,9.386521201754832,0.6257961699309221,3.0224448116064293
32.8912499,7.303184718279263,-6.055672681975122,1.0671492640939149,5.353969511366208,-2.778599649936535,2.5262461882248015
32.9012499,7.493089061233935,-5.987388881779233,1.0475746776422674,1.8001755152906915,-5.804692480493197,2.2402055617938537
32.9112499,7.662194330138691,-6.0421157492207,1.0772228521123537,-0.6634026612134927,-8.764971488585216,2.26974879984124
32.9212499,7.752637029235265,-6.0688517391633665,1.0409674323421356,-2.4431659330551043,-11.089438690361636,2.6383336488654847
32.9312499,7.771510898436077,-6.012950682749143,0.9110771214704759,-3.680885371888877,-12.672941484565328,3.361649329987739
32.941249899999995,7.772378571847647,-6.07341762430805,0.7940364101137589,-4.330334479134985,-14.128632388264121,4.262738794500138
32.9512499,7.785270617331179,-6.24791705727754,0.7552765963515964,-4.467683847104519,-15.317352691885523,5.3395658848347365
32.9612499,7.797139564516777,-6.336964805426941,0.6681133982459261,-4.454497880467497,-15.615039211162658,6.0288370277824175
32.9712499,7.748073423340685,-6.459269976193609,0.5841112944378053,-3.7563529062294005,-15.612971121751446,6.402142769966764
32.9812499,7.712422501639946,-6.711709009437977,0.6654869546201362,-2.699129585338641,-15.263522708999044,6.676303236998383
32.9912499,7.740796922418255,-6.883979897179764,0.758706875451096,-1.8230994087654937,-13.931241409516138,6.0741062861651685
33.0012499,7.665465966866815,-7.033502302246659,0.7754207332237656,-0.13200007728426952,-12.601330965795738,5.039381383874585
33.0112499,7.551826552839924,-7.265943991698378,0.8028771519336219,2.6786497233469144,-11.524598907126235,4.348903949821514
33.0212499,7.441646221958585,-7.483694447886895,0.8657710912643337,5.613446317990843,-10.573963810557125,3.743853753863001
33.0312499,7.257992273230514,-7.528884580679686,0.8958290185726354,8.095220700474412,-9.943758435529343,2.8009519958791835
33.0412499,7.127879761584817,-7.532885653388698,0.889155710312057,10.69059460818761,-9.553885303461058,1.6739123835245577
33.051249899999995,7.087250564266944,-7.523570858664788,0.8950204290244443,13.137471397271268,-9.554056852217046,0.6994142482274028
33.0612499,7.028273441340874,-7.423552960892016,0.915864149096199,14.801678429523207,-9.815168253765345,-0.066773461766616
33.0712499,6.961889251740379,-7.3369774041278895,0.9239352434803892,16.015603458739793,-10.046620977909324,-0.6466235655178948
33.0812499,6.831254363386416,-7.201459411434311,0.8646897231009136,16.544591063850042,-10.616190115714412,-1.0241630419786267
33.0912499,6.68741113231688,-6.973729963671926,0.7614356958298423,15.751075231938918,-11.45381400202524,-1.3437541087243337
33.1012499,6.632623284846293,-6.8175032064450125,0.6794515310325857,14.220703800547161,-12.292789210123802,-1.4135481963168046
33.1112499,6.534980767358047,-6.764474961418126,0.5979950921558033,12.391003433015882,-13.200225279708611,-1.133651373186221
33.121249899999995,6.38074755375592,-6.710019039514066,0.47553394366624613,10.128459277153272,-13.9886283887933,-0.5387183934646596
33.1312499,6.281734726266227,-6.601458978166425,0.38489914339128206,7.704159732986133,-14.509814321829591,0.5251511805377631
33.1412499,6.253578290773774,-6.490235873517246,0.4091552627520047,5.4997847156310815,-14.674815729520896,1.789480023792559
33.1512499,6.278073113657973,-6.452208559919091,0.5264756791632988,3.822474648767837,-14.472620375983876,3.543382966088705
33.1612499,6.245997179840665,-6.470175018947536,0.639321598848389,3.079630278162171,-13.973940513802875,6.047549719932546
33.1712499,6.054476973882019,-6.443741944922641,0.6083508535100968,3.0638091637036657,-13.459104025414842,9.042594494589371
33.1812499,5.765168255475895,-6.3272628570203056,0.4029015790639105,3.4228804496875087,-13.375124848671238,13.05693255807955
33.191249899999995,5.475807754181003,-6.12336277236458,0.1710586931852763,3.737149273976893,-13.608351838529384,18.266013376003205
33.2012499,5.219970415204477,-5.88696270282532,0.025293608763532923,3.3449698729700335,-14.093694185557977,22.96449302472018
33.2112499,5.045310752929471,-5.644571945626803,-0.2830224655989392,1.843841156748156,-14.58918499383378,27.645969052569328
33.2212499,4.964942559753202,-5.376591667108378,-0.7712606119234573,-1.4074220546204668,-14.521751500718755,33.02501323725246
33.2312499,4.898768750844651,-5.08544106554543,-1.140341767861897,-7.736546754727704,-13.562464491094616,38.28994318434707
33.2412499,4.76392551786852,-4.890841697981427,-1.3561715093783686,-16.58174758967123,-11.723195181805558,43.188705543631364
33.2512499,4.516012444775173,-4.973304091714517,-1.5070808700067329,-25.62219183139742,-9.473438252046806,47.94885297056625
33.2612499,4.231452239167385,-5.264027433257947,-1.6380929769257813,-33.392456911145054,-6.911305420806535,53.08776054073525
33.2712499,3.8787519452747343,-5.616553165051447,-1.774236411322352,-38.97246740271352,-4.545365420098438,59.08953309513575
33.2812499,3.4301543539953836,-5.965107516086698,-2.01751968715,-41.32584120660212,-3.2393828366817656,66.08871449756475
33.2912499,3.039279524981497,-6.278438916167471,-2.4277378712801156,-40.86081863329262,-3.32617561225844,74.22259924406747
33.301249899999995,2.782060996830478,-6.281127864462521,-2.8035722367621254,-41.3720141770923,-3.3567850798821928,82.69181827050366
33.3112499,2.6335862776972263,-6.061989292622282,-3.0300737122438375,-44.69860985484966,-2.6389769571318378,90.2304673599265
33.3212499,2.5714123063753496,-5.817248529526031,-3.2918923426751543,-51.05242910396082,-1.0332421292348277,96.50148801182715
33.3312499,2.382780576575563,-5.601472846916849,-3.69079458280288,-61.06006014469557,0.6883307458713093,101.99395721766187
33.3412499,2.021621287554642,-5.673280842307353,-4.001869032667304,-73.86392093871089,2.6441962717833283,107.802689028946
33.3512499,1.7870788735809169,-5.978321798372168,-4.231713298726357,-88.31734326710655,5.746845555336314,114.78159944473751
33.3612499,1.7057000386295647,-6.317020540347948,-4.587004188614863,-102.14937866846529,9.182736041366345,122.73817968404776
33.371249899999995,1.6143352519549343,-6.758955314812593,-4.993972530689427,-112.88124730562001,11.626321558625524,131.57579168949954
33.3812499,1.539343935046672,-7.315139599139603,-5.235381439854942,-120.26764820879204,13.222417922843986,141.3423305803821
33.3912499,1.6036692793883605,-7.9595007343360065,-5.447852071346499,-124.32076568347898,15.277440395116624,153.18675958029496
33.4012499,1.729742002305871,-8.650679880652564,-5.768038900207172,-125.30307550788038,17.74106414688559,166.8784696578151
33.4112499,1.8035277013291193,-9.293112433622625,-5.991079534010465,-124.95697425204075,19.850338604636395,178.98540956975057
33.4212499,1.841820491011011,-9.974814702826814,-6.05519501324639,-125.64948990126824,22.75830197385342,190.18754579003354
33.4312499,1.9127487192824522,-10.690230563208777,-6.026169654046381,-128.54223365988065,26.83634515012977,200.70262813890196
33.441249899999995,2.0426603647504806,-11.396742589819654,-6.065872520878304,-133.76415251349155,31.63822159065218,208.9202722113499
33.4512499,2.1074298964943297,-12.052661786012619,-6.120279689225201,-140.77848581324096,36.179568648801435,213.86220922837936
33.4612499,2.116415568357062,-12.814337420649606,-6.051516069231264,-147.69064032758095,39.756638852195486,215.65293490271497
33.4712499,2.2153177954471834,-13.917512204909132,-6.030490721635463,-151.8953446602189,42.53549181960479,215.53951441837822
33.4812499,2.408194358035162,-15.19506523918794,-6.069734292687174,-154.10371271064344,44.49010018947967,214.8067520867516
33.4912499,2.5925315981409773,-16.31579936663282,-6.047874824796477,-155.54124425244194,45.57060190332087,212.99944635114704
33.5012499,2.7626693961550686,-17.194358434280044,-6.0862864554891605,-155.54150089708378,45.1108282624002,209.81495083271125
33.5112499,3.294673773050591,-17.965830453015258,-6.359174570081514,-154.82031610567952,42.85397386210769,206.3117181943921
33.5212499,4.442265646338555,-18.61175467076374,-6.564519365735262,-155.45777118679246,39.664836928045666,201.80532345779275
33.5312499,5.782445605535602,-18.964361955800673,-6.547796988987267,-157.31679513889233,37.00147568572684,193.91247160459812
33.5412499,7.162216182032143,-19.33984286218372,-6.735533892282616,-160.3948623778447,34.66277464694829,181.87403317745787
33.551249899999995,8.763446402760033,-19.90648919162094,-7.1236923300898845,-166.11138701714646,31.408082966677433,165.34421195480675
33.5612499,10.403557147743264,-20.36223401099546,-7.383889044244928,-174.96061814061997,26.788326712566143,143.29885165161974
33.5712499,12.192372047628304,-20.844439803217092,-7.679525981626559,-186.78978522273934,22.188467867137266,116.43956224110632
33.5812499,14.190127761931484,-21.371155926209955,-8.123904888545871,-203.63237206444862,18.28534589508339,85.67789414547075
33.5912499,16.371151138340675,-21.965329528255218,-8.391478156227898,-222.30205016107297,14.114876919796929,50.82787159455878
33.6012499,19.559704064377556,-22.738395139008095,-7.894572053543697,-239.567131741329,8.155000025210603,2.9614946583605843
33.6112499,24.25430780969915,-24.13960853742796,-5.937560312398817,-248.3535483097429,2.4417538665719194,-60.62201483323779
33.621249899999995,29.80966679383671,-26.509393458691434,-1.976903427028516,-237.25621413506852,0.6678627497881084,-124.20232397929846
33.6312499,35.04475216855761,-29.223682726135344,3.917968821302964,-209.21212376806568,-3.056951308988677,-191.76506769395883
33.6412499,36.88472892875289,-31.879370689660036,10.180461915961375,-172.39351474879936,-15.732466694390364,-265.41501599057426
33.6512499,33.41144090010487,-34.307605295598826,15.480392453288983,-139.3659011624757,-34.16899141836996,-336.8033085831931
33.6612499,27.16689609715901,-35.866490886171995,18.492246444045495,-129.14973560195673,-56.169256129498464,-408.81624534187284
33.6712499,21.37001398781218,-36.28187565993262,19.659262099025074,-140.45044593521234,-85.25594858095339,-478.39112138303494
33.6812499,16.00495780707712,-36.02783162364126,20.798683687341622,-163.0388970112652,-118.40441640160441,-503.23927684294944
33.691249899999995,8.885334484984623,-37.29794032594591,21.721019673713702,-192.72538607007593,-155.2450492833694,-499.29062921274397
33.7012499,0.870747858731391,-40.2245787053996,21.707826432268654,-212.59466099812485,-194.88662031934598,-499.72428831804103
33.7112499,-6.3684539280315455,-41.01639272070061,19.830428939615473,-211.38694874568287,-233.55575732107965,-500.6892368745171
33.7212499,-13.76834175415289,-36.73312998974694,15.97297364236242,-190.6974485140099,-271.442916124962,-499.11366511036215
33.7312499,-22.634419712825782,-29.491395926967755,11.8694240020816,-157.11967084800776,-303.41150480482355,-500.0416596662436
33.7412499,-33.2815218230442,-24.143967779501693,7.521121971266002,-106.65531824924558,-321.4876991622233,-503.52269470356083
33.7512499,-39.116539537156676,-17.60944465251806,2.2062863022127455,-41.453580943255986,-305.259635388857,-444.3692496270266
33.7612499,-40.148745356822346,-5.660379421231427,-1.6488591626544864,-3.3504972229732797,-248.85170460312293,-332.4749663522169
33.7712499,-42.609283265430015,5.568910996510831,-5.998774641791083,-8.999401069360852,-170.52793966068495,-250.3861799237756
33.7812499,-40.43437247033295,11.389990737573036,-9.936512109842766,-29.435526548207,-81.57703154521236,-198.85491396955587
33.7912499,-34.77233740932148,12.399362183175716,-10.750286820856099,-40.53648024424907,3.312333716790649,-159.28443096000467
33.801249899999995,-31.53170485239308,9.011910398636761,-10.840399278140824,-32.77629519288228,71.98767539967244,-114.13181566905304
33.8112499,-28.036620628151667,4.489527898063931,-10.656441640383397,-0.9932561090859887,127.62389511946067,-53.259162250916965
33.8212499,-23.384672730000656,1.0688289411129597,-10.430068094224199,52.26659391783446,164.3241119467729,11.0309347048912
33.8312499,-19.334401630287147,-0.9369171104595015,-10.129683093021892,101.07842793323155,176.2453605388111,54.377081929476745
33.8412499,-16.289961267667703,-1.891722391206176,-9.99505799656709,136.95200801679889,172.759044547835,79.79408222570706
33.8512499,-13.347307714042914,-2.491316820362272,-10.393194086193452,161.42493546771183,159.16453474576468,90.91585821793443
33.8612499,-9.658878627808253,-3.647095639884476,-10.594503539771846,177.4651081524225,139.52787243482038,92.24687412022107
33.871249899999995,-5.479512983677514,-5.3406334166174725,-10.694652197347184,189.06442866231126,117.06173796863459,92.41294868782742
33.8812499,-1.2236658871592865,-6.740321267661227,-10.49992965350563,194.73665058774753,93.86565846334338,93.48654127728692
33.8912499,2.795678062856305,-7.263908760048115,-9.850476224366,189.1603291571974,75.12174907191651,93.27898719210062
33.9012499,5.786445770760616,-7.076832437262238,-9.281100506721828,169.04171916772822,63.56557130815941,90.0084040736052
33.9112499,7.195351748516005,-6.404099435741086,-8.956158500083095,133.7868057650544,58.06977892246655,82.78314064282839
33.9212499,7.234932203494261,-6.064590918769185,-8.746779557465945,91.0597424398371,55.793237818731974,70.69725093035794
33.9312499,6.709460684263688,-6.48310831392996,-8.737015698883019,51.39557509479947,53.5139230230457,55.862420430149186
33.941249899999995,6.348664792204927,-7.0988197632298276,-8.919749721991046,21.37444640370069,51.12863976397543,41.444984203315904
33.9512499,6.0214474580146105,-7.702860047832406,-9.009261939797357,3.4230686264552,48.393446848511196,29.01784092618665
33.9612499,5.561721301593996,-8.502876445263801,-8.806765980897115,-1.0256345725913998,44.63676691719303,19.356422201732798
33.9712499,5.268453586570839,-9.037231508554125,-8.484461658071409,6.342405295243446,41.11366048490885,12.92355148004275
33.9812499,5.1356229099203015,-8.913393275210732,-8.27193562243994,18.21041725551959,38.515695325182996,9.597663771351847
33.9912499,5.078761207234912,-8.443690205346282,-8.048857385387263,30.629263196685205,37.25206288579179,8.492703647872323
34.0012499,5.046507196022015,-8.027923497685938,-7.740932470936313,44.07774499067404,37.56117957053991,8.176561998281844
34.0112499,5.004520152803954,-7.379427376866244,-7.512061225704257,54.05444346683718,39.85819065031972,6.821728411306481
34.0212499,5.075921219219978,-6.804504536517688,-7.286090975574523,61.73494561607647,45.35028570613853,4.016024942897937
34.0312499,5.217142950221667,-6.4378300988301245,-7.053035085099302,66.47662574019994,53.26021259096801,0.2645321902615233
34.0412499,5.174893885331289,-5.784000651714397,-6.703186169685943,64.65286928918206,61.104311828549676,-3.9750372283841253
34.051249899999995,4.958232793946467,-5.561291258385202,-6.33776596994042,63.100516844436264,67.79347871983194,-7.8201528717731685
34.0612499,5.024493775959017,-5.831245024748501,-6.189164841539008,63.66012850371387,73.52240012545069,-10.502330117600598
34.0712499,5.192712341487588,-6.095150505240686,-6.026462491678162,65.3831392695392,78.39881741651934,-11.754678938947434
34.0812499,5.241839315955623,-6.294131785362436,-5.791735724341234,68.14445300174229,83.35097249124229,-11.771724409330725
34.0912499,5.264640758126379,-6.220466589968958,-5.531143732284992,69.80148385636681,89.52813489010587,-11.356549927622906
34.1012499,5.296864191996215,-5.829870102159396,-5.278412744095414,68.37728195831977,97.03021415176153,-12.469265281590165
34.1112499,5.398928771539989,-5.555213162147269,-5.249387086850579,65.40686757904855,105.52132827525026,-15.967482114095262
34.121249899999995,5.480985755658041,-5.532900179347919,-5.336586319056107,62.52442586242406,113.79966488570705,-20.402393718783507
34.1312499,5.483433682822085,-5.662146925929659,-5.316107997239119,59.652070737868776,120.94295340987301,-23.91736473118348
34.1412499,5.447282612034234,-5.878867777537327,-5.204725525046227,57.181791098884865,127.24909542140597,-26.12628282590879
34.1512499,5.4223924495909825,-6.083023026484269,-5.063142326459132,56.10297814089724,133.50878730278214,-27.60630493281241
34.1612499,5.441126698388471,-6.252012117837034,-4.820965904388748,57.46290552340015,139.22418001770677,-28.262381570333364
34.1712499,5.500350281039254,-6.415567231830772,-4.458619138140255,61.21419755656897,144.0326415607707,-28.020313839993694
34.1812499,5.509079177721503,-6.335260831325483,-4.264989922024792,65.30554918241427,148.27046556739182,-26.92319998546327
34.191249899999995,5.526108158866644,-5.972013814568131,-4.283025229595274,68.29018164825415,151.3886908434205,-25.437800937608433
34.2012499,5.645446443632734,-5.6022527002815,-4.162034753432587,70.35302588157431,153.09502574972223,-24.034371814890765
34.2112499,5.741665371907154,-5.402623372897135,-3.997403211549192,72.00663216303758,153.85800879134862,-22.43258209739665
34.2212499,5.7725703833932105,-5.296301361119792,-3.8685372230105846,72.72914657929707,154.7458848060699,-20.491928858523316
34.2312499,5.819413110018436,-5.179608483685654,-3.5528050124878363,72.92889703814825,156.2825774833978,-17.81331830616643
34.2412499,5.751927062983364,-5.108793556786604,-3.1764269653199593,73.0010128644416,157.2688366139361,-14.938730731686526
34.2512499,5.57434637502642,-5.163952959008597,-2.758630276258581,73.81786980732399,157.07280893291366,-12.39816330541395
34.2612499,5.524044091275738,-5.181751008095132,-2.263291889536222,75.80283229665436,156.29312166823766,-9.604281325284342
34.2712499,5.563002485940974,-5.123908195304887,-1.7712576102487783,79.52111327907673,154.20935237408077,-6.521186340027153
34.2812499,5.733998893629232,-5.222530939652068,-1.2479975181634504,86.09602949767168,150.4388470794355,-2.650967683703117
34.2912499,6.038874699180534,-5.279110991389142,-0.7741204313568741,93.22807796564611,145.83662901736716,2.3603903054562294
34.3012499,6.136370182917585,-4.935921539383283,-0.31869376809140837,97.49205272142427,140.47498170325107,7.722433886064206
34.3112499,6.196652254910759,-4.426542105045953,-0.1050070407089515,97.3349549542759,135.03138183966394,12.780535220522442
34.3212499,6.451713588543007,-3.785972764833885,-0.3309035843862933,90.31031373151404,130.21941052221112,16.543896643149033
34.3312499,6.883817102391225,-3.7549462081540192,-0.6216841145677565,83.64109769456093,125.4771779191135,20.2108164470558
34.3412499,7.2523101040078615,-4.605743711484281,-0.8407166580400875,80.96957590667712,119.0787593678928,25.067014272114324
34.3512499,7.403248258580902,-4.582786569932421,-0.9241458975722691,72.94000490650294,111.12363109005263,28.549541982047142
34.3612499,7.776197605617536,-4.2887905980519285,-0.7343511878740709,67.0220098477102,103.46053205187123,28.79364742044926
34.371249899999995,8.350391949224266,-4.6776465634080395,-0.7001002994332688,67.36113064665562,95.30631265470046,27.142972997288553
34.3812499,8.839074586225188,-5.086025882175224,-0.9842041887174393,68.98710046700845,84.62493602220565,26.58065696380854
34.3912499,9.35479948820623,-5.313983375810944,-1.3234963604902106,70.2430007513149,70.89593034961887,28.416385722304728
34.4012499,9.965045059804439,-5.276444911072707,-1.6680544123564207,68.67609396543773,55.18435775654721,32.28972758617162
34.4112499,10.888596566289344,-5.543873089347382,-1.9639691374850714,67.37308529560961,40.081446925784185,38.00602085410324
34.4212499,11.716409493150252,-6.048804912849598,-2.1126014643148165,64.35400157144628,26.564558358412157,44.55476501510207
34.4312499,11.861675707671104,-5.792601898366391,-2.090899403064611,52.140084723204815,13.940323684324667,49.232502522088886
34.441249899999995,11.752125641442099,-5.429258118924087,-1.8318336737931054,31.963982720950423,3.771405633694666,47.801408621836124
34.4512499,11.592849124706925,-5.657850666404063,-1.5254449602803126,10.974467812698132,-1.486424713327324,40.326055864365955
34.4612499,11.085509436424159,-6.068484521548253,-1.373846029198271,-7.677395402490727,-4.185323819262313,31.260564437852107
34.4712499,10.644084929407413,-6.818893330250499,-1.106960342557591,-22.801161032289933,-5.103330373743451,22.299318415638666
34.4812499,10.258340338095016,-7.680112272994054,-0.7147344114801135,-33.46422808250811,-4.244191564561413,14.007180695461054
34.4912499,9.791804841967892,-8.24060380363148,-0.351524577727471,-40.49392748290564,-2.734729828135566,6.473275194024683
34.5012499,9.360058826062147,-8.659517284460888,0.11405797840211954,-42.69672260267486,-0.9934760534613503,-0.4733723398684289
34.5112499,8.887077357079205,-8.861120441432702,0.583270413760494,-40.6110763660805,0.8321123882086102,-6.630474465974384
34.5212499,8.335980019686673,-8.845166537320189,0.8988762344418219,-34.8705108562468,2.1653972915439996,-11.694567259411842
34.5312499,7.863435616274758,-8.706834883697933,1.0330376183294798,-26.70513384766838,2.8689917372985585,-15.409115942165078
34.5412499,7.512654112074276,-8.389168723596518,1.0232691099347035,-18.280366368033086,3.2373981394547,-17.979590611705834
34.5512499,7.192669461841534,-7.875575573796371,1.0629101603737778,-10.91777750234276,2.970166103313181,-19.94442771408459
34.5612499,6.949972750066488,-7.31118850997094,1.102993084089743,-5.214845945800354,2.6023292894605428,-21.363537541701213
34.5712499,6.774588731899557,-6.799878325387036,1.0583497200487684,-1.3383787679413655,1.9117375588520422,-21.967715680092212
34.5812499,6.655440786493311,-6.367976055135156,1.007971943828648,0.3789408743624167,0.8605968572224351,-21.788019573411646
34.5912499,6.650210859924377,-6.049526362101311,0.9337849281930549,-0.015389333192218373,0.22021411577933778,-20.90138182014595
34.6012499,6.693548884994089,-5.750116813822833,0.8740079375166743,-2.4735063333586287,-0.1377752109684527,-19.779460819472945
34.6112499,6.692618540341995,-5.525369604410907,0.9000121271882352,-5.498906957844016,-0.6332857475982312,-18.891487843020986
34.621249899999995,6.599984479154905,-5.468181494790402,0.8256979817311343,-8.131165578032842,-1.372446173376258,-17.56656296587314
34.6312499,6.466822456989241,-5.490981409563977,0.5887761562037751,-10.815485091912102,-2.417959130337469,-15.67989525793596
34.6412499,6.439711962443777,-5.482352739965212,0.39182000321046656,-13.04374561251142,-3.4089058647638155,-13.655133282937427
34.6512499,6.552036490430499,-5.633995705510666,0.2879931211107126,-13.942502888985407,-4.671868966817046,-11.157352106019315
34.6612499,6.7420521172614984,-5.949831389505622,0.2978787352434025,-13.358887134225807,-5.801187344799335,-8.311041999244441
34.6712499,6.88549302733683,-6.151550302573569,0.3300237978448605,-11.690700336552345,-6.026635099860725,-5.933985949572844
34.6812499,6.965787738278561,-6.321013939271799,0.2511718020653716,-8.607273475129166,-6.191066166914844,-3.606392728179503
34.691249899999995,7.027446345497781,-6.4968214185331545,0.12677577406732896,-4.385292743022409,-6.440624483295351,-1.035277052270473
34.7012499,7.03812203155527,-6.60550504050574,0.015094674587059011,-0.2679149354622049,-6.591875271655373,1.3638969670520422
34.7112499,7.040266103997321,-6.6504190727729995,-0.10900586355008493,3.1764085268804823,-6.419818951257784,3.0835000799824037
34.7212499,7.041876626371452,-6.6288104163440025,-0.2549043277623328,5.86246899546275,-6.358382281895816,4.245890161526628
34.7312499,7.107357671674705,-6.5518103645153944,-0.4200679660332639,7.168665452334393,-6.3516950558212715,5.446952801882594
34.7412499,7.252150491636193,-6.529291550359945,-0.5186950683349905,6.892887973027566,-6.140448290313983,6.895358999858542
34.7512499,7.369541473531735,-6.503017274781009,-0.4775920962813412,4.989292270805741,-5.800830247582596,8.03759819068297
34.7612499,7.436384055442088,-6.477874490973865,-0.4082508208603929,2.3173130600587917,-5.080597857744152,8.48378092568735
34.7712499,7.542003231319494,-6.57414640160393,-0.4043144207625618,0.0031190299924993437,-4.426655985216651,8.36666752414386
34.7812499,7.6346934253365815,-6.708863720366995,-0.4279750959211989,-2.0343048796204584,-3.934026674614256,8.129482398447657
34.7912499,7.6566867589837,-6.793144946454885,-0.4205517821709736,-3.6389957882468886,-3.4301405779271676,7.45014117448084
34.8012499,7.631732025873452,-6.890284121979222,-0.3588721474791635,-4.558401152718003,-3.0539767899150165,6.05737242830259
34.8112499,7.585418362527559,-6.990393816106031,-0.29959131687985185,-5.052059992605883,-2.59523756026938,4.356285839400074
34.8212499,7.473574535170407,-7.061111303678451,-0.2975063220332466,-5.511196079964976,-2.1786707699154158,2.704493028270978
34.8312499,7.37005385316969,-7.152169944579571,-0.3010608679454648,-5.494729633609004,-1.7520095334811034,0.9756821946682468
34.8412499,7.341079259490946,-7.223335437323148,-0.2643584643096964,-4.506856676454312,-1.3956116919381318,-0.6950374210607865
34.8512499,7.269831569174075,-7.228520197568899,-0.23174472879351551,-3.204052110385403,-0.946937694947941,-2.30482171861232
34.8612499,7.217870347875832,-7.186044526400866,-0.1502150124674228,-1.6549103639195968,-0.16392521599533388,-3.883717842012418
34.871249899999995,7.31718059590751,-7.150779321738917,-0.025005500662810643,0.1012050978608953,0.7457693778049495,-4.792685988684311
34.8812499,7.3690189375753326,-7.066276144449566,0.06889994100821854,1.874727996870892,1.6732317710030924,-4.884068403236237
34.8912499,7.285913391281991,-6.948822630158013,0.1371253290863006,3.2212287922349128,2.4173326709115686,-4.375886748341715
34.9012499,7.106054172337845,-6.827252899345546,0.14726896798244157,3.623499721971325,2.6912669171978387,-3.4705025842096395
34.9112499,6.861319647404783,-6.6922841012095535,0.09696500699707634,3.35896207093354,2.493980371466727,-2.2945424708714617
34.9212499,6.658553230471303,-6.603611529568481,0.03324720409713924,2.7670835308734025,1.7626270505304247,-1.025801744173928
34.9312499,6.486622989380227,-6.522487498798817,0.04525498775754356,1.810974800011095,0.6735016699467473,0.29794796045361993
34.941249899999995,6.322970628351325,-6.463927487057076,0.11107234024366294,0.74101983956563,-0.5651363334333345,1.9698982756632315
34.9512499,6.292491913612068,-6.404714670723009,0.12892837404745058,-0.11285285164452237,-1.7560203123302005,4.157804663613544
34.9612499,6.323054657614551,-6.3096008210409416,0.18935820804197775,-1.0647500922454582,-2.8242354553260816,6.658577182204312
34.9712499,6.25430309852544,-6.2641681793693476,0.31666801978334286,-1.9466859596267534,-3.7333296326383096,9.468750258587814
34.9812499,6.118238339815949,-6.23425123739168,0.39549567917121037,-2.2839376817403374,-4.618195707445431,12.680559592931937
34.9912499,5.938057307627486,-6.1639517243765845,0.3883955758593636,-1.9981446381399104,-5.781399002340221,16.29244990167694
35.0012499,5.7087707350071835,-6.104159149267357,0.3175717212000658,-0.8098206802413866,-7.444372209908975,20.122346372783756
35.0112499,5.427230085839728,-6.0170798588523455,0.2237838323861241,0.5606485578765495,-9.68971156266421,24.1600479569539
35.0212499,5.152033863002962,-5.889760241597025,0.11892126480008625,1.7072720513772648,-12.153241362277235,28.565638316545748
35.0312499,4.94696014155711,-5.686629521600928,0.0024987830756267445,2.4599447847631715,-14.639292593246578,33.28745599898308
35.0412499,4.813969444469119,-5.4426249756508005,-0.21787049204363135,2.3610749858850455,-16.980418845441772,38.54362445731227
35.0512499,4.725478897451121,-5.175211526669839,-0.5126168566273266,0.8725109038060769,-18.759163674943142,44.156556208169164
35.0612499,4.663087905896832,-4.868044296748135,-0.7041459338788506,-2.647236048290913,-19.737836489836383,49.932777120959415
35.0712499,4.585087782077282,-4.711355790927416,-0.9735797935978961,-7.834187147273112,-19.5436698963984,56.58706726946676
35.0812499,4.454526214174897,-4.773213242974115,-1.2816025194066698,-13.400847640200219,-18.251635612495235,62.87037754098728
35.0912499,4.260346733358544,-4.937789084560185,-1.4719675825311376,-18.71089242851362,-16.44795659971507,68.68434470136722
35.1012499,3.9309090484942093,-5.158196231376449,-1.8161067754864997,-23.596323831905867,-14.56654020244082,75.17317287865747
35.1112499,3.516155275091057,-5.319701496231116,-2.3258322373021874,-27.623352439410017,-12.88855582443489,82.31301137614004
35.121249899999995,3.143415866743387,-5.464616198651906,-2.698807137160357,-31.041428269906966,-11.391323530903671,89.94060842353865
35.1312499,2.808987542657486,-5.686079391309853,-2.980257476921659,-33.848479867307205,-9.71853162737377,97.77307149483148
35.1412499,2.391580915300654,-5.984828812982369,-3.336646203926738,-36.578641069852154,-8.066437072357418,105.75519997698329
35.1512499,1.9740684385909866,-6.225946537777808,-3.7182925432936993,-40.58278131457554,-6.5386063781441,114.01635622765629
35.1612499,1.6667178064033292,-6.232493029247052,-4.261605231904713,-47.419357654943965,-4.650828158741239,121.93571021251766
35.1712499,1.4141380786478772,-6.220641469910564,-4.884322656917489,-57.32646586229105,-2.5707392127040016,128.7904352978339
35.1812499,1.263832448667033,-6.283433642049376,-5.386206455559555,-69.97636880568614,0.30869830952012833,134.6981105854913
35.191249899999995,1.1140872988028596,-6.519744092277522,-5.849843894579906,-84.13037013458195,3.875545606007258,140.09896252319513
35.2012499,0.9211313235858276,-7.05076891349707,-6.258982770185595,-97.87737111183104,7.7058661387642955,145.45814342424237
35.2112499,0.7526670583051357,-7.7817310219239335,-6.608093515854505,-109.69490439356768,12.2152270891912,151.6531285392127
35.2212499,0.5739299341142866,-8.642142786834551,-6.960718464736,-118.89313847931004,16.950520863848833,158.9669065424539
35.2312499,0.580860967262427,-9.511599118873665,-7.308538234490358,-125.08341385755341,21.917914032042646,166.89603216184105
35.2412499,0.7254391675413994,-10.322130337805149,-7.500929038603974,-127.83481714652068,27.137756485180397,174.9348480118913
35.2512499,0.8516321741667204,-11.09217786131637,-7.517782806327603,-127.64225091106098,32.45307839597538,182.97882461226732
35.2612499,1.0754660407135443,-11.878172896973123,-7.528822248902879,-124.9191555275089,37.431269599256204,190.676351487135
35.2712499,1.4228404319855492,-12.724472606658328,-7.607293299893401,-120.98374841424568,41.93338070982646,197.59254108734302
35.2812499,1.9899578919347714,-13.779390182334732,-7.688820999638939,-117.41746947645531,47.57847564332365,204.06540616900605
35.2912499,2.4662001546650245,-14.759603736821788,-7.687708164146061,-116.30645501802213,52.51311178542683,208.02721677875937
35.3012499,2.8249251237216138,-15.531074340759748,-7.6679365152750405,-118.92721229723243,55.23914551305831,208.2342936921964
35.3112499,3.4718374041649054,-16.56008522814556,-7.762427638296538,-123.51971109034281,57.029632012242864,205.5523168197282
35.3212499,4.3780467604194,-17.772906691271896,-7.858791628525766,-129.5114481743477,57.38369384383142,199.9492564595231
35.3312499,5.524939619196333,-18.719105613358614,-7.83982230014749,-137.68969882164805,56.27091027585976,190.5140956355509
35.3412499,6.856245815547496,-19.54246847388876,-7.706389661337428,-146.96245584915454,54.08715726397359,177.16614190737576
35.3512499,8.399625910234755,-20.468718109178944,-7.5084452486599496,-156.49705627715468,52.00342420871604,160.3862292744259
35.3612499,10.16024445504249,-21.493294996331397,-7.186247403793063,-165.62105703236548,50.56446421084944,139.9961309694106
35.371249899999995,11.821245478777668,-22.38728939542376,-6.620748516907656,-173.5284381213358,49.05821919832744,115.4996800756222
35.3812499,13.47673127120863,-23.21117808103619,-5.971026181635204,-177.55334048277868,47.57396432586378,87.2213305465913
35.3912499,15.43478702983212,-23.943226228735483,-5.103014686061502,-177.59735543104537,46.29107299209242,55.7408879661214
35.4012499,17.248133319397763,-24.09665248710889,-3.1953998748502674,-176.01692476171652,42.724350012630886,19.591486244047598
35.4112499,18.680435014001482,-23.653928232778753,0.09812807057100427,-169.1716409123901,30.329962031360505,-23.042325499516526
35.4212499,20.55952261133277,-23.126954848041517,4.33698074624774,-152.60459590966713,1.2503283210610738,-71.70941422147244
35.4312499,23.68213055792686,-22.610121213133883,7.4177457682940195,-125.84114539061582,-44.72097939297736,-125.09712280246714
35.441249899999995,26.78957709214577,-21.483539094291476,8.195449799296549,-102.19983380364097,-99.81966829384528,-181.53632751785503
35.4512499,28.19339287501141,-20.404699551220503,9.637587239273383,-102.63320828883833,-156.08446436265282,-237.60417310189695
35.4612499,28.76061654662199,-20.905497356484183,12.917640366019103,-132.4241689513147,-200.80081899644384,-293.49948394640705
35.4712499,28.49416933026799,-23.153924089956185,16.48516686613175,-184.02157899472218,-227.49449253004855,-347.3008270152399
35.4812499,26.531205749125522,-26.294330293225663,19.032682486871707,-246.44624332813828,-240.0566713348895,-405.2539960314643
35.4912499,22.76762840471639,-28.88961715285651,19.77775064104883,-315.1283355294285,-245.21922679293144,-474.16659254970955
35.5012499,17.60981618338718,-31.16275209654088,18.720407219061613,-361.4078645828466,-244.53143700078817,-503.5299424338912
35.5112499,10.677094667607326,-34.35909420384121,16.238962717597477,-366.8262980601662,-243.0529407753089,-499.44501047714186
35.5212499,1.7432542561973405,-37.349190889051485,13.173124798093355,-337.7746892901655,-252.49468069467247,-500.05944581891805
35.5312499,-8.287180514111206,-37.06829692729764,10.767598122030515,-276.3212215225505,-274.88378504495125,-498.64255218264645
35.5412499,-18.448199281027254,-32.97557844171079,8.011239346238723,-192.6204446503915,-296.20401718094695,-503.94142278911016
35.5512499,-27.05574529780822,-26.09661360137782,3.9839790248326254,-122.05043192492512,-297.44174334509796,-485.84088096007065
35.5612499,-32.54662225379895,-16.502529558032396,1.3264749472297934,-79.36898631826006,-265.1108720023808,-391.80817237901175
35.5712499,-37.02036964398959,-5.518626691758046,-0.4241057851094054,-62.01684528822155,-203.4654825764881,-290.2676830671176
35.5812499,-41.50948080191407,4.516580661108222,-2.4471543735357,-84.65102687478863,-120.06686818465042,-229.3557098053639
35.5912499,-41.36328833107372,10.44481719438286,-4.686387601023348,-116.16333287797745,-28.829269742998584,-197.46943343649988
35.6012499,-37.42345134225257,9.10131802815493,-8.75843280986866,-115.40164527448115,45.98399372502547,-169.83488766666792
35.6112499,-35.75107905044745,3.424471723790579,-11.655929362977835,-74.59145804681178,92.21135186865129,-121.30772936365402
35.621249899999995,-34.49124567397,0.7531937306953639,-10.714905910983768,-15.255674329319618,117.25079008607976,-56.55772840987008
35.6312499,-29.834016156455775,1.1763881167489776,-9.12568272868686,46.046658961371165,129.561185087947,4.610898192400295
35.6412499,-23.83886365537645,1.7472366559443695,-8.59586501526743,96.89395022520289,128.44614651422955,53.75844141653793
35.6512499,-18.114327492048055,1.6975864250641524,-8.19650079804894,131.57648639290855,117.8843047153962,90.27079024400746
35.6612499,-12.789014253631965,1.2095367243320119,-8.143379435822709,145.55435281486504,101.73673463566628,116.28044796132966
35.6712499,-7.952992784586531,0.5272886368435682,-8.369179259687732,136.88968828614284,81.04500494739297,131.36474896564144
35.6812499,-3.3001873896649885,-0.5772666237396046,-8.304484202074319,113.03442172064749,59.818306459052884,134.6516592601857
35.691249899999995,1.0402255973736638,-2.922248892689723,-7.856657944574471,85.26054348682685,41.10913144384889,128.55727454896532
35.7012499,4.778200657089524,-5.926032137880283,-7.751894799141749,55.56087615787308,24.81442702636851,113.99802349818016
35.7112499,7.122193727633916,-7.926279320412988,-8.08649381923696,32.845894538566434,15.129088514567751,95.63741019705658
35.7212499,8.024582342512893,-9.006080292982034,-8.444226396502074,22.33895184133297,12.19770621112384,77.63899105537178
35.7312499,8.303021272799073,-9.548121409302649,-8.835664373275373,19.020217925858077,12.595754023880858,60.3175704148471
35.7412499,8.253440929025363,-9.318391462360262,-9.024593455703302,20.140775136035842,15.528485912592481,45.26260193978544
35.7512499,8.067446713340589,-8.922354589663602,-8.929947180210855,25.871450183342365,19.7908089231283,32.41154172483294
35.7612499,7.714602537528337,-8.741627403345776,-8.715059227865181,37.687192099163795,24.485488120349977,22.26804475918116
35.7712499,7.104712833697052,-8.275515017615815,-8.549832680247748,51.625626126792376,30.06462007560383,16.00105733419784
35.7812499,6.312836629167891,-7.567713584854364,-8.536681036105087,64.8769226411175,36.217233877571005,13.303481725300234
35.7912499,5.4998922334355,-6.88132485674385,-8.624314710245457,77.92385904956612,41.333163439852676,12.20284810888554
35.8012499,4.7584684766264305,-6.133208805373256,-8.848440241910458,88.69218455749198,44.864938707566324,10.783695332049694
35.8112499,4.228966295998855,-5.202243468184427,-9.120042987557431,95.2165574282603,47.927213655296796,8.64301679956909
35.8212499,3.8524624874671205,-4.342525197285782,-9.298961613738344,97.98896516994861,51.20802797162725,5.539157283620204
35.8312499,3.5853866367707488,-3.5035965442408243,-9.216888551321905,94.76580301563524,55.95420251965636,1.5045192253712207
35.8412499,3.311432191550637,-2.936572957829027,-8.846700352522417,86.93724543000438,61.37834314702805,-2.96089404168986
35.8512499,3.028195353225331,-2.723021847454745,-8.461469950013957,76.20527736537872,67.32831572970314,-7.669263904409385
35.8612499,2.8277873376040543,-2.682937536032945,-8.086602016248714,64.5135093375511,74.4827827076835,-11.933397384233867
35.871249899999995,2.774824807164801,-2.9114599823294807,-7.620021139428671,54.649994295282575,83.05642221670492,-15.117093907485955
35.8812499,2.8497099767383856,-3.5018085074742547,-7.159228695663917,48.974317770338146,92.46350162171271,-16.59711782897777
35.8912499,2.857476098346644,-4.18314774666893,-6.733568514033809,47.54475796961352,100.80224119000584,-16.116823035862605
35.9012499,2.8036078339606663,-4.606398127180411,-6.416182445779762,49.11535820152779,108.11933961299205,-14.097581903195316
35.9112499,2.763603680959503,-4.823152438595359,-6.216553124142623,53.87013431759085,116.10119177201231,-11.036079589585363
35.9212499,2.883194663303598,-4.891565398425927,-6.048276712481169,58.57968493596645,124.00149108040691,-8.178708809358264
35.9312499,3.1905227410949135,-4.849427903513665,-5.880192549481418,62.074730795189986,131.10835558962157,-6.181049932906297
35.941249899999995,3.4951208902546944,-4.788939003491772,-5.539779640477735,65.65111994620936,138.18570843221738,-4.762664572522968
35.9512499,3.8085917032129912,-4.788649878902622,-5.050038054343854,69.12910744586277,145.19033690847306,-3.8599518220215248
35.9612499,4.105025768662017,-4.908116616430132,-4.807725640964613,73.00264591432506,151.77117492697434,-2.994364937567396
35.9712499,4.266382365850937,-4.959948589669037,-4.929089394374508,76.52115788072096,157.5709186715996,-1.8996281658715273
35.9812499,4.330968521098746,-4.850622148492279,-5.071388766813204,78.37904194584337,162.12645002423773,-0.6984851693024304
35.9912499,4.43270290308901,-4.8317572826161035,-5.028460906294539,79.47795941629288,165.9548887445928,0.2680321084277945
36.0012499,4.638993550230705,-4.976237927252542,-4.736147619107848,80.66121854534012,169.53823495180626,0.9870707164254576
36.0112499,4.91973010779716,-5.348995371669929,-4.237065131681973,84.74462757647746,172.44016795404988,2.1038998011648076
36.0212499,5.249508381391048,-5.854161937121508,-3.743164865392289,92.31250484146489,174.24812316003334,3.9576162859607145
36.0312499,5.55313213668045,-6.063839478353613,-3.3709174731174287,99.41225367581357,175.79775030913842,6.111648111570577
36.0412499,5.783034283695675,-5.980027035076934,-3.3163883548229296,104.15481921064585,176.35336458562386,7.597063878472058
36.0512499,6.372541152519822,-5.748983726794785,-3.715882055889615,106.63222108704252,174.52810026196443,7.38083448147157
36.0612499,7.300171737254135,-5.300900231981856,-4.027849816286209,106.12803802831968,170.93985569513958,5.161394259609964
36.0712499,7.927764813065531,-4.997880070130731,-4.000167613945398,103.93869787854625,166.95511673467774,2.0511359076941527
36.0812499,8.073233939454266,-5.085641734506121,-3.8324963548859117,100.2920011675862,163.9960153583454,0.2067579715920217
36.0912499,8.10025599286737,-5.2033673131125555,-3.488205262238013,93.62121502664588,163.2868184078343,0.8354308337564404
36.1012499,8.402792812716308,-5.32109414875901,-3.136859017483258,86.68071755485542,164.8464826054484,3.0812274761694836
36.1112499,8.849099653972283,-5.690469693370393,-2.7611997125679872,82.46653715208372,166.36488459311474,6.606123834494189
36.1212499,9.181094110229454,-6.1875547376711895,-2.1750763338033017,81.91919060827746,164.36211774844062,11.742417447437898
36.1312499,9.425909930502003,-6.558856669507783,-2.085083139799255,86.214213251434,157.09913799071745,16.526136415713616
36.1412499,9.506084141255071,-6.619714176769182,-2.594012128124776,93.09239298145256,144.14523089736952,19.357695893965317
36.1512499,9.657694985647089,-6.465999859299034,-3.139994938757867,99.71721361019816,128.40714550234213,20.881746495734923
36.1612499,9.91341483511205,-6.414198471243253,-3.4148200402105044,105.21068478410083,113.40960839618882,22.381205892910145
36.1712499,9.734775812182367,-6.091841868820115,-3.3637205198634277,104.88097404732596,98.554234507617,23.004892906218412
36.1812499,9.493281720032885,-5.635185018273515,-3.1196953860865406,98.24113026702389,85.18373738399463,22.122759484374246
36.1912499,9.54449518702207,-5.366919786972156,-2.8904230808598523,87.09293263881823,73.80702836333654,20.00593718769273
36.2012499,9.516669402299206,-5.2597266797369535,-2.7805683510697667,72.19517249144725,62.93514387658729,17.405935297483694
36.2112499,9.366501419433336,-5.397169042007257,-2.737678594519506,56.51979475654768,52.60297096441927,15.372260589781959
36.2212499,9.1240365421768,-5.651335774190171,-2.7845554667270207,41.26604336259734,41.732817792335275,14.330851586710555
36.2312499,8.892503715106686,-5.8508544115579735,-2.7908871778558755,26.76280852313328,31.255633472691123,13.686504357696458
36.2412499,8.766134369355004,-6.0448679205686755,-2.6825455173782196,14.476737995199827,22.29927991731386,13.072403359663197
36.2512499,8.689019966802343,-6.2057292148750705,-2.4546471889696266,4.639916188528218,15.059058354946814,12.144103667315044
36.2612499,8.630317663293447,-6.2576331526160995,-2.0116196113976375,-3.448576190712457,9.85396905354409,10.280048568620229
36.2712499,8.6225940029692,-6.318248203285983,-1.4908407629537626,-10.10653241996429,7.019193222175948,7.581222232889541
36.2812499,8.632050768211233,-6.443564076032058,-1.064622757957001,-15.5682240091618,6.307266268580531,4.631195741380137
36.2912499,8.606568147450806,-6.687909816277029,-0.7200605234537233,-18.717945461172558,6.784851253250082,2.08318800164996
36.3012499,8.453261274629524,-7.0190993291001655,-0.4674012061562588,-18.408203046254307,7.338955765968189,0.7893707471464138
36.3112499,8.188721912629648,-7.276125525183173,-0.23929014888403913,-15.211205790922628,7.836175574100174,0.8447244309525329
36.3212499,7.843152345491676,-7.371854003432731,0.03875794910096981,-10.210999862205615,8.31027903610672,1.37064211645013
36.3312499,7.459236716139216,-7.354054310885632,0.3607220040017178,-3.321626436683158,8.225063801170714,2.0076730152336735
36.3412499,7.20521201145105,-7.307800604889589,0.5779478690139244,3.6397862210187943,7.621834023474441,2.6516860136403415
36.3512499,6.993042334491495,-7.132025425230618,0.6364583649295213,8.9207582307044,6.750116155908919,3.2136848046436737
36.3612499,6.756117113549537,-6.856448036447664,0.6348102154066648,12.343632425747652,5.34922814331774,3.5406227462014077
36.3712499,6.56153035275944,-6.607889658231869,0.6167454132345657,13.362473525566505,3.5946312577583712,3.625155052540506
36.3812499,6.46627150263419,-6.282116372819256,0.5108663695960057,11.233433621113628,1.9006741709505988,3.4296424020162
36.3912499,6.4637963540834225,-5.961970020981302,0.3455183358365748,6.809687117746649,0.22334059101411077,2.863933738058408
36.4012499,6.402716703272637,-5.910179193724855,0.27734293934928256,1.7040891406171406,-2.120637043964419,2.4310457727912196
36.4112499,6.347958533461885,-6.043179188697259,0.3119022353868907,-3.406172324274727,-4.575966434498004,2.41086593895927
36.4212499,6.4158470323130725,-6.12997132222487,0.32720689895116795,-7.6934413960964205,-6.268197699653152,2.69703582581951
36.4312499,6.476149276154824,-6.1997307447814505,0.3054485153178484,-9.592782935987186,-7.81698188732124,3.1680091868424602
36.4412499,6.523384347186149,-6.233586601968482,0.1842669637579745,-9.303423299026253,-9.84824556340722,4.369595927541751
36.4512499,6.672876149657768,-6.262394022340802,0.01039787434693189,-7.984254912078781,-11.768152198457633,6.3007781039142525
36.4612499,6.957674057921032,-6.319095620019006,-0.04945392709531072,-6.634902029625154,-13.092952764034992,8.61676668209771
36.4712499,7.179991661749357,-6.306852462806102,-0.03252251131707799,-5.37736411943736,-13.70168972547153,10.634169140764612
36.4812499,7.277756227938751,-6.349154283168122,-0.07554427491789785,-3.347382749805613,-13.929834179455995,12.027074687623594
36.4912499,7.48098010369469,-6.5559283575884475,-0.2085582215042689,-0.849686224557588,-13.786579623842712,13.251255831009969
36.5012499,7.659228498982704,-6.781766596612559,-0.35863937170139354,0.9119328711417756,-13.100742727900471,14.111308156938854
36.5112499,7.721382314365783,-6.967257215398334,-0.4469959740632259,2.390290004499264,-12.062257946263385,13.96792129250249
36.5212499,7.79381694894364,-7.176719619800978,-0.4356378176966196,3.9230188336798895,-10.91604551219249,12.959950403093055
36.5312499,7.812619537122466,-7.427733758815599,-0.409188880436732,5.124911385636667,-9.455183064331711,10.991678632438434
36.5412499,7.74320601638702,-7.665071293347179,-0.44722710482768374,5.759380135680209,-7.910052846933701,8.03407137825128
36.5512499,7.716250268924905,-7.793900349596271,-0.5103379132106107,6.235880579471632,-6.98034052832492,4.816623122034733
36.5612499,7.733615525202755,-7.897738455731835,-0.5024527417254756,7.230123650663151,-6.616278085817847,1.3337786409330699
36.5712499,7.69061740420504,-7.974152024685183,-0.40961192284261344,8.693273433973864,-6.51734726510048,-2.1495946713887215
36.5812499,7.593298301876316,-7.991485375224618,-0.3275245923909014,10.15075716182379,-6.580376247023855,-5.180811695858179
36.5912499,7.434702829104583,-7.956244116823763,-0.32851440681515603,11.299129354184178,-6.78267876304384,-7.698028373306554
36.6012499,7.244923647164599,-7.852196127603779,-0.3944144207232594,12.19106442278461,-7.089934910934184,-9.722165557919505
36.6112499,7.09752892877076,-7.71152762918231,-0.419543352771203,12.872258901803669,-7.630754232601615,-11.25712709506371
36.6212499,6.964282851168764,-7.594281736514839,-0.3812651183819362,13.18886150659527,-8.268802038844534,-12.164593279229043
36.6312499,6.7870787021671495,-7.437098827565605,-0.36164596462793885,13.194779959339794,-8.794011516678125,-12.459354658966367
36.6412499,6.641934940858379,-7.2295150419535705,-0.35497827435321033,13.061168773729936,-9.247814625600325,-12.142818687495508
36.6512499,6.492017615256098,-7.049952667375072,-0.33844310558679125,12.801776165577936,-9.843066380626913,-11.221252475870449
36.6612499,6.291535808526096,-6.866701801442474,-0.3617198659123401,12.456714045014188,-10.573144635690307,-9.714382037842622
36.6712499,6.069654972609863,-6.676231857410491,-0.3821441825219016,11.862262875609554,-11.547989488578237,-7.512847979664584
36.6812499,5.810916250010932,-6.551425581970225,-0.36362971187166776,10.702176163366742,-12.413834920616331,-4.730364879461323
36.6912499,5.496700652427072,-6.400952083292626,-0.3834577864715928,9.240201898952158,-13.451208754841447,-1.1818159380679438
36.7012499,5.1377105587038425,-6.206632545535207,-0.4606724927212487,7.673066670272407,-15.048198993746848,2.9049137682684987
36.7112499,4.8329548273575185,-6.023938980493065,-0.5013909311929616,6.150234513870267,-16.684187172788373,7.380980846686019
36.7212499,4.5243245737019615,-5.830415553927108,-0.536364232273469,4.793077305570606,-18.459212465504045,12.562861877528132
36.7312499,4.210501717762133,-5.665159854141429,-0.6022658395779547,4.081009750965367,-20.272907676806632,18.20794994058026
36.7412499,3.9750011562980383,-5.54869909371045,-0.7217196266551998,3.813837172855153,-22.064964523369,25.362219282822014
36.7512499,3.7619541407909884,-5.422335152205644,-0.8531969403130094,3.1181949218179104,-23.399719551552753,34.53978216450752
36.7612499,3.5541439497219276,-5.3408337433499415,-0.9951574101273493,2.450675549165965,-23.766486217345033,43.128650829470445
36.7712499,3.3615087167462296,-5.323495940920101,-1.3230458097455848,1.5394422527980793,-23.603725670116216,51.458897106368525
36.7812499,3.1424251319246292,-5.355228268037617,-1.6815522139665908,-0.42718286685027534,-23.12839011141233,59.895468534443815
36.7912499,2.8711894196468197,-5.435635084580035,-1.9330889435374794,-4.057132915584575,-21.934304723975927,67.96024381967844
36.8012499,2.602586673869794,-5.476547410493662,-2.2453616492701687,-9.699067547207006,-19.666522788790353,75.485515695563
36.8112499,2.3933117691227643,-5.49843314312339,-2.5923488249394784,-16.25203820062236,-17.08990133036899,82.39989886657419
36.8212499,2.268658901317551,-5.587144095501487,-2.842371530921776,-22.94628456891851,-14.207443023297934,89.08401150671949
36.8312499,2.1768477571260902,-5.757160316211767,-3.1743081851525328,-30.20031738712521,-10.67387858440993,95.9165838622874
36.8412499,2.0375353888264005,-5.815577086037624,-3.660321465551935,-39.01500970448535,-6.760692454609479,102.79337952935953
36.8512499,1.9157515319711775,-5.8283538008706435,-4.081020195403196,-49.23786159758005,-2.3866621333754567,109.73212262477608
36.8612499,1.953265880002879,-5.972892861934398,-4.33332701202111,-60.07581686530189,3.164805543168171,116.27312710701997
36.8712499,2.02034586862105,-6.29397491350542,-4.476848552050783,-70.47515282586406,9.774885796061541,122.60472328788973
36.8812499,1.943953787424184,-6.842741954672397,-4.570232140679011,-78.83931022565288,16.499507474286556,129.23347919313156
36.8912499,1.7835866474758864,-7.530705334014863,-4.790014667364025,-83.53051209712135,23.185126100907436,136.25925202949048
36.9012499,1.5678717101799975,-8.22349881262074,-5.134290484319754,-84.19861660686793,29.660770020404538,144.4274700957436
36.9112499,1.4457592605764098,-8.937390046188504,-5.392877605105654,-82.0474951766025,35.775693168231875,154.00605019867388
36.9212499,1.444735571594348,-9.617334769280209,-5.565672472331455,-77.97842518542993,41.37477033366486,164.21858163467493
36.9312499,1.395071314594723,-10.016678304978653,-5.707271684780061,-73.76992904994027,46.20285280174447,174.33892293568016
36.9412499,1.3764771371795719,-10.295076392739812,-5.863323623657783,-70.53753973115626,50.70407059775338,183.64206060352208
36.9512499,1.5604431102248353,-10.69526522710229,-6.263882616887111,-69.5069719491308,55.10815483859411,192.99043202370152
36.9612499,1.8606461633494178,-11.07682784941723,-6.714585131262364,-72.83529263334785,59.115087203784775,201.1770796052887
36.9712499,2.1199519111004954,-11.283519311292876,-6.858138874923137,-81.85675881886003,62.72997296972881,205.76553294139234
36.9812499,2.333292495854699,-11.67758582217408,-6.896202000193108,-94.0917663038234,66.28365150989632,207.45396617479975
36.9912499,2.5578309992889445,-12.504287086132159,-6.897406118873527,-106.71018617501095,69.7940008671948,206.8931050572957
37.0012499,2.8351704204706376,-13.511570824026368,-6.792853411795239,-118.76182485139506,73.43330741846296,204.80853465311358
37.0112499,3.203528127895443,-14.65480720223395,-6.737307984524945,-128.53824471401592,76.21412566781969,202.00983629489613
37.0212499,3.735937863000749,-15.944618232388807,-6.893149055939777,-135.51549107616276,77.42800991287645,198.6442005264151
37.0312499,4.318731977759158,-17.143865904766322,-6.828116062499916,-140.9862855916288,77.24034159499647,194.2777755014522
37.0412499,4.994926602135812,-18.329107053232462,-6.463270477801495,-144.6199577304645,76.15447285872614,188.04781549931786
37.0512499,5.924652691163258,-19.405186162180303,-6.365524674493429,-146.49835827838513,73.69492238744006,179.21307758856744
37.0612499,7.092608459654071,-20.17965294180931,-6.307531445693221,-147.42187022480175,69.81453251808716,166.46336172782222
37.0712499,8.37719716655562,-21.058143514342092,-5.968033773010245,-146.29485615271403,64.65189853666956,149.33222092758925
37.0812499,9.913227622014933,-22.012950217276067,-5.704848276205398,-144.74332002684866,58.55400811750043,127.74265037607022
37.0912499,11.72788195910871,-22.679600983928466,-5.84631145745344,-144.3546645179022,51.11255015673713,100.89036147036754
37.1012499,13.835058907350932,-22.895210669558715,-6.24455478400567,-147.68047461613259,41.52848705870856,68.89688053680815
37.1112499,16.323179204002816,-22.76435619146464,-6.137206713494946,-157.6113281691945,31.324737298997047,31.34562914601485
37.1212499,18.836367094964068,-22.73666970019625,-5.149864294758618,-172.43581276546092,20.968028080984205,-12.111740658336418
37.1312499,21.272997380604874,-23.127812528182705,-3.6499969052320504,-186.4884783211623,9.057298336856066,-62.03641768272667
37.1412499,23.81442830867602,-24.02655624566947,-1.1707159605480169,-193.26803738924252,-5.568834119802601,-116.03064550213364
37.1512499,26.629854034537978,-25.589984040770304,2.9578576759228326,-186.01700870187221,-25.753010288225855,-172.78978527334735
37.1612499,29.27176390225415,-26.915499364700185,8.5146038494245,-167.87614997958443,-55.56144989953893,-242.22458901435155
37.1712499,30.113005356979425,-26.92163660568627,14.02302069144376,-158.20654975393091,-85.72910082739604,-313.2402335619619
37.1812499,29.024074867095553,-27.659489279659883,18.617357177874077,-165.16832069993453,-109.15116063269876,-376.02432826963474
37.1912499,25.53782665794172,-30.74039630175248,22.644188389552923,-184.785201265406,-132.4074081378456,-438.14405747787316
37.2012499,19.613810545032887,-34.436014036703796,25.481531869531473,-206.63719147075577,-156.40223226344384,-488.5479248572762
37.2112499,12.356599013679421,-36.780205406405784,27.06237947332826,-219.47610226694073,-182.22925941183183,-502.00747958413143
37.2212499,4.024789029301973,-37.70906360715405,27.94903029342904,-218.4515718469327,-214.30182242521875,-499.3572548762666
37.2312499,-3.5937870048814626,-37.14509413248103,27.23387268726035,-211.7117867479452,-252.04722687081193,-500.37735347230415
37.2412499,-10.848970414481482,-34.268877365567604,23.62674766459444,-202.70673857595344,-291.1996371269104,-499.04535157883646
37.2512499,-22.771076265993972,-29.694332221199467,17.857695248722557,-173.85634539702252,-329.45340364889086,-501.6479843298822
37.2612499,-36.739311751175066,-23.54444966257883,8.372127071774205,-136.89763191028416,-355.2763538339366,-497.5151879851016
37.2712499,-40.14421594932522,-13.653912030348609,-1.3077402016963118,-98.93122597123052,-346.91277767855405,-442.2711465817333
37.2812499,-35.50441890537563,-2.120516580166967,-4.180958799525798,-57.01130199098728,-308.35814973241577,-369.7394562273695
37.2912499,-34.33947368871244,4.828769018732469,-5.6075571315869475,-31.370492364121397,-243.49016251419826,-303.82400150873997
37.3012499,-33.61287838396515,6.228585917682828,-8.69307398853187,-7.463473431507049,-163.7253115410186,-225.98417233356764
37.3112499,-30.08024135910932,7.16211572068161,-11.869679771482208,30.538037581741598,-86.41805776555903,-151.75627601636683
37.3212499,-26.775361829558683,8.08717807884188,-14.509556101441918,66.74582880205236,-22.422055854305356,-94.61612034121114
37.3312499,-24.712099090136263,7.382629909929607,-14.999985936440796,86.42364559868604,31.382838860991004,-52.485777905097
37.3412499,-23.231817654126765,6.910547674136942,-14.521478450573978,77.602146650452,76.98502709787022,-23.396171047582737
37.3512499,-21.804657838902305,5.948628856697449,-14.450579607745516,46.90637048077551,106.13938678870765,-3.16528952789565
37.3612499,-20.24485904372597,3.572336297564764,-14.439298040737993,10.645083698159356,116.62670125226325,12.110951157701132
37.3712499,-17.26775460365367,-0.221085492089942,-13.704500537818136,-14.992078718628866,111.0710474790982,23.377029616691647
37.3812499,-13.118643111253881,-4.315287513340049,-12.437813933901852,-15.468380660103337,95.88683560136766,31.078989371556908
37.3912499,-9.430004791874712,-6.920975906674431,-11.301049639523345,2.576697180529097,80.28334743316364,37.57382721187275
37.4012499,-5.976063643219738,-8.356943959904816,-10.431054519022819,26.518753143312733,67.87111809733672,45.51035754954928
37.4112499,-2.6835173765689375,-8.759282397570193,-9.953635894612711,49.63384697050654,59.734793427273154,53.13529029188779
37.4212499,0.19656736279332473,-8.38489516868309,-9.691503497978557,67.0220271054522,55.866953748918,58.02690088829392
37.4312499,2.544655152950793,-7.686674623878723,-9.412898670198516,75.94019410415584,55.96233837175206,59.441410240899586
37.4412499,4.238053102728235,-7.160406202881396,-8.899149661820578,78.08316952106446,58.90288126854513,57.50859134722155
37.4512499,5.259586636428937,-7.110665933191703,-7.968275467521942,78.43118583480748,63.21562406157533,53.04976457138413
37.4612499,5.694739446133792,-7.227544697040573,-7.196119170419345,78.67492134945047,68.21481957485501,48.15307656229319
37.4712499,5.6378905691852985,-7.2873202497803256,-7.121906692156388,79.02407777761887,72.60799591411549,43.64892906064185
37.4812499,5.297691645150511,-7.062563261012605,-7.3802755095347194,78.07171522065251,74.42070310848797,39.10009584400978
37.4912499,5.002122187943553,-6.548152085406302,-7.612494483421599,74.02854741840343,73.6365162445519,34.15280777830204
37.5012499,4.891775299991413,-5.919277933656038,-7.870808342295075,66.88321535197518,71.47047498717825,28.545749962716403
37.5112499,4.792093722143296,-5.393315359921305,-8.037916372322806,58.49708473387023,67.85201084535518,22.501642686093696
37.5212499,4.706185250395012,-4.9048444183538535,-7.936971916485162,47.94160657646801,64.73301592676093,16.28658299781801
37.5312499,4.560077872078849,-4.410114664867342,-7.611077862022874,35.50523541185159,64.08228634427896,10.23114754407951
37.5412499,4.284165490768662,-3.981671826912747,-7.196139158833991,22.35382369079218,65.74827539485756,3.7332796003751256
37.5512499,4.0961494112160866,-3.7842536068939023,-6.661485370417553,10.282237432002848,70.60499517467747,-3.211832826024705
37.5612499,3.765947366037262,-4.137387443750622,-6.158586460260892,3.490370044494823,76.59290062907333,-8.427026786447245
37.5712499,3.492774664206578,-4.7625315449621946,-5.901647943839217,2.9824591883548677,81.8549379492576,-10.725568730231064
37.5812499,3.59425338181505,-5.287623159060515,-5.808009442836118,9.03369698992415,87.07722208288827,-9.844199120144728
37.5912499,3.770822305040881,-5.5054331123560445,-5.784734810119773,19.494887694574018,91.29740303464048,-6.872410119666392
37.6012499,3.927473100376276,-5.4345140247115,-5.8714863186538135,30.163932791056595,93.76617113395471,-4.079532140359389
37.6112499,4.144026000167966,-5.114224962017971,-5.971896340712157,39.2706825882171,96.14124851319453,-2.3623186817243393
37.6212499,4.423730751690776,-4.56713365152528,-5.935635129824634,45.41679373710498,99.25009236226943,-2.2493506576084323
37.6312499,4.762528552171615,-4.257913306388478,-5.7018419741886595,48.953648323523346,103.53092202600654,-3.691363593883094
37.6412499,5.063616144639949,-4.14578843649096,-5.299753519249459,49.84561536834854,109.46224371926175,-5.958307542041838
37.6512499,5.215676843981137,-4.185551745048787,-4.955952537687474,50.273452030524496,116.82353769864352,-8.256141436850454
37.6612499,5.330579368881571,-4.645354816230322,-4.79906295115349,53.52888453179054,124.93588155122549,-9.024921418638224
37.6712499,5.45320557769456,-5.152560373873886,-4.681148916592964,60.03894900307501,132.7352890384037,-7.164848218573038
37.6812499,5.469595936872526,-5.362833541522569,-4.441603722905429,67.83804207640922,139.4009628313491,-3.2768164994426066
37.6912499,5.4663869691976705,-5.39850047169541,-4.11405473514431,75.36092425305038,144.52129887106298,0.8279415437859226
37.7012499,5.627936137467864,-5.356715616330468,-3.9481734836635147,82.97552490933847,147.326368905647,3.5285984118789457
37.7112499,5.878334516666055,-5.127429502311017,-3.9342805580515385,88.57577781940827,147.67981502976556,4.597779482690049
37.7212499,6.182290057661708,-4.905471784005365,-3.9000203608694366,92.25320626954576,146.1997590968185,4.584750228223931
37.7312499,6.599149904091583,-4.886957348235518,-3.8050589110360153,94.5064135555337,144.6006917373249,3.9979283166310653
37.7412499,6.844281953184605,-4.643950425889843,-3.7975129202250004,93.36093089532733,143.0747969426286,2.8208542685856584
37.7512499,6.9189457550504425,-4.257507164111911,-3.799536790994922,89.40374903288125,141.6659206142652,0.8373677949672539
37.7612499,6.950397643008468,-4.075333872946922,-3.542597246898004,83.22202301315166,140.82338672538432,-1.803496132898809
37.7712499,7.021739006835674,-4.09423752611092,-3.2044276526151956,75.78058779238198,140.87319390711437,-4.2498106060781895
37.7812499,7.251682554028117,-4.448549375888132,-2.9901801014533347,70.4753873687431,141.18261028370404,-5.50578389452597
37.7912499,7.530370947126611,-5.078032680597456,-2.7991713136492806,70.21933067021394,139.6794136885156,-4.362800491870556
37.8012499,7.833263165471161,-5.560065515186778,-2.618339371446643,75.27521540746613,136.10930441986017,-0.9740142716227176
37.8112499,8.165088147311709,-5.810372544949886,-2.5268906656756336,84.38503435980881,131.87898744488368,3.503545723355429
37.8212499,8.338417727444849,-5.853556502171388,-2.46914281994251,93.87862000467382,127.37761424202002,8.75240678644975
37.8312499,8.449001852216854,-5.512417566946112,-2.590101836765287,99.94848607009236,123.3549259571157,13.867013109886052
37.8412499,8.691624083573087,-5.073587136290867,-2.7718562924642907,102.14788788818193,119.5146610983845,18.02727980892693
37.8512499,8.940084506571253,-4.962181110537191,-2.6666952872714806,100.9530937578736,116.42359432480752,21.554050429859632
37.8612499,8.925075916059209,-5.017250915325749,-2.391331818858908,97.64560845654094,114.71606478385877,24.565586443368538
37.8712499,8.805122210329298,-5.080937534364694,-2.2767641681389366,94.64720808345747,112.2348493930661,26.828492343242402
37.8812499,9.075881805927436,-5.26559833875799,-2.4416337307679594,93.85083021983024,106.37291197689537,28.638846438889225
37.8912499,9.412043375892292,-5.36676069887238,-2.6751464218032135,94.44814715496751,96.90936737216987,29.378442592745703
37.9012499,9.516216288971984,-5.331095301319887,-2.9427657101501112,95.58554072591785,86.9058354322738,28.90864873089337
37.9112499,9.601624718990175,-5.5119407040401445,-3.040751860670277,96.92014866314064,77.06932705146022,28.31944525154682
37.9212499,9.708811775913928,-5.501771878274209,-2.979262267164782,94.33036945947936,67.68690923019025,28.132738542077497
37.9312499,9.801141360885032,-5.237384280541555,-3.0564581664399078,87.1354752040833,59.49972496893944,28.123697570740383
37.9412499,9.815718044681345,-5.0274528813610555,-3.079757108607186,76.87988358273678,52.26272735529182,27.64659809662449
37.9512499,9.910282898905052,-5.068042470631704,-2.7956129557726888,64.34821812980887,46.59312395831922,26.675273812768054
37.9612499,9.824963079932486,-5.318214694617834,-2.4096625335185253,50.30372003570915,42.20118388678563,25.616253665656476
37.9712499,9.453827850957223,-5.74421638547044,-2.0956655805321405,36.91123766488116,38.44065650923786,24.52872781231238
37.9812499,9.000187709004635,-6.2843199629491036,-1.9289874476216007,26.53798075095113,34.38741258608324,23.260425468105634
37.9912499,8.652762019441958,-6.835461082990307,-1.7622862615425612,20.566654482392916,30.275578683855514,21.37275330709084
38.0012499,8.32802521759919,-7.379261551080624,-1.2880741120050068,18.730944754177795,25.878821676273205,18.395981986917405
38.0112499,7.984047979281314,-7.751326494528896,-0.6946949704464298,19.537991365617245,21.33251812238977,15.030602052464387
38.0212499,7.698186225264979,-7.935547048804146,-0.2729944202462537,21.078687556037988,17.840216821554684,12.486553487051038
38.0312499,7.461733463739822,-7.8810126520208055,0.011367710761635768,21.43137016506874,14.973402710855487,10.678394826923489
38.0412499,7.284109470088627,-7.630658417246477,0.25698296963597644,20.708125097152468,12.136616556819488,9.085710796702687
38.0512499,7.192210755418934,-7.259427324623073,0.36113966803094055,18.114045462173994,9.089469362746213,7.474597380516693
38.0612499,7.24736841747518,-6.8183632393660885,0.322965628809617,13.47119645158775,6.3968131137405315,6.157317769732368
38.0712499,7.291219089683979,-6.49796316591868,0.4440488084257961,8.376594666177002,3.914639072203878,5.226311939160879
38.0812499,7.272395378343702,-6.305843311712052,0.7439998668081643,3.5524371459802215,1.791066235539141,4.799030104740781
38.0912499,7.231594878206738,-6.171365299603999,0.9462118860147254,-0.6184432525087126,0.3790135783013667,4.960315646438924
38.1012499,7.115324164918198,-6.0209108386127035,0.9326181507972751,-3.625155760736851,-0.8674738643608297,5.140289106605861
38.1112499,7.048565170313589,-5.858875078222271,0.8158522736622491,-5.5936424782071335,-2.6756623914207527,5.052989597519023
38.1212499,7.098434886120094,-5.79708180708523,0.6613762438434647,-6.7347363327706296,-4.914057533006777,4.8516454682852785
38.1312499,7.144484919615201,-5.791049514453215,0.5031467756811738,-7.922701949067399,-7.05284621399103,4.78474105895479
38.1412499,7.134659831634164,-5.826804334790578,0.4809043649943225,-9.119523065180065,-8.72169199899591,5.079854532222226
38.1512499,7.149566117860211,-5.931703986995642,0.5518007104243018,-10.445468175977014,-9.539171503730376,5.77047018584925
38.1612499,7.198369229594203,-6.085961880794915,0.527229052923654,-11.617978486048349,-9.69163777721011,6.57724126971226
38.1712499,7.201433837450959,-6.283200724023302,0.4426502824154154,-11.665954313742056,-9.689687960812726,7.527156251679813
38.1812499,7.1842138999147185,-6.5338688573703765,0.3869253670080956,-10.932039626432156,-9.417310961012614,8.594979229151805
38.1912499,7.226344124470917,-6.751676732726915,0.3727719731839296,-9.902850846236467,-9.129153728738215,9.740486599704836
38.2012499,7.242255209612318,-6.866970340756119,0.36503013293582476,-8.65607654111875,-8.974048882742565,10.368943209003527
38.2112499,7.117909123440224,-6.9232081312605045,0.28789498355871757,-7.538477204503907,-8.730935413079607,9.75383165642159
38.2212499,6.972056153714887,-7.009050526977293,0.1602090717322612,-6.046579123251135,-8.409309277587418,8.19891908007797
38.2312499,6.951816101370956,-7.195193158634684,0.04885795031101277,-4.029043215837659,-8.358429134081948,6.590416833984157
38.2412499,7.023483097238044,-7.4423553709898895,0.03907328242028562,-1.6262680952279018,-8.729268465775087,5.387874307514752
38.2512499,7.119875942698488,-7.592740700551229,0.12753497396336916,0.9088176062758097,-8.812756540380382,4.946485042967223
38.2612499,7.2497211915205195,-7.532870035171163,0.17751203955241968,3.0732285696348356,-8.34328983851009,4.807037591796226
38.2712499,7.416400523715644,-7.428655302740686,0.1850964566593485,5.199584719874223,-7.8444135243038415,4.769490534685018
38.2812499,7.490743665547429,-7.409439793745104,0.22272412521809876,6.9153738577308665,-7.30960742811895,5.012291462554054
38.2912499,7.402863368043743,-7.3753628342719155,0.23828832887474588,7.711811165901649,-6.918946253824798,5.495865230487782
38.3012499,7.272514642172457,-7.237494752605761,0.08499034577011227,7.405269260618613,-6.7983835322291055,5.518248875328016
38.3112499,7.157399936060332,-7.184250022353458,-0.09401093225536467,6.698364391111426,-7.2846173975432045,5.066232918454622
38.3212499,7.059511225970908,-7.157277228916636,-0.12767886699283684,5.2591660817520545,-8.209680397499358,4.481543611970832
38.3312499,6.999380979253861,-7.044301034395097,-0.1631214366144007,3.0639100227867093,-8.856959402405542,3.5761879550472506
38.3412499,7.011734072079286,-6.989384741076844,-0.21863639766678597,1.178598521916168,-9.408679986925394,2.4698140904495207
38.3512499,7.001682283926293,-6.988805705767725,-0.1812947670120092,-0.5312605725639776,-9.956169665074924,1.4023826576438596
38.3612499,6.851712525576608,-6.959899664782631,-0.09658419099810078,-2.510138617776875,-10.118313997009075,0.9037857726060579
38.3712499,6.661612233204301,-6.941739656962634,-0.07223098800934138,-4.0284967899519595,-10.09551580080865,0.9036211425679525
38.3812499,6.517352219323429,-6.917656439001277,-0.11096312930550067,-5.059081601740189,-10.218210673894296,1.4857636160824612
38.3912499,6.354291063158122,-6.796024536488223,-0.17152779988550182,-6.07031961966674,-10.407691556475045,2.7606776289877364
38.4012499,6.132060045118771,-6.6583457355004505,-0.20935142727465436,-6.744626997408346,-10.636461578663502,4.3899469366924455
38.4112499,5.931850849377331,-6.532629417256617,-0.22182135498421057,-7.213830601581388,-11.060165469471224,6.668204928588847
38.4212499,5.732260755635216,-6.357651851238626,-0.22304329256251293,-7.330366016530016,-11.68896524726409,10.343453734863163
38.4312499,5.4684174121727365,-6.236608891868855,-0.18243449794810565,-6.719252768110328,-12.599247711593714,15.21386612677979
38.4412499,5.226620158341342,-6.139933055303776,-0.3226028244778288,-6.201983795833845,-13.595322399152419,20.181087538453678
38.4512499,5.029218392743099,-5.902087109902263,-0.9285449974727363,-6.997690322894498,-14.65197172446307,25.272702749021956
38.4612499,4.890878299517595,-5.556196582881665,-1.5226904706201572,-10.849228793039183,-15.706683511928691,30.245014741446592
38.4712499,4.834619821215031,-5.207417122152915,-1.7475438165884285,-17.879285997270294,-15.256504116059261,34.66221800023916
38.4812499,4.673181754680912,-5.037950475010344,-1.8375305670832445,-26.429054416395456,-13.644069091438396,38.38207932761886
38.4912499,4.451400535327647,-5.070512755618801,-1.9593513472211939,-35.61700200037212,-11.401806889893978,41.809799962404696
38.5012499,4.201704367121494,-5.184150895141893,-2.1336852962160155,-44.07309715414884,-8.57503348166457,46.04639548907333
38.5112499,3.8428322812402724,-5.493010521990276,-2.3142866000009743,-49.894501005514805,-6.215192949030057,51.879961796170974
38.5212499,3.414000104118173,-5.9258327799192445,-2.4686474481452314,-53.273331529647976,-4.8142868966776105,59.247129241568935
38.5312499,2.938665133377031,-6.156779884347221,-2.682719719556461,-54.525961546696955,-4.83592804445457,67.76870363720624
38.5412499,2.4725422491727476,-6.237094060763524,-3.041350593780233,-53.32147111031245,-6.374664009301597,76.66409768963975
38.5512499,2.204213618773282,-6.294562090859734,-3.4577993428420655,-51.724933848670354,-7.877198735521825,85.37801885363203
38.5612499,2.092988420677201,-6.159570368680219,-3.757200601656534,-52.43552944413929,-8.501167871264881,93.61592067162022
38.5712499,1.9983356701182542,-6.084370538040388,-3.9185337349157296,-54.911910540432096,-7.995091635942693,101.3263667037605
38.5812499,1.920323295836712,-6.180341754313407,-4.090425330782087,-59.430053947491395,-6.052962522136844,109.00893956221773
38.5912499,1.8071565482380925,-6.241973965044684,-4.383499955471,-67.03259988253646,-3.0835260375218847,116.66917087922924
38.6012499,1.6115548212575577,-6.408332014010054,-4.82898203113631,-75.96173777991272,0.27283692807896065,124.47389185271247
38.6112499,1.446025116506325,-6.606418575325082,-5.336757063320192,-84.93837843394371,3.6288434000072507,132.4063002468936
38.6212499,1.3675928508612938,-6.831093955299117,-5.788524130255939,-92.9337565100349,6.702391950225069,140.22308249296714
38.6312499,1.3261990581920697,-7.189960545402664,-6.145044846029687,-100.74369398456196,10.177137150080398,149.30638106742083
38.6412499,1.4277027951270562,-7.318320033286082,-6.50427965942037,-109.83923317282559,14.884756483416275,158.35444921590533
38.6512499,1.6252270824229105,-7.121605643039531,-6.898674984732471,-119.41183757297105,20.07861631224651,164.54965741965523
38.6612499,1.752683998532381,-7.177997764535701,-7.1090321101695055,-128.9193634663975,25.49103124935254,169.13877465826354
38.6712499,1.8518683915381036,-7.691130458632111,-7.218144433310449,-137.32425225807538,31.291566419539244,174.09335691094626
38.6812499,1.8756970760825498,-8.511351319817658,-7.403366146107743,-142.77132872324927,36.846098976720185,180.76553695325654
38.6912499,1.7747561349818186,-9.781759660698379,-7.468916318767107,-143.64162852081049,41.73723814463852,189.62146002906238
38.7012499,1.6966935965124952,-11.252993968241487,-7.370310174459802,-141.5124844339253,46.537769410367716,199.9871275869412
38.7112499,1.6233422345889128,-12.484852331983879,-7.304635967655905,-138.4786277243979,50.67345138233219,209.22294478267358
38.7212499,1.493593330725406,-13.645710104899278,-7.465441408139055,-134.41517207209426,53.395458982934,215.2477544214004
38.7312499,1.5363114809560874,-14.876941956996363,-7.862161750468953,-129.74957643783512,54.66484331922006,217.49864839877034
38.7412499,1.829339915739889,-16.12216983124692,-8.264994191109745,-125.97442915140891,54.126228059767755,215.297075125253
38.7512499,2.3497465452263486,-17.271250106707388,-8.585557018800676,-123.91605565335216,53.2898418760048,209.208678180372
38.7612499,3.019047585409288,-18.469889345036453,-8.701153184257523,-122.41654031371485,52.52792423167824,200.37426155894127
38.7712499,3.940195152625643,-19.74520546381834,-8.506412863353015,-119.94998571317127,51.20646163614299,189.52283138947857
38.7812499,5.006050246062744,-20.724348274665818,-8.274281961036419,-116.0372704002376,48.942323081797255,177.18434541711662
38.7912499,6.126678507823356,-21.46137743136428,-8.237798445177921,-111.54010412535592,45.53432077371117,163.42753036586237
38.8012499,7.508084087368382,-21.9367540333597,-8.336750564241255,-109.77720115531008,41.9143802014713,147.5726694729214
38.8112499,9.022131480923054,-22.081364334926526,-8.418719797893992,-111.44777662278774,37.33887470130606,127.83433154236
38.8212499,10.749876142797525,-22.05263469942911,-8.460822414031998,-116.89181122024642,32.369742597183446,104.02511782316935
38.8312499,12.994095480075858,-21.862580511397052,-8.519227466962436,-127.52457522461363,28.14746120238385,75.39833633001258
38.8412499,15.828650749494726,-21.487942743861183,-8.359867728956953,-147.0630989220394,22.376957018196837,34.3302385561833
38.8512499,18.547797968864433,-21.2596907039745,-7.708031271575907,-172.8488104397609,16.336355080681994,-12.747207595125701
38.8612499,20.728304224596073,-21.458260203720716,-6.40101060402318,-198.78159160460507,10.339284587886008,-60.21282353103369
38.8712499,22.918843797168364,-22.065728419554528,-4.242235708587866,-220.52353966186564,0.19185695624801205,-112.79998204529797
38.8812499,25.799230324507153,-23.347934767339073,-1.1536845974223182,-229.6451152464308,-16.993058264174252,-169.87153267917785
38.8912499,29.12684313931883,-24.9101516667736,2.9162358956026497,-227.26483579530762,-39.85675559300718,-231.41995130422765
38.9012499,31.425336992008436,-25.688044362479832,7.659338639143538,-226.54141730574165,-63.84642610334452,-298.82423254984894
38.9112499,31.431802002252205,-27.12683096060815,12.511041844873036,-231.64986994550358,-84.58623903459814,-368.8325979941265
38.9212499,29.195814226911335,-31.693050725085808,17.195494292941945,-238.1353264418101,-97.82113774513424,-437.33688867003974
38.9312499,24.501019476192205,-37.96654223162187,21.198340788018946,-247.91784192652315,-106.91970616004424,-489.1344108867896
38.9412499,17.18403829678647,-42.44965879714329,23.16465673521201,-252.98585371363203,-121.59531366946686,-502.0057849042653
38.9512499,8.995402729260503,-43.912233832056884,21.95095093019879,-239.92043993019357,-145.99401424453293,-499.358212426109
38.9612499,0.5832730895134624,-44.66405321764904,18.382783271118004,-210.56907481879912,-180.52547369854727,-499.94044889802404
38.9712499,-8.465163880967733,-44.36779989592186,14.148036033744308,-175.99809181521587,-223.31113950554533,-500.5212392869559
38.9812499,-17.33392103380551,-39.709887916798955,10.890945266849194,-130.80559031043535,-269.16027025328196,-499.0740971584187
38.9912499,-26.954129143545323,-31.570301303768225,8.46118835160996,-78.5936336500786,-303.42042557283037,-500.60810181394277
39.0012499,-37.03992250096667,-22.179059106001663,3.951821489992033,-43.40725667507535,-307.28851801237147,-501.5194532043056
39.0112499,-39.94449439223463,-10.517196263908538,-0.615745963801889,-19.17866816877431,-271.7533935406613,-444.44734335073764
39.0212499,-36.889454143387056,2.0259303550166927,-2.243380743661583,-7.261859800620229,-206.2440345516094,-345.25991916454745
39.0312499,-34.70215072918292,9.524515981058679,-3.9809918246878424,-9.741954361890421,-126.68820290120374,-263.9777764575231
39.0412499,-31.79857365573814,11.562240847231527,-6.706178165958053,-7.903601829430825,-45.861438439269456,-194.6020017574888
39.0512499,-29.063345908227642,11.759126586219203,-10.252094051992975,-2.7017502772364943,37.39714863264525,-125.35816350230685
39.0612499,-27.243646699827593,9.40613654674039,-12.512419906899703,8.58486203113939,107.85254488005846,-64.51630876916916
39.0712499,-25.326577077966924,5.715167023404805,-12.206614406332655,24.66829790155705,151.81421930292092,-19.81455848917049
39.0812499,-23.3591114839977,2.6235892016316895,-11.621419654749477,40.86227851439089,181.37149794626026,18.131978869208698
39.0912499,-21.09403828292569,0.525281465541622,-11.30094794604449,56.23035656311344,198.1485373292969,47.70336683479652
39.1012499,-18.363250004971416,-1.4166081404544346,-10.466886919927653,72.58932335283878,199.63886488759158,66.76553861881538
39.1112499,-15.251768099194624,-3.0794265556201554,-9.565091834914321,88.26048399476447,190.0414960663476,78.5279808180915
39.1212499,-11.893048391978637,-4.057182838349171,-9.141444438886623,100.61452329405415,174.55184083775478,85.64675186352208
39.1312499,-8.4138925193013,-4.702020635851864,-8.79829445245994,111.21203455674583,156.4471562779887,88.4053219044575
39.1412499,-4.98047247109429,-4.971790386779874,-8.519344572704656,119.03788773764822,138.92425234503537,88.3260034281017
39.1512499,-1.7114697479793008,-5.246041801311353,-8.260542492539708,122.52381818111651,124.49996106248886,87.466772904546
39.1612499,1.2838309258246163,-5.894492238138626,-7.867599821908276,122.22535463830084,113.50374760105242,86.23992960241321
39.1712499,3.7695173357561718,-6.3002742272165255,-7.608782469324116,116.3641429147637,105.56541976212246,83.49427519162559
39.1812499,5.268415153127711,-6.594471119205752,-7.524986850027826,106.6532047212062,99.39433081577064,77.81536586708204
39.1912499,5.758448208343283,-6.978072206810063,-7.518322106927209,95.60736984374056,94.14437109049479,69.31100657042533
39.2012499,5.751880928730201,-7.194386640338647,-7.543593632414158,83.49086351599465,89.96580707578228,59.45490940467801
39.2112499,5.541410748277977,-7.307709599594256,-7.508360574410711,72.21155499039685,85.39562193537199,48.98126819385401
39.2212499,5.527581017858469,-7.208490010504854,-7.54220507207553,63.019080763276676,80.26417436011774,38.75874385850854
39.2312499,5.725097206909154,-6.996610241571666,-7.508273155488388,56.63498577540401,75.57974844994294,29.347173592650996
39.2412499,5.891907726876582,-6.697269687719986,-7.318414742897605,51.189660279833916,72.13001327378025,21.08987840674771
39.2512499,6.111390161978428,-6.194451063217551,-7.140851514843964,43.62907159652854,70.80951774958508,14.376173218977858
39.2612499,6.312381157093337,-5.523325621558992,-6.734906180023179,32.32264862230567,72.56376773186429,8.236176827339097
39.2712499,6.398777555969102,-5.0580771915650145,-6.122799807023596,21.65163316441934,77.56843286562771,2.701176757049795
39.2812499,6.26277934323867,-4.875700937345186,-5.535529621463404,14.418654804865943,84.00373039973665,-1.6153545614717486
39.2912499,6.037509701799167,-4.990501311597411,-5.245688750334721,11.415507656820411,90.65752980073621,-4.457571915345851
39.3012499,5.852141427892378,-5.418710417753214,-5.340406298369366,14.587398103344375,95.60677796310387,-4.958207564050119
39.3112499,5.7345992128169545,-5.633788049107671,-5.499709351435868,21.478021366978634,97.90698912207647,-3.8453522905303177
39.3212499,5.796825459346821,-5.372156495788868,-5.5617224640004626,28.811946718120097,98.93614223866325,-2.885581938865279
39.3312499,5.880522199430184,-5.125799189902073,-5.407891916285401,37.37954473772527,99.17306385038253,-2.7102597392781553
39.3412499,6.001966049067656,-5.101483716425334,-5.104524107087745,46.78817958969474,99.7992836542836,-3.0552645230099182
39.3512499,6.259035068264326,-5.046903923887491,-4.8601976956290285,54.583012142443295,102.00993589895434,-3.553616561793141
39.3612499,6.488388574632592,-4.9405623598233195,-4.652292198606899,60.9709474820493,105.30348076687302,-4.491997966225695
39.3712499,6.545096194919951,-4.829988202864111,-4.513078145090364,65.50044094061732,109.50478860854504,-5.7669554317501746
39.3812499,6.556980921710459,-4.589112902941799,-4.448500909340116,66.16665450410346,114.35529667623005,-6.893332923488674
39.3912499,6.594314731049472,-4.3134989796165515,-4.395820531682915,64.02598989257662,119.28997864297219,-7.5377573441100925
39.4012499,6.630001878247032,-4.224049767701432,-4.30211874311206,61.50445251095111,123.62893199043323,-7.641873572994637
39.4112499,6.55535343073529,-4.339305980198136,-4.045758292496398,59.548889922422276,127.24727981918696,-6.666018912978351
39.4212499,6.292031157259533,-4.474976263454291,-3.7485157034168,58.242489166775236,129.87718985814175,-4.277075261070317
39.4312499,6.036597230292943,-4.606447450419987,-3.669006928483502,58.15768788904003,130.93977569108085,-1.0512754347570046
39.4412499,6.017886136369802,-4.574934184670514,-3.7902992806712867,58.7878709936099,129.98164999718148,2.2322000447490535
39.4512499,6.1590014819938625,-4.4069849224555835,-3.8708870450113446,59.91111257651427,127.7014602047186,4.9006987155699155
39.4612499,6.276573389184389,-4.2703169924560145,-3.779455399754156,60.547637702779284,125.3682818899509,6.953623136089383
39.4712499,6.396800883658475,-4.181899416173082,-3.5611064851451584,60.167953104822075,123.54827581583439,9.212316126781717
39.4812499,6.600097281006512,-4.1034884392645,-3.2447645341633957,58.40490098944241,123.00311274129093,11.747532028984107
39.4912499,6.937445695718016,-4.061229283704282,-2.918119134991906,55.65738604218826,123.54536640200199,14.078947720264164
39.5012499,7.346799771721613,-4.188485189130351,-2.625689523625717,53.68828709408991,123.8761921431771,16.49483331137742
39.5112499,7.6938483114607275,-4.33535343818374,-2.362042740650644,52.72216271902769,122.75517298890097,19.243142575848644
39.5212499,8.126622266100282,-4.515513131121861,-2.33576577087493,53.36117212250802,120.17618605362182,22.100012159559505
39.5312499,8.517364105934506,-4.5352988572997806,-2.5886554746432973,53.534354658825535,116.06192813040398,24.491682685813675
39.5412499,8.717046438088781,-4.194875822625137,-2.631282685983694,50.605547942823804,111.74129060055529,26.130403652588722
39.5512499,8.895868173548191,-3.860855222603217,-2.4243438868979603,45.30441310906108,109.25093665381962,26.642051809414223
39.5612499,9.07978218246181,-3.734147947891969,-2.2079022299222832,38.04987925263946,108.22490200006094,26.507676356041063
39.5712499,9.154072093222528,-4.209314393927068,-2.083689785192996,34.098363210447,107.32656197880179,28.07088181773367
39.5812499,8.906877759978107,-5.1884021052711615,-2.0523906456284537,36.011093723834044,104.71399084815366,32.58045749049605
39.5912499,8.67390225501547,-5.619577095274409,-1.9962614907218554,38.565705162059885,100.49095682668654,38.37382373544812
39.6012499,8.93463432005719,-5.761424247774775,-1.8456435300887488,44.57950520346212,94.95733545098385,42.67147475893824
39.6112499,9.199194761856264,-5.9419495038918155,-1.7047042793959675,54.482391898745014,87.64858072311685,44.83049369404835
39.6212499,9.17085898399246,-6.058734435439189,-1.6318247063488456,63.438585390653046,78.66294222715094,46.21827288975555
39.6312499,9.149729847336822,-6.149042201451964,-1.6298114829169825,69.8205657969222,68.38513891227963,47.38473791653552
39.6412499,9.272215439232667,-6.073959792688655,-1.7435531216816433,73.00026980362244,57.96884767838789,47.94265164934539
39.6512499,9.482634494170078,-6.145319603416294,-1.8414051915742111,74.01335831351138,48.6380504690341,47.99265226197243
39.6612499,9.44547608440627,-6.103290448208826,-1.855876386831492,70.25340581812904,39.26286672438533,47.57585042795659
39.6712499,9.25605010069431,-5.8571723515776535,-1.7228383534008476,62.58155978766536,31.516461192820472,45.93642027554322
39.6812499,9.001538974728076,-6.049168332118553,-1.456780347639103,53.370380326002504,24.10947429540054,42.27425872821731
39.6912499,8.695688589055885,-6.348946809867392,-1.3293343220672884,42.86307208208826,16.107692501951526,37.4085042740372
39.7012499,8.550651601131243,-6.556701923891952,-1.3524100782189357,33.92603854595802,9.989477952461021,32.58350253970115
39.7112499,8.51210994982555,-6.650415020111889,-1.364113310964978,25.587061340990786,5.354716279907341,27.46339314035049
39.7212499,8.544759350308372,-6.696591246620008,-1.2346315677593804,18.562281427197643,2.1510673119772505,22.22400985928243
39.7312499,8.376273903041001,-6.651605149091886,-1.0971217303686553,11.594381318084793,-0.8893844395922682,17.18625596933508
39.7412499,8.2941860063738,-6.587949681196109,-0.9893337452866559,4.53161773850434,-2.745479043074417,12.704809616354828
39.7512499,8.31280524241699,-6.572641927292488,-0.832895217314601,-1.1521393260954949,-3.2272313936019055,9.07961307062551
39.7612499,8.247583436935095,-6.639783742303184,-0.6669313626218131,-4.6936785246483925,-3.1268927257899852,6.596236181616178
39.7712499,8.185518151228237,-6.743917606826059,-0.5555245335401943,-6.049805662462082,-2.6641559479903605,5.327020980708966
39.7812499,8.24936654013871,-6.933808868818793,-0.41673258303146193,-5.190834291007658,-1.827100557406673,5.558197373991895
39.7912499,8.384847464390129,-7.17060091908233,-0.17914408454437736,-1.9370025098944914,-0.8719366895009428,7.032549306563255
39.8012499,8.312603085122436,-7.258457725636824,0.07054390997837177,2.8335642590619794,-0.013969163820846838,8.72104440982578
39.8112499,8.035232529390441,-7.222619406163199,0.17369641247265466,8.4196221722682,0.6276234491689917,10.026097168916385
39.8212499,7.805583467616854,-7.17962776968568,0.12556527946147913,13.886945874909415,0.6048364492104548,10.551171810432793
39.8312499,7.592822118983916,-7.056936835695975,0.031087273338794876,18.29539812416831,-0.20850935896538775,10.27241976694548
39.8412499,7.381188194072079,-6.963057594170716,-0.06479367886149942,22.144014426834282,-1.8420120591878644,9.465198259684662
39.8512499,7.264261761916699,-6.872121225087886,-0.1856061644089063,23.89944339904464,-4.085372418454137,8.540700432907826
39.8612499,7.226540213470907,-6.650913941100833,-0.2614595445689613,22.425261874341018,-6.316201784738582,7.55292354497977
39.8712499,7.235979011989291,-6.4926881330532975,-0.24808783448791155,18.825105704690618,-8.217600020447998,5.893626211434345
39.8812499,7.26494365830507,-6.54071403469434,-0.17345391867542612,13.766653974782475,-9.83847756233572,4.092673084056198
39.8912499,7.235600908971945,-6.664515142597821,-0.09423769664231935,6.506516537006063,-11.559645017515548,2.3313500260232165
39.9012499,7.17240321984986,-6.8306972206740735,-0.09808321871116296,0.27313718944142895,-13.192829915425385,0.7307454755206326
39.9112499,7.170028047802111,-7.041647793041602,-0.14951042656659444,-2.830806189545102,-14.45811995234706,-0.3270879226651422
39.9212499,7.21852648953847,-7.265703119182517,-0.15784379328027034,-3.8871423172021125,-15.627808982346348,-1.1906499731703515
39.9312499,7.2274422181946685,-7.417562797927877,-0.15133272672283893,-3.660784890379666,-16.310533136006377,-2.0378477031185507
39.9412499,7.1334718986869134,-7.45807445884763,-0.20548273345574616,-2.8669213597428738,-16.602162468333244,-3.0892283314468316
39.9512499,7.0181948119186295,-7.515885884945917,-0.28753105869445217,-1.521756425921937,-16.778518026336364,-4.256956371617295
39.9612499,6.953105288482823,-7.59110712763999,-0.376239338435885,0.4449785928481558,-16.607373407892524,-5.09674125181752
39.9712499,6.904709368094574,-7.588693888217633,-0.46393475418530455,3.1039358128829972,-16.326203416724333,-5.277482557029127
39.9812499,6.87768333908794,-7.532647726745216,-0.4776325231681306,6.51758381069498,-16.1215076222319,-4.6955042945155245
39.9912499,6.860204374811315,-7.481215789911123,-0.41753696282666203,10.631389048410803,-15.663101532913489,-3.225049622565063
40.0012499,6.757832851265668,-7.383836696599,-0.3356020435554218,14.650401844726018,-15.11393818868151,-1.2527612780990445
40.0112499,6.568682967231604,-7.167597527226017,-0.32961575415832084,17.45347800429594,-14.841063496117647,0.8502074652770362
40.0212499,6.326518186000172,-6.942370019880853,-0.3794131385192332,19.347869862188894,-15.16107049749012,3.147739428865337
40.0312499,6.028191696468921,-6.789484466516111,-0.4468442149314943,20.774226236254886,-16.031887352112783,5.580463084278625
40.0412499,5.708151684439824,-6.631041061815251,-0.5502121036153796,20.918980083333633,-17.51992393251776,8.290474431379483
40.0512499,5.407479950065385,-6.42303767683642,-0.6182531451525304,19.33390239689168,-19.251885411637303,11.316386648323776
40.0612499,5.183628804194437,-6.2199716872898305,-0.6393902889066678,16.585934106770473,-20.90593321085605,14.528945370854698
40.0712499,5.017235864480224,-6.101773078610549,-0.7333256164579932,13.464177134477705,-22.39517574243722,18.304351205873438
40.0812499,4.868187339967453,-6.014836805022537,-0.8877031322221733,9.917675006456694,-23.7700856633868,22.54369249960895
40.0912499,4.706258968380397,-5.915020310988266,-0.9453820484807225,6.192212389201538,-25.018264806229165,27.133680064188564
40.1012499,4.522003895069701,-5.859323007270243,-1.06189077719119,2.604889341256525,-25.75143451604382,32.63044202108168
40.1112499,4.3525881618474145,-5.826920811549035,-1.4041327445196088,-0.7173335887457962,-25.794221447290514,37.97300183294834
40.1212499,4.222880808204225,-5.7095889933178485,-1.7388408687447687,-3.996120808977534,-25.27086464537305,42.96147189443644
40.1312499,4.155496749935996,-5.609071230227796,-2.0144118163579052,-7.41440280736574,-23.80266028476683,48.52813987884664
40.1412499,4.051552218381363,-5.529060753990237,-2.3466249331291764,-12.441086430154837,-21.57203858605564,54.28614058514267
40.1512499,3.8930059465631692,-5.365060730077027,-2.644881758779485,-19.87385958384822,-18.873328554595343,59.729110391544644
40.1612499,3.6688502803966037,-5.240474310554975,-2.8657267720662114,-28.825482149007097,-15.656091282327122,64.7245802661571
40.1712499,3.4018894030531044,-5.339517426826046,-3.172389776859618,-38.39372243273545,-12.87907699546676,69.77744112071163
40.1812499,3.208323115197706,-5.55718918329804,-3.543370684505821,-48.94867038018992,-10.469353910036654,75.21399612001417
40.1912499,3.029570828182927,-5.654056525717945,-3.8615520991181995,-60.0465310856656,-7.968651711710703,80.59960112348146
40.2012499,2.7514802658437802,-5.70426661662728,-4.193174316164246,-70.68491951368578,-6.184408487363971,85.80608923047373
40.2112499,2.537094179037444,-5.824084207917358,-4.471850212241348,-80.95467472157877,-4.414256055448553,91.5181138060561
40.2212499,2.4465962953241194,-6.071518418552469,-4.579793267254192,-90.03262544618278,-2.137593221248563,98.21548437819965
40.2312499,2.218678252406884,-6.4078269329583835,-4.70166093766991,-97.13689408787722,-0.17371698797823998,106.24105142035407
40.2412499,1.8944348330529215,-6.725712904917753,-4.993223839613182,-102.40079592564213,1.3555658844541651,115.28032351090376
40.2512499,1.7592999391797361,-7.06582714241201,-5.272998784950908,-105.1319697437763,2.8856840393427667,124.76541291989403
40.2612499,1.726007985500524,-7.494828493406776,-5.445465104566952,-105.46458668162772,4.132932766406483,134.34796243239475
40.2712499,1.6181524192903172,-7.926428024376903,-5.613009172605712,-104.25183453963876,5.0480027023909155,143.9546942288432
40.2812499,1.5248534231048883,-8.362954877943412,-5.7861058646787615,-101.62031097831166,5.909681222308113,153.59361505301578
40.2912499,1.5762174571112824,-8.762492338992043,-5.988594871307161,-98.14277962715343,6.755527277933205,162.8341417718694
40.3012499,1.700540621069345,-9.09465090618485,-6.249645456798249,-94.57330621470508,7.908138158210249,171.53643796181606
40.3112499,1.892542461093322,-9.590850639632523,-6.40247246160606,-91.2159720425757,9.485253986469061,180.65944856550072
40.3212499,2.183176005667613,-10.053250350166264,-6.3833415382265075,-89.36987113393488,11.436790513075955,188.18221935455136
40.3312499,2.4307354529085647,-10.444538274108602,-6.3689174233939285,-88.95121656636466,13.576195413325888,193.2477851199095
40.3412499,2.580044424194666,-10.87517834383305,-6.45086879201573,-90.7773039640389,15.807955271768378,197.1446496529405
40.3512499,2.734414669800519,-11.236507342408366,-6.710924012626991,-95.53760531842259,18.21879203777032,199.5922086172996
40.3612499,2.8836903573877857,-11.536637649092185,-7.014566961749357,-103.42917440766504,19.993455478155052,200.2402634991458
40.3712499,3.010990888868728,-11.962492206137048,-7.052286792037712,-114.40291377987691,21.54952025899774,199.64903053117675
40.3812499,3.207564779877915,-12.716844406103194,-6.9434066101545575,-125.4437534475962,23.347868441533517,198.2730722890559
40.3912499,3.452933525561281,-13.537105506328253,-6.952648423061791,-135.90000965276528,24.423254286539517,195.67026452657402
40.4012499,3.7339479116127205,-14.329272510422193,-7.089585503137175,-144.9620423443354,24.07165560529607,191.7341106153714
40.4112499,4.21684498951956,-15.321571037580844,-7.336472818294759,-150.4762820337436,21.838005419215857,186.74140427246357
40.4212499,5.0165389670341805,-16.24513142502786,-7.581549001702426,-153.46107930771217,18.26486181410623,180.13271017023757
40.4312499,6.0771227859294665,-16.97561756290149,-7.739816324645245,-153.62777770133692,13.87612424156949,170.93099861937208
40.4412499,7.487619768711412,-17.91958372788481,-7.966729519571349,-149.574204539448,8.460714186757707,158.640948507668
40.4512499,9.282989025074263,-18.95778943369184,-8.293525823821808,-142.7747628873672,2.558426619258989,143.17688342365895
40.4612499,11.255302648483626,-19.751074958333884,-8.5487838690748,-136.1679124151871,-3.2109541400835737,123.46340576900138
40.4712499,13.456315380193598,-20.28783530193076,-8.888023843025527,-132.84204980419702,-8.623263948049757,97.74946513036028
40.4812499,15.967975282773788,-20.45807732351446,-9.251824506474401,-137.6909618185448,-12.819518772822699,64.88495553100027
40.4912499,18.422949208254813,-20.444707071735927,-9.015873499244075,-151.27188172343674,-16.769496747208578,23.284644714957153
40.5012499,20.913796010358134,-20.87771097517737,-8.23299479562993,-169.39147775999103,-21.819867010322596,-25.274889674644932
40.5112499,23.77306595277938,-21.803772000840123,-6.89113433185702,-188.8611702733816,-29.155134601708298,-80.43841870376185
40.5212499,26.642492714106787,-23.411957204003834,-4.258261286136448,-203.1621076068374,-41.3490104595989,-151.73625666193607
40.5312499,27.931519769439547,-25.39240937721374,-1.2214724749670063,-205.04960650095038,-54.90773618144992,-223.7841822960587
40.5412499,26.92128514995852,-26.897761972517348,1.0245834835694898,-201.82809347187862,-65.3678218955587,-286.8990878823686
40.5512499,24.725553468321543,-27.74250293721584,2.787264891967408,-207.33504725932798,-74.27676969307018,-348.9614959268
40.5612499,23.116050198452303,-29.131265111916207,4.607117090438274,-221.36745955909112,-78.68820888938299,-405.10301407848004
40.5712499,21.49801666999065,-32.40728080903585,6.944039292402458,-234.432516104904,-75.47865017455449,-453.81839098401
40.5812499,17.809092303750667,-36.37080926447764,9.976826738010832,-243.9203910987207,-70.54549166332981,-490.86130915975053
40.5912499,12.085116835670089,-39.09724844069818,13.115631639531587,-245.22540674130977,-72.16246495924263,-501.39611575336386
40.6012499,4.772268030401874,-40.10172214275817,14.995581115622873,-233.8821012944011,-88.29023449250674,-499.62420379425794
40.6112499,-3.9028121241560654,-38.619418253982154,14.135109128404462,-212.6407076688036,-117.613574608689,-500.2423653307211
40.6212499,-12.592548482349773,-34.6965992496768,11.562334293828279,-184.78014964519718,-153.56998334558068,-499.1200652188826
40.6312499,-20.546351015602177,-30.158863318939293,9.825595077864339,-152.33606421163228,-194.81119251756593,-501.9217693423095
40.6412499,-27.54637492528901,-23.72684498675022,8.194563946797365,-134.95813210062718,-231.22425658590353,-494.3790562209995
40.6512499,-31.848549215078688,-15.442950455709383,5.8219970092429705,-131.00271103897563,-236.5575207343752,-438.4923564214656
40.6612499,-35.195506807303005,-7.1847147856522104,4.7108372236218665,-128.34370967265525,-208.03988722407044,-368.26336298516475
40.6712499,-38.51886139361393,-0.637318968251368,3.067000666505307,-125.57862821772325,-163.17726365373477,-315.5872626023887
40.6812499,-38.2760700762742,3.6728201856720943,-0.8371262714296834,-109.1256335077123,-103.53893877774672,-269.94723217126636
40.6912499,-35.97761049824182,6.399666002153378,-5.097040155104555,-70.76573772530078,-36.96960758942893,-222.32558841334134
40.7012499,-33.76216962920999,7.3824814494092195,-8.009025824696865,-14.178332419988912,19.704693170845477,-162.52990352533465
40.7112499,-30.46531054992838,8.209699202020223,-9.034495613626007,45.08923621893287,64.28069797419245,-91.54684403616264
40.7212499,-25.83029486002993,9.101922017700952,-9.254221323763463,96.72499846024309,98.27396667879711,-18.995494504440753
40.7312499,-20.248641921098248,8.988148836262676,-9.61113357149359,133.62617259077783,121.67382455169951,53.255002754606735
40.7412499,-15.961468886327262,7.638146504335328,-10.04465641828838,147.11560472313442,129.40833118934628,105.7054807227475
40.7512499,-13.249193311638722,5.700376736447291,-10.971615467272477,138.10520601447635,123.35872377271798,131.8420934288829
40.7612499,-10.211273816922372,3.282469374502717,-11.755726352829212,115.19139809958621,111.49517397048551,143.02875686521045
40.7712499,-6.532910271417968,0.451553607311328,-11.70772765946538,88.3579080015467,98.45369314243808,143.44266478424024
40.7812499,-2.4936610472800456,-2.918337030697781,-11.108567896814293,68.2839616152092,87.42832148922605,138.1920752772993
40.7912499,1.3744281450139406,-6.601481232306377,-10.069817349931968,60.56456763153848,78.43574053580951,130.67571259010623
40.8012499,4.51445237889603,-9.413306743303869,-9.105848931912162,64.04628955197525,71.401044385478,120.8179098783251
40.8112499,6.4706793194704755,-10.863626728181888,-8.720428560120673,73.8971119394998,66.48120786706586,108.44726997120306
40.8212499,7.269668146865726,-11.358554059383922,-8.615288370307232,86.91915040953897,63.149349034651934,93.79675461010268
40.8312499,7.497234646015172,-11.145159934110286,-8.408074509313852,100.70950782153741,60.771038767562416,77.17587404989918
40.8412499,7.622532776593285,-10.445833585571748,-8.004593161030197,111.80181535379381,58.835199108142746,59.42770891346534
40.8512499,7.436336109615254,-9.563664109352013,-7.5343057209567705,118.40365905096338,57.11545257336403,42.17437313113056
40.8612499,6.6817457665592475,-8.622362210315893,-7.4673314206602495,120.77545542217406,55.5234778719222,26.797781269386245
40.8712499,5.862426599021487,-7.450874356016091,-7.8349813836472375,117.63951683918589,54.26074524840773,14.17760661597982
40.8812499,5.420292095477027,-6.246132252972959,-8.216034802181303,109.68008944700739,53.807979861942684,4.032804333511892
40.8912499,5.361886043188645,-5.168504245561129,-8.484518708076571,98.04352056338327,54.106075080386645,-4.240236400235602
40.9012499,5.6441486889533445,-4.191584432255228,-8.465703237801348,83.08684223115404,56.47990588627656,-10.158924111118282
40.9112499,5.848963631252457,-3.255326725399931,-8.27312426924061,66.14247084747868,61.302180138108604,-13.791781863048675
40.9212499,5.759373188678314,-2.5136440127019695,-8.122127665657855,49.32075406635846,67.51304198941605,-16.251531746113056
40.9312499,5.647454520133634,-2.3198231972861403,-7.870351062035689,35.00704588973784,75.74553181686514,-17.98822402456617
40.9412499,5.513466503288647,-2.3852395297813387,-7.537571398652923,23.138790899446814,86.9295262081106,-18.597575290107862
40.9512499,5.14510439052894,-2.6967974416857654,-7.224541372304159,16.6977286572087,97.2882794860921,-17.372004508627157
40.9612499,4.614411460236476,-3.37996831025403,-6.901739848430042,16.55645077892563,105.53961006964022,-13.982327973653438
40.9712499,4.157157889612062,-4.108714434511897,-6.753395224608409,21.06579130831688,111.39178750045056,-8.96862546194801
40.9812499,3.9060159311405984,-4.661738304272173,-6.730236305603217,28.609675654200252,114.64141759917929,-3.9570060107167464
40.9912499,3.8290190685023595,-5.075501170749203,-6.648656457951769,37.86939176088273,115.88757555162967,-0.2626054429817684
41.0012499,3.9586215655818227,-5.360812951300128,-6.514639876176102,47.876862485484835,116.41177499875403,1.500374681366275
41.0112499,4.205689120535766,-5.63504322774033,-6.272676053683095,58.379685971392256,116.9966598000439,1.9226587000023005
41.0212499,4.380050933228748,-5.961916701937291,-6.00286333211824,68.86081916453038,117.89268196928214,1.675861904792992
41.0312499,4.505059841561925,-6.3013361417782985,-5.845191046378765,79.37884236253169,119.98459808389482,0.960840433379336
41.0412499,4.546771299037127,-6.482207677089952,-5.649989796397715,87.84342952151192,123.02902570432964,-0.15875371377929906
41.0512499,4.5418827131953465,-6.468349821249403,-5.301856943996491,93.07631048946689,127.05215035157202,-1.921967092895553
41.0612499,4.62554608147945,-6.434737297643164,-5.038840500935755,96.60312777524389,131.8146245415875,-4.106314017590433
41.0712499,4.790590006623221,-6.491712640392609,-4.89736153893111,99.71860758027144,135.42934951817173,-5.627443910418943
41.0812499,4.849817067436212,-6.551221760592233,-4.668763233002983,102.46442591783111,137.2012605029923,-5.728787966033627
41.0912499,4.8165982795987885,-6.513831606636016,-4.389888808270627,104.24338916464743,138.02687146297467,-4.676165981019894
41.1012499,4.923320037924568,-6.313309618057404,-4.335529087010949,104.83688741603835,137.97148821890198,-3.1914873500459566
41.1112499,5.186350466988038,-5.995391918829051,-4.465695357066559,104.02465308453749,136.85182502920975,-1.9915677967622785
41.1212499,5.362358586481791,-5.774572148171614,-4.588534928611095,101.14568237761073,135.54717035284463,-1.2832631906442633
41.1312499,5.401167433768519,-5.477752382599226,-4.632852471012608,94.64845557915422,134.6049092457677,-1.1502273703636756
41.1412499,5.692805385960271,-5.19081567221403,-4.551344863647505,85.09894441317259,134.95298414022255,-1.824994435140772
41.1512499,6.311497796130616,-5.324209702392613,-4.228025281953978,75.63687077330341,138.13552601995755,-2.7576874836407823
41.1612499,6.7101569065276765,-5.647127810860538,-3.682583423722558,69.40815697726524,142.48904926225097,-2.446457401316936
41.1712499,6.877522118265265,-6.1233247699131494,-3.0324480026622895,68.09725883509502,145.360864290645,-0.36784401008306666
41.1812499,7.125547991103984,-6.733348317870972,-2.5766931325600413,72.60207330168049,146.2408480410864,3.074227208103627
41.1912499,7.298337767140385,-6.9542083245132105,-2.4248449099960876,80.51973996224653,144.14583571282853,6.971366047621352
41.2012499,7.473245755013116,-6.950110639141744,-2.3593130020344835,91.35696163211483,138.14854271995858,10.525388496450676
41.2112499,7.7538246752031865,-6.838693469536506,-2.293360387776454,102.73671647420703,129.43800988201528,13.499540903840293
41.2212499,7.82976333397729,-6.291562346313551,-2.2300389693584197,109.22166599516625,119.8286135925724,15.362474113670366
41.2312499,7.794413488263999,-5.508246948260937,-2.301595002156082,109.58928200744391,111.22547041007228,15.735615323824014
41.2412499,7.807134736099737,-4.593875021588707,-2.53147532743543,102.17800059458736,103.7811113273271,14.424379424208608
41.2512499,7.958096767369469,-3.55412992741219,-2.6845137451362957,85.14338316887668,96.8100106518593,11.143912020335236
41.2612499,8.528364263960139,-3.3106863528980424,-2.67235363285717,66.82200460474634,91.10721554959557,7.635869781018368
41.2712499,9.191019166204168,-4.59913847219171,-2.6274475238680313,58.18544075149216,85.10580615265182,7.678908197968981
41.2812499,9.233272341242046,-5.52913269019753,-2.689463177414798,49.913531794469634,74.92900649803738,11.45796349211942
41.2912499,9.18484002228203,-5.423807903714194,-2.6089267033038124,41.86130520144282,62.97850604466408,15.964917694368475
41.3012499,9.561354334364792,-5.59461414663252,-2.3508179729023113,42.14707469539282,52.02554031871467,19.00805459328314
41.3112499,9.827699276190948,-5.668017356707341,-2.2058002674056065,44.016641649010076,40.66363415191734,20.714070270517194
41.3212499,9.957570872946782,-5.657763889405461,-2.0867526261436398,45.540823237934625,29.494839606412743,22.151021288513135
41.3312499,10.029499087785625,-5.902280877925506,-1.9122354085553224,46.86828130535188,19.66896412422271,23.55089163862098
41.3412499,9.937843616037377,-6.050531296010561,-1.7028994806596305,45.29169107499264,11.73454334042049,24.444678018060777
41.3512499,9.700794061605874,-5.919853205485798,-1.4565158402089031,40.119677186646165,6.009550996738438,23.62386166703462
41.3612499,9.476338728352838,-6.015634240374254,-1.1982864521766223,32.85776122867719,2.152086835975033,20.222035788009745
41.3712499,9.20783845178142,-6.127853132238393,-1.007820400742948,23.08226899885583,-0.32653508874056547,15.590727653220668
41.3812499,8.897859125864095,-6.262974746251362,-0.880203921521522,13.266759267105376,-1.5718910822256982,10.998311206491733
41.3912499,8.627034570306936,-6.6135613654704395,-0.7372440517027488,4.638282495289223,-2.593994560020472,6.547891711663535
41.4012499,8.414449009638535,-6.939941008161981,-0.5392333476498851,-3.077439902704016,-2.5413904922978903,2.8226750913923424
41.4112499,8.220255299492347,-7.205197088282361,-0.3114305542393294,-8.332087943093985,-1.6568674500756386,-0.24390487153623552
41.4212499,7.957607497245833,-7.327573550501841,-0.05386666711167545,-10.992857320538137,-1.2328535289460527,-3.091781559387208
41.4312499,7.750903765431171,-7.431633032268002,0.21463397205904483,-10.165998976449796,-1.0108021964765486,-5.560255559166669
41.4412499,7.55083663366461,-7.535241206578205,0.33555286507263443,-6.539977468073626,-0.7977197192992925,-7.424951743978579
41.4512499,7.311330046494177,-7.525169547464095,0.3141571961355507,-1.601078362353368,-1.1420764939837587,-8.29380591509094
41.4612499,7.165644204544411,-7.449282243210327,0.3143591189435957,3.787689941879224,-1.763082271750939,-8.372721887122385
41.4712499,7.141561406451332,-7.322439917322468,0.31918544169097707,8.609384095038449,-2.209763840288662,-7.949684629462971
41.4812499,7.131580541823976,-7.055063724993085,0.25167083565792947,12.072681378025935,-2.6358522175586527,-7.196368901220305
41.4912499,7.071710219469419,-6.712641829165489,0.1809731224581056,13.52689434944639,-3.1819476659141626,-6.475570962465963
41.5012499,7.004240186416526,-6.43229975488687,0.14408638712788926,12.92854970112901,-3.8555900449264002,-6.1763051572028145
41.5112499,6.9713848556256295,-6.276888408349543,0.04410906106366926,10.856641393776037,-4.595350242447068,-6.303876857389687
41.5212499,6.936671823704438,-6.262409915213105,-0.12204759751444641,7.658465481530517,-5.481003508505007,-6.497772247458678
41.5312499,6.86590534468776,-6.2768110401480985,-0.24052796226868087,4.017771572687609,-6.2707960003745695,-6.933604515450724
41.5412499,6.779260073070771,-6.330543364562002,-0.30899406062713397,1.00928081509508,-6.893298766263968,-7.836596168753714
41.5512499,6.75437312529398,-6.455163170144498,-0.3695904168764054,-1.0287293807093751,-7.34199380183281,-8.74043608670693
41.5612499,6.844949548230483,-6.606665750814441,-0.3906713730893982,-2.070444359241876,-7.380926708812478,-9.265358598721638
41.5712499,7.0191517432145805,-6.744707645288495,-0.34649554325133813,-1.5936015197248603,-6.9987232060991245,-9.109926938319768
41.5812499,7.128283526636185,-6.848629903399426,-0.24092387680857835,0.23764133564506942,-6.596136605626637,-8.213309608904705
41.5912499,7.155642619245596,-6.866204260329384,-0.1740024687263687,2.483066665817724,-6.1478728170983015,-6.987753810110652
41.6012499,7.207852538661533,-6.811716502279266,-0.23071580856472138,4.43899988252028,-5.647286146225772,-5.6704279528339105
41.6112499,7.2954473717260635,-6.751297592396064,-0.3092518524128394,5.776750392009373,-5.491691742714748,-4.51302119034287
41.6212499,7.354060501643242,-6.701287370485873,-0.3088427215695539,6.190640130501372,-5.614863842167541,-3.614316511773044
41.6312499,7.3927932054408645,-6.618086185104782,-0.32689866842624393,5.903087440531544,-5.433785259429959,-3.444312213789311
41.6412499,7.4686341640992,-6.5336650377954015,-0.3873530935008119,5.396232565006836,-5.429885024985456,-3.715164002090435
41.6512499,7.562980039784179,-6.555517929132863,-0.40280505385475696,5.192825120578898,-5.541772908653913,-3.9174746063186285
41.6612499,7.656345962756303,-6.6774932360281385,-0.3653774227201708,5.307058925010753,-5.462229431416146,-3.93273064002786
41.6712499,7.676401701354513,-6.761313514678083,-0.3363285965965169,5.718651393771312,-5.715145147121085,-3.866517961937808
41.6812499,7.544925641877472,-6.777976226206854,-0.33551570096158345,6.890163240555723,-6.068526132707405,-3.7395334212093094
41.6912499,7.351717289852714,-6.812230686701273,-0.35321890360446456,8.212755464222909,-6.546038317428124,-3.594935246644386
41.7012499,7.174149775516369,-6.838776738337117,-0.40795790626790335,9.13884076676653,-7.125980066256449,-3.2200557979626585
41.7112499,7.0385694775255585,-6.824326259613322,-0.44283075519709153,9.560005761194926,-7.663746377298385,-2.715732267455401
41.7212499,6.962645682913034,-6.769318404690335,-0.4558436513951516,9.304371901441032,-8.058021893533684,-2.208205529617668
41.7312499,6.934496161852551,-6.660001576142212,-0.519002260832091,7.953094111418028,-8.248175452961798,-1.8958983208692621
41.7412499,6.957623174395705,-6.5547820744074965,-0.5871079394632398,5.781645294541337,-8.170995587835622,-1.6099831111185674
41.7512499,6.947206398901079,-6.442726362771517,-0.6296265018437291,2.8641554913299303,-7.64254676969069,-1.360625550308653
41.7612499,6.8635589553484575,-6.334638239186155,-0.7067241254882373,-0.44566369242413906,-6.851820211267357,-1.1592287335982667
41.7712499,6.77206981769805,-6.217065213894705,-0.806346414026156,-3.428608634492892,-6.063160019082203,-0.871348516199432
41.7812499,6.6820128373188625,-6.166878402288092,-0.8691016818701098,-6.685131781569782,-4.990989219635552,0.10493284063388132
41.7912499,6.665294962950696,-6.212304718571282,-0.8427937650818671,-9.223317626338847,-3.789571287012499,1.7493731182747858
41.8012499,6.68015322441123,-6.236893724578442,-0.7839351893751115,-10.317150244061908,-2.4903470255738256,3.486289841417591
41.8112499,6.695217864530429,-6.2833975886845534,-0.7068876360615495,-10.415504058373205,-1.1269828553856183,5.280350731257611
41.8212499,6.693878648337597,-6.338110084377042,-0.5971664333064324,-9.548901874195316,0.1697848766311271,7.157181318211842
41.8312499,6.63510285499543,-6.419004322340102,-0.515039975143116,-7.3776143285194955,1.4880805060377624,9.31188736669225
41.8412499,6.530137706030362,-6.4768633633336705,-0.4790689372002014,-4.394222136639198,2.3033524712858533,11.771683500205755
41.8512499,6.398309887590911,-6.436665824845043,-0.4853150508565295,-1.6229349986086838,2.674726912566697,14.243582106556891
41.8612499,6.242801446601666,-6.320059631689196,-0.5036741440275456,0.22082278074530046,3.0100169935996783,16.89780687454511
41.8712499,6.055207456808312,-6.102349588057326,-0.5285737214508898,0.7534767227257169,3.2485389524321735,19.76783317724269
41.8812499,5.874408280701995,-5.879455151300672,-0.5709408593384041,0.16740743972041666,3.5461985874437905,22.865386594492378
41.8912499,5.675210817920232,-5.766103061087137,-0.5687478659646437,-1.0674145018734902,3.689805746215455,26.6286492289549
41.9012499,5.454140591417445,-5.676905751225407,-0.539568204184673,-2.403188689378238,3.6600930494706,31.191754970346327
41.9112499,5.213735368936145,-5.588366231403061,-0.5693121577673155,-3.198428136907754,3.2804461493941313,36.19645011846354
41.9212499,4.961257675479399,-5.566485982861196,-0.6573327091230341,-3.3626524229451076,2.537730422922706,41.55924156564746
41.9312499,4.713618196577301,-5.458729915905031,-0.8888547914188498,-3.8149610676028542,1.6449991467754221,47.39702582764101
41.9412499,4.497094574774861,-5.193059425759291,-1.309646416120636,-5.122179470750817,0.6399160592526321,53.26644654728367
41.9512499,4.3402804134033595,-4.898692622948573,-1.6774095626085224,-7.7143999825971505,-0.3212057030020872,59.005332202543926
41.9612499,4.243153128083175,-4.710464399619508,-1.8553919153315848,-11.418830740014851,-0.8994246591002538,65.3221335320751
41.9712499,4.085295793019628,-4.620673183891195,-1.9563889573061646,-15.601176449871156,-0.7257853864214613,72.6511036808324
41.9812499,3.7383152015558183,-4.679765785808388,-2.061089707073117,-19.604675209764117,-0.3421054226173331,80.91040130604834
41.9912499,3.1480244208985613,-4.800756784618327,-2.297926508932319,-24.430695964784835,-0.40970636253355636,92.27572403407395
42.0012499,2.4247612463036474,-4.883369066696208,-2.7276530156665544,-29.72263886820904,-1.4579752600635254,104.96906908128912
42.0112499,1.9002057235932772,-5.0335488134911595,-3.2656938169920777,-34.75953785155774,-2.906804666831175,115.66941046828126
42.0212499,1.658626896954181,-5.139152121631295,-3.754871709852395,-41.46522701047369,-4.197945163255488,125.7189370942515
42.0312499,1.5550546739920872,-5.158081093012464,-4.1224960108438955,-50.53979301891187,-5.024160085353506,134.60383010541713
42.0412499,1.4376822519792136,-5.348258623392256,-4.457584951123012,-61.174836786893586,-4.586068653534959,142.31101588462977
42.0512499,1.2650980051627851,-5.724872061383971,-4.808538388242958,-73.27972408001153,-2.4568702448989295,149.47921886133528
42.0612499,1.0415078639761357,-6.167546202768162,-5.280279249302877,-86.06729801191825,0.9792432017213293,156.42368127468035
42.0712499,0.7265612110560257,-6.782023707443237,-5.803650372919858,-97.4170399700869,4.654104014462465,164.11860193083714
42.0812499,0.4853389040571621,-7.532141384427237,-6.20217833788114,-106.99260194735201,8.872839904674933,173.1276562654793
42.0912499,0.3286341879402003,-8.306364784300643,-6.487707150648706,-115.2184783031325,14.040047854472947,182.69526081518683
42.1012499,0.15261410482957172,-9.164016304457803,-6.640122605836187,-121.70426326059139,19.802848355836932,192.10357571468074
42.1112499,-0.0438287139294325,-10.109805124322817,-6.733640748460005,-125.7859054137029,25.39924787664611,200.6767750452191
42.1212499,-0.3272169907986202,-11.016538729165687,-6.942974878023553,-126.48304275381767,30.61999323773509,208.228439059892
42.1312499,-0.5644924622710925,-11.900042777748757,-7.262166753982084,-124.12937057511049,35.20080459957921,215.4908737893029
42.1412499,-0.6247826687083827,-12.902125179299892,-7.577898325321548,-119.63110235364174,38.46057540350026,222.80733987629446
42.1512499,-0.5373050211201552,-13.639371052751075,-7.78217442006611,-116.95433888617738,41.18360361360697,229.101315535493
42.1612499,-0.4244076413953867,-13.831522417741331,-7.98745792895426,-119.98063188307998,44.87147252747519,233.74591582414837
42.1712499,-0.3108944991680367,-14.038129484296595,-8.262877902240607,-127.95744555135552,48.931312322553296,236.55801762414418
42.1812499,-0.05208094990535621,-14.740941199416982,-8.359643781610835,-137.88844024803785,52.26492896104358,237.5261758427641
42.1912499,0.430957410523045,-15.73603195135978,-8.232973993936495,-148.72732250632598,56.17698586611528,237.42128775148703
42.2012499,0.9030967970206454,-16.838814674976547,-8.31481682787275,-160.22128849097268,59.84771027931709,234.98420577800886
42.2112499,1.4215887681830481,-18.07315316522821,-8.504352909222975,-168.47004970179225,61.56521273382911,229.41354456809228
42.2212499,2.139650410086576,-19.155832229904714,-8.366788903540709,-172.7776586252159,62.15312127904598,222.5615886444389
42.2312499,2.9858027676302616,-19.886745211138265,-8.250117663432952,-178.23330181768466,62.593632207183575,214.84070191700263
42.2412499,4.1472263748929885,-20.589333444827123,-8.25162844273633,-184.6046969981652,63.43264407593817,204.9773885424323
42.2512499,5.505372923605356,-21.671942416967244,-8.035030756851086,-188.0315115760777,63.074484175080926,191.14215289707957
42.2612499,6.964534279010042,-22.74493272248543,-7.98100655828336,-187.82464892040895,60.49823498695669,173.19534704347072
42.2712499,8.7230554204919,-23.480772427257307,-8.256347481060327,-184.21027310809768,56.05267419423526,151.3261913993499
42.2812499,11.094975352717723,-23.812145161478362,-8.375140010441926,-179.32650140610514,50.76830233336709,124.58414787875262
42.2912499,13.86094889285258,-23.747395671929795,-8.027113318202625,-176.05787982797966,45.310690971036536,92.38955928093483
42.3012499,16.491984125578778,-23.764344795955196,-7.289487630679827,-174.689025875124,38.27258893339333,55.19993263028421
42.3112499,19.083909004723257,-23.946208806098415,-6.320984849012993,-176.14333786119929,29.257384091806696,13.329978937832939
42.3212499,21.356459326533844,-24.060962013595738,-4.992404563896791,-179.78592853897462,18.05868168863673,-34.255508049401094
42.3312499,23.021531462511636,-24.352092812402244,-3.2843362232277142,-183.0681068656938,4.3790181664759995,-88.43177012743354
42.3412499,24.466593236642254,-24.880031924387723,-0.9745518541278947,-185.07488508452843,-11.892255817119777,-149.48732921776255
42.3512499,25.916180792392478,-25.803941065948923,2.2681301628152224,-182.5428871159439,-30.697147027656474,-217.75231955173436
42.3612499,27.017293112507147,-27.76480022960055,6.289955077145327,-174.39613611061753,-49.00247506288724,-290.25235803773717
42.3712499,26.189629900936858,-30.679105772565563,11.194448083795693,-166.02616429445754,-64.23528733224079,-362.65339420866457
42.3812499,22.746346860756688,-34.31950610913713,15.844633172663572,-163.22882932985937,-77.25604490027501,-437.69773574336824
42.3912499,18.211892973274654,-39.04442061862538,19.034137444755473,-169.95340203687763,-88.67588269686291,-493.1460961971047
42.4012499,12.678052810927857,-44.50017802707524,21.168244192020886,-179.81501022147222,-101.32723274242868,-502.04057393246455
42.4112499,4.4281493076322285,-48.74365685445197,21.409178341905456,-182.1313250309483,-122.79642330662588,-499.1392603300879
42.4212499,-5.347012652301585,-49.791788222470295,19.06804584307321,-181.00635767754648,-155.11732728557075,-500.150810808501
42.4312499,-14.45907219542085,-48.341430443715296,15.227757806761513,-179.9990098261955,-192.31463376514995,-499.9973016209349
42.4412499,-23.27834332736595,-43.21130926316638,11.172499029511922,-172.75161404165632,-232.12510749359964,-500.42212014675937
42.4512499,-32.71649801589777,-33.146518464600796,7.5798200836442575,-160.07848163954347,-262.73008359777424,-498.6224189173546
42.4612499,-41.628030684324024,-22.56166136715638,1.5182163181399795,-150.85727553006083,-251.15185183455364,-502.27945490426833
42.4712499,-43.42540959216252,-12.592553575681166,-4.328871159032366,-123.64797222524047,-189.24872106340212,-496.36489629525863
42.4812499,-41.26271798643913,0.8521097166745183,-3.851376598465664,-88.1687285265378,-116.09830959497413,-420.2249683179386
42.4912499,-40.356063782412676,12.095581793248028,-3.5601302304214215,-60.59200608559406,-43.35103666276284,-318.08494298721297
42.5012499,-37.748590595194244,15.30289387001852,-7.420049136348521,-19.550284115301697,25.912972896947046,-235.1102199158751
42.5112499,-34.72344854414501,15.068508295537006,-12.313473182220935,21.69843430958225,79.93510036694529,-151.28061977041713
42.5212499,-32.88451212043009,12.580113830155423,-13.371107757153746,49.61212227767112,114.3918212805401,-68.5545377660963
42.5312499,-30.731162495474848,8.98840635361365,-11.402719127931716,55.684968027667665,134.66424627963912,0.1322347570031846
42.5412499,-27.605749427070577,4.9883439056855465,-9.731196869419955,47.8162453931321,141.26039491611886,46.76910718956164
42.5512499,-24.11348732148227,0.01384207206680484,-7.928511277428747,48.022364746145435,132.85461151369645,71.09409218786945
42.5612499,-20.2527851141518,-4.060526562805458,-6.746336925145893,62.68447254900738,113.27617364851693,78.83951743545897
42.5712499,-15.59161759531917,-6.422402957148494,-6.818128703729506,88.2981238297041,86.92885498548287,78.25114201835325
42.5812499,-10.23466667458884,-7.686115250126446,-7.298696904918289,118.97098672764366,58.96836276245551,77.47116519430385
42.5912499,-4.671664526205054,-8.112288084384469,-7.789689594312716,145.95858413421027,36.68207575444199,80.91544726567875
42.6012499,0.2881782851193082,-7.923200311135389,-7.913683881999024,163.75333968745247,22.229642756488197,86.45041366531899
42.6112499,4.1907292338516955,-7.406901431160916,-7.7844903977441735,169.48205710996785,14.41880052325761,88.84902189844186
42.6212499,6.571945545051026,-6.606221515125908,-8.223215782347859,157.15356067143293,12.918623586735825,83.86753233182625
42.6312499,7.145003558676436,-5.776123140240917,-9.191548485535296,129.44053725545584,16.17869120321468,72.95514824626974
42.6412499,7.065026229091484,-5.282288683561673,-9.953545692709099,95.10979282717548,20.998327536611395,59.763940283967294
42.6512499,7.064212440175069,-5.182785097104664,-10.52968755953783,59.911660701217286,25.56348978803613,44.80544313896606
42.6612499,6.892500544606999,-5.207658269874041,-10.974445398366614,28.881075478118415,29.43942803572956,29.227304415243804
42.6712499,6.456155693214594,-5.274000011660299,-10.897340192194259,5.5597410630664905,32.34653729561205,14.5894356658997
42.6812499,5.997959317560611,-5.569122808415531,-10.253771517036505,-7.4967519488374785,35.346364025384936,1.8314839216119552
42.6912499,5.6362009450142185,-5.896773769512474,-9.501127814562519,-10.561215594804207,39.49586009957801,-7.328649290968637
42.7012499,5.391432913617766,-6.109092352826811,-8.898883301841739,-4.693976636944469,45.4019707873578,-11.976551689091623
42.7112499,5.329364275141815,-6.005905413876552,-8.465360799551235,6.875146728725962,52.863077077379195,-12.816648891132624
42.7212499,5.228205015864094,-5.7120302853952465,-7.95312754113285,21.607177778590597,60.96170046883329,-10.819424894899855
42.7312499,4.83097059804384,-5.637416145006302,-7.392912181074532,38.760882420312015,69.01843498390163,-6.748965272787148
42.7412499,4.354163716565151,-5.358547874846123,-7.037160434617053,54.32037793987294,77.45355084126474,-1.5304140175032035
42.7512499,3.973433050225303,-4.905742072461737,-6.920279329459332,67.13102289405305,85.78913593444032,3.832393684942022
42.7612499,3.724970568368273,-4.665009632912988,-7.237916222328662,78.17902878497625,91.78760408147834,8.60859446607336
42.7712499,3.7985334851500205,-4.186164770446965,-7.749976711187611,83.27423480143742,95.53353373371813,12.097262190793547
42.7812499,3.948272729745981,-3.581169425327371,-8.003747857630062,82.87161276438059,98.21289426749898,13.469106484122435
42.7912499,4.088517644655794,-3.2828464557742207,-7.947300765021219,79.6599609066889,100.4648111360935,12.711185422254236
42.8012499,4.45065089362255,-3.342822386294878,-7.63310199021078,74.80734418582658,103.65446735235057,10.582103266785994
42.8112499,4.85578862723197,-3.7305585752613726,-7.15369121007766,70.43141358334118,108.00766071087247,8.550802195154287
42.8212499,5.060419344824689,-4.0972810846686025,-6.609234662209833,66.27187280403155,113.30502628506336,7.640144693280696
42.8312499,5.201229536438833,-4.495262888904004,-5.995953875001,62.69182430356266,121.08386694235277,7.5626173019783485
42.8412499,5.277309877073737,-5.042120694569605,-5.508611501236748,61.986576578861715,129.2648221461653,8.003081623621343
42.8512499,5.161392504448455,-5.528385264432797,-5.297744622495376,63.60202865984129,134.24205172684285,9.345687743180168
42.8612499,5.159771610406121,-5.8774665979439416,-5.254798390731547,65.97033215935515,136.33937508130376,11.700891339358025
42.8712499,5.362834183814163,-6.004245521020017,-5.3384439427614225,68.0064001428574,136.72352246885285,14.400520519112474
42.8812499,5.48888285371828,-5.791889088137051,-5.432371124535811,67.44853081549171,136.35791483837713,16.602926103277902
42.8912499,5.492374917392758,-5.505204278234213,-5.488231241880572,64.17110204488024,136.08866724942084,17.38168492207774
42.9012499,5.559317473772144,-5.249176585151675,-5.489598372252036,58.238346963993415,136.1925966599488,16.60618027805526
42.9112499,5.714142620803717,-5.004335879591036,-5.326656305779601,49.384566410511724,137.20839260291046,14.548391093325204
42.9212499,5.811541566879049,-4.975487347849647,-4.950838916118997,39.88945568113095,139.45703191252588,11.829127782069099
42.9312499,5.965893773737153,-5.240445693227662,-4.486878056434802,31.945063589137796,142.71161009023828,9.643984282416774
42.9412499,6.248691331052017,-5.610157257190641,-4.043604286226053,26.996525467311653,146.21323658660816,9.359104238059464
42.9512499,6.491441722477516,-5.96271619670567,-3.597535590211317,26.81202456686709,148.9230993623798,11.125498535802725
42.9612499,6.670230422790651,-6.192382145851663,-3.1640631196504923,31.156068534879694,149.2997611373332,14.778348835016695
42.9712499,6.842535310957272,-6.177274051863209,-2.9011158465398097,38.601151161654585,146.58169827817795,19.713085454183812
42.9812499,7.064601769125615,-6.020774132951366,-2.8960992882832155,48.33779486487168,141.9068653204137,25.082323575739917
42.9912499,7.2436926666420876,-5.888964341687058,-2.9227070317787054,58.768754892081624,136.5746287063834,30.359707810334363
43.0012499,7.310107106631803,-5.676067406213606,-2.889836975064791,66.84439812193585,131.28292167125662,35.09862256814291
43.0112499,7.3957687559181595,-5.248997430572111,-3.0426203547461617,70.23411830485406,127.14987762323982,38.77749299066588
43.0212499,7.438123255270652,-4.660465436695684,-3.252134389247369,67.59295812497425,124.61485363568669,40.917691104647616
43.0312499,7.561296976174308,-4.296323710211454,-3.21980846445222,60.12389955130299,122.96399409049445,41.760921748432494
43.0412499,7.950975304429361,-4.301824152817247,-3.0650944764638246,48.64906420263329,121.76038209819797,41.89221230734558
43.0512499,8.170250538744128,-4.647323575779605,-3.0089129435441686,37.27197558116467,120.18010326035453,42.33616872277824
43.0612499,8.056332847648312,-5.380081761848724,-2.964612748989792,29.230785263966773,117.7996054020072,43.796132614749816
43.0712499,7.9856472624242985,-6.143330648774649,-2.941275886101935,23.143996223709305,114.35904537841952,46.27546362977588
43.0812499,8.118375561321052,-6.6823539465789,-3.0453203971098066,19.23084015381899,108.89846574581527,48.343169468615834
43.0912499,8.334282873472281,-6.937628078949216,-3.157439816260956,17.261649963051106,101.25346698956552,48.58517843392235
43.1012499,8.465963170485807,-6.9324028772885935,-3.2376822479399796,16.364468148292765,92.41167170272834,46.54098525608427
43.1112499,8.474786803672641,-6.828373945934705,-3.318483836101808,16.008317894319607,83.23013849708366,42.76225572220354
43.1212499,8.370287668442664,-6.833825506544631,-3.306582517926625,15.92554334485755,74.08181869997729,38.41578732460113
43.1312499,8.139265207169023,-7.043049624054169,-3.175040852268558,15.83934302947826,65.10692048848206,34.240460210120574
43.1412499,7.868752388746955,-7.074573456552022,-3.146144403281298,13.74513033824082,56.781061866507564,30.742745031400357
43.1512499,7.607344543530929,-7.067259967153141,-3.237971630291937,10.474364473540192,48.84312936559077,27.47530650684674
43.1612499,7.4232440556921775,-7.239443536480037,-3.220770337773843,5.86075561478457,41.091519791547654,24.42821833254481
43.1712499,7.355605768528991,-7.395379734981053,-3.0666483031948757,-0.142179821080971,34.269893044413,21.54300847255695
43.1812499,7.429914684387977,-7.594231033320685,-2.860797619986496,-4.941100240509044,28.132457098244576,18.468488140414166
43.1912499,7.55815294975293,-7.805364366181279,-2.6095108225284496,-7.506410561787472,21.773843036843562,15.373459477731664
43.2012499,7.5184261500459915,-7.9225511582554855,-2.282017269348917,-8.547180576330339,15.885468931516728,12.418903190439389
43.2112499,7.332365427932578,-7.986704965495151,-1.9762005271180556,-8.742066170073832,10.73501148406968,9.605139823053092
43.2212499,7.117616535184814,-8.012409474985265,-1.7511383859301566,-8.079068868300741,5.916571011061204,7.321939237120671
43.2312499,7.005058261160152,-8.042215156662069,-1.5484365262459594,-6.355431020504553,1.6628482455749938,5.617525715630902
43.2412499,7.0208823657140265,-8.128078196984145,-1.26649416114974,-3.0911974204366426,-1.9507052618847964,4.58055428809786
43.2512499,6.999336589552483,-8.176291615895472,-0.909597222000904,2.912139926084055,-5.301725326053475,4.097859111547636
43.2612499,6.95936929705442,-8.145201991982168,-0.6909277625466911,9.717346231765418,-7.933782177507117,3.8705470912346036
43.2712499,6.9787537202696885,-8.00615378181233,-0.6545554056180162,15.295441328173753,-9.893060433803138,3.679054877572293
43.2812499,6.975861109505513,-7.768387293458586,-0.6594231075930671,20.01434177273616,-11.708021562877624,2.8163988845752983
43.2912499,6.913508503496105,-7.520498917059889,-0.663159372947295,23.641352623880092,-13.735790851837288,1.1593057279244197
43.3012499,6.860767719467631,-7.258519673216427,-0.6589587280917774,25.867028319338093,-15.619500312116816,-1.0223196968976151
43.3112499,6.864737704847211,-7.08930630081706,-0.5850683433439066,27.404469480079424,-17.049797581590035,-3.511402238467631
43.3212499,6.812160697589374,-7.037321505014896,-0.47171109420423474,28.50859700303739,-18.52756178354034,-5.701858581842399
43.3312499,6.661344541639001,-7.02036446790083,-0.46904448930286263,28.798993003201044,-19.87763795295254,-7.422470193864504
43.3412499,6.591180692626461,-6.95276126498795,-0.7077787897686909,27.930328699500322,-20.93893153946119,-9.078527392452132
43.3512499,6.61770930638441,-6.750637700731616,-0.9915768401197953,25.307589963712726,-21.89789971860436,-11.072779043631002
43.3612499,6.589451913937006,-6.630987418705674,-1.1210212861316224,21.661401064637513,-22.882646686566833,-13.7152264230357
43.3712499,6.48992222333992,-6.6369389214578804,-1.1951228026330565,17.656792186864482,-23.327548406074342,-16.674002972593573
43.3812499,6.415702733265475,-6.729685445552221,-1.2912915445038387,14.089262332036212,-23.334388911111187,-19.502945779744525
43.3912499,6.457099738202384,-7.042280071093452,-1.315040311147987,12.734904147644345,-23.189732634818434,-21.568515393989188
43.4012499,6.4884519533377345,-7.3570395622258316,-1.3071174725876546,13.810037869717725,-22.73663805263898,-22.376121620610313
43.4112499,6.379174300287248,-7.490433752750436,-1.339080483171512,16.929568806386794,-22.371780730175633,-21.98911456578821
43.4212499,6.24132585867888,-7.515296535144293,-1.3985957020535447,21.767787297316385,-22.159435130414057,-20.735924893795644
43.4312499,6.1235479163136795,-7.317317662748618,-1.5654563897847904,26.67403271482956,-22.14238672738522,-18.933512709426765
43.4412499,6.039680103967806,-6.923023129598913,-1.846792170186099,30.52769845986118,-22.322531953390165,-17.140550961140363
43.4512499,6.076669631756927,-6.5703123281095595,-2.0489891597961396,32.88892266240539,-22.420697352991546,-15.676602463044679
43.4612499,6.241214774678139,-6.252227700220404,-2.1560311109199133,32.78722462056834,-21.93215563863876,-13.890680772367338
43.4712499,6.390424677300412,-5.979878539884786,-2.202934599388418,30.79060637443566,-20.983532959869052,-12.022268749005883
43.4812499,6.537383438565554,-5.858119066448999,-2.1297537479720923,27.82517602832499,-19.64872648528579,-10.226159128393633
43.4912499,6.628179678887076,-5.8419950967445,-2.0274424391416357,23.524361666916022,-17.66014298644372,-8.254963857403165
43.5012499,6.621327482965924,-5.904960589312974,-2.0026461158094375,18.984789834916473,-15.43348942192153,-6.016864163084447
43.5112499,6.626360605993384,-6.124704907661473,-2.0009909679111946,15.615682470685144,-13.308725547354609,-3.7166295570296075
43.5212499,6.598311655081543,-6.379757313280946,-1.9663343896489531,13.656709549948136,-11.372829566263718,-1.388494782868065
43.5312499,6.50029142872014,-6.5794022057535795,-1.8887875570592967,13.404553971852037,-9.735452690058535,0.7332263046821974
43.5412499,6.462570528206084,-6.791705249075828,-1.768751379945234,14.129644302176583,-8.138516793712299,2.6294954033660307
43.5512499,6.442520516620618,-6.938040550285727,-1.6570788622656905,15.01125085820305,-6.2852272233192625,4.661129564627805
43.5612499,6.307839641560307,-6.994822132460123,-1.6011584242029928,15.605433047015557,-4.5717091276468835,6.594634397116274
43.5712499,6.124113704204012,-7.021476957140368,-1.5635571615149235,15.24793863835516,-2.931149425652575,8.437800711775987
43.5812499,6.024143311233592,-7.029441765253064,-1.54979038299591,14.002872185349238,-1.5997953671156666,10.43176557922842
43.5912499,5.962493837597025,-7.098808600440567,-1.5377562306189863,12.699019843633653,-0.8113546854722375,12.232402564463285
43.6012499,5.85418101661386,-7.180212088703029,-1.5332619845312385,10.932201342549638,0.08910837801567234,13.611409447156861
43.6112499,5.715784994484954,-7.15877393160638,-1.5795140554577385,8.253398499994956,1.232498110532987,14.525569624963943
43.6212499,5.651238176517267,-7.135910367316779,-1.6245140226050587,4.898660180583134,2.4672366180491907,15.047968172970103
43.6312499,5.64198314344232,-7.235900878826097,-1.601206518593749,1.6186092627621886,3.864664669964225,15.505157691734386
43.6412499,5.620861283558405,-7.3807406671645746,-1.551731411954006,-1.115949234328669,5.646507446093728,16.033702810954505
43.6512499,5.680482041955376,-7.489206633280004,-1.4937546753989155,-3.0730293000008984,7.479004557161459,16.986206859760117
43.6612499,5.828424682788268,-7.608046839026847,-1.36418425679633,-3.6638840890955513,9.186456291084292,18.282414055053575
43.6712499,5.9293826927549205,-7.674435411533502,-1.146087295302564,-2.905787473131996,11.026825208006471,20.021408966267693
43.6812499,5.905856362787514,-7.612778255737803,-1.0719090967489115,-1.722253245627615,12.766897415211224,21.81723345825585
43.6912499,5.86855044439071,-7.482687910627005,-1.1822993889697675,-0.9829448325978621,13.754037004987271,23.342230501541394
43.7012499,5.906926672966153,-7.378060710360371,-1.2401077108381442,-1.0457884853775778,14.362346816626989,24.72034663588085
43.7112499,5.979101097535662,-7.313361385215431,-1.2076387336869283,-2.119096515078414,14.885694901599045,25.934343024916014
43.7212499,6.158046506630016,-7.3060768603217845,-1.1587534853959367,-3.9845169424374873,15.349039179965443,26.821010258432782
43.7312499,6.427938068387458,-7.407188018645258,-1.0848963459011585,-6.222549884773141,15.895124348754429,27.50250103010036
43.7412499,6.601119411094939,-7.525397804568681,-0.983832789953468,-8.455421101845863,16.598704107328786,27.887243141793096
43.7512499,6.601695019314115,-7.566970950148465,-0.9178052387223203,-10.702450756127496,17.442947571797298,27.53407043412737
43.7612499,6.5114601595544706,-7.620619669930886,-0.9278707652040842,-12.63892666712715,18.02501634561393,26.507624375200184
43.7712499,6.427998097120153,-7.726255917398846,-0.9935933417565174,-13.562661264077667,18.020587387569073,25.244624150687432
43.7812499,6.378621176425099,-7.840719155820183,-1.0735815524806382,-13.04207106081646,17.494360091468298,24.04531480308727
43.7912499,6.4036178318501555,-7.876431276424043,-1.0890723958204964,-11.665173829791133,16.967704964732885,22.776042530355237
43.8012499,6.582140297333745,-7.858681607859274,-0.9874626543233195,-9.319112660152362,16.576495531002138,21.408542185853904
43.8112499,6.878710820697738,-7.912689666255974,-0.771143737310748,-6.129232297192113,16.327140296632194,20.151440430385314
43.8212499,7.100952831286356,-7.893673925614757,-0.5601877942703852,-3.3016071245172665,16.51132278499585,19.09047926496548
43.8312499,7.1062077712106655,-7.757532411374362,-0.48326376867983,-0.9727136846683175,16.875092244313628,18.07082213945792
43.8412499,6.986877418966194,-7.646525219039077,-0.5295671540537843,0.9849933534326353,17.01126821961605,16.980268102271584
43.8512499,6.821007554607147,-7.5318685020707,-0.6062658025261273,2.025235236587084,16.45848063133039,15.876342753228112
43.8612499,6.638188739666587,-7.384890865125396,-0.6130380434170571,2.067531362883079,15.397943934568483,14.64281378907506
43.8712499,6.477680063013916,-7.264746581977705,-0.5864741959180688,1.793635779765482,14.360688936211176,13.409256482955723
43.8812499,6.293391733266801,-7.1837957170359585,-0.6136967810751208,1.243402089596519,13.151115294461517,12.24295471412625
43.8912499,6.115739026753752,-7.12969519332697,-0.6561698661959303,0.12645378252518996,12.17326475685429,11.516361863846031
43.9012499,5.955873037070078,-7.068043491580251,-0.6553300014372353,-1.1925998007403944,11.497177802316802,11.578319163827937
43.9112499,5.783778688742745,-6.9855443221091855,-0.6470680394643242,-2.005510139581028,10.608087434885448,12.101896729533573
43.9212499,5.612281033872976,-6.8935315294163,-0.6394115894019523,-2.3301747153266907,9.610995877787856,13.385166303654357
43.9312499,5.377818078984878,-6.810787064342786,-0.6759278021424284,-1.9512324730102126,8.369717447413075,15.768590990489475
43.9412499,5.053070293796833,-6.734167490863942,-0.8673566290024285,-1.11525441807516,6.910070732017087,18.98462526306912
43.9512499,4.694460209801448,-6.621934249574234,-1.1698294973227,-0.8041802469676252,5.420034773979304,23.122726930853617
43.9612499,4.39707350888419,-6.4858337376981625,-1.4105097421893718,-1.3143449763709867,3.9526913969547586,27.856040757727584
43.9712499,4.140756208250162,-6.294275657070593,-1.6131561003985242,-3.2350039193798876,2.778904355823251,32.66417407170458
43.9812499,3.849791352773952,-6.180130846151321,-1.8762542377510751,-5.829496385023265,2.0533309419409123,37.44894033409599
43.9912499,3.5406863695292357,-6.2529059357504915,-2.127879096553127,-8.033389914339711,1.3960587657573198,42.75855346605186
44.0012499,3.21304036193414,-6.403406833155314,-2.350608568809738,-9.650427952028485,0.7371863942136356,48.84055587466494
44.0112499,2.726407560582164,-6.45488722229441,-2.77173120544839,-10.789800305181213,-0.48658442556472764,56.018309643880826
44.0212499,2.289327960256588,-6.341100501098809,-3.3419830753354187,-12.801923653525808,-1.729307301633489,64.55151107701052
44.0312499,2.1756896323719226,-6.150421809429566,-3.7478817202350583,-16.253963657098584,-2.6099766986205517,73.99774079426396
44.0412499,2.129226971469518,-5.945890606231679,-4.023806235299395,-21.693792565393018,-3.265010628852824,83.8013935621219
44.0512499,1.9347320309925502,-5.862758190964119,-4.294626545508141,-29.509043446263895,-3.202253433216235,93.74884056182752
44.0612499,1.7046621232776296,-5.854463897506898,-4.616890574839557,-40.12422258793954,-1.8056244979781944,103.36234461067134
44.0712499,1.4450576044036867,-5.840380454464292,-4.944847423986918,-53.17796332227025,0.43298841131229604,111.92902957569255
44.0812499,1.0791235868761855,-6.075292575376544,-5.208839315431401,-67.00371805045097,3.0954373118980767,119.98890291282156
44.0912499,0.7112016601617307,-6.704679605345672,-5.583382331328457,-81.41856493926049,6.685921766547951,129.72486202235035
44.1012499,0.4515562022158277,-7.437809389417407,-5.8774470290191765,-92.76569039081086,9.899759223205606,139.8930972100154
44.1112499,0.21661079830183386,-8.115610406918558,-6.032899537531068,-99.17360425958499,12.21019648561865,149.83351540512342
44.1212499,0.05693998684425834,-8.871047311492571,-6.227971463904697,-102.98758957788617,14.43410669009063,160.76435475887925
44.1312499,0.16389724310169962,-9.577726271680119,-6.559262496942018,-105.5192273090014,16.685512277458727,171.5885088202094
44.1412499,0.4275428628885834,-10.034277792860236,-6.902807195409845,-108.22149260633198,18.763312299277896,180.90121085574785
44.1512499,0.7703255030639271,-10.461834788195578,-7.059248335437313,-111.14952837811161,21.085586615338247,188.72221708667493
44.1612499,1.1958983031912556,-11.127870404542948,-7.235052365198157,-114.52781534921085,24.42049238827774,195.54153147764836
44.1712499,1.6414542083806158,-11.789580490495485,-7.521836332053633,-120.3854311064454,28.545858029066476,201.4533700784697
44.1812499,2.0465152673282954,-12.401423331007047,-7.75080564533764,-129.07123248458606,33.09997967783824,206.26609042958427
44.1912499,2.4548772097729876,-13.058346075533786,-8.008775668054918,-140.83540459318158,37.886449491747136,209.49610702297537
44.2012499,2.84734205569133,-13.654649527171376,-8.34800831255448,-155.76022441309595,41.951618522928136,210.45187463560043
44.2112499,3.3518485736719166,-14.317361303046148,-8.599952003534485,-171.3474749974199,45.64967977686718,208.87998396827362
44.2212499,3.9807553918233065,-15.320379549354135,-8.732448790055676,-185.19392905741242,48.757791039122225,205.49548284795307
44.2312499,4.703287577929676,-16.552340755327737,-8.811345944261236,-196.94897236933463,50.19650892300091,199.9094518770828
44.2412499,5.697499049182162,-17.7660196717075,-8.71456864737398,-205.12933595982085,51.03837655012484,190.93973003168384
44.2512499,6.917414881762657,-18.88854790005806,-8.525247352521415,-208.88159163153145,51.89733885030791,178.55604710361476
44.2612499,8.191630940677726,-20.06890586544852,-8.359171024689793,-208.43256490377829,51.79507159125192,162.5828952102534
44.2712499,9.64002607160712,-21.488642958792884,-8.17068787040262,-204.75567671650631,50.814294538412135,141.68483448480245
44.2812499,11.288572445002515,-22.96706549672252,-8.096881319876177,-198.54357992868614,49.22730134706837,116.01870784416894
44.2912499,13.023248661207418,-24.109043087366064,-7.955653103861665,-189.59784931981193,46.64778228013253,84.86812209061529
44.3012499,15.317882057760839,-24.94195730279021,-7.2195132663679225,-178.48656528142092,43.87203855606025,41.29193906713399
44.3112499,17.470099813951748,-25.415428754938404,-5.905631608991797,-168.46068910416486,41.00080253062226,-7.674563131034899
44.3212499,18.574824311597297,-25.344668229558543,-4.279741029718311,-159.46147097108425,36.49580436042342,-56.87121320240778
44.3312499,19.655908731356494,-25.371115582711838,-2.3025359160480834,-149.51009206582842,29.343562674644,-109.47403518396752
44.3412499,21.245492921218553,-25.67733260835408,0.3475116390505417,-143.64113039100005,19.141181420636144,-162.4397178399101
44.3512499,22.55786969697264,-25.508816941941355,3.3014062118178695,-147.6689868599254,3.2996482774991445,-215.60318868358493
44.3612499,24.115420186916545,-25.731934045042863,6.929275064829988,-162.12254113817255,-17.46219563248182,-271.4442252988534
44.3712499,25.63075898520018,-27.784074908446552,12.236630447303567,-185.10868739820867,-40.33200285879266,-328.99893811488164
44.3812499,24.564027035829486,-31.999823869714643,16.57755955313995,-209.24559952402376,-63.959294727013095,-389.95796915794284
44.3912499,20.070191966164472,-37.82567947245831,18.8991871074497,-226.10583496244024,-89.35862833489801,-458.85772066194943
44.4012499,13.458935306144953,-44.17613833055294,20.69857622209486,-234.89170716187894,-118.41473812376576,-500.0046383198156
44.4112499,5.784044366539446,-50.01099291890563,20.238747207446323,-232.43652225540635,-150.32738284703498,-500.6699999545265
44.4212499,-2.9082964747704483,-53.34874807240915,17.35742558533258,-214.7172571302384,-186.8102390515563,-499.38347679841934
44.4312499,-11.77758016818154,-52.824928360550864,13.67776596033897,-191.54625005220748,-226.97685596739947,-500.1702097617132
44.4412499,-20.207088038802798,-47.96397483694717,9.720313172567366,-169.16118007241303,-266.9640950161636,-500.1465714003821
44.4512499,-30.843396435834133,-38.44743383891986,6.8649408115342405,-144.57089009252547,-298.6471033049366,-500.00755698097737
44.4612499,-45.47644654340828,-26.78830576490485,2.2264560831399214,-127.17609089668213,-313.53202218079076,-498.7960222747923
44.4712499,-50.43343238325561,-13.383413464120052,-4.91211891225414,-106.2064637638576,-284.90505145496275,-504.16700042252677
44.4812499,-44.12591732552991,1.9264629317460809,-6.092397898344166,-84.75430060254868,-208.03770381014482,-476.8201419733721
44.4912499,-41.74123441319205,13.860285538091274,-5.207621241547122,-81.29940326877663,-107.31501194935628,-381.21796464136565
44.5012499,-40.299691007513914,19.434682593657218,-6.347836268923935,-71.755938380602,-2.4411126643134713,-272.97245115978114
44.5112499,-36.34644607752906,20.218616977617515,-7.863181721770672,-34.881600595259734,84.44847345149833,-164.42890322007963
44.5212499,-31.9801919266894,16.894355018221113,-9.536793494378177,10.989034034061122,133.7446343019397,-64.36032247797367
44.5312499,-28.62349980227596,12.091137209136882,-9.586023373204835,42.91519536387441,154.5325172839189,16.178400050168385
44.5412499,-25.251446223810156,7.586466095550954,-9.231262939463262,54.6114203183242,163.40287537388974,77.01094399228356
44.5512499,-21.75759178467507,4.290751059269989,-8.677145897459841,45.08983723977415,158.80389281325006,106.13270320751326
44.5612499,-18.66432482530112,0.9351498089846675,-7.598976659474532,31.68758707198791,140.0924449316675,108.38953067421265
44.5712499,-15.313841908599453,-2.9531053615439116,-6.569392359710931,28.13879392485669,112.75014341296298,100.68970890352955
44.5812499,-10.885699625159289,-6.096520928507228,-6.473803725314582,38.00182036071025,83.51530393085562,93.68042363461116
44.5912499,-5.771777298188337,-8.043034293276934,-6.641302749511836,61.26895552843437,56.34433245749034,88.72770295554874
44.6012499,-1.1042277861805276,-8.783915594464775,-6.699029800492208,90.63954838635473,34.875261304002024,85.33698336878196
44.6112499,2.4878689496004114,-8.743059859021123,-7.017334204600324,117.90494338835187,21.577069066261284,83.02267789311237
44.6212499,5.008697100359267,-8.22606581027189,-7.399556759481486,138.06864184223272,15.938280830593989,79.90643757340833
44.6312499,6.583736547013534,-7.3521829914221595,-7.802296030130406,148.98160588780075,16.09991630305246,75.22648849677469
44.6412499,7.076421159365361,-6.671973253435113,-8.421261412386013,150.91313861270316,18.8005878905397,70.10995220717939
44.6512499,6.681791961090245,-6.219490394105606,-8.967604911069028,144.73518994838366,21.850284979000076,64.21510737557412
44.6612499,6.015812603602068,-5.682854850105154,-9.251383650974288,135.2929480838759,25.49609830008117,58.39601596494495
44.6712499,5.397987770861982,-5.300732910089807,-9.605076796578997,124.39452589404564,29.47509408966835,53.716145073194724
44.6812499,4.909895751475122,-4.8280167176303515,-9.843016044169303,110.20319844391875,33.79287059681301,49.45056701991236
44.6912499,4.595917638347921,-4.111233846124012,-9.771800015963152,92.97144780359197,37.88527827787159,44.07255541276822
44.7012499,4.617998322226568,-3.5497730506249376,-9.554016847614307,75.31409061450132,41.10328916276832,36.66614387067585
44.7112499,4.7740119989667225,-3.4645481246183945,-9.254428407456183,59.55086757066286,43.917312502600815,28.10871746878342
44.7212499,4.562306670480853,-3.5183613452477793,-8.770975172618783,42.176856975119286,47.90197885945084,19.396364362974026
44.7312499,4.195004263639819,-3.572958406878759,-8.324610534069434,26.826596042377922,52.778502051901775,12.997770645841367
44.7412499,3.960894667911995,-3.8977038697992947,-8.082120783513034,17.44222241165673,57.29802686838092,9.555688785926293
44.7512499,3.6475069142399636,-4.018865971530992,-7.825452258514231,10.204754068172582,61.7776128243063,7.988276973914237
44.7612499,3.288127712668334,-3.88044243786826,-7.575186369674705,5.317793348294666,66.107980013385,7.804213943406566
44.7712499,2.9970242652803223,-4.056500832082136,-7.371859749653323,4.909640117106104,70.30788509531975,8.281077627081606
44.7812499,2.7791360662832076,-4.388075065928019,-7.116213247674522,8.452968585718818,74.648464092154,9.37227979833892
44.7912499,2.7072365023015723,-4.696745538735633,-6.90075499106258,15.054463014390135,79.21071677865794,10.60531589471557
44.8012499,2.860011375352432,-5.129026489260385,-6.850260637346402,24.275837854760614,83.13787949916029,12.061582946400609
44.8112499,3.3946603465015928,-5.514338942056352,-6.9363369673110755,35.25539401301539,86.06457685284089,14.406094723987177
44.8212499,4.113472971924731,-5.395534108278079,-7.104182320601042,45.338404530973186,88.62627719311631,16.50781010090958
44.8312499,4.637166796849878,-4.847300932545446,-7.041446597767719,52.73038452578633,90.98413371340868,16.648767610977917
44.8412499,4.942464190710366,-4.593388453061155,-6.641115184788848,58.19390624965895,93.5763991017948,15.899545610030636
44.8512499,5.05464591692223,-4.4755460884259275,-6.470553933741801,60.181728718042166,95.80815164797393,16.204904507980242
44.8612499,4.96248454995764,-4.40782269704109,-6.613842380790205,59.866704600382576,96.47763922385535,17.838111237019294
44.8712499,4.803003111955879,-4.468137922597148,-6.585055314740493,57.36328101388563,96.4581347903149,19.598907742923107
44.8812499,4.7682610898253195,-4.600396457319246,-6.419300569886737,53.122488764373095,97.92468085603494,20.740941217826563
44.8912499,4.858754100300407,-4.839642064834574,-6.284458773434991,48.97332723131165,100.40087622135664,20.972835850750474
44.9012499,5.021663996822808,-5.1693051672195125,-6.048964524366244,46.75422327639925,103.01015786246195,20.361172358312945
44.9112499,5.261839848095287,-5.380737922566594,-5.725214144893622,45.85100673682108,106.1854243397326,18.761754196599856
44.9212499,5.473853351134172,-5.37471834997012,-5.5084732538424666,44.70214255601589,108.81703198043998,15.987777887428216
44.9312499,5.695039723291342,-5.374916118259426,-5.277154283929206,42.9916301591728,111.1351219998397,12.330542031133094
44.9412499,5.887251232689971,-5.301457151875323,-5.030978702004283,39.535852940315536,113.49174542828904,8.94538865689557
44.9512499,5.992653620172585,-5.226988001193321,-4.827355752954927,35.34504040987665,115.1855257572146,6.589571617674403
44.9612499,6.050113535235458,-5.162565389816121,-4.558719899391955,31.557018370016095,116.7029250429672,5.018136370909668
44.9712499,5.856814504065875,-4.141987101535643,-4.201597865321927,19.626138646469364,118.06595181278374,2.112877629910062
44.9812499,5.901445515367891,-3.696900800121575,-3.784380497701737,9.275207109683924,118.58163716867702,-0.11310961690754784
44.9912499,6.855247245334794,-6.871333142523875,-3.614666405379338,26.246996976317,118.3122498687745,5.788997239208759
45.0012499,6.943429220465303,-8.047537628492744,-3.5008538188416414,36.233615135063474,115.35830448353639,16.271474595580173
45.0112499,6.334687490541836,-6.966439458422144,-2.9846236995018747,43.43332133787637,110.32747936118882,24.213313479824237
45.0212499,6.727330139683741,-7.228284976641878,-2.6190741044633397,65.10492434946784,106.7385757441309,26.15531842525431
45.0312499,7.119626471014953,-7.11942913689045,-2.728173797406097,85.51909321939574,101.75383574385314,25.16329576565475
45.0412499,7.1988786547443695,-7.131082477881501,-2.9923331739043415,103.70304231751952,95.57159643972881,24.255379112229054
45.0512499,7.065043004388981,-7.05002865666624,-3.2961626462416787,118.82985240765227,89.6722738059152,23.34123289504888
45.0612499,7.072823542174248,-6.559291053994471,-3.434350402938987,128.9295528059334,85.34074587330062,22.118286100440212
45.0712499,7.451761527974876,-6.068108892188279,-3.3209948220246748,133.37252465638474,83.15880855897649,20.68338249956172
45.0812499,7.915861054984198,-5.67836353755121,-3.183399062788182,132.37222225598254,80.95381200496854,19.01879407669382
45.0912499,8.394752507966205,-5.428304026291038,-3.227879469373937,127.33537699220365,77.4603854944364,17.484323121798496
45.1012499,8.75589814077204,-5.131900839449645,-3.5707472647312866,118.63292292553533,73.01216362566622,16.617462598908794
45.1112499,8.837507062631898,-4.887364266057071,-3.947519322660902,106.88319979823477,67.83415637725885,16.16825095455661
45.1212499,8.74131656670569,-4.714234622530705,-4.122968818226661,91.93324120171985,62.79841849608403,15.88503085596794
45.1312499,8.631937200940644,-4.603529924989089,-4.249151171823409,74.1117240964929,59.17012447350773,15.240566576566362
45.1412499,8.493594871860093,-4.76262409553713,-4.2032017717706,53.44387654061567,56.838566519862304,13.40558216450508
45.1512499,8.377201423135753,-5.290184584106952,-3.9452265703773057,37.42428854635144,55.73117737271618,11.356205171648124
45.1612499,8.3185312196094,-6.027959759284757,-3.7392625796426597,29.904334687947966,55.23896325454442,10.448915348395767
45.1712499,8.298656044373745,-6.661227520895469,-3.6342031825149745,27.342400308087335,53.59289539989694,10.802111229415372
45.1812499,8.281623865436977,-7.0993959954020704,-3.687805837900459,29.830110214616784,49.70478308953007,12.169950473438188
45.1912499,8.167445097139295,-7.247509825519655,-3.9077152899850534,35.17557964237228,43.8308996266608,13.448054253915922
45.2012499,8.01586537051126,-7.037924961428937,-4.036733547375417,39.32294844350466,37.60266784205678,13.771232900180387
45.2112499,7.898035020420466,-6.8380075488105625,-3.99416333686611,42.158707375526134,31.89507061706499,13.006216838462844
45.2212499,7.837529765564824,-6.90922793016823,-3.8519729393865543,44.27392921527027,26.519539167007633,12.011961820198138
45.2312499,7.910283701190985,-7.008370088233851,-3.574135656891814,45.07348507121713,22.059740481084276,10.810759779279772
45.2412499,7.999299218997307,-7.055779278575192,-3.320817512090572,44.71336226266575,18.885298460744625,8.94264934590892
45.2512499,7.937891249867497,-7.131597416294498,-3.152222831645394,43.34736724497502,16.150943708149974,7.019242161031997
45.2612499,7.912842538935897,-7.240853106133528,-2.9955722590016323,41.08682162483835,13.592717930926076,5.454633201893234
45.2712499,8.06558010335172,-7.325880317680684,-2.865516587495691,38.390997093600184,11.468639345934251,4.250628641217033
45.2812499,8.254541361749416,-7.349745010558998,-2.680234938164317,35.525599090838966,9.57967950184415,2.701350034284933
45.2912499,8.305484126506935,-7.326254489510179,-2.3888533183358094,32.18591515040375,7.880925502721875,0.4843494447999439
45.3012499,8.218111264508499,-7.252154838100797,-2.1291508273320936,28.934659616791368,6.326057651945056,-2.5928679216997743
45.3112499,8.045302978576244,-7.161120141324351,-1.955134424918381,26.140960443829492,4.908520896174728,-6.223043548675746
45.3212499,7.82856669831976,-7.034569148321516,-1.8359326614744387,23.52364784266768,3.3418387184833374,-9.36945120951026
45.3312499,7.6809702859628715,-6.975797079606621,-1.7859693705983046,21.469314622458622,1.8001540840209818,-11.872829194144197
45.3412499,7.591164928604878,-6.902364878452156,-1.7984106452593032,18.88407066989685,0.4973524234642978,-13.876774212906192
45.3512499,7.498001524545894,-6.755962919188086,-1.7597693795887173,15.41673608499003,-0.5554059689450548,-15.510942249879799
45.3612499,7.408544928627122,-6.714130337005759,-1.6268863044366244,12.750928673689517,-1.2515383587860642,-16.31825883078877
45.3712499,7.339204528349221,-6.690598777024727,-1.510728709135576,10.52260108975163,-1.755836840432293,-16.5492111154231
45.3812499,7.3108774954223295,-6.603289562868987,-1.4624840850450431,8.012836103400982,-1.9897017870994367,-16.5115839260232
45.3912499,7.273382230677768,-6.55123418265042,-1.4228795387553907,5.907730566836687,-2.110735135909232,-16.01164373560845
45.4012499,7.139129362845431,-6.552916266646047,-1.3502435181939465,4.231106442133175,-2.428043320728053,-15.272432255299684
45.4112499,6.953095697267491,-6.553523372873262,-1.3293907613492089,2.4627344839458623,-2.9014041022923536,-14.449682691259367
45.4212499,6.764928966595413,-6.5583389319629655,-1.3875615099261263,1.225166155876812,-3.5238924243479746,-13.577486799428254
45.4312499,6.639966402836535,-6.63774121089151,-1.4198952708247983,1.6180525800593364,-4.457762770306298,-12.628363499846861
45.4412499,6.626277309590877,-6.757944480540632,-1.344752924613895,3.2265835608447877,-5.379523681992597,-11.676086923048656
45.4512499,6.661129281466143,-6.863160374403103,-1.1609970146980026,5.486289560558565,-6.227863288666701,-10.513251083533026
45.4612499,6.685243708295511,-6.865244327340661,-1.0386510430899865,7.703666993169541,-6.883409842202102,-9.3101205235713
45.4712499,6.703012437918772,-6.805727589822988,-1.0762798017168433,9.135881848225086,-7.045937824109044,-8.410115582567455
45.4812499,6.750634850622545,-6.754354218346158,-1.109344272481289,10.15561756583802,-7.06769136829643,-7.582599539729425
45.4912499,6.824547836317945,-6.636105857889983,-1.0429140479003274,10.725489615545905,-7.101108528997702,-6.924592277061046
45.5012499,6.865520408291274,-6.563116893591053,-0.9534806578020252,11.127616557933576,-7.000968735862763,-6.530571655066695
45.5112499,6.8608662699487954,-6.5574197811378525,-0.9573700232102565,11.107996610489081,-6.887108546598361,-6.108472912363861
45.5212499,6.774473595663234,-6.5531330897972,-1.061937844311394,10.477422414074779,-6.975489776382803,-5.451725365065638
45.5312499,6.630346746197119,-6.533362094206237,-1.162941513902042,9.213308413733904,-7.149179067914295,-4.86458125328692
45.5412499,6.584310163757681,-6.514028199134835,-1.224179962386733,7.537560140714025,-7.108279943616111,-4.56079104010906
45.5512499,6.628995790087135,-6.594704546919248,-1.219373082886122,6.366521667334501,-7.034558057210906,-4.45027568916874
45.5612499,6.622069787285841,-6.732802310054807,-1.1747931103783482,5.8454088857055,-6.844581744414024,-3.613907512009556
45.5712499,6.564342362434079,-6.781923996273245,-1.1841129734782947,5.7078704576059405,-6.37374064795392,-2.203519727520544
45.5812499,6.522996446576706,-6.834806627800416,-1.1904635245431274,6.149737659283339,-5.889398560706654,-0.5610873544166152
45.5912499,6.460921801341543,-6.940441701420957,-1.1391019866003596,7.278569981758863,-5.427374082510669,1.2143339934263055
45.6012499,6.339036185076675,-6.949842675899689,-1.141658491225013,8.767902578971876,-4.852524468084112,3.0445485844898243
45.6112499,6.168058201326782,-6.8758481987591935,-1.2262444588682704,10.607648907310391,-4.649261336744072,4.812323289327231
45.6212499,5.990390369993738,-6.811671726958726,-1.3164359301463475,12.419076806607032,-4.893644733880568,6.581789674226485
45.6312499,5.762783098489881,-6.747945634443168,-1.368032808650986,13.882608216198717,-5.344246910547775,8.559096188131848
45.6412499,5.528908028106407,-6.623998189510666,-1.4044556672857846,14.889021187556532,-5.932687687042102,11.046274734915752
45.6512499,5.372348468735471,-6.439507212532252,-1.4494413458370727,14.750576203079252,-6.550012874213077,14.108473861152467
45.6612499,5.226736144779193,-6.250731081248927,-1.4842273927519027,13.610770326331506,-7.3074625852356165,17.800609435285395
45.6712499,5.063628368144831,-6.098132201513534,-1.5677240798167618,12.034951363335255,-8.40995044879712,22.114877149553198
45.6812499,4.910691987316913,-5.907806312462835,-1.7709827299513834,9.53743436048435,-9.322062234024228,26.780427539300092
45.6912499,4.723437968809765,-5.674669560705948,-2.0038810689123436,5.589495921712536,-9.750334973574898,31.588872353780772
45.7012499,4.539613570937997,-5.572096674645435,-2.176912659355623,0.3881776639657458,-9.64350688206027,36.28597279142998
45.7112499,4.419460890918185,-5.609620445224271,-2.345996240299426,-5.78969637420377,-8.461425490688075,40.5635874713905
45.7212499,4.286871150223315,-5.710532050155143,-2.5006866860942005,-12.12037737305306,-6.490957587238368,44.74949384259036
45.7312499,4.186630094490164,-5.887106627912253,-2.6788410614698943,-16.96609204721218,-4.189102850366491,49.43950245048633
45.7412499,4.131210194484872,-6.0443555578822314,-2.9371770988412975,-20.777070825378214,-1.5348135085673318,54.451325963152556
45.7512499,4.017794042361946,-6.045662421278093,-3.214432440848757,-24.309032167150015,1.32444449686966,59.84942215977206
45.7612499,3.83715129410899,-6.00909959373135,-3.46477591553095,-27.115593675203645,4.465546967811909,65.79067290830145
45.7712499,3.6139772739105918,-6.114241298210867,-3.6838581944751168,-29.495742847828055,7.981301406369048,72.50122412949975
45.7812499,3.3915497327554527,-6.195001715787538,-3.9199249751327288,-32.56314742902235,11.535506765300266,79.63223486974235
45.7912499,3.1617393980789488,-6.153477910439666,-4.18858520963873,-36.256616431944906,15.092352988111683,86.14719544734919
45.8012499,2.9310130214456094,-6.143574223690302,-4.45406574734285,-40.9339382143224,18.65137689069634,92.64969029597135
45.8112499,2.7565585342293795,-6.131395890586685,-4.674896183853476,-47.23669494117541,22.21614286905266,99.12420864712806
45.8212499,2.5013204343107414,-6.106853027846597,-4.89521844406473,-55.08629269824923,25.79181118263896,105.4572914783234
45.8312499,2.253516424215126,-6.089005732012451,-5.1552176766949875,-63.58523182021916,29.423568377086255,112.61316858106782
45.8412499,2.1271986494837765,-6.2043522122378265,-5.395433650789106,-71.58631833632627,32.71041496327432,120.79427111828417
45.8512499,2.004008575632238,-6.402170264721944,-5.53921346155228,-79.05580812199143,35.34269922942014,129.73345406704667
45.8612499,1.8949156457399174,-6.5364059892945034,-5.623599110691628,-86.06938763714223,38.300855026681894,139.07244264265864
45.8712499,1.8302477882986097,-6.893030649560437,-5.593626920041304,-90.77932777871317,41.07731026474599,148.4843834809195
45.8812499,1.7608887719432018,-7.426980221206663,-5.45732106331866,-92.22101049231946,43.53477836458055,157.9697449585577
45.8912499,1.7243279945818513,-7.931994480620472,-5.398606788494884,-91.44958233331407,45.96787829989857,167.78017802787357
45.9012499,1.76676256876402,-8.60102029355553,-5.429754705816841,-88.78757865805616,48.00040347447976,177.78329243439714
45.9112499,1.7567195208683524,-9.258867846649956,-5.425708199638747,-86.45875420305349,50.19808848815947,187.32470316060028
45.9212499,1.68595499619198,-9.658653171448243,-5.402763425246827,-86.41467444014486,52.85401631198936,195.62096228071925
45.9312499,1.668558220760309,-10.14434950620942,-5.350930905310918,-87.29256325593556,55.46573770061705,202.20926710625673
45.9412499,1.674289425412325,-10.754145729223456,-5.2969255417659955,-89.36550840172119,58.289172305260024,207.5983021617027
45.9512499,1.6661621166620117,-11.43754188291342,-5.291330911521808,-93.0669386995472,61.633356741608445,211.86337487190937
45.9612499,1.807919183907586,-12.209281627867298,-5.270452311573975,-97.68316209590235,65.64691374514375,214.89792968938366
45.9712499,1.951040677911553,-12.92011402471307,-5.20144473202935,-103.725952272385,69.25455241066572,215.8659506133178
45.9812499,2.085001437205809,-13.710203470129164,-5.202781410729499,-111.18634408684987,72.07013637889233,213.0186964574982
45.9912499,2.454204345394595,-14.68209371955318,-5.265914267617694,-115.67834636241008,73.81985762750091,207.35271239103372
46.0012499,2.967389783109064,-15.71794335297004,-5.262010994259885,-116.52375956749755,74.05130938208605,200.3066709647369
46.0112499,3.5891870030807462,-16.694745900515493,-5.243907783959675,-115.0975554351627,73.81132295528654,192.10778975356308
46.0212499,4.365241241689712,-17.5934445429996,-5.221512540808562,-112.0147811954909,72.20677955615201,182.24718379967163
46.0312499,5.322335774780404,-18.25611534716412,-5.254777791740152,-108.82249606494493,68.58469723683365,170.1036137077273
46.0412499,6.447334793962529,-18.497748145437033,-5.40522619234329,-107.63899246677762,63.49989746436943,154.91382517817925
46.0512499,7.6939175765452275,-18.812158822106163,-5.545166872188502,-107.89931684363576,56.10886296157461,136.2157289020795
46.0612499,9.214359569316231,-19.125772941077326,-5.769882784060935,-111.23609468895414,47.31966818696058,114.59483480263167
46.0712499,10.861692511230842,-19.11760247241892,-5.871393363392465,-119.06221197007554,38.29762012426212,89.50060372363025
46.0812499,12.447723642276035,-19.16602790012945,-5.624235585080801,-129.83911586453354,27.987041097110364,60.16007827733943
46.0912499,14.180801755910148,-19.526275842835915,-5.4372037120551555,-141.7851562366556,15.243790789481904,26.834626442422536
46.1012499,16.276027914085844,-20.28178308990057,-5.114656642520354,-152.6236610193027,0.375732558813404,-10.604946459513208
46.1112499,18.901300714848198,-21.487589098491302,-4.45644706364683,-159.469394915863,-15.630967306922203,-51.788185587154814
46.1212499,22.253907603730944,-23.226378554669168,-3.6499768037563887,-160.94425522225245,-32.047322362356766,-96.6099529129891
46.1312499,26.38610642094158,-25.506366273999436,-1.546328068494083,-158.61342816169443,-47.701320616297835,-144.86674433044814
46.1412499,30.262728962276604,-28.48787553554073,2.6810585789705494,-153.74874950591743,-61.11990333336832,-198.49297747217892
46.1512499,31.244582500040245,-31.729421651551803,7.772552811643192,-152.4080741819868,-75.95473175994276,-260.4282711101503
46.1612499,28.248550839266827,-34.03379873301547,11.729648500996106,-162.73057476139627,-93.130824391008,-331.79574190837803
46.1712499,23.621312774265473,-36.0208042209191,14.447994084476646,-185.02446385873313,-108.04988653967308,-416.34804638115577
46.1812499,19.11622583610652,-39.954970789595265,16.54782519659078,-209.4165725842385,-123.49155481410905,-486.9275940236535
46.1912499,11.97071098903866,-45.28920044304909,17.69637431862762,-223.80292645445377,-149.93403009372742,-502.86404518737226
46.2012499,1.862055816423903,-48.47138616841011,17.977225097817264,-211.33644984734255,-186.23228235248513,-498.9861831162586
46.2112499,-8.63542795741762,-48.09323204281939,16.640107875365032,-177.0959501746354,-230.55610476515446,-500.0051475985931
46.2212499,-18.77896492426712,-44.71595787542295,14.091692287380013,-131.62334011771944,-283.9448961226893,-500.55664810382103
46.2312499,-28.88810381815103,-37.236577973782545,11.377312385295674,-82.32817471289033,-336.8382113565856,-499.1220053325311
46.2412499,-39.14436983589786,-26.48536283734129,7.320687355643113,-54.35245773806162,-375.22984281542534,-500.2284957811922
46.2512499,-43.3578599456903,-15.550819237863038,0.9004501902114733,-50.41639493351148,-372.8526991694743,-502.9173162929741
46.2612499,-40.05324954592071,-3.682873901095637,-2.2821802555269315,-69.36505121454286,-328.6918349418804,-447.0164221121483
46.2712499,-38.26725787974021,8.785493904957827,-1.3743738439984705,-111.0038414515817,-267.68109894332883,-346.858664732702
46.2812499,-35.64266879598269,17.34993047094087,-2.343524620534488,-155.31555190555622,-191.63996231992272,-275.14924891925233
46.2912499,-30.289685487284864,18.78253351246375,-2.9170441897177675,-173.55907124372186,-114.20375353506306,-221.8496433621748
46.3012499,-25.56087719930208,14.652002203710516,-3.957641223460983,-146.10121710743343,-48.39384559979922,-163.92777547116862
46.3112499,-22.918880479381443,9.280067043590012,-6.46113121941451,-91.56335580844257,-0.0581566967390417,-93.33659982865024
46.3212499,-21.191278980689827,4.700008020525346,-8.856304762618551,-36.13816170391104,33.611062037171635,-21.155718078304023
46.3312499,-19.004468671107794,1.6073837280177934,-10.703093597759274,6.2239644506066245,55.65055973890464,35.043299709905526
46.3412499,-16.94094727704159,0.36882936352849033,-11.168269012012408,22.781336097187953,67.60581469022112,65.39263546189612
46.3512499,-14.88537741800411,-0.3568049971836955,-10.17365417915459,17.47900762226079,74.01896601457928,69.59633626212832
46.3612499,-12.166711725571888,-1.7185025332393211,-8.701537321608559,4.832196607852455,76.17745331037554,58.164087108930076
46.3712499,-8.793509161660351,-3.6190987429832737,-7.833787685200862,-3.0975584055392127,74.56637639545286,44.4742578767552
46.3812499,-5.329063634265648,-5.6745602217775435,-7.70629938056255,-0.12220620675880224,69.91857535758665,37.0947940579066
46.3912499,-2.043325754227887,-7.1325857424213615,-7.546555251128421,14.004186370473528,62.93165545303833,37.49986108774894
46.4012499,0.9104795547391797,-7.341866125387314,-7.223954487416006,38.58173050120623,55.849406584311765,42.59414067481971
46.4112499,2.603064198717596,-6.627506703072679,-7.105046183978759,63.79037367395375,52.0903032590957,47.637374631759556
46.4212499,3.3165708276443477,-5.7484072801116906,-7.115091823402113,84.12363837722621,51.65860355162843,49.67146948428569
46.4312499,3.961287843198031,-5.033172307871672,-7.430253928241152,101.52598012264978,52.24503827477269,49.5214682079274
46.4412499,4.229946777054236,-4.433283524000065,-8.13147988438652,114.59672200264745,51.9205114087999,48.3608289071698
46.4512499,4.1236161998753635,-3.760021866749295,-8.868295103580813,120.90478511741453,49.95722971217929,46.24639916859417
46.4612499,4.014354183762108,-2.9684151841473487,-9.517936938495286,118.8802245506869,47.29568801117722,42.69467677643156
46.4712499,4.021800459865601,-2.179634508457094,-10.04891596375283,108.70333122072063,44.59583117702792,37.40414053307381
46.4812499,4.033864181037219,-1.7019456282179575,-10.195927303108096,92.64837142321244,42.42243897163148,30.35810970046996
46.4912499,4.005301762997673,-1.6310367420977325,-9.929249332391555,73.07941496247402,42.349777543995174,22.46862562287815
46.5012499,4.043436945571894,-1.8793593433851994,-9.509945060322952,52.145455063012406,45.264111003573866,15.468474940243835
46.5112499,4.167677122237407,-2.4265462590733775,-9.040201506074938,33.13103861752241,51.05456983013967,9.718669784591285
46.5212499,4.172524768157904,-3.254941410372327,-8.499106517332221,19.457226493335547,58.690393234127285,5.15373211731207
46.5312499,3.867701043021947,-4.174192812707489,-7.9921577982797105,13.193842712213982,67.0973341861766,2.4731748884216147
46.5412499,3.381535408039623,-4.8590463311825465,-7.6083308830686285,13.4939213349902,75.96397452028833,1.5210326526982065
46.5512499,3.062253575031446,-5.2804463252841956,-7.296977459683534,19.037109334108422,85.32342361513385,1.7897608419951718
46.5612499,2.8718172729540883,-5.769266925210071,-7.111749197029877,30.517704749837865,93.85946458884,2.762014576782119
46.5712499,2.7427776428359265,-6.03650810415684,-6.9509560055067094,44.69454259845051,100.85597224186569,4.05683649056809
46.5812499,2.7646888393597004,-5.908553874608569,-6.7230706405464575,58.820317140805344,106.58448801713519,5.2232245206322405
46.5912499,2.960118204971195,-6.032485113736735,-6.448760618845225,74.28876865850565,110.7471049102821,5.69872803099062
46.6012499,3.1975292477428465,-6.19861256235866,-6.1868794713187185,87.93268130827198,113.30784578079148,5.863669195626055
46.6112499,3.568432832267374,-5.8796958980721055,-6.031742085310459,97.45542865532488,115.45768340875667,4.736004351796118
46.6212499,4.092610150468427,-5.521905180704417,-6.075160446190972,103.3650971924035,118.35619011572363,1.407267117263562
46.6312499,4.471295001998673,-5.30607266613868,-6.238396961103354,104.7567966805456,121.86052565916886,-3.049745511687824
46.6412499,4.701787527864705,-5.003618410600042,-6.274530317965526,101.70664603038405,126.58219495839565,-8.028735275960248
46.6512499,4.930777185142745,-4.88605777833716,-6.067323654553647,96.72479148060475,133.16595558958366,-12.66331896000584
46.6612499,5.270006408919283,-4.996706812947788,-5.726144461670254,91.62667181104472,141.33514444802267,-15.91108206011252
46.6712499,5.610125221250256,-5.249556978812934,-5.324524989600233,88.18265749780065,150.06707659888582,-17.807402291126678
46.6812499,5.820577226720909,-5.580349977116268,-4.954415065884426,87.99964548034274,158.4787855265246,-18.263869188810773
46.6912499,5.911540218809383,-5.763535610558869,-4.81568124398104,91.28397790307163,165.12902576821014,-17.458734441496336
46.7012499,5.9136717736795426,-5.823264665885188,-4.719982900208033,96.44245629813783,169.60200035452763,-15.890211709772919
46.7112499,5.841075026829719,-5.853842957656686,-4.549772940734566,101.30310041312664,173.2271742010403,-13.674201772924452
46.7212499,5.749205487144876,-5.835446700518793,-4.404275589987995,105.2502222584515,176.9323861363353,-10.973292280235247
46.7312499,5.681525372992313,-5.790292935150362,-4.114706056790099,107.81831941385622,180.43774711129066,-8.673330401887409
46.7412499,5.82574257447494,-5.706481925338995,-3.7444856674296267,109.29140605471116,182.83952841700807,-7.757189037572273
46.7512499,6.3664796791827305,-5.591914630119774,-3.491356564818971,110.8057950698277,183.17215232728293,-7.897868272119384
46.7612499,7.000424001053642,-5.457795978946863,-3.3267188534326175,112.20406376114956,181.13411181364341,-8.847845820924203
46.7712499,7.497884555468905,-5.3068476236131445,-3.2012656858627637,113.34612508501814,177.16458903157402,-9.914798257418324
46.7812499,7.946866728634927,-5.082896214903495,-3.136814853518198,113.67564628210266,172.427933652663,-10.481181458489571
46.7912499,8.269309205982532,-4.835083306399574,-3.2243110827681836,112.35555823859495,167.39364201550433,-10.453832480006122
46.8012499,8.512659579980527,-4.487875802488326,-3.362743892807667,108.2622607369245,162.3015485918632,-9.425835944448679
46.8112499,8.745120326296147,-3.9930919099434923,-3.313278863272242,100.9139216913083,157.96415094501816,-8.013427426544228
46.8212499,9.161883228559565,-3.517037790312617,-3.202850763807346,88.92407540816774,152.5903921854946,-5.7931730778176505
46.8312499,9.723051095468517,-3.2364766775848164,-3.167981691076385,75.54217037022141,146.8497700644911,-2.4475900877397074
46.8412499,10.043219030709269,-3.122624338109783,-3.037144464240955,63.301644944719534,141.1638296071198,1.9529715178054763
46.8512499,10.059844423738342,-2.9300797811213983,-2.8908224742502284,49.853060968742994,134.19655143590958,7.432948735726176
46.8612499,10.04596952348415,-2.513025167114098,-2.9696115885960186,34.629927655108155,125.3068749410415,13.044889956473234
46.8712499,10.382694418472896,-2.9877416499399114,-3.1417957486293107,26.268293740889476,115.55641470633707,19.47716180547657
46.8812499,10.605156707178278,-4.57611385992998,-3.1500473951538432,28.992877068855222,105.34610336782616,28.78207058100887
46.8912499,9.906471062949397,-5.045323494885903,-3.069907195142707,28.74234679834216,92.2052136437805,38.82557487109783
46.9012499,9.313351205826743,-4.781895891763782,-2.8208559558302717,27.740521780680204,77.5917040905829,45.35082446075886
46.9112499,9.529251919712728,-5.003419216403262,-2.3907418500829656,32.29530016462173,64.35104039789925,46.98174270776237
46.9212499,9.573152027016105,-4.983070762096656,-2.094410266883041,34.008928699789784,50.42389043432932,45.914913536205916
46.9312499,9.213716438753378,-4.950340412358904,-1.9885369355628457,32.076707775761946,35.384470857464976,44.50040723331216
46.9412499,9.076713202841258,-5.568704608733862,-1.8173271405278264,32.06114167202304,22.429359094720702,44.13684471188762
46.9512499,9.511100424424045,-6.564071015904688,-1.590073275905639,35.51595730283527,15.757805479086695,45.81827353399777
46.9612499,9.275301933740153,-6.472441477206721,-1.64396515006425,32.76838262729471,9.01047265536312,47.097831332629156
46.9712499,8.636569448110546,-5.708126085969197,-1.7104595726073815,24.436043791364153,0.9158474748957008,44.85880198366728
46.9812499,8.677851740071072,-5.549877415234566,-1.5146259951249355,15.710667853853511,-4.03520711601798,39.009518857126885
46.9912499,8.771913202896442,-5.485642171592852,-1.2261662028352076,2.763018670499149,-6.13790923316438,31.445237727000464
47.0012499,8.834331621581704,-5.50165903013337,-0.9981089010408045,-12.157909700802408,-5.306350524416549,23.669172687501632
47.0112499,8.998847089291901,-5.981776317390721,-0.7781309767858833,-23.619786507754768,-2.7921337528394,17.09061184603776
47.0212499,9.122599478417113,-6.664492192740523,-0.4431220894295299,-29.943637727525605,0.280486824839748,13.089731035761632
47.0312499,9.010692434646394,-7.122560929801904,-0.12024999186363082,-31.37987201773953,4.460105277693647,10.960134477240631
47.0412499,8.691959977719808,-7.240603656369773,-0.028558097593721868,-28.294920338476967,8.317764668564934,9.338565691138967
47.0512499,8.401019659243829,-7.25170768549759,-0.05070626433963252,-21.67961257246986,10.24381859461361,8.012182511221296
47.0612499,8.140114076788088,-7.260175427785515,-0.05082286708413149,-12.89564196438683,10.939461084870198,7.215386803667051
47.0712499,7.856572351010097,-7.1364141535241785,-0.10184416241672349,-4.28961416097492,10.942438050488326,6.776410205915002
47.0812499,7.571264623987421,-6.837661741993635,-0.23681273041100273,1.4692164687770386,10.486875759436064,6.439846043691403
47.0912499,7.366776142266567,-6.4520375541600234,-0.4336818457950971,3.616577608770422,9.452052800593354,5.819307123186788
47.1012499,7.2865090004047275,-6.025447770613801,-0.5599960676266296,1.7793096362303902,8.201911102485498,4.871789278414189
47.1112499,7.3474596474554295,-5.832750271801648,-0.5674815199019148,-2.5276111862336954,7.316163982906806,4.227898021623714
47.1212499,7.486486700570239,-5.914427071383312,-0.4882240808731678,-7.502593169780641,6.696345123929813,4.06288819902839
47.1312499,7.514332745190326,-5.949845195630251,-0.3764660302212995,-12.748530832396574,6.306885065376616,3.9638976339220626
47.1412499,7.509552972854192,-5.961634391598813,-0.3047126686469231,-16.581603963931606,6.1746815251188325,3.8354525728566937
47.1512499,7.4424867846235365,-6.084746053007259,-0.31775199214546535,-17.911524820894716,5.570640406945577,4.066341082706038
47.1612499,7.405614095614699,-6.31492305632663,-0.38594294142712704,-16.847946195923033,4.755672986742484,4.707098967334261
47.1712499,7.448357689083092,-6.4375425845155085,-0.4008731611126777,-14.792391674882834,3.856445455221349,5.328036539700917
47.1812499,7.505705460651485,-6.574144313337294,-0.3579629754436386,-11.52840222564927,2.97568067717322,6.028481378921568
47.1912499,7.577819371219449,-6.733795588448511,-0.3291733779982638,-8.554951286398973,2.7903531723075305,6.76869798589079
47.2012499,7.583491566471636,-6.731622329255475,-0.3596930334316258,-7.555391773033794,3.2500331474935966,6.868733893754167
47.2112499,7.563829239317856,-6.716916706253549,-0.39623954448984355,-7.391479881195449,3.722122496804761,6.248419164573164
47.2212499,7.568242158407334,-6.75825268031029,-0.38184204107252984,-7.23346178544025,4.028644406933432,5.4052309678236945
47.2312499,7.519938209283991,-6.8379728937261905,-0.3204673786036053,-6.9758613601713835,4.496991771071497,4.628359509044904
47.2412499,7.4706328218941715,-6.893166683359623,-0.23717317987948916,-6.812892545320181,5.222169436811697,3.970849636711409
47.2512499,7.43997308372523,-6.93706607307844,-0.2331414889252494,-6.29226696294271,5.870535157903175,3.2487455312635642
47.2612499,7.395429044483368,-6.978828955165861,-0.2279007210934926,-5.430760156097326,6.062275355215492,3.079327583582944
47.2712499,7.316784507117352,-6.96483053205721,-0.16108459174433915,-4.5033185890334755,6.074520254025669,3.2036543377825706
47.2812499,7.155525028358819,-6.9159632684367,-0.13840390722774076,-3.285384501383414,5.877248616563389,3.313049937071892
47.2912499,6.990569891607707,-6.845434434671631,-0.16649972941463398,-1.8467574149119765,5.262410559612524,3.6619735048685613
47.3012499,6.838388119280179,-6.786989911943592,-0.25902585285536367,-0.2928684152939089,4.228348202525895,4.241367223499347
47.3112499,6.610328693364906,-6.667779680083761,-0.3829227699232388,1.1431262941848772,2.972840799830087,5.043954589879801
47.3212499,6.414640853715429,-6.441838475134059,-0.4390412675035633,1.956583503999052,1.533594457824299,6.327688731228374
47.3312499,6.280668647868456,-6.202894078176733,-0.3771628974897274,2.5152234706789374,0.03983874249357606,8.238199175228894
47.3412499,6.15986816689653,-6.019849111523866,-0.2538822841454022,3.305215418392331,-1.2944473327912578,10.967831739791102
47.3512499,6.038481860903605,-5.870766552316041,-0.13487845091072595,4.4738944228565645,-2.5316961866485186,15.023456641007199
47.3612499,5.837028144954637,-5.802780229242602,-0.027190872526497215,6.5055734395108225,-3.9724264598022745,20.67338878490798
47.3712499,5.536475813837033,-5.880455490768388,0.020242799528157,9.106527753999401,-5.768390034000512,27.397655898418463
47.3812499,5.159581498358623,-5.812729918541033,-0.0475450289289818,10.270827114316146,-7.90598464795137,34.578953096665515
47.3912499,4.799420500722906,-5.553094594258129,-0.1580816702730009,9.825249659434157,-10.011811249677315,41.446968040737794
47.4012499,4.524492546087961,-5.391189944383478,-0.2695331034861878,9.281642069623764,-11.948204199909142,47.97465436687958
47.4112499,4.298009861554488,-5.311263897195473,-0.4433046490507187,8.110625208547534,-13.769301109851563,54.5547133334338
47.4212499,4.123931970703309,-5.121663388034088,-0.6863661727221497,5.403324143097464,-15.056322162008996,61.33314419496316
47.4312499,3.974983474971965,-4.888833451028404,-0.9514453135033712,1.3416317344180153,-15.559745283009322,68.3500555462967
47.4412499,3.802806381773948,-4.913285922848517,-1.3121189438486824,-3.703703605207368,-15.530117134936832,75.41188009096754
47.4512499,3.508248785453345,-5.056392107015555,-1.7571195601270988,-12.550501950346701,-14.527086412289393,82.86832047913057
47.4612499,3.1635637875394433,-5.220892364524645,-2.0747754212755813,-23.2210440717604,-12.09880775552831,88.98868902922769
47.4712499,2.9705888972861674,-5.550722737788978,-2.321075638194319,-31.1086933342652,-9.003382654744907,92.90579315526374
47.4812499,2.8028754916443077,-5.916683928385208,-2.621623435084349,-38.24208989714955,-5.605335051540542,96.68228809074203
47.4912499,2.5842390020216803,-6.243927270403842,-2.959568111684821,-44.45686893212741,-2.4046526833650543,100.91973192175462
47.5012499,2.4719390083929205,-6.5065144099442,-3.3658889890973827,-48.93887644909629,0.7563679179350258,105.56496394055412
47.5112499,2.503975285585442,-6.730533667154734,-3.66383495941383,-53.11672831361001,4.517392840488953,110.84214651920814
47.5212499,2.4757766730203103,-6.809450239933196,-3.866606699369641,-58.384697948124256,9.002954842630391,116.53459854581588
47.5312499,2.36849447357847,-6.85742352429114,-4.120411139946447,-64.11043292057033,14.030047516108723,121.98606121464931
47.5412499,2.2667085206098165,-7.166822885600153,-4.409540517629862,-69.50102665717407,19.53015250615362,127.67080472145207
47.5512499,2.0620224935783216,-7.557593245127464,-4.74835091225931,-75.26621787392126,25.5957094881242,133.9263028011686
47.5612499,1.7942306122073108,-7.88187276850944,-5.048964482384751,-80.3925095861325,31.50527115835829,140.57687316925904
47.5712499,1.5981897090939627,-8.32659429765345,-5.273190634632436,-82.80352085564326,36.793102347293804,147.94126151547658
47.5812499,1.4086935279822161,-8.952716100056778,-5.403440787839815,-82.54054878714558,41.20336713288516,156.8502314759858
47.5912499,1.2402380997472984,-9.560972043259115,-5.458138133509865,-81.43287397145917,44.94031757777941,167.18542741653746
47.6012499,1.081193245967334,-10.043531641115232,-5.662731619286938,-80.19935186363867,48.06403610917211,178.0078212642281
47.6112499,0.968066013189879,-10.508913860449415,-5.981619740941881,-80.03529670590868,49.85905277076043,188.24360418458568
47.6212499,1.0490962699914057,-10.890683586129978,-6.142474719821809,-82.35748517388248,51.22575306289758,196.55741057901923
47.6312499,1.278516689910723,-11.192719651620976,-6.290701367154919,-87.06516905114123,53.276005959638915,202.19596636600807
47.6412499,1.554425533190637,-11.690227178197114,-6.41242629537586,-93.64112177847099,55.48359973916206,205.95086763110163
47.6512499,1.8820567805292967,-12.409707299414404,-6.522231292401742,-102.21955822830553,57.6612196655419,208.77250939256035
47.6612499,2.1727259386439917,-13.124628806900393,-6.5286810903945005,-116.71674088234164,60.06338110026815,210.20944826805928
47.6712499,2.3894547047110772,-13.883379868531343,-6.482127119621839,-134.32268328693445,62.161747706389185,209.48509355083368
47.6812499,2.6184236055360994,-14.869807598497413,-6.680657889343744,-148.9432544160257,62.51896154855614,206.63594477493626
47.6912499,3.0912039626276093,-16.077249614558287,-6.843368627517166,-162.30089293159378,61.82557983752613,201.58744637256896
47.7012499,3.697980479869172,-17.337638313033075,-6.731255161119891,-172.45490295022404,60.60389917017586,193.797177819604
47.7112499,4.358911727647439,-18.64192809368841,-6.582494565289345,-177.15105580738762,57.90002504580496,183.47339211198909
47.7212499,5.418896906276067,-19.935959226342426,-6.703356180569111,-178.02865778308717,54.69939352731802,171.5384534922472
47.7312499,6.813089829229068,-20.979709201234137,-6.99130715481685,-177.05343508442172,50.96443451521217,157.8542798253451
47.7412499,8.34630609547806,-21.703346365762155,-7.220006233370851,-175.2905904908038,45.51997344807302,141.66807459491628
47.7512499,10.288345421317048,-22.20861647993256,-7.495907934325296,-175.84663706147452,40.07241930226273,122.0612148368068
47.7612499,12.538863130513128,-22.69289837064201,-7.67904646965449,-178.7393582497019,34.36352588106877,96.60895577859417
47.7712499,14.880110232729486,-23.08926865753686,-7.800668903290902,-182.69148217417035,26.97939505463937,63.24602656080433
47.7812499,17.335382860976186,-23.3152423177768,-7.63332253394169,-189.04315825236412,18.63734288958579,23.0932761706217
47.7912499,19.936843227899953,-23.792426446713694,-6.429597036445202,-195.2933942540652,9.184656975362875,-22.887556329046774
47.8012499,22.79723359433504,-24.73649901798151,-4.116874841949192,-196.3546893219747,-4.715166974823529,-75.02980212458883
47.8112499,26.03842845055015,-26.11169494918739,-1.3993375736056684,-188.00313899720496,-25.02062525175374,-132.46483517559815
47.8212499,29.51700330848719,-27.50018723297578,1.9707455183280118,-174.37163839346331,-49.29944731340384,-193.4358705213763
47.8312499,31.868411904672246,-28.378324216533443,6.660735832243491,-167.51854505341922,-73.44198285796777,-257.5553142931836
47.8412499,31.644883820080533,-29.84556291810359,12.251016236629928,-170.02952585781412,-97.05963259071885,-324.46900630583656
47.8512499,28.913821613917055,-32.59224421857699,17.562142591098834,-184.00899756178669,-119.63621979741481,-397.78774742990834
47.8612499,24.596981126985007,-35.51072837545279,21.613127273350145,-214.93411642731192,-138.99975941805874,-471.4306661068014
47.8712499,18.655541108758825,-39.25754753908105,24.330813569610132,-251.68880296426445,-159.34585157145685,-502.5171588042941
47.8812499,10.42533385513513,-43.99001097667481,24.70856648741101,-275.34070335512456,-184.60434736452424,-499.7264423890589
47.8912499,0.87029397441043,-46.487680067436685,22.255618211033816,-279.0992401469516,-212.6893380961424,-499.5848574800233
47.9012499,-9.354512617965192,-46.551130229680375,18.469964399535762,-264.83756291224125,-249.43174620259416,-500.3561179945869
47.9112499,-19.5546051326792,-43.21226064501666,14.382326776177287,-230.24739307778128,-296.202098422598,-500.19799737863104
47.9212499,-31.027654071457032,-35.207088138793935,10.366413282341842,-182.96733162594597,-337.6739296204397,-498.39475595856436
47.9312499,-41.88640863101635,-25.394333969367654,5.310674570699986,-135.38150396411154,-345.01432884034057,-504.1602524645701
47.9412499,-43.43436108948865,-14.392223371588594,0.31314714787442394,-91.28851516773517,-306.0293181299999,-485.21973346036253
47.9512499,-39.33783339984901,-1.6546370816260763,-0.17988069102870463,-59.79886685860292,-236.0138056033671,-392.0029906523996
47.9612499,-38.49211529735599,9.658298919385048,-0.5040150270026938,-59.481422126873554,-146.24292160755743,-291.92419970705186
47.9712499,-35.05260069041228,14.438475771932799,-3.3407089399343417,-67.74877303695152,-57.69717509063719,-219.36041836897357
47.9812499,-28.708977443844947,13.131086202923587,-6.205589483468065,-60.98957553407107,20.215937603465182,-155.18152370411565
47.9912499,-25.74697248041778,8.714377523629981,-8.243818224899826,-35.82956013225213,82.7071743633625,-92.78960444022657
48.0012499,-24.987641879123984,3.3433520775293446,-8.665034609284962,4.293380429171244,126.23353999619422,-32.44314830915878
48.0112499,-23.488323847001045,-0.8777021882666777,-8.924897421407957,46.62273412875425,154.47663721197964,17.66063695284259
48.0212499,-21.64942507138697,-3.5069550599439,-9.334077671718775,84.72296592636091,166.380851270668,48.25383355226325
48.0312499,-20.088782246188988,-4.579538434948621,-9.985654979588725,115.2322325916861,161.2180582365263,58.90198494464083
48.0412499,-17.60375278441481,-4.685190490890023,-10.883850407265166,138.46336219170965,142.86486166338392,57.40724278016858
48.0512499,-13.818257679732142,-4.392112706912003,-11.287849208869721,155.87601171260948,116.72920634361427,52.49288226908231
48.0612499,-9.603776296211876,-3.8347922505581407,-11.479414333033432,165.44510236841714,87.90127667058012,50.237501322223395
48.0712499,-5.405177504386429,-3.1623644016492376,-11.418058183282664,164.96829485402418,62.19932747193896,52.98822565672846
48.0812499,-0.7891233451514363,-2.4430974904929217,-10.66421174736727,149.0832148440676,42.682964988834534,58.98175338825042
48.0912499,3.711429541122028,-2.152275441225895,-9.53201660626786,117.46179748299978,31.72265269531061,64.50559929088126
48.1012499,6.078442722942829,-2.47399668527333,-8.889323874780082,82.10489718298516,30.769154723792074,65.71528525091182
48.1112499,6.306462534147503,-3.104402453412632,-8.934255013584556,46.647018872561006,33.39666184436899,62.52392079856414
48.1212499,5.53259706083871,-3.961272907029085,-9.397166812387216,15.943220316402055,35.131063356797455,56.325785630274176
48.1312499,4.950758440684619,-4.939719568791411,-9.928849832630409,-3.7595798068376163,34.45588338947172,48.57576574758833
48.1412499,4.835566643858466,-5.874726125633586,-10.307562403593975,-10.922335927423934,30.831388249371006,40.65340911005172
48.1512499,4.777547872011148,-6.501813903098701,-10.342212026348347,-7.200560768333525,26.014315205688977,33.675095151073066
48.1612499,4.5908450039595925,-6.819116350091709,-10.000365514622894,4.577211479091216,22.21649994314535,27.931331773126534
48.1712499,4.264736346591926,-6.84172399171118,-9.625825877229067,20.451331460901006,20.295310189996602,23.538930254954018
48.1812499,3.9007650945281975,-6.504665807237046,-9.335645882727277,35.6219181158035,20.086456300325175,20.331739107671336
48.1912499,3.625016410824341,-6.03632672173615,-8.882425598946657,47.857748994876694,21.36077096699809,17.874990644374982
48.2012499,3.3925666123028306,-5.53735682276244,-8.271862913436362,56.24618114487488,24.471016319057632,15.686752527529471
48.2112499,2.9985889067603666,-5.248557013765051,-7.72292219941301,62.31679198864665,29.31003010204345,14.21378214816354
48.2212499,2.441171305459729,-5.262928302219192,-7.432557170767053,66.43812634540109,34.920850022394724,14.390773507683905
48.2312499,2.0693210573518956,-5.024839071418469,-7.652920751279381,65.25197668348865,42.0028046413958,16.402611412904573
48.2412499,1.8979016972831346,-4.557049535046617,-8.273750223535146,58.81603427696233,49.287761192855996,19.00394296984766
48.2512499,1.8793404114948924,-4.102232058585879,-8.758941370325863,47.90331521042965,56.84564353687211,19.816984467804765
48.2612499,1.8648389780298622,-3.4380175263799146,-8.831104170492871,32.689872881698314,64.66093551166871,17.904873607914066
48.2712499,1.8772706195664555,-3.2737190076502616,-8.649200997559678,19.029077506753968,71.5759585031085,14.191170422668078
48.2812499,2.1575003371572765,-4.003789072163909,-8.264539347577054,11.115759652514155,78.44637204747431,10.723379541503125
48.2912499,2.3303322877627153,-4.668054484699439,-7.6815900530071435,5.781352145769752,87.09423382543473,8.377524627903473
48.3012499,2.3728078219498627,-5.002577736979794,-7.172520237808468,3.2081960811234502,97.48649958585574,6.855488102886433
48.3112499,2.6880620648321143,-5.334621514523736,-6.814198480249438,6.200517827358152,106.7483911894034,6.6871026069519335
48.3212499,3.1759818836260036,-5.756105558903411,-6.4110311144319505,13.678785662249979,115.5049090163384,7.93625030623905
48.3312499,3.4711751851508983,-6.03745931618695,-6.0536574095750595,22.716795236199136,123.46876937194973,9.846400499854452
48.3412499,3.6068278332968275,-5.911791629195949,-5.893168257112655,30.65256981036878,130.20962217335475,11.954423298335433
48.3512499,3.8726546004624325,-5.6797358140405585,-6.008186454984189,37.30646985822197,135.415806891746,13.688414695794844
48.3612499,4.219697308138166,-5.603370117576418,-6.352686040727236,43.296675624526884,138.70599239923513,14.621016038740743
48.3712499,4.467028272905848,-5.369804879805931,-6.494930586212288,46.21806504879955,141.5173095410781,14.884313948851027
48.3812499,4.708590241525663,-5.046374359192331,-6.266482114344788,44.94566224355989,145.9321197339745,14.304054820624275
48.3912499,5.178688225588373,-4.97969336929893,-5.88111611099389,42.43996594017658,152.1036159712837,12.638542155716909
48.4012499,5.762590563409928,-5.1316516932413565,-5.39702214506858,42.17880286563117,159.53599026013057,10.433061576688104
48.4112499,6.185977999344127,-5.318873952659697,-4.8357065546298355,42.97091027886004,167.42311072697075,8.435851854036313
48.4212499,6.509777611765061,-5.57616961988455,-4.362594717097397,45.04213107921527,173.8143524712103,6.833144064163782
48.4312499,6.7735465903670935,-5.924409350088543,-3.982499804742268,51.093946741069516,177.59197724103126,5.747610693380903
48.4412499,6.76914834356092,-6.262019984415622,-3.618775970406284,60.44573045106183,178.0225567280058,4.748855444432765
48.4512499,6.7972858459335095,-6.2257952374833385,-3.7166698672094993,69.54941247125531,175.48599700565762,3.320369292664015
48.4612499,7.189458235796022,-5.684977893396164,-4.1564843331082,76.46733547469378,172.06213051432042,0.878076496688578
48.4712499,7.500222868960437,-5.130576397669202,-4.2084862588090575,81.30887529389716,168.96900653738936,-2.833627484374976
48.4812499,7.467084051367094,-4.644813113715575,-3.9878674494513264,83.21446039573723,166.2208851692989,-7.047048442204602
48.4912499,7.477459481086629,-4.2711808224739105,-3.721642920868185,83.60682596325094,164.62808216063476,-10.618520616613642
48.5012499,7.725832632463013,-4.330175395903828,-3.2186564938223388,84.81399179241109,164.94234430879646,-12.241514284530254
48.5112499,7.881136419529487,-4.513006773850406,-2.813695354109653,86.02569896414617,165.99619308777395,-11.236900085626605
48.5212499,7.97556128127262,-4.413214916645567,-2.734254369415955,86.87041068603794,165.44162535962494,-9.02301257823852
48.5312499,8.230674227917397,-4.256656342444198,-2.712559218918846,89.1036584202189,162.0547163856019,-7.165767599126245
48.5412499,8.42913650845258,-4.118167130784038,-2.70347652247907,92.59082195176448,155.96160086220235,-5.8407933365530695
48.5512499,8.524054384726476,-3.9861309266162652,-2.7563809117043134,96.11183623912346,148.62420627786068,-4.52142028457445
48.5612499,8.662958408350098,-3.9458930733084676,-2.7802528701323257,98.64247044509479,141.43807088715758,-2.9995052256289116
48.5712499,8.805579776366654,-3.8086307066769414,-2.5910458040234623,98.39864771034912,135.19138994114587,-1.5288552805006494
48.5812499,9.054719964372723,-3.712107309602916,-2.2620397200771665,95.78699323457363,130.2839778076085,-0.24812924977822107
48.5912499,9.405200357786624,-3.8337645432383227,-1.9536559855481297,91.61918999935256,126.66460506217219,0.8585801388046219
48.6012499,9.607335683988133,-3.9886382737720334,-1.6721751206614341,85.93591310501708,123.08186825105177,2.028072493498963
48.6112499,9.762849848296907,-4.190379988494687,-1.4663673157944284,80.63305009956152,117.31552165163919,3.4387495263960686
48.6212499,10.00225338000315,-4.58240834196402,-1.3751087022928212,77.37712461450649,107.92853598969187,4.76660920817699
48.6312499,10.040790238774232,-5.024940951985959,-1.2869608613804246,74.93880514362317,95.59336160863087,5.861630915125042
48.6412499,9.917001229229854,-5.296569464575437,-1.2290586198243827,71.1296988567002,81.85691058283996,6.711090355282234
48.6512499,9.881005861226459,-5.317319907007128,-1.3028897035416,65.7844575960156,67.11545047758125,6.751036806746966
48.6612499,9.880338266885829,-5.278229826049771,-1.4331626546617322,59.62031196253401,51.52262958198797,5.78206208223229
48.6712499,9.792008094491434,-5.189808022152783,-1.4760202606556316,51.3457111809662,36.27144398715969,4.14554778954016
48.6812499,9.624082855469299,-4.991844803601688,-1.4269175133662355,40.208070955206445,22.65834960661237,1.9434395729408198
48.6912499,9.487905569319938,-4.928451632130974,-1.2343715403221487,27.410116793112596,10.89549820609421,-0.5821034365066313
48.7012499,9.598224118651439,-5.093302076806216,-0.8561780591675077,14.02185508303341,1.9589275328904026,-3.2294047620043784
48.7112499,9.901251445891702,-5.376815771695767,-0.38060061214754853,0.3302803522307994,-3.7163687395532383,-5.552334994782601
48.7212499,10.201413047706291,-5.801222320884031,0.029436162309696888,-10.605013212426622,-6.984328582822635,-6.6561875028911315
48.7312499,10.3870517033469,-6.213137601797019,0.2783075798306386,-16.39588707576096,-7.735229583941307,-6.469549358579375
48.7412499,10.324599534412934,-6.45531348381962,0.5183010914236934,-20.381210556266062,-6.904438590519795,-6.301455591562847
48.7512499,10.112780415977323,-6.542475549398901,0.6922194381546206,-23.833887422740183,-5.367347309797574,-7.04453531097555
48.7612499,9.8417003721082,-6.5223701856853085,0.6294423628104155,-25.534614590920995,-3.5841427909097168,-9.098180675265231
48.7712499,9.568352604033503,-6.5135833569607415,0.5173199912732092,-24.665437671315807,-2.2353998306420033,-11.897346543447602
48.7812499,9.309319017232701,-6.444308630459044,0.5032247910891714,-21.855264060958177,-1.6111408169697004,-14.620240206812177
48.7912499,9.002448937903871,-6.214814757245947,0.4998941529104488,-18.186763567016047,-1.2830227925049438,-17.175144103747527
48.8012499,8.721520314525272,-6.030864100960065,0.47054028129216474,-14.118416543463088,-1.2271765305464981,-18.908950726435005
48.8112499,8.561919432013488,-5.890325585891754,0.324180507812876,-11.084999620993859,-1.6140757766487321,-19.588681674689408
48.8212499,8.556066859177001,-5.460098422727322,0.168379645355092,-9.92510349103321,-2.4014889125863776,-19.998989674382006
48.8312499,8.658882650044088,-4.930183164519399,0.1959592476174427,-9.706415223804752,-3.251401253711677,-20.613575991765536
48.8412499,8.743702598942969,-4.6651123436434245,0.39055923037542245,-10.246326900138225,-3.701115786464606,-20.97932048357606
48.8512499,8.641462741584526,-4.429268252575815,0.5289602126659502,-13.804145970879635,-3.3690416720875724,-20.80414004317676
48.8612499,8.375619764370374,-4.133349425039451,0.4305206725540804,-20.201050242931114,-2.4816597237973395,-20.30115000961406
48.8712499,8.065493111112088,-3.9638485178447755,0.2419801107156594,-27.310208132041573,-2.1294482173533935,-19.845935384817576
48.8812499,7.776101371021294,-3.9149727231801217,0.14135451444309013,-33.54980516863575,-2.4612983514540225,-19.141045676656976
48.8912499,7.530094570972726,-3.964836749644553,0.11699537812700139,-37.24433666697906,-3.041553584725165,-17.51584237078414
48.9012499,7.350922753685195,-4.047553094652582,0.1172999295327072,-38.012596604399434,-3.7338631237178372,-14.849866685163644
48.9112499,7.242161670755921,-4.165858102820536,0.12385714713929817,-35.40139257552482,-4.439207009935895,-11.175133323149987
48.9212499,7.145426858504441,-4.226636804365801,0.13822408181163248,-29.86117883022089,-5.083832708656019,-6.55055992616722
48.9312499,7.159195421654541,-4.165044153525701,0.08669121993437874,-22.293366316854975,-5.263507000709502,-1.5741058065717988
48.9412499,7.3084258448457184,-4.090799952351651,-0.023943051206279795,-14.337142002164112,-5.264638159374489,3.0440527497139027
48.9512499,7.452140091020531,-3.9689096130797474,-0.11298943931983513,-7.760644763651216,-4.99198827892809,7.346706301595391
48.9612499,7.4682933327025065,-3.8490154064128292,-0.1878177215832987,-2.682350972267046,-4.331392986197526,11.42950129268135
48.9712499,7.388632912587951,-3.7869784194024203,-0.28146455187259534,0.5642007382352618,-3.5094251013075968,15.066195854172772
48.9812499,7.296471398300079,-3.7386312596325117,-0.42123082990321226,2.2884968016097207,-2.802099203527773,18.201401584299706
48.9912499,7.177542140019327,-3.8600484339941543,-0.5786995840621857,3.1009132751023403,-2.5581947850522893,21.07692631796552
49.0012499,7.024785174169281,-4.094287711270047,-0.7368487064162466,2.778944441583281,-2.5618692619550782,24.223336263165727
49.0112499,7.077928722950718,-4.363281551301721,-0.8259096901932031,2.562112626705112,-2.528667076364226,27.17961915314743
49.0212499,7.34934063804668,-4.654242360378366,-0.733585723725619,3.096351387218646,-2.4295131589366186,29.867872354505497
49.0312499,7.460515961886645,-4.91098195130745,-0.5662158983811848,4.073664153987058,-2.052518781276158,32.672678524304935
49.0412499,7.33761968375424,-5.143926026363064,-0.46689134563316786,5.623503909251983,-1.433850286956186,35.40523463505029
49.0512499,7.156104747110081,-5.354968895493414,-0.49720835460255486,7.518593873438465,-0.9149103886012514,38.059903775237856
49.0612499,6.931151513832794,-5.522811485259643,-0.6320216596736711,9.737002830028763,-0.9362170922583555,40.42167154689788
49.0712499,6.680825625921228,-5.693398861765616,-0.733657149568019,12.051368372639239,-1.330405421761556,42.39936013812054
49.0812499,6.476596263169752,-5.8129733266299315,-0.7647532381571759,13.68357473046937,-1.4930976937434535,43.96532410751124
49.0912499,6.267316703912563,-5.839680008309592,-0.8129168947995736,14.582723414900332,-1.5154132779460339,45.41756250845652
49.1012499,6.07181747054787,-5.811338958616021,-0.929374856077515,15.551962378044037,-1.9199923634398262,47.09381687322662
49.1112499,5.940580979126061,-5.8472539314995196,-1.0420774377509334,17.437590152284802,-2.493572588871178,49.72315131094762
49.1212499,5.807189122612846,-5.955787505912282,-1.1218273919891315,19.652034981828734,-2.818801523268954,53.28312000067171
49.1312499,5.634766673276657,-5.89127655998362,-1.2381482135830226,20.809185851815585,-2.554503749789025,57.34670562819633
49.1412499,5.424757858483663,-5.715055845556554,-1.3920344562407898,21.430502456433192,-1.997098430493284,62.01686109184284
49.1512499,5.16666597031323,-5.598413200891684,-1.5131473919959542,21.72102404534897,-1.2274558992878057,66.55952249756082
49.1612499,4.886398940016295,-5.512142611519012,-1.6092615794535037,21.285761038308486,-0.08234812019842314,71.20648596657553
49.1712499,4.606638756046761,-5.469073789648373,-1.6547039595689226,20.552030968632256,1.4915764717989524,76.25463187390159
49.1812499,4.278450785895658,-5.606674322106952,-1.6437429628217435,20.338834306979734,3.0359113729957605,81.9393869717362
49.1912499,3.9409013628468292,-5.772089476770032,-1.619593394577631,19.736321788130716,4.505883695959776,88.47013744070735
49.2012499,3.5829063189334374,-5.818050211426199,-1.6297108095629094,18.720678371040425,5.735209584202914,95.40911090970046
49.2112499,3.230259598367755,-5.878303794359737,-1.698191083922911,17.895966606815126,6.427346052452504,102.9316025557427
49.2212499,2.9937256517995254,-5.914499633018667,-1.7976440545352763,16.637409425432857,7.325949238334036,110.99413285733009
49.2312499,2.835377812610036,-5.894373136460514,-1.8277311617040577,14.205165465341834,8.603848222491791,118.84251647149758
49.2412499,2.5593122612127415,-5.842509792983644,-1.9058791341098082,10.536486392245031,9.672999485602247,126.81699722080907
49.2512499,2.2630425490918764,-5.849369039278745,-2.1434041591612343,5.779956789316927,11.20453990241493,135.0806615562613
49.2612499,2.157396090842078,-5.876317381798975,-2.3290874031818802,-1.1085006664138228,13.607191145766379,143.44175713040377
49.2712499,2.0000481330890714,-5.759604025844856,-2.383166588944447,-10.31853702462021,16.26192188774154,151.4087032913306
49.2812499,1.5678244223477373,-5.7716137149776,-2.6219305208655,-19.023631877122458,18.51743550271978,159.409682982585
49.2912499,1.085249049434956,-6.196471672309707,-3.030831872157863,-27.06183767847723,20.224253012955153,168.47086629442893
49.3012499,0.8495174805851164,-6.760686680323871,-3.3739158860083087,-37.16343405949665,21.86433999033458,178.88909899313185
49.3112499,0.6924370080304575,-7.268228613872083,-3.7646972569347263,-49.28775436526623,24.01280227623412,189.43643204412726
49.3212499,0.407604406667321,-7.800030827759693,-4.101545323071579,-62.9265970459089,26.594004224983426,198.49497876202173
49.3312499,0.07039314460217065,-8.26998592268361,-4.354961660885618,-78.37007984006655,29.548754397914227,205.97243246693452
49.3412499,-0.2362027725229055,-9.061830724095573,-4.823983014838211,-94.61850297438063,32.98207485742753,213.12261051464097
49.3512499,-0.3833527396285627,-10.2849952775695,-5.396419462418437,-107.73009896105286,36.481049274706095,220.08645093704402
49.3612499,-0.3350085688626854,-11.345064517709584,-5.836575320501482,-117.55567325203968,39.909406177948334,226.4656860558742
49.3712499,-0.28680617119692614,-12.252715788542346,-6.322309556611281,-127.38134881616138,43.92711278270289,232.66385972250112
49.3812499,-0.2880844202231231,-13.327537433147304,-6.852761886675379,-136.06185493791799,47.53903536532049,237.89063855220672
49.3912499,-0.1572818022266456,-14.592884015116027,-7.274434192852672,-142.37914418873876,50.01377411486943,241.71485752750598
49.4012499,0.22151979998013505,-15.999662615532156,-7.521572417350366,-145.10740238314028,51.55549402996215,244.04723271145372
49.4112499,0.7829646665625106,-17.42827962999439,-7.7495922489800595,-145.2353898867548,52.29309207866253,244.7139075901966
49.4212499,1.3660185108927083,-18.50373324396048,-8.109762766394109,-146.25743372214092,52.4423823131779,243.3362162299812
49.4312499,2.0742317433993676,-19.256553268335534,-8.426209067289617,-150.48537990845597,52.35716697775716,238.63428396251962
49.4412499,3.0176513058427865,-20.21450135033427,-8.379940021628626,-155.98155936839862,52.51196560263878,230.05543041377672
49.4512499,4.0268729471295375,-21.284362655451083,-7.954019631586559,-162.1466219461794,52.38295700152004,218.09598790026573
49.4612499,5.048816459013044,-22.144152229244554,-7.677292418576475,-169.3249411217394,50.7677497101775,202.70733274582938
49.4712499,6.282296101662623,-22.975089588411063,-7.728276012788731,-176.78159268846144,48.000821163915795,183.82813482622777
49.4812499,7.697621745963684,-23.93271430406159,-7.811896174399779,-183.11369246248705,44.04709687185211,161.106714433566
49.4912499,9.307372262344984,-24.87874353381287,-7.94593761758212,-188.0673516965395,38.91197092732261,133.97663226956553
49.5012499,11.198319259129836,-25.3421689132966,-8.314116787151997,-192.67484811271737,33.74335873272287,101.76272715281105
49.5112499,13.276444702138171,-25.265659089794852,-8.525596306048255,-198.62305072457792,29.081707014295077,63.79189138526907
49.5212499,15.217350212940312,-25.077742054326546,-8.225103243519705,-206.43883300667707,23.92704735526998,20.875813140513056
49.5312499,16.841792979615107,-24.599282332577534,-7.540771074749582,-217.26985452263085,19.21053252586396,-24.979012600713144
49.5412499,17.98108547135625,-24.031931698189105,-6.344204773722019,-229.49427012083734,14.847029261238456,-71.57348235444661
49.5512499,18.960743080180936,-23.98060973905362,-4.4286485767444566,-238.599216650281,6.187236993732453,-125.19016686337261
49.5612499,20.172779542140983,-24.328041187577522,-2.124095040641863,-241.21202327739442,-8.727452209889744,-180.18369253650306
49.5712499,21.863261646441764,-25.117535738298056,0.6652534762975376,-239.16667357750057,-27.99433218480066,-227.1824523050041
49.5812499,23.855327257731318,-26.281298175650605,5.104117273638211,-241.45185728600703,-50.61591445585612,-276.1147854729361
49.5912499,24.828535224935713,-28.26134138547276,10.621202502818127,-246.0792942444147,-75.78802581247085,-329.0991113562523
49.6012499,24.24762439981514,-32.5745136038242,15.336227851815005,-247.44748964543786,-102.39711921700336,-383.27889181614904
49.6112499,20.899668151816417,-38.04573605996169,19.087857193724076,-250.491004059541,-129.6524088115227,-444.3754945809124
49.6212499,14.808151043745653,-41.5799018986918,21.46828002338502,-255.9552347073669,-158.2386034096952,-493.71585008077034
49.6312499,8.72057657949573,-43.03341755240867,20.634367303374074,-260.0515458122913,-187.55534649870128,-501.969774079816
49.6412499,3.04047717264946,-43.90374165025607,18.059363017519523,-262.8612058672123,-214.0888465061663,-499.1720905868116
49.6512499,-3.662472640219437,-43.71115978846425,16.75152885960064,-267.03551377248345,-237.28927305225474,-500.05834897383113
49.6612499,-11.233027735193515,-41.160591024527,14.960093103803349,-271.9121399438279,-262.2876841898148,-500.3711363475967
49.6712499,-17.96416627115263,-34.4074024146458,11.082478029931675,-278.3004645778693,-280.4581228335756,-499.58845918470473
49.6812499,-25.422099649633648,-25.984802976124797,7.665368826591176,-282.38051220071753,-277.5381293467199,-499.3745270855787
49.6912499,-33.743982455913695,-19.632531280001245,4.761850263880792,-258.3481819391715,-249.35917056099737,-503.98081839962555
49.7012499,-36.99530155787599,-12.55361424980922,2.357209854464549,-205.1305586539833,-189.59290727351544,-462.84987148208256
49.7112499,-36.56823292482564,-3.9135275867595563,1.7950648867934282,-136.93921207975188,-106.84793778983038,-364.8900231633098
49.7212499,-34.5226110061832,3.3610887579557427,0.8127891309657764,-63.23116098623601,-20.224569212903887,-279.5627549475408
49.7312499,-31.153609191246275,6.976029528070282,-1.0027354500946737,8.048837353699934,54.92615354836288,-210.41984751018347
49.7412499,-29.265908835675855,6.450988611606015,-4.380983924995106,71.17457731698086,111.9556544800233,-143.43107789597656
49.7512499,-27.569813846886877,4.563586295392876,-8.042599864513933,117.7521579128157,148.713801352622,-84.46743366433354
49.7612499,-26.155739109235963,4.472980561389843,-10.303220556704826,128.16411054527865,168.2503230236088,-39.83430084269735
49.7712499,-25.762927304883807,4.525955554754112,-11.081272195305857,105.75626012281266,168.20154095629007,-15.717780190488206
49.7812499,-23.913157450632102,3.31104179527295,-10.923079350857419,82.94819779892144,151.6506621137164,-8.26181247478833
49.7912499,-20.20725751962274,1.5419564705918192,-10.34875857209637,75.82098337542439,126.32489713149089,-2.7767191789425913
49.8012499,-15.909031338428878,-0.17996899517047366,-9.632483932651546,82.32530585115342,96.92430995238368,6.354579537915158
49.8112499,-11.204932631208944,-1.3399992089957655,-9.094195968173018,97.26479613599477,69.64393455900957,19.373840879678443
49.8212499,-6.588408342223924,-2.051081658291039,-8.694523998591048,113.56407757281053,49.35113007851151,35.142117272724064
49.8312499,-2.498787393713489,-2.548110382706154,-8.364341526439098,123.59808357999644,37.549887181493084,50.923947864892
49.8412499,0.7138192887313879,-3.207593334216729,-7.870781136515204,128.22938230501381,33.333048059512606,64.25900220008972
49.8512499,2.592934642096068,-4.0394268984009,-7.621225653330106,128.10501754952148,34.34263091469264,73.28852497370187
49.8612499,3.3984239497961375,-4.409398693169763,-8.08037068325259,121.82648929543372,37.8696323442856,77.2300847967906
49.8712499,3.607954932612639,-4.3823016915015565,-8.852697845780842,110.06004453932941,40.243003894987574,75.23624095848577
49.8812499,3.854905275104086,-4.69213437838973,-9.656117223824301,98.85863331961772,41.69924358256026,68.839003796504
49.8912499,4.130139563970648,-4.552269785187229,-10.365479533151605,85.35686032743702,43.27151761589481,60.48523203959605
49.9012499,4.151373454017427,-4.108061040099633,-10.554138310017736,69.21712000783228,44.32251218295217,51.234043669783595
49.9112499,4.10481196929668,-4.177028428723152,-10.05789058888201,54.73224986285877,46.272228870713434,41.49779847531283
49.9212499,3.957628925498021,-4.187531346727187,-9.292603008320254,40.68558411834262,49.69370020214171,32.56491510326175
49.9312499,3.6658934761859774,-4.1820407715001435,-8.443171282728416,28.50518441113156,53.85307659799428,25.628742197562673
49.9412499,3.370685216280841,-4.844094555684502,-7.437371167749577,23.587500288448883,57.60454562051345,21.66964959006367
49.9512499,3.2195100539193815,-5.672443104755639,-6.549644074287729,25.30335201980527,60.0922021892051,20.902845587051065
49.9612499,3.1692697329664026,-5.931244025634069,-6.036281991016969,29.637879185599832,62.09044158018854,22.245813931490385
49.9712499,2.9875452555288082,-5.875153658151169,-5.979548767823642,36.91775598933334,64.27012409878935,24.453276792288683
49.9812499,2.7750830546756964,-5.470156961982482,-6.344695010320801,43.14714550187258,65.55352261224712,25.463859808934085
49.9912499,2.7691293801421577,-4.676154227732742,-6.798910034841667,44.11856972541292,65.81865263936822,23.923186418005432
50.0012499,2.9273711053132563,-4.062049855780513,-6.98599400687455,42.09580758726406,66.12775370498892,19.596501401964375
50.0112499,3.165335141856288,-3.7616422732853607,-6.800356944853935,37.74786055836385,67.08080718081669,13.256096593903472
50.0212499,3.440634087843732,-3.850604743285926,-6.367723193525572,32.94630562170847,69.47550992449247,7.230171949998371
50.0312499,3.742036162403876,-4.389485302946117,-5.881984563721191,30.85405817163965,73.9358261736964,3.0010985324768984
50.0412499,4.0473951582298575,-4.970122727735631,-5.479155263814121,31.583722943379108,80.15008425923709,1.3803337296718687
50.0512499,4.247207037527547,-5.303304332088001,-5.305617957251905,33.691760246026085,87.59306990321501,2.6945831169610086
50.0612499,4.031281267334843,-5.520456248508981,-5.293819264486264,37.50886748451475,94.0895072059376,6.318283529867387
50.0712499,3.646675784425318,-5.458739242051313,-5.395985925700328,41.68567377823367,98.51888994610279,10.864818307062531
50.0812499,3.5691968142846693,-5.058404107711746,-5.648094868651049,44.16016555280701,100.92179884290375,15.195139941699745
50.0912499,3.639536060094326,-4.84620777082985,-5.759703953474101,44.94972841073778,101.32946738588554,18.911197117569753
50.1012499,3.6605270372175998,-4.779996375510665,-5.687796789031039,43.73178878063409,101.80567742355622,22.070865692610905
50.1112499,3.639876544133828,-4.5500851143718135,-5.644921533481918,40.481719228696946,102.61248772049063,24.63742776713136
50.1212499,3.9706259401039072,-4.517086007539684,-5.4615381915661665,36.6716053866915,104.1675301156878,26.087388509409934
50.1312499,4.629960911996536,-4.555171164976113,-5.1561494325146136,32.11511965658429,106.94189000864952,26.12843637209687
50.1412499,5.125759765062528,-4.645012858729551,-5.028903818746398,28.435442864076375,109.44884535612329,25.006741044541894
50.1512499,5.45675270042302,-4.961371102668805,-4.998787012137776,27.311329104585063,111.69050179005148,23.3041497180406
50.1612499,5.686827233041497,-5.429971873004426,-4.906937046450118,30.53022693025628,113.845687776569,22.525757642655005
50.1712499,5.8348049093599625,-6.120720348606318,-4.753003049569757,38.651828191714046,115.80337875652765,23.913948129000392
50.1812499,6.056802850090909,-6.856899645217966,-4.730732807893574,52.575049738832114,118.43507838291258,29.117019487523322
50.1912499,6.456576677572811,-7.096771210255267,-4.9228434489996085,67.97864287855836,121.26741913686011,35.88315987217037
50.2012499,6.94252503089577,-6.810950730578109,-5.078492190466867,79.19432561388912,122.52280420406429,39.746864811006645
50.2112499,7.488131351301387,-6.223979601008086,-5.116078285023922,85.64894005288518,122.2343134057195,40.215941865247714
50.2212499,8.123729025174539,-5.693838678030315,-5.1780866456773476,87.76706694165637,121.18479544668077,38.3845791340655
50.2312499,8.78963288923051,-5.69273370593926,-5.267428723700326,88.40742394851313,119.86588625921635,36.160096283985645
50.2412499,9.099925936204393,-5.73618182754664,-5.296793766453233,86.00171331555326,118.93314701527503,34.557413429437
50.2512499,9.035050514151107,-5.709751152159778,-5.141671842712794,80.64112780666449,118.95392846571642,33.41819876877753
50.2612499,8.924291894107323,-5.944761687939469,-4.8269594219412415,74.97327174517164,119.43073841664904,32.39973860442505
50.2712499,9.008077770880915,-6.3220620137331425,-4.6385379146887065,71.48838489399807,119.4210227441358,31.098649375351634
50.2812499,9.259364545198096,-6.744825627169321,-4.624848873596441,71.85566663771205,117.63884378952548,29.62088153090617
50.2912499,9.36406395435472,-7.035074110820809,-4.5515637526366355,75.07810558873503,113.65043243419136,28.397863468800438
50.3012499,9.238950239029542,-7.121693648981965,-4.323923374873811,80.03076125072161,108.76907852477362,27.674179637036673
50.3112499,9.220296008736305,-7.259705764190215,-4.08337951384662,86.89765235058199,104.92344321872409,27.55997367712386
50.3212499,8.741781693599266,-7.200699869585123,-3.8870253090521345,92.16455698158114,99.43933408489842,27.997081066046672
50.3312499,8.06208538398552,-6.94163409795518,-3.7581871570341194,93.91635327276983,94.76162519331905,28.585723283795822
50.3412499,8.047849662552917,-6.566150799150545,-3.798985034118882,90.91482364298055,93.35259485542771,28.207144703592473
50.3512499,7.89829858019439,-6.036723695624225,-3.8626168180586733,82.08775434464373,89.51347217626508,26.508845241941014
50.3612499,7.285481602499341,-5.498116853998047,-3.7729039189124105,68.41352311282164,83.08748137211444,22.595662752906893
50.3712499,7.311095084890294,-5.37587271541054,-3.6491391401933275,54.15645478003702,78.28750424027461,17.50043381674484
50.3812499,7.901353995049179,-6.005623198672952,-3.560483374681262,44.114015791399424,73.80870814612925,13.69207711975926
50.3912499,7.86278153490477,-6.977228189337864,-3.5324767548550513,39.06415961184477,65.29258119357584,12.647726026520559
50.4012499,7.38142885381291,-7.642320137402503,-3.476347302780669,36.926822321278514,54.79637822624417,13.890372180994195
50.4112499,7.153506818897822,-7.653338214343914,-3.2971871738341285,34.861858508646236,45.75567605047968,14.863124840192032
50.4212499,7.181081670464007,-7.682192354545998,-3.042566551553029,34.56816369873791,37.45365034681825,14.675057411701923
50.4312499,7.110584335871648,-7.861580705979888,-2.824556343029197,34.53125606326065,29.232003266563854,13.89732623344049
50.4412499,6.900199219230507,-8.013989939649516,-2.6739249025143135,33.70989181438564,21.30243743580873,12.89940900804651
50.4512499,6.736767193287903,-8.188894633841395,-2.5801080043239217,33.7802903946912,14.37131362669606,11.442217649130853
50.4612499,6.622527557192896,-8.178387996570981,-2.557937268286236,33.019692987954656,8.177354920789819,9.433633705216828
50.4712499,6.606256950272396,-8.089201576117155,-2.609609766008111,31.302609855566565,2.7802536943588128,7.186924382475658
50.4812499,6.6406239672246175,-7.913343479111092,-2.652873394616973,28.178275231910526,-1.888393360993872,4.671960091735233
50.4912499,6.665027252291638,-7.665471005498906,-2.584492733279571,23.72084650807468,-5.677410844911365,1.9416398681569762
50.5012499,6.689582378191514,-7.531099716177004,-2.449228325590572,18.539139228028745,-9.029356783471876,-0.8179452468643653
50.5112499,6.730484529297779,-7.51177444630752,-2.321782946268541,12.544174097595569,-11.387462310514818,-3.0988177328021727
50.5212499,6.801196309998549,-7.478047987183048,-2.1847802309879683,6.3251188117072585,-12.133483908146415,-5.0552472271148305
50.5312499,6.913050414651826,-7.413134152474104,-1.9986375587940655,1.478558267684492,-12.545291075784723,-6.877177488546432
50.5412499,7.105150072724262,-7.363048595922662,-1.7352104511372337,-1.1819753502299988,-12.931067282650165,-8.37082808155045
50.5512499,7.277720526936408,-7.40313731940006,-1.4334804388425924,-1.6625196100717172,-12.832701058389823,-9.532634118147238
50.5612499,7.2325268518078465,-7.44812854483132,-1.211239870812818,-0.5605364490493178,-12.586600412922394,-10.499143713772229
50.5712499,7.062478735127026,-7.383857506132991,-1.1842195349355247,1.8072828724053476,-12.689433849183628,-11.39207950468325
50.5812499,6.9683228146835985,-7.333231834652313,-1.2651817831307517,4.99050967230159,-13.250159075239399,-12.25863490170741
50.5912499,6.819831435737032,-7.247785241110147,-1.36521559858151,7.09676715215275,-14.079251427440374,-12.961302612258635
50.6012499,6.605250962895289,-6.9821825186339295,-1.5288184580069109,6.329410719050514,-14.63458501437466,-13.809241138538459
50.6112499,6.494505508005439,-6.721943197674737,-1.6824391706216686,3.1541570102610508,-14.620269545111594,-15.001587573833245
50.6212499,6.528659937726824,-6.68173199798881,-1.728556470365622,-0.5489756475771317,-14.193922755794896,-15.850961311182033
50.6312499,6.576718592706325,-6.763737429640725,-1.6750036314716774,-3.8467170513818876,-13.331242270035103,-16.293046119415976
50.6412499,6.596036437819655,-6.874934436435305,-1.582981039861297,-6.063380030587139,-12.135911622896579,-16.207756354602896
50.6512499,6.577979505429184,-6.97152084453575,-1.5236838509343935,-6.548899898471388,-11.00454200753442,-15.727688612712889
50.6612499,6.528068079735089,-7.1360289800453005,-1.5269949656583715,-4.998152454833989,-10.202195411778098,-15.010827935661428
50.6712499,6.473546983039644,-7.339448281715218,-1.587061612545077,-2.0982386059273184,-9.314437044854875,-13.838049962197688
50.6812499,6.388132531751096,-7.454106104713485,-1.6557510525188985,1.0978238519771368,-8.458977988586062,-12.482965672111533
50.6912499,6.306998679742315,-7.48380620190688,-1.692833285889773,3.7861338093854213,-7.807241285766431,-11.591648100380821
50.7012499,6.311099119987933,-7.447729865615039,-1.7115346322076548,5.496747029536041,-7.106818930371776,-11.191626009590616
50.7112499,6.368481834901025,-7.432255212279269,-1.7026618315762465,6.563537859831293,-6.182773574539957,-11.313685617557363
50.7212499,6.394066720951254,-7.496431902873726,-1.7051191826748933,7.4305280467609816,-5.202861870786536,-11.313552244042295
50.7312499,6.369271323685297,-7.544517193750681,-1.7663075051267518,8.409062381281734,-4.261900509323289,-11.145008735052047
50.7412499,6.329168751958418,-7.469285390234351,-1.829295941038461,9.24455952708314,-3.2129721653597665,-11.089033706390074
50.7512499,6.257073211812402,-7.28347254528531,-1.8907706625691776,9.596592013501299,-2.0050629320444457,-10.855471145960975
50.7612499,6.199318993023194,-7.078349013408705,-1.9646493300452126,9.568937191506961,-0.6905288280092451,-10.2867825483913
50.7712499,6.21619569103194,-6.88778382746612,-2.0102163880134145,9.358440404424092,0.7742292032203612,-9.093154444222652
50.7812499,6.223869370238666,-6.7111551827216545,-2.0179939388964043,9.316164882690785,2.326036242299762,-7.293348970037884
50.7912499,6.1355804509792,-6.544631936523723,-1.9977404599334543,9.249558470406798,4.1784573265050815,-4.98941043187474
50.8012499,5.936345288183033,-6.369869441292038,-2.012142121543701,8.6582218399306,6.1360241293727205,-2.081008822650464
50.8112499,5.658557724375296,-6.136867632454848,-2.1078093134344056,7.200191819710098,8.028607828661517,1.2307914314414583
50.8212499,5.383023434270347,-5.945994800926309,-2.1907143598602095,5.4389508922957255,9.584529354620777,4.306313088903979
50.8312499,5.112711779390469,-5.851176118777452,-2.1836862806464645,3.6361570794682736,10.487208214357501,7.305125593016267
50.8412499,4.8135712721170085,-5.73036132127978,-2.1444288800300955,1.4457026795639105,11.063452531778777,10.714596282086129
50.8512499,4.548513929310498,-5.608768981361504,-2.0848129386732954,-0.35266675433292793,11.472940217094832,14.710567713904656
50.8612499,4.291520094377676,-5.462427659630534,-1.966148393133297,-1.6028084171049453,11.57159778738692,19.547104819266863
50.8712499,4.002817869502562,-5.308043633501413,-1.8337036401157605,-1.9721014669232324,11.419408277033263,25.5443939086477
50.8812499,3.7500796500457976,-5.2578689554653035,-1.7073477461086475,-0.9306716308970819,10.922229252381413,33.024824512120105
50.8912499,3.5135935615762475,-5.195080245140993,-1.5540848942759493,1.4084006031652945,10.20682869716244,41.80841641722277
50.9012499,3.1684546446337163,-5.2012510478666645,-1.4027473120654022,4.944476354625988,9.109706119609966,51.59037618487453
50.9112499,2.747797103251097,-5.40962818371654,-1.4113597250120822,8.32536566300285,7.52769406498665,62.16817312132255
50.9212499,2.4324442095587937,-5.364006432413412,-1.724088766912135,8.724773771741955,6.1403165339009025,73.19193672754459
50.9312499,2.116062146310286,-5.097220086090481,-2.158370248807654,6.123627503528636,4.791810124299741,83.50706630337505
50.9412499,1.7518709838612385,-5.194639304880702,-2.4563767865134527,1.7592912505433018,3.684882381303178,93.02931915652152
50.9512499,1.4943750104340903,-5.451713562193039,-2.669704799683735,-5.702113420907403,4.347062383182649,101.907926681672
50.9612499,1.284584002552107,-5.511178687026324,-2.9100662947225318,-15.404432931549646,6.378368233140164,109.43203180225905
50.9712499,1.0797901139754384,-5.658359430564577,-3.078908120459734,-24.258043535363022,8.53448708041171,115.74814593500206
50.9812499,0.9641683618095543,-5.99514695713887,-3.280962618795649,-31.11830279752293,10.752714434505132,122.36529148310332
50.9912499,0.8168082116369977,-6.346504349550641,-3.6371187159923783,-36.04434645774567,12.98544039079829,130.45820870078904
51.0012499,0.6854058299157834,-6.711216992245145,-4.018904053342738,-39.76226411118215,15.036426835892476,139.67327968808223
51.0112499,0.6767208272949925,-6.974113370933357,-4.445478756917429,-44.412043923174124,17.12842358445398,149.2648957316974
51.0212499,0.4992669647821936,-7.096921645278151,-5.077947164363402,-53.116319111902136,19.978549768395396,159.7182991167829
51.0312499,0.23080797926525157,-7.4624413216454215,-5.607300307709012,-62.79435078835179,23.317412587838117,169.8353466762956
51.0412499,0.10127442003479993,-8.139837370551756,-5.928640353819612,-70.88730979497275,26.624457594377454,178.941854038437
51.0512499,-0.03377506225955262,-8.953870135746737,-6.260392482111192,-78.55244361085579,29.979102429943584,188.06022282659555
51.0612499,-0.05216679953282969,-9.829669133204108,-6.605194641090387,-85.73515705730053,34.256491417240575,197.34465133877111
51.0712499,0.06570407643439666,-10.601081409085493,-6.934598025918833,-92.57575781763069,38.301978861578455,205.70671012886126
51.0812499,0.2522627964193993,-11.445686512187786,-7.16725848377961,-98.29911838776717,41.62307188063824,212.01621426915614
51.0912499,0.5313909477011978,-12.57572240829743,-7.2282230466504735,-102.44550199103497,45.248197933327035,216.77940889920066
51.1012499,0.7524779915527114,-13.477172886870529,-7.217216253247399,-107.3510677420649,48.849952106418236,219.68004224251376
51.1112499,0.9159906626810062,-14.220974536200224,-7.190145823424642,-112.78735377547886,52.36888381259765,220.1137466637759
51.1212499,1.2019604869237555,-15.24102631345732,-7.184858573845444,-116.85708528746895,55.795297161404946,219.18833714860386
51.1312499,1.5732382761132429,-16.162925348786928,-7.221175038280898,-120.04729920139091,58.886011626091154,217.72476655703454
51.1412499,2.0699879917509008,-17.10439930315612,-7.096732047213035,-121.31448795705695,62.16378406906942,214.93165111204826
51.1512499,2.6193857415234207,-18.187416035071333,-6.836915228567959,-120.69578600450619,65.10850384970297,210.0569200051373
51.1612499,3.1598291483606604,-18.86020701673077,-6.702745588542101,-119.95917918862813,67.61007813829323,202.339590090182
51.1712499,3.909677941015082,-19.359777368177973,-6.744828407091449,-117.38133565462293,69.47431971598957,191.09887417638615
51.1812499,4.925982128708505,-19.834353132014307,-6.816413166249589,-113.9409991944559,70.72355853057536,176.71249975152224
51.1912499,5.984132399461032,-20.092824069765012,-6.694050588729695,-111.27235018157907,71.45073039872055,159.91568087740566
51.2012499,7.252497304292566,-20.279434136472297,-6.353843609716392,-108.75873240628547,71.81447315464109,140.14097958477558
51.2112499,8.757332135695536,-20.306988647176798,-5.759821327484428,-107.73546198370931,72.15164750474597,117.88776787347999
51.2212499,10.322452660993763,-20.177746073735918,-4.620151986274425,-107.74548324066144,70.14293712545253,92.6337547484025
51.2312499,12.65695187556916,-20.271772167785123,-3.3514729181643306,-103.6220559791569,62.09959634974867,58.001433431318844
51.2412499,15.125983584519481,-20.16229008309537,-2.4827038762162155,-96.83063900411275,48.57799379307317,19.55232731954981
51.2512499,16.97023688540872,-19.81711067483574,-1.9382060459555612,-90.19219402681806,31.89995356384282,-19.093329186636662
51.2612499,18.592976913834235,-19.77143332738243,-1.7488184577451726,-85.07948199460347,13.751482352264848,-62.211103459461725
51.2712499,19.722066570080464,-19.570644089773058,-1.4319186823968966,-88.83883367543979,-3.618006852174618,-108.21369824830158
51.2812499,20.64352748736204,-19.432034959296914,-0.382389329374424,-103.22783835590661,-18.330816858483256,-155.97468090824026
51.2912499,22.634476855308005,-20.13443882672635,1.7861780280556832,-121.67341310279161,-29.029405004784536,-204.71530367441096
51.3012499,25.627628011532508,-21.79840615715845,5.996435203574514,-138.79454476848574,-38.7019958034651,-254.00692261870054
51.3112499,28.015697010583214,-24.77890361025528,11.725684899480667,-153.20725383618262,-53.4554007374199,-305.6365223781483
51.3212499,27.76530661068379,-28.633440171173852,16.213620969597862,-171.148271777696,-75.87835045412982,-358.9685409865393
51.3312499,24.407253475140536,-31.74076591109403,18.107475419038067,-201.60698699064062,-100.50514138624045,-416.6713645550797
51.3412499,19.313089133373964,-35.4490690010611,18.53847672682811,-235.32258211410007,-120.79247710831793,-476.76200449944037
51.3512499,11.695186174280737,-40.53680568873108,18.057363540070643,-252.40141506126517,-144.05324688329554,-502.3097429139136
51.3612499,1.7019078455948708,-44.23657194867317,15.938303570197824,-254.68919739228562,-185.8742958669829,-499.6706115417683
51.3712499,-7.238219146190821,-45.599575733270925,13.069602286253817,-251.55599689727364,-241.65205764369603,-499.64671426904437
51.3812499,-14.828458082872286,-41.60366095873458,10.749290475236796,-246.9590533025226,-298.2673621846351,-500.64046827285813
51.3912499,-23.42786652759822,-32.03891160013059,8.825536749599411,-240.4124065649475,-343.7880582686855,-499.0859951274202
51.4012499,-35.23008340465481,-22.261148348643754,5.037354935933063,-234.90189196869122,-365.56308776671546,-500.4963419864302
51.4112499,-42.2724142563862,-13.452052714335943,-1.2180337002825004,-224.98812040946362,-344.4266044194169,-501.99041696098664
51.4212499,-40.28073217101261,-4.028741038269246,-2.6755272042513,-198.6466768368826,-286.1414459573863,-446.7555213263399
51.4312499,-38.39009477748146,6.102326472844925,-0.9856254768946189,-169.30524422380867,-211.15658546611368,-344.4689894608227
51.4412499,-35.91318995829656,12.054305913441238,-2.397548159215771,-130.85543654713604,-111.89592840583242,-244.299290413755
51.4512499,-33.01500336570356,12.077002074245998,-4.46201419640575,-84.012055474505,-18.343912454695822,-158.94962085678992
51.4612499,-30.959620857943726,8.225627620988394,-6.319856149115863,-29.977724891348917,41.75043801789426,-88.00209072827356
51.4712499,-28.24579971458168,4.459368030313683,-7.324164086916119,24.24540025394439,80.69392661141781,-23.711569078890903
51.4812499,-25.424625648143035,1.8378620507306695,-7.877722056351764,68.86444742307724,101.56145937184183,25.531964253533694
51.4912499,-22.031233551685368,-0.004001635820101258,-8.730670970021228,99.94549877724624,106.164106543632,55.666952382425166
51.5012499,-17.67439645646418,-1.0841537351098363,-9.19273659442625,121.85105106755111,98.31701832654119,67.45246276169864
51.5112499,-13.234936032610364,-2.1508612449981004,-9.044714013011783,138.73004286343706,79.30779069758896,68.72532409728834
51.5212499,-8.781047500520984,-3.4618425297506943,-8.98232726795813,150.9063716913091,56.377032979363676,69.63824998502459
51.5312499,-4.110942274454466,-4.423107077706127,-9.192907951114087,157.2146346230162,36.30881090256617,73.81910569368394
51.5412499,0.24384266835260604,-4.346883614141553,-9.811255516950382,151.66131663452984,21.420638978854807,78.80246473995078
51.5512499,3.5435735025094703,-3.700416496395276,-10.584446908746788,133.27006913286968,12.903771988750574,80.09990918082151
51.5612499,5.550934882651963,-3.218720464336535,-10.957253272149046,107.23712402566807,10.876844953883394,75.0196840211941
51.5712499,6.812897241349929,-3.0873283332545616,-11.006533758031019,77.82508249522304,14.694627688968778,64.66247991065389
51.5812499,7.683888248583888,-3.600633740190909,-10.838460617266435,51.290424875844856,22.360072370531853,51.86690088708467
51.5912499,8.04689175183113,-4.615185003219158,-10.4007533015576,32.394653067408115,32.42773530878168,38.884230751704415
51.6012499,7.848277097349409,-5.600112485979629,-9.870380326327,21.448358808314698,43.66247121962676,27.58399731297358
51.6112499,7.240424615517476,-6.362420181231749,-9.361404299039735,17.919428800632318,55.11214256256074,18.71854468467486
51.6212499,6.503211341350665,-6.820858285920464,-8.86000991661526,20.446110877645793,67.39766723329981,11.960348415346774
51.6312499,5.625881791897143,-6.932099128735467,-8.45653069597566,25.733016579331917,79.33896205978449,6.98058439286306
51.6412499,4.680329934582704,-6.8177036595076315,-8.358737695986491,33.06502643515662,89.09397123886897,3.464707847317593
51.6512499,3.984264700674081,-6.603043250099898,-8.229516745591658,44.65386583318053,97.73591493545986,0.3800188548740971
51.6612499,3.4459298626564734,-6.343309893985459,-7.75901128048909,56.67010014162382,103.27666938240239,-2.2187927861836565
51.6712499,3.1299020876703447,-6.001349551956713,-7.339428667556087,66.7110408822056,106.00691349902743,-4.434900669457925
51.6812499,3.0659558294264135,-5.775706667409141,-7.031652383339645,77.70396816944587,107.29015794945202,-7.125963693693248
51.6912499,3.0625415276456334,-5.74890947135511,-6.767260634643528,89.22198128103996,106.93849944296394,-9.853341706695531
51.7012499,3.1970247516874926,-5.285329924557958,-6.6408573371212745,95.83905064177678,107.88472630330293,-12.643178080719414
51.7112499,3.513998338334811,-4.69693502298947,-6.6941484492922685,98.01572305979714,109.76403364808012,-15.328168238135468
51.7212499,4.158778203001396,-4.492240114812866,-6.7300258485494595,96.5503690590654,111.88352341023881,-18.82414434119666
51.7312499,4.866409808237524,-4.323682381955469,-6.498816388616883,90.50578697431948,115.28501470109917,-23.20323171193568
51.7412499,5.322674523737447,-4.173895776548551,-6.1223814039353055,81.55023937249882,120.71039666196681,-27.8850821626568
51.7512499,5.628973036025094,-4.2970807009158065,-5.939619899244217,71.82922060294139,128.08261668126633,-32.58594333392865
51.7612499,5.7534216063863175,-4.451931890252004,-5.917927325163472,61.6725585604891,135.705264428169,-36.81417204255782
51.7712499,5.737846855318275,-4.557645980580917,-5.802847514595814,52.88020626194854,142.17538627438213,-40.23457525050531
51.7812499,5.694093366449264,-4.8165498370257245,-5.62674279208473,49.42016474654209,146.31626326419064,-42.25030893641031
51.7912499,5.620951026377079,-5.1430267141668145,-5.4169722536788765,52.02908900179482,148.1534969710101,-42.7812053968157
51.8012499,5.514869645275625,-5.253749994478911,-5.089407944698606,57.26123004176562,149.4574921709908,-42.03594392917533
51.8112499,5.50732496417727,-5.156141591810524,-4.739773857093037,63.094678253022025,151.54361040895526,-40.387176217030394
51.8212499,5.6065376652974885,-5.080864852479277,-4.456930011297683,70.1687920438771,154.536609782561,-38.005595949903146
51.8312499,5.68797969722554,-5.026007761668702,-4.119717012587112,77.3131052356565,158.3999208943459,-34.98083312455363
51.8412499,5.681240411553459,-4.989568712514528,-3.7750664043670845,83.10374120663035,162.5345350522533,-31.2772756882472
51.8512499,5.658006646338826,-4.849034636110687,-3.603298149542247,87.34158397026222,166.19663995457682,-27.579713503193446
51.8612499,5.677273649546384,-4.635551827928382,-3.4436629802306045,92.03659581976513,168.2597994074043,-23.82683914008154
51.8712499,5.733780471676765,-4.59264430347467,-3.2106768350855264,97.20530506481649,167.82852282926163,-19.75344684286787
51.8812499,5.82584482943399,-4.515081430950229,-3.101514927628709,101.88964301339499,166.05228251951755,-15.848441502854596
51.8912499,5.861402249600207,-4.24238518112891,-3.020307703571688,106.12519409075261,164.28353242657772,-11.887984702638509
51.9012499,5.900865030465198,-3.9719482205795344,-2.897044789844799,109.434030675782,163.2779155382929,-7.428253535065241
51.9112499,6.122474463048301,-3.6926739562437865,-2.88597236094999,111.04791306429566,163.4710522648783,-2.08414626654009
51.9212499,6.49047997796197,-3.3172925082782387,-2.842333958706963,109.17380361880969,164.5369015374393,4.280260225739699
51.9312499,6.967892672616055,-2.9312746380984804,-2.681274499748987,102.13275556308561,166.0229498747299,11.020006778411103
51.9412499,7.618523147233259,-2.479852224476068,-2.5739430383597623,89.89749422897715,167.4952940450884,17.58625856593301
51.9512499,8.35186396517812,-2.436998037997958,-2.424100948375569,77.40757200526069,168.89060300014808,24.44181249394632
51.9612499,8.970320848063777,-3.354139764492941,-2.292134135863809,71.85166942572063,168.64765220181323,33.0282070057439
51.9712499,9.177014830326865,-4.2276983217404025,-2.31879475521974,70.62235575675183,163.14647912137173,43.01838508954444
51.9812499,9.172897259724953,-4.389383069361293,-2.2599513278553767,71.65604941154818,152.97936076143813,51.38840140699639
51.9912499,9.60169981722685,-4.715827813861852,-2.2647076488726454,81.22501244512075,142.368193899389,56.303445138592146
52.0012499,10.137599707055855,-5.038088149761511,-2.406375726527587,94.47073761994457,130.48649847490455,58.89998317916466
52.0112499,10.329807184285974,-4.933165285067509,-2.363536338449666,103.6049513596369,115.51221046370405,60.58503851071888
52.0212499,10.543435577554673,-5.066614828525286,-2.3554542553875204,110.58791303509203,98.3209773655341,62.0896894992387
52.0312499,10.827501827277937,-5.230359056966824,-2.6609006072816683,114.2676600704885,78.05167852151716,63.84191156069383
52.0412499,11.237829233470498,-5.070012572731103,-2.9690703304190746,112.0531788583903,55.62031138457387,65.34639159834924
52.0512499,11.699303420621474,-4.8242059143817855,-3.1508564847007516,103.63959623132457,33.539318910550136,65.66809413756906
52.0612499,11.884477579883278,-4.570067622030671,-3.2461405009613653,88.0316006960689,13.626829536912506,63.82314026449992
52.0712499,11.735391517501848,-4.188130501056733,-3.0845369436420844,59.266440788343786,-3.941891057422,57.85810687120537
52.0812499,11.255072788580556,-3.9747097609297968,-2.5601060233301665,21.68550103488648,-15.930181406393734,48.11109155469845
52.0912499,10.608920013022837,-4.285357797231689,-1.9346092184755044,-14.110403648048433,-20.542438848504663,37.207434143411376
52.1012499,9.94263296415261,-5.0974748238565155,-1.4648796305187632,-47.176353254636524,-21.758915836797254,26.462733658481692
52.1112499,9.375829987054251,-6.143244587697678,-1.0985931499821395,-73.31644388774012,-21.337372748440533,17.095073275881784
52.1212499,8.981141574190225,-7.139875791099671,-0.7186446067645671,-89.56564295670647,-19.93114743338748,9.453407436694095
52.1312499,8.635283613125935,-7.987998132709522,-0.32557616850316684,-95.35089271033985,-17.89603135191985,3.8069309002171363
52.1412499,8.194911538308732,-8.763511079370945,0.05629887504966742,-90.68246027784747,-15.42691714794886,0.2383900499573317
52.1512499,7.7234653170228995,-9.401520255597944,0.3900389923028096,-78.26346013449735,-12.945745233605962,-1.1555597707064855
52.1612499,7.33437127381635,-9.690472194387569,0.5025499841534526,-61.49362230254489,-10.203799242794949,-0.9385332143051374
52.1712499,7.070644595488194,-9.582817667892572,0.416042154250571,-42.31709862257542,-6.969274757733407,-0.681746698248165
52.1812499,6.889502240407784,-9.160356981983849,0.2951312680312422,-23.662352360161375,-3.507115868089926,-0.9432921775868532
52.1912499,6.792522251238686,-8.537918025293008,0.16515897222055967,-8.24804844966905,0.42081022927842876,-1.6943587227762709
52.2012499,6.835356881472877,-7.837959233648883,0.050841890632601666,2.4321805522537767,4.395901477780947,-3.0140359334634494
52.2112499,6.967417903480094,-7.1269851910685444,-0.0018554446898618052,7.614553922879598,8.293243413244594,-4.67896593746377
52.2212499,7.0636822634178404,-6.553253962598052,-0.02298213527868847,8.633028943041051,12.794208617069401,-5.976817575982498
52.2312499,7.035205808912777,-6.1933014654126834,-0.06790721731440245,7.449122313880559,17.01273422489336,-6.394201006563548
52.2412499,6.882245357719772,-5.88946046170249,-0.1597573105486736,3.9692567607661347,19.88640113855008,-6.215042139687639
52.2512499,6.778301710153632,-5.683831461896267,-0.25068763414974854,-0.20639674455879198,21.94426215265893,-5.738267752795374
52.2612499,6.722094564687753,-5.623674848915544,-0.33044048228729034,-3.918920420811368,23.134077600666703,-5.245141321519317
52.2712499,6.656112296804949,-5.609846276436576,-0.4240973903071167,-8.059404985368754,23.105946297790894,-4.855852747813691
52.2812499,6.740149977635257,-5.686246939858537,-0.48718664138058554,-12.588929824183108,22.361847892933156,-4.3114029996719605
52.2912499,7.001501819824711,-5.847743080453309,-0.4342467415367067,-15.808317683921862,21.408906901187134,-3.6536328733634638
52.3012499,7.182600625364635,-6.054315909351979,-0.290725111153031,-16.37711243506001,20.45150153667914,-2.829237548196789
52.3112499,7.217040886253846,-6.290867611413251,-0.20207956829786727,-14.72357564289719,19.32661110890629,-1.1366751649633742
52.3212499,7.162024363896702,-6.460850828381925,-0.234476468987817,-12.26289203963238,17.776171768513937,1.397736031625097
52.3312499,7.069115763411419,-6.520051124884491,-0.36508578340894604,-9.891635525742181,15.6664569698224,4.24200893336468
52.3412499,7.050583759649899,-6.5386561322950225,-0.4752774393780111,-7.593144830126777,13.004648919124156,7.054329002048792
52.3512499,7.073470131745647,-6.524891753390997,-0.4996653483572064,-6.617813097349441,10.118243956619192,9.34736401870472
52.3612499,7.08455984164214,-6.495584835102657,-0.5223793933787143,-7.178222104562052,7.74587777629437,11.114787970475424
52.3712499,7.041381639278361,-6.4141236756526565,-0.5899303434903296,-9.435898645713786,5.762725626158406,12.439511831765728
52.3812499,6.951799775026884,-6.334702706511021,-0.6614185881917461,-12.70964382260922,3.8618751156463946,13.313956690771017
52.3912499,6.828479956053834,-6.309646255090002,-0.7240726517054826,-15.990853519950825,2.226866186810078,13.797488828961708
52.4012499,6.63733677562496,-6.270156277554742,-0.7898423595437151,-18.797747329046185,0.6599763787683613,14.29373459644806
52.4112499,6.447831264520166,-6.212494759416965,-0.813617223786288,-20.435165477407775,-0.5744522287834751,15.502994382703587
52.4212499,6.2402831274743775,-6.157386391379536,-0.7963768968604323,-20.29770962818917,-1.6413616943182414,17.87496927320759
52.4312499,5.984631498768756,-6.021386317027237,-0.7351370194317407,-18.478390726970275,-2.869594542752846,21.286040782103335
52.4412499,5.7660465053533745,-5.830162039808115,-0.5917439562749324,-15.146727529426087,-3.9325296570649124,26.041774097309126
52.4512499,5.546482169804778,-5.716839688258816,-0.44731100306965493,-10.502896495970836,-4.920077982043769,32.40224548950506
52.4612499,5.263329516278109,-5.582012532115917,-0.41560028615955574,-5.95663282628309,-5.554054365962854,40.13189400711594
52.4712499,4.9165794628372925,-5.370762971385266,-0.4574992305574112,-2.3178660248126994,-6.171420064851806,48.22689798224747
52.4812499,4.565346452170321,-5.146749427406718,-0.4785029692473676,-0.0004627654168437665,-7.061736357268195,55.98453758954373
52.4912499,4.273803166326983,-4.8050544289093775,-0.5504941761911463,0.02816472048585032,-7.207680729308056,64.1280526637135
52.5012499,3.972226878267717,-4.396136040389161,-0.7367947112668675,-2.2648258546047932,-6.7242752188771115,72.86750616019913
52.5112499,3.690425317393734,-4.113077955628049,-1.0096048025071465,-6.35376130071069,-6.140642286965657,80.5848409527896
52.5212499,3.3479659693029546,-3.924869627153844,-1.3015667018517079,-12.363268446820477,-5.59507833265094,88.53295131158157
52.5312499,2.8371256727197136,-3.9519441280500187,-1.6371781131131449,-19.872987617703895,-5.417771337770509,97.30108683284782
52.5412499,2.3326045523344474,-4.1232278797639275,-2.0965238026575412,-28.91587114138899,-5.194857125186093,106.24961663397123
52.5512499,1.9879305139605403,-4.383352512781747,-2.611112123527493,-39.10233916754846,-4.994761526897175,115.0048627590002
52.5612499,1.7536312437910941,-4.810342111184173,-3.0839874302346026,-49.40897962818163,-5.501099774816856,123.54673375237162
52.5712499,1.6569101645479292,-5.101044534049174,-3.5970054172900268,-59.8889528263415,-5.3198742985878535,131.30621344758
52.5812499,1.4791524755240328,-5.246553203777517,-4.080224329872276,-71.29959912714172,-3.701559150310052,137.78931056298364
52.5912499,1.2032650671210632,-5.6349204762664655,-4.462094344215355,-84.56012798958473,-0.46039269008354067,143.4613278304311
52.6012499,0.9974266154353328,-6.168027390888724,-5.017428662619595,-99.53415257933513,4.737649555876311,148.50539753193934
52.6112499,0.6996907689542834,-6.765220865150901,-5.7903233869602895,-114.43025295191411,10.528000124705088,153.69027881337166
52.6212499,0.3741856802352041,-7.653651917634604,-6.426074540482301,-126.25664568760392,15.99318406741243,160.3794758452411
52.6312499,0.32027992784820997,-8.791742342654363,-6.709598138249895,-132.2044267572708,21.352495168420447,168.8656616295884
52.6412499,0.45010554246692674,-9.813713654111996,-6.6710735856699745,-131.84863084784263,26.584843247108456,178.58541812631134
52.6512499,0.6828931882768101,-10.785581668511723,-6.519401893764887,-124.61440960977593,31.796225075466957,188.78993569470967
52.6612499,1.0314842538328706,-11.72826279535293,-6.49567268232428,-111.1052121298672,36.8758562546963,198.71974571771557
52.6712499,1.546438806209038,-12.253162624334474,-6.478083152326885,-95.44672989496004,41.55244923775537,207.93861007758213
52.6812499,2.287421123092773,-12.464022216329065,-6.344169828041867,-82.08345379570574,46.57614675195218,215.81267434600954
52.6912499,3.0593500298191505,-12.577218855601014,-6.227264721270958,-74.34857923330975,52.574007616943405,221.2860253100746
52.7012499,3.6505110675533765,-12.895415384175639,-6.054046366226116,-74.43083786111887,59.76371842037442,224.17070218568887
52.7112499,4.13057341053286,-13.595443395553493,-5.669307899557777,-83.88054795916571,68.43578874668286,223.75378075762626
52.7212499,4.498159541897984,-14.349819471361165,-5.30882182151786,-97.42364322470857,76.27604685154115,220.48381670366186
52.7312499,4.578864246744398,-15.261764443567323,-5.1952500957503425,-110.6969148237129,81.77625051334512,216.4864255365785
52.7412499,4.400190291706516,-16.30992913737892,-5.129800016107602,-122.99959855081954,83.47152356029237,211.96178189329103
52.7512499,4.430796891204328,-17.216089617495243,-4.8189295992914385,-132.19927369103766,81.58383779743926,206.33464542222606
52.7612499,4.676098060341806,-17.889896930330174,-4.506598659585378,-139.0950647861103,77.51250508096376,198.72421237773986
52.7712499,4.976254751511267,-18.407897585783985,-4.485921958311005,-144.2629097185335,69.93345085839144,188.0872332688343
52.7812499,5.595161270249541,-18.792961566537763,-4.777432019597562,-147.67709472936167,57.994321617249085,173.57836297064827
52.7912499,6.632455438399221,-18.79608915965104,-5.1219107142839935,-151.8138483498936,42.98280296366065,154.41049210311172
52.8012499,8.03251952829433,-18.671126402235465,-5.351653734763362,-156.4609176033799,26.775234551369824,130.25848005491068
52.8112499,9.777302568587194,-18.701470528717604,-5.4722855636102326,-161.25483325103053,10.651615579344243,102.83028339648328
52.8212499,11.78456469719248,-18.711880417269562,-5.557007518621289,-168.4293924265664,-4.711125992427183,73.48887189933563
52.8312499,13.797733791211408,-18.617248149272214,-5.682149060412747,-178.87389304759662,-18.7948774121773,42.1529660783518
52.8412499,15.73243962266077,-18.548096978231385,-5.780488567766875,-192.5352147991301,-31.195734995886223,8.439980957546453
52.8512499,17.559095379506388,-18.771349079918455,-5.926738532488925,-209.06975328712258,-41.86635956463832,-28.117352035650445
52.8612499,18.784319857543142,-19.197830929448966,-6.16733084288961,-227.26947060817082,-51.14098443880207,-67.98235040994079
52.8712499,19.337474429786713,-19.798389069258274,-6.39348123738102,-242.79444928116212,-59.36842562991108,-111.14767185151634
52.8812499,19.989599393930618,-20.631912532844364,-6.293802770221268,-254.24678623596077,-66.60170372653815,-156.6216092886716
52.8912499,21.221779957091385,-21.737866100055335,-5.621901069316792,-260.86711541236014,-72.82486120882317,-203.96878216192044
52.9012499,22.574077731691773,-23.057677127424004,-4.110655890729586,-261.3720307319488,-79.41969754493098,-250.9704257630903
52.9112499,23.882675179434695,-25.20792041157805,-1.2163770386799964,-254.32011499770698,-86.26521773125803,-300.6760528697318
52.9212499,24.914919045135537,-28.734211091668033,3.2401920181085284,-246.27524452918144,-88.24021065153975,-357.325793311666
52.9312499,23.733883036798385,-32.10615456273729,7.466975622190938,-249.207976462404,-86.15856593240308,-410.3909260318291
52.9412499,20.575174331797896,-35.982116743175396,10.328437218065071,-257.06559435534297,-86.46913077169464,-465.43355285563706
52.9512499,16.318733148325677,-41.46395677644967,12.986774858330634,-257.67638888206534,-88.45824770012054,-499.76184881695815
52.9612499,9.448647684862795,-46.20792789650168,15.303200254995339,-249.01855154260122,-100.31349992155222,-500.67811329477905
52.9712499,0.3788638051463851,-48.567238078221806,15.054613258282707,-232.04566674900477,-133.6404232337347,-499.38350581603856
52.9812499,-8.55983845750147,-48.36736600009055,11.906929687982077,-218.70419863946802,-183.2539366198916,-500.22604050117144
52.9912499,-17.05100614019794,-43.229382059209605,8.085959930871697,-216.19182048392005,-234.97539714140564,-500.3151714977868
53.0012499,-26.795892071392583,-32.667893089402895,7.050665320836468,-223.78355521737373,-275.12751074850183,-498.84529621965385
53.0112499,-38.05770629904588,-24.640985570131164,7.230962093531788,-230.65203379704852,-289.1456080656243,-502.0506337799337
53.0212499,-44.01731705960546,-18.370470066577383,4.770501712054288,-204.49658051173,-259.9147351981018,-495.45343116117465
53.0312499,-40.52334956641802,-6.577140269138668,4.149614753093699,-148.8033042783135,-189.3019758708277,-429.16510404184123
53.0412499,-34.50108208392795,5.478364181924952,5.095911185734045,-98.80444865064868,-97.64408759449266,-335.3099424348104
53.0512499,-28.546138689797388,11.59886852660407,2.827983392497058,-46.68928991760412,-3.1389492450569247,-250.74078481960794
53.0612499,-25.024379376857215,12.842198769144291,-0.8129231302173495,13.588446528357615,75.4787537275276,-165.9507873438813
53.0712499,-24.31751288845027,10.855241807907946,-5.3002242979130205,77.98595215049959,130.95663400376307,-80.99949189738037
53.0812499,-23.819104417736238,8.73041441731392,-9.040043165538625,127.55447416850932,166.80754554108745,-7.572113729489878
53.0912499,-23.6414445526138,7.465848074796168,-11.224626191648044,145.93757845307667,186.51494281655343,43.17402951418896
53.1012499,-22.5033008755441,5.488576098614259,-11.646877326025331,139.88619536526582,190.46212148398806,67.19258821048481
53.1112499,-20.014365616414622,2.3846264554175702,-10.41905399995784,124.6919386009468,176.36577007045085,71.07390296981931
53.1212499,-16.499110206458088,-0.9580529497989997,-9.428635328301128,106.44346137500455,147.22857279079375,66.11457065863374
53.1312499,-11.865072782987385,-3.8798264854318267,-9.151147251871347,91.69433033912807,112.70858569631727,57.83456822532304
53.1412499,-7.653673208752522,-6.048871363101061,-9.073946398912963,91.27964492723244,88.12613715669414,50.31811823637846
53.1512499,-4.248239678096962,-7.440340936812648,-8.724017320617714,101.33326100812563,73.6383725447805,46.68372534185735
53.1612499,-1.6043137577628326,-7.643419540598673,-8.564439972391632,112.59639782640099,65.203632675106,47.08985395728659
53.1712499,0.2693547588238704,-6.865426734870634,-9.232772895320633,120.2472294657175,61.95363766068408,48.94956071246774
53.1812499,1.6636805854828587,-5.817655274478881,-10.333913998165539,121.8988968720232,60.771421457338114,50.00044650796424
53.1912499,2.739779052657806,-4.9758130985227265,-11.208970124076101,119.37832623017827,60.19560962484894,49.403165820417094
53.2012499,3.3065717294795838,-4.549172133785032,-11.383977440723015,114.53323814479435,58.780266487670275,47.19310031270694
53.2112499,3.302874499055882,-4.5686987538855,-11.137603201426352,108.39454984875378,55.61394697988251,44.03856332683182
53.2212499,3.0920450903148544,-4.783950023251943,-10.935887229266285,101.04243258771422,52.129914444730716,41.12390869329986
53.2312499,3.011757054713897,-4.7478696690683675,-10.649613044417912,90.35542906192602,49.820919104578095,38.48006066200162
53.2412499,3.0127286976218817,-4.62536909030745,-10.116841721105205,76.36241547322483,48.71301685123799,34.97776462830781
53.2512499,2.8730103764646446,-4.525681695020908,-9.488959238995447,59.635962017949915,49.01295547136539,30.29604884810742
53.2612499,2.695793861609001,-4.2705278901601185,-8.92431618459425,41.61983510079716,51.46933335477318,24.82812300114439
53.2712499,2.6451643267263143,-4.157270534309519,-8.368010343515568,24.977708413230836,56.04226548488565,18.87280777235693
53.2812499,2.6573816407856437,-4.346286932873537,-7.748559468660493,12.060134446836202,62.290180689552564,13.200599993138253
53.2912499,2.4411313433794484,-4.883147354136273,-7.242804765657239,6.13624398270573,68.1197838064033,9.131205145610084
53.3012499,2.1952736070061647,-5.588709934721909,-7.01807635381324,6.481591502778504,73.62378195430176,6.853004286076134
53.3112499,2.1056763984310343,-6.103621448374694,-7.115963870304448,11.316399128732584,78.65772224849796,6.289749884011044
53.3212499,2.1153965027927333,-6.596970390736344,-7.593730526447469,21.255494092856843,81.6785873012057,6.523727246656656
53.3312499,2.4173472868939028,-6.653797537073993,-7.951849060217872,32.226512509058864,84.21110124235636,6.166314191276315
53.3412499,3.026498103716545,-6.20645344726996,-7.910090567203903,42.86460368914759,88.55421301203377,4.107066829068573
53.3512499,3.7052939804140546,-5.835382698607133,-7.677595805166327,50.9433124444974,94.87203993061327,0.9888521549354308
53.3612499,4.342493380604706,-5.482725280973921,-7.384075053320984,54.246176073622244,102.7234924469784,-1.2756226138551057
53.3712499,5.0251295196327295,-5.240101957089969,-7.150727310686183,54.476297249044244,112.89349966838877,-1.827466329052792
53.3812499,5.580397635560236,-5.025875355287566,-7.012586768291834,50.66705177613803,123.84013227818869,-1.351692730411104
53.3912499,5.967692449944821,-4.488553110450285,-6.975334741757403,41.75239364337775,133.86233607572441,-1.017852541684346
53.4012499,6.345643740417067,-4.205089876897952,-7.023005759066871,31.39389534489228,143.1728684563709,-1.123299460403763
53.4112499,6.671318940584222,-4.511897429557078,-7.014552708653648,22.853718540581994,151.7152523197079,-0.7940481854890509
53.4212499,6.713500770066154,-4.893782867524055,-6.875036151804327,15.685886375439125,159.0404939318823,0.24259997606212827
53.4312499,6.674982387346311,-5.181539519197634,-6.552195187896997,11.22509583455224,165.30840920154034,1.3353438122203851
53.4412499,6.803603169655324,-5.592253636129488,-6.1578923236214465,11.51272809604483,170.25342678655323,1.9732976732419345
53.4512499,6.955918936411627,-5.927860000945808,-5.876371650276084,15.184273886253171,173.11767755187302,1.3884359662890704
53.4612499,7.175308838363922,-5.7562065644154,-5.61691741099174,19.88586842068084,173.99831156536692,-0.694632613699322
53.4712499,7.468325507907668,-5.6083545039513885,-5.275838132724955,28.3220407020561,172.72394375920825,-3.727274214400077
53.4812499,7.633951278349848,-5.782415141933058,-4.816902772237318,40.83889292522407,169.82056011746204,-5.923403848699888
53.4912499,7.6773959473417515,-5.772035251902067,-4.268964611611658,53.99310649297474,166.80269597810997,-5.96536837435683
53.5012499,7.582265825153008,-5.645195672980027,-3.7818520901359163,67.31044527756676,163.2980114619188,-4.2581045769691315
53.5112499,7.487410721624155,-5.414025831808444,-3.4691667861397524,79.60389871532955,158.42125878276664,-1.9464766942265186
53.5212499,7.7109035200756715,-4.731725111074871,-3.4191845790456936,88.20991802822576,151.7885771600579,-0.6329774722287749
53.5312499,8.171865485880621,-4.0569827837985075,-3.5098283789542033,94.33263514299917,143.40430683735693,-1.086968510000792
53.5412499,8.558048136231553,-3.701408406134964,-3.471296170848444,98.21054558237572,133.93621531058142,-2.5632781914538083
53.5512499,8.779714812658842,-3.4599257645085437,-3.188543818633187,98.37956848644896,123.81706552336442,-3.5010952266825486
53.5612499,8.77607966609419,-3.5844238552075356,-2.779344070031536,97.18116189412343,115.47048671215559,-2.8215041183290057
53.5712499,8.58671678517541,-3.772449784856273,-2.3972198202570554,94.15378154305164,110.06031028531345,-0.9762987964593081
53.5812499,8.355127653282839,-3.569089123604001,-2.224212271875704,88.11384345603919,106.24456804487123,1.0240783790698624
53.5912499,8.304529741125007,-3.2874684711249977,-2.3412734177715078,80.67178919688932,101.91936401823283,2.1956134707088837
53.6012499,8.535013100144674,-3.012796373228296,-2.6079562460288197,72.80108744196097,95.40104878174438,2.2685465570238046
53.6112499,8.81386798499381,-2.91758223729652,-2.727154071675534,66.67878243736115,87.7420452772047,1.2443790395043524
53.6212499,8.903741074531425,-2.920220771006055,-2.5479509331642296,60.77467457311689,80.53673754427147,-0.03831782163168762
53.6312499,8.869473861968613,-3.0051223416596065,-2.2525443013849076,55.8384268739436,74.08325308830912,-0.8751524173541455
53.6412499,8.906090030867185,-3.2819704891908286,-1.97154689270937,53.873489197003934,68.37636413035989,-0.6518805792758564
53.6512499,8.945315485683459,-3.5576243311710245,-1.6941025508734795,54.19758882142651,63.275844297612494,1.4345161721592654
53.6612499,8.862833983126473,-3.826840596155247,-1.5221231014293546,56.45595756560088,58.877153430342815,4.927489360866893
53.6712499,8.647155691738805,-4.078446494528939,-1.5558917361127356,59.124136398946575,54.68113290086132,9.531995181508433
53.6812499,8.409845048740145,-4.169504202361789,-1.7774698611724362,61.49469932121196,50.53018100842674,14.610353058064101
53.6912499,8.32307427465001,-4.106368416235542,-2.0254391093434565,62.87125395587313,46.69528094367043,18.92205788464873
53.7012499,8.381564290851095,-4.105643455848627,-2.1410275551654876,63.54562942216398,42.896367653299414,22.145586492485805
53.7112499,8.4504144383507,-4.131022243640724,-2.212897513535419,63.51474180912591,38.527587699092265,24.108281688289498
53.7212499,8.474800035793354,-4.1282496090258824,-2.2463452695505,62.73624596625011,33.72150382216009,25.04529095402284
53.7312499,8.479531691649141,-4.225439062792195,-2.227548493104697,61.37637212704052,29.045701335412804,25.667948032770045
53.7412499,8.445463030646923,-4.449386703414489,-2.194766688029106,58.508790335618535,24.452729433126112,26.276253287617173
53.7512499,8.360362664097238,-4.648492070512641,-2.130395871776726,52.53953563826771,19.570087144915462,26.89396167557332
53.7612499,8.233397487830134,-4.7556578181308895,-2.1111147993661534,42.066846468023606,14.337245657568662,26.566770112654343
53.7712499,8.145059102163016,-4.949124697545583,-2.101918519903578,30.989926726548056,9.692292546724552,25.23168452959484
53.7812499,8.085006864444296,-5.276285458431552,-1.993001198697792,21.815700092028248,6.018664427849354,23.681826448245513
53.7912499,8.002017012727656,-5.688611454610154,-1.8560253788831749,14.130763202518066,2.7759673947149506,22.15419940539177
53.8012499,7.959696372373949,-6.019967981117484,-1.769125610020607,8.085730392690847,0.38295432634854154,20.42779140364236
53.8112499,8.036634476867187,-6.348359289938258,-1.641275137251208,4.171255967724258,-1.0520032198705542,18.605877186095103
53.8212499,8.226853947050259,-6.703079459929371,-1.471509409280048,2.4379498430578823,-2.083080958241506,17.188653003405506
53.8312499,8.344299857262953,-6.9639488941611525,-1.287301543989008,2.5664801270007795,-2.8655068465696805,16.053560219795415
53.8412499,8.34150675906398,-7.117467129759761,-1.1298399921238347,4.293559005633254,-3.180957684843643,14.74535597129395
53.8512499,8.369405508888237,-7.186461419008681,-1.0275087290730107,8.030857156371491,-3.0812836776828862,13.31515260568144
53.8612499,8.475475382025987,-7.119024735463507,-0.9118946554285619,12.44364790042877,-2.7454386478711488,11.838531143460198
53.8712499,8.605883629758644,-6.944103912736451,-0.7969663139065211,16.63227358801521,-2.244507474023325,10.08641131960694
53.8812499,8.696410836665974,-6.750831663311632,-0.7139220565974735,20.398677929105144,-1.8142625881728924,8.400244101846654
53.8912499,8.643288502284355,-6.51785021519977,-0.6691197015725859,22.169558883093874,-1.3203145811891999,6.619208482141353
53.9012499,8.446409087195718,-6.208220665787153,-0.7149375041355919,21.168387313900464,-0.9388740831906345,4.529415384323494
53.9112499,8.208089227869928,-5.958529414769428,-0.8049007207508888,18.24513051739856,-1.0221001054456353,2.3530054257628663
53.9212499,7.9995489197827165,-5.892107194104711,-0.8642068365156026,14.974793167396758,-1.708690481782402,0.3160333860435872
53.9312499,7.830958743961709,-5.881359622700958,-0.9282909239010224,11.765235663991131,-2.7951368674322183,-1.3580319597655657
53.9412499,7.674946620155197,-5.856713223628771,-0.888929412519776,8.690677357911463,-3.8254071383823907,-2.6597697134319156
53.9512499,7.506897210317673,-5.849465160163347,-0.7850289710554833,6.186852793413003,-4.760916224515907,-3.4965238167706643
53.9612499,7.370893902262962,-5.893441053731978,-0.7641196763708918,3.861806741948924,-5.681170768870804,-3.6104867934270026
53.9712499,7.208278620936417,-5.888064707494739,-0.864721808409331,0.6667167516926784,-6.66502843985864,-2.8208894691312922
53.9812499,7.007084536150723,-5.845296050381583,-1.0206350010511889,-2.5524799159868516,-7.364823235763543,-1.6510340607363763
53.9912499,6.899228739377092,-5.828918228306223,-1.1004316132876297,-5.098976613020826,-7.608093637041078,-0.2971262856314036
54.0012499,6.902916577357296,-5.850762445774436,-1.1088093405072,-7.356230244402954,-7.485051993524815,1.4104990238682322
54.0112499,6.9234048179808285,-5.897422715019353,-1.0816866960698444,-9.385317112721847,-7.018894289808298,3.7178724507304084
54.0212499,6.918326612264717,-5.938982748418692,-1.0698043354875146,-10.746112068046546,-6.065355069162308,6.354847479795631
54.0312499,6.876435142238314,-6.012257086864307,-1.1158275183846018,-11.031530563638785,-4.8816354000624695,9.476613697480872
54.0412499,6.823853556391085,-6.08531693491898,-1.1664938267868974,-10.555076518697156,-3.7560002084843713,13.015416456234096
54.0512499,6.766884198368705,-6.092350638573561,-1.1725914018766954,-9.692806852094277,-2.513443572015457,16.47742450311398
54.0612499,6.708533120254934,-6.046443208514202,-1.206127492315362,-8.493217178485658,-1.0677116501736488,19.654062759772533
54.0712499,6.643999665927537,-5.993121542216458,-1.226656642902579,-7.304316241976779,0.361954627130407,22.657786088672623
54.0812499,6.554272119181431,-5.937422748368586,-1.2176085585607388,-6.696660651368536,2.087192902502808,25.660988863702823
54.0912499,6.397624018006408,-5.896592884523547,-1.2571639996215407,-6.3181069016816975,4.069701127221651,28.90367148477258
54.1012499,6.182301452351785,-5.846445445094116,-1.279061821537962,-5.980500208158978,5.65561170898111,32.362845694806886
54.1112499,5.936390381879924,-5.772892049251173,-1.2752260869312109,-5.346765411282664,6.900322566123175,36.15070633190647
54.1212499,5.675150403932208,-5.735733805880174,-1.2716372706741257,-4.140706776584213,7.913148240998267,40.35693728227226
54.1312499,5.4199136985810386,-5.717393425042475,-1.2553615244099925,-3.1260538831107474,8.408768896046897,45.25413202128603
54.1412499,5.174072629003277,-5.613611060163607,-1.3118278461241284,-2.415744092436831,8.874615722877238,50.555886304688805
54.1512499,4.9916829761301225,-5.377454226080871,-1.420072168402185,-2.1246772647552588,9.49886994325582,56.191082692376575
54.1612499,4.87503499476048,-5.2072084265496486,-1.4852765301833137,-2.2221197586933994,10.22070214374528,62.50149055322828
54.1712499,4.727794572228887,-5.093317967654699,-1.507226665939057,-3.4480188917669636,11.519844218461033,69.37495749580224
54.1812499,4.48472575401029,-4.844533644023663,-1.5071880163764086,-6.791518362585828,13.677824781756982,77.53646095764924
54.1912499,4.178362231758242,-4.845750488082821,-1.4782459393487934,-10.306706581291614,16.099743937250246,85.95746795785314
54.2012499,3.876012678067191,-5.180852172847625,-1.4647643545685192,-13.176315266293942,18.359362396244205,93.71429201733999
54.2112499,3.5033165945387905,-5.460209896769196,-1.5914366449873194,-16.604431527289243,20.56709770286787,102.06798146339543
54.2212499,3.1110800347332166,-5.762206428323144,-1.850070138292027,-19.838159264461066,22.58443224464191,109.9657484026293
54.2312499,2.818463651661111,-5.924782515576738,-2.145950842816587,-24.675586387240394,24.765963312365717,117.1028668637473
54.2412499,2.5420057817281285,-5.901373272966174,-2.5130760110967447,-31.90638105856629,27.120900314723563,123.7391322571382
54.2512499,2.2050261263112887,-5.943443357910249,-2.9596063458038384,-40.858416103256765,29.086540195170773,129.6191647714979
54.2612499,1.953477157677905,-6.000650630088369,-3.400108016269772,-52.87032965538377,30.671529210637082,135.02277315176136
54.2712499,1.7652563995563546,-6.182490242002023,-3.7795161474259524,-66.89275577151864,32.15082099914371,139.66710680809092
54.2812499,1.4555058178678368,-6.490094723525398,-4.25571112399972,-81.90639521421765,33.389763048099915,143.86913953981812
54.2912499,1.1354781427160903,-6.941518979138509,-4.8011669333029365,-96.35049955820492,34.69665879585204,148.4775243183404
54.3012499,0.9912464813005996,-7.51137972343357,-5.2288725978533,-108.70121931104309,36.006992204642366,154.05639971958433
54.3112499,0.9402613271301186,-8.089524988363717,-5.5474397657374706,-117.27444296115759,37.28031605936383,160.84886865940777
54.3212499,0.8992934510851494,-8.783627498394448,-5.753211573763966,-121.16352921435895,38.530777190280006,169.0955203485367
54.3312499,0.9040130126992326,-9.406145465644846,-5.921614924223699,-120.99999150512669,39.381653538246695,178.79980463478472
54.3412499,0.9269173266461717,-9.771876502540932,-6.127761213235975,-117.47591427572578,39.090307385714354,189.44608758258275
54.3512499,1.1332480155190847,-10.051951234037514,-6.2864767885103685,-112.82840546007282,38.55137570728017,200.14056107790054
54.3612499,1.5144453281989074,-10.212078834382845,-6.353985375344179,-109.96389569419497,38.743488968201994,210.37654409891326
54.3712499,1.671627490157421,-10.314683515153028,-6.510130519829183,-109.99607313160706,38.771285839028955,219.61771257397905
54.3812499,1.7388398053610008,-10.658594096304697,-6.700635530190823,-113.62961730737688,38.95515587521148,227.18292326417622
54.3912499,1.7849610818834858,-10.902959294324893,-6.747584582719323,-124.68769025000144,39.749835222574816,233.16892679040348
54.4012499,1.7166109188453096,-11.129934591246688,-6.807790749231268,-139.99834856849336,40.2842332536012,236.62522876249847
54.4112499,1.61579202608644,-11.846102358298198,-6.733945897305416,-153.98426266212124,39.93391858119698,236.83892218158292
54.4212499,1.4438886042589312,-12.849490193861053,-6.685390123712033,-166.98211777943072,39.038618336677416,234.50255389672995
54.4312499,1.2563185652574642,-13.796492997894566,-7.136434663263105,-177.6353018599347,37.67464004680983,230.48240449679335
54.4412499,1.2721726720139646,-14.84838026576826,-7.742735540124759,-184.73564296186137,35.58444781610612,226.48623744237688
54.4512499,1.621924847675744,-16.09368774510223,-8.196009393955894,-188.98262700353592,33.08444946750601,222.67290970323208
54.4612499,2.050949230805936,-16.891172813304287,-8.694610129466973,-193.9841010275459,30.065497019210856,218.0943474898511
54.4712499,2.4643299701845773,-17.141423720882802,-9.250855008062846,-200.89639068987404,27.192066134944717,211.38733465085912
54.4812499,3.2359859003478246,-17.591220998256905,-9.761965958715116,-207.44707554992368,25.2340835333225,200.99543681680308
54.4912499,4.326476389070495,-18.174112723684978,-10.13063114236576,-214.15715460922823,23.417975917870688,186.28245388468613
54.5012499,5.5474481031956735,-18.615302741293323,-10.070608911259152,-220.3349000543479,22.165831146025777,167.06410361485666
54.5112499,6.832420712863787,-19.493564498622792,-9.7642413678396,-219.74476838407912,21.92703003404852,143.73571306301488
54.5212499,8.2218394769672,-20.559289336986176,-9.612824113378155,-213.45086545894767,22.904894757175224,117.61203599432618
54.5312499,9.674801899225612,-21.165009740840247,-9.665942428344604,-204.48602364426222,25.20656232045539,88.99094789892567
54.5412499,11.066748474112266,-21.479101676852704,-9.771966379355437,-194.5239887155007,27.94329873452616,58.317855327987914
54.5512499,12.610591078178743,-21.614346577614448,-9.813488700170065,-186.22096325783048,31.63008824912202,25.56637179485049
54.5612499,14.269719101756024,-21.508013353318116,-9.695779086474625,-180.70606449342074,37.108352020653584,-10.085512386734408
54.5712499,15.517223405193523,-21.383772175288772,-9.247375752986526,-177.18275830884804,42.62690143088708,-48.77306141636528
54.5812499,16.277807874590767,-21.54166634718767,-8.363519682858788,-173.4623689085677,45.95805162139605,-89.3852514801782
54.5912499,17.146843972805584,-22.09081016507672,-7.022135382447226,-166.60886498849405,47.22919453542012,-129.8899187564203
54.6012499,18.594638013279692,-22.961338152786578,-5.362461031697311,-154.34504507190516,47.17636224207493,-174.47249987574142
54.6112499,20.027148041351854,-24.207087014969034,-3.0675052313625706,-139.1420568730816,43.78763356824008,-224.50792584462596
54.6212499,20.911922178619523,-25.66696406960959,-0.105856170849809,-128.3342733414677,36.679278358526524,-271.5813012547062
54.6312499,21.03406979693176,-27.21296979815175,3.152401944119268,-126.56285094488369,25.107205434993187,-321.7952612298639
54.6412499,20.293168434144942,-29.829422637222432,6.394723590135114,-132.99020954992784,10.135105231867954,-377.45745605267706
54.6512499,18.227441808213943,-33.988291461256026,9.105049947516987,-147.06583251676963,-7.921587877619688,-441.62715116827667
54.6612499,14.367543044727881,-39.28661884650599,11.133718597703847,-164.69574227348727,-28.340397428600443,-493.1466816535888
54.6712499,8.928575499552153,-45.578666670257924,13.343122298663369,-169.3483927647254,-49.2038234267473,-502.0369244651394
54.6812499,1.4082868752474844,-50.91057059820396,14.972362616203966,-150.74857729003284,-77.72300351328904,-499.14831506646544
54.6912499,-8.320836558735078,-52.83154308017609,14.295499943471501,-117.14709896552307,-124.89891425212664,-500.1927241266176
54.7012499,-19.20324110154406,-50.02926943023671,11.462847399236153,-85.28249132587537,-191.84806384373857,-499.9276717884825
54.7112499,-28.88065348310019,-41.27097799748137,7.341888025166534,-65.59408289565326,-263.6258216553266,-500.3039984066049
54.7212499,-37.445145450897016,-28.48268829985,4.597337172396223,-64.11453020164551,-327.44661700392913,-499.4796878058627
54.7312499,-46.97230898004566,-16.219267157594835,3.054434029359559,-84.83489576543924,-369.3124747379381,-499.88032883097225
54.7412499,-50.88760156124399,-5.118707597519679,-1.2910539969710504,-109.11601315333479,-359.74845556022876,-502.8814464918177
54.7512499,-42.48032295064174,4.999746348599396,-3.8560110566259627,-112.45290669062304,-295.6555970937412,-458.24286826202786
54.7612499,-33.4013583325193,12.16991488378376,-1.520279385486648,-94.21374103509879,-205.48146194304786,-363.31439824587807
54.7712499,-28.52120754924469,14.883967637252544,-2.0194477464422915,-55.82037734366898,-95.71624166481078,-270.55129697581
54.7812499,-24.700805747440803,14.38929258941837,-3.744166887579544,-4.754479633588158,9.877064353273504,-181.19930580512866
54.7912499,-22.05661009770849,11.948053025029548,-5.651361729647757,49.97387074588689,91.03018477732535,-94.85978802843117
54.8012499,-19.207472857322998,7.982102053220139,-8.503275277615494,99.24092827219047,151.04038971134784,-20.106939634199612
54.8112499,-18.445528007151662,4.410909110812866,-9.388102222547305,119.27198789764927,192.07424737503823,33.5033293149613
54.8212499,-20.07654471389697,1.6059836722457288,-9.17517635150354,105.9742143811601,211.85917108226573,58.11036882332036
54.8312499,-20.32680246579209,-0.7652072118815748,-9.332374442888092,84.85227748541817,209.38856362512604,58.60944175237454
54.8412499,-17.74667401751177,-3.6985411115859734,-8.770109239874174,76.64831761721035,192.73205906360465,52.28906355760126
54.8512499,-13.774679731585868,-6.444749715424783,-7.513866995988754,85.33914324398741,169.0419040329357,47.47019680077485
54.8612499,-9.722459579508056,-7.534211434032062,-6.65094517460382,103.31905710337286,145.04594686501696,46.54484829199513
54.8712499,-5.819483618077342,-7.3190602848359845,-6.613063210041604,123.22747430826749,124.79161195904352,49.039288508326855
54.8812499,-2.346807664000447,-6.335677102112502,-6.931642943204248,136.84404359955204,109.52053487199821,51.41990762110029
54.8912499,0.30841465992639044,-5.677273375910856,-7.0386418209137505,145.249942250502,99.45116535323606,52.14140522300091
54.9012499,1.742306851615566,-5.529732603227978,-7.1267163777061375,147.61211717662664,92.00982830179902,50.59387680279017
54.9112499,1.9383816715071505,-5.111502026874016,-7.70027774153744,140.97384414794269,83.42542080291888,47.32465458715178
54.9212499,2.1086980262694603,-4.638487402505374,-8.709160752599795,127.30843771587477,75.54403087842766,43.99398171596201
54.9312499,2.6356688793682848,-4.558641465396299,-9.609838134090342,110.37446343917044,70.09690825069296,40.78554436343234
54.9412499,2.832599349019639,-4.780553504701107,-9.931325596248262,93.19260394455853,65.41594406926133,36.84785818260036
54.9512499,2.932046533521625,-4.714700285883733,-9.651290290371719,74.64321697362469,63.53497935809752,31.296542066467197
54.9612499,3.184551288577104,-4.515621580145758,-9.097174595663992,55.82633436299875,65.12343456945423,24.552426311880332
54.9712499,3.516061383036699,-5.068833283528635,-8.610031156992173,43.05896559273523,69.09024221428163,18.661963085162622
54.9812499,3.9424059457822245,-5.807218311199375,-8.270356154865128,35.562456700140054,75.29906514620748,14.672687745924547
54.9912499,4.052697211090286,-6.116503445674358,-8.01682108911395,31.053415580647595,80.79107534562274,12.678915415630536
55.0012499,3.867790881306044,-6.351816598334087,-7.778266724137653,30.413025496506382,84.3046124530034,11.96648310416894
55.0112499,3.668835947353524,-6.553159022559575,-7.448337899122152,32.01255783237556,86.53947102982278,11.542416136344585
55.0212499,3.5804905307384622,-6.686469437091188,-7.259305014813071,34.232864303126675,88.29542937582153,11.055913728098197
55.0312499,3.6232506069351254,-6.692612789340814,-7.393316452140675,37.402488975280335,90.14764102302748,10.022392872015052
55.0412499,3.753250115301924,-6.34993684733124,-7.6950041550333985,40.48297178278155,92.1348281477791,7.952961945035504
55.0512499,4.0612532770915895,-5.9330519502206,-8.042720982701105,42.84221493102814,94.5731554495858,4.247323141935195
55.0612499,4.442359160755982,-5.658078894372319,-8.088751013081078,43.117965992228555,98.40645362161803,-0.8882938482942677
55.0712499,4.821622976730692,-5.458866091590606,-7.648628350184802,40.009333899054994,104.61144928517174,-5.6653068975580165
55.0812499,5.302531724556841,-5.522887607384175,-7.169520495448457,35.68343339721454,113.07288146279687,-8.91882350073326
55.0912499,5.508849341442263,-5.897074756277722,-6.8307154943341155,32.93875869225097,120.9801365518706,-10.550419852980577
55.1012499,5.240788104924428,-6.3249076225064425,-6.8430898288365665,33.307869162573596,124.27502468184431,-9.745963645789356
55.1112499,5.215164717524018,-6.6106660110675906,-7.438951283907814,37.85389999235329,123.31600887907209,-5.534701615760855
55.1212499,5.344032144365173,-6.561763991730791,-7.984896150114714,44.94630670891433,118.67415374852827,-0.22326826830740149
55.1312499,5.215275156870692,-6.139683730330691,-8.021537388827825,49.80758815016055,112.28904267479398,3.0381816800755375
55.1412499,5.13535403101091,-5.825600693219247,-7.79711370596056,51.91008211073095,107.86600416123231,3.738463608575034
55.1512499,5.141320003289404,-6.042896192931183,-7.461360855941198,53.03045824850564,105.14945833569445,2.8467937290735525
55.1612499,5.241103366252003,-5.949323893779756,-7.072822497666838,49.02856418723013,103.5598876044061,0.3523936237158825
55.1712499,5.5614132303194355,-5.419972641931597,-6.90875131824692,41.016296482731974,102.92152637981964,-3.451238739427885
55.1812499,6.188920441728342,-5.123679068137252,-6.793714024860719,33.67345930522169,104.08353049842908,-8.407387602826917
55.1912499,6.687521491480166,-4.841426775783161,-6.386579642380879,24.631140470784427,105.85354375569307,-13.603806141727599
55.2012499,6.855658208682744,-4.904041808193149,-5.778544983274261,15.560575083765038,107.51086015190802,-17.22960024333225
55.2112499,7.052475255507726,-5.169276919513124,-5.319678164305563,7.973352200581682,109.86657331202497,-18.572772271190246
55.2212499,7.304520432796126,-5.379973693326022,-5.0648207228271005,3.2981895696136156,111.81743194923808,-17.567994515660626
55.2312499,7.371597679421406,-5.5646746250479415,-4.798172447949188,1.4662685162201914,112.45563172065798,-14.833879265290285
55.2412499,7.14203686275751,-5.595718798546011,-4.3345641584237775,0.9645497894953876,111.86611297842207,-11.45069433953216
55.2512499,7.035179428201058,-5.686150762890507,-3.665055658769265,4.596613610912171,110.40092764381882,-8.745458061015766
55.2612499,7.155369563767242,-6.03568444308584,-3.0208778297320555,14.434182589903903,108.0286705030659,-6.280641897821566
55.2712499,7.290241105356251,-6.669955072880724,-2.419680516776604,30.385647205826885,105.55257840851723,-2.395916849445962
55.2812499,7.208936662530305,-6.94644245513617,-2.0405289954951935,47.77586083184805,103.2489072732571,2.685109255475898
55.2912499,6.929388060958206,-6.362722977807197,-2.115506208456253,61.71595667695803,100.5613819832785,7.218556854703106
55.3012499,6.896692205126415,-5.943030028204687,-2.2839810716258766,75.22781673438826,98.28343362863605,10.570367092089459
55.3112499,7.001404434316416,-5.586415072939016,-2.2887600658892566,85.27087130135581,96.44035118928,13.196662015915862
55.3212499,7.133429960795191,-4.6143452002042755,-2.245603472095233,87.94891784424493,93.53932065370705,14.34224012376537
55.3312499,7.553103253897357,-3.8121744589789732,-2.152076936956584,88.67116020355122,88.95879339558095,13.490501210941533
55.3412499,8.042434140542918,-3.5537898403726653,-1.926401194402006,89.9011846616271,84.2237631802091,12.230693834868559
55.3512499,8.152940171017892,-3.2858941677816538,-1.7780972387728051,89.0905523295626,79.59488047928548,12.342299991534924
55.3612499,8.180777972512544,-2.9998999111734257,-1.8944788032745803,87.51626048960041,74.56351162124513,14.195586565498813
55.3712499,8.397953365749864,-2.8371364453283103,-2.1166358062939135,85.6814990081933,68.76756654448653,17.636800576408614
55.3812499,8.631727910107989,-2.649011012415898,-2.364774033702061,81.227887749433,62.559257694732594,22.047949889473134
55.3912499,8.843996205323075,-2.382863186936652,-2.756641999783387,73.3946861459846,56.65663793542837,26.290265458697682
55.4012499,9.066152731851012,-2.338996039487747,-3.0821373264339833,64.12278659135329,50.420597678791744,29.747351824402752
55.4112499,9.328548856257925,-2.569918927233006,-3.18973440549158,54.240850364622666,43.92801404743038,32.55913619326642
55.4212499,9.510147657733743,-2.9394226258089113,-3.2338594311146087,44.116860813572124,38.2751554712456,34.82361548852675
55.4312499,9.429517767392436,-3.422216817393556,-3.317719430784173,35.04872041628839,32.64125795724467,36.61987049338231
55.4412499,9.325758407181256,-3.912358464378364,-3.263788589355403,29.14098802174685,27.71641981175787,37.879686073947354
55.4512499,9.056101594227446,-4.792102024192545,-2.9822542808393258,28.090839007338843,21.008353015489774,38.682296151381024
55.4612499,8.574999732106013,-5.6270952266449346,-2.6974937421945278,26.637120815482707,12.784786909113253,38.862797242411744
55.4712499,8.47750705643586,-6.172205531896344,-2.5433146681020435,24.31802480168293,6.441170985372912,37.85799742871584
55.4812499,8.4667991932445,-6.5712838582869475,-2.5719118683078315,22.221734067317875,-0.24752781489450046,34.99599818916742
55.4912499,8.485057998775497,-6.647701835803055,-2.8884447876708443,18.78747868347702,-5.860655219859148,30.583300784959558
55.5012499,8.582796205200719,-6.404451694292443,-3.247360357374186,12.839166913430045,-9.23471636547273,24.82962333713397
55.5112499,8.526372930220138,-6.073024076177035,-3.2220309413871067,6.244067784639088,-11.448114232410312,17.499058746038386
55.5212499,8.410459839460774,-5.996189963035799,-2.8896368230172556,1.1603549438386351,-12.624592436723969,10.697391045357266
55.5312499,8.339594102124213,-6.300331901172589,-2.610714801264271,-1.3973782968679647,-12.206623094984943,6.451761000888444
55.5412499,8.062670824315344,-6.532330445060117,-2.497276673499348,-3.8033444473443385,-11.302359093341835,4.880602899401073
55.5512499,7.590669586092722,-6.59293341907384,-2.4619972957885676,-6.570730383260637,-10.020217264141658,4.628193936141731
55.5612499,7.3849576199630915,-6.861843144867218,-2.493148032113158,-6.467691297267857,-8.192108954027434,4.598547655281632
55.5712499,7.308103146227294,-7.25479710203395,-2.474020294456055,-2.8474664535770144,-7.407781936742738,4.98749888615796
55.5812499,7.2680348716335645,-7.678427579144621,-2.2896629119597844,3.737762042651622,-6.746891897805105,5.609504108252392
55.5912499,7.171183011256315,-7.755738461045923,-2.0476091179179607,10.98729911535352,-6.142434512470998,5.647930842147643
55.6012499,7.005232207352488,-7.606145156978586,-1.875038245733909,17.80628320003735,-5.7225734909121995,4.40491271915674
55.6112499,6.817550213186095,-7.255034463831867,-1.8742249521665915,21.568710127258857,-5.140625697636153,2.1831903287374477
55.6212499,6.630337980493083,-6.914766388928419,-2.032954097951902,22.78930806758564,-4.53696075924431,0.10263117694599493
55.6312499,6.440541582209791,-6.762658103525975,-2.1985879401340496,21.948341929740494,-4.452891263887834,-1.3581218190161033
55.6412499,6.288262663394002,-6.485191884394702,-2.3425947760825676,18.18358009127913,-4.7715619250045975,-1.9035440271664792
55.6512499,6.238818159421905,-6.183186702377823,-2.4441409746674676,12.958421667022037,-5.057108067324798,-2.1792059954702183
55.6612499,6.265490962714418,-6.111676089472136,-2.372456927481596,7.009969208956254,-5.499674354358014,-2.2294226793939664
55.6712499,6.245631054561664,-6.231852745036831,-2.2574263173375653,2.087857328190495,-6.063122995617797,-1.3611431065252386
55.6812499,6.163329185964901,-6.417599619092756,-2.282539888510077,0.04945255727128195,-6.709365722241379,0.08867734720824377
55.6912499,6.1816056756934605,-6.526514272483272,-2.328446745531578,-0.09255118848350163,-7.0362560710690865,1.741674055174257
55.7012499,6.363130220326058,-6.554322993591739,-2.3023237986549376,1.3526815969791404,-7.44791179668519,3.247970455965539
55.7112499,6.595738469196779,-6.598411042272956,-2.2538226986297514,4.127036753199897,-8.021020621872507,4.441932963115933
55.7212499,6.843447026687405,-6.6759756828107495,-2.2018007898521423,7.079340452064068,-7.999445284271739,5.6252116420015135
55.7312499,7.03120832112853,-6.634397236566951,-2.107970617286989,8.786104414366587,-7.437906748880657,6.76735209443841
55.7412499,7.116229356423627,-6.565138289836424,-2.0356668865086673,9.571767942519108,-6.440079255755155,7.50134836892363
55.7512499,7.119881489078069,-6.53832690436546,-2.0331270769384666,9.312749307709357,-5.411322601795416,7.756295495040635
55.7612499,7.00751599876632,-6.48901416744962,-2.0913712748379036,7.729614981820301,-4.842290933937916,7.615898854703096
55.7712499,6.890016426483798,-6.441643070016936,-2.1814372037913947,5.302061525877995,-4.9295797726321045,6.8593700696312805
55.7812499,6.839694659593344,-6.436461000471351,-2.1954137866639583,2.44246503112467,-5.6327399767161666,5.49406931800168
55.7912499,6.798094811200383,-6.538287198923146,-2.172612171416162,0.3351259956937866,-6.456874385309843,4.111903078686686
55.8012499,6.816406985929667,-6.860743044128992,-2.182333546281725,-0.015977919812303613,-6.800230571966757,3.556145925253303
55.8112499,6.840263839093078,-7.161167832126972,-2.1786623732163677,0.5456387140715075,-6.645829569591612,3.646896964994788
55.8212499,6.788464371144328,-7.217829725870538,-2.1006820176477556,1.8506410475104011,-6.555388107202134,3.495362377607142
55.8312499,6.786829747214547,-7.25506728596574,-1.9976341689242767,4.6217351403512215,-6.093204745865993,2.7409594227484844
55.8412499,6.854226825737281,-7.3228481191188015,-1.933872272883763,8.195338340456402,-5.36611518012909,1.8283735131588823
55.8512499,6.932654520704625,-7.440234153126941,-1.9293451651450777,12.57965458897095,-4.655857001386151,1.3440390939177502
55.8612499,6.929113849120526,-7.4968476461105436,-1.9459244607372246,16.809236889064294,-3.8700831896711385,1.419733617033231
55.8712499,6.883069201852569,-7.296776434695524,-1.9723228515053237,19.404146399927544,-2.6703965231856537,1.6479030617976882
55.8812499,6.873768043661565,-6.971302415895931,-2.0164927138349826,19.679059180086206,-1.5773188151236455,1.2723520920143392
55.8912499,6.810790820002416,-6.739752995260174,-2.0460848537165046,17.66756982829461,-0.9701384323319483,0.6126934297242913
55.9012499,6.654885478021169,-6.575117855859822,-2.0782615343529334,14.329833359814954,-0.0934519861421372,-0.046492551278851775
55.9112499,6.454675842761509,-6.392938186739045,-2.1410180836015202,10.117425413990865,0.6127467171981587,-0.5607930387692632
55.9212499,6.274281326344127,-6.3056279000772655,-2.1694327532752884,6.390184910405996,0.8854294111874685,-0.6551814504059083
55.9312499,6.13507795423385,-6.306010662526309,-2.1688772324657335,3.4012074363764517,1.2635610364276444,-0.14598320187691222
55.9412499,6.003153743827272,-6.277867470956999,-2.1490530746609284,1.12362172836645,1.6656624385972312,1.121593800645385
55.9512499,5.847637416410823,-6.24375593321506,-2.1001476539568102,-0.5084914701518046,2.0200146979117375,3.0111894206985355
55.9612499,5.724319566517824,-6.273383149638016,-2.0343789134675325,-0.5883572132729235,2.650465027629245,5.488133193648348
55.9712499,5.586849596828424,-6.272752962731304,-1.9552619886920954,0.8820957577587357,3.4017304492388645,8.738092696967115
55.9812499,5.424845008498496,-6.244983546364267,-1.8982411727317776,3.303333501656784,4.2871919720978555,12.563410621139667
55.9912499,5.249774197847352,-6.201712871019608,-1.8705811961272845,7.300078034608065,5.177213510138506,17.09028038047596
56.0012499,5.058279238960927,-6.075910995135629,-1.8132497264957461,12.61830900141701,5.891360590470006,22.436519532833824
56.0112499,4.885458222846122,-5.929530669096943,-1.7551898124776786,17.605159616078875,6.676744172197407,28.497292075920242
56.0212499,4.673676977838693,-5.726846219946402,-1.7645307167466426,20.866368269800642,7.703626731915102,35.26676787143443
56.0312499,4.391008342361601,-5.556814188615908,-1.8127460631636467,21.86254972229521,9.100366337506777,42.060402720065355
56.0412499,4.104582140114143,-5.453525755998543,-1.8628158844615776,20.219624655007355,10.692142748057355,48.695960495384625
56.0512499,3.813760079961625,-5.333430070855147,-1.940832989547653,16.40722451172876,12.558813520445057,54.97856980364665
56.0612499,3.506970248113928,-5.388690156945382,-2.02002914834438,11.954494511467928,14.550126182719039,61.23673695253027
56.0712499,3.2511460795656557,-5.581004378935815,-2.1149995482119075,6.8418535395020195,16.69248879572082,67.73541101902812
56.0812499,3.0142075894836524,-5.657273753064838,-2.23753692935746,-0.3436944341263104,19.73698840724527,74.63404449149004
56.0912499,2.8072173341543505,-5.714243691186486,-2.4462005217611322,-8.109705834918447,23.49724768459622,82.14956886238213
56.1012499,2.5951894173051833,-5.895768909765755,-2.73383518938793,-14.231731990602759,26.575664505739468,89.05042268725867
56.1112499,2.240561141106022,-5.995966210259135,-3.042709146824709,-21.49537836381613,29.328814162818823,95.99938384917478
56.1212499,1.7526326772145921,-5.849051422508201,-3.4388780354894175,-30.512346569470022,31.98258201236722,102.81267096026808
56.1312499,1.3137479299872465,-5.65928384280744,-3.8563143706461087,-39.65101433595192,34.283664820702136,109.1308699727334
56.1412499,1.0985114615257816,-5.7371035498773875,-4.20169898294622,-47.88919459890745,36.88140484018114,115.45390575824024
56.1512499,0.9325344437057885,-5.933250747596837,-4.5166413348495595,-55.834714364648185,39.17387919364903,122.4420062758311
56.1612499,0.7671625569693047,-6.109078857919149,-4.739203223999328,-62.81742568067889,40.744610976955656,130.2033182559879
56.1712499,0.7409829803247404,-6.5864544507002885,-4.846691652479341,-66.57470504313576,42.38878509950744,138.94285560446156
56.1812499,0.6650797930392808,-7.37282500883204,-4.980441968930264,-66.93206715306955,43.25823704234676,149.28634875501064
56.1912499,0.5140580584621035,-8.171170229040031,-5.278167245180118,-64.38827799125247,43.51339661565794,161.21873677195669
56.2012499,0.48479977528566953,-8.971354841593678,-5.63605600672573,-59.14334330974292,43.65252787862128,174.32611707001806
56.2112499,0.5394336826920165,-10.002987468350003,-5.93394429523881,-50.58541077214512,43.19843221167801,188.05700594858328
56.2212499,0.545110927210158,-11.172219011839724,-6.356581156590648,-40.480946918022916,42.7876694665209,201.6369127872223
56.2312499,0.6157054851324388,-12.132634458994442,-6.818798358472981,-32.463865098164206,43.307536661545114,214.47073960907997
56.2412499,0.9438565444122052,-12.592249145287921,-6.977102269064303,-30.013180106577792,45.280725143673926,224.72930441842325
56.2512499,1.255851782158986,-12.70856744715125,-6.915224482670817,-35.96233504035206,48.01375316979796,230.80738545517733
56.2612499,1.5665550404590203,-12.756779276267002,-6.998069154914491,-50.523213650103955,50.99374689791828,233.93377826761662
56.2712499,2.0528396048355644,-12.750385678225948,-7.1739363625576305,-72.13595599906874,53.71095209630186,234.37828418992223
56.2812499,2.4547651099699888,-12.873280973138817,-7.115833638540795,-97.60926388198342,55.44639702838009,232.32440063693917
56.2912499,2.8245353994938984,-13.450938325789178,-6.823428468145756,-125.2256938106413,55.683114644631196,227.5016120002925
56.3012499,3.3429261966323343,-14.696621924170666,-6.466765463565047,-150.002388175954,53.634568838136204,220.56524628842106
56.3112499,3.9735886750894536,-15.921305386968907,-6.128425345163102,-166.19149992829273,50.14990729530858,214.27360480088473
56.3212499,4.695863783385292,-16.793638965989427,-5.886057366044148,-177.8509032220093,46.11971335802494,207.80121218584716
56.3312499,5.496700524888239,-17.498825823602765,-5.762693411359552,-186.13809881778795,40.93087684963762,199.4339297480971
56.3412499,6.410032892340258,-18.17371728255762,-5.608594682219005,-191.77654645497617,34.53220635195916,188.8733910952861
56.3512499,7.424331104298883,-18.985695582574376,-5.389906384106945,-196.60795587514824,27.963936787796257,175.83319215797073
56.3612499,8.497200645883117,-19.912896480688882,-5.349707925364182,-201.79794443804465,21.394152653825618,159.15283536836134
56.3712499,9.747601309716286,-20.7797061981968,-5.712039300511779,-208.2527692112895,13.76211326179123,136.66604153912965
56.3812499,11.447500388060755,-21.36975801748384,-6.385583129909094,-216.27909352878075,4.505891295464041,106.53584731381841
56.3912499,13.553274097868204,-21.80997775801456,-6.997069259015128,-223.6649763842512,-5.525837605990754,68.36328473666143
56.4012499,15.785891353299668,-22.42512191204417,-7.191944377369646,-227.57623286213416,-16.686285287642477,22.703650760346
56.4112499,18.416633378734346,-23.3696665599182,-7.093949539758622,-227.089617984521,-30.25461982986699,-28.692926127450527
56.4212499,21.572528590002968,-24.355560576797874,-6.555557876883744,-223.59377147462996,-45.91307443442366,-85.29177255850774
56.4312499,24.8831076162318,-25.438221311131052,-5.263692861876855,-215.81841758600723,-62.94395945681265,-147.10855417617879
56.4412499,28.491599413613915,-27.222500726584556,-3.0404408512952896,-202.10499914381737,-78.15902811444477,-213.63026954173154
56.4512499,31.621355932246054,-30.236597341193942,1.1044312490206891,-182.77411325302117,-86.30024506767542,-284.2600846987161
56.4612499,32.09962863504977,-33.60967561105146,5.731072438132153,-164.6179666371365,-86.97721442076993,-360.31587444017043
56.4712499,29.09265423854273,-36.36669739528048,8.11559426180728,-165.68917091990465,-83.37784059035125,-444.8665952720775
56.4812499,24.036380369453774,-40.45136128033609,9.577561585396538,-190.1057265949063,-78.28308196515042,-498.57901733644667
56.4912499,18.461519079790204,-45.614247126460135,10.716408684224062,-225.20070202387404,-73.96808138367763,-501.220839418813
56.5012499,10.74544489305697,-49.5233586970373,10.226637527434416,-256.107492558325,-77.06124678838384,-499.1496293206023
56.5112499,0.4367477259499817,-51.879983936894796,9.37700720620767,-273.9567275871177,-95.50007119550285,-500.2478505061973
56.5212499,-7.984277488351165,-52.167059221717544,8.615252758747697,-277.8706358706714,-122.37613798228597,-500.00672338523697
56.5312499,-14.56035708060094,-48.59971315392724,7.441868764333395,-257.46808299937754,-150.82068539570724,-500.3871689313702
56.5412499,-23.421155363158753,-39.751659057305865,7.69117284093974,-211.4469329471602,-180.83530506829186,-498.2918551556664
56.5512499,-36.96943410121409,-31.53023379488374,7.1298945752779295,-151.34413820600983,-203.69776205817908,-503.8048902068089
56.5612499,-45.779088120373785,-22.307658642240636,4.210661623584304,-78.35308021767584,-194.30058540214137,-488.8548582229712
56.5712499,-46.85944340917471,-4.691700486682698,3.444145617052735,-25.638503993109733,-157.16588409352622,-393.69071486639854
56.5812499,-45.41022104125109,13.05423201799215,0.985628508891618,-28.4016057602341,-107.87980336371876,-286.7023833860871
56.5912499,-38.71932146585989,20.404898874453206,-2.208137382070928,-56.32067600609624,-47.41830347055103,-210.48202539883388
56.6012499,-33.84211554030302,19.74130797269113,-3.329290594385851,-83.34988260070993,9.054941954400428,-138.2010510273448
56.6112499,-32.47931708825923,14.203150426701196,-3.950037934740978,-93.4884033587417,54.47956630570394,-64.23814432349407
56.6212499,-29.833552264246446,6.872922091763392,-4.077250932604099,-71.84685975631115,91.55256292603286,2.7899399486979686
56.6312499,-26.40391438658788,0.7417898281102233,-4.343333583419537,-22.47551103448748,113.5259240181278,54.62549724124612
56.6412499,-22.48006819483037,-4.453844722967726,-4.170917769148344,48.40602493006398,122.97582480409304,89.44381853838992
56.6512499,-18.459793815412954,-8.105318885179807,-4.024890849347213,127.0540704969042,122.52377904306802,110.7892389003607
56.6612499,-14.094024582058317,-8.795836413325107,-5.165691594769893,193.94377314536058,113.29717466897068,121.96246995543997
56.6712499,-8.875623687533807,-7.876703107082447,-7.247294167034283,244.15524393340942,102.43044294252024,125.19523165810443
56.6812499,-3.769241271909089,-6.906539956493229,-9.259980173349456,276.4413057620417,94.2999674679026,123.24402631815853
56.6912499,0.3829743864089272,-6.138200967110992,-10.670045894393978,286.3907127598473,87.43243862193944,118.5872470689623
56.7012499,3.4739004323594798,-5.301861077851145,-11.194234178150573,273.8124182376452,80.85896443497495,111.50466184062124
56.7112499,5.629193713245126,-4.1197710710415425,-10.860917458664906,235.5769159063933,75.1907170056141,97.82609114286414
56.7212499,6.958920943126306,-3.48633476009758,-10.171473153221095,173.07178295842093,70.81251300622131,74.23207432793019
56.7312499,7.195115552253053,-4.038130945802088,-9.869055311199437,113.80795468094959,67.14360141501899,49.45888023749882
56.7412499,6.918067978225133,-5.150760077647534,-9.921852828206008,65.0033555415893,63.37888581206906,28.625188853429222
56.7512499,6.601770766900072,-6.320488365735453,-9.91570312154135,25.300704101115986,59.78854277155168,13.160305594555018
56.7612499,6.200707464876838,-7.223169362509136,-9.628890033947236,-1.253126828833142,56.84141108279493,3.024894723317001
56.7712499,5.835812431074972,-7.74137395088866,-9.131749104991398,-16.39754333796603,55.88627364867482,-2.8039330231638657
56.7812499,5.4878552319667335,-7.941642307259085,-8.804167163814942,-22.736404657748285,57.365902043112726,-5.169292526048467
56.7912499,5.100442016008681,-7.970542218955309,-8.697783345447002,-21.15859888220376,60.140146723768034,-5.83353485778136
56.8012499,4.745542991591935,-7.813632991231006,-8.661841452881633,-13.75130911954113,63.57631070604918,-5.852065736159734
56.8112499,4.438503579542701,-7.615647111279694,-8.702515681647325,-2.519451353293183,67.03495064957607,-6.554141533761109
56.8212499,4.260559081717956,-7.316557454785277,-8.743401367378912,9.407320725461302,70.2202252187703,-7.994308341638237
56.8312499,4.104670941758472,-6.829785975894714,-8.665408036634307,19.668806197807655,72.85232964502288,-10.302451517558591
56.8412499,3.8871165943228894,-6.366390887074111,-8.487258394502687,27.522963396088468,75.00233732151469,-13.805471248521568
56.8512499,3.795674231296853,-6.019303637961796,-8.339727941040502,32.90582944244022,77.0582592003921,-17.03805671271745
56.8612499,3.883985687768641,-5.85624962880102,-8.1635807490055,37.23902408445739,78.80363855799024,-18.903605623778194
56.8712499,4.005751331377764,-5.738530388540351,-7.804687043141508,40.62518489606644,80.26915326459982,-19.422903618607872
56.8812499,4.139840525264808,-5.613120713966432,-7.447828907613371,43.499906578415235,82.43236070119619,-18.274413504451815
56.8912499,4.403198581439732,-5.439497390039761,-7.173186389233776,44.84269770885038,85.85797618281639,-15.998582074884899
56.9012499,4.606226650831304,-5.101921506709733,-6.76782101711859,42.94311604762581,90.318664397413,-14.324007001501172
56.9112499,4.709776611801085,-4.752124674304723,-6.354083157184834,38.58522442809777,95.96457946203495,-14.097356636106062
56.9212499,4.890703087466481,-4.442080234891158,-5.972601185169699,31.56338437849323,103.97091233688967,-15.424339129770905
56.9312499,4.996312150991831,-4.431765552806154,-5.5120512053795565,24.57491362899871,112.66304103996568,-16.94637913124615
56.9412499,5.096299390983155,-4.983183550123591,-5.09542949209911,22.481334409050767,120.00682098803506,-16.733447011132412
56.9512499,5.177179255453714,-5.42514664355021,-4.837837165443561,23.997302018140655,126.38990143661637,-14.795352575159946
56.9612499,5.225157622073442,-5.647055961279582,-4.63499983139583,27.85567498467449,131.83836801086633,-12.1389301938402
56.9712499,5.4367383610665785,-5.706401799629839,-4.2868294356974035,32.915862678670074,136.32888374514576,-9.958476568689568
56.9812499,5.77803846187467,-5.735443551703087,-3.89357857637812,40.27129793610379,139.29457654955095,-8.840943652400114
56.9912499,5.975618050154311,-5.836031821678853,-3.6835615004020577,49.13240242764731,140.4488380312752,-8.336565769279028
57.0012499,6.042781897149895,-5.569515125243997,-3.6604311016158957,55.90616898184189,140.74043246536942,-7.3941232791947895
57.0112499,6.218262653042492,-5.069762669006898,-3.628022774743851,60.70440401300803,140.04263507258617,-5.868951753445803
57.0212499,6.481152859520507,-4.642334053779488,-3.5579389797732572,63.81976401136775,139.03327136665317,-4.133717017433482
57.0312499,6.69559482716476,-4.122642559747192,-3.5669177285743316,63.97051554100368,138.28533199383088,-2.255292485335707
57.0412499,7.037013020015568,-3.4089153629384783,-3.489805606981769,60.628189433757164,137.24119782354393,-0.28939196039418863
57.0512499,7.574889091280164,-2.9033592871540277,-3.241343584498016,55.8417960407654,135.8601689055694,1.7977891966213482
57.0612499,7.981466576776353,-2.893989986815737,-2.8926349148704107,51.61216864211057,133.9802929862539,4.601133856636353
57.0712499,8.138899646309183,-3.015556378044237,-2.504594600686388,48.279929948193995,131.3734480664962,8.304351632738102
57.0812499,8.23770383857689,-3.272054987862517,-2.17880089146585,48.12700571920135,127.8376764170628,12.94800566995386
57.0912499,8.309462557224242,-3.5402798885238314,-2.0731673420039134,51.178342887184385,122.20698055240113,18.367498974373845
57.1012499,8.60623884916108,-3.4743411961891733,-2.2310023996519153,55.44060752776757,114.86701541853851,23.46115818001977
57.1112499,9.011070637392644,-3.249690889834858,-2.3064265503257406,59.95876840471019,106.74582544185881,27.40320713704852
57.1212499,9.082669179936275,-3.147217821111433,-2.0979973651066044,63.966145345469315,98.17251940791708,30.369204464876546
57.1312499,8.913325745717177,-3.174213000364449,-1.8234513303676814,66.49642682194418,90.20384456654301,32.999921949245696
57.1412499,8.732102046808725,-3.169033324638404,-1.6901453341605268,67.6994911973262,82.49327271717355,36.31605150527807
57.1512499,8.699031766427517,-3.309398079392377,-1.578137361395038,68.66079438327537,75.89779183533531,40.041455968450144
57.1612499,8.723922603129369,-3.587114838323431,-1.59981442574189,69.08467139229906,70.05427545388056,44.68541850372262
57.1712499,8.666396436538264,-3.7212481863112705,-2.031938156055984,68.06397921796348,63.63975978841752,50.04242945787223
57.1812499,8.701184029274348,-3.545734921457572,-2.5570985449621433,64.07738965867935,56.65526358298915,54.46392318993484
57.1912499,8.847919640877935,-3.403533395706332,-2.7179935801439616,58.29969892642148,49.4887007981745,56.81921532542996
57.2012499,8.881517831775065,-3.6020264114311606,-2.628758928632608,52.66739615694118,42.399700426427465,56.86240049560116
57.2112499,8.876719516074994,-4.016564365237453,-2.5177667527585883,47.90927593773483,35.775991980550415,55.94127889317574
57.2212499,8.940459486183407,-4.588424614470362,-2.40903962516473,44.45056583839149,29.658121172328645,55.240961111260155
57.2312499,8.979558707011568,-5.253086370880065,-2.252991718913308,41.64397609453644,23.706179647656054,55.10672571289146
57.2412499,8.912445321638325,-5.808801928877337,-2.0717955591219277,38.396862742493624,18.146389050766935,54.93397749601668
57.2512499,8.78397056321139,-6.172487577063935,-2.1532890465246544,34.06331304888879,13.143990011969505,53.917543796414805
57.2612499,8.67771433104774,-6.321011097912574,-2.4866807632134544,28.404352466842784,9.03850003185239,51.611049755628265
57.2712499,8.625332059701247,-6.290261095644398,-2.6213883045401913,21.14412895590273,5.908312248470753,47.748244124199104
57.2812499,8.617603710622845,-6.3091667356110275,-2.5520225919117863,13.068040239032266,3.6697078625594393,42.523229223068185
57.2912499,8.560654319354116,-6.458168013566213,-2.436176492659569,6.213592473515037,2.1118605973830507,37.06812016964331
57.3012499,8.485115106991291,-6.795353210253388,-2.338872991548598,2.3449773709304447,1.258509020618155,32.579828326763405
57.3112499,8.452024723463794,-7.164137430393067,-2.263822061736586,1.158177821318785,0.5817198461907099,30.13345551158529
57.3212499,8.369899376643342,-7.332713295834539,-2.137179680305329,1.5515405612936377,-0.279081138130783,29.492039803990036
57.3312499,8.210732908720852,-7.368731059669177,-2.0010040312591073,3.6316261062639716,-1.1274707707460008,29.65540333698047
57.3412499,8.041786013102913,-7.289753504506463,-2.1144737721418316,6.240327748312165,-2.0408504183985285,30.100609544857388
57.3512499,7.862771055520811,-6.9921216457618485,-2.405468117514388,5.924892985803302,-2.411495568856778,29.817548198965525
57.3612499,7.719299285733003,-6.676475125636505,-2.5412604078592467,1.5505127928934408,-1.829160296475787,28.212201572332788
57.3712499,7.721814890854523,-6.551420747201917,-2.5611346407056574,-4.560672927181596,-0.8502205750308742,25.85234108000945
57.3812499,7.780892170567217,-6.462315184849526,-2.50465998759945,-11.590829171002385,0.6692571832557269,22.876119296665724
57.3912499,7.797096063031294,-6.521998108683126,-2.315612204561064,-18.07653820305011,2.60634014703315,19.681798609947872
57.4012499,7.772991383779118,-6.811359803702142,-2.1079343292437094,-22.637207159066556,4.480384335994477,17.233371434377112
57.4112499,7.6489054278156186,-7.046710145728359,-1.9705332080526374,-25.218947580407107,6.009823970764057,15.513376150244039
57.4212499,7.443144079439969,-7.241643789559189,-1.8540148339731708,-24.906449163079866,6.8239868452810555,13.966858770084617
57.4312499,7.307727190735167,-7.389577186755823,-1.7077438974547716,-21.797772262684997,6.806716184886222,12.468024524540693
57.4412499,7.266226527973078,-7.442890027923482,-1.5066369262987356,-16.587127094633964,6.140452124358812,11.114494340051412
57.4512499,7.267497850263954,-7.510361455389191,-1.3976072066321688,-9.84040855114308,5.144058485074563,9.94653360788683
57.4612499,7.221409514112923,-7.464378248857244,-1.407684180777515,-4.361917900702762,4.2145272602764905,9.035499666696026
57.4712499,7.106653027287897,-7.174406200288395,-1.4071116780895745,-2.480363280093235,3.801306810538331,7.911875170361826
57.4812499,7.093281128482015,-6.850707534715315,-1.4306278089466908,-3.499789904765842,3.901039840242574,6.042292586629441
57.4912499,7.183979294796708,-6.646854305728363,-1.452605079841558,-6.246956684997572,3.849809009182326,3.7908684854319734
57.5012499,7.185444414450863,-6.533351146450883,-1.3826256168699835,-10.081775809239655,3.9834216476912916,1.5560367547459222
57.5112499,7.044125582311949,-6.509314620950321,-1.2927181801567365,-14.06790642650734,4.59261390125208,-0.28187774683761785
57.5212499,6.9685262786578415,-6.64621168750452,-1.2482688875981425,-16.48808265809711,5.049761419329335,-1.2745420385420592
57.5312499,6.971288803401369,-6.849505676053208,-1.1753064398606463,-16.82678126671019,5.164554924129783,-1.4916194167815122
57.5412499,6.883021544492174,-7.000832254451968,-1.0549856959607702,-14.69881839601189,5.295264658748045,-1.1370522599263762
57.5512499,6.771411767613476,-7.087525937709287,-0.9637200491962619,-10.58062682752317,5.433602207232945,-0.5435563901248778
57.5612499,6.631208426316465,-7.110854118993486,-0.90725390849359,-4.850138697952686,5.1368437214002185,0.7072333953276906
57.5712499,6.404647595853534,-7.032169704307844,-0.9576690427181391,0.3991460713806157,4.50825444366981,2.273093749987155
57.5812499,6.204896905057067,-6.925362571978381,-1.0841665789582247,4.337104826341382,3.717024027363528,3.8025952150463764
57.5912499,6.033862645003803,-6.798796303132066,-1.1643042632114788,7.060889995326357,2.80182213408312,5.63577184059882
57.6012499,5.84364726409108,-6.642432507693653,-1.2364608059744087,8.029122444875695,1.893751566424803,7.524455468050356
57.6112499,5.63106343498134,-6.529920024083037,-1.2997990190470494,7.732179110815929,0.6932648075969818,9.43969290695242
57.6212499,5.4178834519709635,-6.460295957454348,-1.3197460241395673,6.837446784830216,-0.5678755238179303,11.543737852489414
57.6312499,5.231449475706431,-6.439870574740404,-1.3554440937376866,6.120850684827769,-1.682727162464484,14.060930506643398
57.6412499,5.049149697528956,-6.427730192834173,-1.375452584873845,6.0574631101681025,-3.1352006873836773,17.251416531241176
57.6512499,4.850339413097879,-6.39024452784306,-1.3341819490754028,6.93687174720268,-4.843612054024067,21.233974209412164
57.6612499,4.6548086629745375,-6.3150105538192145,-1.269988536390666,8.527927466431885,-6.502529787652974,26.005727129590262
57.6712499,4.4712101750212225,-6.19617808533591,-1.2496894518988269,11.024136181015768,-8.349191581938992,31.812180437910836
57.6812499,4.294163738176881,-6.084507693483117,-1.3191498202385394,14.234394094857956,-10.081464682098845,38.6158518183186
57.6912499,4.124527797131276,-6.0192725635314845,-1.5088845612972586,16.82006020815983,-11.410844833572696,46.388134402349436
57.7012499,3.9458134199455834,-5.905704366450114,-1.74500378257973,17.448357237995523,-11.76690773844072,54.6380233534707
57.7112499,3.7287358891591413,-5.680995256391375,-1.92284770704386,14.891264819208592,-10.936529959403778,62.59396156816581
57.7212499,3.474575278443995,-5.535758823023391,-2.0378686994687465,10.009054026040964,-9.266097564247962,69.95690866871874
57.7312499,3.123960607380364,-5.506930032530896,-2.1892393417610663,4.010670417376905,-7.419496781064666,76.9991807533491
57.7412499,2.617194245061736,-5.401159949424848,-2.529623617152282,-3.075943081662184,-6.327962980794362,84.43565215144591
57.7512499,2.105355310814872,-5.260143984744351,-2.9530121051517173,-9.706550909068676,-5.868376474677534,92.35623804527258
57.7612499,1.8329027747546769,-5.102570093420656,-3.3324556588243435,-15.920987559278158,-5.531692240870881,101.10049862953903
57.7712499,1.72801587047677,-4.873002978014883,-3.803505312447802,-23.463059595806122,-5.017422215954817,112.1969117961453
57.7812499,1.6844210775125419,-4.715297063656829,-4.289714021340113,-31.029042552612168,-3.72603015998867,123.24270631448861
57.7912499,1.6518809939014063,-4.926963278686946,-4.532267289815238,-37.99308399033059,-1.2607315532117882,133.12871896417766
57.8012499,1.489594079865284,-5.28527517278862,-4.716710138542363,-46.60053667267542,3.0951373558634363,142.9978189836193
57.8112499,1.0962171435623886,-5.4776320288456315,-5.206859594589693,-56.92196965504215,8.561421142484011,152.27445690589823
57.8212499,0.6691667390958795,-5.88176747587952,-5.808230730400894,-66.55246347380603,14.28450222753636,160.97165182368443
57.8312499,0.4577039826852188,-6.462667056897107,-6.190481824798715,-75.9132646479059,20.4308315498512,169.45889500567358
57.8412499,0.2615715596699011,-7.043868750374758,-6.528400701912388,-83.95482173371246,26.217662926460385,177.65506006349884
57.8512499,0.09361558898328415,-7.919567289575263,-6.954855502671086,-87.53725086980657,31.47681134277431,185.9111843251434
57.8612499,0.14778929812244498,-8.866162586919572,-7.201227723495233,-88.41229051947147,36.43705744765275,194.77021960480116
57.8712499,0.2626574224891652,-9.609148558418816,-7.154902242299827,-87.73338029601516,41.07993158988748,203.66144667666225
57.8812499,0.3622854318443783,-10.427245369654383,-7.053236444845664,-83.93648789252005,45.629002260005684,211.64109906819377
57.8912499,0.6003627671322327,-11.484314374229156,-6.9776508773885855,-78.81968174873069,50.089566949111536,218.97125306261134
57.9012499,0.813525701226928,-12.486294376968745,-6.927786540210116,-76.04779534729016,54.29223720343168,225.22455037514962
57.9112499,0.7988923087487398,-13.462134759862986,-6.966928984162849,-75.9824498573601,57.54405559531072,228.50202367126266
57.9212499,0.7478999310798636,-14.346346584871279,-7.068190644860099,-80.01356616938791,60.11611939708675,227.79483201472507
57.9312499,0.7787522718852358,-14.906240444304817,-7.301395650652099,-89.23967432603887,61.67388478743542,222.70144956112563
57.9412499,1.0495993485375321,-15.63603144480518,-7.459393973827739,-99.74435649965125,61.946823178849684,213.33516889609908
57.9512499,1.5799674290367078,-16.53889811436428,-7.425725102521153,-110.89593842229091,61.6590617589637,201.31210875713472
57.9612499,2.220236617383203,-17.055981902806668,-7.450303010514059,-124.14692952478819,61.66781115088286,188.62253985423516
57.9712499,2.862047327351614,-17.533148839083815,-7.428895915049336,-136.79831918033426,61.42328086397742,176.48420311884723
57.9812499,3.6599462236948423,-18.529658322682007,-7.127874437772965,-147.6301010981413,60.611128429255984,164.33109148255244
57.9912499,4.556923903683184,-19.54340328177792,-6.844990012046528,-152.35750224586397,59.6399410834255,153.20556542265444
58.0012499,5.416035868170176,-20.248008918753065,-6.788591610711963,-149.2144709864559,58.05783891085019,142.34295420919318
58.0112499,6.282863575099902,-20.74462631322321,-6.98597957060675,-142.36216277027646,54.81420392736033,129.21048678739064
58.0212499,7.364516679828793,-20.885709810233603,-7.50366897376437,-135.51289449827107,49.67808972451264,112.85064513832191
58.0312499,8.831671807352286,-20.47252953043092,-8.16086755310513,-132.96158860496368,43.46976535542816,91.85667341844348
58.0412499,10.434563235340852,-19.658399410656852,-8.632067546455417,-137.58805842087952,37.28538601205565,65.47749737053422
58.0512499,11.943446262966658,-18.865763653119217,-8.789870518702939,-150.09728023818067,31.3799983858812,34.697733622216624
58.0612499,13.371182079768584,-18.32830475615778,-8.713401175766723,-169.7050156264845,25.523243881013606,0.6454200720029176
58.0712499,14.575368247137611,-18.000242055924097,-8.22742292314285,-193.95286937980845,19.22593852302998,-35.60732746604106
58.0812499,15.534845690202177,-18.196879949693386,-7.174230242860577,-214.679174875804,10.741752221846534,-72.64104415174388
58.0912499,16.946983797348103,-19.240998833414736,-5.91943613664481,-225.45230374381472,0.06105599542021944,-108.62257269094243
58.1012499,18.93676614469018,-20.528172355152627,-4.070553767686681,-227.17142819222104,-12.063803331021498,-143.27873209579207
58.1112499,21.209792436967767,-21.817392060855937,-1.0916617392839978,-221.81665132231163,-25.387796161442314,-179.24200700828283
58.1212499,23.61742615362695,-23.449631606049394,2.853729125427495,-211.72266613125558,-38.32270130968157,-219.7470591508144
58.1312499,24.7243978156969,-25.1057113165867,7.155485463697161,-203.63309874426238,-51.34991230131993,-268.14394469736214
58.1412499,24.169666360075063,-27.407236995761576,10.944940303605216,-204.90184505665235,-64.32412832897205,-326.14351029921244
58.1512499,22.107245018523138,-30.86016150982626,14.427874790131424,-222.1625286914306,-76.3150470719485,-397.8576999744614
58.1612499,17.960453161040938,-35.08691782190308,16.735658951320914,-249.51773118374538,-89.16237602990347,-472.8054667300507
58.1712499,13.214210718976771,-40.215096144702066,16.51216600489689,-272.1417886943147,-99.79683390750192,-502.88383684578105
58.1812499,7.045558413567132,-45.50437909414597,14.259535524411456,-276.39385172034406,-108.6090968214635,-499.44285286985894
58.1912499,-3.5673418347668653,-48.76946710869211,11.147660390152037,-243.23139818860577,-128.00945294435766,-499.8806136794098
58.2012499,-14.951319521565988,-46.826437357791555,9.629580028682868,-184.51044820170108,-156.24519803504427,-500.25370127781304
58.2112499,-26.523491456791717,-39.74218351389378,7.896454410591682,-122.00456049803881,-183.7304420502295,-499.1037846424741
58.2212499,-36.99321233323641,-29.253067176545404,1.598033062768853,-66.56410608298833,-187.61460405655575,-502.80018634051606
58.2312499,-37.47378019045067,-13.966706515954513,-2.8998544590925475,-35.37037551324606,-145.54382549866452,-485.9455201997929
58.2412499,-32.20837477019501,1.0484352504972598,0.5254126602545335,-32.851197970258745,-89.54538867200799,-427.8086939533733
58.2512499,-32.11991279229346,6.653864602291363,1.7082340720356397,-37.18944389107262,-47.051166041808536,-358.3545432323801
58.2612499,-33.9372171888847,7.842493662880388,-4.944381862841991,-39.86734678876913,-4.074756436097097,-278.51470060102804
58.2712499,-32.163733285652505,10.520431260586259,-11.251755651136634,-34.21923430407228,37.12853202554859,-204.6135124889604
58.2812499,-28.576659533984937,11.736257757096071,-11.780990682558462,-18.09550473928518,71.31431484863373,-152.28854591926054
58.2912499,-25.59003672929732,9.655423217018743,-10.49807911850788,0.8465833330495992,102.47413261465202,-105.49987470396812
58.3012499,-22.97639365197305,5.968802257719408,-10.302470579660884,19.955243287185915,120.31377330347888,-54.5655072215625
58.3112499,-19.778004148325888,2.7405274497505654,-10.206411428539298,37.19042975676195,124.02006447503405,-6.935817801167403
58.3212499,-17.034539903310026,0.7988276160056142,-9.759952066949555,49.957774373838625,118.71011191176115,25.45325882755034
58.3312499,-15.05590878063082,-0.7860090037022672,-9.776109801115913,61.75229779711762,109.77303130083862,41.52584165054144
58.3412499,-12.585696658310072,-2.5459494464768895,-10.057140635831951,77.16747263227555,101.94109997458943,48.82141205596555
58.3512499,-9.379362416562875,-3.8704182623206926,-9.82921497499407,96.8436272586148,95.75831877166394,52.45089357135418
58.3612499,-6.05409447442997,-4.214051468528245,-9.480876538716334,115.21598489351429,90.57228514670999,54.49045158378047
58.3712499,-2.6498781049433,-4.431119980111245,-9.491256300371251,132.34812818400576,86.63026624401193,58.19986395926747
58.3812499,0.514013061703735,-4.6644559123757885,-9.671475975388113,145.84399806719867,83.74015418033693,63.88067140860555
58.3912499,3.0849559232478003,-4.25038876808726,-9.669200043048756,147.49851328285928,82.72829448101395,69.86682099428576
58.4012499,4.70803014442462,-3.9665144746400656,-9.394895056182087,135.60815165260954,81.90054060679124,73.8020780256164
58.4112499,5.1014811605686035,-3.7538498781449308,-9.224097175398086,113.30998379644035,80.44634070127508,71.71205107394678
58.4212499,5.1019483213848735,-3.7698762560067585,-9.2057787540199,90.2574215033613,79.17772889313153,63.837619005053554
58.4312499,5.2984370741764835,-4.6297453413625185,-9.1485356413696,72.80288644456378,77.59029803414269,53.392378403075945
58.4412499,5.497761683549014,-5.603898541843147,-9.020073469878481,61.49970633036848,75.12932356111573,42.84381948566065
58.4512499,5.6916827482416545,-6.142718997287467,-8.96661810977672,55.04503723702018,72.14147870262654,33.37178481307077
58.4612499,5.9914018924259524,-6.503403385513569,-9.0649898706426,52.854480973046485,69.80001715080496,25.38568989645095
58.4712499,6.243262098533328,-6.62514862161258,-9.078539685030846,52.333223310325955,68.990065864372,18.710907460439817
58.4812499,6.342557408236566,-6.316763724376759,-8.901923225200282,49.73813982429195,69.79271743981266,13.76018704633691
58.4912499,6.311606084298504,-5.839363174168335,-8.658375397424992,44.76605383300557,72.4181574561419,10.57640433539575
58.5012499,6.064045383225601,-5.556440984673129,-8.335637716512723,39.89281253034849,76.09472512893097,7.34128212442987
58.5112499,5.742449013634809,-5.434992700229918,-7.843446288630955,36.94749853788668,80.83993329634912,3.3050617031758036
58.5212499,5.523794142622963,-5.706596387772341,-7.188437729691548,37.29196836065127,86.279855501314,-0.19944402809632142
58.5312499,5.409697557600545,-6.251152148403148,-6.963399667128763,41.73112636547547,89.45113768662107,-1.3322245124571455
58.5412499,5.516811911034439,-6.3016562996688785,-7.259968230511897,48.0835951302971,89.05871391773623,-0.6927903819144082
58.5512499,5.661316723474049,-5.867255913254588,-7.392497623933838,54.4623827206317,85.95747469819467,-0.3023164161510994
58.5612499,5.650955165692975,-5.335116251072841,-7.2862357716883315,59.88691131290366,82.09464560125897,-1.161149978138924
58.5712499,5.60727509202137,-4.885887586612632,-7.164795645117803,62.950279494870166,78.77959325776824,-2.797174976869065
58.5812499,5.419589422324568,-4.713028699742413,-6.92736676137461,62.42278611425242,76.23559447478553,-4.655031250154006
58.5912499,5.070084229197974,-4.691061666992501,-6.530412200425573,58.250501716047154,74.6948050871715,-6.3476369780417015
58.6012499,4.848304734187147,-4.746508513873542,-6.095833891901992,51.61248869322765,74.78432132704451,-8.05207498932597
58.6112499,4.933389866213724,-4.78459745522739,-5.703583371954199,41.7315435083852,76.90748741865573,-10.284873262600264
58.6212499,5.2989310952867905,-4.781972721901763,-5.285878322538639,31.9833377952761,80.53776307470275,-13.15251198250587
58.6312499,5.656268204934002,-5.08201956297614,-4.752164144458801,24.791831866169034,85.32935799178229,-15.656008871328588
58.6412499,5.860067140790764,-5.471253323991514,-4.24473586196638,18.814938612952794,90.47893442137274,-16.2293285249797
58.6512499,6.025638129741641,-5.571324651639209,-3.8823892741351718,15.26175372556563,94.85987347141943,-15.529573974099918
58.6612499,6.116043706093772,-5.411315126428256,-3.5519954882273956,15.047580235462224,98.19112978187587,-14.657353628119402
58.6712499,6.037792230796066,-5.199208926846617,-3.154268806581288,18.183527050128017,100.62097359167011,-13.605944191514729
58.6812499,5.916549539502507,-5.12516877445385,-2.70492005427561,25.195303918365045,102.57756217815985,-11.490654927426041
58.6912499,5.855170817086068,-5.124891008457138,-2.216990126278751,36.09984626502443,103.90289301999645,-7.490546887043005
58.7012499,5.851957651273569,-5.040333210533906,-1.7965073128878322,49.43444884003827,104.44247961194539,-1.522584491832639
58.7112499,5.964557999777324,-4.986589709286935,-1.55240985344993,64.20060769845095,104.02878965184588,5.5768647168178935
58.7212499,6.09390500791489,-4.790793543071249,-1.4663996779670903,77.63780185217695,101.85199275872421,12.625463811249865
58.7312499,6.093334606069206,-4.387329890364469,-1.3632801955745206,88.90770143253687,98.83741630677606,18.637874288754443
58.7412499,6.193292337696692,-4.170478214158186,-1.1922438868291076,99.29205665142293,95.95252788856635,23.699564193449437
58.7512499,6.4341888070724575,-4.025761268906359,-1.1938875132122435,107.64434979681793,92.34534045296478,29.08371525979589
58.7612499,6.5827131779606525,-3.7418038569964067,-1.397497694752525,112.80095658289072,88.2483550145418,34.78779211345465
58.7712499,6.769642369555057,-3.368736425804712,-1.7471999262143343,115.10632080559438,84.4000147408326,40.1424415366876
58.7812499,7.105355596835175,-3.054935846697451,-2.1002929408598607,114.75653763693617,80.99257700109649,44.70059455530699
58.7912499,7.453532826000143,-2.855838473536553,-2.2862237903600464,111.07871658704438,78.35722453838603,48.45176045516383
58.8012499,8.005231243047573,-2.7182273925124405,-2.467637585269051,105.34762451370194,76.50121919210216,50.71403279787657
58.8112499,8.593893442346147,-2.794427808295666,-2.607374715255762,99.58175794884343,74.48537999016247,50.860411564636344
58.8212499,8.907492304202515,-3.6024585489883036,-2.6078073640851676,97.17941015102919,71.97573770511973,50.71808292153086
58.8312499,8.86557560744717,-4.555463951134649,-2.684278439896792,97.78268857642138,70.0994827087476,52.24780642653346
58.8412499,8.823298379332774,-5.025309273965333,-2.8020342306928145,98.51496191405847,68.42428196636686,54.86921881104935
58.8512499,9.02756914530646,-5.490552837220589,-2.74347625405615,99.50935024632778,66.08399548707615,57.79597632529552
58.8612499,9.271057817995185,-6.107451747592496,-2.7719452098679254,100.86131758358898,64.49410613354667,60.989420652523386
58.8712499,9.242892560808302,-6.059526485915935,-3.2453353024612506,98.41421295729789,62.535333313732785,63.43297180775474
58.8812499,9.263395092873385,-5.799193932411885,-3.6495997650730225,92.42236125388852,59.349332958741776,63.55439786928056
58.8912499,9.54585364052707,-5.937372532757956,-3.6142167805674745,85.76540944515054,56.09729038984714,61.32567622090026
58.9012499,9.612331563807388,-6.206076244669664,-3.5080865466530584,78.77649810717537,52.30560174242086,57.85015418450606
58.9112499,9.502854556311638,-6.546436765599791,-3.4696220096746178,72.56761300918251,47.79683961375693,54.117546347055786
58.9212499,9.374557011558096,-6.990813457347619,-3.4361948643461044,67.69347240817602,42.418699658658774,50.908229181115395
58.9312499,9.163658246219153,-7.378532747237,-3.3996006123022413,63.27688165403131,36.09482169965037,48.498799871365534
58.9412499,8.89916059134734,-7.627939250664034,-3.324954207496521,58.414918549721854,29.341663597710724,46.55659630030323
58.9512499,8.545995596256082,-7.653416603876045,-3.218208649142932,52.32811504764035,22.405773277138145,44.54167217973834
58.9612499,8.192585248255725,-7.651582946430894,-3.05413551058022,46.05890964286618,15.539448855465523,41.80967504220772
58.9712499,8.009951681398455,-7.712289035120056,-2.875255957085424,39.480525926598084,9.29343971430848,38.763130372753395
58.9812499,7.931497518358164,-7.657644595767906,-2.673610595737273,31.57663863002554,4.11754693622747,35.3788055688052
58.9912499,7.827161560082526,-7.66375267581694,-2.4194297371130875,23.856881862839682,-0.02150728208722379,31.45225875814963
59.0012499,7.634778284303378,-8.039276350067949,-2.180235086119109,17.018597274958683,-3.503658088165226,27.65189485470275
59.0112499,7.3112915887081815,-8.564314584989425,-1.9343496641555273,9.03642865608163,-6.552872157017105,24.38668505098007
59.0212499,6.995784559220824,-8.808024677521423,-1.7443582977020249,-2.04498023184311,-8.22448196017246,20.024379695849518
59.0312499,6.741033095714059,-8.848161933285928,-1.6693289363995458,-12.901974449361234,-9.272907709402718,13.446428634631376
59.0412499,6.587174474562822,-8.92279882364472,-1.551864866949354,-18.292605288994995,-10.400746847076833,6.629432151084359
59.0512499,6.483710578524054,-8.974219754815639,-1.3181898009926971,-19.033157125466285,-11.182600929625993,0.5801178496712631
59.0612499,6.417777549560543,-8.933848270631538,-1.0585800667234917,-16.523427223114464,-11.60431494424451,-3.907027709143649
59.0712499,6.402972878788416,-8.849461875359381,-0.7960815168785846,-11.57388725491773,-11.810633399958904,-6.1750763332190965
59.0812499,6.388049330463244,-8.681993630594878,-0.6184588299001421,-5.793635800434144,-11.6383071211658,-6.4568543035072
59.0912499,6.313700976590591,-8.310502795465156,-0.6137019413941657,-1.6257305474497283,-11.242192386115523,-5.733034256115645
59.1012499,6.22764142539627,-7.834764665430517,-0.749711781261393,0.1818678414361577,-10.445144011720934,-5.031972288313427
59.1112499,6.164141162628312,-7.446166153304944,-0.8912971777353337,-0.2525585824936757,-9.510758670329015,-5.188916567148263
59.1212499,6.221990443180765,-7.277214305208898,-0.910645033350547,-2.457372193309168,-8.218187395784094,-5.866337637065533
59.1312499,6.405162933304433,-7.3387233947841475,-0.7998257579980369,-5.005977164853559,-6.526822474521457,-6.692560023866944
59.1412499,6.518293224618803,-7.431636353502321,-0.6533717434836152,-7.388414173873781,-4.698811751862725,-7.401859155043014
59.1512499,6.522400092006016,-7.448465812389558,-0.562307552743602,-9.1317178482925,-2.702016497451235,-8.072879815612135
59.1612499,6.451650484641107,-7.503871895092041,-0.5299338228710542,-9.140350138178825,-0.9404423530690943,-8.375626169475032
59.1712499,6.3383922134793815,-7.601377723663175,-0.5592673674193364,-7.173555580581283,-0.3891910773541064,-7.833298526549855
59.1812499,6.129667409672841,-7.6407082558185575,-0.6219643181924315,-3.493452851192347,-0.985576282593196,-6.622698271438392
59.1912499,5.912576262405574,-7.548039461949184,-0.7335988232784109,0.8563580857120978,-2.18889630518479,-4.760510903787082
59.2012499,5.76112415856707,-7.401045205080046,-0.887190697299601,4.770423444016785,-3.912176936959199,-2.6346036901218333
59.2112499,5.640921011553221,-7.265244792898194,-1.011986175520886,7.235377317175231,-5.616071736840691,-0.586643225884273
59.2212499,5.563536114747104,-7.11296796407036,-1.1026686083586068,7.786845295363481,-7.162447020537488,1.3421542370269883
59.2312499,5.52627866295931,-6.958837008975295,-1.1644226768746708,6.485371215396541,-8.579811049498167,3.148719578960218
59.2412499,5.524171705891554,-6.916624821284841,-1.2424259530708581,3.5233939780444286,-9.291702638934316,5.03679202100017
59.2512499,5.564910226619012,-7.042660226587765,-1.3210769396666644,0.4178912178990756,-9.462579447687501,6.963866534046154
59.2612499,5.5825401363657186,-7.136781450667473,-1.3267439014814115,-2.6382004104901506,-9.341661837433744,9.000391379009098
59.2712499,5.514872089377714,-7.1458732848462425,-1.2606243121490264,-5.599388391107307,-8.741075965512547,11.090250029749688
59.2812499,5.363907465098281,-7.142394957487289,-1.248058596667661,-8.024614827341084,-7.8531093819795075,12.997044151548536
59.2912499,5.205438134554826,-7.129722851021341,-1.3177042363465579,-9.909667480316363,-6.795007994567024,14.79122925286234
59.3012499,5.021299232927114,-7.11657732262839,-1.379887991272581,-11.06801595964763,-6.004667914617663,16.764606882029092
59.3112499,4.810631597290095,-7.102526739096881,-1.4255872105002405,-10.80027242567803,-5.402893963251237,19.416818522397435
59.3212499,4.59151205536452,-7.081071102156978,-1.491751831500623,-9.628733588806549,-5.122617690875847,22.67061642755403
59.3312499,4.428313021495615,-6.946420190168638,-1.6126254165376734,-9.148314270240741,-4.202290614755492,26.322853890875688
59.3412499,4.29851497257291,-6.701841155279491,-1.8510781402525534,-9.501146783954697,-2.4284199363277033,29.918452994364582
59.3512499,4.111800087616352,-6.514846397569178,-2.1523823474425683,-10.637710359131086,-0.6970096091247096,33.627714616173094
59.3612499,3.890128664978708,-6.235291450066405,-2.474734431606198,-14.772747950377674,1.426028388613261,37.66708570291328
59.3712499,3.6229919153634724,-5.911526286542752,-2.7726238201384628,-21.06830286398586,4.1428030443183435,41.89026177560773
59.3812499,3.260836631529672,-5.705670072600545,-3.0206358843630956,-27.483034828707996,6.478817789438191,46.706760731064925
59.3912499,2.907416513697951,-5.659829606364479,-3.326417506012549,-33.20867293182831,8.727535858469716,52.74542473571566
59.4012499,2.554415239165286,-5.726891018535853,-3.622369489498391,-37.32876764929072,10.64833931723186,60.57968778097725
59.4112499,2.182154910743257,-5.784081768805214,-3.834953364901308,-39.365855441505495,11.994001417066942,70.1961442363409
59.4212499,1.9325829979449556,-5.812733822037004,-4.069945810659971,-40.376350569720486,13.27405310619286,81.26796132570878
59.4312499,1.7089565072786224,-5.71326813202636,-4.264021152993407,-41.91667373839202,14.513514311663995,92.95957606531718
59.4412499,1.3832657794073822,-5.405802726389055,-4.5726918735334205,-45.59487937492306,16.48908676051464,106.37198017143857
59.4512499,1.0732047527178776,-5.08090211491298,-5.094102420352038,-51.948442805239544,19.090650544062946,120.21464469059676
59.4612499,0.6831433532255238,-4.970145128977653,-5.475233737109623,-59.83792654517161,21.360670294115202,132.16109261790933
59.4712499,0.27896028234446385,-5.190738634518595,-5.673182023909286,-69.9132877151489,24.748999574796308,144.06566161755717
59.4812499,0.021660413092425557,-5.479996989852249,-5.902371824023117,-82.71259174768431,29.523050428566,155.7340680734999
59.4912499,-0.25727951083075484,-5.879517300032092,-6.114121629938336,-95.19133968840448,34.35598981774389,166.63475167470364
59.5012499,-0.5405920398323864,-6.677991128149846,-6.2559622985850725,-105.40826554490924,39.03940567152323,177.62812098524213
59.5112499,-0.8036505295475296,-7.558938107215121,-6.545266560669794,-113.17039223872735,42.835630385130465,188.75348822903246
59.5212499,-0.9378743087385344,-8.359657222865756,-6.844345246670359,-118.10006265544688,45.56498432990643,199.19322689497554
59.5312499,-0.8719260175904578,-9.341409558123477,-6.860807576840622,-121.5764553494799,48.39841389533904,209.3005361681736
59.5412499,-0.8660667325236057,-10.426829523782386,-6.885045230641253,-126.19390002502868,50.940763166850296,218.4375684628357
59.5512499,-0.9764956582351747,-11.203347387346227,-7.057272488022985,-132.47254928904118,52.69059457874886,225.23463876924237
59.5612499,-0.8192296116562872,-11.981375322856154,-7.074887886280894,-138.26908309654257,55.09876642673666,229.5174677912707
59.5712499,-0.3929510964858263,-13.1598479010656,-6.843250319869282,-142.69850112932022,57.93961894269844,232.4003931733214
59.5812499,-0.09230098490469672,-14.073368133385664,-6.757324422899994,-147.84612835834622,60.37953372470595,233.6216228443808
59.5912499,0.06546318288606377,-14.700623992267069,-6.954535523409479,-152.83030608753776,62.18726418481348,232.89444336656766
59.6012499,0.3097578216230137,-15.847187403313752,-6.995993931417583,-155.63509835254823,62.91886550633292,231.31193593538094
59.6112499,0.6725346691293093,-17.183070193545763,-6.885534340723651,-157.25651472557863,63.27349478819197,229.04399934423785
59.6212499,1.0675978360644376,-18.291300789140724,-6.96615496983911,-156.56999823484801,63.12134650004798,224.6395795645253
59.6312499,1.7113737606152981,-19.450620074968825,-7.020841597481139,-152.21030281006531,62.55351645837548,217.63620462928097
59.6412499,2.5758589794313096,-20.482146025188502,-6.956645531238739,-144.95946160487085,60.786177953155494,207.66929832686387
59.6512499,3.7934868513549085,-21.068233272540223,-7.118273007329949,-133.7877265953664,56.7768992672495,190.90944054193528
59.6612499,5.435997974799772,-21.297825710232594,-7.291259932192437,-121.31935769290685,51.38170659575692,169.29361224970864
59.6712499,7.157363320806438,-21.34602959633172,-7.1521155087860135,-113.1334622749609,45.925504145382845,147.29710702093305
59.6812499,8.86550933225404,-21.331182518618064,-7.150386227394246,-109.06646751478111,40.136013454000064,121.39677345898897
59.6912499,10.473035671810107,-21.020209762060166,-7.464791764063475,-110.58270359095816,33.71158742588474,90.57406246223425
59.7012499,11.99531799064355,-20.43570554559755,-7.674386204396689,-119.2476948119673,26.650004403966204,54.88021700707674
59.7112499,13.619653815540842,-19.90886403102672,-7.780103698442553,-134.3522981595266,19.96500574398913,14.509860314800163
59.7212499,15.251106770552617,-19.524944299769025,-7.75884211842644,-154.3059216803936,13.068013914750066,-30.00856436292531
59.7312499,16.593639593218516,-19.408593905976222,-7.23070099724393,-175.8636619689327,4.339856849613777,-77.42375516481592
59.7412499,17.842522222469444,-19.668133828698178,-6.3537745712433695,-194.525528167179,-5.410670473782809,-126.03299559892443
59.7512499,19.330294904143276,-20.43120148926672,-5.098680059780539,-205.9106075522752,-15.766786819792797,-174.94874994401343
59.7612499,21.23018001449962,-21.923932501038056,-2.939657456459916,-206.8763230208944,-27.979189438243854,-222.76135943649282
59.7712499,23.285146041239194,-24.11930814492699,0.5892145982092113,-197.03652427344377,-41.09066746790239,-269.50883193084155
59.7812499,24.261773704210935,-26.673985836785597,6.036668542563989,-179.27523550339808,-55.41233896733924,-317.7750205729084
59.7912499,24.055549729266733,-29.523105514890204,11.747373296509101,-162.8817239564312,-72.5764105752066,-366.51652277992764
59.8012499,22.35325148780776,-32.976856067690264,15.526784514073698,-159.19531479219037,-93.43162838553927,-421.6350640118892
59.8112499,16.375287950760722,-38.46293983175875,18.11473742980833,-163.53830820192385,-123.97819234513211,-481.0148553364326
59.8212499,6.987290199674127,-43.108235177226376,18.197110470976384,-176.87046501475783,-169.57905024812487,-502.94063807963454
59.8312499,-0.4231461229793938,-43.24526955047388,15.96008354460208,-211.92776951406844,-223.45995072688783,-499.2419560243352
59.8412499,-5.11264916461146,-43.57709738518188,14.537467211935622,-240.45968239455055,-271.4501292396881,-500.0309019141114
59.8512499,-11.1284894560759,-43.37543186754544,13.190060034025171,-236.78445874031522,-310.6525119091106,-500.36357378974077
59.8612499,-23.467085519692695,-35.624514123013334,11.63962179574404,-197.65064119608596,-335.12171979010077,-498.4533528028428
59.8712499,-37.398947278509134,-24.347794874708935,7.4984207339152285,-129.43169252461922,-318.1144916130026,-504.22143498307247
59.8812499,-38.8821079179873,-12.066449282456418,2.326711902532985,-56.13240668453993,-252.7349782306591,-482.4710386522268
59.8912499,-34.448850360916566,5.814186794738395,0.006592803779566794,-36.527160866986435,-168.75075839063666,-391.41336239404046
59.9012499,-33.35641662485148,18.714517867119433,-2.3261665547621213,-76.35871172420208,-71.06612185792875,-293.8202482848843
59.9112499,-30.712132041260986,19.685693436881714,-3.819191369225092,-115.70235621605329,30.60951728877427,-212.12780562799847
59.9212499,-27.001555906359016,13.652034372495955,-6.267496388752349,-118.7639040991466,108.81766879250763,-129.76340957159763
59.9312499,-26.159621283069107,6.340385764420097,-10.151882187237344,-83.14102342936526,157.66793811104785,-59.290686473185694
59.9412499,-24.726026751300758,0.9841600335662115,-11.936341968085733,-31.410583219956333,190.56176452065185,-13.106413116960155
59.9512499,-22.15228871021245,-3.2443253213342156,-12.171379045015005,16.291119329838338,208.54713346171545,16.82492244194265
59.9612499,-20.85677720820418,-6.624482612503487,-11.381986846577133,55.576035206451444,206.374439721154,34.95614603242203
59.9712499,-18.867079107974593,-8.593150421413975,-9.268500638845355,89.82692902501569,191.71160989742066,40.53551410547728
59.9812499,-15.140035930379558,-9.583082789731213,-7.514497005017196,121.79969477725449,175.00581369756767,36.53989511446207
59.9912499,-11.471805809043548,-9.984647820330705,-7.4100501156749425,154.91613721705215,159.39729846691384,29.689835760563653
60.0012499,-7.890483132802339,-9.318648474599842,-8.128204456388891,188.02530055288403,147.04520011023547,24.874308778046494
60.0112499,-3.9360763572444855,-8.114052362799423,-8.488135984502954,216.31095544255936,138.3797843916989,25.580204123771974
60.0212499,-0.4386283731795627,-5.577590536305735,-8.413255793613175,224.48523394015635,131.54666349306154,33.32160026371519
60.0312499,2.227102623735028,-1.8544837159190846,-8.457700804765604,205.48015856174544,126.01037549197244,39.87526996411865
60.0412499,3.971765926530603,0.2997887012939082,-8.567142784274806,168.0986678658879,121.36520335440423,39.944364351371824
60.0512499,4.275927076249906,0.2881439179287505,-8.373910095478484,122.8648855153604,116.34857294888988,37.65599674817079
60.0612499,3.959016163902838,-0.7122482032854428,-8.322902908269596,77.66561057847595,111.10368881749096,36.07959075388139
60.0712499,4.117075444907533,-2.537167220301075,-8.98162810202155,36.08962254594719,105.2326477750051,35.268378189257405
60.0812499,4.239718641602777,-4.339245718287664,-9.575562439266058,9.093355207077122,97.46049489041512,33.521828361578926
60.0912499,4.227472564794947,-5.232574519994829,-9.380453344497166,-2.8492037551599037,88.9621240260286,29.07332549994741
60.1012499,4.4552405867558935,-5.874083961899309,-8.710134200483928,-6.082748072743207,80.1900217602033,22.170768937996126
60.1112499,4.897380301724368,-6.399393596590168,-7.935440506671088,-0.7840773163410656,71.36125071007883,14.487968826907899
60.1212499,5.3548081723773,-6.6833790756990314,-7.398018913370346,10.684176236556732,64.98381451376787,8.480398331099991
60.1312499,5.53853043478364,-6.858314513263702,-7.192108001448749,23.494784679403338,61.69430680106595,5.586549325554541
60.1412499,5.592465135002479,-6.575566451639356,-7.0980932853955645,32.290124660192774,60.208750684476925,4.713229549555267
60.1512499,5.6547781786320765,-6.056682060227613,-6.912239463679901,37.02041537386877,61.42486145785816,4.575270129001646
60.1612499,5.304662976609811,-5.920682748615128,-6.428048598848236,39.71896924912211,63.90351905207935,5.366345622510112
60.1712499,4.5793024892457765,-5.808337160290281,-6.024094344822076,39.12956889144605,65.54530964694715,7.376270788972145
60.1812499,4.085751303958198,-5.499790799440648,-6.058396916145115,34.65972264318218,66.33074296821059,9.77473909986624
60.1912499,3.7938082232777846,-5.3147059957444345,-6.053500211030313,29.395918816642375,65.24929976468236,11.454408325723692
60.2012499,3.711912220836771,-5.3790210999229355,-5.976259235751978,26.32696766724281,62.89288033743628,12.906679936495022
60.2112499,3.8662124997361027,-5.688568391154059,-5.906277798282528,25.541448620147808,59.957291532167645,14.1886297943574
60.2212499,3.81450075296836,-5.713814262958009,-5.715477061197745,23.988278890151143,56.0807314296485,14.521637735974148
60.2312499,3.703718277811219,-5.431499183755396,-5.609782939157954,21.90601589822737,52.59189279743739,13.604947611689527
60.2412499,3.8148851420456866,-5.230986611063403,-5.527786584322973,20.30965488921879,50.607995991100296,11.918778733360265
60.2512499,4.08510261895553,-5.365019421957986,-5.257593178242238,19.959462074040072,50.3410660492825,10.669804215436773
60.2612499,4.458523666391502,-5.863947484340208,-4.859651497243408,21.490201463307265,51.81171282537017,10.824949720711116
60.2712499,4.865178610993864,-6.284844836813754,-4.4494018991375865,23.734964134894756,55.458661734956536,12.771603256594506
60.2812499,5.389721288979775,-6.340137285134848,-3.987428681209727,26.328693587003432,62.049374463730416,16.6299825499144
60.2912499,5.983986875944635,-6.412838181451232,-3.5990266279849474,29.39382606998625,69.01401673657557,20.623365239955387
60.3012499,6.5126890809567115,-6.325893058043114,-3.6219699848215616,31.17001224578486,75.06990241775003,23.60417728105446
60.3112499,6.870074835144468,-5.860343810108344,-4.072561654491945,30.67919011077919,80.41347007488746,25.373187185949977
60.3212499,7.077779008609698,-5.262984051684339,-4.601942867112736,28.201639434573515,85.04551555950307,25.594311807759574
60.3312499,7.241828137314911,-4.736364524323668,-5.021656876408823,23.46680557957156,89.89122586341045,24.436779652324407
60.3412499,7.419707492810129,-4.11007231680896,-5.377890129785568,15.58688784195584,95.70718198720944,22.17582969029347
60.3512499,7.666422575453693,-3.7097442860521705,-5.50700526606781,8.039377311596096,102.40857111883155,19.74924332242284
60.3612499,8.000060165924637,-3.8656755292441045,-5.2775841505142305,4.487962374123393,109.27398194482284,18.45805297850577
60.3712499,8.40492756657245,-4.338275229446546,-4.964129306544837,5.871827214422249,114.7778331737993,18.941672595962796
60.3812499,8.782429054821524,-4.667110656357575,-4.762654749161315,10.394550717341692,118.51760982416309,21.35018445066928
60.3912499,8.989886428095584,-4.843302481246435,-4.572975215056247,17.585981135606872,120.59911364170912,25.108644488787053
60.4012499,9.000323407507079,-4.96401159060343,-4.402141213860179,26.9408032890633,121.2214951178321,29.32269677323941
60.4112499,8.798033622515538,-4.797074953402541,-4.43615877489894,35.39381718229126,120.72566969151606,33.21914884456237
60.4212499,8.58194796791337,-4.531098270083148,-4.657453690801956,42.173816056420584,119.47645928221782,36.59272767038139
60.4312499,8.422771971793695,-4.353119639170858,-4.790107221329856,46.97123845638688,116.80451830779927,39.19595416841512
60.4412499,8.170527564865536,-4.018855927669108,-4.694426316331263,47.601206071137554,112.49469586392799,40.94759225727814
60.4512499,7.992683164290907,-3.735970059666801,-4.3048471322221875,45.84924342800808,108.14275548882033,41.75084379825662
60.4612499,7.998426591421161,-4.165523656794492,-3.932829309785043,48.63875864463697,103.7298284158076,43.01842365855854
60.4712499,8.080496925930431,-4.963733270648198,-3.9296072699154254,56.10968997428667,97.94258642053865,46.65380823895852
60.4812499,8.187576072740253,-5.24781109166122,-3.981839314229287,62.32510435100334,91.94413036939363,52.175905177412155
60.4912499,8.33497822104651,-5.449369702324517,-3.8025685516592542,68.6084373446409,85.98209160161272,57.97948919495481
60.5012499,8.351525458174917,-5.587894725043361,-3.6016497097472997,71.85081784714842,80.65191284298267,61.23956627726173
60.5112499,8.153705689257821,-5.410837897378908,-3.384262414479166,69.48168206303758,75.57943004553267,61.92635568120241
60.5212499,7.9042051833882025,-5.22950046088354,-3.2027468898335703,64.16156006551927,70.24431773525463,60.704164734351785
60.5312499,7.815615171004881,-5.332219493976845,-3.2728970874221734,57.147867508205145,64.896596246537,58.11728413711227
60.5412499,7.729812005366316,-5.505786702537137,-3.4514922052587553,47.31744425878523,59.64160671493723,55.19457790006828
60.5512499,7.498576899819685,-5.507687117989896,-3.6182365461481276,34.14668904448566,54.43235614813026,52.09532753477126
60.5612499,7.243843081723859,-5.497617706325435,-3.658227439095685,19.720430037236838,49.021666526076245,48.76583345963488
60.5712499,7.09331626954717,-5.610945037797727,-3.53161458330465,6.49648803777861,43.552917372153665,45.291769573493035
60.5812499,6.90577661501265,-5.843128112644818,-3.328631062353447,-3.775072770142172,38.0136430204045,42.27688772685994
60.5912499,6.651244819583238,-6.341675131226098,-3.0236129457489924,-9.952135496929913,32.38955871065011,40.679762624986445
60.6012499,6.455057272207066,-6.796172114623722,-2.684619217115437,-13.277301231472997,27.114394800137504,40.75603368147277
60.6112499,6.260018063769263,-6.973132712442227,-2.415708175440545,-14.689158683209405,22.467746189448984,41.6664887320447
60.6212499,6.111146104208089,-6.976057659890252,-2.182663296065432,-15.135531451558668,18.159084464082774,42.57537999067356
60.6312499,6.142032733473083,-6.962184454040521,-2.021033061967078,-14.793290991053075,14.561946620830083,42.997731319575784
60.6412499,6.211048238640348,-7.016710486399435,-1.9417282987389115,-14.043719712446382,11.680209985338935,43.37127998806174
60.6512499,6.161118118890546,-6.99487852379789,-1.885731464789209,-14.392570898045879,9.2816594678466,44.06583671097175
60.6612499,6.109023470702087,-7.060855748706875,-1.8215762795930541,-15.001898299829143,7.542509987830055,45.09439013085615
60.6712499,6.081083272551613,-7.119548145706353,-1.7270462189017826,-16.156947615931603,6.3106657269005915,46.628433424541164
60.6812499,6.0319533983901765,-7.10682940760458,-1.5907405412043916,-17.783928418076147,5.561151736821299,48.214776914690006
60.6912499,5.935745271637717,-7.22072675622726,-1.4409040740430497,-18.627601854707507,5.114241788408667,49.64010963151893
60.7012499,5.77898577262795,-7.334759164561857,-1.328565010108783,-18.3641490906748,4.693735566218425,51.07543238585366
60.7112499,5.675637906616574,-7.432176916748993,-1.2384681685102445,-15.772375608314839,4.281954731570205,52.48814432755838
60.7212499,5.687281687009236,-7.657358477525185,-1.163621955491113,-10.240287454597066,3.906486183069103,54.191681487130786
60.7312499,5.6433213494519325,-7.763528133142611,-1.091621222944637,-3.9859025748319317,3.3139379031659684,56.49268978811857
60.7412499,5.543876669129946,-7.654872694843146,-1.0082250662970538,2.001613279522685,2.8580491609219805,59.03935460789017
60.7512499,5.523648429936376,-7.533285121449096,-0.9838266781349022,8.031324646546393,2.2709828809670025,61.348751657043366
60.7612499,5.497124424493276,-7.448199456326696,-1.0165435995313141,12.762265309381608,1.383885895908143,63.26849618012964
60.7712499,5.418222405803091,-7.28636126773908,-1.1015726074645449,15.169987880815563,0.34518558751975464,64.98182512582427
60.7812499,5.372858607439082,-7.136143952139175,-1.2580276338063927,16.005209493460463,-0.6633993571281523,66.36284617200354
60.7912499,5.336780986904089,-7.15930605219192,-1.4026172497909242,15.73355642571415,-1.5019890943066079,67.53683536463129
60.8012499,5.289575654937566,-7.186897363922707,-1.4548086481505076,13.546523356296246,-1.7959332883957935,68.31882266895121
60.8112499,5.227387403726536,-7.139266619833417,-1.4585611289418896,10.468300292326886,-1.757001677651917,68.06204834819852
60.8212499,5.154838331972841,-7.209438407146985,-1.4758149509283578,7.513628183661373,-1.9143186274868769,67.2651455830545
60.8312499,5.089044894120494,-7.422971412445696,-1.4923069616295497,4.555315229540505,-1.8643555275990933,66.82463159562924
60.8412499,4.98122583663881,-7.640569202879384,-1.5321824234336698,1.9296622194077013,-1.7998375047287647,66.9516098990096
60.8512499,4.840482764763008,-7.891865895375993,-1.6108135766655363,0.2342006681420914,-2.0559706517801497,67.5727758218814
60.8612499,4.641689846706851,-8.201144007176563,-1.6338141738166292,-0.8334799815016829,-2.906092320605428,68.63960295731441
60.8712499,4.4343384510974575,-8.539645942438503,-1.5515373555875418,-2.10531477297232,-3.4921375076223757,69.9030457889473
60.8812499,4.206886130991048,-8.871460577276645,-1.4983874411264306,-2.7248927761898902,-3.8205275972433417,70.86144803032914
60.8912499,4.026679889061361,-9.127112507144854,-1.4795443842984513,-2.218850244874032,-4.350702821058336,71.33787670363549
60.9012499,3.960070778897948,-9.273218098410721,-1.4906900205364078,-0.867426672250156,-4.993997314518733,71.23562970931084
60.9112499,3.92560141837051,-9.46439564477196,-1.5771480740973067,2.0819498740738434,-6.073482689665098,70.83159404624826
60.9212499,3.8998212646915436,-9.763411046094872,-1.653557826016564,5.809346627857276,-7.247127297636264,70.67698400304619
60.9312499,3.8603982945093915,-9.891012735847385,-1.7353473715413918,8.5354088005909,-8.097575976167267,70.56484570890132
60.9412499,3.8261377861039816,-9.952297976465152,-1.831724805614549,10.531231020485981,-8.580187817282209,70.07886267696384
60.9512499,3.78289292869763,-9.99858799547587,-1.9340403166514992,11.812720504794568,-8.666165347389244,68.90687616417216
60.9612499,3.722725827664179,-9.897937785968145,-2.057940267408922,11.941855703244627,-8.557026290057268,66.84034776808264
60.9712499,3.7406992516657986,-9.808433058318203,-2.1823342166905504,11.829494556530666,-8.016185098388254,64.73606771200393
60.9812499,3.763007110659607,-9.84786834625828,-2.294520070628678,11.827223488729558,-7.455772822372799,63.145164954793835
60.9912499,3.7067022036318016,-9.835876736447211,-2.3781438259651626,10.784571531505954,-6.98920822189835,61.59994058283993
61.0012499,3.607628104918317,-9.748210666784528,-2.4300251075149877,9.005391616050296,-6.246023696577255,59.729672043285625
61.0112499,3.547678418465885,-9.701971581752456,-2.4577718882488826,7.692099171952548,-5.41067071707258,57.74810975607148
61.0212499,3.508180330020478,-9.726878605117827,-2.4771509394845768,6.868826741574008,-4.88677289333305,56.20144120592747
61.0312499,3.4216548679208314,-9.844035156947442,-2.4831563230291596,5.754439035417412,-4.281902380838784,55.20104740794261
61.0412499,3.2966769550928188,-9.787743337986338,-2.523821497586933,3.481410446854614,-3.271978432828685,53.71399393001566
61.0512499,3.1983281847572234,-9.694790438126711,-2.608098910748674,1.4892196833629014,-2.4802597913392868,51.34689147088733
61.0612499,3.185510880099797,-9.650377496172048,-2.628452810312058,0.07531255397190414,-1.943509193918495,48.99931609453417
61.0712499,3.170745421976387,-9.665211545764803,-2.6057691483740597,-1.0826705884540777,-1.2561794843089968,47.144514237865614
61.0812499,3.029086969574817,-9.812484536006773,-2.602028662262748,-2.4039431837122645,-0.6376059080302144,45.880494398210395
61.0912499,2.8140622474837444,-9.761861134155176,-2.6414801626839024,-5.609727659950782,0.34162535739047317,44.44461001615191
61.1012499,2.6253534531885268,-9.643529205852218,-2.720354810112026,-9.826271470941629,1.4709873930774062,41.98464821772346
61.1112499,2.520378842795707,-9.643111489819386,-2.748432499440669,-14.306220691396655,2.4330915717073345,39.02731542899811
61.1212499,2.44113266383214,-9.693136948060497,-2.7127007971378823,-19.38468774918528,3.613007373680856,35.93459901659748
61.1312499,2.3567756132648214,-9.770315692541669,-2.6458411406687747,-23.123715565382838,4.916894942940196,33.46726582856538
61.1412499,2.2635960412244076,-9.85639781354479,-2.5939654998865245,-25.0731376169272,6.220074653111586,31.61621454452748
61.1512499,2.197321171654843,-10.014792837794145,-2.605859780723972,-25.196711879834947,7.326974097319925,30.27762139886789
61.1612499,2.0940880452345865,-10.177870866919278,-2.6343729091093335,-23.992976824281318,8.130758529265961,29.501891403312538
61.1712499,1.9153372358089105,-10.25689611045925,-2.646894491279444,-21.03993861855356,8.659113749975644,28.84422928775063
61.1812499,1.8101128066882237,-10.263040120088888,-2.642099289724521,-16.27480491685041,8.831666002786658,28.19723157963515
61.1912499,1.7573383435376075,-10.279277781277136,-2.62917948145764,-11.124333224931798,8.851300120526375,27.460776279539093
61.2012499,1.6828698228777375,-10.248626065753394,-2.6327370268971184,-6.171393505530287,8.884438425313652,26.53481011418078
61.2112499,1.6347391007202767,-10.127929890490746,-2.623220506738021,-2.2568655210521364,8.78856960887009,25.341370367085517
61.2212499,1.6174257386291087,-9.92266370549794,-2.599594325779654,0.006887204280830251,8.552516901474803,23.93089183269925
61.2312499,1.5968772223116454,-9.759457636758478,-2.578623997765841,0.6591910939357514,8.278302277064043,22.328770197031407
61.2412499,1.5658005634885925,-9.63551074754203,-2.611504165233065,-0.28911847433545745,7.951746318145354,20.562348575222735
61.2512499,1.5046413735366082,-9.456660958223019,-2.6574920481630078,-2.6919460449428274,7.558559392029776,18.614778623718287
61.2612499,1.4435172296906702,-9.357989582111983,-2.634301091280319,-5.390639475875603,7.2167202541376,16.92261438879621
61.2712499,1.4116390217038097,-9.354613669503651,-2.5781680852412694,-7.590199462313261,6.707024467022086,15.721935183256106
61.2812499,1.3616602983988346,-9.32802938103658,-2.537977280573373,-9.136267627413684,6.181908049191399,15.020658104580889
61.2912499,1.3028150511848173,-9.283799407437929,-2.503391284997542,-9.314533675820638,5.6351558978705905,14.515326768316857
61.3012499,1.278393973972644,-9.251992075855782,-2.4707278426163666,-8.05320472928171,4.917330884254086,14.181181219395668
61.3112499,1.297147477985664,-9.302499802167242,-2.4612592401283284,-6.157723512602074,4.393430223143955,14.075645161130762
61.3212499,1.2677127175899878,-9.261837313801795,-2.463767300723747,-4.534780804544069,4.005079054532434,14.064529930453602
61.3312499,1.2234213016506796,-9.152472208321695,-2.4536435218967707,-3.251451391742972,3.4092413143712674,13.891395709102897
61.3412499,1.2478715241621834,-9.13466286722584,-2.471141315475441,-2.2552473509654796,2.8755952443580943,14.05707544292094
61.3512499,1.257157924465624,-9.122970320654492,-2.540784166737686,-1.6352929385882573,2.4697478607615677,14.90884860311524
61.3612499,1.1981697066127692,-9.07124632961677,-2.58375051457236,-1.720013024197437,1.7281108650042518,15.751339852189867
61.3712499,1.1351433556248183,-9.041961524203103,-2.5639965471439883,-2.656912596515619,1.2942172166703194,16.166525085347956
61.3812499,1.0648454566145409,-9.071789347610338,-2.564083899814867,-4.147188748424222,1.0860151809559164,16.297885720544546
61.3912499,0.959483788206517,-9.106174423861239,-2.584868615647829,-6.223185197356457,0.4911043362294048,16.154120909276443
