# Time (seconds),Accel_X,Accel_Y,Accel_Z,Gyro_X,Gyro_Y,Gyro_Z
0.0012499,8.18070622138247,-3.4309101517149045,0.8355149505538448,-10.607345253211841,-7.514424852424557,10.843487579172828
0.0112499,8.355064579220967,-3.4996399891010843,0.8531070527717921,-6.147975813400314,-4.701238990491421,13.00525790795671
0.0212499,8.52791873390101,-3.4963616205008172,0.7547618264940507,-2.3314814062948495,-1.8161660288287094,15.39620849575751
0.0312498999999999,8.652364973506483,-3.4783400592389992,0.6731164294226147,0.49881048610263334,0.9159579043391279,17.3405535228255
0.0412499,8.756662040695206,-3.463313484300841,0.6588472295322116,1.9251391113900644,3.5633884039977075,18.66920711503391
0.0512499,8.806737186139813,-3.4874544000983647,0.669663659730788,2.549194328017617,6.23213981464278,19.31985947738707
0.0612498999999999,8.81062139244581,-3.5541454001018815,0.7056891681178012,3.173744179569914,8.771661774418826,18.814729332003175
0.0712499,8.789213472687488,-3.6798760066054825,0.7964480242155241,4.432132678467263,11.151582717016224,17.386186844535963
0.0812499,8.763199021065294,-3.8525226188349793,0.9136040194154823,6.718221859965253,13.40917550091913,15.776532232801346
0.0912499,8.778687984142286,-4.053179605602751,1.047760088017906,9.639444624903543,15.29207780131788,14.934677302169186
0.1012499,8.8276847584209,-4.167776878301318,1.1484359258366383,12.674837148428866,16.840514430838518,14.696780449354028
0.1112499,8.860560526028818,-4.095009131835354,1.2002772271573363,15.573055185136877,18.06160316644169,14.492743633634698
0.1212499,8.7955610739546,-3.9808906293158004,1.2659746085487429,17.887133676818785,18.612261987432507,14.228236918182345
0.1312499,8.651051627865654,-3.9046893787758243,1.2724242240419343,19.270712212377948,18.586770862072036,14.32105592110171
0.1412499,8.551961311907286,-3.8011312672891995,1.2004726540074677,19.362624077476863,18.127683750097816,14.807533608242784
0.1512499,8.472494249673142,-3.6892882865395618,1.2183855384209663,18.348295261242296,17.043157917892874,15.604272015900756
0.1612499,8.352363461362419,-3.631441608365594,1.3307394105228187,16.917030018609783,15.381537848133016,17.011222363350367
0.1712499,8.256143311017366,-3.6049186885482323,1.371487677096586,15.311540941240663,13.64148091708332,18.93439725189491
0.1812499,8.289678954811487,-3.5827009095676856,1.3491798978921927,13.857280856359152,11.937696049516425,21.364079482785247
0.1912499,8.350247892404177,-3.521073963938632,1.3297402904584348,12.263777446231657,9.873380518618418,24.272904454025817
0.2012499,8.424394017133475,-3.4552792028827217,1.2592156257998204,9.664835264708758,8.144420937073097,26.982808706016034
0.2112499,8.647194149375599,-3.351854921728864,1.2474502640911136,6.092089912031832,6.9780929127895845,29.05162847356079
0.2212499,8.916257109050541,-3.2846423127084776,1.3948044681644782,2.3235693248192555,6.401697970728534,30.28555667193683
0.2312499,9.044967074317261,-3.4069579432109016,1.5806637286950902,-0.928029949365017,6.16801281781818,30.991476071856823
0.2412499,9.061633434156644,-3.641844667700234,1.6287330322035198,-3.1934553019103813,6.282670148434318,31.454444124425702
0.2512499,9.100132931255043,-3.855982330626367,1.6223196918179696,-3.8709819432036943,6.495330327805764,31.636004454620455
0.2612499,9.18245200469668,-4.078166642203218,1.7062230413620452,-3.177443066646736,6.5558599861579125,31.79921592618759
0.2712499,9.263272794134993,-4.260851687267223,1.8422723129043617,-1.2445107322042348,6.5111987013382135,31.72300478839356
0.2812499,9.324837209517806,-4.270756542043838,1.9454155672398306,0.6886443729466399,6.5156251575820265,31.023937289233192
0.2912499,9.36413067432394,-4.251490481841061,1.9816496071448335,2.222272398503285,6.328013871550234,30.02491797035798
0.3012499,9.368612169004306,-4.24982961165992,1.987046872391337,3.0644936361110724,6.109104343149208,28.42926992281732
0.3112499,9.354546124554181,-4.2423189489948046,2.111488097288345,2.7296474618554116,5.924163521827005,26.08418777819116
0.3212499,9.36398693739312,-4.276703672603528,2.301307450799686,2.228662308876885,6.0708471057674265,23.34127237135443
0.3312499,9.338425088006653,-4.271772651407876,2.4018506254863143,1.699479243170827,6.3338681139532635,20.382769689819213
0.3412499,9.245081543006567,-4.34672608215341,2.4965291158875966,1.1873916959013882,6.34838788557711,17.835936978544037
0.3512499,9.058224375963722,-4.516634728009104,2.6399428389758657,1.0629975725856788,6.3779561854049645,16.288432273032626
0.3612499,8.799113143185526,-4.612848263916096,2.80568080493538,1.4264788857178146,6.379789989945056,15.171814319747996
0.3712499,8.672503311941105,-4.6749425251599055,2.9288822785427304,2.5353831518131495,5.914972775061943,14.38323092266209
0.3812499,8.574699142185647,-4.711089897868681,2.9243292311996307,4.27547736917131,5.071480737632358,13.913563854504716
0.3912499,8.39048524921482,-4.5933578625715565,2.8488075339233876,5.821046614285996,3.7955713323298723,13.298928763855642
0.4012499,8.313371903153595,-4.4071297154103055,2.778822279953581,6.531787853528672,2.2292338486885517,12.425086868284083
0.4112499,8.361471925006386,-4.290444670521836,2.7386022975673336,6.384668222096471,0.9028074303953949,11.629170798512229
0.4212499,8.435844980033117,-4.224396818781405,2.6975690180938163,5.323263722382688,-0.03581509833431258,10.919048376538754
0.4312499,8.556872428962224,-4.237366424698803,2.652041368999008,3.311321555912153,-0.6866705903958812,10.445852590212342
0.4412499,8.68609640082121,-4.342763816638198,2.6122651720392516,0.9420950262356439,-0.928818507012595,10.238313038396207
0.4512499,8.721444850597798,-4.495209220277906,2.5706612723939704,-1.2216476601705468,-0.9006441468538249,10.112723659898766
0.4612499,8.687199536882874,-4.636976325515988,2.466905256402538,-2.902717621774329,-1.1009451770293377,9.765555679403697
0.4712499,8.633451817490513,-4.768632355560451,2.340267230952647,-4.039421632082327,-1.7688165885384677,8.96190391936137
0.4812499,8.566207597683439,-4.957447662338631,2.300315370761969,-4.756050167751694,-2.6001910823015546,7.914007052194828
0.4912499,8.534963266473287,-5.127261578926279,2.2408695051729732,-5.378556579096629,-3.007577605863032,6.978332713003227
0.5012499,8.560159860229229,-5.196019623116489,2.1234307128845766,-6.289275525718802,-2.876327286552246,5.724610543196515
0.5112499,8.658239181260846,-5.207119469629153,2.083297754583908,-7.700126168812012,-2.4711568893379106,4.284802823126423
0.5212499,8.762162552495457,-5.240063164034164,2.1158043305957825,-9.628632598610055,-1.2740406854177841,3.3907127004918913
0.5312499,8.761920926938156,-5.317254758391054,2.1264251449442213,-11.896846462329737,0.7366353580325947,3.1093232209883754
0.5412499000000001,8.738128635299617,-5.396715528750479,2.102631588989397,-13.930305398832019,2.830462347459407,3.601720666685134
0.5512499000000001,8.764691906985009,-5.4839966744318955,2.0106106272723183,-15.100539594887637,4.706612256328267,4.807298135033485
0.5612499000000001,8.756003909682956,-5.525380618299512,1.8470531499728409,-14.926242705744883,6.224900667724882,6.170691049267672
0.5712499000000001,8.66496323424599,-5.464868216096856,1.6696921786238907,-13.926235769043581,6.877450960850245,6.906036831195737
0.5812499,8.56918541188464,-5.359496366554857,1.472168306448097,-12.388988558979738,6.455883578789412,6.661636215206056
0.5912499,8.490330142925552,-5.233997863565937,1.258162853114937,-10.504647751227363,5.283522896284168,5.703050118839213
0.6012499,8.442345634677212,-5.151531854683234,1.0846240402869605,-8.838840691255882,3.552223896508211,4.656777425643276
0.6112499,8.457730225443266,-5.085585244853285,0.9852343802469089,-7.327526191796136,1.500562578257368,3.8548178404787397
0.6212499,8.556155067140027,-4.96921162286034,0.9957371936121989,-6.685285701259342,-0.26865652012346347,3.415118884412881
0.6312499,8.690457334522229,-4.868475646276354,1.013049731041825,-7.4117979244586705,-1.5291934655204185,3.625620169336239
0.6412499,8.75881918787612,-4.838346983605915,1.0372513335674023,-9.22616411257301,-2.2740746958902913,4.369780006479138
0.6512499,8.768366809565487,-4.799967773061399,1.0742515794898997,-12.11283417631838,-2.548788136217577,5.24091064274818
0.6612499000000001,8.733193610589645,-4.736423836952693,1.0143753601157157,-15.285188284805947,-2.9035671188068646,5.726343271051438
0.6712499000000001,8.645311283489697,-4.729723409731993,1.0282926137366706,-18.641632367951104,-3.317393577492187,5.393112254595316
0.6812499000000001,8.531669098295186,-4.807060950362905,1.1396052083480896,-22.168664088324412,-3.407502161075218,4.86949564976445
0.6912499000000001,8.443287256529372,-4.98699659195296,1.232417605011452,-24.334709620115028,-3.1405319631370987,4.083728653612003
0.7012499000000001,8.40292029354823,-5.174233006169381,1.3217706175127486,-24.494370047049184,-2.5703026417381962,3.0863781526469856
0.7112499,8.2966104639104,-5.190542612490541,1.4106325277289178,-24.20691017565845,-2.226936283920781,2.1004236566555647
0.7212499,8.233140716245323,-5.244295054135841,1.4987782570154655,-22.483463546220325,-1.2598683341326475,1.4342551180158978
0.7312499,8.162681340742832,-5.2688286295119084,1.5562026818432355,-20.105862778543678,0.01774979902197714,1.0686550568063296
0.7412499,8.00969860416036,-5.193277106108331,1.5903376741433697,-17.216113996088964,0.9837759344814248,0.7559428945757405
0.7512499,7.941958019921344,-5.089395859107732,1.5744147225343885,-14.06630513343144,2.1672280134999995,0.9091905142394067
0.7612499,7.968027500999952,-4.984235787980737,1.523250402809712,-11.398801550214023,3.2263988546417837,1.5535195875102215
0.7712499,8.02600305745126,-4.90055678216581,1.5432076001855952,-8.816830059966788,4.379795627478354,2.4581788580520803
0.7812499,7.938146429979449,-4.790886279194713,1.4943566748578758,-7.188185257657203,5.587844419265976,3.9492509052346034
0.7912499000000001,7.809043358238351,-4.679896562140788,1.327245331798299,-7.148648010655833,6.656276950898756,5.627247553129355
0.8012499000000001,7.710979414341653,-4.619065171094146,1.1416021082969698,-8.001237656400276,7.13569027490887,7.377761419759163
0.8112499000000001,7.577335604009803,-4.678610863390459,0.9704262261982622,-9.109760569012668,7.147421887136339,9.38544868446325
0.8212499000000001,7.42279905794708,-4.812413245488541,0.7671716679606578,-10.351475452910842,7.237156128141698,11.82482991914567
0.8312499000000001,7.262254041484212,-4.935775445407144,0.5748852584545167,-11.894825203278874,7.60836248679082,14.713130338364142
0.8412499,7.080939836512823,-5.018682499545101,0.3718202163352669,-13.797388272321903,8.091762343761232,17.63775346625581
0.8512499,6.889354171844927,-5.1141956148184855,0.0990641580129112,-16.07805012151548,8.922975814759049,20.808302656244482
0.8612499,6.636617525292748,-5.184768831838679,-0.24174662443645353,-19.46106398515101,10.339570307567495,23.856217670574924
0.8712499,6.389756459055239,-5.247718985352748,-0.5660235118457717,-22.976265747967386,12.756143887458464,26.71041937660834
0.8812499,6.135613255514906,-5.280706227864092,-0.8188383452193938,-27.142228199921263,16.057181233858586,29.245212548586792
0.8912499,5.817209997693541,-5.27191462093868,-1.2247003525617197,-32.44253836961463,20.747822059702077,31.45274914484419
0.9012499,5.531130835678313,-5.205992528594027,-1.8094706970644387,-38.74727055659995,27.23449519268551,33.69420227584658
0.9112499,5.297790170040011,-5.1309014307696925,-2.209120102398964,-46.790701447706155,35.63372422838588,36.38368538262234
0.9212499,5.030909316683603,-5.151821917697777,-2.3610427119041826,-56.0063208042244,46.02796356786729,39.73115513926421
0.9312499,4.59332529615203,-5.259665345529822,-2.466192438384306,-64.26789579886544,57.73465861876601,44.211805519685676
0.9412499,3.9558104074959175,-5.5130600049857525,-2.477814209651254,-69.86883564175652,69.49116588632161,50.18851771032934
0.9512499,3.1852570870114514,-5.995158860660822,-2.3276529342671903,-70.50318505436564,80.64621153444476,57.65359981461621
0.9612499,2.182240522596296,-6.244325118034631,-2.230506937346557,-66.00300403964694,90.92451025163493,66.44556274771398
0.9712499,1.058580894313549,-6.089811070555721,-2.3567806620253666,-58.83143440364412,100.00492324252009,76.2286949834178
0.9812499,-0.1280607167385908,-5.713066571259392,-2.4272305490883173,-47.42006470329085,108.33596739039807,88.18857436362988
0.9912499,-1.1317207553442759,-4.9480703545862,-2.2792024496511236,-34.00928028476398,116.48534201557953,103.6607029696499
1.0012499,-1.4868108116770238,-4.02620273860619,-2.02915328967738,-23.820697180813024,123.7469696734598,119.86390583034641
1.0112499,-1.5562597292807154,-2.9376524476577406,-1.8097475779490781,-17.149416781356834,131.74442866209412,138.47902971251696
1.0212499,-1.4967828053117573,-1.8725859725947698,-1.6390143879775922,-14.052968580228292,141.15831270734776,160.46193715616639
1.0312499,-1.1473330666604293,-0.9126039781583306,-1.2653037298759355,-14.983939248488214,152.09337816674307,184.6099842511872
1.0412499,-0.7661225358556134,-0.07047640137550877,-0.606738316870326,-19.818118635003355,164.74521119277944,210.6190056041008
1.0512499,-0.7128696859075407,0.31770626289030224,0.04183435658399235,-26.35754171452498,178.48527649511726,238.36177704668074
1.0612499,-0.8380525207197981,0.43803536659310316,0.5746444615093759,-32.76122526229322,192.5222429244474,268.04334533043135
1.0712499,-1.0939162233601865,0.43931873455983445,1.0913797348861367,-38.50101110178494,205.45312627627143,298.81079259389696
1.0812499,-1.67725883597016,0.003221990965285318,1.634251549998046,-42.93560078128207,215.85793508421173,329.2141661268649
1.0912499,-2.6199201501830993,-0.6404908992740457,2.1153462825165077,-47.2321108061914,221.94347696658338,358.0432657171964
1.1012499,-3.557502802187255,-1.3306957326473767,2.9643610417083806,-51.663791659432,223.89620180749867,383.7066397022076
1.1112499,-4.35577621319577,-2.5609295205662987,4.506771609169788,-54.51290905757163,222.58271723488355,405.3100331217351
1.1212499,-4.96478627085969,-3.9466791377424593,6.101554158098637,-56.257693859662346,219.24334085924195,422.6276896793544
1.1312499,-5.232311826698965,-5.5192701467535334,8.01525981696007,-56.20079628627056,214.77814854012348,435.5008642326121
1.1412499,-5.487146547965587,-8.274257262551016,10.882935908998084,-52.35434274802311,208.15170473421534,444.76752305233
1.1512499,-5.899739505942911,-11.977181830585403,13.918693630000714,-41.48139419626823,199.39696218267807,451.0180462237141
1.1612498999999998,-6.1006697225747955,-15.877420906864963,17.52539617663846,-21.756745400825874,186.41980031169086,452.0665755398493
1.1712498999999998,-6.185324389173007,-20.465858897304223,22.617923661868737,7.0013969881039095,165.89500626973236,444.3855268384507
1.1812499,-6.431416272099454,-25.073118714886395,26.778533534049913,48.2347699707091,140.14197314709017,424.71860067245615
1.1912499,-4.602646849498642,-27.444010751551396,29.06410842022937,103.38074589731141,102.849773267475,385.7873963126282
1.2012499,0.2292095164161377,-28.75564007305182,32.34894351375711,154.51250354622906,46.16929820914726,333.071260950439
1.2112499,4.33016583391061,-30.596216476810394,35.22015758348026,186.73528942365505,-14.876333723685086,282.25987910887153
1.2212499,6.717946661968771,-30.767678423925382,36.16139416121728,205.93303593831834,-79.07243032810072,224.36340289961979
1.2312499,8.803856028766916,-28.140622350672533,37.801481607418474,190.1262942000843,-154.10555699490237,156.10196495412862
1.2412499,10.816535390463235,-25.457638314089802,41.369905680363956,136.0660591535773,-239.0217866139845,76.61633349177656
1.2512499,11.156011810730428,-25.44026146024542,45.816898990310996,71.56978167064456,-340.55866916214376,-15.44230640242511
1.2612499,8.566509669929244,-29.24992980335372,48.16330486595229,19.6482994826215,-453.0095514235047,-110.60843299126697
1.2712499,4.341670278507316,-35.36916134427717,48.38151299587966,-13.043044487456656,-503.9008917648996,-205.6708603687812
1.2812499,-1.1992399614683549,-41.071974077747214,47.040381637735365,-26.105087856823687,-499.59976132720783,-307.19167794457456
1.2912499,-7.154901448506909,-46.41439272018523,42.914320594679765,-20.692675541906556,-499.47053960404753,-405.2616457944949
1.3012499,-13.253223515008093,-53.89807885771422,37.208504987052514,1.7978608284078559,-500.4030525420749,-476.44592565920436
1.3112499,-22.54749666444699,-56.877237814734464,27.580911258561336,20.728410500903255,-499.732243436103,-501.463742026199
1.3212499,-30.23760464277171,-48.741824529952446,15.013603947427445,-6.772016603750099,-500.50666327211553,-500.3236073680212
1.3312499,-32.897430295338765,-36.40751717809595,5.514908304142866,-76.97178035873783,-499.0833479341582,-498.66880852775984
1.3412499,-37.144822131304636,-24.217984832396553,0.32597864499327867,-157.2448254732358,-500.4604460405808,-501.1849879827544
1.3512499,-45.18525725719934,-16.933210696869725,-4.059459971363701,-193.42874881437663,-502.35955512914916,-500.2760174878244
1.3612499,-48.573443750764504,-14.456756675983211,-10.404214661749865,-155.92533668542302,-440.7488790498034,-426.413598484736
1.3712499,-44.03537544184108,-7.2658107840934765,-14.883205568179745,-94.60352595155616,-335.15990768266727,-302.8367466448157
1.3812499,-36.99441769366536,3.469520162319155,-14.027905254484981,-52.76902462699669,-251.04091211280675,-214.705843184515
1.3912499,-31.505162989953373,9.273055246580453,-10.726966463543162,-39.25591632128713,-166.67750049594687,-153.15166721629163
1.4012499,-27.69560836065031,9.342665639485038,-7.498890507325096,-58.02035939071727,-78.90063476054715,-89.4571037513242
1.4112498999999998,-24.1798367322201,7.9029130579905225,-3.123354105681699,-101.34980221176812,-15.817802996252446,-38.3504452187944
1.4212498999999998,-21.549775536452646,4.61007592364186,1.260485472253529,-129.11717798707886,10.044342376931626,-14.212998302058505
1.4312499,-17.999242890655893,0.38131341732345,4.228805436448685,-130.61980460903683,15.09497438564405,-2.011823363102512
1.4412499,-11.871681770889431,-2.684937713475262,5.89651229290182,-116.86795152423997,13.034713002706813,7.9166549086446985
1.4512499,-5.206911356356158,-4.379835794317931,5.945618193860114,-96.06983844114878,10.42924457614538,17.870622003737466
1.4612499,0.6661690085961174,-5.266713599644281,4.339306962145722,-67.72494940258396,6.828007668678319,24.215478142801025
1.4712499,6.19501064990504,-5.5497422478527465,2.400507726644138,-41.42748317336883,5.136894431716327,25.32521222152256
1.4812499,10.327796769581864,-5.710210099532413,1.285987615858931,-25.892524756951545,7.446748454323136,20.999274678604852
1.4912499,12.455116668742779,-6.069739401287113,1.3401794614465068,-14.354231178075125,13.236993587722269,8.738560165398493
1.5012499,13.314868110857104,-6.646752814130765,2.5315486261973907,-5.560533747557403,21.537288692639965,-7.988921740984353
1.5112499,13.601750214615222,-7.365843532711702,3.9285398614220095,0.1572860782667709,29.893064589986743,-24.07721233165914
1.5212499,13.271599891602566,-8.003298714209993,4.716458462487102,6.760329850635474,35.236715812031434,-37.960482875491515
1.5312499,12.253528191477825,-8.383513982912014,5.175169196288302,17.35162379886278,35.338955471622086,-48.83737652088495
1.5412499,11.52878225526642,-8.428006383439824,5.439101279613028,34.33365258713913,31.57613525354266,-54.92945010850537
1.5512499,11.564137817878116,-8.124335521852705,5.443708917548045,55.06239712207697,26.06145194209198,-55.88608836713078
1.5612499,11.797073542756062,-7.383140018248373,5.249623444096246,71.92802992357946,19.86844303189061,-54.276243763829484
1.5712499,11.555857248243196,-6.515774756106784,4.434443745890693,83.05108200274702,13.190186150546303,-51.859852757896604
1.5812499,10.797386157519316,-5.485895282583622,3.045354386501333,86.6287251912003,4.420060916337821,-49.0462017519058
1.5912499,10.267532467297452,-4.262941488446458,1.8211130736070253,80.16999248166098,-4.67406054137573,-46.8358620123406
1.6012499,9.856454851311582,-3.3546183219852104,1.1622820638291038,65.4789206829443,-12.219614680559227,-46.589658679568274
1.6112499,9.182420332713688,-2.6657566660410095,0.977766641328242,42.750292464106764,-18.606877587071377,-50.36922094825063
1.6212499,8.635346998457257,-1.9419552377918752,1.1657738671216806,18.119796577250668,-22.57248460793662,-57.42809406419449
1.6312499,8.42207408952475,-1.597327916932974,1.5977236742818783,-2.2992035779718814,-23.455671029316186,-65.4122761695845
1.6412499,8.352759869866535,-1.8184580276711197,1.940267675713837,-17.860286950667106,-21.06350246135981,-72.24728737842514
1.6512499,8.11141860931418,-2.3845164428060617,1.9592672792597572,-26.731759362472708,-16.76495067695551,-75.36962861203259
1.6612499,7.659987261290774,-2.8589591209290917,1.525590520948225,-29.43975796521954,-12.832830260257138,-73.76901758646714
1.6712498999999998,7.188687746768015,-2.8232071151487466,0.9451833903950301,-29.259451508493132,-9.874096839027501,-68.49935775394242
1.6812499,6.846525808054003,-2.317711228537083,0.49891748549271003,-29.19670062859226,-7.561191048365916,-61.328613415497834
1.6912499,6.818765722430991,-1.6892061034235692,0.14895943014746224,-30.612694481627877,-5.387827514994567,-53.977544110722235
1.7012499,7.025832954574173,-1.235471729267252,0.025043786374486312,-32.063497096014835,-2.581073232913863,-47.52971785296101
1.7112499,7.196041558333904,-1.0130551078373269,0.1488817405141333,-33.250837044184884,1.0587352991613224,-42.19163708700366
1.7212499,7.410035861520105,-1.0183369055774882,0.2633010770028488,-34.06258127633952,5.867664653295209,-37.29601198505721
1.7312499,7.74134002610794,-1.156010323782233,0.3997301935259439,-33.63755221289869,11.902976549039819,-32.877036970489804
1.7412499,8.015040121314229,-1.1732262805626543,0.5392013683310785,-32.887536215165085,17.677223224336913,-29.399336018439698
1.7512499,8.181570032478012,-1.2172872696907018,0.4471448265225603,-31.62362772785157,22.00566270018654,-26.561879054797352
1.7612499,8.32575765280772,-1.5739910990627244,0.2553331931738543,-28.206978045242497,24.574621721027803,-22.926617963596406
1.7712499,8.450471305718708,-2.1283805099717603,0.36628782034030893,-23.14721509420368,25.916969574680262,-17.602421847941542
1.7812499,8.410300208860477,-2.6362939310659046,0.4944601548199143,-16.30278315849504,26.11217351579886,-10.9085239356636
1.7912499,8.311817477672472,-2.913947414197005,0.3450968332680191,-8.510234827463115,24.978462244658996,-4.227223155353816
1.8012499,8.410223412281502,-2.8596479584315793,0.28042332192033576,-2.9712951694796272,23.197909073766695,1.463276854000635
1.8112499,8.550266673739454,-2.6651859128312534,0.388468660432588,-0.5489568148038606,20.532296407122267,6.009548749676544
1.8212499,8.625201243922396,-2.5496877865772167,0.44975105893293305,-1.9697595001724313,17.045969243445445,10.378781478284843
1.8312499,8.811944928880777,-2.4384741686854494,0.3628977257194192,-7.560752685392592,14.010478213909286,14.752006571503221
1.8412499,9.053011065644341,-2.4518744640143164,0.24286503937635093,-15.622198771018969,10.833084306118941,18.767790374196892
1.8512499,9.223349467475398,-2.564037235294752,0.22400092595443824,-24.847271051063235,6.679311554911293,22.26970381580013
1.8612499,9.371920960057517,-2.4884496765136364,0.23469780188578232,-34.81700937654833,2.620204795948008,24.706732174850355
1.8712499,9.487144985699297,-2.3970872958812244,0.3558597254474478,-44.6596149424879,-0.7012547329712993,25.594113381165375
1.8812499,9.52826131636191,-2.4587759581938577,0.5824678238443022,-53.74612373900273,-3.148789106884785,25.161986934807903
1.8912499,9.487868858128515,-2.604602339024,0.7799563830321189,-61.57169525949491,-4.507622351034655,24.110143159969724
1.9012499,9.318478612559133,-2.8712163732999576,0.9760438865834955,-66.67592887987495,-5.519024583459998,22.989125386511994
1.9112499,8.947732701467368,-3.171108355876547,1.1898031498979107,-69.49343870367575,-7.5655631217754165,22.299238303766288
1.9212499,8.819927646439787,-3.496526704017206,1.3852858051612704,-69.32167407997594,-8.012617144773202,22.224225220753894
1.9312499,8.89024575768688,-3.7028589777759033,1.520639928939508,-66.65646874021661,-6.2120848604638494,22.85101131698973
1.9412499,8.879765708527339,-3.8011264416759105,1.5903502668051366,-61.36245369046793,-3.1797281207080412,24.29900705248008
1.9512499,8.54013059248802,-3.6616477888009955,1.752629735754803,-55.97157573080749,-1.451150695935068,25.962842210359735
1.9612499,8.577126795869878,-3.5484992337822914,1.9814268458617479,-50.04425490597777,1.292973608348394,27.57574172099267
1.9712499,9.189319912129326,-3.793875377294848,2.3831142158828027,-41.14141344912978,7.246985118288028,28.682901682112238
1.9812499,9.07419285261869,-3.804147022090138,2.7465095734772733,-33.702034817119234,11.784520109009618,28.716006678818495
1.9912499,8.854614295799585,-4.02947905207717,2.7745888594901933,-24.61141193884006,16.88968611413623,27.759526136073248
2.0012499,8.513054750003548,-4.26867421721996,2.590353836515784,-16.170544934098714,20.001588848450783,26.16758983461923
2.0112499,8.257487514297862,-4.5581489284255134,2.2981866930004924,-8.908677646831054,21.427154935386465,24.660529649693633
2.0212499,8.282939679971987,-4.878124882486117,2.109309176472862,-1.2056388449766622,21.840162377775215,22.97863869588337
2.0312499,8.364095414317191,-4.880838928830228,2.0930538829726117,6.367990413771391,20.512152133682857,20.411935840475454
2.0412499,8.481045792472774,-4.722899719155972,2.1405490282847492,11.15585752977394,18.564771740424145,18.108622561516224
2.0512499,8.562478188968736,-4.406130481801713,2.070197334727428,11.06287050793301,16.545948824229423,16.344315019701625
2.0612499,8.732118646973717,-4.139977277922605,1.8850414076094335,7.825728742354896,14.797210041461302,15.479966775187359
2.0712499,8.870352475718244,-4.0121457963683245,1.712999461174929,2.6102865506919497,13.105309850357989,15.425631487736062
2.0812499,9.005174813452472,-3.944671470545872,1.6296806993777617,-4.389121914824308,12.087091435034914,15.475238157358161
2.0912499,9.140370047610848,-4.050558749879259,1.6427243362948962,-10.642592469123707,10.72735132891495,15.365327370887409
2.1012499,9.174939730336062,-4.3859087631036076,1.7132661295162583,-14.591573949387861,8.938288457211629,14.82436115472343
2.1112499,9.212679660236915,-4.816591760716559,1.8013810183514056,-16.17297909363404,7.328116727873946,14.152483321404496
2.1212499,9.221005779195036,-5.2252736365096,1.940098986848314,-15.115399228271038,5.457172717629558,13.184965251995322
2.1312499,9.258897441031348,-5.557601425560817,2.1347892046596155,-11.522368139264794,3.913517899091562,11.864361094785322
2.1412499,9.379489430388919,-5.811024734612207,2.3152837505380788,-5.946508619955762,2.8437188203444643,10.37257612963218
2.1512499,9.414529922592765,-5.994715047076587,2.4154927221135964,1.0775694713519592,1.8340691420711606,9.00156126383602
2.1612499,9.315642212523302,-6.018337814557685,2.348280397060025,7.847926074418794,0.6234066117231811,7.934384441249494
2.1712499,9.206129554127783,-5.760064779153927,2.126396043498634,12.764259179267242,-0.6792078174905826,6.728514385121425
2.1812499,9.12821386268611,-5.334643276961607,1.8957562158705792,14.964535744197613,-1.7045478405933447,5.336150829111129
2.1912499,9.034543963313174,-4.9612976981748504,1.794452430299286,14.719644579843505,-2.6862599606523014,3.6155928629914116
2.2012499,8.990917939476317,-4.580107004390808,1.7083756880058336,11.908473628862275,-3.373804592451231,1.1945403533255463
2.2112499,8.96688605254449,-4.250291906502483,1.5974708643763909,7.186629190460299,-3.666502000996094,-1.2761305697359966
2.2212499,8.800745282691068,-4.039091266105644,1.4927364593590817,0.9400843710107478,-3.969188763318425,-2.987331347400483
2.2312499,8.615084764694235,-3.934370304707839,1.327111240431061,-7.121480388982171,-4.316080255215522,-3.750958913721271
2.2412499,8.497688769650539,-3.8587329454107064,1.174914482330288,-16.038719979935536,-4.8480838865971,-4.083437635669185
2.2512499,8.426658500339375,-3.8149032527091786,1.1688940066046531,-23.038712363539787,-5.725567304053194,-4.411211309898544
2.2612499,8.4674442919346,-3.927157063860346,1.315928190597478,-28.056115084804492,-6.396765201838231,-4.538794400260081
2.2712499,8.5528375918159,-4.138979613039054,1.4797540125419348,-31.345519824974815,-6.293179824020106,-4.259661866160184
2.2812499,8.559920628612096,-4.301366900298496,1.5013144108617456,-32.97530972198037,-5.568541380024351,-3.666962376930064
2.2912499,8.477343041968107,-4.467319078891627,1.4821217976630072,-32.77804328114545,-5.040172840080643,-2.9618914506225584
2.3012499,8.428778630322943,-4.797247972268736,1.5655390224435612,-30.077361722198727,-4.685972622045879,-1.8822008583924192
2.3112499,8.430646678511515,-5.163197486392145,1.6392082247876483,-25.31352404302724,-3.9689000799417915,-0.2847413977654541
2.3212499,8.384684888268012,-5.352340088071013,1.6152435551968443,-19.44490744899473,-3.3106069748437514,1.4048247398528046
2.3312499,8.399874803984117,-5.433178986922258,1.5910931538877235,-12.651562349792478,-2.9246973529376574,2.8159507553459338
2.3412499,8.472005456939685,-5.495336538500854,1.651263030057025,-5.492176533026129,-2.289447808065823,4.16707094816535
2.3512499,8.431764912508555,-5.434997565018875,1.6502853243968656,0.4881443751437669,-1.7115813041895638,5.410126595057839
2.3612499,8.344507825329313,-5.2553048555802935,1.4627891426404087,4.468038611762487,-1.4814866427934408,6.237145184743987
2.3712499,8.275429904550409,-5.0203583986533955,1.199238367540156,6.189652730552099,-1.6126709199756628,6.787965423898215
2.3812499,8.249676716772047,-4.793408985885087,1.0360409606665544,5.488094162429077,-2.219924407063338,7.287611835063947
2.3912499,8.286931291684832,-4.646107073199397,0.9439292393056403,2.51206361402697,-2.817671355161734,7.713791271904464
2.4012499,8.330936780831074,-4.57367917211627,0.8956262845568336,-1.8614050870220968,-3.3408429303234017,7.716548061209577
2.4112499,8.342358388435278,-4.574415181387872,0.9279782212384584,-6.933345312818775,-3.6599155820512235,7.584124759372536
2.4212499,8.267938588671617,-4.6594105522572224,0.897588606690353,-12.315479639178418,-3.893242956699881,7.898817838346144
2.4312499,8.201223635355598,-4.8222948360819125,0.7624652380575571,-17.363276628379353,-4.107403020412882,8.647128205956314
2.4412499,8.154099173910845,-5.026811289813529,0.7005178407978563,-21.71285616440051,-4.014882494626799,9.27134231614666
2.4512499,8.018198671927053,-5.281088327068218,0.7178301953253193,-24.875890649096192,-3.850130720332113,9.711510767841904
2.4612499,7.844036443464194,-5.544191740112934,0.6500257144664372,-26.269830732265003,-3.7631452987919136,10.121909653574102
2.4712499,7.673508937143064,-5.758890755070957,0.400033484687679,-26.822326549070752,-3.5750753086821185,11.067809755285712
2.4812499,7.487832527240952,-5.867558406963645,0.07400989504601795,-27.51034949063848,-3.414999443153072,12.46018189331922
2.4912499,7.336862110303481,-5.839433494565444,-0.14214904761968244,-29.287459317670994,-2.8231643494625516,13.871652291099634
2.5012499,7.212787513260344,-5.708438503419875,-0.3123248442784111,-33.00386368922319,-1.2237570677269505,15.42351397585921
2.5112499,7.023831146114025,-5.539714563711151,-0.5841659454439798,-38.610654690565504,1.177334740361862,17.291613798818922
2.5212499,6.744418593528455,-5.378155572548693,-0.9130653632525989,-45.941875763347774,4.3183781296174075,19.426388988483367
2.5312499,6.408180045792131,-5.223355807718338,-1.230733361087865,-54.55618481989736,7.965290712330337,21.95269883391242
2.5412499,6.048716292039293,-5.1314306569515775,-1.502296755336216,-62.92632258485588,12.011714248205584,25.267063856715698
2.5512499,5.55795015717332,-5.026130484155535,-1.7036878574789378,-71.40552375919542,16.46845710842688,29.21815642077731
2.5612499,4.903078274782388,-4.839450576358271,-1.8181586655878268,-80.32071702015584,21.25981853290594,33.827265056845825
2.5712499,4.419897386922103,-4.971634908480191,-1.871029665640383,-85.12011798700738,27.456558000915084,39.88764044901263
2.5812499,3.682649556978336,-4.9609842711753105,-1.9145377657050167,-88.57236849405405,32.70143665889464,47.9477883011115
2.5912499,2.8300201378421086,-4.808990803468017,-1.9730409621133251,-89.62801636682536,37.554298888197714,57.82463259714611
2.6012499,2.073183475445975,-4.623795945768843,-1.9758246111512658,-87.43258704315012,43.238883742971545,68.6413358797878
2.6112499,1.0923989510127325,-4.095605922611608,-1.9943677432708575,-84.71231384370363,47.994805815355456,79.74357179909927
2.6212499,0.3137056570216935,-3.668050941247309,-2.081953167023246,-79.94614059682053,52.77155213326222,91.04669400541616
2.6312499,-0.25162912596630593,-3.2728126368593795,-2.0616829543323885,-74.15220281145419,58.39585842417454,102.82345698722388
2.6412499,-0.9261742604980834,-2.6572365564809535,-1.9453936091912172,-69.36202402415915,65.02708583005311,114.88243441759661
2.6512499,-1.5468331436947176,-2.02859609940318,-1.7522212572887501,-64.19202203369134,74.39045218412834,129.1249281946751
2.6612499,-1.8832676115310167,-1.5025845379043217,-1.3971038733122243,-58.04868344397487,86.90377679949091,147.18166505864906
2.6712499,-2.0244458823228824,-1.181153215958676,-0.9933942596884386,-52.52603258004145,99.86616076684831,166.4308511367851
2.6812499,-1.918088571818066,-1.1170820086916156,-0.489664025622985,-46.234249565131414,114.652805121104,188.8644424291661
2.6912499,-1.5573939345557537,-1.1796084940389915,0.1712003985175991,-39.149055096997486,131.3873818011997,214.9627611258868
2.7012499,-1.1538181543771697,-1.3203931464334067,0.9508153758026723,-32.473349333965444,149.1427866840125,243.1662699854921
2.7112499,-0.8156785128214765,-1.6086570656047223,1.606107263545052,-26.231553547612755,168.10443192121133,272.3745774091691
2.7212499,-0.9243566396901178,-2.0471612801219554,1.9871528850108249,-19.907607486559993,185.85864893411926,300.97545129570307
2.7312499,-1.415548753339572,-2.702549945824642,2.399696759551463,-14.000745724356456,200.3789430776502,327.4031689422625
2.7412499,-1.8783950174921613,-3.6866128278417514,3.023066932102476,-8.669573130155207,212.24507183760434,350.1342653098788
2.7512499,-2.396541704687081,-4.864875846503703,3.6254565682566495,-1.2937231093632233,220.4299727979577,368.07478441528224
2.7612499,-2.908883258488922,-5.953802486704069,4.3655666515112355,6.471676091220408,224.89124947710638,381.77756880904474
2.7712499,-3.1897274608900865,-7.180361945142262,5.650974482924315,13.86570796214956,227.66640130690382,392.0157324266712
2.7812499,-3.3283436939362043,-8.715959681650604,7.50276224873282,20.668475700742654,229.4011450509811,399.44528082427985
2.7912499,-3.574991043733749,-10.578404305754548,9.69678120839823,26.715926456807495,228.37052941541864,403.68771517170353
2.8012499,-3.660172736412039,-12.737752845559749,11.832697455640416,34.076648839164264,224.28398635647673,404.1595265906437
2.8112499,-3.3565801375120525,-15.224523143350101,13.526782291423382,45.37709978643731,217.08053836908124,401.74936962490386
2.8212499,-2.7003201509897656,-18.19515456007017,15.479026174254434,60.645133178423805,205.63046758398588,396.9515893517312
2.8312499,-1.6576146639337548,-21.450819214128195,18.31939960100726,79.17022523259553,186.86766065568872,387.7560853605325
2.8412499,-0.015490648294712571,-24.21095130937551,21.147248993464792,102.34412572666784,159.5102261020246,370.3172726580711
2.8512499,2.5067352219752537,-25.964608668971458,23.395281046761674,128.13972047770883,123.02178601976506,342.7814916825911
2.8612499,6.231281881201838,-27.245362961906928,26.227337929633755,148.10121548059914,68.05794161243644,300.0516592655069
2.8712499,9.541578274046637,-27.755169945619016,29.089590295415153,152.60694010848724,0.6169287607615206,246.0552054605708
2.8812499,11.210507236908446,-27.06488154406765,31.26222762999551,137.92425690203896,-67.22953723017085,186.85608839357099
2.8912499,13.076126096573159,-26.5815416628395,33.67931520711128,109.80923113727037,-141.88065034696675,115.7533082581263
2.9012499,15.47670849094555,-27.388704612311543,36.508466530698435,80.73054000695375,-224.3041512947669,32.259233624997286
2.9112499,16.85943966645097,-30.30043453096367,41.12930777738763,59.9887595072365,-308.34645955278063,-57.25570032668312
2.9212499,14.914174977152939,-35.893161993218364,46.71672606031279,56.900792287146906,-387.0280101171619,-146.5378995578258
2.9312499,9.265085043911883,-43.0259366630213,50.24220480118136,84.2116635700716,-459.80966319800575,-238.55327492511836
2.9412499,1.607182209369417,-48.883790434391436,49.43572599352445,137.522260388629,-499.6298189484228,-332.7893042735554
2.9512499,-6.666858613982112,-50.89970323763873,44.725229123365416,186.09740406661595,-500.68257416180893,-414.48623801524843
2.9612499,-14.417568691289912,-50.13082999716874,37.9585650926582,203.76373417501384,-499.4134325421245,-473.2005237651887
2.9712499,-20.113539670556523,-48.12020500367041,30.44042645866724,185.132986684784,-500.1413160842905,-499.5830955256787
2.9812499,-25.30220511950539,-45.264819641458494,23.23692925148241,134.09914704818337,-500.2829739265598,-500.75378857209296
2.9912499,-31.966181455829922,-40.814214159925704,14.812096900212534,66.92040886612291,-499.55698103355377,-498.92061372333853
3.0012499,-36.88539777466388,-32.13039661165095,6.475088322646177,-9.200648273113933,-499.63383700584285,-500.671705453315
3.0112499,-43.93072004447169,-22.09279272365497,2.2062619841664723,-64.61092887605669,-503.3838495792568,-499.4904546334753
3.0212499,-57.724226269918255,-15.740187781489707,-4.786582538158523,-61.8293925306809,-463.76635971999883,-431.6324161922391
3.0312499,-63.72850258746411,-10.580479406820112,-18.379050742364345,-31.614414878425013,-377.06080163611205,-281.6575782496166
3.0412499,-50.566113031858784,2.338662330744865,-26.79386747512922,-31.677731429857438,-297.9370367351081,-140.00683575769077
3.0512499,-34.423669872805,20.132720819977997,-24.676742053770546,-71.09863311291006,-225.3051523777302,-65.76629164072193
3.0612499,-27.310416046062365,25.151506695136916,-19.47258498065223,-133.1931416882128,-158.30366780483106,-13.867565927111965
3.0712499,-22.674997153366,17.26508510957069,-15.007189618385242,-197.88540535257306,-82.08420610872818,65.81771190100739
3.0812499,-19.056983930777598,10.988001764852054,-8.655836383978816,-239.379411160384,-16.821048032341395,122.89419057552071
3.0912499,-16.540510732942465,5.331363969026989,-2.3612123752938996,-236.96885453094086,14.684957572006281,127.08672859318958
3.1012499,-11.462447087985216,-3.7870367447918367,1.3957018496142617,-201.32410926490346,29.47779610321235,114.76075205781933
3.1112499,-3.5807408796063003,-11.555456639249416,3.827223800182289,-143.55731688324875,36.47197552855667,99.79622172469531
3.1212499,4.758359377546484,-15.523996391843749,5.380747232546786,-74.33311817324193,43.85668834226437,82.96693814558944
3.1312499,10.817651593858825,-16.489928343268456,5.758335436530695,-13.227342717827634,52.48306592443865,65.878327575328
3.1412499,14.371832108923515,-15.491427481416554,6.290994471612763,28.463647908390154,60.08685879577119,45.119678502207876
3.1512499,16.01830719061972,-13.946303963476183,6.964679248567126,55.31240211693538,66.1204303825779,19.466308288625218
3.1612499,15.877663920177664,-12.502358184042546,6.733686528173445,71.44965851974706,67.91535620326754,-6.067162387524203
3.1712499,14.929278607297073,-11.384700638338364,6.271830119335765,79.1753757570963,65.01643518765957,-27.280159584972267
3.1812499,13.841011122800607,-10.579442667855938,5.847748720375022,81.56505875557359,60.055828452253905,-43.56918380164117
3.1912499,12.769705650819107,-9.373359464433067,4.760358942102012,80.65601071007275,53.6837759285503,-55.527112711038185
3.2012499,12.062904114381222,-7.847152709338358,3.548138456577434,76.13789783086605,42.950685775791285,-64.77692770386373
3.2112499,11.908058244185515,-6.665028378071358,3.0392977963903665,67.99430578327845,29.370806585571895,-72.40213852408405
3.2212499,12.021726747574313,-5.600547384382267,3.304198728603807,55.3258281488887,16.267700477571196,-79.01767942705496
3.2312499,11.788804017726598,-4.704202867343608,4.048861355016287,38.15692626352583,2.5666067403392843,-85.98489546821916
3.2412499,11.436979758862762,-4.555877562679002,4.7570757478746915,20.478180554823354,-11.270288947559775,-92.12210272156872
3.2512499,11.13964785589101,-4.960075289540818,5.098931886199987,4.026487846435784,-23.85558070190991,-95.63520490004045
3.2612499,10.627284111990368,-5.214906537746886,4.830423311012354,-10.894249980881318,-34.63297875479827,-96.06684615050966
3.2712499,9.955904582016407,-5.160690242685571,4.157001330728189,-23.58114068799471,-44.06197110670497,-94.77007019162552
3.2812499,9.31863337704171,-4.822305631687978,3.5146362387396235,-35.566587102988606,-52.309430668868,-93.24660494628327
3.2912499,8.786942553356816,-4.250160181254743,2.981628235042843,-45.178609407584155,-57.490940877196095,-92.00912790874537
3.3012499,8.340977386389625,-3.786137752077167,2.660047503039783,-50.41901832492972,-58.89640981600575,-91.08864314298067
3.3112499,7.951943082339135,-3.363025929870155,2.5513257574199932,-54.074277302979894,-57.87830824564862,-89.40572217900991
3.3212499,7.62161398986464,-2.8678012624520957,2.468897902649222,-57.55234419656686,-54.593192938713834,-86.62924208184333
3.3312499,7.443804516672134,-2.562553895358347,2.337492521172977,-57.202794219568204,-48.84943264229488,-83.29923504390408
3.3412499,7.20916384253616,-2.3424537013961637,2.116743047169133,-52.35166394859039,-42.21853067156921,-79.57841679104698
3.3512499,6.705511991968068,-1.9388232865214843,1.8025811825158375,-45.717457605899696,-36.46427208062651,-75.1392932225422
3.3612499,6.231620965124392,-1.5958528508454304,1.3463936411529007,-37.58854658436491,-31.219855646025042,-69.47903499119319
3.3712499,5.976835429085947,-1.4509288845117874,0.7591781525179045,-28.257820966008094,-25.87615494003128,-62.30503353437767
3.3812499,5.905308237463331,-1.2108524694179932,0.24660221942089194,-19.60114912950098,-20.949915897022898,-53.953918714991985
3.3912499,6.040631677484009,-0.8454789780981696,0.12243828748888352,-13.114695478757517,-16.43962125184305,-44.94788690134577
3.4012499,6.364420797233843,-0.5805594885675557,0.3291416741667792,-8.775141797361236,-10.929865101343838,-36.413673255565996
3.4112499,6.74460884468885,-0.42600266457237695,0.5189886847998783,-6.506393891708179,-3.902354640370057,-28.6173753136934
3.4212499,6.98716518699572,-0.3307453344853729,0.6520625405791397,-5.825743001898673,2.6669242041101247,-21.609723418298906
3.4312499,7.205745235586655,-0.4072328723736606,0.664411362716343,-6.043983751552412,8.849276908617627,-14.953677482713555
3.4412499,7.364646473610502,-0.476396231925448,0.45017674493450066,-8.625174846756511,14.401675146223601,-8.492425767081869
3.4512499,7.1050126799208355,-0.5313503455916395,0.27982384515195463,-13.526891250842915,15.854288780554294,-2.871330421090268
3.4612499,7.147367258707108,-0.9920921229292814,0.1802870275510968,-17.354413623052555,16.49756427992324,1.7035062324091668
3.4712499,7.827323712422558,-1.981901555895784,0.18937299946469943,-15.832134794389031,20.34364514790125,6.291328290512473
3.4812499,7.665550123753134,-2.4744267147667873,0.29192290656945663,-13.86517127121419,19.29332790258566,11.476093047960832
3.4912499,7.6041141776931,-2.720864101861322,0.2532158568348677,-11.352292704394369,15.262130730575269,16.793671035017493
3.5012499,8.20695925917854,-3.084273562887498,0.26327822631575903,-6.5771481575478905,12.952185330397889,21.223610297229925
3.5112499,8.722147761837874,-3.2034892282623124,0.3984972488580832,-4.510861682213338,11.382237993903434,25.117603473586744
3.5212499,8.918592119350725,-3.266716208996301,0.5204126081445875,-5.890343610370447,8.67573909894709,28.763715589955787
3.5312499,9.059177345725177,-3.2997389328701088,0.5019495136874347,-8.37546526332913,6.293274711398567,31.22690352677666
3.5412499,9.38705389086605,-3.1646087501203772,0.4418738422932102,-12.263860465414098,4.478763023723793,32.082312215413296
3.5512499,9.878209896559035,-3.085544575867748,0.5173346575684185,-17.025794766572393,3.3031246728176415,31.640716414403606
3.5612499,10.289227990229294,-3.2260039465591706,0.8167830438649234,-20.692635987872695,2.763974553458688,29.93995167811872
3.5712499,10.499929665040506,-3.4808025599218957,1.217423288699753,-22.673317845610867,2.6625702463131433,27.458936675971405
3.5812499,10.51020973319676,-3.7000816032490857,1.4690864177706586,-23.750452342916873,3.2995391434411645,24.782800778424196
3.5912499,10.32809649236965,-3.893986060568964,1.5702555281253956,-24.06578846928291,4.12730909662358,21.945752467369584
3.6012499,10.03652043678948,-4.24057160462855,1.653614316626095,-22.64937749664568,4.372435586136952,18.881145795607345
3.6112499,9.710707909630354,-4.568909270162879,1.7005333385815973,-19.454432781183037,4.099542428277061,15.972199652167014
3.6212499,9.515904500075678,-4.622720367261853,1.7089688328392032,-15.726768571090311,3.6862728833093548,12.86748105212151
3.6312499,9.534207391942191,-4.580474749616094,1.7763810193762146,-11.869803438921576,3.6841131881887135,9.237847824635598
3.6412499,9.498705268575097,-4.583985596765572,1.902980447037977,-7.957286301354998,3.729868941672139,5.862633717678488
3.6512499,9.315661212671344,-4.5148312410302,2.0085420126117275,-4.593865683810306,3.219988953883061,2.880687384502057
3.6612499,9.341773556097742,-4.566642186768542,2.0474578419969784,-0.06631639475658982,4.032849099707245,0.601748246497113
3.6712499,9.237383283045162,-4.515074360937542,1.9469310640164412,3.538516352966125,4.030530556326949,-0.7922461723054324
3.6812499,8.890096332488827,-4.2292684338343065,1.7287132305168564,4.872171388326776,2.020323252563476,-1.9559213438033056
3.6912499,8.757238363865008,-3.964451600408115,1.56130949544099,5.253455013003658,0.046197023485110976,-3.139646672951872
3.7012499,8.744253276862043,-3.597286561153604,1.4944420082033436,2.8897341277697626,-1.8994117828484378,-4.555350069659492
3.7112499,8.802331653619959,-3.421243042512018,1.4604097482154508,-0.22135468525139232,-2.5804246751696494,-6.010608737525958
3.7212499,8.883326932199392,-3.5382195944831163,1.3983414762989617,-2.261414176324836,-2.571725275527867,-6.544789626036444
3.7312499,9.004212570084153,-3.652417446748097,1.365398632077182,-3.9340115815225585,-2.409012772851262,-5.916906766933665
3.7412499,9.092918975937431,-3.6861235637460434,1.346637479659037,-4.579840444028037,-1.9622401566640724,-4.592951533097594
3.7512499,9.15807908153553,-3.696473468220061,1.3913353841772973,-3.777648422025512,-1.4873250757079253,-3.2860674331297988
3.7612499,9.230604101627451,-3.7548804567972693,1.5265059801366923,-2.0915229102519803,-0.8604204096999344,-2.0201267232811606
3.7712499,9.137599822748497,-3.8167772533119084,1.5715926427262334,0.539477116716558,-0.34733348660094826,-0.7075785276679265
3.7812499,8.912130023917223,-3.8432290844581445,1.4829345595496088,3.9481078153045277,-0.3012380679164004,0.4203733204579612
3.7912499,8.747196306882296,-3.862470754398003,1.4037246787203157,7.136674859481792,-0.7960122563184744,1.3128265310745746
3.8012499,8.64878343238777,-3.878232154384751,1.3609330944097113,9.628584202740207,-1.5376973409184895,2.2986937120281317
3.8112499,8.58222971426407,-3.7999545096726846,1.3283734722373155,10.392236248389999,-2.242937108705206,3.4377178987056585
3.8212499,8.652467112000743,-3.6047384510836555,1.3576251817563436,8.963588963816473,-2.304204319782963,3.9876098142757663
3.8312499,8.813253989302725,-3.50659700844858,1.4722890583447727,6.248714209771376,-1.9364736705529728,3.7965159481208812
3.8412499,8.872845363064624,-3.5834234689400297,1.5468404193811165,3.3175028915702627,-1.5474288887187262,3.436069877130402
3.8512499,8.886469358721795,-3.683145345443271,1.6115097618292276,0.5495901651742442,-1.0985478687822121,3.562916332375651
3.8612499,8.842731248300169,-3.8200021054615214,1.7466953077701743,-1.192786392592544,-0.3999133385672795,3.7123267892183813
3.8712499,8.673356918572054,-3.978291134305958,1.7274331505813858,-1.7586317104307405,-0.08387262272355951,3.5163837243417007
3.8812499,8.522414505774595,-4.0727479080635804,1.577240757101673,-1.4313106362914025,-0.4655287573888086,3.485785049051955
3.8912499,8.435207647352597,-4.150560047767525,1.5367199591003902,-0.4836038583371001,-1.2909143740296696,3.64976785656552
3.9012499,8.496232210229772,-4.234784135645145,1.5876105289093256,1.0974649712327098,-2.141539631143463,4.00309352354455
3.9112499,8.65015665898112,-4.1943933308717565,1.611577937256665,2.8788739420718135,-2.6279145981212766,4.528197472714525
3.9212499,8.731276828012218,-4.129256515575993,1.5577373113840052,3.746746990119994,-2.92537763902073,5.287557949195669
3.9312499,8.779310445318613,-4.096564845519072,1.4602495377691105,3.4935000003844823,-2.753040496127589,6.123102695139633
3.9412499,8.802788568578539,-3.9716138912442234,1.3855167247834503,2.1984953912372123,-2.425336786447037,6.760792986988262
3.9512499,8.80418145601919,-3.8790286469322677,1.3370026621141826,0.4478368659674584,-1.9931887548504459,7.060660859046312
3.9612499,8.828829729497247,-3.951277458077642,1.3493289834950513,-1.132562736336662,-1.2397376378511968,7.025226168153423
3.9712499,8.839101342268048,-4.072299423231202,1.3370631743959567,-2.439743263890793,-0.44339281527277674,7.066633625780111
3.9812499,8.882475693284684,-4.183393460234191,1.2765857843241222,-3.027913934952151,0.539737542165994,7.461982345813946
3.9912499,8.95286121854031,-4.278796986239524,1.260609754729023,-3.662322338534885,1.5728179958527901,7.984284104002372
4.0012499,8.925091002025423,-4.382248783052401,1.2334213207629598,-4.442564141297865,2.7741054575758217,8.186739272570017
4.0112499,8.798304509439678,-4.437549558724634,1.1623515832915803,-5.622772216518855,4.109948543445938,8.257548384747146
4.021249900000001,8.710816570457279,-4.418322568748391,1.1127578517778256,-8.05639666786187,5.4979844938412175,8.395185917591611
4.031249900000001,8.760905047985267,-4.465308733462491,1.0622608631523436,-10.850491868193092,6.686621246786818,8.48462688960386
4.0412499,8.761724502048613,-4.575717430811004,1.0335798328451982,-13.38229441895066,7.635595218208629,8.760259190246167
4.0512499,8.618764540050382,-4.726877394449346,1.0711238286830365,-15.631938376568247,8.35365349605566,9.366629033574945
4.061249900000001,8.49000749056726,-4.902890830561732,1.0736948342012875,-16.975338353887178,8.765887309886084,10.294198143304461
4.071249900000001,8.387911281439886,-4.991144209301126,0.991144872240172,-17.348567103348106,8.602663185945248,11.547645049996948
4.0812499,8.296214877270897,-4.991777428522539,0.9678568514444135,-17.497051387676382,7.821854334438689,12.617123205167172
4.0912499,8.272015595284183,-4.951683417971811,0.988630035519449,-17.773182981386395,7.176106365969111,13.190685571412022
4.1012499,8.275673408930018,-4.898688743853772,0.9954871846686151,-18.206170344605805,6.664548161767101,13.165172885410819
4.111249900000001,8.202456007772472,-4.892157969533339,1.0041368131365973,-19.42882501727612,6.381758089963964,12.931379144400607
4.1212499000000005,8.00152776582077,-4.920707653029973,0.9410507660513765,-22.24489189488431,6.473370479824971,13.04905516750265
4.1312499,7.812763720861356,-5.000343642475076,0.7815295809593685,-25.608735956573046,6.98192115489185,13.700963483823811
4.1412499,7.672911442227975,-5.117444892594655,0.6054488974133336,-29.365011143731618,7.979863897211902,14.991178063459987
4.151249900000001,7.469000615522567,-5.2220748138136575,0.4206048142116662,-33.63981913136229,8.976586232997763,17.14125642316144
4.1612499000000005,7.203002311068192,-5.2541276739934855,0.17814040566759096,-38.36695498151256,10.124504590819507,20.00748083858178
4.1712499,6.9830798029829575,-5.213580347842617,-0.10498645523380203,-43.979495522683884,11.837174319949247,23.140513388644617
4.1812499,6.810202386597854,-5.111126454352391,-0.35814256842225745,-51.003870356493,14.140814522449508,26.06582981418493
4.191249900000001,6.548886196833647,-5.022020549751958,-0.5451536555583409,-59.01537024259542,17.323678766358164,28.859384573762718
4.2012499000000005,6.0960276940794405,-5.008317874610604,-0.7220769067640397,-67.2329850394126,21.16721364895233,32.05566370340794
4.2112499,5.455043901321832,-5.091191567398099,-0.9483479709819894,-74.61717336741967,25.30835112158256,36.28986686375864
4.2212499,4.619536925447556,-5.200808572862401,-1.2473991926323706,-80.55466440563434,29.999852653440403,42.34746116778662
4.231249900000001,3.6982410026103123,-5.188298602676056,-1.5154559516105235,-85.4812943181762,35.53179131187315,50.46542752751918
4.241249900000001,2.896898334503264,-5.0708887968809915,-1.6652466557209322,-89.16037725037161,41.6054631500316,60.2442370848151
4.2512499,2.320008781570742,-4.897871717355373,-1.761814560854503,-92.03435322075018,48.304427108347106,71.68084188393424
4.2612499,1.7840254863881555,-4.70931526926836,-1.7570279899047525,-95.31433787886418,55.691175907997284,85.02906137096983
4.271249900000001,1.1771041683027845,-4.491211602099976,-1.6938245687311815,-98.28161163090641,63.59856958044117,99.38043906613505
4.281249900000001,0.6342370221388971,-4.213488712390606,-1.7082157493522019,-100.90017804825231,71.80200189485615,114.12323806346122
4.2912499,0.19205276423022227,-4.043033949152822,-1.671247124871695,-103.55247320842834,79.6717680883679,129.16991636250103
4.3012499,-0.13335536777335713,-3.9714057924628605,-1.5171580387791075,-104.75192597187322,87.53629567223028,143.95177014068815
4.311249900000001,-0.3502014161204188,-3.84090948633094,-1.3658506779605337,-104.15307977109157,95.41587035338485,157.970833728735
4.321249900000001,-0.4182791205772106,-3.7704391499630407,-1.1625756434364238,-101.32898938956025,104.18465488687092,173.61672478718123
4.3312499,-0.4037005338680512,-3.7277992480634135,-0.8665318735655563,-96.31360731748585,114.00646828210061,191.7834250861514
4.3412499,-0.3246123707006936,-3.592929044555252,-0.5568777691216797,-91.7729178647592,123.21278925469824,208.373264470868
4.351249900000001,-0.18973558373158303,-3.4425916342708307,-0.21275794658459654,-87.1298319424635,132.8367746884019,224.54225724326255
4.361249900000001,-0.06959929836180719,-3.3429230595627324,0.14084201992545464,-81.32402926529717,142.89524055920938,240.981527970262
4.3712499000000005,0.05309235120365881,-3.5061368855306814,0.637126238726084,-73.92260805130104,152.87398292944883,257.3908930029458
4.3812499,0.11990149375204454,-3.9461939774918657,1.389345523719092,-64.07672417640379,162.41661968467025,273.86835326007224
4.3912499,0.05545273694149788,-4.365061356874066,2.0755447285821242,-51.71818724787865,171.5289250118838,289.83290102538535
4.401249900000001,-0.12978366070676128,-4.801575473576091,2.6566119956611502,-38.20938449316482,180.39900880220958,305.4318504388097
4.4112499000000005,-0.33358532874649716,-5.114942964313845,3.123624930586645,-25.434780610540432,188.51614422651235,320.9283105802002
4.4212499,-0.49472754687849907,-4.952164624255457,3.446116175604966,-15.79581560804748,194.89065837802173,334.9611089411905
4.4312499,-0.6747576299773138,-4.78583564450391,4.130890315128186,-11.159651963854087,199.60381248838377,346.88806850556534
4.441249900000001,-1.004522071197447,-5.068422193853125,5.2217453165779455,-11.86315066570537,203.69232586796582,357.64172576955207
4.4512499000000005,-1.558500883074188,-6.032392234111586,6.691843549580458,-14.858917730329837,206.23448017463878,367.82147005814915
4.4612499,-2.1423721869266386,-7.911713646171204,8.73323624236724,-15.624357077569778,206.327087302208,377.42795712937624
4.4712499,-2.7912676940708336,-10.47947795837007,10.815411967333324,-9.185384814835329,202.37583755120312,385.86525074953965
4.481249900000001,-3.5702790645746814,-13.46513204063641,12.90906321218956,7.7195788873197655,191.9352144298312,391.6831244270785
4.491249900000001,-4.366005272172641,-16.91963148933058,15.782286133544835,33.247346651569416,174.26633340111238,393.3070411280996
4.5012499,-4.771526884268443,-19.9756989818434,18.114831213846156,63.48012912620042,151.92540661730092,387.48100760826657
4.5112499,-4.369300155551367,-21.682381486632927,18.942786099293823,92.30009743467438,125.37255489758282,372.3910519291306
4.521249900000001,-3.027345734785755,-22.905157161642865,20.795865668199504,110.66300660786472,93.29417500949695,351.2152381690517
4.531249900000001,-0.22354069358450285,-24.555812836984714,23.831874820724018,117.67412870014647,50.464438135138394,320.37544230197904
4.5412499,3.803319687787688,-26.232519631925776,26.275625482983457,120.14542555896088,-5.37091410176188,274.2839658136779
4.5512499,8.32448513074397,-27.808052348877535,28.237866328951316,121.55083739570843,-61.24004536680506,219.3319878371561
4.561249900000001,13.086778828933648,-29.91685931687467,29.587572613985877,124.51841000699997,-122.23643524799891,151.55142444760978
4.571249900000001,17.02706264435459,-31.38285723972452,30.626697308772883,122.78402458665244,-191.96260538628826,71.72872668659569
4.5812499,18.97460841131453,-31.980047278394096,32.76182011053537,104.63393946325746,-264.9244952079318,-14.195234665030483
4.5912499,18.23683750254346,-34.064505894085286,36.11395322105379,75.62620223500532,-335.3396910117077,-107.41722970166411
4.601249900000001,14.429040383007388,-38.45968494848507,39.71889466031066,53.54559986294481,-398.68966320486817,-208.66297691143626
4.611249900000001,8.44975459254981,-44.256403749456155,42.238972976253834,50.79623876406429,-456.9816903448159,-318.47716052763315
4.6212499000000005,1.733139825981209,-50.89183453175262,42.01357265954864,74.51813076886825,-495.7527787850528,-433.5762299630735
4.6312499,-5.97482884634926,-57.1256439283527,38.729458744702136,126.48585829537772,-501.3170642641718,-499.21409196276875
4.6412499,-14.09600754063569,-60.1204441497379,33.45544663483781,186.20251463606223,-499.3491838260825,-501.1794065247784
4.651249900000001,-22.367187469365327,-57.49428418197112,27.252272423009828,210.8634789296975,-500.1598389580699,-498.8620544857382
4.6612499000000005,-32.4978652049827,-51.36038997337755,20.453591824163862,192.23283033248364,-500.3205156148527,-500.7235576192849
4.6712499,-42.743672843908165,-42.394832920064324,11.281300478407209,140.13787893655837,-498.87954287804513,-499.74269978648914
4.6812499,-45.01921822330276,-27.399057799842,1.268219752043955,54.13747369856446,-502.16084206155585,-498.9406184489396
4.691249900000001,-43.46973845873893,-10.809744014304638,-1.2728164371923651,-48.76659704949459,-493.5175037120161,-504.2892700033405
4.7012499000000005,-47.27725561339992,-6.103500962578631,-4.190717420575134,-91.35180531963654,-425.4333774030507,-461.1200070417692
4.7112499,-45.38016595506917,-7.530120919714318,-14.617010155462125,-60.36802709016545,-335.21879151391465,-329.3205503968861
4.7212499,-34.85409909089071,1.1278132789878408,-19.363543430217852,-19.131585052982892,-271.15808210150004,-194.56472950737012
4.731249900000001,-25.777839504121577,13.813106692185015,-15.686766008086622,-6.767261095147476,-209.39693891266936,-113.38134086851693
4.741249900000001,-20.472223164526277,16.77994530920649,-10.756132816416201,-26.718565674095714,-136.45501485084787,-42.748548174736854
4.7512499,-17.782566102540997,11.64135753028783,-7.233023235607368,-66.58238185800359,-78.77816089603614,36.05021066281179
4.7612499,-17.208026993431776,7.12183475724998,-2.866307151222344,-101.95419043890402,-50.89287086375754,78.91074671287417
4.771249900000001,-16.35823791214713,2.704575099275511,1.3816691296640453,-119.26139161087174,-39.49950944570682,85.32634553888522
4.781249900000001,-13.056151416826669,-3.3515231117979924,3.078650226283896,-116.32691823004426,-35.849451970218624,76.17599713970391
4.7912499,-8.003148864868761,-8.508607957093433,2.897374907898801,-96.40013101222318,-36.81837202875785,62.56165167311525
4.8012499,-2.3441946999525265,-10.297726812392094,2.709987054733162,-69.6071109312685,-37.30391273485997,47.27321842785305
4.811249900000001,2.530867311894074,-9.221083967848248,2.7388114776664407,-46.412964889877934,-34.15393713475759,31.994106130724127
4.821249900000001,6.077028920735466,-7.874012010258934,2.551707718861425,-31.436294859378442,-28.088755777136026,19.0057049079778
4.8312499,9.01729821650571,-7.283360361128613,2.544727338919455,-23.13727532930181,-19.118425694527655,8.662391879881936
4.8412499,10.90817419752357,-7.037755885885371,2.467594499983339,-18.367075172708685,-9.411241047547973,-0.8120655428502208
4.851249900000001,11.407717936525811,-6.875272979293767,2.3485135343057575,-14.579158844058794,-1.8732769491836287,-10.633858151194584
4.861249900000001,11.488006421478257,-7.02625998376023,2.5630189791018494,-9.201544987819837,4.994489616362293,-20.311027996299998
4.8712499000000005,11.625775208781603,-7.256236053377256,2.6160213460231976,-2.9044034864307733,11.485405359056145,-28.92745206380931
4.8812499,11.645063019806699,-7.1668345138015574,2.169475805687262,3.746837090444864,16.16642057391332,-35.58133103594095
4.8912499,11.652525296027692,-7.04014048427627,1.7708460009243976,13.080706022934312,19.11290065571041,-39.69309368565275
4.901249900000001,11.70868860554535,-6.907514081392349,1.8843024926611796,24.43130356557046,20.09194290563119,-41.679879513697145
4.9112499000000005,11.66963412011334,-6.6322994559063595,2.3683005640169497,35.579845892730575,19.641054748932827,-42.735846752416826
4.9212499,11.290173737930091,-6.2343604098549985,2.5320512308526557,45.57930461704655,18.27765561659636,-42.97200296887066
4.9312499,10.572846869681047,-5.773050544148211,2.355474342835429,53.28642952758205,15.854201648166699,-42.42044634252877
4.941249900000001,9.823385720602204,-5.367854363780895,2.30503771960692,56.65075185606046,12.990582809019514,-41.454057582161326
4.9512499000000005,9.165483769006755,-4.723361630097542,2.0823219324550815,54.050999362765594,10.261461857485765,-40.52730950584982
4.9612499,8.842599369938476,-3.861562584127143,1.7468852433797848,45.94495700729305,7.821184854088272,-40.50908089763111
4.9712499,8.82020095685087,-3.2146711889828175,1.6863732527744968,34.343879670478124,5.7973611446279865,-41.91362864982108
4.981249900000001,8.690537787040256,-2.731124236474153,1.5986841776941625,21.44816140792408,3.805932041819525,-44.459167988834736
4.991249900000001,8.577872175570624,-2.2128748421010735,1.3428821519722407,8.787772728689568,1.7519410700255031,-47.73180683107626
5.0012499,8.682584171328337,-1.8283002029922801,1.2317128123936953,-3.3758823956749917,-0.4348055438308102,-50.83032659181181
5.0112499,8.806051661139657,-1.822301172780503,1.327349757693958,-14.377564035433393,-1.9158718875438963,-51.84597492445922
5.021249900000001,8.803427440475977,-1.8358610552036227,1.2138614357615194,-24.455818494044244,-1.661292650371904,-50.47447723119434
5.031249900000001,8.735760776828933,-1.7272236920826705,1.0253274353049462,-33.66134800564335,-0.3702324327321053,-47.58512206897397
5.0412499,8.746391419500181,-1.6844212063010404,1.118873897142734,-41.75958887633417,2.42266114318377,-43.96154499298014
5.0512499,8.715335986386807,-1.7024684046148972,1.347047825233233,-48.20123590873373,6.603768462041564,-40.78633377836345
5.061249900000001,8.577540841044941,-1.7854236648898314,1.573321928013444,-50.48882507116667,10.725488066645086,-38.0161367104043
5.071249900000001,8.5670178290135,-2.0333852071748506,1.7687531943901227,-48.02280527935527,13.467642626088994,-34.92333779227663
5.0812499,8.72603206741382,-2.4928788352718736,1.7226166953332767,-40.51056748875086,14.868680011527811,-31.02304721410262
5.0912499,8.823368670110531,-2.9842521919844995,1.550484220391082,-28.01769641263511,15.37721701470743,-25.85158976626655
5.101249900000001,8.655156394039862,-3.103655903345282,1.584552177001757,-15.28987719041514,14.11246796250276,-20.202877803803073
5.111249900000001,8.437366390022062,-2.9393591152569902,1.708703950199748,-4.521294826531254,12.215610941549144,-15.324560317379358
5.1212499000000005,8.429102308721374,-2.839924138002637,1.7174462003056155,4.436023301728619,10.97126108253991,-11.652183315598887
5.1312499,8.504005511606719,-2.795050040418909,1.5731663507202749,10.061152725298882,9.157492169144753,-8.693030010059992
5.1412499,8.570445885576074,-2.8761175682631497,1.3164018610904327,12.497132703885864,6.903964835425922,-6.140143043729276
5.151249900000001,8.53094655885641,-2.965164869139524,1.0452571812050877,11.94052967680241,4.3252510719295865,-3.5285607785184676
5.1612499000000005,8.484073027375707,-2.9064456074949545,0.7928235148350993,7.475825572228084,0.8460199274611475,-0.49836077931029443
5.1712499,8.580352043741987,-2.7880059544624363,0.5617857121846163,0.2351256318089377,-3.3987248663988257,2.286137220251806
5.1812499,8.797267387358895,-2.6714458236123897,0.42365278512643545,-7.658026164936039,-7.219377062319774,4.211607505102158
5.191249900000001,9.044069856739476,-2.5805065715062074,0.5119511062985875,-16.395501733477296,-10.375674776521326,5.9602838958872875
5.2012499000000005,9.29757812916548,-2.7074398112599734,0.7739673683819732,-24.366257812628533,-12.969268141781514,7.679665955104194
5.2112499,9.523121039559488,-2.9202546811734575,0.9347567881716302,-30.64668578051387,-14.842893736175093,9.438753231975566
5.2212499,9.74693382146202,-3.0700163011463766,0.9595959525969949,-35.35187409351201,-15.841568399040082,10.856812439056743
5.231249900000001,9.899201480625209,-3.208490034138046,1.0013707370785991,-37.96864590238846,-16.067210769185962,11.238127851278364
5.241249900000001,9.78479827121024,-3.338877224861064,1.1394434453254862,-39.189430777619805,-16.162355952578537,10.620992380598738
5.2512499,9.646839599200455,-3.4816812014144114,1.2812738178045366,-39.79319976603432,-15.404577008484466,8.973517398900926
5.2612499,9.820860469830823,-3.645069922712504,1.339047629249263,-38.89141311498698,-12.833184114562114,6.414748789986121
5.271249900000001,9.925791713740647,-3.721199166127518,1.3970484002752024,-37.36899642008763,-10.149258033332508,3.43846980478879
5.281249900000001,9.773260158076997,-3.779607284985236,1.5515898305603941,-34.82079956243431,-7.075861978019393,0.28807335271464407
5.2912499,9.54634805087653,-3.8562521885185186,1.7600970331476653,-31.131512965210536,-3.606818720800808,-2.9889010655653885
5.3012499,9.386433022353978,-3.882515088981343,1.8779333534846543,-26.720222495992495,-0.7168949761765855,-6.287120338874947
5.311249900000001,9.243676263436507,-3.9316805951406626,1.9043055914586544,-20.92519269544758,1.5371534982309265,-9.010442268187601
5.321249900000001,8.813358112840422,-3.8904636577541787,1.8480637852629174,-15.287796129729847,2.194396960778724,-9.974314749350212
5.3312499,8.393612003356777,-3.70721047765069,1.752379980373028,-10.760506433145922,2.839226298220567,-10.005379229023447
5.3412499,7.898340818184525,-3.396544687776333,1.6843772193630946,-8.21533352459539,2.28720280420265,-8.44563854725632
5.351249900000001,6.846049149815897,-2.7683043380765633,1.4412971471987641,-12.52312666908313,-4.7166625423899475,-3.960677960860505
5.361249900000001,7.635525345979754,-2.291940477138502,1.1266761657925706,-19.68708460596454,-5.311199858578417,-5.201736687449465
5.3712499000000005,9.31379484347914,-2.3307941553207137,1.1107423020831182,-24.42410259104213,3.0795806850673197,-6.344524770358251
5.3812499,8.600204151460744,-2.4426499779567292,1.1905355680958698,-31.42986691301506,4.773400973781471,-3.7845352514787503
5.3912499,8.304868539107096,-2.9358488632702473,1.3252311976807063,-34.72458958267897,5.247204448368525,0.5466072383764767
5.401249900000001,8.971619742040403,-3.4123973235770935,1.6599526912874747,-34.37105853653309,6.344566919505818,5.2756608782241114
5.4112499000000005,9.267142577003936,-3.9289386907131103,1.8866380221025398,-29.217618248094823,6.436577051187566,7.791816392264868
5.4212499,9.219724960927143,-4.519971179978584,1.879357580578819,-18.433400104370502,6.483557293705927,8.679383523272067
5.4312499,9.0118306468282,-4.620463149552756,1.759136476499371,-7.746968517089579,5.340741722475204,9.029275110583825
5.441249900000001,8.996490338940298,-4.571758049025344,1.6232858398131125,2.39245415384985,4.52605137846895,8.869056284250933
5.4512499000000005,8.980142257463037,-4.356252489872675,1.3860601304474742,9.691246937928957,4.003894751253772,8.118541975694143
5.4612499,8.994368578531622,-4.011495789842223,1.1786742371633656,12.653628323858747,3.298978849667834,7.26169248588307
5.4712499,9.234165346051332,-3.7271526522898375,1.1723893407022634,11.710934865899471,3.0661216849030377,6.655841956918553
5.481249900000001,9.465651055798038,-3.431299906228096,1.2241166525424843,7.293311760312078,3.6359529634053684,5.916198909208082
5.491249900000001,9.55088023570267,-3.2989823818804624,1.2260159506039991,2.0269750098995516,4.767308217152955,5.1635209858861515
5.5012499,9.454743758664039,-3.3740487705859725,1.271468636030718,-3.572183264804217,5.532926021616151,4.622371666281813
5.5112499,9.289741098874817,-3.502762099014875,1.3040608900695758,-8.650017063445492,5.659553984194394,3.8844904362281394
5.521249900000001,9.265210431494763,-3.680111651061839,1.3060504296923565,-10.438432916008823,5.319418437501299,2.923934808808282
5.531249900000001,9.203763917577602,-3.8693240338221817,1.367024828827632,-10.94441892144801,4.072726430146769,2.245848709580156
5.5412499,9.052546260167203,-4.121728923440671,1.4501299064281234,-10.234303548821112,2.89613411726293,2.025516398148536
5.5512499,8.910288997896114,-4.298509494793432,1.5275995746319586,-8.100895579749823,1.6720976330216462,2.0767723369802424
5.561249900000001,8.823722920241043,-4.3706929316338705,1.5862957454249642,-5.974017243140601,-0.23815630511725228,2.2160506159212314
5.571249900000001,8.810226271008274,-4.430454750090347,1.60100513033881,-3.8618745192110615,-1.6184298743090808,2.421165112515576
5.5812499,8.779154117391403,-4.345422606877101,1.5800778659487262,-2.5756581318009792,-3.0669176466017367,2.325347774446296
5.5912499,8.802962029027475,-4.1349467640753,1.521549197233643,-2.8420349847393833,-4.128267018819422,1.629047507338965
5.601249900000001,8.926301869266007,-3.9242605011856826,1.4207600097141126,-4.110635435405339,-4.2812403668903,0.673418965048164
5.611249900000001,9.053251374091067,-3.809287320238545,1.3484886057573695,-5.84675369091559,-4.002475814700714,-0.4497650531612552
5.6212499000000005,9.133174127678348,-3.846902096779356,1.3065685787927879,-7.044737424367866,-3.3185214311623064,-1.2155480363788673
5.6312499,9.100418737361252,-3.936303998293656,1.2317066811580544,-7.767253866677404,-2.855885757104974,-1.1975867389770853
5.6412499,9.027779247575586,-3.96440312253118,1.1466031305063045,-7.651234440167427,-2.458774385990202,-0.6432623317873912
5.651249900000001,9.00818497528502,-3.9208781092804785,1.1079673945022628,-6.744835644235802,-2.0926854413960245,0.024360643157849263
5.6612499000000005,8.956589484495725,-3.8715938316632887,1.1038089734370684,-5.641634828873462,-1.6564209846899898,0.5032222491489984
5.6712499,8.879957873518315,-3.8829409991082486,1.120267316951702,-3.9267698756725777,-0.9694238331502567,0.8732548119287238
5.6812499,8.866326623783682,-3.855440825411783,1.128380831055756,-2.1154557429213985,-0.1633942290215345,1.4833087061521557
5.691249900000001,8.952045857674884,-3.883395705636832,1.1629478748155921,-0.23934711160968175,0.7971699031564919,2.051303829131906
5.7012499000000005,8.95466394897479,-3.968328076258705,1.2184590569279958,1.6351850172559328,1.6238086245174987,2.759204684331156
5.7112499,8.791293714160831,-3.9293523889943676,1.1535937972430617,2.302396171125662,2.0945245884527184,3.7652027727638315
5.7212499,8.610192459483544,-3.8160354733280153,0.9936713208299873,1.539079143406708,2.255872840599904,4.53712621947155
5.731249900000001,8.478873681990414,-3.7248406632834214,0.9040098726583864,-0.7076853398307353,2.0495920278508177,5.132652930058175
5.741249900000001,8.42297021505598,-3.6472492474287597,0.8814820515601554,-4.680789776659445,1.9576290141026178,5.589642903006449
5.7512499,8.405316353295271,-3.615583696045127,0.8584480511801226,-9.493012669034956,2.1033988573513844,5.811042349011117
5.7612499,8.399927892163785,-3.6458539578842903,0.8448365933106241,-14.075112153143069,2.2110440430654044,6.056473173824211
5.771249900000001,8.48418168793524,-3.759168633728887,0.9137614760432702,-17.928856462899798,2.751027296632824,6.52997455051111
5.781249900000001,8.57594275993895,-3.977660849399481,1.0639511176416048,-20.630528915219116,3.878236512790621,7.555413068291481
5.7912499,8.508570034687589,-4.20208139158375,1.1217534376101796,-22.436110456618895,5.403664566465129,9.261546114526992
5.8012499,8.45851996247213,-4.334934608163124,1.0399195615203387,-22.96352645170295,6.899549866132727,10.730862848988364
5.811249900000001,8.415737111873236,-4.471927511870905,0.9839116785875387,-21.966231542674247,7.741334623294082,11.796597256756016
5.821249900000001,8.311502464209527,-4.6528098738298125,0.9367785677626969,-20.200821130360065,8.348197081762398,13.219791145484676
5.8312499,8.254127929519665,-4.7505876092528805,0.8603419426935539,-18.778507380231265,8.896897994814005,14.91827701493321
5.8412499,8.26111590279957,-4.710154541330075,0.7128908450367675,-18.21454921800362,9.390240840162695,16.671823073653734
5.851249900000001,8.242872612806217,-4.6586718293428255,0.5450817328260242,-18.997495436722946,9.87297079918595,18.347523406912334
5.861249900000001,8.15303872262519,-4.691701092825933,0.42550543304071087,-21.539999312760692,10.474977848189164,19.96936459571995
5.8712499000000005,8.047127664488736,-4.783376319181508,0.2578690342190691,-25.40135840871802,11.652653537869952,21.578661527855196
5.8812499,7.922480593719629,-4.865851177228894,0.06451180856244208,-30.287917263323767,12.590376262094585,23.248080733417552
5.8912499,7.778926012572598,-4.962422641638167,-0.08338939329614103,-35.390628863506166,13.637289404463225,24.709243196272414
5.901249900000001,7.543608113611155,-5.059830412005604,-0.26230598713580644,-40.81983893282423,14.82877536115931,26.43233730777928
5.9112499000000005,7.237824477270206,-5.102918472177013,-0.46382461143638387,-47.09898189326507,16.222793922404357,28.628011083498173
5.9212499,6.905550241399579,-5.110525026535776,-0.6560190770392207,-53.96565905058436,17.806031104801455,31.129260554052642
5.9312499,6.52864068479417,-5.053920145497631,-0.8960299218115504,-61.40107214643,19.404615978192,34.29862212788398
5.941249900000001,6.098528141666318,-4.945827833351197,-1.1343437190840089,-69.58460419784628,21.58532892779908,38.03662753109161
5.9512499000000005,5.655232192276421,-4.832136384573989,-1.3023857485716523,-78.36665137293977,24.512024871037916,42.72827602018678
5.9612499,5.237383170586976,-4.702834152523015,-1.4647523010552348,-87.11923371919568,28.08373285355693,48.57485040103562
5.9712499,4.835027220351789,-4.5568765050701305,-1.6001898410186335,-95.59823683283693,32.278205101059505,55.665034929522676
5.981249900000001,4.493258974691334,-4.457237161131145,-1.689318385813096,-103.36453661431393,37.12731648571897,64.18763207979012
5.991249900000001,4.168766027191078,-4.311858902256313,-1.7744936538513802,-110.5591011155026,42.914473925411954,73.7285322784234
6.0012499,3.6713601168541046,-4.142740485127509,-1.67304447878147,-117.94546159901458,50.05971011218287,85.75004687702764
6.0112499,3.11486836278459,-4.18581239058284,-1.3719208609868847,-123.84961659113563,57.57526558623266,98.64551349423112
6.021249900000001,2.6179108211988416,-4.3286004399320825,-1.1678327336003713,-127.29785760764267,64.69367693608797,110.48977950574935
6.031249900000001,2.1263812058066094,-4.389765925962107,-1.0406725025349224,-128.5152068522599,71.40416077231998,122.20954704726694
6.0412499,1.6986270605764766,-4.42162429822382,-0.8429431305805276,-127.42780800264522,77.44221806274315,133.85114816930314
6.0512499,1.323274924851829,-4.475309989065668,-0.6299400180914358,-123.86405161392983,83.16675231292065,145.58451364986706
6.061249900000001,0.9695574616742663,-4.460666826355459,-0.4542906629259797,-118.25428016375186,88.87836861145674,157.88207640943693
6.071249900000001,0.7160664146743398,-4.310840401780694,-0.2920902952840373,-111.67989807668711,94.5336492939135,170.66600834596667
6.0812499,0.6164813594711479,-4.027438451057546,-0.09751011376486443,-104.82310577132782,100.41453428004263,183.92603096981904
6.0912499,0.6366647036377754,-3.746043896602439,0.16058831802402254,-98.03699244697673,106.89639227468216,197.52893086748708
6.101249900000001,0.6093967413825045,-3.5605827259481133,0.45167224412862633,-91.95848726350695,113.73590605976159,211.4721910027552
6.111249900000001,0.5631545852459523,-3.5489413074738723,0.772844742897532,-86.49206077280016,120.93007041300064,225.96901675521596
6.1212499000000005,0.5021323904203072,-3.738660683857848,1.1981173818731907,-81.06068057492239,128.4707894896583,240.6017759016522
6.1312499,0.29731150908205684,-4.0848110865264164,1.7236260401890027,-75.48196457325894,135.54120642418098,254.7563691067131
6.141249900000001,0.06377035206363288,-4.589820036954813,2.1754088874289437,-69.2922945443286,141.9105495605357,268.098923842406
6.151249900000001,-0.21391207660354042,-5.074565589627178,2.494467384057647,-61.757433315861164,147.13819350027862,280.59370382522496
6.1612499000000005,-0.5117441327321847,-5.569890863401725,2.832168633475172,-53.45555966550564,151.56978190544834,292.47777791307954
6.1712499,-0.7709658348388072,-5.978008301015881,3.1287618582958654,-45.85642226493055,155.4173094859806,304.1055925658552
6.1812499,-1.03687314893926,-6.306275329136223,3.5779192450045354,-38.66963289335381,158.18076127990076,315.6868461175827
6.191249900000001,-1.237346227919565,-7.079712342933763,4.527378884881677,-31.701503453007426,159.86457438734524,327.34550107136255
6.2012499000000005,-1.3417491006425069,-8.059561148604383,5.527986879802187,-23.765419762451554,161.30056591361753,340.13255460380424
6.2112499,-1.7020947911483515,-8.931626124206614,6.090142319471429,-12.673973642927878,160.4765864669421,353.6624218725486
6.2212499,-2.1705503831018085,-10.030032697423243,6.421693767962458,-1.024930163851892,156.63288082150206,364.147427779554
6.231249900000001,-2.470683587392389,-11.305885926099176,7.044066381338693,10.944263793920403,150.5880361512158,371.92525976992533
6.241249900000001,-2.6331045486532405,-12.772826810041355,8.091962753547353,25.021360658124767,143.3840211817522,378.03402255783186
6.2512499,-2.7722194811736776,-14.370899606056255,9.157477345785276,40.15080027244065,134.64334525093332,382.2942987987881
6.2612499,-2.9266305307592924,-16.119554284807414,10.404084699586855,53.046324669489714,122.58975266633396,383.5325096360098
6.271249900000001,-2.880211706326892,-18.37638246086057,11.884425325037201,65.35295699485566,107.29368926377943,378.79411685104935
6.281249900000001,-2.294608719466313,-20.52334684778987,13.009530758123976,79.84155604229949,88.09911456317452,365.6062005920976
6.2912499,-0.7370068075204875,-22.36538919864909,14.52185704463535,96.14558602453549,63.736023293344665,344.1368442637044
6.3012499,1.7795414886783925,-24.779718551393984,17.480329375571916,114.68463001610492,36.377999898977514,315.8781944391025
6.311249900000001,4.285468019752389,-27.767925252541215,20.93268896024157,133.45010618512526,4.90624928354214,281.5505482920954
6.321249900000001,6.738930975662319,-30.450704240140016,23.272585578006606,153.74913617473592,-33.97047286910309,238.3211479809423
6.3312499,9.845225815683653,-30.93262983580148,24.93490881930037,168.54069418697367,-81.12716329227787,182.34383870798268
6.3412499,12.008290090827154,-29.495155912412628,28.05490007638501,165.96032627387444,-139.04311063669894,113.50802922376465
6.351249900000001,11.74524094387122,-29.05075599876759,32.12466169564955,150.5449518170767,-204.8676132984123,35.40452939286452
6.361249900000001,9.599364299502978,-31.088173854721553,36.46644920310123,130.37650980825038,-275.4906245978917,-47.08854150391217
6.3712499000000005,6.159466142796633,-36.15134029162515,41.90082782500341,115.17634033097312,-349.25330632502727,-130.98186895524202
6.3812499,0.5074619191349625,-42.92689794625619,46.4078667574649,121.17156972941787,-430.2064928164331,-220.52260007774422
6.391249900000001,-6.359808044485024,-47.84191430840657,46.408853881967474,152.1770533830258,-492.17142364071805,-317.0482413783073
6.401249900000001,-12.377970088801426,-48.69671747574621,43.54326791328832,183.03616687633442,-502.3297820704993,-413.0545619074846
6.4112499000000005,-18.52581242092875,-48.04465133585974,39.66372244318684,191.80722920068254,-499.03126454074135,-484.5514197905404
6.4212499,-25.083784899168286,-47.650327628976775,32.18078593219995,180.58099158515637,-500.1373238806581,-502.61062767331464
6.4312499,-31.234377704765848,-45.41950045429767,22.92134231626832,148.90098382342143,-500.0685123324107,-499.0653469218192
6.441249900000001,-38.500023043150634,-41.507242816248,13.509103343065657,93.64952250679418,-500.4175769890114,-500.5379200556278
6.4512499000000005,-43.0043443452538,-34.201676906289684,2.0247301138469505,32.25333195660978,-498.24333405991706,-499.1869360909034
6.4612499,-39.82482392940925,-19.012491777760918,-6.604672153075259,-57.466910271318014,-503.6138437993718,-500.4074298665178
6.4712499,-38.327458841971456,-7.6241542891999785,-7.085065472381315,-143.71707519237148,-489.8867674735924,-501.51721889488914
6.481249900000001,-41.64294236557646,-10.35040068054833,-12.13446567464272,-128.72061224178086,-390.3893871819957,-429.04445608802223
6.491249900000001,-36.720921971350954,-9.227307683969812,-21.32355378610647,-56.02733887710169,-280.8393630530864,-288.41949524587454
6.5012499,-25.176384681736362,3.139802649546803,-20.732644396796392,1.0456055430081577,-214.08047414588083,-179.273372705632
6.5112499,-17.909174129104805,13.567201174157073,-14.132364216854075,21.98552836880729,-145.59641573296508,-120.75549637355643
6.521249900000001,-18.52656218787366,14.794183894163739,-9.553764779636978,8.67762180023205,-89.28548299508743,-71.23700782024929
6.531249900000001,-20.322540130170193,10.816507401002633,-6.690712973802986,-33.68672936064248,-55.81223632607176,-11.626925321335774
6.5412499,-19.059641066133945,6.533476458872292,-2.1424484098715144,-76.93907198227565,-33.15920696457861,31.39606674783834
6.5512499,-17.106382784768883,1.7121854825823604,3.0644276921734575,-89.19467714603466,-25.200361060997682,43.0394368945098
6.561249900000001,-13.901967334482904,-3.099950201600772,6.768514220438932,-78.30514649109246,-25.706954514750926,39.92224708439546
6.571249900000001,-8.799353759132494,-5.837546541852147,8.096341969916098,-61.28024151876273,-25.1298091006832,32.91798532658357
6.5812499,-3.1676015612835204,-6.163868898787279,7.084008119242612,-43.433942613524906,-23.818029002754788,23.26694145757669
6.5912499,2.310980341070413,-5.084488932599781,5.290069861556713,-29.069127358998504,-21.165986640786517,13.798004102403791
6.601249900000001,6.85374577887852,-3.931043211994995,4.14882171020795,-23.182398507908886,-15.407710073358311,5.594892102648371
6.611249900000001,9.826689934836876,-3.560523728978225,3.7782434186704443,-21.272003186634322,-8.110918125506084,-2.6920548904458887
6.6212499000000005,11.35444979553245,-4.2399222997426245,3.3643745853476523,-14.425384267342336,0.6676554905975601,-12.909284770214153
6.6312499,11.518796367880975,-5.498505874587753,2.4518835183965315,-2.1729519688737047,7.5178120476773405,-22.767669013831405
6.641249900000001,11.158140774011956,-6.4137702015429,1.6375542868065598,10.285937441917545,8.681923923384849,-27.75972089080293
6.651249900000001,11.049184160629334,-6.536749233084048,1.341580573443264,17.00761420632414,8.058245965215141,-30.456139485199785
6.6612499000000005,10.793502449981284,-5.995218563547908,1.2072928272722916,16.237487447842277,6.94170544919531,-33.18590988786005
6.6712499,10.294290561340501,-5.510784777958985,1.247693375739797,12.599419568252939,5.57482581729548,-35.961619724480705
6.6812499,9.938230175736376,-5.016746235440441,1.7714522552032175,4.689892587731492,4.743096129713676,-39.217522031275585
6.691249900000001,9.89665718329741,-4.3875643406538885,2.2530705138301204,-7.166721059984862,4.807325854482186,-43.34353395509796
6.7012499000000005,9.987526968975143,-4.058892769313714,2.5988261868151286,-18.056486854066144,4.9277694468710775,-48.188751401966165
6.7112499,9.920114088020563,-4.127652187850289,2.9404002875982727,-24.968523164995073,3.9950649248671746,-52.911402519921054
6.7212499,9.707921597645395,-4.529249326201483,2.880113792323798,-26.42019181869904,1.8125163229660939,-55.658840656658725
6.731249900000001,9.481752481307122,-5.056438467578353,2.5130918711436716,-22.53233560395214,-1.6872296089928034,-55.58070021980664
6.741249900000001,9.285100674622367,-5.097150123769884,2.133991954003273,-16.120932504020956,-5.217996884518391,-53.234419136662254
6.7512499,9.057395341757395,-4.624175386155041,1.8003538293563859,-9.504401997255405,-7.842673687772926,-49.974252164394514
6.7612499,8.708176377523941,-4.118550354051971,1.4921966795454713,-4.450838860884174,-9.680089615691074,-46.37396873804267
6.771249900000001,8.325995351676044,-3.5668849188702945,1.1563212560806957,-2.407280646887304,-10.291005354198742,-42.933494214698186
6.781249900000001,8.082919955586558,-2.887203442026269,1.0489278010931657,-4.486035429141211,-9.538019693436954,-39.95283614339932
6.7912499,8.018489385795478,-2.300580981380929,1.1771374572040534,-9.915871395430871,-7.345161510919541,-37.502880178436165
6.8012499,8.09513358709388,-1.7242916673532869,1.1925694734053733,-16.996863094399632,-4.876444762815504,-35.621998777704434
6.811249900000001,8.334808415621913,-1.2599770129523549,1.1413172272350918,-24.28069386340204,-2.632448666452424,-34.278617520984554
6.821249900000001,8.551422844008423,-1.2453744721403126,1.1210579236794196,-30.084300771506303,-0.12649315833095312,-33.20682194337084
6.8312499,8.608272529958905,-1.4775665583715671,0.8626026971609029,-33.19479181352445,1.8365467494610872,-30.841326593168727
6.8412499,8.721679281164798,-1.6388268195076525,0.4931158317104231,-33.67770356474583,3.194832755726265,-26.20849842672365
6.851249900000001,8.830873128253309,-1.6402009561230189,0.3788859178235335,-33.379128133891555,4.08260517820504,-21.011593834002994
6.861249900000001,8.894293060103497,-1.6033943084845763,0.5237993890926623,-33.692226912358606,5.413110379512095,-16.10833601591696
6.8712499000000005,9.11836802788899,-1.5315428908365358,0.7421989815683608,-34.7105223583164,8.017649034287146,-12.282943403192562
6.8812499,9.467036591422193,-1.510218145092852,0.9481462839590947,-35.17743557490246,11.633507310273108,-10.065461212223996
6.891249900000001,9.612941153532704,-1.7077334781075353,1.2187638647366368,-33.94650617096789,14.822363989013244,-8.65804662631716
6.901249900000001,9.406140145242713,-1.9747119580203618,1.3903815775249433,-32.01816818942515,17.110616258661143,-6.926209778407725
6.9112499000000005,9.1068325996736,-2.369270883103557,1.4259198473245902,-28.395646238763906,18.799109712966747,-4.4035612043082155
6.9212499,8.918923979716146,-2.7691994280704435,1.393422020838816,-22.15953047528285,19.072772834240407,-1.2437896495609495
6.9312499,8.839952436883152,-3.0324788549608797,1.4460614400708467,-14.1326931545079,17.197086965064063,2.3771979704864163
6.941249900000001,8.763049467180185,-3.323237630453982,1.482402852985968,-4.739908413309205,14.006768255354695,6.573540051784603
6.9512499000000005,8.733747726367962,-3.4123416645619487,1.2908482412110285,3.998617734058112,10.477170948840632,11.083924894990638
6.9612499,8.844917688244763,-3.0435170718811393,1.053761027079925,8.301066224719287,6.482425920034563,14.954943427902636
6.9712499,9.137153571694466,-2.5595916129186245,0.9110104022126724,7.336351839261899,2.8653438973078256,17.614932435916845
6.981249900000001,9.456620635102428,-2.334141875539034,0.878206209692666,2.85420346816399,0.0013638925132081724,18.870445096249075
6.991249900000001,9.642395020098078,-2.1865827837618714,0.8384460153003043,-4.2533831651427265,-2.4558948148846604,18.756526991096898
7.0012499,9.72025891804021,-2.019007228715753,0.8096006350950689,-13.04378744656167,-4.965126630878993,17.635058041267914
7.0112499,9.90169469764392,-2.212067140578386,0.8593666548601353,-20.5464449563236,-6.8114875937131005,16.437476804118308
7.021249900000001,10.021100171941743,-2.5146941303928374,0.9000078258125696,-26.684621795479778,-8.056954297897667,15.715031319584524
7.031249900000001,9.86525333040864,-2.595925994474577,0.9631208490323225,-32.74506913515946,-9.496401752234178,15.229545151575126
7.0412499,9.798919522704733,-2.794434023115436,1.0683565652922993,-37.22607784160987,-9.682420402286002,14.169709793173412
7.0512499,9.876979525758781,-2.9432115322123886,1.220480496071355,-39.96840134693554,-8.363849978098955,11.68109672569522
7.061249900000001,9.941813363838827,-3.0840090201524633,1.4467797876060382,-40.982160662189955,-6.596615211732198,8.829683995494003
7.071249900000001,9.853281768590263,-3.485323709104179,1.6758823149630604,-40.09064267965841,-4.289991964824276,6.554818445768734
7.0812499,9.615241955948624,-3.930627234934566,1.889415219936937,-36.4322103256467,-1.7187818352355382,4.814714914224161
7.0912499,9.390655847914708,-4.253940623185988,1.9935746691850942,-29.519538123011852,0.5467389114866966,3.631639026955441
7.101249900000001,9.136750156925189,-4.397482445421285,1.9770212321617937,-20.789265213113158,1.5079955686925393,2.661372162692763
7.111249900000001,8.905334667568317,-4.449651001756211,1.9478495479952609,-11.356621330321653,1.7269765649714433,1.857178036529994
7.1212499000000005,8.805663650319877,-4.346924007993771,1.8755386287989069,-2.9520959608442108,1.846260989019225,1.5059929367220535
7.1312499,8.74357553192271,-4.0613371992662595,1.7537812483107176,2.8956490833720347,1.6283380662831406,1.3753068088781801
7.141249900000001,8.651346033788778,-3.7100973266720683,1.692881111911943,5.448515824443432,1.2683248082659093,0.9157834889748464
7.151249900000001,8.559694159978372,-3.341531019496382,1.6482903633896644,4.632536966064563,1.0077331344763751,0.7382649832996075
7.1612499000000005,8.509608930685856,-3.000476253574072,1.566266048021652,0.9396729632731134,0.6597234836331248,0.5878292698892921
7.1712499,8.573147898001176,-2.924122893826216,1.5276396620082813,-3.4569691897271553,0.6744933265512533,0.42015688274361696
7.1812499,8.844452271575804,-3.2759226052789283,1.5149275627647683,-4.6292948462588335,2.292601333043428,1.606747978895486
7.191249900000001,8.955218861604726,-3.646173346030512,1.5708122745405348,-3.744535222702328,3.4908662004284485,3.9538257310009413
7.2012499000000005,8.764138283179463,-3.7520160105692764,1.7252830606450333,-3.072581643537854,2.121307177365538,5.895542830225097
7.2112499,8.891751492095402,-3.862902853262031,1.8344423470555515,0.050075940063688006,1.5066805636636627,7.245977320750029
7.2212499,9.127651757218516,-3.80036076729521,1.7476140379858358,3.696504666246267,1.4601875890197067,8.188242000835
7.231249900000001,9.188507634770472,-3.652301539598221,1.5611798522263258,5.571332500682667,1.2094605620329397,8.785521991655425
7.241249900000001,9.196205016429273,-3.6368030836751974,1.4858016766570832,6.569146476827981,1.2330295941189153,9.34931453991131
7.2512499,8.985372306175156,-3.4787381596874654,1.4475995869294302,4.375976503522368,-0.033031876189263766,9.539636735860903
7.2612499,9.096668539787704,-3.528248251697566,1.3636025958335887,2.85893068766793,0.03454764184701193,9.380369713020187
7.271249900000001,9.236208361692,-3.6963448722462635,1.2896607497940857,2.371369058269198,0.2918363828497697,9.528977638820262
7.281249900000001,8.918637930344731,-3.7043578700794275,1.2984941596480917,0.31510394997968,-1.1253587884942033,9.841488534821034
7.2912499,9.103193026607055,-4.093124361583594,1.384106313640214,1.6228017287731171,0.006504674604153006,10.272034960589075
7.3012499,9.177683445043176,-4.124627253554768,1.3645134394457052,1.6273967297776817,-0.045343693946745534,10.224375809337081
7.311249900000001,8.811251538529863,-3.782433440539329,1.3413066096571848,-1.8778992360759912,-2.547308394382367,9.236530802154457
7.321249900000001,8.721703005727587,-3.755983519679368,1.302236992567984,-4.063343301622503,-3.6352414899968806,7.973469347424966
7.3312499,8.917818359123759,-3.8741171397195537,1.1675023593072824,-5.159391738770552,-2.5868959840755985,7.255729950899482
7.3412499,8.872851292237092,-3.8975462327790225,1.118080533115361,-7.053683310601391,-2.372569715677107,7.367530680285371
7.351249900000001,8.802681982133556,-3.987499566411239,1.1936883832367682,-7.93002665631695,-2.028112019796529,7.711552818162876
7.361249900000001,8.859595706320965,-3.981286834056631,1.3531605877335162,-8.32314168563245,-0.9664163171290406,7.749223241410841
7.3712499,8.964237061258594,-4.007024766194751,1.4736332263140752,-8.276937325647436,0.23327896109028473,7.49885158794029
7.3812499,8.964280510983398,-4.144683701399214,1.4431392601188984,-7.041516770249795,1.3760094298620045,7.306269375562586
7.391249900000001,8.879771782242385,-4.202690398497186,1.3957517468101122,-5.31869542777754,2.019175297137575,7.179675837283031
7.401249900000001,8.902121944393503,-4.179041460356372,1.4310213382218848,-3.9005987267996964,2.533031810762426,7.124057706069712
7.4112499,8.903367958870462,-4.131952489650821,1.4395801190458308,-2.9374886747231765,2.788122218631199,7.362114377385931
7.4212499,8.812092381919465,-4.033123039028308,1.3961735246481148,-2.80544878472585,2.8594049065294382,7.970793639673016
7.4312499,8.780669485576295,-3.8987178275918044,1.33076578929853,-4.249416944865377,3.4785906136050735,8.405596709803788
7.441249900000001,8.7693511835871,-3.8023483100730746,1.283917741882213,-6.777162979558936,4.631413916253315,8.649018574202806
7.4512499,8.709281756065659,-3.8647463427360136,1.277254961297929,-9.788535283973008,5.5185354748540165,9.15590441935514
7.4612499,8.661137692260018,-4.068002290483358,1.2065639848803333,-13.199085224269648,6.386307905445416,10.252665357624734
7.4712499,8.587245377555071,-4.184535053130108,1.13805663605179,-16.111059739814586,7.437016517083392,11.623943618503567
7.481249900000001,8.471203063964145,-4.254845757959001,1.140526128768507,-18.409800026422545,8.063986002456835,12.973830811257018
7.491249900000001,8.398520999035767,-4.401933770700732,1.1077651532044375,-20.039796907582964,8.715518987658182,14.581461282792326
7.5012499,8.279027254194359,-4.578448520412473,1.034717157506432,-21.602441442665153,9.25554354794929,16.676965606043886
7.5112499,8.09877972560033,-4.755720464437361,0.9796999724345651,-23.320105213121796,9.690636146833326,19.270509367149284
7.521249900000001,7.956204864267286,-4.90367387205486,0.9306836970290896,-25.328550290401985,10.18788370991366,21.967844880981044
7.531249900000001,7.83759147658161,-5.1110901088379626,0.9535289749393377,-27.74289912576441,10.408731348465368,24.511863687526546
7.5412499,7.702552705310148,-5.472907526267681,0.9776931524682637,-29.75159616054643,10.595853897775271,27.360624357253823
7.5512499,7.525424757318092,-5.766984335432225,0.921362467031419,-31.75905779981394,10.48842067702568,30.524372038524515
7.561249900000001,7.379175135548823,-6.0075477787255345,0.90548259665866,-34.19584859334587,9.87470103050769,33.870073239498346
7.571249900000001,7.240976605140699,-6.359659192408279,0.8910233668493884,-36.7818258487434,9.342082357618775,37.64443466950021
7.5812499,7.004082577316736,-6.657527165667301,0.7287378058380263,-40.627123510753975,9.264686785736275,41.40609161914407
7.5912499,6.7295008215507846,-6.6887760118007025,0.43072062652478743,-46.5934702817904,8.771728959692783,44.56610033576592
7.601249900000001,6.551726725006633,-6.536602049293012,0.09919175157149525,-54.113126587519815,8.437756331168407,46.49383500985673
7.611249900000001,6.441609519289097,-6.358295234739177,-0.14475154131433934,-62.879523475303046,8.98110899296038,46.76110737239086
7.6212499,6.2955470392487145,-6.228974753065268,-0.32699550721456916,-72.26272859182306,10.342875642453755,46.13993035497632
7.6312499,6.089549891382196,-6.151972460001508,-0.5064319136114406,-81.48198362589116,12.339517267672493,45.744199928037695
7.641249900000001,5.865262815261479,-6.023093394855269,-0.6899505371859433,-90.53416016696433,15.019174900700381,46.22434111422893
7.651249900000001,5.654353688489807,-5.81848703102735,-0.8742658458256941,-98.70053449905382,18.63664279929625,47.88412700353407
7.6612499,5.429832706709615,-5.611172335610304,-1.018682453869478,-105.59676908783828,23.344060386598887,51.001423427907405
7.6712499,5.101948548563096,-5.307572924110753,-1.1803293867863018,-112.35458800916528,29.385098488521162,56.31918170668325
7.6812499,4.812804617764099,-4.969314231248542,-1.336679008043129,-117.75990467451206,36.08468223251796,62.86271554406886
7.691249900000001,4.550296185044452,-4.673798880608322,-1.4163656238327686,-121.2443976383967,43.0122499543039,69.93991579760915
7.7012499,4.190500113188566,-4.391682132649313,-1.4361960197543533,-123.64008819307129,50.33293439557573,78.21424714822788
7.7112499,3.794735363176219,-4.1227814089967465,-1.4188977827500084,-124.48726634713017,57.87780874340516,87.71896859013195
7.7212499,3.3566246370793222,-3.8363289693535325,-1.4118597130315065,-123.56868765795416,65.70340559523608,98.27581847649617
7.731249900000001,2.9120183610218695,-3.5559495031033777,-1.4297609135374856,-120.67983380240861,73.58502946408126,109.71970270946578
7.741249900000001,2.5345703439601794,-3.250912276321858,-1.396920832441681,-115.9320983252896,81.35790640828358,121.98611338641044
7.7512499,2.173331670353921,-2.927644293805927,-1.3310852590065163,-109.85325998017001,88.87600813412556,134.9881437276418
7.7612499,1.7914047715259152,-2.675069836938574,-1.1870071458829068,-102.08837962229724,96.55385950547154,148.64405850154776
7.771249900000001,1.4588803284450733,-2.45284699323438,-0.9918003071477587,-93.06748203095357,104.76154786248722,163.12820143142545
7.781249900000001,1.2840243064824792,-2.21660115502321,-0.7792878789947365,-83.61176418991086,113.31027737919707,178.47381064976585
7.7912499,1.1735907275262667,-2.0560369060024195,-0.5438242274407359,-74.15508999498827,122.00804100064714,195.13431533801105
7.8012499,0.9631699536328248,-1.9529405983313965,-0.33750622960301,-65.7611330728408,131.06420607466475,213.4550420404691
7.811249900000001,0.7881383096543482,-1.89569449198206,-0.06625515713337847,-58.472514054101225,140.76451120847133,232.53675743121678
7.821249900000001,0.6446127090316448,-1.9155438335260635,0.3229692261372744,-51.631134000111544,151.28393819042012,251.72674348114805
7.8312499,0.36254447533878625,-2.016468977161206,0.6751508753919868,-45.17157381503173,162.36960440770008,270.7026016179657
7.8412499,-0.1220162262073531,-2.1198635054591253,0.7720009871273703,-38.87397728698252,171.87699487499782,289.0385845317375
7.851249900000001,-0.7044314338791886,-2.3340672766072545,0.8763226248929049,-33.5743673060348,179.30038539105828,307.04697722270487
7.861249900000001,-1.313892748997164,-3.0594519779504576,1.4138577316522833,-29.36141545787434,185.9729754711171,325.0569038647091
7.8712499,-1.857024449460386,-3.905476842757029,2.08716823950967,-25.546320689571047,191.5551600102308,342.74601171718183
7.8812499,-2.3751615987117467,-4.622342013017739,3.017897007856499,-21.198542500964443,195.5905845627684,360.6244535580157
7.891249900000001,-2.781985397293503,-5.685215395464381,4.3006966324852645,-17.02914550534896,197.8221065506461,374.36791644300706
7.901249900000001,-3.2455508709318446,-7.223691043442092,5.394825032318191,-13.161986012159316,197.70466135176957,383.2364313718088
7.9112499,-3.997371161525606,-8.91310298490417,6.263233754311023,-9.482046307183658,194.10149151739,390.3970490391843
7.9212499,-4.717726862981075,-10.75208554901142,7.470936414782328,-5.830271783153249,186.50528751894248,395.9036003439296
7.931249900000001,-5.227299544210652,-13.290090988615512,9.644689941707979,-0.0007506977011243129,174.9791241136794,398.9290667076404
7.941249900000001,-5.671877677945834,-16.957001068764274,12.524811506079839,11.529749037941661,159.6339997979224,398.02689927319557
7.9512499,-6.0428728880198435,-20.583713740931714,14.856966281748798,31.594471381455854,139.45102345418044,390.78087060499246
7.9612499,-5.838051341414774,-23.011549541769572,16.41888265658216,59.2064044529615,112.4810689770767,374.67959774497166
7.9712499,-4.328476177795978,-24.390961807601496,17.377128781750198,87.40441110252617,80.36953995311848,350.76774311034217
7.981249900000001,-1.8213505366234433,-25.11087537246975,18.161560579435545,105.4829518691948,43.12324004206946,323.1290440964158
7.991249900000001,0.9912947257924866,-25.452903932830985,19.796863661099113,104.90101757478043,-0.14256872087092767,293.38334994599535
8.0012499,3.916652987146835,-25.36809663636045,21.567506140015396,84.64138196267787,-46.16216206064718,257.8209576079981
8.0112499,6.232100962741466,-25.092500961162056,22.999054820257097,53.400236834657086,-96.90597846126109,210.651221809245
8.021249899999999,8.427545872617376,-26.502389996259815,24.681392449961248,32.59509648276676,-153.19995832056324,150.0821840369913
8.031249899999999,10.44001885487478,-29.362969587937954,25.952242820716368,27.16171641422587,-210.71718616568342,82.5697644146548
8.0412499,11.364499886132075,-32.59115429886338,28.238044516097236,30.04776313667088,-265.94721120417404,14.496748274497106
8.0512499,11.032388588557968,-36.36107485136188,31.706793810978404,46.66660317699994,-314.5716098869122,-56.56657990147079
8.0612499,8.729594374510556,-39.0593151880273,35.11429250889573,65.95233354896506,-363.2022015031444,-136.43748112189934
8.0712499,4.384957850069606,-42.02734217649126,38.2263624463825,77.97291072949538,-412.9883047528738,-222.20707967301942
8.0812499,-2.2802221146558743,-46.71027380077964,40.088336526412476,99.51634990510722,-463.794348821487,-319.8408605795403
8.0912499,-10.547179350000635,-51.67652046162939,41.10469636793834,145.89615097240986,-498.3308770860687,-433.98885584273313
8.1012499,-18.646700652045052,-55.93025482733247,40.12697507517085,204.08264159007197,-501.0479636640888,-498.51879974359525
8.111249899999999,-28.225528641519418,-56.30716764184156,35.805628337779055,237.5386655563159,-499.35729112588945,-500.94893841
8.1212499,-37.956794948087335,-51.4784722098016,28.157426727501353,230.8029052875933,-500.10632782736496,-499.1090136917256
8.1312499,-45.43305746483344,-42.77595497603682,18.95524854938365,178.71734868206315,-500.49377539144024,-500.2526816250458
8.1412499,-48.33648014055348,-32.002734666638055,9.009782126923282,91.0147557753569,-498.84231202908313,-500.6002290560621
8.1512499,-43.612406451153426,-18.58552743708026,0.7124634696912571,-23.370581405365687,-501.1045585970983,-498.41463142504057
8.1612499,-38.61057283099439,-8.701431020095997,-2.3639000625734807,-119.30194164890528,-500.58970207426046,-501.7412752288782
8.1712499,-42.30517900536318,-9.458540955306853,-7.938406118649791,-108.75364959760671,-432.78716940630585,-499.38407218089907
8.1812499,-43.44134719597368,-8.89263586935005,-19.201626620848483,-32.52432731553895,-330.9444912438504,-403.45076734292644
8.191249899999999,-34.758340893433605,2.7315648076600345,-23.147811020830936,19.87286674460305,-253.75990121140688,-261.15346485948174
8.201249899999999,-26.644077646845663,16.177423378540816,-16.717468000676266,34.26992197411824,-173.2563848902351,-175.3279231896601
8.2112499,-24.136833248456373,17.806815779039884,-10.973355468475113,24.592566333581885,-100.58828696440685,-100.26706888001766
8.2212499,-23.39446394862564,12.47022110874617,-9.709652840300986,-14.3945873725515,-46.714455102684155,-8.635896877793531
8.2312499,-22.730802623893247,9.859130378548313,-6.946695371185201,-65.01031516714015,-16.8267353874638,46.354170194957156
8.2412499,-20.15546056305745,6.08983931618358,-2.3618914985704693,-101.5789354605908,-12.162083227617112,57.90333632392857
8.2512499,-14.353428186516313,-0.7540143141484809,1.82968213960698,-119.27459628489261,-12.018324692385407,59.32669081633094
8.2612499,-8.258774789979174,-5.920417914766726,4.077606469639267,-114.08353276133906,-8.822995827717486,59.35566098897682
8.271249899999999,-2.875368701599989,-7.775428073930848,4.078962610419203,-92.5943754387845,-7.13849539080082,54.58876731833171
8.281249899999999,2.6596253402868117,-7.7700124094496665,3.672268346790949,-62.49779342475842,-7.071121093557834,47.144952217732786
8.2912499,7.796193149278718,-6.836303771379362,3.484501547430683,-33.74963430147865,-3.6235844159471013,41.27218193813012
8.3012499,11.477690795967856,-6.209146872886416,2.1204753510842105,-14.339474647706073,5.2149573832459275,36.8214185895006
8.3112499,12.882250612997119,-5.838258046071727,0.26642932803211794,-6.557394191555348,9.322856846947221,30.60077112950563
8.3212499,12.938221838095998,-5.411506769705761,-0.013612041745390198,-12.242636025516578,6.151095237086284,20.561530563051186
8.3312499,12.293928954195097,-6.01316286172477,0.7539598328381341,-26.02615215125649,2.753218598407242,8.34362721281926
8.3412499,11.375575208752887,-6.949545013854599,1.2695667027781785,-40.7740226528823,0.5030694088775431,-2.9879408612323908
8.3512499,11.073968875022421,-7.242984936766142,1.7092772180427995,-53.36035872272383,-0.8413656664658001,-13.12167845358232
8.361249899999999,11.412942973420567,-7.316045026777133,2.3998204773298473,-60.14404949867329,-0.05396641470480623,-22.798570233175095
8.3712499,11.631126187820053,-7.263539585910715,3.2631882202962745,-58.61738863101341,2.4912321309434917,-31.268272253845296
8.3812499,11.309961297033551,-7.19033892092132,4.196628937281579,-48.311438284795315,4.3024270628795165,-36.87133354141831
8.3912499,10.705080604546636,-7.248396379303751,4.769938059004427,-28.92850332175496,3.630767338368823,-38.82101136349762
8.4012499,10.006805516286942,-7.3071300531652,4.393736022266988,-3.0529775307913627,-0.7772893614008988,-36.9029133998019
8.4112499,9.466099434630667,-7.122459112079882,2.858550501940821,22.616706306317262,-8.6663466513729,-30.804787977207077
8.4212499,9.317068908371231,-6.295087611904176,0.9330082651487456,40.780120202098274,-17.044576404258116,-22.36508349007232
8.4312499,9.116752393150259,-4.805020381586513,-0.2216367691966329,46.49897553783839,-24.018339182912708,-15.378444690928104
8.441249899999999,8.627802346019322,-3.1703018986732645,-0.522169757848313,39.270268938552846,-29.139663343526877,-12.577228091878606
8.451249899999999,8.116597959456323,-1.8283391711994372,-0.5403976408223469,21.910386799312565,-31.31417670041729,-14.100459665220033
8.4612499,7.890582292915426,-0.8772950152574776,-0.44199029319484234,-2.1353366502052644,-29.589149416908274,-18.478489016855093
8.4712499,7.925392453619371,-0.5821866078483786,-0.08090551464518093,-29.316554419399928,-24.601277756362972,-24.005561664268537
8.4812499,8.048208249025489,-1.0431215965319458,0.25626070669006396,-54.78535134835183,-17.35713553441545,-28.462368047197824
8.4912499,8.085702415738904,-1.7052123491377413,0.17663225787701936,-75.22791144801813,-9.525980600368577,-30.46910615788682
8.5012499,7.99101485277963,-2.428175128625443,0.02844081994474343,-88.77324492931831,-2.5964478803197544,-29.32450275087519
8.5112499,7.880922850484627,-3.12388259171151,0.117050611429554,-94.52752660333192,2.941804315562091,-25.017765846863618
8.521249899999999,7.734948717839918,-3.4165318813576757,0.2530888788080217,-92.30417013047094,5.978263924634275,-19.868833615143377
8.531249899999999,7.517221648941471,-3.4198880894122468,0.4504433790090425,-85.83922522799826,7.36504861776262,-14.67776973459158
8.5412499,7.365206718217154,-3.367420765718955,0.6274428677747148,-78.07200501047048,8.613674208662454,-9.316422182067823
8.5512499,7.31079713520808,-3.1753837410403074,0.5850984625632338,-70.03853520626068,9.550920110651077,-3.626839001810557
8.5612499,7.461854117992887,-2.892861871830272,0.6292865242150831,-62.89502909060724,10.524257773334945,2.2213313393773206
8.5712499,7.8027248770549855,-2.8097665801310847,0.9835719026467082,-56.45915206465577,11.694121264112322,7.438996389670616
8.5812499,8.066938844135205,-2.8747969895799157,1.1760152032339146,-49.598493036067055,13.360658647867673,11.886561529172845
8.5912499,8.162503305951327,-3.097892798410549,1.1447664771311943,-40.82844231355796,15.415326693601353,16.170139598716208
8.6012499,8.236889327453284,-3.360634203561326,1.119257523464477,-30.910608453114694,17.61013796921256,20.714952430284338
8.611249899999999,8.340137094309451,-3.3800777666304946,0.9729462520311173,-21.657054295029898,19.203505619696678,25.056205157967195
8.6212499,8.65148345795316,-3.167963089670842,0.7695877104295804,-14.387526087031574,20.336170970018834,28.292942679741017
8.6312499,9.273976090060968,-2.821899994293043,0.6169937663939026,-9.698784825971455,21.723785849364752,30.08820091026229
8.6412499,9.839506024121146,-2.5698240307568443,0.5730042621141047,-7.050775278418324,23.170426965563383,31.150605536837467
8.6512499,10.235748946678317,-2.5178853121255846,0.7647329060131012,-6.731612054983274,25.021724055818662,31.984367172055656
8.6612499,10.544199319436606,-2.4858201408037286,1.0169452125909286,-9.323346218349716,27.315142516082783,31.91588182600785
8.6712499,10.737644090023675,-2.504974371472681,1.0854190435638498,-14.258021566000247,29.441889357995294,30.7097910013781
8.6812499,10.825209882708345,-2.697642440378572,0.9915144987683763,-19.62380017168574,30.66099134133992,28.95901804834841
8.691249899999999,10.812482412529913,-2.9783752656375335,0.9359992364988726,-24.93058840984464,30.63057635198463,26.70339416960346
8.7012499,10.727169126120877,-3.340964002303593,0.9948239955965981,-29.67750362046487,29.793038447618443,24.155881708013403
8.7112499,10.698786405392555,-3.7509926059151923,1.2321805559369776,-33.870213015315194,29.371814344859175,20.775347466657706
8.7212499,10.60732101544122,-4.225274347798529,1.605068058987047,-36.370812968591146,29.266662433045383,16.38401578561224
8.7312499,10.436074375529838,-4.699982158813916,1.8856701895370047,-35.52897753829949,28.774102543780327,12.338603808940373
8.7412499,10.378269956966719,-5.033952176036,2.0724388071961175,-32.36882892811067,28.050716165584014,8.609530971510553
8.7512499,10.312853625885733,-5.276708970261148,2.2422883754279077,-27.878531904966824,27.4022869176766,5.126038045390521
8.7612499,10.09183353242035,-5.483313098454975,2.437576970324249,-22.57443036431207,26.786274286891732,2.247791048991738
8.771249899999999,9.781144520738284,-5.5272145260658885,2.50852593185688,-16.850012325068406,26.021878144326312,-0.03142413594027588
8.781249899999999,9.455662270557808,-5.460377774808871,2.3981400279783824,-11.581602802264285,24.836949037263587,-1.849748337075877
8.7912499,9.133665358928898,-5.303014459294718,2.1887200332194725,-7.634108554321802,23.44770965475505,-3.082826985591496
8.8012499,8.710233503491468,-4.783611185936559,1.900483148752205,-6.712141639194284,20.21386427172766,-4.395412518464884
8.8112499,8.600696660795181,-4.382401341770652,1.6075890815132108,-6.390927734255929,16.952973895768118,-5.742803630889599
8.8212499,8.808690662738764,-4.241211990465857,1.3366065971660603,-6.257467971453467,15.111847826663057,-6.198933012949405
8.8312499,8.693283235337304,-3.7729798757640065,1.122784286291774,-10.264028265777362,11.845279080102285,-5.756604414887627
8.8412499,8.734311667803949,-3.4387143845656496,1.056301265703015,-15.260685190211353,9.863522774307494,-4.959765881656979
8.8512499,8.824574966050019,-3.2240854919699453,0.9572994911945308,-21.604811606419183,8.678644285548076,-3.650282252500271
8.861249899999999,8.82133146330851,-3.178566868453522,0.782316112558876,-28.94026497812941,7.250222814934239,-1.749912377448337
8.8712499,8.86589009072653,-3.360592615162085,0.7312595268809499,-34.985323231651456,6.653460409449838,0.3663480121999375
8.8812499,8.818660427707636,-3.5494418340732605,0.731472638838928,-39.55471190978833,6.584002757718545,2.591933490983883
8.8912499,8.700399070753848,-3.8143934335542578,0.7017020872451809,-42.63359492551644,6.786025704943571,4.9814308839570804
8.9012499,8.564474466358872,-4.154251832972206,0.7100485500896089,-43.53802532029388,7.189559449448095,6.972927740747626
8.9112499,8.482379479099672,-4.474436074339208,0.8243671403872818,-42.140004070085865,7.941681034065039,8.696568872750548
8.9212499,8.447914442501538,-4.7671095244549475,1.0354952472746968,-39.0975875276798,9.212722528051899,10.155368540556841
8.9312499,8.440058306316669,-4.960848086437194,1.200234560204814,-34.74946775280071,10.60625160323475,11.079444893045894
8.941249899999999,8.48963051004042,-5.062398735559762,1.2354945974673115,-30.043285758433655,11.893070578735415,11.276503366998451
8.9512499,8.460070217036783,-5.1038947213847745,1.2796363361920258,-26.129117989045398,13.031814017572374,11.037577183072097
8.9612499,8.358380052121088,-5.106428283151454,1.343462198093167,-23.413496861348982,14.344860660909015,10.36621202690306
8.9712499,8.220095192522294,-5.110370856207357,1.2700065796379745,-21.703333641470905,15.505370185394463,9.235897141629515
8.9812499,8.002577908924552,-5.127611664564465,1.1755173811671682,-21.01113550032285,15.860487199998294,8.18648292872883
8.9912499,7.823671046702919,-5.259851951843713,1.2352652040705343,-20.861293421599772,15.906149141860471,7.462929249905701
9.0012499,7.670919312391744,-5.507328132267829,1.297885650546414,-19.987332920849745,15.4982901970855,6.802164094553146
9.0112499,7.470315732689861,-5.746309067185239,1.2510934690129116,-17.891323894691027,13.958197485277392,6.223006599294083
9.0212499,7.385732085831173,-5.961682272736481,1.1585861496305723,-14.418827475563214,11.915201727576575,6.064430737308958
9.0312499,7.326138906969299,-6.063450453127939,1.0967791164323324,-9.957508132432078,9.701488081705829,6.060999839665113
9.0412499,7.2092902846446725,-6.015036803373756,1.047387885154042,-6.095258084509304,7.042351301768109,6.048305752784857
9.0512499,7.248436292638798,-5.914622023680365,0.9731161941006093,-2.638174032886913,4.676062982589028,6.129575118955921
9.0612499,7.435428798651601,-5.785366207443135,0.9565599081850618,0.14570758746543278,3.0776045851501435,6.312839053687185
9.0712499,7.609191871305311,-5.715214077987552,1.0318739012901796,1.7420249154050167,1.9096981995397353,6.602763262261303
9.0812499,7.75303066016916,-5.773373134307569,1.074554767506167,2.8524136940324616,1.185508474919137,7.381393742911596
9.0912499,7.899561932374297,-5.890572012431177,0.9969789763590167,3.915851142829706,0.44010565121989664,8.860104984048736
9.1012499,8.025580135888623,-6.015020294140225,0.8838262980243331,5.068280291254371,-0.8248837379779165,10.63043757110995
9.1112499,8.08006097065184,-6.094099244111478,0.8056506910354734,5.979524892840586,-2.384851174305753,12.280343226069991
9.1212499,8.047440538775453,-6.103413511436688,0.720441456825912,6.047806987966602,-4.268941925355539,13.056182516333859
9.1312499,8.076874676614208,-6.0420731269292,0.5324360138080791,5.288262581848767,-6.613846786358634,12.818139244844547
9.1412499,8.204274452801059,-5.949984422482395,0.3706114880881456,3.372561350637205,-8.839190279184095,11.968735310201913
9.1512499,8.339295437785761,-5.907653441743977,0.419951185605288,0.36030575453960045,-10.175541897794961,10.579488606375751
9.1612499,8.468943862965174,-5.898226622516747,0.524259395130667,-3.5136131322336435,-10.634648178042658,8.897143422377136
9.1712499,8.626472350808372,-5.929366898087078,0.5935766855236597,-7.765976233065867,-10.070825755449645,7.439691914172573
9.1812499,8.763286160780304,-6.026446638321815,0.628950083801479,-11.620222662412512,-8.506920140955854,6.514965853530499
9.1912499,8.701623727612136,-6.152098543337138,0.5970200661028087,-15.259766683374641,-6.790717540368258,6.0035774944811955
9.2012499,8.52252919276126,-6.301751962178897,0.5376360712522834,-18.065463560561433,-5.021488371697859,5.741060173300761
9.2112499,8.269464901181651,-6.427456042519662,0.4476730505662831,-19.890227385908933,-3.3364612026108063,5.550394187940578
9.2212499,7.94151226986004,-6.474719488377075,0.32492379126000936,-20.748338683520277,-2.290947932267643,5.331018589159542
9.2312499,7.725920898416287,-6.489345576788363,0.24731035930400203,-20.623703722317625,-1.309477801435561,5.185630171179758
9.2412499,7.557993522155636,-6.407140684805766,0.2069365144026241,-20.937389659498688,-0.27499708969551306,4.905286383115077
9.2512499,7.407189523207494,-6.283663715332895,0.22480503216260492,-22.335727718767192,1.0821923310856738,4.618946474030906
9.2612499,7.32811980253758,-6.140505073305616,0.25922086818877155,-24.963432516025307,3.159557082527581,4.469080578223151
9.2712499,7.309542876640699,-6.066353717587019,0.23845892610985084,-28.114186421082557,5.923967603976602,4.545236196394631
9.2812499,7.113905528061254,-5.9816490823195085,0.2398061777105352,-32.93604894661949,8.085271534079784,4.9411380260197655
9.2912499,6.87365551141905,-5.9742717467089435,0.23794757780753997,-38.571859494993674,10.168863356404596,5.944588437612075
9.3012499,6.829033796665804,-6.131576691460114,0.12224670691997863,-42.53620691883253,13.444659350338634,7.569589024127634
9.3112499,6.642140483328257,-6.17097141917766,-0.04067012234019159,-46.990889286382476,16.335768508637358,9.65141656921751
9.3212499,6.426191026848403,-6.252655312417194,-0.11198743898737212,-51.12313695758819,19.442329743223464,12.057820069426
9.3312499,6.251708594704429,-6.293608176882679,-0.16198438064643034,-54.64524023510287,23.273845241101068,14.552779764484093
9.3412499,6.003549603461395,-6.304553632128731,-0.28036230435856063,-57.711386385220564,27.404486945167893,17.608744701872073
9.3512499,5.709235104457844,-6.348079747564807,-0.4147406016954853,-59.36868411768575,31.537873915028822,21.434047513348716
9.3612499,5.4437431494767425,-6.237554958453371,-0.5585175949103407,-60.32281157710999,35.33071975690556,25.13971520621336
9.3712499,5.238469953408201,-6.033663671236101,-0.7204361461618288,-61.469848964003255,39.52477708254901,29.231682085040884
9.3812499,4.963919448106749,-5.792127456980639,-0.9444674155856502,-63.42440999861441,44.22254476001865,34.0450833854802
9.3912499,4.610604880927424,-5.434041342663632,-1.2840835744144867,-66.77592280596859,49.39813824673013,39.64714547922559
9.4012499,4.331628176103133,-4.968638174265029,-1.5656400174368303,-71.56061959453638,55.44771083159721,45.82178584508645
9.4112499,4.094548021912914,-4.506663164377286,-1.7033494464266876,-77.09509035862222,61.98531804107937,52.394918465363574
9.4212499,3.798553925506944,-4.113953636191159,-1.8027281119253553,-82.9919666214077,68.8782278619818,59.50230379005424
9.4312499,3.4566878074159666,-3.7475929155070897,-1.8414605805805189,-88.09382703450734,76.23720716866744,67.06368129954342
9.4412499,3.1203589859370036,-3.4143918010827976,-1.7687322228282816,-91.76333392826028,83.8144486004941,75.12522089549668
9.4512499,2.754908928906819,-3.208912483884809,-1.6615834814671757,-93.50694359491958,91.13550382761358,84.22166938029133
9.4612499,2.356507396897673,-3.125775636796551,-1.5616807107531605,-92.37412297966223,97.939309186614,94.6994663740377
9.4712499,1.9644793293194989,-3.003123666029803,-1.4458824363949376,-88.86772025597101,104.63614919040404,106.678935359309
9.4812499,1.5878707080899408,-2.8214779616398693,-1.2442140154847483,-83.71033660911755,111.4973943062795,120.02276815997499
9.4912499,1.2811655627547642,-2.632221796530989,-0.9945470231851941,-77.22328763119276,118.77979100815394,134.52249006370673
9.5012499,1.0405742722288853,-2.4093021416818017,-0.7966565066066987,-70.27090524595904,126.56039116793947,150.54220830987774
9.5112499,0.8860445497734011,-2.172320639411652,-0.558473064237081,-63.49922965490626,135.09148572516784,167.89059586365798
9.5212499,0.8513330630831829,-1.9225760936446064,-0.25567964969937473,-57.371194947136274,144.27017015622766,185.82450617970719
9.5312499,0.8803281830210186,-1.687025887476006,0.08012056825972666,-51.96936853919776,153.29408839247336,203.75071959811288
9.5412499,0.8199349131011547,-1.717508579288151,0.6335051544313692,-46.46454055921281,162.81573033551422,221.96045854639908
9.5512499,0.4096760221205568,-2.0591432876384888,1.4253166648101092,-39.29513238107224,173.20729069089293,242.36775863470265
9.5612499,-0.14095712963530735,-2.356457931446262,2.0082913772716564,-31.163500257135315,180.882921996793,260.42019668131036
9.5712499,-0.6282965016694071,-2.638095832015894,2.4342302086754635,-21.964819642882954,184.83843925410258,274.75001934690295
9.5812499,-1.0711116617908538,-3.1021684058005152,3.0449969536369426,-11.070296968471647,187.77548673928317,289.48649380856585
9.5912499,-1.4790751208703492,-3.6366402993606655,3.800007256663823,1.6223414038493449,190.09584853765483,304.83174703147114
9.6012499,-1.777085525151096,-4.117004461151453,5.045049588328286,15.549601039137476,190.8231426017222,320.36486116308845
9.6112499,-1.8966322770026374,-4.913353406588685,6.847465246147302,31.08322066180569,190.17922570389874,336.5094558181915
9.6212499,-2.264672665779058,-6.183846613761928,8.315377804896443,48.764225566401805,187.466871099858,353.89922301512115
9.6312499,-2.8865916160238814,-7.184885677273513,9.077525278139344,66.06286308203391,181.82238210121346,371.7590157891687
9.6412499,-3.299770509089723,-8.259392893297466,10.28382246561946,84.91808909405721,174.3915484561974,389.24405518540425
9.6512499,-3.635241669642042,-10.26649653531901,12.661870790532536,107.28918531233654,166.04694984483692,405.3735002977373
9.6612499,-3.998650747778417,-12.294097231373094,14.954400530694311,133.3488262052337,157.9287167386869,417.29399430554145
9.6712499,-4.107335240628074,-13.860586176676613,16.69269703817196,162.7466992059709,149.69103716429035,422.2123088146167
9.6812499,-3.5978792062689036,-14.993563861801569,18.213555119700924,188.80396890677451,140.3043915802988,419.3279909339274
9.6912499,-2.556044333754641,-15.3491776260598,19.032303334542146,206.14442458204317,128.0042710417445,408.1190450183541
9.7012499,-1.23915706137501,-15.150811545715266,19.77602539564087,212.00462372687605,111.5214539120889,389.815277046229
9.7112499,0.28310655334896007,-15.216962700485395,21.57477773059731,205.88503229506173,90.47738294781088,366.223731361823
9.7212499,1.892390787019498,-16.425128602981328,24.634971248509085,193.90907911526565,62.96894225697265,336.9394534756536
9.7312499,3.660703920469033,-18.111123375318126,28.439378916947785,178.00510126687854,24.63791654682448,299.0736472394494
9.7412499,5.238131707607682,-19.82785736838955,31.8647337539004,157.88104959165065,-24.077285614580408,250.90116848399185
9.7512499,4.946870256256629,-21.03690319456651,33.93483826668845,125.91429789373647,-89.07493722174844,188.64957245556033
9.7612499,3.176766300182003,-21.599831112680018,36.17732061743193,67.57587602714584,-178.30013847407974,108.52370627717613
9.7712499,1.8659980792849533,-24.262926425706496,40.98290460663125,13.356828815696757,-261.51636793865737,31.57505013186261
9.7812499,-0.937662586641605,-30.131398962197814,47.141122779339845,-8.285616322895649,-336.93438919141477,-41.69661393025944
9.7912499,-5.8098097493518654,-36.8339945874516,51.86566485086906,4.985062892177128,-423.96258764118073,-120.29035719887567
9.8012499,-11.953530969211888,-42.410213338354836,53.61268980097054,43.694380245969114,-491.8693898569415,-199.45925235756215
9.8112499,-18.98914161450038,-45.70104660005551,51.11765625914074,87.37241243239038,-502.5346587116054,-269.73524502689685
9.8212499,-25.568508145937997,-44.5167114660836,47.17638523494973,103.4653390525767,-498.864052009177,-325.9948759804162
9.8312499,-31.80944292531718,-40.452155228833334,41.619448462528034,79.94804896538255,-500.3038289947538,-374.9029773026778
9.8412499,-37.43434703220177,-35.850222754976194,31.375720898921344,20.610412436688463,-499.9177682822177,-415.87641257676086
9.8512499,-39.873961728740774,-31.528070115367743,19.820679936188895,-64.04022061310347,-500.13886187306474,-454.72815113650176
9.8612499,-39.14633473275147,-27.824238703317572,10.364968684269751,-128.58191965673146,-500.0715315836873,-490.66135709084665
9.8712499,-41.126890516046956,-20.138675991687464,3.7302103782540588,-162.51873571452563,-498.6831675431472,-504.84566129602985
9.8812499,-46.15932036899368,-13.326535099150178,-4.652118159703155,-175.85159914285413,-504.3888495438138,-488.4611836251047
9.8912499,-44.45225477401689,-11.879263923371589,-13.632535615398641,-136.6147026426113,-478.648185115406,-406.0428802054783
9.9012499,-36.69499674139318,-2.288049614361532,-17.513629785963776,-65.87165773877864,-394.8282707313997,-305.74061760641007
9.9112499,-31.24523619978611,10.907052171487276,-17.948405034572513,-25.894629708963155,-325.9666108926679,-231.5622228607117
9.9212499,-26.141696326385528,14.115935385842814,-16.301216433882978,-20.2148821861342,-267.6160586472305,-159.18562712922625
9.9312499,-20.186792445720467,13.514886822390475,-13.222675299662077,-40.20055117678189,-192.9531168502969,-93.03333381468148
9.9412499,-17.526684913608953,11.756544778127665,-9.537404694109005,-72.43983208380622,-128.4260672934851,-52.20843739342767
9.9512499,-16.69901649176339,6.881855392525981,-6.412795079280648,-97.69371812248002,-85.09814270070818,-29.39082833996252
9.9612499,-14.560846329571879,2.497203435789983,-3.353152176159212,-114.01364711635802,-58.487471582768165,-14.885210867778321
9.9712499,-10.618821386621079,-0.09534493165505062,0.23331156925026128,-122.76666771113536,-44.702374098568356,-6.808430003623978
9.9812499,-6.271433510735646,-2.237129921815021,2.7439840846167365,-115.28100753283334,-36.61962668014536,-2.4658759933372183
9.9912499,-2.4352716683245137,-3.808644490133759,3.2462588930383856,-92.20857000024297,-31.4444529018664,3.037952836258675
10.0012499,1.0792937266221352,-4.008558030414752,2.78335651683337,-66.51879792653517,-27.615126536433916,12.386610651435882
10.0112499,4.34285049184795,-3.396570237397446,2.7523298468462345,-46.764961750396935,-21.71109857695248,22.264373690991796
10.0212499,7.104098615471268,-2.949728053234597,2.877706594877736,-32.654236576064875,-12.970403787231113,26.830218877152777
10.0312499,9.345630124505746,-2.8030690818235335,2.4177629391043967,-25.16716995485003,-3.367644883094829,25.731822848074987
10.0412499,10.913424231199725,-3.1090385243783643,1.5783547482771747,-25.19731894822947,6.569792515670059,22.431434871217377
10.0512499,11.049319411538129,-3.934670608554791,0.7057616499920594,-25.29455168375834,12.452407348065684,17.100873146868572
10.0612499,10.309547242886522,-4.338816067046448,0.5648447112352141,-25.96979956557235,10.359663378810357,9.042106200501493
10.0712499,9.995952258177624,-4.716533913066524,1.477479220820669,-32.34028541385268,5.611147963963717,0.6917169785281326
10.0812499,10.028462416735985,-5.760208822813907,2.4109058619125374,-39.35185510462271,2.6345839124298918,-6.444905598352347
10.0912499,10.184414555019233,-6.471323472936363,2.8508251573723427,-44.69101447215115,1.1240244483959085,-12.276752383353715
10.1012499,10.556998366523837,-6.8576250720764165,3.449199739381701,-46.539665894723214,1.0239839810338058,-17.23920291957008
10.1112499,10.836811958298359,-6.975941389127278,3.9091876474067284,-45.52629097313106,1.3399925192509126,-22.29968410180278
10.1212499,10.852998625523256,-6.754933909229873,3.4471469554657292,-43.10449634743495,0.09629332069165189,-27.63340285389416
10.1312499,10.688469767054093,-6.399705525867198,2.6644690753678826,-41.07491303626883,-2.886455142889923,-32.364445623723945
10.1412499,10.346504626229565,-5.937923803911933,2.0488472927709567,-41.315922065998784,-5.819258317167857,-36.358270849296126
10.1512499,9.847112064227263,-5.322893266257017,1.3889980564823818,-44.59991932653181,-7.53889695675996,-39.7374227180509
10.1612499,9.295878639733019,-4.668188474912371,0.7231661042874948,-50.98279995317912,-8.340332417044744,-42.34902675475718
10.1712499,8.810943639346245,-4.106643085850469,0.16872505241886013,-59.536616784826364,-8.145780947940288,-43.96703239127663
10.1812499,8.483729309634652,-3.7905105917977853,-0.1330830993147041,-67.52464104642074,-6.893521327834263,-44.22345620666481
10.1912499,8.443841677529674,-3.8198495120252316,-0.10908302932564877,-70.98846136577254,-5.271933800963141,-43.11678635879437
10.2012499,8.704655502141735,-3.9402218340334567,0.2784457733079117,-69.8817429865115,-4.498226319882489,-41.10288093462731
10.2112499,9.03545187578195,-4.005795595501505,0.7417852229147136,-64.63946698848146,-4.004602167207545,-38.32066648843909
10.2212499,9.107777336511969,-3.9856510085052954,0.7412459223527663,-56.93314254113025,-3.688802363667774,-34.46741601609788
10.2312499,9.041314193235264,-3.9008827866391216,0.4739878207466015,-49.023261582171,-3.9230624115275514,-29.6431170118358
10.2412499,9.022529882000132,-3.6393695051784656,0.2912701115131438,-43.56274131445009,-4.634923702735259,-24.555706769686516
10.2512499,8.970833435766085,-3.124732080257285,0.037437260957662116,-41.40545958740662,-5.530573089720868,-20.42018548312806
10.2612499,9.180930582211897,-2.64702791620898,-0.12500799660703452,-41.060653160021396,-5.495108649859821,-17.93286373905937
10.2712499,9.54037774625416,-2.434741872920727,0.03646258407207194,-41.21023341164042,-4.37585879807916,-16.419651344741496
10.2812499,9.605897798479786,-2.487903799778445,0.3143139657041112,-40.424158632128254,-2.709932624449297,-15.0732756152946
10.2912499,9.453651001419246,-2.7271309178763232,0.5423614953637497,-37.63977507446527,-0.5152361616083235,-12.834177829279335
10.3012499,9.235721680494997,-3.1053416681984722,0.6275356578534518,-32.07054809518983,1.2848675304662232,-9.262643883571538
10.3112499,8.971227766328438,-3.462306549217322,0.5477862580595315,-25.1716329683833,2.3359921896912526,-4.810153619329663
10.3212499,8.747010033582656,-3.559762379138561,0.40393410020612114,-18.914078302665885,2.709066480156238,-0.41659546162317834
10.3312499,8.637625319805112,-3.558456277020977,0.29896055353795,-12.82564590928774,2.675486509078127,2.9547889426841447
10.3412499,8.527647868250197,-3.5447679960493845,0.21668047362754125,-8.895590152779887,1.6633666943428238,5.209785752197763
10.3512499,8.54371212505337,-3.5747543548416356,0.1908525547813802,-7.058468402606851,0.6346470405074457,6.460751298234069
10.3612499,8.656273202108121,-3.5891396450149857,0.27643459365647294,-7.132515467760528,0.6062862608765659,7.19317380086394
10.3712499,8.644275384417963,-3.427559829432568,0.31515379851544345,-9.874102172447923,0.7781124009113992,7.181010083342199
10.3812499,8.771335788485276,-3.2658322400059903,0.24465492019417398,-14.041354013547464,0.7978741076967383,6.361626958901343
10.3912499,9.019445801833973,-3.2829800516559344,0.21570910108200617,-18.140296085715875,-0.18211210371367334,5.430757642316122
10.4012499,9.000813851441867,-3.4927464221313738,0.33985757157821084,-21.029677041148968,-1.9414465345441587,5.007254462283407
10.4112499,8.900188060222876,-3.6350205054154445,0.33562147654760344,-23.049583587989453,-3.1536929553225272,4.808785449341177
10.4212499,9.065309659277716,-3.6263396325343162,0.1771912554440824,-24.217161856338198,-3.9687189194070838,4.581991444919883
10.4312499,9.20067890812914,-3.5222818341832554,0.21590011663001207,-26.257485804880226,-4.863414996238715,4.104759036129811
10.4412499,9.308148274518315,-3.518879115992295,0.4103197645538427,-28.62119290637195,-4.32783750762348,3.383942406109203
10.4512499,9.542096370618701,-3.691175959983644,0.651068276250686,-30.157428517137177,-2.1403203457661086,2.73077796683767
10.4612499,9.509572636121078,-3.820779741722421,0.8930579989116915,-31.867290293120156,-0.610323084351527,1.8520950141925534
10.4712499,9.342157087206742,-3.9971059345142947,1.0130173376370442,-32.120603105693384,0.9246787425043548,0.29886816153408746
10.4812499,9.18986669612891,-4.127827315850978,0.9558192175606891,-30.573182904462033,2.5240517531882847,-1.6116202310329801
10.4912499,8.937611163078516,-4.276199616126056,0.892114518740104,-28.148964130403105,2.857079282934843,-2.9565701252442538
10.5012499,8.665094282408957,-4.50503404592864,0.8921193809008816,-25.22039098152732,2.6722130461709686,-3.4917536908301017
10.5112499,8.460289480541064,-4.649125914757586,0.7871978691220699,-21.364016147899928,2.7654568878056267,-3.4366821826760825
10.5212499,8.29095648196675,-4.59955761112024,0.6808233555986768,-17.206606748631547,2.3054854496683563,-2.994344078934708
10.5312499,8.31492904379749,-4.451594066693486,0.7307594654316037,-13.564134922214757,1.8129215665256657,-2.460451012083767
10.5412499,8.442617756315327,-4.286391493167594,0.842416804326949,-10.782649557503975,1.7076562370282942,-1.9195068920848026
10.5512499,8.453372646706812,-4.117527252273746,0.8084994829245596,-9.266323872877383,1.7712466320028901,-1.1732889302879261
10.5612499,8.60391169454548,-4.05079260631444,0.620557267355908,-7.732023150298165,2.6404225060369435,0.1971656032428986
10.5712499,8.586479546820833,-3.886790254846524,0.48289331384804485,-8.1959999794846,2.616345388008148,1.7890975812997938
10.5812499,8.477616408983893,-3.6666816089241117,0.3287265255978973,-11.43839403316149,2.1247551386790273,3.033843581304892
10.5912499,8.538270104906381,-3.549109797405221,0.19726790660708324,-16.831389654380676,2.1631134836199815,3.930045107428912
10.6012499,8.610087400969183,-3.5294639131400523,0.15926774941847258,-22.538649450938664,2.939396474878252,4.391527052175595
10.6112499,8.59872789712494,-3.5415855203933244,0.13583238819194896,-26.964359989805263,3.6732432201342045,4.6875344340341
10.6212499,8.616521772775275,-3.5558909848548983,0.11263699743737139,-30.77940651117342,3.5683807952192774,5.062930408169021
10.6312499,8.906203661009135,-3.8455781413040473,0.1636600210012837,-31.92114039032089,4.492291737953973,4.717811642763082
10.6412499,8.9793945427993,-4.28940860087982,0.30536603779495186,-29.890402703482913,5.072496893582656,5.192864586552604
10.6512499,8.99523521040228,-4.56959682169296,0.3956236040464678,-26.33830270998933,5.67886930727868,6.455249954950775
10.6612499,9.311195405738102,-4.719476863643408,0.4640147745723393,-20.91451307907224,8.424736062862129,7.454762431692263
10.6712499,9.254775026362347,-4.8062550641810855,0.5331831795174767,-14.463295240712691,9.738764399906392,8.456003889467409
10.6812499,8.994205113652473,-4.757188681479461,0.41580033445230574,-9.235809475111017,9.126884387683337,9.317095041986734
10.6912499,9.072663263658095,-4.628328078500308,0.21865824134596468,-5.112344895648371,9.306447300496687,9.625731747147416
10.7012499,9.171049337795337,-4.467276999928704,0.16829750796452872,-2.5217744916759384,10.061787870141274,9.584026262837558
10.7112499,9.040294992165409,-4.375496176906173,0.2019914150802561,-2.240632671593262,10.399287455169906,9.493872727327537
10.7212499,8.850700898693727,-4.3070864720381445,0.15150642666322606,-4.202207084308162,10.474502620205762,9.303168554847993
10.7312499,8.754324206235127,-4.24138769013179,0.04931007158069684,-7.812235979911506,10.9090568099034,9.001475941964964
10.7412499,8.638502479389246,-4.171211473884272,-0.043431281232365275,-12.699926400265399,11.170422135349925,8.400539023536972
10.7512499,8.504176131377976,-4.171318516379765,-0.11119409673332567,-17.689286161016316,10.884968363565786,7.749614085560486
10.7612499,8.455850680931563,-4.350178950877277,-0.07911339144621612,-21.664412274990397,10.732184433404312,7.436404858721041
10.7712499,8.447613219285557,-4.5438966292725596,0.05418995754698068,-24.506587376753433,10.754169035079583,7.642219562120511
10.7812499,8.487730874540377,-4.643259726405333,0.17410008830863855,-26.418107645124174,11.094434677058825,8.111244924820095
10.7912499,8.54815116950957,-4.69898149186929,0.20792482046424005,-27.56170443920753,12.148514084395524,8.894132887863725
10.8012499,8.435041939399323,-4.710719532869232,0.24346702274194007,-28.849493653337127,12.702862375811772,10.056195007465652
10.8112499,8.248928377864031,-4.773670754934494,0.19646415256348024,-30.050629743910335,13.000390858085245,11.323076667327134
10.8212499,8.16340049542522,-4.80110826105626,0.057207610516197466,-31.025492343563865,13.302158396947023,12.842408450116547
10.8312499,8.129852846842716,-4.830937033126175,-0.02538340401952741,-31.444961582112192,13.577959953777192,14.156465306474223
10.8412499,8.002529290264942,-4.925931302528786,-0.02486860936446136,-31.475315047247616,13.573246212068867,16.046946654263113
10.8512499,7.844426874570926,-5.040208521821998,0.025986685887604964,-31.530313421611627,13.308524663460384,18.782937256900357
10.8612499,7.799149591732288,-5.222025915571028,0.014113919531264285,-31.189175349066815,13.501388268176367,20.95151942387121
10.8712499,7.749513767807172,-5.290615854218268,-0.11031042923696685,-31.359815934761116,14.10635766812414,22.904482416148856
10.8812499,7.721065712474816,-5.314746422099786,-0.23902733967762613,-32.22252390507614,14.84898083503444,24.67275422925194
10.8912499,7.688450987204063,-5.358723926400126,-0.31855158947832607,-33.56658829650588,15.822335938356199,26.248809308691946
10.9012499,7.538535128608329,-5.313276848865434,-0.4135631572564757,-36.4187163011232,16.995839240693883,27.768074561654878
10.9112499,7.333325088369734,-5.249890631704909,-0.5720615504652601,-40.71347194133078,18.208269258029063,29.48391038692428
10.9212499,7.165881374772431,-5.241340284532061,-0.7723775481033808,-45.766342789021884,20.01838350487771,31.345682764348208
10.9312499,6.957226450868277,-5.192659277049387,-0.9397309903473127,-51.819491462097,22.516544504786676,33.01145406060956
10.9412499,6.716612518527606,-5.12936490649841,-1.101969337019432,-58.244950741620755,25.485919182798735,34.79382313125739
10.9512499,6.49521885048952,-5.136107094462442,-1.2599010314810284,-64.15548416678133,28.946161055153706,36.9723178497947
10.9612499,6.192936286782273,-5.176896867581299,-1.353252355075035,-69.198932096992,32.80499412174927,40.17590055734775
10.9712499,5.854749443272145,-5.321975437199931,-1.3339437825388991,-73.36764469557559,37.10872266248795,44.471337132939134
10.9812499,5.542578338388843,-5.582733350627525,-1.2334235115198144,-76.14159931003942,42.00052168411535,49.721024275595745
10.9912499,5.168898016872616,-5.707356196155122,-1.1954209266726197,-77.29747929009126,47.3942249536582,55.8165934780936
11.0012499,4.722211112255309,-5.632778639142922,-1.1195429904722498,-77.01761004570207,53.266299226340564,63.42097041658877
11.0112499,4.302012907569886,-5.514674801482037,-0.9439337928235078,-75.30274529489208,59.51099542460939,72.09252480616257
11.0212499,3.8099269013880406,-5.354967891155248,-0.840127884959206,-72.52255715997906,65.29129720874504,80.54855588966927
11.0312499,3.1954048490151163,-5.070048337080474,-0.8545429980315448,-69.58980296414737,71.04713350924068,89.71359594351753
11.0412499,2.627464026467529,-4.663168951899091,-0.8997730192023035,-66.98686895148298,77.06412995621464,100.09994599610874
11.0512499,2.126586945091649,-4.191287723283362,-0.9319800608756874,-64.90099550262953,82.96981045522489,111.06790727052251
11.0612499,1.7027136827923135,-3.7293867099570415,-0.9575990850482833,-63.01368413055443,88.63851531291702,122.23496774905864
11.0712499,1.3913961840524698,-3.289056480137883,-0.9254081005899935,-61.51157821756893,94.85049418665447,133.75233007932107
11.0812499,1.1443288886102527,-2.83075309588525,-0.8319840773367544,-60.518663520977825,101.46437653760029,145.45526298831766
11.0912499,1.0677389269668371,-2.4565832053388705,-0.7177697617341126,-59.20362884779385,108.44231079784296,157.32751863082524
11.1012499,1.1986579163439417,-2.2961471705883802,-0.507582989302177,-56.82313895086927,116.10441767926343,169.8600062256
11.1112499,1.329520040272451,-2.3008099919842113,-0.23956546871234138,-53.347107281898275,123.80741592379769,183.84152866446516
11.1212499,1.3359319250327353,-2.4513010637191437,0.06410453688058025,-48.5559994253703,132.32033310789637,199.92970883351322
11.1312499,1.2373471943688918,-2.6099698121415416,0.4842863069320016,-43.710787553780264,141.47590707016678,217.61504433678007
11.1412499,1.1491151087503593,-2.765144148924868,0.9277829976638573,-38.51539731147314,150.98489074088076,235.8338124032913
11.1512499,1.0480728923173421,-2.8998305754319658,1.2407533903535128,-32.339661010402715,161.14258049232072,253.5842908791772
11.1612499,0.7763620696472007,-3.0309172667286655,1.4982735812631982,-25.501638866688392,170.28389331407908,269.96403937094993
11.1712499,0.3921359921861378,-3.2937184894485854,1.803434784344979,-17.78394296644737,177.9452468143347,284.9786825814778
11.1812499,0.027467517210978683,-3.685005837925294,2.18763408590546,-9.524108784863358,185.65972016580358,298.83545416338114
11.1912499,-0.4291173317643134,-4.295498103739056,2.713349001623424,-1.6072863152201022,192.66696542778737,312.03815041782656
11.2012499,-1.0128019580179368,-5.062497557929997,3.4746610296563736,5.560785378500505,198.11653839306962,324.3742255352735
11.2112499,-1.6435237769482258,-5.7357623844782095,4.435777875601994,12.884625841108276,201.98360264309568,335.28440893758307
11.2212499,-2.1061670034557083,-6.638980967696192,5.516473232407522,21.041108663962977,203.8955237749944,345.57100871447034
11.2312499,-2.3481776769500167,-8.005646753164365,6.618437390416842,28.652139967510816,204.40608685665595,354.94073598164647
11.2412499,-2.6508416021619583,-9.379581349397773,7.323278903730026,37.289639883742545,203.95790196860617,364.2178125520145
11.2512499,-3.123306562727542,-10.592740907678952,8.16018334022236,46.57922551839173,200.80947852841973,372.59950828795775
11.2612499,-3.701263635172299,-12.561474518629552,10.277405510801268,56.613913177871524,194.55037918531536,379.6547435894184
11.2712499,-4.40685813725285,-14.83547627473833,12.979106142465678,67.99298803084805,184.75648490319122,383.5921056738798
11.2812499,-4.610343432147035,-16.791451890245686,15.444170372244008,84.18611217771681,171.6948930906527,379.75084360993094
11.2912499,-4.096070235686032,-19.3287289387345,18.57253187187356,106.74057020169775,152.0429930181564,366.83331984796615
11.3012499,-2.8197097612136655,-22.155062737811402,21.666831386270676,129.22214511037768,125.04641668886669,346.64963843630346
11.3112499,-0.6044563078363403,-24.09880628697841,22.673338229527676,146.384809980491,93.2691429762431,321.6605418461669
11.3212499,1.5010535091851132,-24.570946704477876,23.318439379462806,151.1890245071548,52.490156683993135,291.7948437895454
11.3312499,2.6957242251083477,-23.804821844786794,25.757096886866705,141.361988592827,-0.6950404179377441,249.6088928997287
11.3412499,3.799478743632443,-23.433444478573627,29.711387503678605,123.96688608625713,-68.46869811286324,190.77036969068268
11.3512499,6.092317604154371,-24.448227500383805,34.40723135880264,104.17749702159526,-148.5614491678239,123.1537319241163
11.3612499,7.998463231074323,-26.09190647960661,38.86011935735724,77.54344485004178,-234.04548067790498,56.40586944564826
11.3712499,7.789246666967384,-28.8717151592401,41.64306377076138,49.44783809757211,-317.72388457972767,-10.0648146360056
11.3812499,6.392332210061063,-32.081170354606165,42.99506934380025,28.110491553218694,-398.63093065386494,-83.212288179746
11.3912499,3.3721149556525734,-35.13681820132603,44.37610570570162,19.46742333197022,-471.6534146498193,-170.40363061865384
11.4012499,-1.8951220637481498,-39.37750604765852,45.269210922856956,31.140101973239684,-502.1603243678517,-269.67903397119534
11.4112499,-7.911275173396244,-45.140815788969796,44.3130360652993,61.477430240260695,-499.7853102852974,-363.2508262972764
11.4212499,-15.608405730003652,-51.33307795012177,39.742423338733865,114.64979879445994,-499.72253928843065,-444.16730964387506
11.4312499,-24.77905585860357,-52.941219020069376,31.963775058815052,166.73318238724912,-500.1150172924544,-494.11325712714734
11.4412499,-32.85152380611703,-48.075516930603044,23.094619042366784,174.5169706488937,-500.09651230288995,-501.2317225629417
11.4512499,-39.21526580863911,-40.21391009335765,12.223119982188445,140.78707472333105,-500.1317339210175,-499.52150887763133
11.4612499,-40.44920303072166,-28.11615100761891,0.26111445638123826,69.13142389203877,-498.57345458671483,-499.1442233014656
11.4712499,-38.93702188737666,-12.237704017077132,-5.567130946929221,-43.64896010311307,-504.3751704889871,-486.34432823734437
11.4812499,-42.73838809263627,-5.315957642042313,-9.051349305267598,-117.01240107942414,-479.43143407628537,-434.0467006144218
11.4912499,-42.75293960039531,-6.713114908411563,-17.182159736405143,-110.73831566134527,-384.58301774792625,-324.8351024316712
11.5012499,-33.52416493227891,-1.2733230846944597,-20.821215318317297,-70.8085110538669,-290.5372965296877,-208.42613870374294
11.5112499,-25.808934434292098,8.35844245245933,-18.448444224719974,-34.1843596743689,-221.88035225736854,-130.1077829211942
11.5212499,-22.62467276315148,11.893000646961406,-14.992503338938048,-13.78846063121257,-164.9686345515777,-68.69890450015471
11.5312499,-21.613345594302416,10.812951167154798,-10.903401637911582,-28.194401083272176,-119.42858597382842,-1.9253578328503997
11.5412499,-21.772961563196155,8.14343788107694,-6.039309891518194,-64.88825812088442,-81.87035245012288,49.10208775075005
11.5512499,-21.25984360421609,4.2050794943447,-1.6453053382326808,-90.15077516953598,-58.2531905703647,68.78670058413158
11.5612499,-18.188101457414273,0.13408848446730318,1.3326529917445469,-103.77833276134001,-49.875799910816355,70.65343139103362
11.5712499,-12.97482707749293,-2.7006837047593275,2.472972578648308,-117.00090713644623,-45.399606692153924,70.53010098356506
11.5812499,-7.2369738495676685,-3.7280221225849797,1.5356757973476027,-132.45583013476076,-37.59317603066561,69.72148232010561
11.5912499,-1.7579402651046132,-3.7712373998460067,0.07788634687798277,-146.72194951533191,-28.60832623804714,63.9055794724938
11.6012499,3.1858374550039272,-4.201648383955454,0.03432556814103344,-151.05603698480536,-19.787874498845042,52.825996635269064
11.6112499,7.027800417180034,-5.721582349160857,1.0228987113600512,-139.7547190839632,-9.047376343162526,40.04497424893553
11.6212499,9.510883091895778,-7.707218058272587,1.8222884184858388,-117.1518860715297,3.689429308376979,28.97708869621682
11.6312499,11.109300122328978,-9.84534087641617,2.391840234123903,-79.71374278087252,17.301618375203454,18.210401243098612
11.6412499,12.259093442006922,-11.324283062114832,3.3338674380083195,-36.19289437629208,29.164854454388582,6.5927889367978345
11.6512499,12.574858972189718,-11.46428545909467,4.381969984608999,-3.4245842535640287,36.56280752323579,-5.560265274724205
11.6612499,12.09877010720694,-11.237737328831129,5.011276442968398,23.178663459544012,41.12140782323654,-18.48892990423754
11.6712499,11.414847811909954,-10.814662678259939,5.100426687264957,43.30566029670929,43.619917592542045,-30.485744319911568
11.6812499,11.049166721374789,-9.915050266758119,4.768256332554955,55.81227381023778,42.836210666106425,-40.3302421433486
11.6912499,10.889495961963789,-8.886330880076992,4.351674390167398,62.22803235064254,37.83352515581005,-48.188563038695875
11.7012499,10.676511437842906,-7.767528590889142,3.8145985752196925,62.5067152378648,29.508567336324766,-53.95640534717939
11.7112499,10.48487728154305,-6.479242457952237,2.9783012971108263,55.83596599081156,18.802231979409328,-57.664811998691256
11.7212499,10.338406658725262,-5.417354111361292,2.2969040579590705,43.3671854674964,6.909980192733097,-60.06802846767776
11.7312499,10.078447458061554,-4.81346654569321,2.1039915996625798,26.65760435860792,-4.21684585841783,-61.949484423167775
11.7412499,9.715040844851874,-4.363471563138492,1.8862656197584455,7.875646008276943,-12.23182775582627,-63.96432791712202
11.7512499,9.37689708906835,-3.936909328918983,1.7204159443234404,-11.424980507537168,-17.52485456402743,-66.19405561393019
11.7612499,9.138680349762403,-3.7158560722145033,1.9275356465504834,-30.218357448484465,-20.512234809618306,-68.86628870623763
11.7712499,8.966359469985408,-3.6026340569162167,1.9202732226895993,-45.95033055356483,-21.07538449153309,-71.85526449571267
11.7812499,8.901634285138538,-3.653843942893809,1.7697812179906212,-56.89179406085913,-20.792796218576303,-74.01640497399063
11.7912499,9.053104071101725,-4.105515865413332,1.867885825260509,-61.71899161580312,-20.861732358816653,-74.0224533774342
11.8012499,9.110696358693945,-4.616477512751756,1.873308431070373,-60.09835582410397,-22.086263083507966,-71.45793481486798
11.8112499,8.899516781524065,-4.772831894306065,1.6484774422266577,-53.24908609139599,-24.49084991515746,-67.3237172740524
11.8212499,8.563664321981884,-4.692279616358657,1.4973554169060708,-43.03585712299261,-27.583468750745578,-62.560652157616836
11.8312499,8.13670249290388,-4.532619784225728,1.4016356498877167,-31.695455359820908,-30.792495219081,-57.197883071790635
11.8412499,7.900245985639219,-4.165623088088823,0.9641291047625694,-19.825481155366017,-32.5898859167889,-50.87627777443303
11.8512499,7.53393190760663,-3.280342894111322,0.467553299475029,-14.800342752540105,-35.04423937558438,-46.1882722979168
11.8612499,7.35739775948796,-2.6541050958745998,0.43045043154091184,-14.819424050140611,-36.365063066965675,-43.0810534436855
11.8712499,7.878742220179764,-2.3374164508395276,0.5203105585732595,-17.662368987031922,-32.42790737184636,-41.128934759532676
11.8812499,7.824442758327262,-1.6626167879713096,0.40841857145779914,-25.122980197768346,-31.344478737505995,-40.51599833212532
11.8912499,7.954863268405211,-1.7658897927362844,0.3019272010171696,-29.666622411751362,-30.20423316615217,-39.77698478639046
11.9012499,8.277066941403952,-2.2576886307510073,0.17744043536204498,-31.554405400603997,-26.931764695433337,-37.35219784401359
11.9112499,8.109104110508445,-2.6191935506846726,-0.10736707131308933,-32.05539795324153,-24.972838619240065,-32.964364037364604
11.9212499,7.938839920389325,-2.9208314740083408,-0.24974172501380185,-31.63652169797989,-23.70143400886861,-27.483686401616282
11.9312499,7.924000076091875,-2.8953044954108162,-0.3711004658559341,-31.283698259854983,-22.040372284834202,-22.02983836310429
11.9412499,7.882739676252688,-2.699200602311289,-0.5480453588716349,-31.573898188997006,-20.6019561895126,-17.51095764688947
11.9512499,7.883866284821972,-2.612943736647091,-0.5863095376246744,-33.462398103630946,-19.08123686795838,-13.690631240509784
11.9612499,7.96354059981422,-2.4781115223061523,-0.6317995923787294,-37.333038765580355,-17.338678693536412,-10.729578646106521
11.9712499,8.041830423085731,-2.398473997956309,-0.7628383399812061,-41.71059418762499,-16.083774225000678,-8.7224791893585
11.9812499,8.197731720966104,-2.564812008472461,-0.7783769667968989,-45.311360497773926,-15.205431162658133,-7.0396162433877585
11.9912499,8.489852605061618,-2.8485670347036782,-0.6025928059091704,-47.4545677921161,-13.936475088762286,-5.1342225514034086
12.0012499,8.77449454757928,-3.1804556087455467,-0.4384469738392726,-47.56496492970376,-12.474317772681118,-2.766376727533175
12.0112499,8.852557912140266,-3.513743905288061,-0.3841077449027154,-45.636099780011264,-11.240574305075041,-0.48050336430589796
12.0212499,8.819891897445018,-3.666645347678965,-0.32647233701263517,-42.679440296101085,-10.055633484272715,1.6945146112594307
12.0312499,8.88273980434966,-3.5905416315885788,-0.28043655348734764,-39.9013957852153,-8.56451446043021,3.108342901879843
12.0412499,8.9804653794768,-3.5295655373704955,-0.2820801712358236,-36.77961134046864,-7.084399186854879,3.1856208387650518
12.0512499,9.224581674252613,-3.736504464196462,-0.224978092232538,-31.775088748299517,-5.4816353595403005,3.2215872510953254
12.0612499,9.687054967420632,-3.9918072810022527,-0.04831538156791297,-26.24713906450145,-3.213988699697583,3.710954376191426
12.0712499,9.999933132320088,-4.107426203767597,0.24111187125594694,-20.814366270020383,-0.0718001258860356,3.9800832669868935
12.0812499,9.948089773692445,-4.1398475994046455,0.5083677572165549,-15.68726650231959,3.0797677098668057,3.795935420038348
12.0912499,9.70511125408561,-4.1302393097977435,0.576718034984103,-11.480566468144216,6.045621828404944,3.0280436688512884
12.1012499,9.381898789588083,-4.1285895628062175,0.39756986728027605,-8.108941190964655,8.365150967670456,1.963980437084423
12.1112499,9.016042566365627,-4.0883286272956685,0.10624292067152281,-5.933937028376981,8.878888358593414,1.1294339085568226
12.1212499,8.821591473535225,-3.8784134051160883,-0.07500530895513031,-5.6516437073849515,8.265912294680978,0.40205436547515805
12.1312499,8.892025293220406,-3.6325978476396816,-0.0075072679352849205,-7.731645172570728,8.020194269431322,-0.5587966562992475
12.1412499,8.956399971025288,-3.5824402771324677,0.191957137965583,-11.245359766448733,8.119360576621643,-1.436000444131798
12.1512499,8.922196427541065,-3.682032967095269,0.2767976890564775,-15.12678484010045,8.633420593993037,-1.802426314084334
12.1612499,8.923469738814008,-3.7587365440190577,0.21398694847112454,-18.880904819699357,9.751018387026974,-1.769156411574258
12.1712499,8.549266304353925,-3.55123207074507,0.13149521752527132,-24.100251332349902,8.538777267555625,-0.2710580680286845
12.1812499,8.747241381014872,-3.6023565524980885,0.01586245159181255,-28.061760664104067,8.56314027394371,0.11365249794094415
12.1912499,9.227251668588652,-3.911992799086703,0.03868503024845573,-28.173536919800487,10.50114155113272,-0.8209558801566587
12.2012499,8.601054111566617,-3.768212387728013,0.07015631280333416,-29.15024752660081,7.720262010566811,0.012624451464154623
12.2112499,8.72277746941714,-4.024482998872214,-0.01307566662713448,-26.952338479313593,6.718971374295326,1.0860825592468473
12.2212499,8.809841349876718,-4.171134565722184,0.013381098527966278,-24.047252572855587,5.631377064233298,2.0684357529303865
12.2312499,8.76513466637567,-4.293391891001577,0.05288868992140399,-20.83145095725167,4.292786762242531,3.179270104180872
12.2412499,8.961016837818791,-4.492596810824333,0.1668972805383696,-16.511594402629875,4.198112738332967,4.096269815566623
12.2512499,9.040533889944818,-4.551276455647535,0.3206511026167483,-11.575697704615962,3.9507256089496985,4.6597872811107175
12.2612499,9.183174792736486,-4.582160451303701,0.38056298577057235,-5.965151017350303,4.504106936436917,4.6927759740820285
12.2712499,9.331481216277483,-4.42359774589049,0.38367938906771626,-2.46611274883884,6.437634558498273,4.377797209089087
12.2812499,9.249487675459585,-4.2450525784538415,0.35206590005423144,-0.8746269223442609,7.565818843167459,4.071012758916795
12.2912499,9.103883923477294,-4.11306851533435,0.24575753787983534,-0.58160702320866,7.9837536107784315,4.116746814370038
12.3012499,8.942519005061595,-3.932464869052099,0.032341486307068096,-2.212245154368274,7.550317032042722,4.390823728250069
12.3112499,8.81280050573321,-3.7126980880743856,-0.10294894606230638,-6.143664123576793,6.0081539185039246,4.539362098381783
12.3212499,8.930383491470456,-3.7020819147696673,0.01774685109916606,-10.28487996505608,5.93877839451153,4.394230527679995
12.3312499,8.921622057122864,-3.862487891685014,0.20215126133324288,-13.748597269727629,6.615984697735544,3.9097685893936136
12.3412499,8.688621516808388,-4.069362340408047,0.24858599096098608,-15.838845751901719,6.773516390895009,3.7741925474518814
12.3512499,8.624187360516185,-4.2976106159905,0.2631454419986801,-15.663010564025647,6.857666708023981,3.8145869152686656
12.3612499,8.605894154920415,-4.495890215511015,0.33506375065124855,-13.85336367222555,6.005934433780649,3.993968411343764
12.3712499,8.629190631553511,-4.642822287556296,0.44690802379336203,-10.937268715084542,5.1765302950285985,4.523999748262942
12.3812499,8.701484242760133,-4.628335856606273,0.5338889858173305,-7.760305539222339,4.806222073399481,5.042760819982699
12.3912499,8.795766275641789,-4.579502013209655,0.5160676779454161,-4.508423346147404,5.064185523754369,5.5221653938012825
12.4012499,8.747036115460297,-4.43617667516713,0.38991462172242525,-2.8252419353502143,4.9923266914478495,5.988739115098928
12.4112499,8.638195043100962,-4.238540172671743,0.2202909006069598,-2.8655971095181156,4.693901390030461,6.2509289364637555
12.4212499,8.605309632432382,-4.100437994448533,0.06829077089885015,-4.245136155579826,4.688087634132084,6.499236390771264
12.4312499,8.574137436950561,-4.016250905473942,0.003378971979294379,-7.002002525754859,4.231707362763248,6.806133196060396
12.4412499,8.646036056165562,-4.072210728102186,0.027455359928531292,-9.732492105509223,3.949649964010962,7.071025813558879
12.4512499,8.752456837592417,-4.171785657480307,0.04226072195739993,-11.634018126708694,4.10774326031563,7.325588758151519
12.4612499,8.750238362009377,-4.262121237585812,0.08032269272571756,-13.052457904579311,4.313671260954612,8.017688194736328
12.4712499,8.732146201852707,-4.401755014684453,0.17123267746516604,-13.717724083412175,4.519360321253124,9.013091995295067
12.4812499,8.724307716432389,-4.507080721373899,0.18318934142583948,-13.514787653899827,4.921932223492052,9.876485423374108
12.4912499,8.62999288269916,-4.564346784044374,0.08066761776946596,-12.741055433358735,4.981027210706179,11.51117710009029
12.5012499,8.538753279693212,-4.696225815588862,-0.03866166791265965,-11.303266247201174,4.7421856602248855,13.309273497660964
12.5112499,8.463642599100915,-4.768619631977451,-0.14231269747157868,-10.379064806564804,4.477647114969585,14.775707984337478
12.5212499,8.379485385050023,-4.757215542834933,-0.23868255934121688,-10.379581265856858,4.289683031562388,16.18279634698112
12.5312499,8.294674948055503,-4.799908167474421,-0.39802667804651626,-11.40584373298587,4.217170575663694,17.33140377672727
12.5412499,8.18260986628054,-4.872322649423785,-0.5980746985268736,-13.864701620291228,4.456134518466492,18.407935855778614
12.5512499,8.003820941854686,-4.927643139610815,-0.8001887458750196,-17.499090726806696,4.799780069034512,19.654679023743228
12.5612499,7.837832118630548,-4.993901081536377,-1.0172941428269486,-22.19528177803213,5.675086210231381,20.98181253956526
12.5712499,7.753474637382746,-5.1145237508488295,-1.2598395921098307,-27.37201736762586,7.024788201949002,22.226572812247216
12.5812499,7.6557112124154685,-5.253716363329976,-1.5234843452878568,-33.22770939547962,8.61347007259826,23.507896490327003
12.5912499,7.463104517802824,-5.4252478609338235,-1.7137435520239648,-39.82453324932063,10.699803687978703,25.175076941677602
12.6012499,7.183732947201054,-5.574693838428863,-1.8737140603880966,-46.89392078683447,13.563945228422067,26.907545013743167
12.6112499,6.876722132677159,-5.629697476615751,-2.0729756477908174,-54.08015816399106,16.943721599770857,28.62114633303766
12.6212499,6.5804064583272,-5.680085658729682,-2.236956351479737,-60.36948549699197,20.70633102158809,30.72890571329635
12.6312499,6.27438908692957,-5.805381084974411,-2.348785936894168,-65.35397060551756,24.826224140340397,33.384791202376434
12.6412499,5.950437966259784,-5.899395110058695,-2.451872996258981,-69.05737829892543,29.89882121147457,37.07411529018355
12.6512499,5.58167340503112,-5.802928301045427,-2.529419161222293,-71.94218509305908,35.56984033873908,41.85076653934728
12.6612499,5.276529807517709,-5.4818354893506545,-2.5848389594410075,-75.44917401852919,41.584087815087734,47.36056482704252
12.6712499,5.05863985422074,-5.149231239969185,-2.674944700538694,-79.38380453771093,50.066949151621046,54.75607991372714
12.6812499,4.705385375150856,-4.789971481017664,-2.6886851091361654,-84.22074745457265,59.8025150165488,63.55178311583121
12.6912499,4.382471588694396,-4.592846197393751,-2.5086799101473964,-88.70833890848284,69.33557346835711,72.37532421158564
12.7012499,4.035947109354527,-4.510763949494466,-2.243069618296495,-93.30171811438213,79.29070496603865,82.32950566681744
12.7112499,3.615703678830822,-4.499904948634725,-2.0051420889394644,-96.51204372300748,89.51226173428327,93.31211883421213
12.7212499,3.157409650950275,-4.633187630577751,-1.7021786599898228,-96.805237360512,99.34112918427176,104.91644078893957
12.7312499,2.623206634113733,-4.738181929359357,-1.2980147877435162,-94.30423936161603,108.03351082087154,116.88097577761236
12.7412499,2.1437329232370983,-4.748395342844019,-0.9198962380783509,-88.91207230717279,115.64894830348,128.67264823831727
12.7512499,1.7527364607212488,-4.68766254822452,-0.6175016299057842,-81.19361477662746,122.50311010477932,140.36908879576333
12.7612499,1.4199899946941368,-4.475290030338958,-0.41813754735178205,-72.51959873046411,128.73169097113572,152.0722950838293
12.7712499,1.1678278828524515,-4.0909584447508305,-0.2701814934973092,-64.17974520483155,134.3571626109516,163.8131784622254
12.7812499,0.993685716573337,-3.6517520239186494,-0.11550503337843877,-57.06297881595186,139.87407402942566,175.95475091690773
12.7912499,0.8254070758254772,-3.208859953319261,0.06442018991512351,-51.54865296930557,145.64949871486036,188.44127041300678
12.8012499,0.6573251486405182,-2.801844545590231,0.2552118005826686,-47.6710609690232,151.5815656364451,201.3660943895704
12.8112499,0.4740041203475819,-2.4343097269038005,0.41642884993175694,-45.35644603337905,157.87397557061385,214.48760902361073
12.8212499,0.19793462036848555,-2.3539934144784227,0.7717517404589923,-43.87098046465264,163.7945745731375,228.06239160916476
12.8312499,-0.177002360622852,-2.7057074267874377,1.334231880140418,-42.76333530786134,169.40578025206503,242.5506964154754
12.8412499,-0.6600730208585667,-3.060494958486207,1.6173847378531103,-41.93605154587271,174.7946916265277,257.4469439507157
12.8512499,-1.1803594823680938,-3.2204737003799595,1.6568332087498454,-40.74449521379113,178.68970539516712,272.33126550575736
12.8612499,-1.6468743102684378,-3.4126590927751645,1.8130627046015264,-39.49810589903318,180.59427580280766,287.2925847691822
12.8712499,-2.1705640591303355,-3.679160738337563,2.0013211619889346,-39.27802976164628,181.29703342214282,303.56631633197776
12.8812499,-2.6195448605042233,-4.041720238687601,2.3635993831108304,-40.909857620267175,181.73505451381146,324.185016400816
12.8912499,-2.802211053042119,-4.585668116922243,3.2094238563030517,-44.069915099331226,181.56126848092524,344.5524277240429
12.9012499,-3.0535804360818535,-5.22576752628068,4.197070701442525,-48.837607163532816,180.63396856653117,361.58356157535735
12.9112499,-3.60212910113497,-6.148833075246029,5.131963521880156,-54.828430431515805,178.37771181842126,377.1551333290627
12.9212499,-4.362896163870271,-7.46680417260562,6.2559079573420195,-61.596395426964875,172.9946466303098,390.53468008188116
12.9312499,-5.204925538355795,-9.150987773919137,7.539717728502053,-65.41976453550978,162.95442126856253,401.05306742348114
12.9412499,-5.835010589202998,-11.575488043115968,9.284618964132013,-61.29025352253486,149.0190041632269,409.34248102936266
12.9512499,-5.896665983661116,-15.356417742465018,12.296434512759905,-41.2681381388859,132.3448109020212,414.6873427907413
12.9612499,-5.5964246997512035,-20.61362449181645,16.678787667461563,0.4621564302217429,111.5546881974801,415.7963253208765
12.9712499,-5.147449480309859,-25.80419833728136,20.701262801185703,62.07480175369821,87.56865556460106,410.90972554473325
12.9812499,-4.231174214080759,-28.990893710873856,22.826025663426204,134.5583033102398,59.50639986701931,396.4069673232339
12.9912499,-2.904145182177578,-30.161468038559526,24.334219725057274,194.9324923107013,22.473959743424224,373.10987522969594
13.0012499,-1.6909334758948367,-29.102329242465355,25.509047147532982,221.82898745049144,-22.44320696819166,343.8070292074761
13.0112499,-0.6810648502801226,-25.967437379637094,26.325378937176595,211.21110230017229,-75.83060718880064,303.0100557001969
13.0212499,1.547172823135442,-22.72269612110769,28.333788365581313,171.41779166162007,-137.9603252882312,244.64731372894047
13.0312499,5.52793437028413,-21.602884467561015,31.9627106847281,116.2916543459548,-205.83800278585335,171.85708403007615
13.0412499,9.152438929985365,-25.081304755739133,37.27374520988769,68.48226923987076,-279.52299065925797,91.00031704068462
13.0512499,10.34737219591125,-32.82609243971134,42.797180818705264,51.64913609673903,-355.14573633765485,5.380612772113214
13.0612499,8.130070180035098,-41.789506757213154,45.14571787085815,69.79368574006122,-432.6044533627561,-86.30733022529805
13.0712499,3.3591727996701497,-48.74182177132741,44.435844613938656,118.0071324923613,-491.46936747479896,-188.2424458102335
13.0812499,-2.7105624759188047,-50.9456650401489,42.32677145587979,171.04018128627146,-502.3370141710167,-297.2377557078908
13.0912499,-10.160395816250984,-50.657078001402006,38.27900280019766,203.11926832369585,-499.0521817044879,-403.8379609574768
13.1012499,-17.373969308583955,-50.065596461750324,33.60826961937028,211.4739290568155,-500.2302106530138,-477.30675013562626
13.1112499,-24.967354536050888,-47.00752784254501,28.00539503299262,189.15365928136845,-499.9464117503104,-500.5473937160239
13.1212499,-33.37251164804202,-42.94330145039902,20.46829620188474,138.322376464503,-500.0213026614294,-499.9840542179714
13.1312499,-41.60047072742899,-39.841177481628506,11.411227722787597,76.35998612353369,-500.4250470138649,-500.1218698287637
13.1412499,-43.51183001677276,-32.45026616944181,-0.1818679806426435,16.32178050861954,-498.15497146639376,-498.8941275123386
13.1512499,-36.711276165035954,-16.399762261156308,-6.091544742304523,-76.77504483915527,-504.2865727074302,-502.6440452195263
13.1612499,-36.53416702404479,-6.670480088517394,-5.082871146807952,-150.28049793343982,-486.5032995402161,-487.2615939064318
13.1712499,-42.75183976482275,-9.75502343347242,-11.536474276123233,-124.11297895660769,-385.4654605291573,-390.81093747197446
13.1812499,-38.62953586022219,-6.214654191837604,-19.616380871872558,-56.24618651025487,-279.292814708909,-255.39344331671055
13.1912499,-29.02065973662318,7.64907437714087,-18.905558116821744,-11.724616591929525,-205.54638458792112,-159.1901409165491
13.2012499,-23.194775133906443,15.322055133158562,-14.471523867922548,0.35429796981504086,-129.52521298985297,-91.13577386860158
13.2112499,-20.825325718082436,13.63150424638162,-11.029614690695945,-19.140811436324952,-58.511042851860864,-10.322458851123754
13.2212499,-20.463678879505995,11.323739558968539,-7.047875629980396,-60.77151712006867,-8.477500736106602,61.80017759627852
13.2312499,-20.703939989256988,9.587186591915955,-0.15384352852575306,-98.42302278529225,14.3068585602193,89.94276397084302
13.2412499,-19.869760834041884,4.386898752960694,6.11429898279778,-121.25986653819565,15.536871115355527,89.81098718860576
13.2512499,-16.548759244224232,-2.4929537553444137,8.694835441583614,-127.87126261980487,7.879604129536918,84.71863775342705
13.2612499,-11.05846610179199,-6.41096883854628,8.174788889001277,-120.23780856852309,0.7275266480856776,77.4540902384717
13.2712499,-4.774727032548385,-7.219704830928251,6.300442972800317,-105.29459823469193,-4.466301195909643,67.06657861758995
13.2812499,1.2815919781159477,-6.674298751500697,4.4155827664447385,-89.79486688654906,-8.418679281510647,55.32780288749954
13.2912499,6.61670290677006,-6.185470265447823,3.0657302639640878,-74.70073439109632,-9.332936498715554,45.53828534970813
13.3012499,10.717703097450482,-6.596177791733009,2.397653612889895,-60.7892546883894,-5.8049476130889985,38.678581976150575
13.3112499,12.674099514689493,-7.316619864475934,2.276211569117584,-50.58476047589171,-0.8003981727787394,33.12481098205948
13.3212499,13.325210085351737,-8.03527168893685,2.69484980227752,-40.1959631234519,3.605531118222445,24.44749637128808
13.3312499,13.676481632298941,-8.563276187074024,3.1173261190720893,-30.702650823269494,8.08637971122544,10.773523847217255
13.3412499,13.802543843936881,-8.80253734052645,3.0623998793253837,-25.522926167261684,11.978853532794139,-4.477825919655663
13.3512499,13.754519923620801,-9.454407312583458,2.9863017526675457,-20.727941120989787,15.67954241360089,-17.519309503959693
13.3612499,13.487449766949364,-10.071266834734022,2.8651591428994667,-16.191356831248907,19.130261326097067,-27.269473474290347
13.3712499,12.991483106066159,-10.009866605594203,2.3573189696994175,-12.1758441488013,20.516745793999988,-34.58829024111063
13.3812499,12.526071464204481,-9.495536812861069,1.9891385561962955,-8.110732365581729,18.597114220414248,-41.683538257901354
13.3912499,12.216789936605355,-8.97053331567463,2.1239346741670753,-5.013612279561747,14.371656596905547,-49.203019226799256
13.4012499,11.761368584335852,-8.409091372186031,2.1291054991922147,-3.653578236029671,8.746174112248177,-56.10202929860199
13.4112499,11.102169433031571,-7.651538326351367,1.9698270580201513,-6.005531183253333,2.266612663434331,-61.85073255051879
13.4212499,10.51276519691492,-7.037668638180462,2.0376393521885316,-12.144265313489596,-3.5289523077536695,-66.51827701940609
13.4312499,10.10294681291659,-6.503261286729358,2.1918334610804058,-20.825976217520527,-8.082521947455623,-70.0658642003052
13.4412499,9.795418734343983,-5.927775063868295,2.2937026278333246,-31.01977867954685,-11.998338272088123,-72.61738971446991
13.4512499,9.492471727852445,-5.373288337015032,2.277789406898516,-41.91307708188392,-16.721704557677597,-74.23785918085653
13.4612499,9.201147205289699,-4.83364521289096,2.1132430754169933,-52.522610076629334,-22.01895394182924,-75.03023726825293
13.4712499,8.953584463548841,-4.288407580759353,1.9183471052095316,-62.00797647635301,-27.227580326615556,-75.12095684681846
13.4812499,8.779809888984099,-3.8131488975002656,1.6942083884989128,-70.46282730359151,-31.91168947618582,-74.62397171352504
13.4912499,8.582377079827927,-3.5622525564993177,1.3843882258842615,-76.67509965163156,-36.25653137694583,-73.44339446068165
13.5012499,8.427224345665591,-3.3954173326878805,1.1470188340005205,-80.0184457136504,-40.08070711110853,-71.1390553909906
13.5112499,8.407295790005096,-3.132027900891984,1.0468080924698666,-81.38130205218425,-42.45685332362834,-67.39334368579952
13.5212499,8.343532350567676,-2.973073747874888,1.189557289853466,-81.09946596236252,-43.01616749134279,-63.25893046415204
13.5312499,8.2686971631516,-2.8926626831650233,1.4452344154654218,-79.52778277504207,-41.74131120460518,-59.11094567994881
13.5412499,8.144618245500554,-2.923559204405529,1.6427587073885925,-76.61691870023826,-39.19164229382703,-54.581741992468054
13.5512499,7.914689462134351,-3.163297827246297,1.7734683783705656,-72.05888103103479,-36.139249786917084,-49.168280844579826
13.5612499,7.7415439545205045,-3.348156757091866,1.511811706237276,-65.51507633630538,-32.92228562324931,-43.1268025169472
13.5712499,7.569792660073987,-3.4573006238107875,1.0743596139198672,-56.79571734127604,-31.061146227303514,-37.11774055200241
13.5812499,7.338919870560136,-3.572234258913209,0.830076040494174,-46.86825778130794,-30.26630875273079,-31.458114580130566
13.5912499,7.086556623491838,-3.488168204916335,0.5318171491400271,-37.278448236136605,-29.135003157804967,-26.353983901681943
13.6012499,6.848251112202539,-3.261436010289596,0.2104783470423791,-29.038616414047322,-28.22255470493837,-22.08700790454313
13.6112499,6.871134441030667,-2.955054473924607,-0.011818000136760038,-23.46094916961663,-26.99742456664417,-18.487890615276545
13.6212499,7.083538936146324,-2.5388522010088046,-0.2725351897925241,-20.899826197843343,-24.869486122153276,-15.299701304234432
13.6312499,7.30018906237915,-2.2091262684039092,-0.4647707348683675,-20.997403264562106,-22.16609233505333,-12.10375738374544
13.6412499,7.557999375173259,-2.1574687259625427,-0.4875168031803729,-23.36603843753813,-18.92062477165484,-8.678765637941291
13.6512499,7.740220883133857,-2.2235068165159477,-0.5527471220915704,-26.84083491887077,-15.815869894293668,-4.996996728912
13.6612499,7.821722262816877,-2.1879910846639072,-0.6720514219996114,-31.008518667696144,-13.150562834167737,-1.0630373623841192
13.6712499,7.990297394400143,-2.229679071813893,-0.7078170592963416,-34.86301558105684,-11.112845206648892,2.634591640359915
13.6812499,8.211676296491008,-2.4224821048165017,-0.7482852643832565,-36.583720434402885,-9.799114094667248,5.634272620720262
13.6912499,8.360930814260072,-2.583851431226839,-0.7407176456184862,-35.971383152755116,-9.177925866762942,7.906062090115588
13.7012499,8.575834141645117,-2.785341051104079,-0.6149580006297652,-33.62155691267374,-8.803789299837485,9.900511787896006
13.7112499,8.976081503161463,-2.988549296655358,-0.5145955651963816,-30.430216149766704,-7.989818671319956,11.93765073878345
13.7212499,9.357384830407554,-3.0707377470629034,-0.3759339763568801,-26.827970195277217,-6.216414635846122,13.769530303871429
13.7312499,9.474430708247787,-3.1260889690749383,-0.1689964939100032,-23.88557341078259,-4.033251239426093,14.685243205537446
13.7412499,9.484768599374144,-3.1823335520601934,5.650267267767728e-05,-21.4797072829012,-1.8607133510677012,14.699510786472576
13.7512499,9.671168897674574,-3.2840120827765475,0.049093213172231934,-18.550272817243428,0.7349642152732597,13.69868634171215
13.7612499,9.820704280314244,-3.516881238186323,-0.005543463747674641,-15.048471507545361,2.945460743372735,12.488167116923481
13.7712499,9.658803135390865,-3.6348738387640323,-0.15577023913885854,-11.705115371397419,4.343902513539177,12.1657944528024
13.7812499,9.33337380394486,-3.663046295493837,-0.2456812682171478,-8.800870915548664,5.243535738420144,12.087376540406147
13.7912499,9.247732865651818,-3.8548427904361744,-0.10736820308409153,-5.903473467610292,6.061262695223321,11.882866411602155
13.8012499,9.386129989327316,-4.001514334607266,0.013697924853401036,-3.2275362954639544,7.102179305610292,11.47928035644359
13.8112499,9.35733879127541,-3.9305340702449,0.007725050763337632,-1.6868876325408106,8.088277470547421,10.721659213928945
13.8212499,9.14154172046478,-3.80339891591602,-0.05632977395386064,-1.5360096292730654,8.876160393017376,10.125076056492798
13.8312499,8.960873206736707,-3.717168344259746,-0.13778627023288384,-2.9443992214753383,9.058247420820273,9.87514344778467
13.8412499,8.963944548469401,-3.7644076754835907,-0.1505967315351024,-5.071286245805363,8.63908895940362,9.361292116914354
13.8512499,8.951152232053385,-3.8904028663270607,-0.1112197937674181,-7.112801455975209,7.75585809408845,8.468182831034524
13.8612499,8.743164707427233,-3.951160882588135,-0.1576103114169698,-8.705404077882063,6.655891963857626,7.742139707255541
13.8712499,8.511852167793952,-3.961742321403674,-0.3031281273621981,-9.779213335459724,4.9874349824311865,7.14748748878374
13.8812499,8.541798987518849,-3.9506809934329215,-0.41257647945513454,-10.786661534462068,2.7558791744857216,6.610102260836103
13.8912499,8.831185191384748,-3.9587383931472604,-0.3922883403015411,-11.571383888154724,0.90476735717545,6.3607690697711865
13.9012499,9.03762814037437,-3.937398614450544,-0.3069710751049738,-12.248901588609378,-0.31785160814792257,6.1162140736141675
13.9112499,9.119421155408364,-3.8470160922501706,-0.3202147503379406,-13.498122854975259,-0.9113569585864847,6.102352187198766
13.9212499,9.221837008515562,-3.7879368565583227,-0.3789431588642251,-15.54278091477402,-1.0375179829430525,6.343147700805395
13.9312499,9.286217115025632,-3.862462276126993,-0.37434052974432747,-17.88267537208948,-0.47165952346979534,6.356377238157912
13.9412499,9.207815990155476,-4.005156080991087,-0.32235755854429304,-18.81517013742263,0.6569628174858212,6.17807434212823
13.9512499,9.07281922829566,-4.188176491259576,-0.25261171202956095,-17.930866983827595,1.7262161074396463,6.112219199530083
13.9612499,9.011153080566247,-4.377894582369022,-0.21045035825886374,-15.953771404375583,2.6803870066966935,6.323194389292875
13.9712499,8.995599337513303,-4.464228013725454,-0.22454724972308182,-13.087714324737764,3.8180820275004823,6.624374151975504
13.9812499,8.890369604989248,-4.5285482878743455,-0.22300850892100063,-9.54842845301214,4.939114747613548,7.199745433189574
13.9912499,8.751158851821,-4.62609239871458,-0.20395711960001708,-5.94826485748841,5.8540416609085275,8.129556163843937
14.0012499,8.639465044599092,-4.652334530693558,-0.22754343386716647,-3.0504233048876386,6.599159738689976,9.14313621670469
14.0112499,8.474055057845346,-4.563923476748677,-0.30651716068099916,-1.3427770390327363,7.029178611016012,10.083221157573599
14.0212499,8.313265905817692,-4.43608496324982,-0.3826160524733133,-0.9884345073340167,7.269382569809862,10.4958192275154
14.0312499,8.25489773380692,-4.307657430881312,-0.4295369901981505,-2.012139166698969,7.461313394506004,10.80259291914794
14.0412499,8.300822313092091,-4.218972432920946,-0.43775804103484844,-4.002613175667839,7.565248130210292,11.305357536706795
14.0512499,8.351569929180313,-4.168300742960763,-0.4291060795366431,-6.353019070959874,7.7990983449624895,11.22020139950104
14.0612499,8.285134038291792,-4.135980762598836,-0.4460997673973157,-8.927521232519283,8.120373270980082,11.504300610111477
14.0712499,8.170469015604526,-4.100185996258016,-0.4686513993373891,-11.917495771314734,7.956599369322878,12.55990268100764
14.0812499,8.119194015543362,-4.0803008338621085,-0.5021296796562676,-14.55465527348935,7.499094717893344,13.923265970146229
14.0912499,8.065568740111715,-4.124593021630645,-0.5492099542919041,-16.46810202447667,6.826035189393578,15.482081239040731
14.1012499,8.054538515420543,-4.245300306880949,-0.5819153567574679,-17.431302843009664,5.548578512360548,17.520296276433474
14.1112499,8.202042277080162,-4.41030732753136,-0.5196269538466043,-17.167250624667258,4.235071400592259,19.90497031204868
14.1212499,8.370686117379584,-4.532770174478258,-0.34932399945545095,-16.20829356795548,3.7634606913126047,21.99829596113978
14.1312499,8.504669039732283,-4.622383630379707,-0.21017449596027526,-15.101824423174271,4.100289035813054,23.671889197563626
14.1412499,8.627535440923076,-4.633947659435012,-0.1847982530458478,-14.78314397034521,5.020259453287391,25.15297710309444
14.1512499,8.705927637530063,-4.61724865469956,-0.21771320828989157,-15.159821388408917,6.017798933949132,26.085881934326096
14.1612499,8.726872286888268,-4.636276590756841,-0.22688563986929505,-16.184572849202496,6.745664685956817,26.33951110355647
14.1712499,8.735397762758387,-4.736585578296909,-0.18585843867885768,-17.793245595121448,7.368872179095096,26.366589683319965
14.1812499,8.753798390681574,-4.929541396244987,-0.15308115967344035,-18.801657162432047,8.812677897483145,26.32273866703415
14.1912499,8.597022744379478,-5.036095906745651,-0.18728530544981892,-19.897241158099316,9.785530407174202,25.935915677677535
14.2012499,8.48430976327045,-5.135153411476593,-0.22002630706797474,-20.86339618416064,10.340129244722364,24.956036358300857
14.2112499,8.473402568091293,-5.271326647143793,-0.2183984590741667,-21.696925387377334,11.086196846869523,23.46995178306382
14.2212499,8.416147821926316,-5.412555557151886,-0.2377195725702229,-22.374761841368574,11.637909106266116,21.980689054466545
14.2312499,8.371164902200539,-5.637501817502296,-0.28784880525076145,-22.22185046420296,12.030181487788424,20.649686127920212
14.2412499,8.296597441333338,-5.837563517632261,-0.3381560733831894,-21.409157299818858,12.300493049204146,19.52439581991811
14.2512499,8.20448212706673,-5.944431997311403,-0.3680917052816782,-20.22971294318469,12.879857773984977,18.956240443982132
14.2612499,8.124680182623552,-5.977598292758058,-0.44356050653964263,-19.61572026330509,13.83640980533834,18.686010847504267
14.2712499,7.976981338882192,-5.962134186063822,-0.6223156554440545,-20.39703127486015,14.889980166171696,18.729860966575163
14.2812499,7.782112809099731,-5.912367587228345,-0.820186826997625,-22.34245293592062,16.453706293903185,19.15211164195214
14.2912499,7.524255767856532,-5.786565773115782,-1.0335904285560558,-25.72194734671832,18.20270926030669,19.706004043198877
14.3012499,7.195983691031538,-5.668927419336695,-1.289771405427774,-30.664238282320113,20.297320345135834,20.475303679265586
14.3112499,6.841843285858413,-5.623241994610017,-1.536115527042825,-37.140575897512875,23.13103949326857,21.718848060489428
14.3212499,6.507449400384506,-5.681824473278086,-1.7888806573307112,-44.012686404600025,26.175823543130242,23.748601452557622
14.3312499,6.212961440332541,-5.764406370870862,-1.9896911559255246,-49.988451519192736,29.33557825421375,26.607487908896946
14.3412499,5.9234213841542225,-5.76645833882765,-2.101224710042898,-55.88915560963351,33.530544490353584,30.648091491103177
14.3512499,5.569188971754161,-5.681200520090897,-2.2244343272664864,-62.416078662643514,39.47194489229792,36.41377127390961
14.3612499,5.26120870854449,-5.553357329514728,-2.345034076934979,-67.80589054621232,45.75701992652449,42.18071166646565
14.3712499,5.015396970754687,-5.370781644770609,-2.4114569263579497,-72.51549121115868,52.35266304874038,48.44647833669149
14.3812499,4.784392125013326,-5.100137825772959,-2.4266811114762223,-77.32170655690582,59.95195692642828,55.79234543663851
14.3912499,4.532454738588253,-4.94198256874476,-2.3036343998492668,-81.41395185271728,68.72991814762705,63.7728521741975
14.4012499,4.176301699456164,-5.108250708690613,-1.9052240791895796,-84.0386233514326,78.23169805147559,72.5787197844728
14.4112499,3.768733301283708,-5.317156217322908,-1.5079083199631238,-85.05609968238066,88.0338904147023,82.21369033591216
14.4212499,3.430984330883059,-5.423011187855559,-1.2988272914543477,-82.96235874513741,97.49831232964341,92.00168510588536
14.4312499,3.127352368813883,-5.541872207017959,-1.0993672305333702,-77.4077981903859,106.07788950088472,102.0398504615942
14.4412499,2.7993949344209197,-5.592112661383061,-0.9359481722176092,-69.16228507479099,113.9426584379833,112.36729706942249
14.4512499,2.577793858041091,-5.392403487573365,-0.7442975114595575,-60.27178717850872,121.67887934752412,122.45216579122807
14.4612499,2.5367832983747247,-5.207664166785088,-0.5039951468561373,-50.174515475203016,129.7932388040383,132.6661727726489
14.4712499,2.472975619323195,-4.780517091676435,-0.3543396262587452,-41.82915135059064,137.84211548231403,142.8285133992474
14.4812499,2.385782566571794,-4.115542347036649,-0.19053209095989768,-35.79407411097625,145.9859409141262,152.27715319209952
14.4912499,2.2753674123200622,-3.8589760098407226,-0.07359438632126747,-28.14617610848935,153.64590197056458,161.72293494567478
14.5012499,2.06802778210745,-3.6839991302751214,-0.015599757588919431,-21.66691493960495,160.41832185052036,172.0448781096868
14.5112499,1.8486878324687837,-3.629247761333613,0.2996814513140396,-15.814366557998046,167.26467765806404,182.65004086527338
14.5212499,1.5708583838633179,-3.574071138097899,0.6970932810915895,-10.134284608434957,173.50633584790506,192.77614322362083
14.5312499,1.340346627192794,-3.417061645691252,0.8749070246008185,-4.760955625504621,178.83829446309016,201.82561121572476
14.5412499,1.1436114266289727,-3.3670630682182496,1.1166494028140708,-1.02773225913814,183.1269446370217,210.145301572394
14.5512499,0.8543927673245508,-3.456125655949643,1.4747248770734123,0.9099160597692985,187.19619111235716,219.75529988307372
14.5612499,0.5174313828723565,-3.548446316588912,1.8877783393219065,1.8955890641594038,191.25193897330252,231.24559698770187
14.5712499,0.33490003476041136,-3.5670510935131423,2.379017697568808,2.0687346456063125,194.51882030599543,242.29719988981861
14.5812499,0.25643416035801375,-3.4295218969774766,2.762431159233622,2.0760493742538086,197.85247297218632,253.7594713157683
14.5912499,0.13421863286652003,-3.223062199082539,3.0087712841474996,1.9650644784388782,200.88697011259092,265.9377997808441
14.6012499,-0.03359484323055134,-3.3182172637095175,3.363510980153698,2.2313849499938243,203.14383626422423,279.09650858020467
14.6112499,-0.28279370518359054,-3.5640906291147276,3.749359830294986,2.367626502700473,205.30160170090062,293.4916181587876
14.6212499,-0.8189236940018123,-3.9925619565242814,4.242325090009488,1.5727852364938775,206.42651073222623,308.54465609547736
14.6312499,-1.6100175032835644,-4.904845175040443,5.027284610281908,0.8683892180296594,205.54407960579724,324.7177992705286
14.6412499,-2.5035458432356816,-5.664385116443182,5.79353092679835,0.9415470127285704,202.09597017359,341.04294565255407
14.6512499,-3.4063499787733136,-6.554667962605539,6.938029578836238,3.2154768131538907,194.347264234938,356.7065292765899
14.6612499,-4.245037917095814,-8.19829145575404,8.690000387872695,8.913869950160429,183.24632014517996,373.28091042986335
14.6712499,-4.979591918844776,-9.81094156140822,10.193943968340227,19.510987355567114,169.67209452043645,389.6888200334141
14.6812499,-5.205200280966716,-11.577274780806496,12.009604366343007,36.579812258968175,153.38301062489057,403.6917311723618
14.6912499,-4.836270491337025,-13.979264971949435,15.048566949933617,59.08083074054496,134.92616828168494,414.84148130033617
14.7012499,-4.444479700318544,-16.600530601844778,18.221363173529696,85.84145291378705,113.771593568931,420.7779213046261
14.7112499,-3.902309918577901,-18.995664978058198,20.643796051652714,112.3760631661129,89.66404185056555,417.4965045298946
14.7212499,-3.308856525426352,-20.148145256635374,23.197282307238357,124.28272161132006,58.99351374332465,402.226972941423
14.7312499,-3.259286381308118,-19.88300959307745,26.50061389320696,106.82292524672488,14.213749863065686,369.73629946597083
14.7412499,-3.162319977749631,-20.039461943224154,29.888591511816642,67.54660384794605,-45.30901027705846,313.6195986720937
14.7512499,-2.919678174140975,-20.771540358218044,33.05533211832725,19.76205683894129,-114.28212122215335,237.67427632028267
14.7612499,-2.505730816587979,-24.59740794660954,38.531440320580536,-27.042452633985256,-199.77073534696078,143.46505536880136
14.7712499,-1.7537334957230357,-33.66871660734322,46.38779453027422,-51.06548694424669,-295.0858640269559,38.145208196795494
14.7812499,-2.8343980388742156,-41.88241383180317,51.218261808835024,-35.158425076799986,-384.33955203766374,-58.399530396439175
14.7912499,-5.553742861098946,-46.574530475702296,51.12014431273403,15.078695642211947,-469.15834910257956,-161.91670296758858
14.8012499,-8.619250323537615,-46.09904084679688,47.90181850847761,49.76661048021227,-503.29221588056595,-272.6682591446137
14.8112499,-11.966321890013921,-44.82325226690323,44.0710891273073,58.93909341306284,-499.45006318367666,-375.8583564953347
14.8212499,-16.501985559332685,-48.88586451762572,40.95551324961392,88.2509877294201,-499.702261567374,-460.7780305763722
14.8312499,-23.98456210235382,-49.23189440944697,35.4886654236562,97.17938694047665,-500.3205044583332,-500.67968423174347
14.8412499,-30.413659469701805,-44.090232737233904,25.738807117296822,72.27661626339058,-499.7795215281783,-500.41088618218953
14.8512499,-35.0632128595666,-41.83735561840961,16.573592408545885,38.59876406828702,-500.1320676592511,-499.2992169389304
14.8612499,-42.96240305648151,-40.04102117799791,9.451180631522242,-6.002461553929997,-500.30716018667374,-500.6952293147438
14.8712499,-48.77017577260466,-33.860772682498386,1.0824742666253868,-47.017543146615765,-498.3019855786348,-499.45413542936984
14.8812499,-44.173456232327595,-22.467504691345905,-5.053692909090041,-91.50013461651037,-504.33701621754227,-499.2776711370946
14.8912499,-40.87910416758518,-14.591029478196015,-6.059136706922753,-96.00733764667586,-485.22531336887204,-504.62999319645854
14.9012499,-44.93535329118614,-11.33519072583738,-12.045608571207206,-36.212427490179266,-393.1890897230974,-449.907631395025
14.9112499,-41.279166086094,-3.7922217466713968,-19.01321852539631,29.00822413492278,-300.3396339754362,-317.88964283997313
14.9212499,-29.927672988128695,9.414702102428464,-17.918005425155783,52.742599991554705,-219.25823939255744,-206.23602042808872
14.9312499,-24.154068856877423,20.216485105487052,-15.17600869945368,26.315908242442582,-132.03439445220678,-136.33659831422375
14.9412499,-23.90941261584012,20.596298783117483,-12.903747565376621,-28.884026926671112,-71.76248936655963,-67.71510871457393
14.9512499,-23.25826358423637,15.010827462686722,-9.934919648822808,-87.09254011078144,-36.52004468707793,8.446268350327854
14.9612499,-21.692202873519335,10.783969802368192,-5.417237614481274,-126.05180773055567,-18.171512763587994,61.77811425962654
14.9712499,-18.621815045497204,6.3621255148198435,0.47450485546731147,-146.42160371889454,-17.109855004527944,86.33422913695331
14.9812499,-13.160276094118721,0.8317948734892664,4.744069949811341,-152.73944379017567,-19.675143045118947,96.73765024367233
14.9912499,-7.142830763074807,-3.077523367441168,5.194376475649209,-143.50791195623083,-18.563052578756572,96.94311663311726
15.0012499,-1.3686383888868645,-4.827465036228612,3.44012400088515,-129.39993639481236,-16.13497934261332,93.35549486543519
15.0112499,3.5777721469188632,-5.410450164054075,1.4308277401596847,-110.00521455502542,-14.141646199484695,87.13090824247676
15.0212499,7.63589067704931,-6.126459422424738,0.20920430243995297,-86.07963876431621,-11.393490793557758,78.25429319974235
15.0312499,11.08511633673856,-7.253507770602928,0.42326222385286144,-63.38805839954964,-4.976577675573732,68.41697004779049
15.0412499,13.425863187562161,-8.746789865001526,1.227470517875593,-41.347377592772716,5.579396366247124,57.19546844638759
15.0512499,14.202851319908163,-10.426670016479056,2.0016781236608074,-20.068183925131805,15.450875398011938,45.438473216606596
15.0612499,13.976025047830683,-11.204896097736421,3.047093589961504,-6.177003291832071,20.853492593003008,33.397461023685025
15.0712499,13.22303502289628,-11.175409862262098,4.07546884727379,1.1167077481834375,22.77411521459066,19.590574077436223
15.0812499,12.028791960434232,-11.039865301508502,4.551634401194182,7.65209293934954,21.613864419477686,3.0578505670922813
15.0912499,10.991833260352639,-10.339268644500764,4.296695762170662,13.70265378550272,16.313033587768516,-14.048597310569575
15.1012499,10.71815738600483,-9.522671129319383,3.307682037631752,20.431233285656983,7.9712854540054545,-28.876494408108986
15.1112499,10.97816575027969,-8.896999883334608,2.245651883047541,26.08757476150828,-1.2365679354706365,-39.321230194011996
15.1212499,11.217432454928014,-8.136774083378858,1.640124225213497,27.720129533200403,-8.996595309534593,-45.28592736791955
15.1312499,11.170642330545753,-7.08470519530485,1.242229860531849,22.79276508204128,-14.324405503280527,-48.56285287706826
15.1412499,10.935974172638629,-6.124693927195864,1.061682931874612,11.762629616093209,-18.07716133270347,-51.264703157926846
15.1512499,10.660260241563046,-5.55420773618245,1.1466583053324995,-2.43864498066599,-20.449000443513263,-54.578712235816376
15.1612499,10.246894056498371,-5.191994442526533,1.2220648864449886,-18.284058845551836,-21.48097330128002,-58.374164002937654
15.1712499,9.670788297121302,-4.830943993276605,1.128054186874821,-34.307110904978614,-22.197562117471076,-62.46599665845285
15.1812499,9.018158580064034,-4.6375987295206444,1.0201489240604615,-48.989836700928365,-23.350548987360828,-67.04427176518072
15.1912499,8.466227747677351,-4.697268080129577,0.8721635155356764,-58.37095115062661,-24.873514220120896,-70.6947515909584
15.2012499,8.173439545843761,-4.659079616362304,0.5985008294236127,-61.38298986551528,-26.834714651356744,-71.83879092318837
15.2112499,8.091332641895923,-4.410699696436061,0.38646207102222285,-61.49956083254158,-29.246177609489976,-71.3476129716456
15.2212499,8.171911865692792,-4.043433416770536,0.3082845107709341,-60.62736695247523,-31.307226884228733,-69.47485535753167
15.2312499,8.268499895470047,-3.5463372672481803,0.19295477557521204,-60.05199331833984,-32.94263246389223,-66.18072964104354
15.2412499,8.307289614499402,-3.101203045480011,0.044433473031741604,-60.23930846789455,-34.03208721236578,-62.069944267630575
15.2512499,8.293383858797066,-2.769262245815488,-0.04659152017853189,-61.034912524314585,-34.27600977264069,-57.49709191011686
15.2612499,8.274809439818615,-2.548204855337464,-0.019933397281449196,-62.173364411577474,-33.556528266205646,-52.771748249345244
15.2712499,8.31327200759556,-2.4935400421271847,0.09861081082434434,-62.387562648250686,-31.500478585697273,-48.10218070180404
15.2812499,8.33643868498508,-2.4263818013818175,0.06966374137529832,-60.76978282502864,-28.394982721302167,-43.70962895148531
15.2912499,8.307223540426866,-2.3495403089402376,0.061405332909392714,-57.813836033711574,-25.27600336504372,-39.342262633572375
15.3012499,8.26017579289492,-2.4633556987650063,0.16308324544502384,-52.828791602492366,-22.325436264154785,-34.485429895006874
15.3112499,8.22963303734679,-2.5604136760121716,0.1272284545908355,-46.046865420524085,-19.20705431448386,-29.053068755298796
15.3212499,8.23041799998012,-2.4430509320007463,-0.0664276963190981,-38.382908009658756,-16.204605568757746,-23.328793867160325
15.3312499,8.260276744232174,-2.493073831333482,-0.0809703154877216,-30.06602081905281,-14.068414091090112,-17.402593971554417
15.3412499,8.417035524978777,-2.615253752977746,0.05644967301227546,-22.74372716570211,-12.142108622027019,-11.523393767658046
15.3512499,8.563521932939855,-2.4321249712730495,-0.0186379692988038,-16.93938017004732,-10.28986220658576,-6.4876435741740295
15.3612499,8.58581218814661,-2.19876090363674,-0.24983608554907408,-12.705655964636186,-9.041871117766942,-2.597705378974966
15.3712499,8.671628474721176,-2.106784098063318,-0.5229793578284729,-10.715812388665316,-8.371264952011025,0.5236190300897706
15.3812499,8.716071658862589,-2.0532140739624163,-0.6839481360072981,-11.032203668796503,-8.19792506061096,3.0842502821788154
15.3912499,8.694502305773954,-1.9822454122124373,-0.7093406176999025,-13.776503888616041,-7.675958864314948,5.267911617854689
15.4012499,8.938995595494902,-1.8846748540767033,-0.7253516437914215,-18.63160717080643,-6.923526401332705,6.715314720655659
15.4112499,9.307628582137944,-1.9327098879933127,-0.6637775944805038,-23.388504933742425,-6.1125314487572915,7.340911150686555
15.4212499,9.387727621633607,-2.1123183723713455,-0.5825280968856926,-27.998262682751943,-5.115209472203584,7.972029584290708
15.4312499,9.282393595211037,-2.3131383173638747,-0.48890643068572964,-32.179563227004465,-4.326259418007406,8.779700650455187
15.4412499,9.31828364186331,-2.488249616328088,-0.3732464867354848,-35.44340660642182,-3.723290067396152,9.363022246515333
15.4512499,9.496803393741725,-2.601387138116613,-0.34481042528230854,-37.421686785673735,-3.261366607185228,9.395657686131527
15.4612499,9.542177860618006,-2.7089727162869024,-0.32459244833747153,-37.90520637124052,-2.948273039591234,8.992092900646645
15.4712499,9.369178243557196,-2.8506218011914726,-0.21182485624211037,-37.467224882808125,-2.8797144183406234,8.91213208238778
15.4812499,9.144082015272915,-3.1027340056212744,-0.1259311749600754,-36.02102569503013,-3.1172321104487657,9.582626457141359
15.4912499,9.095575647468642,-3.3944849864734716,-0.14165383977765142,-33.319677510206795,-2.860095645838637,10.897375887483866
15.5012499,9.137814508478913,-3.5972709850791262,-0.10074068869149885,-29.734922684048513,-2.3743887827494783,11.287347082972826
15.5112499,9.180381367572586,-3.6220875448964596,-0.07740931007498109,-25.18122449665539,-1.8338801916782268,10.731067739024406
15.5212499,9.164682313254293,-3.5932389821720556,-0.10323464486094298,-20.342523800198386,-0.900893482391909,10.46695739830167
15.5312499,9.075828644392049,-3.6814153153467553,-0.014815281336895653,-16.28760651903473,-0.28737536876974173,10.70461047881322
15.5412499,9.28911998671903,-4.063225444801578,0.19906658154109194,-11.385800153902007,1.8347415092425996,11.175372904269286
15.5512499,9.393663330003397,-4.36860012304759,0.28611390390125774,-5.431140376294133,3.737308873856648,11.258346250428842
15.5612499,9.215289424090564,-4.347773203072436,0.15646760410278954,0.7309438355335923,4.599007217512894,10.604700002603431
15.5712499,9.12677560500453,-4.271763697017279,0.033939720340929874,6.931058251738659,5.491523392317445,9.666946678491893
15.5812499,9.068945235856143,-4.103339340463179,-0.04703800668711402,11.166145302231467,4.9376512307297835,8.637318217520127
15.5912499,9.131778602007792,-3.932147148829762,-0.13609031413949765,13.349438560916953,4.037483876787058,7.3545813446367525
15.6012499,9.002554457514815,-3.730031520178359,-0.29144819821337986,13.9500944468098,2.189100705298746,6.015623509448717
15.6112499,8.866854765822952,-3.507791173038685,-0.4887949906062699,12.65829933055665,-0.2912061248560543,4.945323618203491
15.6212499,9.05385990871754,-3.338317088928918,-0.5557688499941684,9.889423855968195,-2.145366013232639,4.3696838834864105
15.6312499,9.302841426012973,-3.145750022772803,-0.4939726373800858,6.179679432919378,-3.435741253933463,4.099501599179511
15.6412499,9.401102330220011,-3.0760305231055556,-0.4065214029606553,2.5946270805741305,-4.2950359307063914,3.922444514174797
15.6512499,9.393074812319123,-3.215076129550523,-0.3519545796453336,-0.007614248125013833,-4.908909040548033,4.017249889305236
15.6612499,9.42169978059688,-3.3866885654866645,-0.3614375447123594,-1.680696585694115,-5.218726802778754,4.640310339942616
15.6712499,9.392682102932723,-3.512986150894202,-0.3732657182546774,-2.222345284866741,-5.411556632026082,5.454222862615276
15.6812499,9.239319006868158,-3.6580924236612056,-0.3387582825782945,-1.7550046254463891,-5.328206784348519,5.989650173872301
15.6912499,9.10992022627154,-3.8073939952536895,-0.32817571505344534,-0.5952924907549307,-5.24389236519946,6.386033079745639
15.7012499,9.087415648711731,-3.930573690510161,-0.35716218077317546,1.3741432056400567,-5.397989523322224,6.912901536257927
15.7112499,9.015805985922354,-4.020390021225104,-0.3269385566309257,3.8119086717420854,-5.439300278698812,7.535996272219606
15.7212499,8.87384120370627,-4.075461005774919,-0.29629929636640057,6.140364262154759,-5.57054189359534,8.093563974819672
15.7312499,8.785231613001292,-4.078227731056911,-0.36008847690856993,8.119750007820539,-5.957138395973422,8.287200429468678
15.7412499,8.756520751326981,-4.044675174691686,-0.4526356037029144,9.333490658977745,-6.201876666094198,8.43072257854952
15.7512499,8.722689921508636,-4.044468790866288,-0.5110942591031323,9.464816357398393,-6.362176341512018,8.50622910999652
15.7612499,8.731666223381065,-4.0760494451558005,-0.5583002336826116,8.854553619931405,-6.27061528531329,8.200498979474283
15.7712499,8.803787191984409,-4.085294129933906,-0.5634484788606807,7.7089996050684935,-5.674050489971188,7.7047715644835
15.7812499,8.853626375336146,-4.09420222662348,-0.5568518741120181,6.449636962693766,-4.941435965773375,7.113992286026742
15.7912499,8.836022756762429,-4.157107377560183,-0.5759380090300444,5.490116011725678,-4.364772103930983,6.731894856177271
15.8012499,8.78234786552118,-4.20375046055511,-0.6168408972932072,4.729342056952231,-3.7203134166748324,6.417448096467423
15.8112499,8.724111291108041,-4.221238195046926,-0.722951971519967,4.248170900419107,-2.862756786480589,6.072975909430266
15.8212499,8.594512617429361,-4.264264373701067,-0.8220198881830219,4.011679023677171,-2.171687214837416,5.987903148343097
15.8312499,8.498416541659592,-4.287124175373769,-0.9016993585517196,4.060685461251837,-1.4961999907961316,6.063318632686846
15.8412499,8.4948889459869,-4.29024006436815,-0.973175369506109,3.963156516501214,-0.7480704556239512,6.3895570527529975
15.8512499,8.540190325768542,-4.256579488132073,-1.010059751278401,3.6954628742542894,0.39849258046999253,6.781802578233896
15.8612499,8.557600053143371,-4.186479208112012,-1.0542236125391276,3.254773947818786,1.7121891683665824,7.453358195661122
15.8712499,8.55771369357113,-4.166137848628009,-1.075724576201158,2.263658768264487,3.129547448388929,8.59609140578593
15.8812499,8.508884617184998,-4.181418080826411,-1.1192252348533116,0.9712490081299883,4.873169955188117,10.020626729696223
15.8912499,8.404070102707783,-4.249156636421454,-1.1963542625858887,-0.6699642326759218,6.421035552163076,11.555985594303706
15.9012499,8.361106288487827,-4.367961095607859,-1.2341591215066752,-2.5136501902433004,7.483799339569457,13.148685446038494
15.9112499,8.344495462728913,-4.483766380188646,-1.2551539741617403,-4.150933098544461,8.704693906142843,14.375101522780584
15.9212499,8.27821936209213,-4.566072411985025,-1.2839182234165678,-5.7087690740013155,10.014612840904835,15.270183710767823
15.9312499,8.225890540053564,-4.620700766807617,-1.289632982533069,-7.707537019493026,11.227204828309102,16.314344925543633
15.9412499,8.170755080224138,-4.67773874068063,-1.2973674647968698,-10.142539297638505,12.642110208140146,17.585414148322847
15.9512499,8.1403236485618,-4.758012300629036,-1.2826583300932597,-12.998199107346434,14.225888878662587,18.988727980507882
15.9612499,8.2022885058937,-4.911402314674828,-1.164377609954079,-15.711790780469094,15.899790360992473,20.258500029527948
15.9712499,8.241252607544483,-5.097670675585005,-1.0445845462292584,-17.793557613443657,17.910582005548953,21.26666214407123
15.9812499,8.214671523689123,-5.225270576235457,-1.029411370265791,-19.561852700312944,19.947741771283358,22.22048292670939
15.9912499,8.168920455199997,-5.308938471898439,-1.063467991163804,-21.31144863666991,21.627202294886228,23.08285462974539
16.0012499,8.066188322646166,-5.404956956639554,-1.0784747832900297,-23.070580484179132,23.1369621686191,24.048998456794664
16.011249900000003,7.923111148220811,-5.45419209103617,-1.1012697274525707,-24.77536472103132,24.608703724802226,24.968430568635863
16.0212499,7.790071405821685,-5.462183698738607,-1.1428284861693851,-26.616526194361764,26.04723364989336,25.786486926976007
16.031249900000002,7.599822836172828,-5.606170873130292,-1.129673727111345,-29.10859683147357,27.49418130152709,27.258565078775682
16.0412499,7.438724240023507,-5.758992930486876,-1.1295099764449963,-31.840609818078224,29.00915600627882,28.967725616023568
16.051249900000002,7.300413692566795,-5.773628747710244,-1.1760434611200234,-35.273183284738764,30.88672834741005,30.532304276200733
16.0612499,7.096785908718098,-5.767037654593166,-1.210482081928568,-39.691361367547394,32.85337610077174,31.85452226718735
16.0712499,6.881375453463737,-5.81500016393441,-1.2821383586668846,-44.68711578872117,34.72153597096089,33.35683719767682
16.081249900000003,6.652904296648818,-5.862866231664212,-1.3872194618911298,-50.1870443955643,36.59496054033234,35.29628477735419
16.0912499,6.364355819742245,-5.86873843023324,-1.496516840471235,-55.75527064302848,38.502979277135715,37.58669500041905
16.101249900000003,6.055960946003382,-5.892819970763763,-1.5838096731286626,-61.04172643344473,40.33346252289703,40.68550711406622
16.1112499,5.826386935408857,-5.946522558497328,-1.6954587360421862,-66.08166007896783,42.42679623256041,44.73196478324567
16.121249900000002,5.629257814699238,-5.94525987265804,-1.8258487175641742,-71.1443397073415,44.93443316567151,49.704394152441914
16.1312499,5.452917880862585,-5.897796550804945,-1.9062271313935835,-77.13639100162338,47.8852097380701,55.61655430223841
16.141249900000002,5.3933308982933585,-5.859109305199665,-1.9978552133364262,-84.09031829446903,51.45742115884526,61.897352811706156
16.1512499,5.324000826138055,-5.815035359505448,-2.12412752909905,-91.34298801263137,55.2429683567989,67.73692038215681
16.1612499,5.175445259219143,-5.829678057521996,-2.172087828700152,-98.55305954901512,59.27748993409055,73.18205914389307
16.171249900000003,4.9937959382002015,-5.909622997978691,-2.1805829800460654,-105.47912414039823,63.835926923117626,78.689376822123
16.1812499,4.775823062402586,-5.959223918590818,-2.2219258741253944,-111.63784889922978,68.52608823354726,84.34088055139092
16.191249900000003,4.544361686070889,-5.967675885527813,-2.2201063758014645,-116.8690307387611,73.56857896312513,90.1866254769357
16.2012499,4.296417910972133,-5.912985927508501,-2.188483192983951,-120.93495786743529,78.91806331497861,96.23046555473769
16.211249900000002,4.00762727268728,-5.796964975565481,-2.138215855992108,-123.92604650855235,84.42340153926267,102.91591653535144
16.2212499,3.7772782586921125,-5.72380978221668,-2.039141512601265,-125.17199060431714,90.03839405749477,110.21393019401688
16.2312499,3.4910691728867844,-5.352963556149728,-1.9401141467985175,-126.5035034624821,95.86701006679665,118.59532853495385
16.241249900000003,3.186025110994596,-4.715550851234482,-1.795933638686275,-129.08246899988364,102.94750653661958,128.9300842101057
16.2512499,3.1025596154807675,-4.853318268677861,-1.481609366711759,-126.72970227206707,110.94159282958665,139.5256351586172
16.261249900000003,2.626833850393863,-4.898750673078834,-1.1707160154929022,-123.5513073751605,117.12075988585418,150.92451950819142
16.2712499,2.1242382314770807,-4.901836410026692,-0.779377875088996,-117.84257556982107,122.73567386782653,163.43982055544313
16.281249900000002,1.8798282114712217,-5.160952443035443,-0.1894835376933413,-107.629476784081,128.78319722631625,175.46220064194677
16.2912499,1.5169740720810887,-4.988007093985653,0.231684933537658,-97.1977412967602,133.84659352775515,186.76721044684888
16.301249900000002,1.3103192833547492,-4.952698902282931,0.584991107877421,-84.09174718563433,139.17818125923068,197.41612328443452
16.3112499,1.1788269620134513,-5.040665645742,1.0345111697137226,-69.04814447173517,144.24149110296415,207.9001040824608
16.3212499,1.1104549353503903,-5.004815300538461,1.4705086021467497,-53.34317526095303,148.84884374169604,219.0490147551695
16.331249900000003,1.085775886085851,-4.84306811358979,1.852416715016164,-37.31025529014576,153.212392062547,230.78216728736385
16.3412499,0.9315962245374904,-4.553373862057524,2.344696269193893,-22.76178108950754,157.087779270275,243.06569170775202
16.351249900000003,0.7844018217296814,-4.301095728072422,3.009497316148547,-9.863361394067297,161.29783232343996,255.88897820970556
16.3612499,0.6492253196010814,-4.070728244127622,3.6204146624117883,2.551278416667285,165.81704146097528,269.34175737684893
16.371249900000002,0.4350497150547108,-4.054000504062056,4.341760152517124,14.934766401344765,169.80221936227494,283.2545825444737
16.3812499,0.20018057831372302,-4.705431233553018,5.423912462449603,28.703910733908764,173.1100102766048,297.948232982637
16.391249900000002,-0.11112122498815856,-5.603838455680486,6.330953656387799,44.19708276247433,175.40612911824905,313.1451379938217
16.4012499,-0.5483794848058232,-6.3427349465982354,6.815544774441465,61.996170635147074,175.3637658066685,326.9738433414706
16.4112499,-1.0918103422625267,-6.8964686815484235,7.546776553947368,78.90620602798381,172.06365833201454,338.03547128251637
16.421249900000003,-1.6788998529533323,-6.898633361648154,8.339936753882544,89.15055045221325,165.97590332736553,346.0873395113448
16.4312499,-2.2870810842755898,-6.664621931584488,8.951304301978075,89.25308648364336,156.1561402347458,350.96673391460797
16.441249900000003,-2.7588266939898882,-7.325384448140719,10.702100484091845,78.81976566615818,141.17256703818546,353.6848486610829
16.4512499,-3.075720486428875,-9.650874509509913,13.867308794259914,67.18586114046441,120.89719402943216,355.9252150557334
16.461249900000002,-3.2601443675358848,-13.18742349006945,16.71725361809259,70.21934060439301,97.82308263212038,356.855366728007
16.4712499,-2.844462293084697,-17.080724788883636,19.005559075297402,90.8005405451559,72.11127771476968,355.7050416967135
16.4812499,-1.6012625307387285,-20.896971437395795,20.945559064169867,125.22188151741736,44.11971332787119,350.63332920441695
16.491249900000003,-0.32222475281247714,-22.88912759480995,21.19672751221186,163.83778814698692,13.380034289801806,338.366638056501
16.5012499,0.4975655149689406,-22.44856336426607,20.62744418247469,189.40851163127718,-23.129292135018673,317.6550352327377
16.511249900000003,1.6570746677235044,-21.74532951657915,20.51264748590332,198.7197667958425,-63.47314303554033,290.3428127154129
16.5212499,3.482266983445452,-21.061166711570422,20.41161601006194,198.42749228830158,-105.08079644474176,258.6434483059057
16.531249900000002,6.183054089167614,-19.885197767094034,20.949765042893652,181.8826019646849,-146.25224122111536,224.01384320199173
16.5412499,10.3150756459184,-20.168259790584763,23.068909847605422,153.4216375243627,-183.46826654658528,184.81094459563136
16.551249900000002,15.467970226695822,-23.523339860124615,27.43721949010901,133.33697480419755,-215.603380648622,137.05618024879402
16.5612499,18.141781556474086,-27.003188067329337,32.85460525493315,110.73811025250869,-250.17474517033435,76.05506235037669
16.5712499,15.585768538738103,-29.47903186442331,37.328030428387514,78.32236831943797,-295.33778578830555,-2.5173645168697196
16.581249900000003,9.046186712357466,-35.61966649946272,41.46643521664945,63.81413460733278,-353.66476123291693,-100.62597748364904
16.5912499,0.00945908780453205,-44.80379391446746,43.99767498141781,80.03105917962661,-429.28822643152034,-207.0129706751112
16.601249900000003,-9.321895693243118,-52.243617288911516,45.72292690559414,105.97221831237918,-491.69535903851903,-300.8194975258364
16.6112499,-18.574868289067286,-56.410957763040535,46.714080010673435,133.90997711391125,-502.4915293977018,-374.37513671599913
16.621249900000002,-28.113394745241767,-53.36436766456495,42.79671627597797,142.4983807331797,-498.8982285893482,-433.7974884633096
16.6312499,-35.02110379112616,-44.01746928473188,34.379327942206885,95.82282079008377,-500.21915379437087,-479.8824423604448
16.641249900000002,-39.92442400179105,-37.5440818958337,23.327495096842114,22.108152897174502,-500.4166078360792,-499.3175204030885
16.6512499,-43.12737919787138,-29.843897992534256,10.155692897873555,-56.518082419827145,-498.7230770172201,-501.2074651200994
16.6612499,-45.38209527363064,-17.041235363940412,-0.2956669367880257,-133.92518563078514,-502.2499709058723,-496.7569597230518
16.671249900000003,-46.89886440949166,-11.995253643485494,-8.331247252900985,-147.1465506951024,-494.5839437397033,-437.5182411390641
16.6812499,-40.6703901628613,-11.2007676114899,-18.192098003938874,-93.26301803484564,-424.4256240991643,-326.31893882570245
16.691249900000003,-30.732294385033484,-0.321959092259295,-24.03140529952959,-47.07387952528585,-333.4234137915996,-235.1715448795479
16.7012499,-24.516484263512805,10.143050510041535,-22.311350860509233,-29.53628279373718,-261.7637863083425,-181.2286924058404
16.711249900000002,-20.18004612297805,11.25855881945162,-18.420391651292633,-33.83460667690526,-185.08466023023152,-121.94900553909176
16.7212499,-18.280521479968005,11.131187680953772,-15.666976459930186,-68.38345137819279,-110.0266768070376,-55.303609766337274
16.7312499,-19.610316845826095,10.777150829073612,-11.296946570061154,-111.94027666913013,-63.7812625636743,-12.899852044863907
16.741249900000003,-20.15975493761232,6.761040420945515,-4.799839808298317,-140.8806857627275,-43.87976690485082,2.467380179680753
16.7512499,-18.027349691784174,1.3758710596848338,1.1505733943429366,-152.70304335093084,-32.18571051988034,5.662946424372248
16.761249900000003,-14.323677619794811,-2.250155088119291,4.945757365839346,-148.8969468428982,-22.185216735280534,3.292923210311446
16.7712499,-9.72939700026047,-4.231539345666075,7.069762087806262,-128.01537233200364,-12.516824992465041,-1.0136171661778162
16.781249900000002,-5.158835523893956,-5.182235567941121,7.529019674945087,-95.66282802117269,-3.803545196685402,-2.96097651034448
16.7912499,-1.0119863075457147,-5.1639967164473415,6.974640825113199,-62.6260944274564,2.945639808475128,-0.5015005096793115
16.801249900000002,2.8492533388108168,-4.7054082360341205,6.132689524822679,-32.76827158229309,8.477607713526876,3.36387164514543
16.8112499,6.163442391866759,-4.00355693796366,4.689975521621348,-8.719232401516635,12.948658659677301,6.457224695485296
16.8212499,8.57044403641399,-3.524704452270252,3.4028722197874366,6.311530372741786,14.780141916018678,8.329342298820094
16.831249900000003,10.061112078341335,-3.4189959032574535,2.829091316360027,10.17053088546574,13.911447543343,8.255022334593393
16.8412499,11.31326644543064,-3.8853057890565843,2.5814634555174947,8.094905895124498,12.29654457003373,6.556749873044536
16.851249900000003,12.418965303200537,-5.116530732348298,2.8190720300745897,7.7635518433211175,11.804261228614733,3.925073280584144
16.8612499,12.967534783074841,-6.350643791354266,3.4063804947159797,8.490569320243502,13.172891482415796,0.4078473772944967
16.871249900000002,13.211531972227831,-7.130672819575461,3.777233949112364,8.279096923863058,16.070945309550023,-4.638627753397109
16.8812499,12.919136284689987,-7.448106089296054,3.66529490903295,8.008966824976483,16.816595476431356,-11.212420030160134
16.891249900000002,12.093729076974741,-7.57570159980665,3.373764757158955,7.563485373559466,13.81767484591445,-19.081053671769844
16.9012499,11.349129146047018,-7.6599155537256856,3.1157884051373013,6.922571371977176,8.31552390204647,-27.487720584285874
16.9112499,10.968368464036026,-7.4455671210875005,2.95743590682025,6.093811695481252,2.0595378408848335,-35.42801864218928
16.921249900000003,10.682204564956296,-7.112388440981944,2.9291115071038765,3.8925037374221856,-5.036947717035893,-41.77102724404529
16.9312499,10.348776388894432,-6.987782276655193,2.902236442363818,0.2850673154359388,-12.939648384320733,-46.06711501968239
16.941249900000003,10.166464416020276,-6.577073383911574,2.664713087167772,-5.033484686351404,-20.27386580852998,-48.395712880262465
16.9512499,9.962057914270998,-5.925285756227259,2.3001570684028496,-13.07083395341136,-27.573996953799575,-50.12285575032405
16.961249900000002,9.729176533619663,-5.368838949970786,1.8525571337950628,-24.388970513235495,-34.92183660607207,-51.83589772295914
16.9712499,9.751082948606891,-4.733648485439128,1.2071047451190398,-38.92409279206575,-41.37976438561505,-53.691879356566545
16.9812499,9.86818257392867,-4.229095849063154,0.7592008367470926,-55.37661942350881,-46.77517907620473,-56.18994698450681
16.991249900000003,9.929641728463945,-3.9270326531397703,0.5981823086210868,-72.38697120798501,-50.54084050892209,-59.413824573555246
17.0012499,9.9580253628979,-3.670635506151704,0.26705834336993334,-88.77896316992945,-52.31123012077499,-63.671980716370186
17.011249900000003,9.86815902636205,-3.68835972176778,-0.009518022608929009,-102.0960292758262,-52.66471058362673,-67.75319217484873
17.0212499,9.685481333606763,-4.073801880720134,0.0013241937649473784,-110.35200857956406,-51.68956772827825,-69.93031304704796
17.031249900000002,9.48876954948739,-4.357264081817721,0.04890013356342287,-113.78637051444356,-49.41352713415302,-70.0468575609123
17.0412499,9.165582544010675,-4.442358934126496,0.17256884363001598,-113.00623476753913,-47.05795526076073,-68.48790749033027
17.051249900000002,8.811606814800514,-4.533773145407576,0.38355478352273864,-108.33315393677947,-45.13177362265594,-65.07760660024928
17.0612499,8.641596915715896,-4.565421084936594,0.530965560994324,-100.42363397487334,-43.017656914651226,-60.405440637652625
17.0712499,8.422127896185712,-4.730836451183326,0.5582328700121333,-87.277939856364,-41.19682873879037,-54.90935126156903
17.081249900000003,7.991938383738182,-4.83990415647708,0.4208632415499339,-68.66799600687322,-41.00578808627926,-47.94441604910702
17.0912499,7.793987618757636,-4.654424584877783,0.42197309400537647,-50.13335963391545,-40.85961957814059,-41.88042405389601
17.101249900000003,7.777840294657038,-4.429423706186105,0.5132250796371897,-32.378755346178636,-38.88851440075617,-37.31439065671528
17.1112499,7.586469815631508,-3.873841661880801,0.3687455106292904,-18.443646947547055,-37.41603396272006,-33.01611842872748
17.121249900000002,7.625737404828882,-3.3309629418620705,0.19719787221016938,-8.581277848699749,-35.58690885219809,-28.756925705762576
17.1312499,8.113331236315947,-3.131592407791165,0.1787511488055843,-1.1630639892333745,-31.295611160137923,-24.996616448321724
17.141249900000002,8.156181374293732,-2.6473790929289676,0.04107872903317498,0.33385786422378916,-28.30524173895994,-21.72009106668967
17.151249900000003,8.146257568378108,-2.278308972832004,-0.1659263656298147,-1.0095373937070569,-25.563375824786892,-18.712023938012788
17.1612499,8.336469627381963,-2.0598372595331504,-0.26895233824260867,-4.039124806123534,-22.602646004194277,-16.41790115329112
17.171249900000003,8.334871431381323,-1.8464476074948435,-0.3479429119953069,-8.81435413516504,-20.528340246930345,-14.734813438155609
17.1812499,8.15345409418651,-1.7561000202140276,-0.5115153965688429,-13.67559777712742,-19.36844752667293,-12.99224757185053
17.191249900000003,8.044206365595524,-1.8499805559294205,-0.6704064961213482,-17.825992413838474,-19.273114139425083,-10.890626190914976
17.2012499,8.158365274552088,-2.0644444025961897,-0.6762778534573497,-21.619205644945254,-18.94439849229448,-8.828274601804472
17.211249900000002,8.24479927152068,-2.1283759608734205,-0.6977677890211149,-25.016981761836693,-18.25592644638639,-6.858487371210751
17.2212499,8.245434438849507,-2.0577963831808885,-0.7312587563506138,-27.780966451546625,-17.888562070776107,-4.560195403637855
17.2312499,8.54872561364768,-2.1013293577137255,-0.58057373664164,-30.034292425699185,-17.183785039418876,-2.3067205275896256
17.241249900000003,8.971568705644797,-2.4551188104290578,-0.3350377080579592,-30.44832196100978,-15.606501688773275,-0.3585177283183457
17.2512499,8.961540373557844,-2.857475269593779,-0.25413296054600026,-28.58933868847437,-14.30518164709432,1.6081873146486427
17.261249900000003,8.862068949058667,-3.1136816434454033,-0.3409504157349864,-24.22270461382501,-12.511144740287294,4.097752003325586
17.2712499,8.884079853172679,-3.1912676555652517,-0.42330981652708205,-18.72446160829387,-11.018360255379543,6.957072032283136
17.281249900000002,8.932120495992478,-3.2686228103635426,-0.3273554724926959,-13.345842797247752,-10.64304976332442,9.566998816225112
17.2912499,9.183155520791011,-3.5880291855618025,-0.05662889895004577,-5.5021350837744,-7.843411621119668,11.36508992896612
17.301249900000002,9.073740065512657,-3.6750537896951463,0.015903220568501568,1.2258863395246606,-6.341544939605586,12.037346012486934
17.3112499,9.152466963092113,-3.870566915243016,-0.04936064579576974,8.262556622934968,-4.9694895793452725,12.637924332481463
17.3212499,9.311804912046819,-4.054260156893224,-0.012173134629277473,15.246300322057689,-3.103906490439081,13.451935577562535
17.331249900000003,9.067389298829386,-3.907420587262548,-0.07151138225426262,19.523728965671424,-2.7038410935767803,14.096667502911032
17.3412499,8.930154268367486,-3.760616743068311,-0.29316557842004226,22.26879625532701,-2.5934578569937963,14.388153330928562
17.351249900000003,8.91926575581085,-3.623322695331852,-0.5105215342399576,22.60734814778939,-2.948175700019968,14.21796974548775
17.3612499,8.837230995518578,-3.5069319799870367,-0.6922021459220298,20.186421302220946,-4.124167692513759,13.439871814440071
17.371249900000002,8.80757923977866,-3.4216967143476884,-0.9242806380810622,16.479952627403506,-5.324522880085107,12.151583463931857
17.3812499,8.95409293739843,-3.318978595449709,-1.1079738848481955,12.08365656011862,-6.145595380937288,10.646921354237724
17.391249900000002,9.202150837595582,-3.269592385283186,-1.064872762749282,7.282614398152385,-6.5950868906108555,9.177392585263544
17.401249900000003,9.390721175498998,-3.4238945983609548,-0.849856283446839,2.909977456208542,-5.978479794628027,8.054353566992178
17.4112499,9.48019804346179,-3.683224495310655,-0.7400669442773862,-0.6345536875870855,-4.531135529433523,7.461122646197535
17.421249900000003,9.426273957765972,-3.8295967769789105,-0.8126342615888399,-3.196322044281774,-3.331712799931438,6.971420179887674
17.4312499,9.258684055528501,-3.9635614664082386,-0.9280569004873217,-4.413135173367944,-2.3228909401071904,6.248902886254217
17.441249900000003,9.010296937798564,-4.232481864022334,-1.0140380487846192,-4.007768409551725,-1.8421036268364415,5.409121279837906
17.4512499,8.806299212961411,-4.521711033191201,-1.080489030874225,-2.0469051196064383,-1.939687881089667,4.670335107299881
17.461249900000002,8.755466419619635,-4.624681521278247,-1.1085871550029998,1.1905032888127798,-1.857684479477635,4.091501161627745
17.4712499,8.849050224143514,-4.550286460368245,-1.0217840039509165,4.692333996801775,-1.3722979150190975,3.5072228181713077
17.4812499,9.022970956492857,-4.507834477281026,-0.8654356231716769,7.940392651417644,-0.49038566731955235,2.894136129932421
17.491249900000003,9.056006689798405,-4.52874501939405,-0.758982056771615,10.689581410707545,0.5221744649927176,2.833091666303379
17.5012499,8.924635636263275,-4.40124158311799,-0.8663917985274769,11.886216015237656,1.6966233839344722,3.6873869919740097
17.511249900000003,8.792866501121809,-4.19745860661933,-1.0651782780017642,11.122670718186363,2.3722629044928794,4.422010676749611
17.5212499,8.636421677136639,-4.061650921036623,-1.1589208114268346,8.320438972184489,2.5644298872429085,4.549398010087155
17.531249900000002,8.515461509018325,-3.9947761133775126,-1.1374330075358134,4.306343725765733,2.9646940300605,4.348932103620725
17.5412499,8.480760681253503,-3.975161220541973,-1.0853666718359838,-0.11943138082229314,3.5233640261161074,3.648097221702059
17.551249900000002,8.494304990931273,-3.9951570027230576,-1.0659177182537616,-4.2558963650734905,4.274360850610872,2.9304029352530994
17.5612499,8.590311511644247,-4.086531914917248,-1.0303306598883577,-7.1388379854807535,5.2323178978561184,2.7069379012272208
17.5712499,8.681105077327157,-4.257975371595007,-0.873806359390203,-8.49512708962075,6.339768390871429,3.083890157115398
17.581249900000003,8.644501504900946,-4.416978439474371,-0.7097685318314729,-7.935008252202039,7.547166483739648,3.9859590090487322
17.5912499,8.565441682206707,-4.444234678405961,-0.7198343297494637,-6.412401801539672,8.808427586043639,4.993232767608492
17.601249900000003,8.547212871567357,-4.432378076819292,-0.7999516071527759,-4.704076252276121,9.695182904693873,6.05993681541601
17.6112499,8.51722307760753,-4.462633589577163,-0.7865510750819489,-2.9457716870993615,10.232582036271298,7.3773242386858335
17.621249900000002,8.480904844635951,-4.448573715918042,-0.7715463252617532,-1.4233555072829835,10.791475285818366,8.567323531695944
17.6312499,8.500043773080284,-4.3922349982127455,-0.7703749046182216,0.03289391577396633,11.376719204407888,9.241822375098135
17.641249900000002,8.550151153620892,-4.336990619145361,-0.6977306092783937,0.8550367715560317,12.102054840026263,9.836688089325708
17.651249900000003,8.553779336940993,-4.287738331365872,-0.6371048730894142,0.47479871572451154,12.992473227606968,10.556421476854434
17.6612499,8.502859101485488,-4.1945580066907535,-0.6554662035623003,-1.1707945243058993,13.978394967985945,11.277251566484901
17.671249900000003,8.51068177567573,-4.068394275377323,-0.7466870964580359,-3.8850255304092776,14.782898678390264,11.595256581764676
17.6812499,8.536502769164457,-3.9959625502855696,-0.823147897798927,-7.6803582530423835,15.527354690058536,11.802870375652224
17.691249900000003,8.462553610810094,-4.013706998380937,-0.8121600100935028,-12.118102415139766,16.288930234742956,12.229335077273612
17.7012499,8.381501936248954,-4.166822195970896,-0.7417022415390265,-15.873184986396382,17.07848755085322,12.941274596969375
17.711249900000002,8.316529873879398,-4.417375412559704,-0.6717274344230614,-18.061698934033995,18.105829374015336,14.243792791452949
17.7212499,8.208169052243202,-4.634469054045593,-0.6947501934855685,-18.834126476007043,19.01752937573604,15.841656628819543
17.7312499,8.040811453170864,-4.745913085780056,-0.7701497279102525,-19.319854118266527,19.9960191045421,17.68100530813953
17.741249900000003,7.884256038871878,-4.799877409075578,-0.7881225521017644,-20.093005264715384,20.966877763089478,19.751408612275696
17.7512499,7.79377135084835,-4.8653903979663164,-0.797336788153551,-20.94057139569951,21.790755242334654,21.701707293096565
17.761249900000003,7.678855730255509,-4.9150870763237915,-0.8660292505995879,-22.16279609127293,22.812084157956104,23.818743750213276
17.7712499,7.505607664612459,-4.973773633607545,-0.9601024218523226,-23.67748386330855,23.9313124993141,26.10357260731033
17.781249900000002,7.345166874843126,-5.071916492626224,-0.99431086418053,-25.456633583210284,25.01686564569409,28.784816330813047
17.7912499,7.142648029268788,-5.13231347643152,-1.0262061059939611,-27.759346758030475,26.272470737093823,31.80544050654334
17.801249900000002,6.88226275685506,-5.155367060735064,-1.1110696079901843,-30.622797797670245,27.658426426487146,34.88550564746215
17.8112499,6.639633822920468,-5.272775662886162,-1.2308081892050473,-33.844720081347695,29.093907051404965,38.37780221711191
17.8212499,6.414089725232085,-5.330081358031942,-1.399567504232174,-37.71799716648636,30.81832927286458,41.794348901554
17.831249900000003,6.176496395562055,-5.201098128437055,-1.5423005034568358,-42.39859976563281,32.72096852274334,45.1459388885262
17.8412499,5.921174778239942,-5.110402832465429,-1.57320260604873,-47.655584823786356,34.8906535394251,48.52014024808742
17.851249900000003,5.7677712846342795,-5.13891653093643,-1.557354827576383,-53.31296936507353,38.15197640903891,51.45391673455556
17.8612499,5.725868274515395,-5.195322011988662,-1.5916313502550348,-59.22367928045927,42.140997955573404,54.29917785336785
17.871249900000002,5.647313409322728,-5.285701524762254,-1.6147526857224022,-64.45334335608582,46.271986814528354,57.58243352578296
17.8812499,5.506259681183438,-5.44890015860693,-1.5086121112217368,-68.77082314411878,50.995642360717305,61.35587718220201
17.891249900000002,5.332112915904914,-5.61392657416274,-1.4085035063086477,-72.43559878172675,56.49557014116062,65.79201266949462
17.901249900000003,5.106022620858817,-5.689619676082928,-1.382788683853984,-74.51665892456725,62.311002727906875,70.66521774888443
17.9112499,4.880815472419538,-5.728582604051275,-1.312033374659554,-75.07231308883595,68.61511817753022,76.01587334534388
17.921249900000003,4.593889647632493,-5.791744664932372,-1.1628311195611003,-74.59356923273664,76.2446247045669,83.26386034898385
17.9312499,4.243775283205195,-5.7848070161332386,-1.0662326452929412,-73.15119673333055,83.97445377369677,91.37942904091784
17.941249900000003,3.891102275914211,-5.7680491867609485,-0.923839355765171,-70.65966832404372,91.1207635381611,99.48978273277758
17.9512499,3.5135095013561095,-5.806227034770752,-0.6616727300097073,-67.40706674788876,98.56660807006604,108.28075396249912
17.961249900000002,3.0973461614418003,-5.755656302464607,-0.4829356409794772,-63.507425631857174,106.14631533573434,117.59055752616369
17.9712499,2.7154637906120773,-5.647060942301957,-0.4059866372443044,-58.54341212408268,113.29660529303779,127.42655416634416
17.9812499,2.366306650966661,-5.484400928499896,-0.30388284126973514,-52.45423129180814,119.80855009850539,137.8574900227755
17.991249900000003,2.0546646392898693,-5.192073674267984,-0.17796576085464272,-46.26324000971401,126.39732154163846,148.4018500579355
18.0012499,1.778532223804243,-4.776292946199982,-0.10181607493742176,-40.76869305258973,133.0933765291874,158.9061114726645
18.011249900000003,1.5214432251794485,-4.3022531509998405,-0.0958581767664721,-36.08141890184224,139.80111682285377,169.4365954078395
18.0212499,1.216651437040922,-3.8235339227287195,-0.12907514546234594,-32.474672066792415,146.50859056877124,180.1019882176463
18.0312499,0.9051535384577508,-3.327437472327432,-0.12373954627139055,-30.428376188572305,153.365533857094,191.1149612066393
18.0412499,0.6916367876847974,-2.8977146715331323,-0.060603192666377474,-29.29491115258502,160.64430503921417,202.80936847690026
18.0512499,0.520775028446577,-2.708521015417363,0.17166403365309962,-28.514627560678523,168.41731179408424,215.1154313957841
18.0612499,0.4115392164250878,-2.850167130927486,0.6403641249393126,-27.25933161862938,176.86627209085339,228.4218218647918
18.0712499,0.2658798198287713,-3.1321332158029893,1.0788772746583855,-24.65374594071249,185.91105381586573,243.00941497349058
18.081249900000003,-0.06283541737628343,-3.5876418757619843,1.5305994109827055,-19.865017895501275,194.35775850457995,258.4073230781411
18.0912499,-0.35771066511186933,-4.445414112309328,2.3397072585609355,-11.613222297876701,202.29124804612786,273.94130494200584
18.101249900000003,-0.7134106753595377,-5.299077607155453,3.187720129397037,0.052540562740097135,209.504979760311,288.3431077953223
18.1112499,-1.1384867736051683,-5.702509005008297,3.727779364952069,14.280584959515293,215.61566026202706,300.27842735631884
18.1212499,-1.4401522188419444,-6.016434274409544,4.149492921796907,30.623915799065156,220.79109265323936,310.26862205334857
18.1312499,-1.7643631203816459,-6.554029148371483,4.655160431944152,49.0135952319847,224.60144817624032,321.41959028198636
18.1412499,-2.1089190431601725,-7.309913042582507,5.648556264287248,64.96307937268105,226.6694327391502,333.0174088426242
18.151249900000003,-2.506676197077863,-8.465673970268282,7.39163137731335,78.17816754066175,227.7626461865462,343.71197538732923
18.1612499,-3.009728302185285,-9.532573039583886,9.121416874311453,90.17079268035127,227.66619811220818,353.97107203816233
18.171249900000003,-3.427967978885415,-10.50796009095424,10.630699269984571,101.78088426666596,225.31912813384727,362.8527149221884
18.1812499,-3.4958271040856754,-11.602509724956342,12.648410704577548,110.7295994797748,220.19290852135282,369.5270771651007
18.191249900000003,-3.3807153890808563,-12.515526900130114,14.867990208446042,113.96185330049308,210.5994179669083,371.86460703773787
18.2012499,-3.2744528329595943,-13.384990424174926,16.98673039952704,114.16978820371689,193.13903523194352,366.96615623346366
18.2112499,-2.632517470260654,-14.957825247387582,20.07324273065482,115.05959654445273,167.07586159696652,354.6393907622763
18.2212499,-1.4678950892488187,-17.397666165596227,23.845697240248004,123.0463017401131,133.39892364492263,335.8305565341562
18.2312499,-0.0608758172329159,-19.979609833036168,28.181755080811495,139.57870628054104,90.77114628884875,310.1382307378301
18.241249900000003,2.553663553109817,-22.123747476260395,34.027967279607225,152.58369908086144,42.02341655692053,278.92742483463314
18.2512499,6.399008395702609,-23.2034339553288,40.359862748735864,159.4500012147289,-13.37091173050003,238.247266040338
18.261249900000003,9.728259389397417,-23.297061900067053,46.095554199339524,160.58259648695687,-87.77647684338523,178.7354988396095
18.2712499,10.476071373917465,-24.06601663760928,50.40105144176216,150.7326600377504,-182.72998997377292,103.86976669481298
18.2812499,6.874762152784703,-26.398325312038324,52.30930975704689,139.70772686759884,-289.6353095080502,24.43782575649434
18.2912499,1.8862679541596359,-29.518843644013522,52.750510080259765,129.99171654803098,-406.96711666481457,-48.82993939564248
18.3012499,-3.0327894951258827,-31.982300347317878,51.964001329923754,110.23420801589532,-491.0649175971303,-113.37898750504036
18.3112499,-8.631174596951748,-33.768278112481866,48.32717355255984,78.83013554852532,-502.8763500586027,-177.7895440189553
18.3212499,-12.984086945918694,-35.511071615295556,43.250201772484175,32.722566709646316,-498.64925771443467,-245.66130084784888
18.331249900000003,-17.811454336475084,-38.390314811442174,38.20827376658189,-21.174719324799753,-500.38099533496296,-315.90649267481217
18.3412499,-25.067671867045735,-42.0781303924899,30.376101195327987,-75.11009113414276,-499.85750394717496,-393.44381905030247
18.351249900000003,-33.41394673900079,-43.89237420739613,20.812836471821267,-120.97615912363396,-500.344774144358,-463.54398714108777
18.3612499,-39.99218918639427,-42.738415108667496,9.669857065912227,-138.7285818196673,-499.6480443987796,-496.17740775886625
18.3712499,-39.86175283923908,-34.666628296684806,-1.8770060225810277,-145.54609703320875,-498.9585852378676,-501.013293292433
18.3812499,-38.98137829837717,-21.217471343253862,-4.014554587133839,-156.15345531231972,-505.5237787448804,-500.453245499871
18.3912499,-44.69571209246427,-15.57029003200436,-5.841043765184573,-115.83954213787493,-456.1698937315524,-443.04806490387324
18.401249900000003,-42.59958198113688,-12.497679204838157,-16.398446859255532,-27.090371307835035,-339.3669802035506,-317.92682884195307
18.4112499,-32.004426454998516,2.5914123669627322,-22.327473826147823,25.160219759864418,-250.03386114086726,-210.52606675627533
18.421249900000003,-24.397689324059947,18.757507843818992,-20.083180168680997,7.690299734424685,-179.33613362008435,-154.27040269602477
18.4312499,-20.696948973676516,22.36134322780635,-15.580512549811887,-54.06394686847995,-106.91620010766547,-102.43244966895192
18.441249900000003,-19.500098042784888,18.49882802965141,-11.190356410899353,-134.79099838726444,-46.73552956490909,-35.07853942522431
18.4512499,-20.205604549222336,12.218117318002678,-5.176381432916255,-187.9535393657006,-11.917780179325865,14.4976728888041
18.4612499,-20.25095654076857,4.655407780750612,1.422833293428203,-190.69192441116917,-3.826200288478229,34.790651243090146
18.4712499,-17.25719903046927,-2.403207060065521,6.130601627038783,-161.4693144883746,-6.327800165913511,43.50503907618636
18.4812499,-12.709463741171364,-7.282965071386475,8.665041094912747,-118.3328909642098,-11.23976172001431,50.34104388177571
18.491249900000003,-7.909268542532497,-9.040016154789994,8.677555859905285,-74.24039775862876,-15.882113015978948,54.52419438572629
18.5012499,-2.7985818807755565,-8.096692608117056,6.879158372548379,-40.73318596761592,-18.706597953450885,55.08580916670421
18.511249900000003,2.1638209317892363,-6.288903486612076,4.871028846773132,-22.195387789311123,-18.97070074504857,51.20520288591867
18.5212499,6.3947438542847586,-5.248188381212993,3.1562527411139514,-16.04194187932615,-15.629487453989318,42.269334460377735
18.5312499,9.436066397603875,-5.1020039136121405,1.8121328789848525,-19.95592761853359,-10.59331586336329,30.342788967821306
18.5412499,11.253741665521863,-5.323523760277708,1.2397442412240587,-30.782290693228717,-5.259351296541827,17.43316295428163
18.5512499,12.158507929077691,-6.005848947313539,1.7928802738379856,-46.80533846027584,1.7071047667888877,2.105327508669207
18.5612499,12.121281939587515,-7.4198227966134604,2.9130190988990807,-58.42832222019298,8.949052311327286,-14.127004747400377
18.5712499,11.462646355362995,-8.829077930296581,3.614484745448024,-58.80927676370062,14.084595311315573,-27.715071764628036
18.581249900000003,10.869835911544351,-9.9157861755964,3.9064039991343917,-50.07432384917793,17.67456230620309,-39.041045299069786
18.5912499,10.469762590433438,-10.752729864929696,3.793207154120454,-32.15018982815269,18.637709270353586,-48.09183592680243
18.601249900000003,10.156837107382826,-11.034650123061766,3.2546330564656643,-9.079495596256258,15.139419635477697,-55.29432890017852
18.6112499,10.12174312552277,-10.590753383707291,2.524355251547224,14.222659068110033,7.559819431870146,-60.60676521391744
18.6212499,10.430102775835344,-9.574711132450117,2.316431640835621,31.358056088779716,-1.5805931971021434,-64.94149393314288
18.6312499,10.550084473982714,-8.298142095083678,2.537970430190418,38.58514049919722,-10.652604909934288,-69.31199095424442
18.6412499,10.182841993225578,-7.109007391164397,2.5786316723944753,35.97459992977879,-18.969424477583125,-73.39552475245958
18.651249900000003,9.80685794703489,-5.981715147863683,2.6824552761254514,23.097159236494214,-24.9541894418948,-77.30988143813236
18.6612499,9.543890973186935,-4.753975555174976,2.730543998544332,1.3527126799228815,-29.34633054540083,-81.3525924817563
18.671249900000003,9.404007903510287,-3.9098167673586937,2.2472143576608166,-21.67966075288009,-32.681770655889686,-85.34369684812792
18.6812499,9.402688330260942,-3.5737106400183762,1.5661508034738378,-42.51624901203755,-35.538665476235074,-88.84623297086418
18.691249900000003,9.415475362962239,-3.4256827734381528,1.1869575621114536,-60.53946329598697,-38.71767637894604,-90.46809040517836
18.7012499,9.547014070101126,-3.581851011577043,1.0003941522499729,-71.85717037766598,-40.50249188280566,-90.15865689683206
18.7112499,9.409619751826058,-3.867064736058438,0.858108089661829,-76.72672946775047,-41.97385262317101,-88.49998634146635
18.7212499,9.047148918652628,-3.9350141645184755,0.746890543577902,-76.93795885898372,-43.55163186289827,-85.80507598612577
18.7312499,8.848311384190346,-3.82780218751418,0.7256866639268073,-73.08649774054022,-44.02799945281186,-82.45459004909337
18.741249900000003,8.693867662296343,-3.70153921351867,0.8269036813058875,-67.3538154534926,-44.05444407858171,-78.47046341342183
18.7512499,8.64024717621206,-3.4609883953952645,0.8615296490536366,-62.17461560411576,-43.74161599969816,-74.36176291083167
18.761249900000003,8.786563369528817,-3.1232279912442307,0.7061528827641399,-57.479566396070005,-42.43324897608003,-69.99157366649615
18.7712499,8.928252756028844,-2.8264880910206545,0.5447029008199691,-53.06580130010027,-40.99473877805138,-65.73712499728833
18.7812499,8.955411204691906,-2.7111902006846336,0.5333978107824598,-49.00337394055037,-39.374356702350994,-62.24253580943521
18.7912499,8.857728882326805,-2.846764290860315,0.5560269935422293,-43.97021823368942,-37.384200779672625,-58.45561910120034
18.8012499,8.643229510034653,-2.912706262500643,0.4166988185783318,-38.01334868265174,-35.63062637053812,-54.13726475700906
18.8112499,8.331002694216583,-2.7381707723876065,0.17076323219368508,-31.955729255660515,-34.41693261815083,-49.46883180904395
18.8212499,8.038875749021662,-2.6226803551312243,0.10832984387390164,-26.130395983084394,-33.38843321049751,-44.550887973164656
18.831249900000003,7.930270638961989,-2.6722746918509492,0.0801199263234057,-20.337067106910865,-31.752031832977856,-39.581442700910834
18.8412499,7.810511769164543,-2.5304634236478822,-0.1395088846442753,-15.53967157323928,-30.553751497932147,-34.37725696583711
18.851249900000003,7.76218700427972,-2.4530538447043213,-0.29399896842901996,-12.001550243466506,-29.532667588474254,-29.007055835089126
18.8612499,7.760102309634602,-2.506145996260772,-0.3652117223267735,-9.7097091887527,-28.37841493824989,-24.005092396181066
18.8712499,7.735263271354182,-2.342797075969377,-0.4993050336024181,-8.631856007439811,-27.519366708259657,-19.833937354865657
18.8812499,7.94018097578174,-2.047365525558466,-0.5857598020560879,-8.67139232828964,-26.56388577746831,-16.98407467977392
18.8912499,8.228938753070329,-1.9549696938244394,-0.6115854473016307,-9.462868105736476,-25.204285407330644,-14.95743389932425
18.901249900000003,8.288369374243636,-2.0918878055925147,-0.7188552291927885,-10.470818457720082,-24.31569288365056,-12.373181924067103
18.9112499,8.35222524663061,-2.1525284565845304,-0.9071816848042416,-12.22773445859387,-24.11503583546392,-9.332373433061985
18.921249900000003,8.511373050300465,-1.9664362216730793,-1.1608139519047131,-15.314786650023999,-24.124142147621015,-7.084010965108614
18.9312499,8.508027521293261,-1.750877497330604,-1.382017484525256,-19.267071194463707,-24.145286566096004,-5.256344897794199
18.941249900000003,8.372719413345227,-1.5398338049077156,-1.4383823887920923,-25.56979972855341,-25.41719205265701,-3.610175279814744
18.9512499,8.831180031974874,-1.5091681072458387,-1.3839547872901463,-31.278911756860207,-24.51178545328606,-2.511894611306576
18.9612499,9.43866155978233,-1.6552821868442704,-1.2647994363058308,-34.707172958289235,-20.576170786750083,-1.2520716428730987
18.9712499,9.167475458640732,-1.8617955718942418,-1.0961146811058051,-37.56048747629988,-17.81948835861202,1.3662387772779958
18.9812499,8.700750404385746,-2.4130933406054997,-0.801685453611006,-38.447489535287104,-16.214153960980394,5.122434487079009
18.991249900000003,8.703513700084589,-2.8486560657208893,-0.8570106498578934,-36.22715017702412,-14.877534246134767,8.364052234163184
19.0012499,9.005637860954105,-3.112615233673085,-1.0939805374525202,-29.895045507471398,-13.036211894847602,11.119239141860549
19.011249900000003,8.735845818383764,-3.1435886551314365,-1.028316543931525,-23.90382206327587,-13.880961264007295,13.464221478635714
19.0212499,8.781134960727796,-3.312158605411117,-0.9880342044157676,-16.647296172393904,-13.167468920106865,15.243182556512156
19.0312499,9.150153238603837,-3.300674450890488,-1.001879470991413,-9.855657582540099,-11.44118575828173,16.53065707891684
19.0412499,9.244348070026886,-3.2680340078167283,-0.9466301131764834,-4.672243230028493,-9.643733473706051,17.64690988617002
19.0512499,9.190949653028133,-3.4695703746165094,-0.8004254178449617,-0.9387971125496865,-6.639118847865579,18.896681324039267
19.0612499,9.129335021842442,-3.4521747537911875,-0.8251648234692629,-0.2306269236677099,-3.7951244310533707,19.72801277845057
19.0712499,9.188966384728305,-3.337769203227686,-1.0918795425192218,-0.7675436652250156,-1.5361053093398411,19.400160563986947
19.081249900000003,9.081920611741191,-3.255672926623316,-1.3181185304374383,-2.10410227209134,-0.4740631213882177,18.286461583636854
19.0912499,8.944245493284662,-3.2605627385450373,-1.40878201483026,-4.281335132606245,0.6537884038451488,17.326763484201265
19.101249900000003,8.881740124900967,-3.2623204709417735,-1.4035357214720012,-7.047208491793123,2.0510309122414028,17.199796184940706
19.1112499,8.84496469726007,-3.28584334254105,-1.348207191590544,-9.78268231244762,3.2995221359197813,16.49535517360691
19.1212499,8.903180283817026,-3.423995013853236,-1.2615270957205127,-11.63357111719278,5.187421472969326,15.52720460120528
19.1312499,9.0590437678711,-3.5344091934807667,-1.1929988440653627,-12.892025929039233,7.741306781500002,15.126955726022874
19.1412499,9.238301138113702,-3.5816591275972973,-1.121400824356892,-13.451821603787458,10.296215928990716,14.813915690462965
19.151249900000003,9.284450501598206,-3.6721721198839523,-0.9817333652500109,-13.444559560835454,12.780357796218379,14.557245011135521
19.1612499,9.191196337337809,-3.828773627201621,-0.8402248231665049,-12.902399272860896,15.059286766202327,14.41136137826068
19.171249900000003,9.108574570828798,-3.985677746466009,-0.792968968419222,-11.30593442749494,17.17996244249314,13.965697175706364
19.1812499,8.94366628709865,-4.097622343623048,-0.8272949291960717,-8.227180735488536,18.645398234836946,13.599298851710978
19.191249900000003,8.84566135262528,-4.100999753951177,-0.8616375473901156,-5.061448603310277,19.291356740455402,13.900412731753283
19.2012499,8.911010363898095,-4.018635908476407,-0.7799343764449024,-3.3147030473047603,19.437022192375522,14.151756862086406
19.2112499,8.937162871888386,-3.9696107211417293,-0.650785753828714,-2.2137834000411813,19.752114495111247,14.327978357386844
19.2212499,8.919775551485726,-3.929589250583797,-0.6334859222029797,-1.4211920127442976,20.15010865424601,14.412197448479967
19.2312499,8.88408396755066,-3.8524992309225623,-0.6528985018581324,-1.4718144038392702,20.021020570643376,14.65025538725624
19.241249900000003,8.822486511525371,-3.7837538557793278,-0.6821902549767815,-2.498756403406296,19.671001128283063,15.237342386346418
19.2512499,8.725834834773972,-3.7133017742836976,-0.7491167414869024,-4.74167536592715,19.115761055048008,16.0244540690122
19.261249900000003,8.672862257436158,-3.655924276521478,-0.7754920081344232,-8.373663788918261,18.10040440283553,16.710590103478605
19.2712499,8.70612349113464,-3.6202938345638986,-0.7923733926501522,-12.664438907263802,17.30838695041734,17.218353209444736
19.2812499,8.671070122602352,-3.63882343166682,-0.8365751642507765,-17.46034624734467,16.544466365211694,17.700196469528244
19.2912499,8.633843980556346,-3.798626631468581,-0.7667365057855051,-22.18681798424434,16.0434196598776,18.45565235122406
19.3012499,8.645686034701736,-4.026441786881808,-0.617924772722262,-25.62466044129323,15.981952545476691,19.113543693860642
19.3112499,8.718836775644771,-4.278962419769265,-0.52688957835394,-26.899927115153098,16.288210532753713,19.643041748842933
19.3212499,8.716002412242283,-4.521026856332027,-0.5253331638992508,-26.548642206993907,16.336622976457758,20.757143299134345
19.331249900000003,8.625950248349255,-4.746708418107359,-0.5592750781198103,-24.898769673416393,16.34049326823144,22.47269428914005
19.3412499,8.502414399241927,-4.84975621267393,-0.579380563638425,-22.767002739016593,16.37597420101579,24.35743562800559
19.351249900000003,8.382272727378345,-4.832796699433745,-0.626416512226425,-21.346420423761025,16.338581140218405,26.07698562267241
19.3612499,8.320057318772557,-4.83414269417477,-0.7092382674883839,-20.796472451336374,16.44208944001142,27.533100697835312
19.3712499,8.24010032428403,-4.8364016397864455,-0.8324510806114012,-21.462906034977827,16.801840848215623,28.91509048544092
19.3812499,8.154708403539741,-4.824414667955387,-0.9521289831210886,-23.13093909686479,17.236605310420202,30.08401606891259
19.3912499,8.135740696189579,-4.8562435901750876,-1.0041583663862188,-25.192068400161492,17.987927346758497,31.017883579567954
19.401249900000003,8.06247262975412,-4.910145257358637,-1.002279483993168,-28.01700324498886,19.686794056286832,31.966664355648124
19.4112499,7.852338525390745,-5.01298065100882,-1.0656393926096512,-31.101330352305695,21.373447540732624,33.09820887797244
19.421249900000003,7.61733187096117,-5.0928863108464695,-1.2882463344191608,-34.37491235144812,22.965883606609115,34.735579697519185
19.4312499,7.390621206153676,-5.12513600713643,-1.5269855746263545,-38.61780178812174,24.801116698809647,36.872017175910656
19.441249900000003,7.149127429200302,-5.244301190550522,-1.615600073961037,-43.774923474274125,26.824639087871184,39.246143018445544
19.4512499,6.86744992034139,-5.343584313259053,-1.6944181513241712,-49.51375574193252,29.468244571503803,41.61920340431347
19.4612499,6.547011588117521,-5.329223682493834,-1.8513911185493725,-55.51030139451301,32.44196515015995,43.823975326045556
19.4712499,6.26302760452692,-5.25279371786261,-2.002818665008779,-61.55819976549619,35.54268299101458,45.82481181640273
19.4812499,5.997746539977957,-5.190532262145746,-2.119559059632097,-67.54145923857148,39.362428898134226,47.93831800590098
19.491249900000003,5.697473101179254,-5.2181006762498585,-2.2054033901742893,-72.72743987701242,43.875461121069954,51.0683905764633
19.5012499,5.418741685867947,-5.215054673997194,-2.2483857775633695,-76.66478580605461,48.994715363798655,55.861964328746765
19.511249900000003,5.137759496560729,-5.073766292072051,-2.261776053163071,-79.76511733040107,54.84804399768759,62.061320829194095
19.5212499,4.793704197962203,-4.8492899221104455,-2.2734695318803935,-82.16589822225474,61.24894837557103,69.48989768589267
19.5312499,4.367465814937577,-4.576943496089327,-2.246096921186925,-83.874503691505,68.16420581009741,78.08361634309145
19.5412499,3.8733181067446125,-4.233746970077469,-2.213290248342062,-84.96360954296053,75.3929763114003,87.61471638320623
19.5512499,3.3422036494930656,-3.889110781691174,-2.1789867707638355,-85.21821240014607,82.53154032467317,98.07399363071465
19.5612499,2.781648648057163,-3.725208931493197,-2.0134491431777217,-84.49428005459609,89.52103120058835,109.21180855594237
19.5712499,2.191901516056136,-3.7211668256637616,-1.7712513662671066,-82.31159782657078,96.54718441838736,120.4844285136316
19.581249900000003,1.6201215597255016,-3.630583428433888,-1.6111056517776152,-78.78060940320142,103.12618537053856,131.96550710830513
19.5912499,1.1737633895551738,-3.4944986452488966,-1.4643280523381015,-73.64455134372884,109.11574064468772,143.185227203886
19.601249900000003,0.8160490319644271,-3.3621119715484276,-1.2600992542327258,-66.92735913029696,115.01577615276787,155.02393750726796
19.6112499,0.4945909600046999,-3.175090570130914,-0.9786786878347125,-58.80536263991958,121.72646335763895,169.66214535808137
19.6212499,0.42899229203328376,-3.0450622895435533,-0.6613415030563161,-50.35771676443084,128.89857911780717,183.89064031003244
19.6312499,0.45126800807567713,-2.7885654319933066,-0.3290609724875261,-43.445846866098485,136.12545944241572,197.57762061280528
19.6412499,0.4627320605921333,-2.518278155753864,0.032708579178095123,-36.646285159018916,143.94489677936926,211.79611488705424
19.651249900000003,0.5552705566281555,-2.3264585586806756,0.3999975171348592,-29.17845609293905,152.40925989036637,226.52519232546723
19.6612499,0.5906714396580987,-2.182145445592227,0.7571785806876415,-21.552202689464924,161.24860153553175,242.46350715071515
19.671249900000003,0.5619547449795932,-2.1817327217494866,1.2135951354564583,-13.082616412701878,170.87138405446916,260.0537409242582
19.6812499,0.48371415606819307,-2.428384469174792,1.9010710931773807,-2.7144822334992726,181.08842846211064,278.74476923973475
19.691249900000003,0.2648795395251074,-2.9356401658251747,2.6573819783783974,9.62908001554743,190.9152864492002,298.48523125858975
19.7012499,-0.053231091876809064,-3.3902970157373997,3.318902354694922,22.93223779027674,199.95175303170885,318.876937394609
19.7112499,-0.41102148335170324,-3.9759199032834043,4.138286510996442,38.436033448965816,207.4121115987832,339.28143569257105
19.7212499,-0.8832706087105335,-5.293626139388482,5.487404056092309,59.192509727465286,211.7964638720344,359.50459595576723
19.7312499,-1.3551328466194765,-6.82946038255877,6.965281187652517,86.3899422679495,213.87687135107234,378.55688733652767
19.741249900000003,-1.8533903476853486,-8.166060871975523,8.031631180168487,119.92247553848023,213.4629352374036,394.3948513062688
19.7512499,-2.3618206096327867,-9.296147940022626,8.783259542865766,155.7525621432669,211.19433477775513,406.1893686069057
19.761249900000003,-2.699865465115553,-9.791499545937784,9.442557846886704,187.088623725124,209.18869352662054,414.6704566359186
19.7712499,-3.1162045064547588,-10.456122010516149,11.108952310634738,209.47450136216983,207.55421104008715,421.473294314727
19.7812499,-3.767474041207712,-11.788029886551518,13.594039349426101,220.91979961339638,206.52805115761458,428.211518722717
19.7912499,-4.479568313261762,-12.697443154903285,15.712666436877928,218.80052082749066,203.24427934691505,431.5988685693696
19.8012499,-4.715701735942937,-12.539244042197279,17.122512464688754,206.28883467155762,195.95138340893814,425.9931512174869
19.8112499,-4.388673290034642,-12.006957347281901,18.359183489527204,187.8204143598672,179.48876856649218,404.6539383408795
19.8212499,-3.422940916807116,-12.137530214322616,21.044712532086827,159.5771840680444,149.21836726594455,366.8781014787608
19.831249900000003,-2.2022954774776546,-13.3102246322544,24.6957656532203,127.01564041513419,111.74166136501017,327.17504342237714
19.8412499,-1.8033928765709388,-14.727361542758448,27.28119912235969,84.53687489198568,66.2175763058653,289.92622038540605
19.851249900000003,-1.9842750181553386,-15.731393909605373,28.515849354658926,31.279279953488413,10.41132253980314,249.86764943341709
19.8612499,-1.6057955372374484,-16.284402360301353,30.229326350464174,-26.28631129125252,-55.426686282524436,201.51929823448035
19.8712499,-0.07363471275146535,-17.852645375854365,33.57255883764224,-73.4240121814361,-127.02818904194467,140.76451370868648
19.8812499,2.2042071148159765,-22.57420728283187,38.55764786670964,-88.06747629408001,-201.6281322216417,72.53459497318241
19.8912499,3.458097230830667,-29.227591986381544,45.200846856822665,-65.97411076552125,-276.1017183051683,6.394433616014663
19.901249900000003,2.0220690075505314,-36.48741854984653,51.50013112669623,-2.9112895484876624,-357.1967005163712,-58.15079086007778
19.9112499,-3.605140984693784,-44.519951157702515,54.506705790234314,86.05554228611477,-450.99141267456866,-121.9682458659598
19.921249900000003,-12.050867322088985,-48.4435013655006,52.92825578586707,169.86652770585806,-501.6790073857535,-185.82631035714257
19.9312499,-18.993641078335337,-43.91333963876753,46.870287376345594,212.6690218571273,-500.3440099306891,-252.10762169451388
19.941249900000003,-23.99626281231721,-36.087785422900836,39.237125121460004,187.35884288542468,-499.3135066522399,-313.22216577969004
19.9512499,-28.42955449228073,-31.23635092841734,32.95851963228539,103.44890419230614,-500.34899078195576,-360.0693770257793
19.9612499,-33.880935092732386,-31.006690780421575,25.765008878369606,2.22789142249759,-499.8182370753693,-394.6670695458015
19.9712499,-40.278186773846826,-30.476585934122912,14.57899924991919,-88.28334191799716,-500.5055847812688,-428.6244235413398
19.9812499,-40.57112337186937,-24.962284256039695,2.2587369457884425,-175.53553861933935,-498.76135567824485,-469.5757098343484
19.991249900000003,-34.45876859879463,-15.998465046688107,-4.6134073522135015,-262.1077288552496,-501.54212423292233,-500.76895404595405
20.0012499,-34.44356330116504,-10.627768804003935,-8.597140281268949,-277.4939654226927,-499.1359596781466,-498.41963863202955
20.011249900000003,-36.65486724572239,-10.285512607029997,-16.379440192334126,-212.3508499699,-425.7036837044833,-420.41053436310796
20.0212499,-30.603522998262363,-4.961690936368225,-21.013087792778677,-119.47419011397744,-311.4524658669087,-293.0448003052892
20.0312499,-22.923804479856354,8.357799062233918,-18.59824137749237,-33.74048860497928,-208.83263096020232,-187.9907646259086
20.0412499,-20.26951474594386,12.297324767421566,-15.051466965574201,13.025694844399364,-123.8243395514737,-101.5487097936799
20.0512499,-19.670252814666792,8.764506800572178,-12.34712375468561,15.258402234202666,-66.49697723770501,-15.550216244304853
20.0612499,-19.104924944780745,8.75855739137686,-6.706366979585438,-18.455007135533133,-30.754743654934195,41.60903204242476
20.0712499,-19.75187191957839,6.621294042728712,0.10809123085888608,-59.567250185637086,-16.187747566497478,56.324442316277036
20.081249900000003,-19.43698162127434,1.0148788508319815,4.428791377007346,-91.2681094122717,-17.49994859848501,51.36010836439847
20.0912499,-15.848579261779781,-2.6740468276764315,6.484762573481784,-115.20750382961721,-22.711453201635322,42.52479989331341
20.101249900000003,-10.601912900656275,-3.6290913501690842,6.735869531540654,-132.19450938564987,-27.169250864565665,33.02482876618699
20.1112499,-5.236615180398367,-3.589475022504213,5.889926251263822,-143.0484293777031,-29.215498456355753,24.45068030740105
20.1212499,-0.36643206298211306,-3.8174811033607163,4.469623364608461,-145.29298073412076,-26.906627282001,18.811145495953784
20.1312499,3.5801369730815256,-4.713304852516213,2.972828973199808,-135.77965961049733,-22.25015227411723,16.18035786367869
20.1412499,6.6543132001001215,-5.756947218592016,2.2449700557328023,-119.1437145401263,-17.120226549531303,15.299837867433522
20.151249900000003,9.039717214539206,-6.95633884956883,2.0664148902910253,-97.14917244172547,-10.808207510394867,13.781795551182629
20.1612499,10.95642201127887,-7.80052391706205,1.9020746410039955,-73.25942988143984,-2.508369925014734,9.697337933915884
20.171249900000003,12.339968692183875,-8.10759815725989,2.090048617805073,-53.71431809897146,6.349818620770911,2.7886097562422814
20.1812499,13.123535373209993,-8.682712438202381,2.7073621853394516,-36.921961310808165,14.877673946221584,-6.353057379305409
20.191249900000003,13.39614755866458,-9.05242624839995,3.334086571590656,-23.837057956075917,23.070528290739368,-16.86315384198028
20.2012499,13.058203259250392,-8.999952215586383,3.788338500277316,-15.564698084002808,28.565506060943434,-27.460743063598017
20.2112499,12.433642494997141,-9.089192321510314,3.8791935460506917,-9.735228207037336,29.432558134638114,-37.2207834741949
20.2212499,11.827318866909458,-9.291836115499228,3.584918604259764,-4.081326870655865,25.5983611798644,-45.332781408049996
20.2312499,11.342242753391444,-9.157250487550726,3.0755273629657034,1.6704957894230845,18.222531436195876,-51.870042884087745
20.241249900000003,10.972356100081598,-8.561679760950224,2.3750745986273376,6.408789865767436,8.274194824575938,-58.05733339256374
20.2512499,10.719811669215389,-7.854813215978776,2.167463885384109,7.54172124397088,-1.6859522246030738,-63.74334233799929
20.261249900000003,10.620005528804413,-7.118042677175116,2.654895724502236,3.341964513255882,-9.776742528141078,-69.49257982663138
20.2712499,10.361858530884284,-6.158003401702933,3.074942597839575,-6.0642178124282005,-16.801158578793746,-76.64413884002823
20.2812499,10.047161952980636,-5.304551938230424,3.304583846412075,-19.328023966825043,-22.46669469981207,-84.76644913294683
20.2912499,9.819419683979776,-4.894356143327989,3.294412032373472,-34.22180073750115,-26.681830618240944,-91.83336540110359
20.3012499,9.466869228863645,-4.65914135240583,2.8301476563394385,-47.851417329941434,-30.755525945861926,-96.05261676935147
20.3112499,9.128340120635919,-4.380968333631219,2.0303530233918012,-57.49262003827679,-35.48362549410648,-97.09048453322463
20.3212499,8.882993540120777,-4.206717607090208,1.5583154763108096,-62.47190617613676,-40.79741719487701,-95.57799365969534
20.331249900000003,8.693766041127445,-3.9812416812209195,1.4370628944792752,-64.49885404302579,-45.27512859877141,-91.93056910712419
20.3412499,8.463510285086283,-3.4888417944502654,1.2167000864555928,-65.12070181674038,-48.52454901833426,-87.26984940576793
20.351249900000003,8.330031406507475,-2.956786704392276,1.1308962309395034,-64.6437427938708,-50.940686403736684,-82.49787845493155
20.3612499,8.35024747297606,-2.7276996424369937,1.4608821770506313,-62.66813572327945,-52.11944440617923,-77.33135923330919
20.3712499,8.226441885340062,-2.6215794386440354,1.7559608324163525,-59.76991722761847,-51.797388119317084,-72.23509166567335
20.3812499,7.953199495845862,-2.427209975415729,1.545697979085143,-55.961401715326346,-50.809345778916594,-67.39226063252501
20.3912499,7.857705820562751,-2.2251973723841862,1.260619698465284,-51.106043574116406,-49.014888135994504,-62.26106060924865
20.401249900000003,7.956858663319203,-2.1305865158887616,1.112408390480114,-45.05707395671397,-45.682251865554775,-56.81759982070551
20.4112499,7.89370258453218,-2.037182397679191,0.8627783435882349,-38.28094078550016,-42.91134399336158,-50.932140147962144
20.421249900000003,7.730860476532757,-1.8778096702072904,0.5635754208203905,-31.51572381640914,-40.75758160617142,-44.61092956893697
20.4312499,7.649534274519196,-1.6960244613095372,0.3274702194734025,-25.8138036229687,-38.4751920252647,-38.35817034505981
20.441249900000003,7.5720556337665235,-1.4936506023958296,0.07640313477714289,-21.532965362164727,-35.89312447356029,-32.10631963807795
20.4512499,7.468926737166899,-1.4700950152568621,-0.102696069277885,-18.195028655847025,-32.75158760443461,-25.236705473189403
20.4612499,7.364743238705826,-1.4336691584577448,-0.21497216415518655,-17.47644877025864,-30.37222600535375,-19.547564303548654
20.4712499,7.468379592998605,-1.3584410622369234,-0.34451594384662676,-17.58539765276069,-27.814866985936153,-15.848128985285932
20.4812499,7.653562411515392,-1.3155182310583775,-0.46257070449460375,-18.841550104439676,-24.640422225655378,-12.680763877042782
20.491249900000003,7.860183410017878,-1.3206777517562094,-0.6070540149168117,-21.719472166402834,-21.732412431235147,-9.620062675562515
20.5012499,8.041650760303174,-1.5106360364950888,-0.6884999600870886,-24.2171566817197,-19.48712931704875,-6.708610744109675
20.511249900000003,8.137126397304641,-1.7600384987052498,-0.7258347729488318,-26.137098044399988,-17.893024158969528,-3.6570302591968433
20.5212499,8.252161725669948,-1.9624616433628135,-0.7564456858289536,-27.245765054614527,-16.470053312413402,-0.7979262460920767
20.5312499,8.386045922727298,-2.2348116646844454,-0.6954451147138689,-26.79942222340699,-15.168719537018314,1.2033107205297309
20.5412499,8.551520560303912,-2.6122313264084216,-0.6110249701108037,-24.479551003321045,-14.139733224463706,2.8958102677318798
20.5512499,8.72977810211408,-2.8866110531664826,-0.6467610231797423,-20.24800539045071,-13.411385070864334,4.495628232119819
20.5612499,8.892156888324173,-2.9637116098111136,-0.7382097931869206,-14.660414533723424,-13.012915712108716,5.711954156958871
20.5712499,9.046485160888873,-2.9331719716053244,-0.7747903707669234,-9.117246351935979,-12.760050837169313,6.374341430054645
20.581249900000003,9.077290414919876,-2.8484835640684185,-0.7831800795460063,-5.5026402482704855,-12.707574472705097,6.950302330703926
20.5912499,9.104347913638987,-2.8268004069382617,-0.8305354025787431,-3.5760249303398743,-12.130932570688056,7.591233585734582
20.601249900000003,9.269037367020859,-2.8418216409477974,-0.8878616091818289,-3.1208484309321016,-10.510455452030156,8.066737336798921
20.6112499,9.318913380804869,-2.6111220266640007,-0.9862137589987363,-6.157068631084375,-9.485639834525504,8.153719580130932
20.6212499,9.450657961927515,-2.4308567547019924,-1.0431900223165147,-10.267977761765264,-7.914270571922145,7.904684457939116
20.6312499,9.60890311494334,-2.475790043616334,-0.8728639101433417,-15.123168976529382,-5.735642802179267,7.6630695969860625
20.6412499,9.834247733366073,-2.8178546360888834,-0.6919342993286742,-18.593338145816695,-1.885873418418555,7.879300389327399
20.651249900000003,9.764838987671633,-3.216082856927783,-0.6100133972200633,-19.512906636378094,1.8252540213572115,8.505401568826121
20.6612499,9.356923901601574,-3.6144053121590223,-0.508937280581274,-18.402186959259595,2.9453955802906187,9.425727115725982
20.671249900000003,9.261847718212337,-4.113027068151205,-0.48078423198098746,-13.181631113159813,3.9624456799063434,10.240672470261929
20.6812499,9.176688868115919,-4.3063006558945744,-0.5151436665202577,-6.142335509838419,4.517281670405485,10.633954379380894
20.691249900000003,9.045823800935448,-4.255348867745043,-0.5024122571240145,0.5269292163438055,4.1688505346164275,10.697426143773342
20.7012499,9.125211614215878,-4.206762068805382,-0.4735597860715492,7.2310369370513845,4.260041326918681,10.552803557519233
20.7112499,9.252065605070692,-4.153441795250095,-0.41467039286248164,13.417896374921527,5.039990584837055,10.50966074476093
20.7212499,9.262349568544849,-4.044878198491308,-0.33229841648415026,17.063696674876244,6.126261020917102,10.416801238750308
20.7312499,9.182125912245695,-3.907391025085129,-0.34054905749822895,18.104431735158904,7.092161360906254,10.203602283684969
20.741249900000003,9.109849638896161,-3.7451363856439683,-0.525655189866641,17.42675491947491,7.941902541739642,10.180439394316217
20.7512499,9.019624966579347,-3.538259629297089,-0.7445094096452817,15.256256435315851,8.05761761661945,10.776293407616361
20.761249900000003,9.020584707369487,-3.4052687359423053,-0.8300991986616582,11.956007576480346,7.68342954316358,10.797506261425157
20.7712499,9.07517622894083,-3.3306194368934054,-0.8223379486586151,7.825179006320759,7.669374024229652,10.251869526597567
20.7812499,9.056995598394375,-3.2613319602919133,-0.7497197413359654,3.3836244082662956,7.606905834266748,10.200659177467678
20.7912499,9.10578509730777,-3.4237463898130933,-0.6304132833426728,0.23948391674663225,7.930526822290628,10.49724603619859
20.8012499,9.134682642031983,-3.654092810186494,-0.540999421538577,-2.171203327212846,8.701639067301258,11.241568422655634
20.8112499,9.104739410286728,-3.7390136578294855,-0.5488844238319354,-3.8435491915016797,9.209225440130862,12.025892807496197
20.8212499,9.135625297793945,-3.792872983141891,-0.626380017995475,-4.307902715305132,9.699644943660667,12.592128436032532
20.831249900000003,9.078533024026514,-3.7435035564934727,-0.62950866330202,-5.496231995384205,9.79705067508959,13.017111311870346
20.8412499,9.072998807411684,-3.791173306436611,-0.5769181686149343,-6.518585791108193,10.179476918047904,13.234529602177016
20.851249900000003,9.099597121601906,-3.8410601695805457,-0.5578161432962662,-7.783687974093099,10.787735220142734,13.265873753531316
20.8612499,9.064578457155399,-3.8688705623931523,-0.5761821259630401,-9.207873375185663,11.446631341015966,13.25714397725935
20.8712499,8.981335953448893,-3.988532568385373,-0.5651296866547606,-10.674780837327903,11.968288515801062,13.575194079013116
20.8812499,8.89073160395014,-4.128547170270363,-0.49653278219777,-12.23862908402855,12.358034043375465,14.095103080500708
20.8912499,8.821108455104943,-4.229083241204835,-0.490375123689889,-13.393054225796046,12.92681884449355,14.668656954004868
20.901249900000003,8.714877998681386,-4.2776789536113835,-0.5277992898002394,-14.442043831298674,12.992826027050928,15.26466995785251
20.9112499,8.601803455789929,-4.261560149581902,-0.5203066940647388,-16.267780082405803,12.94863977005103,15.490244573623382
20.921249900000003,8.711678084687634,-4.305631366865706,-0.49598307880937365,-17.263927111940454,14.203986104622714,15.662566679662275
20.9312499,8.673775985840127,-4.276856137926371,-0.4463798936056202,-19.00057903597834,14.974676990155729,15.771136010958852
20.941249900000003,8.528366535590731,-4.270544655467604,-0.4168142976825915,-21.024539101716847,15.809024078847546,15.713403039817598
20.9512499,8.537687943912735,-4.367040481256174,-0.46764171910551444,-22.363196203563007,17.531270341563197,15.821370106783704
20.9612499,8.430257952897724,-4.404066389073748,-0.5152124929901603,-24.003346625717235,18.760742539789067,16.453459965736457
20.9712499,8.228993570320416,-4.466272102704688,-0.4887024668304087,-25.227017412753487,19.89834498610933,17.648485222659758
20.9812499,8.006494607345669,-4.506600698470158,-0.4691842459917015,-26.746033991998324,21.068000279690306,18.968619409841555
20.991249900000003,7.803166331073796,-4.5175061088675905,-0.5386216738466789,-28.409040168925102,22.342105252091063,20.248276779238367
21.0012499,7.6729836444938675,-4.559814928061891,-0.6246568205706178,-30.3030379374979,23.99545197490867,21.668589116275847
21.011249900000003,7.5297305378337045,-4.583599453162616,-0.6529834383752845,-33.296890448495205,25.6613046257015,23.37645843026016
21.0212499,7.394907426148568,-4.563766319031878,-0.7046432497861806,-36.65554765639369,27.637600486566797,24.705976725766803
21.0312499,7.295915863554867,-4.526867533844916,-0.8201423198109902,-40.23797637128992,30.108735851629135,25.59097707656546
21.0412499,7.20411132393487,-4.588571720179736,-0.9288379229170014,-44.17534794040984,33.037572924313466,26.70660639828729
21.0512499,7.060026770303324,-4.707865193259057,-1.049179251503385,-48.41120892914365,36.66350559430458,28.801186290332172
21.0612499,6.782514875600575,-4.779442733090077,-1.1994743990266865,-53.04525930503569,40.67661578385843,31.674732939110235
21.0712499,6.4112386461785364,-4.846373127776796,-1.3352690300937622,-57.815368591950154,44.836863206437876,35.32532483590721
21.081249900000003,5.962804630657406,-4.9457261547125535,-1.4516441739697445,-62.5358573449115,49.84015927313912,40.60120468373062
21.0912499,5.476196260903868,-5.040071407206482,-1.5703443698206498,-65.98395506276061,54.8559709261643,46.62413149821315
21.101249900000003,5.051278693337165,-5.1877050015265835,-1.6543313239951023,-67.68431373278877,60.05428034919675,53.10281723076962
21.1112499,4.668062804668752,-5.300504619269721,-1.795745154494464,-68.96744116597782,65.890658033893,60.64798538731532
21.1212499,4.304663171292362,-5.2498613649969395,-1.9853608341712319,-70.35471706762038,72.05930703731107,68.77731831348574
21.1312499,4.028266865511392,-5.131691000037941,-2.0335441965470604,-71.74652732383144,78.91998525517026,77.39960270510667
21.1412499,3.7552182670196634,-5.044802185103301,-2.013017536321078,-73.13948946782436,86.30530139893114,86.41574615725835
21.151249900000003,3.446553470074613,-4.995667502303039,-2.051732988519462,-74.03194754175608,94.02181941546108,95.76859363168509
21.1612499,3.1500218655714733,-4.886411562220002,-2.0933648761767607,-74.64263831975951,101.94952493561408,105.55639354427649
21.171249900000003,2.838128656069667,-4.686019932970563,-2.1080951370805074,-74.77736198362149,109.54786422722609,115.67308163655919
21.1812499,2.468323230151051,-4.4473350569685905,-2.080970857812475,-74.30487842000565,116.36770730197381,125.87964383368103
21.191249900000003,2.1159363218733787,-4.195154912089688,-1.9916872657525406,-73.31430301911873,122.92758105110966,136.28936090504652
21.2012499,1.8567659242548806,-3.892379113082875,-1.838014580969066,-71.62434752939443,129.80519028489695,146.93555807854005
21.2112499,1.6810328099610967,-3.5563361298331073,-1.6394527219762036,-69.0799021071305,136.7981923858667,157.68214506401878
21.2212499,1.5990652173100972,-3.379644672668211,-1.3109592446272023,-65.11727221956501,143.66264429392902,168.60582357485154
21.2312499,1.5898056825832318,-3.4603558469810314,-0.809026662493323,-58.831497013100034,151.0676502010268,180.3860756339645
21.241249900000003,1.5634770287676514,-3.6191502463011083,-0.29878101402751217,-49.897535843537874,159.33569566263805,193.51730412099047
21.2512499,1.5131056185302258,-3.896603835333233,0.29632955337616945,-38.38449086570195,168.36819253597864,207.48831933782049
21.261249900000003,1.462698213389393,-4.39435369938753,1.0555467420945859,-24.367994780081833,178.3365820725133,221.90319212711498
21.2712499,1.2766047503839957,-4.849753735792091,1.7270960996945053,-8.78400969834627,188.4043192900475,235.80879749666974
21.2812499,0.8839188273357729,-4.852266998482885,2.1247241800756913,6.684772728780262,197.6963198463713,248.536645901486
21.2912499,0.49905410434296055,-4.480362506107289,2.435594374647389,23.256591619046585,206.7735882499038,260.705121340197
21.3012499,0.20270889341515483,-4.325905670057839,2.9799166083172026,36.47695871499342,215.1203743163452,271.2270613952408
21.3112499,-0.13318052387482662,-4.421092366501907,3.6815457650333605,44.12092832251065,222.78855009085737,281.58294004666465
21.3212499,-0.42744509245421664,-4.669237712923958,4.789728850340206,50.77600188159127,231.12429280419195,293.47562038499217
21.331249900000003,-0.8085228017895928,-5.051245893385615,6.311871196204057,55.50900102348635,238.88915170375802,305.9849342347376
21.3412499,-1.2401438536902476,-5.083684545793269,7.40386667905042,54.02695001661132,245.34917292434915,319.5748582509306
21.351249900000003,-1.8184390556081347,-5.095289116344006,8.148921385971217,46.956555500318665,249.90512290180385,334.422615435336
21.3612499,-2.9080313682999352,-5.646895184396231,9.02930176545153,37.18530643824689,250.68512167316356,348.38876038460324
21.3712499,-4.335431451240843,-6.3332260754906935,9.788690401600421,27.450851440291085,245.65887433757172,359.45100349583834
21.3812499,-5.746104419467451,-7.474412335121035,11.118805938996271,20.00862191134829,233.69317021530514,366.1617555805667
21.3912499,-7.0385509275597835,-9.265434107761852,13.059366024423383,14.917970334469937,216.47556176628137,368.8450240698967
21.401249900000003,-8.322325471462527,-11.006435321184902,14.678860873763131,11.791491062936934,194.2303070602947,367.8015402560016
21.4112499,-9.233916576163235,-13.272117982763971,16.4443758876254,13.538672823894347,165.75552461683725,363.2833933027229
21.421249900000003,-9.199484271566261,-15.722312728673206,18.05891068002728,21.547325328612278,134.11759973402638,356.1188451855806
21.4312499,-8.452396616393708,-16.99777080191873,18.80816822194725,30.20503408660271,100.16204138697674,345.95272671011935
21.441249900000003,-6.975299823558763,-17.504212311721414,19.563943566008852,35.752880739555145,63.84321518681734,332.48276736428915
21.4512499,-4.84741989060985,-17.95824213052311,20.689872253214844,38.23929990269243,27.069896284356016,315.3447205697489
21.4612499,-2.2294904527347064,-18.726803077977575,21.734153169475363,38.62570852779968,-9.870301330529932,292.85397578066625
21.4712499,0.6648086657327515,-19.546057758039417,22.51363939479027,35.702154016623936,-48.4805640184881,262.775142546071
21.4812499,3.2021581992504347,-19.49235429697208,22.60736832233231,25.218678420378204,-89.23592944576654,224.8379568994525
21.491249900000003,5.301350194662558,-18.918678183749744,21.912758392265193,2.224685391540657,-134.05347364862436,177.5917947261945
21.5012499,7.117010568800748,-19.684466760964842,22.146153028134826,-35.40296120327811,-190.07478040470778,112.97664660051065
21.511249900000003,8.28985817112807,-22.770215624200105,24.576252820683642,-66.89665557998043,-245.99887497641922,43.72186048280817
21.5212499,9.384823807040762,-28.19048503789623,29.074521657918513,-75.59204714269643,-293.57819984183055,-20.697410038949585
21.5312499,9.221202155862553,-36.50991720127671,34.81569630426882,-59.599697147057014,-338.21757518553557,-89.25797641193053
21.5412499,5.284863825486994,-45.23983807844328,40.52853960192309,-17.689631268130153,-382.2173249983739,-171.62259558797768
21.5512499,-2.2223448658082368,-50.51216359525019,43.10828354218644,43.277700962854304,-439.47687089264963,-271.7670766300876
21.5612499,-9.675973600348446,-51.901367869878456,41.26872379072456,106.50850299141061,-491.0428619476647,-376.4546822579758
21.5712499,-16.70173402315455,-49.60513772442978,38.52027858496345,132.2967344447129,-502.11756617544245,-463.05807671616054
21.581249900000003,-23.54567338865592,-44.84542049302505,35.1413596305555,102.18864368246483,-499.22920976254284,-500.70532671374855
21.5912499,-27.883937729012732,-40.79180814130084,30.152471615081556,41.344431601705516,-500.01776225659285,-500.2156238157405
21.601249900000003,-31.545423874735015,-37.65219026829995,24.62304789711305,-26.38778951956595,-500.29592880116155,-499.40384522805124
21.6112499,-37.64423982183026,-34.987796123508005,17.334624848653945,-84.49020602256856,-499.7981799085785,-500.87528637468455
21.6212499,-40.72013724950621,-31.3061208176214,6.923393851948812,-119.88588209615165,-499.1976381298927,-498.6758163576901
21.6312499,-37.204850577606734,-21.77038125457955,2.798851232202981,-133.92711368491004,-503.7133626437282,-500.86202491140415
21.6412499,-40.830055767757436,-11.160262790381578,3.82488352415731,-93.41200421928062,-477.5469000447989,-501.1257633610697
21.651249900000003,-49.769409884022785,-5.054422858780536,-5.832943990428278,-4.71067355067811,-409.8515646073074,-408.21803800966467
21.6612499,-44.75102834811902,4.066980208402052,-18.447939901847146,47.94161447453549,-347.0163651260935,-241.36269438466644
21.671249900000003,-31.789660132674314,20.78398395300887,-19.622715658188994,36.15361372126595,-271.73040789335363,-129.2313106947748
21.6812499,-24.685293608608482,30.321661330662376,-16.088794281471163,-28.48664412343194,-185.49199250655525,-63.30320968377273
21.691249900000003,-21.296933620776873,23.66262344838578,-14.72345383553372,-103.5420776495841,-105.02651891794058,15.68303576273318
21.7012499,-19.612874955895105,15.643001359953404,-11.69679833983101,-161.3141610984362,-40.231062918937646,84.44068049853941
21.7112499,-18.528994892988255,7.358754746778354,-3.5920639465623667,-172.4533809619198,-0.21047333562064274,113.39068873328571
21.7212499,-15.530238835619413,-4.3051419644594455,4.2108365379047665,-128.5171712078667,17.38131509066536,118.7822233855427
21.7312499,-11.672937114621291,-11.533116289057448,7.061769615081714,-62.4690180050971,22.189044960577892,115.8655744176359
21.741249900000003,-7.229286706019687,-12.908348947596828,5.802753269395572,-3.092764666275599,19.16934047425349,106.43939805049335
21.7512499,-1.6187650290485203,-10.575309315791172,3.5036801027254936,25.533630937325785,9.130250863259782,90.45680216088526
21.761249900000003,3.8295014216382866,-6.929249040373282,1.8172216026533206,19.048755059532542,-0.2967745123525544,69.51337389956991
21.7712499,8.121219226341342,-4.646635819140342,0.7212021672545771,-8.98226034793376,-2.262110420132803,47.51976576740757
21.7812499,11.050306300609035,-4.513789979550643,0.4820554058124597,-45.033649870583254,2.5160609714116062,27.04102888575992
21.7912499,12.543193480432357,-5.690799679575616,0.9297230730287558,-77.63607856577434,10.647254382989876,8.380341042211947
21.8012499,12.981093594289824,-7.829442005589162,2.006819186019245,-94.97682303119197,19.279011838976214,-9.201740306638476
21.8112499,13.02641820756181,-10.48209414750087,3.296192687685511,-91.51750588634005,26.952843326973312,-25.47874415536258
21.8212499,12.901874167659262,-12.678901226433997,4.055333729039446,-69.60690824422691,33.19870123947136,-38.60489710785048
21.831249900000003,12.385603963622524,-13.760495335765984,4.168750003545189,-36.052904204867716,36.617998398307634,-48.639755745637416
21.8412499,11.565483769723224,-13.535909258846695,3.6755957783102438,1.9776240174478597,35.62158867785189,-55.88566155087004
21.851249900000003,10.906223958252909,-12.311656817066023,2.9009727249620947,35.88544840024046,30.181540749327944,-60.40959496386159
21.8612499,10.437397202116433,-10.704112897805526,2.1435693416528245,59.782950730760966,21.883148103783903,-62.80628534171213
21.8712499,10.020031235907712,-8.850882645125713,1.642164629744999,69.49095484336358,12.610828691645011,-64.30199273222917
21.8812499,9.597914329735724,-6.914188668899788,1.6770272883655977,63.56543558243185,3.607275552936871,-66.23376336960675
21.8912499,9.186635069158465,-5.231743322008909,1.9454777511728483,44.424900118427544,-3.6879908839779283,-69.91009634662265
21.901249900000003,9.043360284454074,-3.992636180334476,1.9771260326491158,18.0512134126121,-8.633921857658962,-74.90735709636202
21.9112499,9.232417949486717,-3.33608717854811,1.7838578103778813,-10.562151681036537,-11.64065386661697,-79.91620010865037
21.921249900000003,9.454113754465492,-3.0377892188020112,1.561835722162041,-41.39698219443708,-13.67080654269675,-84.75542219188247
21.9312499,9.41443869564374,-2.9495187266567484,1.3797621510683191,-66.25570635505576,-16.264237666429164,-88.26910093586594
21.941249900000003,9.302367874197941,-3.07292682015456,1.1170082465020879,-81.68425181891054,-19.125660607744788,-89.58315433898261
21.9512499,9.205152183972679,-3.1892353674212126,0.8116454026435228,-91.55081192090451,-21.550845015813415,-89.0431887558859
21.9612499,9.063424228782914,-3.2999878052839082,0.6550122409031607,-95.77408916780004,-23.60119774980829,-87.03413306113012
21.9712499,8.8559223783635,-3.366845920529972,0.6223450787746577,-95.00359470578607,-25.077486363643047,-83.70588245387543
21.9812499,8.642539380849213,-3.299566855534555,0.5911199519002436,-90.4732772369117,-25.067880182754077,-79.09733973940786
21.991249900000003,8.505307362686409,-3.180786398819493,0.6488595249319806,-83.0369598227889,-22.946309972451676,-73.47800497967226
22.0012499,8.353721855591347,-2.8617031180079473,0.9190476987121367,-76.2163041840252,-19.279989098804922,-67.27458547379658
22.011249900000003,8.259573446525897,-2.6556664903867824,1.2198273585241135,-69.2010862931448,-13.603441916590606,-60.749186529408895
22.0212499,7.637813889335345,-2.232640447332042,1.2249062137640543,-64.51777713169115,-11.01957923393848,-54.58928560997127
22.0312499,7.370937150541348,-2.0131296377485137,1.0349659985163913,-58.318605129230825,-7.514471604172458,-48.69317036252399
22.0412499,7.413643396424026,-2.4475343071432083,0.8922451150038873,-46.98149774093621,-2.508412354991623,-42.09165519638445
22.0512499,7.1094699763798745,-2.823875555559841,0.7617073099307385,-33.39123956223578,-0.08660764303914209,-34.027149597355155
22.0612499,7.027372823971445,-2.9711645741468615,0.5708190930951611,-18.11732817158261,0.2387150204381896,-25.210697585243324
22.0712499,7.15419453855874,-2.9638094849850503,0.36606548390923743,-2.765042118363153,-0.5005995844198377,-16.77433222204607
22.081249900000003,7.224113988897358,-2.846241068804168,0.23017483511122946,10.17205090467053,-1.467636635271683,-9.375336812702603
22.0912499,7.29015120191537,-2.547611153550512,0.12032265926554894,19.23623454310662,-2.773437452437562,-3.556864902267139
22.101249900000003,7.649807522749003,-2.2389258112479973,-0.017480932370647215,24.816065050048774,-3.5272178138294707,0.3615357033439945
22.1112499,8.156570228351208,-2.141710203014808,-0.20988216899830622,27.092028154841895,-3.9100064141244935,3.4927322852173797
22.1212499,8.43859885692975,-2.186788247322884,-0.4300317254522265,25.681104261413687,-4.89694674683343,6.850597134420011
22.1312499,8.667671375368577,-2.21202333745529,-0.6201745382162525,20.21215931082356,-6.577840750257223,10.535647422495536
22.1412499,9.048662864445598,-2.135859413007264,-0.7059282301269155,11.350269611575648,-8.536441426039138,13.516604292704805
22.151249900000003,9.507118061266329,-2.150860957089451,-0.7109783026400243,2.4446621202186405,-9.6011495803236,14.546014466906684
22.1612499,9.786955543245522,-2.27134098074865,-0.6589589778578893,-6.370185272305393,-10.90558866127816,14.438969526362545
22.171249900000003,9.799957581913512,-2.285191989146129,-0.5316338863392764,-17.422298897203685,-13.5790333177916,13.773605153874954
22.1812499,10.33865755113701,-2.6949754462893702,-0.4881449988082549,-23.57416984681234,-12.825126361234455,12.826004422819555
22.191249900000003,10.549879040245717,-3.0308703267588633,-0.35559646968412384,-26.8797946428213,-12.394755401820786,11.709646874109207
22.2012499,10.200927947028097,-2.9247697816295486,-0.11395537903991053,-31.153789041319044,-14.697935743143596,10.417662414553673
22.2112499,10.5225757052188,-3.3109794226452376,0.13467844893159045,-29.55130822010987,-13.81149381186904,9.0168219663879
22.2212499,10.676374301516125,-3.6129796466430295,0.31769118439936767,-26.490991940304422,-12.456845040478273,7.87456331365165
22.2312499,10.37450260005195,-3.7393162303087015,0.41892711616089523,-23.218412775110206,-12.093183293734873,6.887884052423695
22.241249900000003,10.095625683055347,-3.814647634859519,0.3896496667169435,-18.517001407952428,-11.227664879368616,5.162051350015966
22.2512499,9.857987621035768,-3.923783589509225,0.3448937400789187,-12.745651033209642,-10.240364383015631,2.957386953477432
22.261249900000003,9.65530140948969,-4.178295641148527,0.4351998688279528,-6.690134924004693,-9.444593548003017,1.2046559182127372
22.2712499,9.389651182874216,-4.349806918133027,0.5273597067706542,-0.7271165128374056,-8.71842862330801,0.13478899407536032
22.2812499,9.139100412800284,-4.259139337904779,0.4490971217831239,4.716155467922181,-8.005591384300375,-0.7047676008647086
22.2912499,9.008387145278695,-3.950867257267956,0.2658791376514936,8.14555429244143,-7.314468873174327,-1.4592915458283324
22.3012499,8.868602152421543,-3.6255572158769493,0.09043279826479639,8.854746793594042,-6.788280550752959,-1.749996563628096
22.3112499,8.61528379014291,-3.413666864846091,0.025357747646728157,7.080361919661279,-6.374139877309834,-1.4621679114641006
22.3212499,8.480434403587934,-3.282046686897266,0.07875327890958435,2.762774663872495,-5.553481836718701,-1.0875014533480702
22.331249900000003,8.594801227218131,-3.245173281075471,0.12250480634853989,-1.4552281414312158,-4.2126823032614515,-1.2048466720668498
22.3412499,8.677686298601376,-3.3585456825615254,0.1823738440347716,-4.050301902251702,-3.4168810445887234,-1.933972505979931
22.351249900000003,8.778654407040623,-3.6356875104021107,0.29465385713810055,-4.373555448458981,-2.7325011706590225,-2.1726831018885258
22.3612499,8.913853699919649,-3.86919454828576,0.30171246166064847,-2.4172893490233163,-1.5840834973307907,-1.375224273538333
22.3712499,8.852934766336988,-3.8158847292099143,0.2204028168949382,-0.8364305183634332,-1.7149293402063375,-0.19929885550797338
22.3812499,8.880977724075503,-3.6859930697967145,0.13972067229451135,0.76421599332371,-2.1568448487680656,0.7293273343152117
22.3912499,9.009007201787414,-3.633278790517942,0.07615160986850779,2.606179841909587,-2.040129802907723,1.3539397003179885
22.401249900000003,8.91802573558578,-3.6623441990768013,0.06410448606421212,3.455949669693712,-2.668548943089772,1.8952084079899978
22.4112499,8.893508096565897,-3.837003208785613,0.014722375263217923,4.842380151198019,-2.873038935612357,2.504145712398046
22.421249900000003,9.066385958452933,-3.8621992583738582,-0.007488830567762905,6.379941616560301,-2.5606129537817512,2.800189991857476
22.4312499,9.263293958864477,-3.8328888384749416,0.1394801564757905,7.7031683181032955,-1.8140723176022515,2.5423587234780576
22.441249900000003,9.285863358189934,-3.9665903679942636,0.2656194069326464,8.915793704338835,-0.7340611288148154,2.4178721355065185
22.4512499,9.15166938121499,-4.026539960602546,0.1504447469970729,9.67020197385815,-0.01596788013557617,2.602101837969368
22.4612499,9.031977345245823,-3.9810855277260955,0.004346465129014076,9.822726471348073,0.3456236614047266,2.897050381866761
22.4712499,8.857640298899177,-3.96339736378611,-0.0337378501902824,9.333044869893062,0.33138495689889513,3.0497858756550915
22.4812499,8.677880535640401,-3.9012076977427688,-0.034648442336849106,8.349765140936087,0.198777313115095,2.794809113141812
22.491249900000003,8.654231694249093,-3.838523539076387,0.010652994769143906,7.169158253041868,0.048278993303017326,2.3615016858659494
22.5012499,8.714028621956393,-3.9060033664189775,0.0779194984372112,6.4621155975677596,-0.21575141108329016,1.7122265254426996
22.511249900000003,8.72635878618727,-4.0044526165838965,0.04233940190467606,6.492458740116996,-0.4165580217135154,1.4018087352805753
22.5212499,8.720452820426368,-4.036535859728132,-0.03898315264215955,6.775212093244646,-0.620753481760987,1.8739647161812663
22.5312499,8.701729358901915,-4.023410367937302,-0.017939660983641685,6.970869925939672,-0.8422340493586391,3.049545000136164
22.5412499,8.735728754311571,-4.039509570102384,0.0030116682062060122,7.24046036344659,-0.806564321180661,4.284547280196325
22.5512499,8.862358489092939,-3.9689331884900465,-0.046323262510416165,7.614440105273972,-0.6634519700939023,5.397014527913379
22.5612499,8.939232770409648,-3.781266308303888,-0.0739169590999368,7.088573589077656,-0.593388888394983,6.371729108559207
22.5712499,8.92957830086585,-3.614418107168118,-0.11572997482664148,5.1290263143666515,-0.36122154111132937,6.819307419205323
22.581249900000003,8.866359685523356,-3.449989924376976,-0.19071302993795025,1.947668815092639,-0.017211278848310762,7.010513876296513
22.5912499,8.77024281580837,-3.412008245865291,-0.2108501259226466,-1.9023176791357652,0.27157560868736563,7.382089341764395
22.601249900000003,8.697307462498408,-3.569442447408729,-0.25223688686335227,-4.952238016885989,0.8891538350280677,8.047406396015875
22.6112499,8.706018378057585,-3.8306439606475475,-0.29829763199500126,-6.3222401680597216,1.5817130214200044,9.321586311875185
22.6212499,8.85625604079255,-4.085584461175911,-0.2076279716429949,-6.122908790945074,2.5507454337842654,11.00169883861735
22.6312499,8.96092584173281,-4.221349835459723,-0.06304140913275483,-4.874837422046569,3.894123640702591,12.751389758604606
22.6412499,8.921382796894394,-4.332593251747315,0.03572592097391506,-2.643211131183112,5.236801482535574,14.503594363019163
22.651249900000003,8.841631536004273,-4.518440258686079,0.08354283408054246,0.10323879819900761,6.665898798415161,16.456242026922848
22.6612499,8.691723780158172,-4.642371009715603,0.02066667799839294,2.2915712478884718,7.823403936280538,18.366164953413342
22.671249900000003,8.498361318921981,-4.664108711829756,-0.1439749751074339,3.416887224250814,8.31445180029948,19.870592761019505
22.6812499,8.367588586085539,-4.628918000470046,-0.2785183703087254,3.0757234979365915,8.394548732162797,20.94804599558206
22.691249900000003,8.281900941003396,-4.618790833072155,-0.34041656304244006,0.7646658048128031,8.542981627543927,21.79427683708894
22.7012499,8.199808574625848,-4.7055278888771905,-0.39299957150193743,-2.822823260777135,8.48689267824447,22.62887407978068
22.7112499,8.130094924765118,-4.821312296835748,-0.4650913693116198,-7.424368877665066,8.758499932936157,23.678757205968854
22.7212499,8.045837902580436,-4.945191978398945,-0.5462416156758061,-13.070728357792984,9.718604326077427,25.224666805001643
22.7312499,7.890629341913166,-5.163406908569634,-0.6086335840464842,-18.86492314877987,10.485136713004701,27.1193528604915
22.741249900000003,7.695693248255892,-5.416766346916498,-0.6720226266931777,-24.843718170014647,11.572133827309598,29.329862317092427
22.7512499,7.4500329120887825,-5.644090852150957,-0.7817606266341447,-30.7012066527226,13.02472044070557,31.685478688779483
22.761249900000003,7.12736720932826,-5.938794596094297,-1.0357658264925576,-37.01077790882123,14.72312013414787,34.0678414392102
22.7712499,6.777281242168515,-6.185414187843377,-1.333877327320065,-43.73951577493427,17.121191189254663,36.26586890670581
22.7812499,6.379755004918492,-6.248923653903962,-1.5276812221133986,-49.50430597077935,20.131957702594452,37.75263826471736
22.7912499,5.976303215929141,-6.229525717869323,-1.7241246611417071,-55.34358291148807,23.74910185210086,39.17447654833606
22.8012499,5.649727629539249,-6.188736277850754,-1.8865712552925995,-61.76353699762649,27.97426353116573,41.203323154683595
22.8112499,5.4099321377300065,-6.10964318243589,-1.96478476025897,-69.0750225749306,33.4915223088809,44.2512963200388
22.8212499,5.211121809187159,-6.011554423595253,-2.1078330423555673,-77.22598594739353,40.488875982624734,48.206492721629736
22.831249900000003,4.955986346348373,-5.847014358701725,-2.315119449382249,-86.13154535801011,48.26266738573125,52.86921079028774
22.8412499,4.691992958770496,-5.597261732037475,-2.449911501292563,-95.56212908060087,56.57533182275081,58.120526396380285
22.851249900000003,4.393480750007633,-5.370557937011736,-2.4771507478490298,-104.28953148251598,65.6828823620192,63.87038923058519
22.8612499,3.9438749750649302,-5.19551356658796,-2.3037992284513864,-110.6835884554521,74.85056698793193,70.4513507255031
22.8712499,3.4058166670451655,-5.064532597585625,-1.9722632939638385,-113.33579200252763,83.3176431224961,78.53662522870876
22.8812499,2.927072345499315,-4.942291134112923,-1.6327654060323593,-111.53667105858347,90.92421856947581,88.7189197968575
22.8912499,2.4782193485144552,-4.753053160456481,-1.3036284305152432,-105.87697601810024,97.75430602601695,101.27178547381132
22.901249900000003,1.9989733301603452,-4.444599987346748,-0.9324494142036344,-97.63017849597901,103.56633951310404,115.86286832317565
22.9112499,1.5668627107634776,-4.008381329025771,-0.5418641433079908,-87.97361341967013,108.3322174705986,131.73553375245675
22.921249900000003,1.2440791222597019,-3.500567097414763,-0.2650282755261401,-77.94544385576376,112.65030458507457,148.0987748846426
22.9312499,1.031637632326639,-3.0060856096631463,-0.1244952917199741,-68.46112106085091,116.9524709440281,164.60994556142558
22.941249900000003,0.9437249526799021,-2.5403729269336988,-0.060776752571102974,-60.88712929466798,121.92459958992521,180.797471024353
22.9512499,0.9470092836102633,-2.1251742131599665,0.016351290157100642,-55.60720217652659,127.78695087464013,196.08930719360993
22.9612499,0.9514584258151394,-2.0141913716379127,0.29220809132177494,-52.2409433594565,134.96108673556031,210.16906297728374
22.9712499,0.8110528576044914,-2.305623519510742,0.760465954941999,-50.57309674067639,144.93488108314955,225.281019244399
22.9812499,0.47433588822807893,-2.7768334763262907,1.092313773277665,-49.42327584800217,155.26340186166203,240.1976134701859
22.991249900000003,0.1721883696515816,-3.183322764253562,1.3856591978857264,-47.815998758853,163.62001644097703,251.95062076159525
23.0012499,-0.050789901402974416,-3.597563549839154,1.6921325884300191,-44.821008472504815,172.26550815833536,262.32639086906585
23.011249900000003,-0.30910400734139537,-4.197447574105001,2.0700851639671303,-39.11741742271273,180.20379862510597,271.6455109904948
23.0212499,-0.45690030626558675,-4.93479030821605,2.554380197592921,-30.919056323131002,188.54427155344538,280.36380283696303
23.0312499,-0.7253591115626502,-5.401953029851036,2.6167337675156688,-22.285937574789674,197.26400588129636,289.0989643274924
23.0412499,-1.370497679995452,-5.656535766997785,2.526519149945615,-15.270438797697011,204.16323552107173,297.2664553145534
23.0512499,-2.120444452489322,-6.083074269641557,2.833515608702333,-10.674272101022774,209.53494766295148,304.76941840478304
23.0612499,-2.811034400516071,-6.325801224207453,3.362014000462765,-9.857685830896449,213.20355461330135,311.424584799431
23.0712499,-3.319191011843752,-6.448574927582046,4.319508425869115,-12.224650562775805,215.67195055359994,316.28332524493965
23.081249900000003,-3.8925595390271357,-7.2369434669579356,5.746403150581815,-13.869116892665017,216.56972669738923,318.7793052740029
23.0912499,-4.6494417907371135,-8.956521857814518,7.03973714627146,-11.210311775803605,214.43031863203666,320.2871022544417
23.101249900000003,-5.418102446444167,-11.179906379685935,7.888363300286639,-2.8288702624321624,209.1228381599103,322.71630874871255
23.1112499,-6.122506270275028,-13.092920353165926,8.377310940157255,6.804650355283722,200.1859942016057,325.6090247213623
23.1212499,-6.615146669722815,-14.107930699703667,8.943695283410952,11.447630303344424,187.79096667181415,326.8244745412602
23.1312499,-6.8325669813403405,-14.838480574551856,10.145525747408561,10.05373574516239,172.4468499926238,324.4494323354084
23.1412499,-6.841304023629929,-16.378677447168208,12.104208660869785,6.816707422641356,152.88917402246472,318.940501287538
23.151249900000003,-6.249208897895977,-18.82736307220638,14.237834322618873,12.80156319441889,128.36729505307832,311.08351208312564
23.1612499,-4.580775458569516,-21.60260446551125,16.695010840816916,34.54286130090474,99.10924900465767,301.96560900291456
23.171249900000003,-2.012336091407567,-24.271787125888387,19.141461224028067,69.0756865982386,67.91460257296694,293.37154877508334
23.1812499,0.8531691861463926,-25.701298209918452,19.988727173878118,114.71514410423073,30.694119983615103,280.90966968748535
23.191249900000003,3.209498930508975,-25.18821003172195,19.624996633262327,156.12684069358207,-17.411380452975,261.6555107292816
23.2012499,4.733781128986332,-23.643591500871096,19.568565948783636,166.12902298688738,-65.1653156920672,240.7742652923578
23.2112499,6.139430161560771,-22.168888057644875,20.336436731010885,146.95003639061164,-113.24491513470532,215.19751647096444
23.2212499,7.720398473757308,-21.433191450709636,21.99175295416979,106.2992403445397,-163.8278653504498,178.5848200879396
23.2312499,9.702108786452571,-21.395209276786098,23.58592496415516,47.914302002541234,-214.75049324709502,125.79185543749054
23.241249900000003,12.205679564833893,-23.258582828129732,25.862242760711375,-12.586110152691056,-261.2617002127521,55.71065308892681
23.2512499,13.381085574521292,-28.88270229215012,30.977680328535744,-53.17243932792042,-300.3567929027334,-29.589952674597562
23.261249900000003,12.104991950164496,-38.17351149914432,36.928422511535125,-51.787465103958056,-334.34184918572964,-128.0271909336342
23.2712499,8.776274464735877,-48.23671618521516,40.322747732535916,-8.85951830132835,-369.59435316425765,-234.72560530673525
23.2812499,2.9212829785992436,-54.83173825504327,40.99781640830797,52.122292088078645,-414.5939854286948,-352.19913986044537
23.2912499,-3.9034635549249046,-58.143353359708044,39.68810084574781,128.42779480823663,-465.3311036778595,-463.38569817302687
23.3012499,-11.541010630366767,-59.83520718512401,36.831517250979516,211.71887001525047,-497.5954742854221,-504.12600887597586
23.3112499,-20.058086097529692,-56.08847316856407,32.48113506118966,248.0631319305261,-500.9393472085321,-499.21678555143694
23.3212499,-27.001335824617744,-49.19201116436752,28.038366679136082,228.5764908967154,-499.3881116646573,-499.67962090801467
23.331249900000003,-36.027000295527074,-44.81097386522701,23.970227706057276,176.3049204724868,-500.4653820411364,-500.23545300788487
23.3412499,-48.069679250224304,-39.81763892786381,15.306685529437718,104.44205687200224,-499.581229050616,-500.4467792845175
23.351249900000003,-52.11009816358535,-28.25408057671894,3.2131762701799644,19.078330411028283,-499.65828029504377,-498.53144848016154
23.3612499,-47.566410616922795,-13.47341017487851,-1.987031563803739,-69.16525927549411,-503.1419176166287,-502.05765774842257
23.3712499,-47.98154361565449,-7.32571687356901,-3.789680693997498,-94.06758916498937,-466.3617006395652,-495.6622848119528
23.3812499,-50.6208203991429,-7.695490780393574,-13.208939291018076,-30.98841168547183,-387.45186859096793,-388.6185411960606
23.3912499,-41.25930657972671,3.479917848903835,-22.373079644440892,25.29954657896794,-308.4082526815828,-206.99336424968433
23.401249900000003,-27.50505441962218,22.21063522859204,-21.657908589761508,9.361667918888672,-218.0037304641739,-84.76650683452468
23.4112499,-21.58941283338591,27.445796779702555,-19.38698573917794,-52.968451766232114,-132.65887244834582,-16.696160810954023
23.421249900000003,-18.73140409521775,20.449944688117448,-17.924302543130178,-124.70162531786231,-63.526847583239274,69.9177335036901
23.4312499,-17.318246172690817,12.994820495851872,-11.15251304290512,-175.31030428815544,-15.877039559316351,138.03744609130783
23.441249900000003,-17.527252781172546,5.817493955866135,-2.335538976580969,-185.99706581637756,4.935981255933492,162.54878977811026
23.4512499,-15.434347609841284,-3.3893666261352804,3.397076394307456,-161.90256320005994,11.380387417932344,164.34808234256644
23.4612499,-10.799328779687363,-10.851680906280183,5.927127574911413,-116.51499289703413,10.499746673165696,153.89975126467087
23.4712499,-5.600467875929249,-13.66327977308537,5.823801618542196,-67.14484360679907,3.929848973523111,132.57538098424348
23.4812499,-0.8228440110978709,-12.79572578189326,4.888060088527929,-30.124250155624665,-6.436729770501126,105.19469242825343
23.491249900000003,3.946187007102266,-10.33484738617201,4.5805381327321095,-16.588157047771983,-12.356815882462548,77.56979268373397
23.5012499,8.996084922923428,-8.347764348288969,4.5517920805015475,-20.69464440000145,-9.329226019844253,52.507379248728384
23.511249900000003,12.828793495239196,-7.378554902524695,4.171105028309653,-33.63985460274429,-3.218208792537839,30.56633018784973
23.5212499,14.509032099536135,-7.26699966834326,3.436445530256084,-48.50946855718062,2.967983453178626,10.25742417533474
23.5312499,14.308651962742609,-7.840343697074598,2.8711342088461618,-59.11232187123802,7.954990461119945,-9.019498878852037
23.5412499,13.361878320493464,-8.717554608657847,2.5709300724380997,-62.95346514073443,10.791865638844627,-25.979854268480143
23.5512499,13.05838439322368,-9.414496634853725,2.4059159760210216,-59.3731202738964,13.716640119675713,-39.14572327510654
23.5612499,13.390009357171728,-9.767098184559147,2.6475182061495786,-49.617581579990016,17.460162716271114,-48.28076668789146
23.5712499,13.29013888281691,-10.03642729426643,3.0506480135474052,-34.68351504470895,19.33906215478471,-54.10958816089147
23.581249900000003,12.681223275935086,-10.156635222226896,3.177302684219901,-15.807710189483355,18.45281821677344,-57.14193476734873
23.5912499,12.182313276435554,-10.056761139283868,3.318408732963049,3.9261172848769017,15.820272504424459,-58.01776481309322
23.601249900000003,11.646045925120116,-9.792696395119615,3.5335592157890243,23.43710179664228,10.22180921234033,-57.83896546867607
23.6112499,10.837751087042596,-9.152662954911971,3.296706976538285,38.950027382847836,1.0331528883721193,-57.708501186131386
23.6212499,10.205350475013546,-8.011113813626007,2.5996662123828647,44.01281033598592,-8.083123975862971,-58.717698740654725
23.6312499,9.654389218996942,-6.693455702207119,1.8542275109078399,41.7518409222477,-16.807446832168175,-61.60555218392709
23.6412499,9.223804300396065,-5.46456401915387,1.5419897433140026,33.305756500880086,-24.768287848074277,-66.41402178819999
23.651249900000003,9.089972056617786,-4.352864827167828,1.4895867231379991,18.553168172393267,-30.727829322555703,-73.14213277454813
23.6612499,8.969987360985217,-3.6159429531949825,1.2299415931202173,1.1502563608819159,-36.04389171276677,-80.42775413222398
23.671249900000003,8.882660028658735,-3.1515349546218205,0.8933208109822236,-16.647207014540967,-41.349483036337766,-86.63059290517593
23.6812499,8.980318284261722,-2.7389748807768624,0.6934749257787611,-34.50778224349092,-46.240902765415846,-90.96462291231333
23.691249900000003,9.002037495765867,-2.4923696258319543,0.5809637436674666,-51.387753423702605,-49.81566946985331,-93.04177772369209
23.7012499,8.830629093891233,-2.1502573155027167,0.2830914259268679,-66.79572085772614,-51.30816662883488,-93.2969008884054
23.7112499,8.71952623088996,-1.7051987755011868,-0.014455056393237267,-80.61392091392594,-51.35925838596133,-92.20050907680127
23.7212499,8.686724227134002,-1.6527453484751167,0.1280091293097302,-90.7306593198737,-49.954166115185245,-89.8582857090529
23.7312499,8.506067806872531,-1.9974056713589026,0.5959230564557308,-94.88937506558162,-47.14960509163039,-86.06681732438116
23.741249900000003,8.205946564637976,-2.3184045190108673,0.7831416701644301,-93.8660682112371,-45.000443218832324,-80.69273210343803
23.7512499,8.017455503538718,-2.608795418485872,0.6787096677884096,-86.00045505619163,-43.37698344981584,-73.99176583951005
23.761249900000003,7.977163995659203,-3.106843448123777,0.6984622234352345,-69.650560018355,-41.149070111188884,-65.22066053100629
23.7712499,7.795137389893882,-3.4560435056801166,0.7973642194168192,-48.886845473452645,-38.85264751770558,-54.84432435305115
23.7812499,7.450421178044327,-3.31201275597369,0.7962476905321137,-29.136146206377457,-37.091250210140316,-44.24864034864338
23.7912499,7.255812372096211,-2.9375873437802333,0.548909620892629,-11.309431124705245,-34.683629913109684,-34.00468366692834
23.8012499,7.214737782722974,-2.4075903553797784,0.1226325305792885,1.922969962338043,-31.29242283840055,-24.687479762526554
23.8112499,7.144087168993414,-1.785567235802912,-0.28645432331471116,8.291937382288607,-28.15442541166698,-16.266034717071378
23.8212499,7.026917264375653,-1.304537826317721,-0.7197133334000037,9.08362543803608,-25.571153581147744,-9.500223513611429
23.831249900000003,6.996380968774444,-1.1821024466412737,-1.1488218324115425,7.024239402437652,-23.955384723580867,-5.196953008007765
23.8412499,7.1984612142291,-1.3175531549474429,-1.3598004530619414,3.336490103956397,-22.69413026048259,-1.6961831318397627
23.851249900000003,7.59859942336456,-1.5650297254507866,-1.3452726791458782,-1.2285174074633904,-21.277268891786438,1.3049577045843648
23.8612499,7.965970762750716,-1.8520131167257086,-1.3228366616124236,-5.365321908828288,-19.836727631318727,3.7214688933655475
23.8712499,8.16585337781549,-2.1623790378042793,-1.2768899658372534,-8.931203109044976,-18.726190307756774,5.761138521936953
23.8812499,8.233001584482537,-2.475453939670232,-1.1872796622352888,-11.54146608390869,-18.235627118889266,7.842571820047635
23.8912499,8.267464031098203,-2.6825415309901084,-1.211623804152983,-13.175446976748342,-18.13765084937484,9.64714842475963
23.901249900000003,8.498575750465735,-2.9566047794178525,-1.1440111743630903,-13.079831436946586,-17.826398508604864,11.06433724532682
23.9112499,8.973446603579879,-3.299943649540857,-0.9600522454539088,-10.360012436924324,-16.95072827085024,11.97203295916775
23.921249900000003,9.29888000104496,-3.2836399304985195,-0.9327223385013115,-7.588025649786226,-16.545895650493872,11.727999439493859
23.9312499,9.635667705131823,-3.1769804606844545,-0.9101652409531122,-4.512241721037889,-15.624357091255941,10.53269181251081
23.941249900000003,9.934214201481653,-3.06883567488331,-0.8616896550613072,-2.2384217633565835,-13.464066648490746,8.751473417709438
23.9512499,9.873921477411768,-2.881038207781455,-0.9271975975497709,-1.9056853465787862,-11.268963191576148,6.941885450397395
23.9612499,9.800410379320624,-2.8695734397268686,-0.973355268061472,-3.2932936667747263,-8.88153061496446,5.698210196394733
23.9712499,9.83683065931396,-2.9580448390630387,-0.9419503811532667,-5.59998646671446,-5.682966019229101,5.002411308410213
23.9812499,9.273713636526436,-2.748892847329848,-0.9193968645672516,-10.674744116334995,-5.365190005466457,5.392767182073828
23.991249900000003,8.829938947289524,-2.409699650447191,-1.019153784954089,-18.589740220733212,-6.041707630840673,4.356570944122769
24.0012499,9.452524016689951,-2.502897483956178,-1.0266946644576953,-24.269467641320826,-1.542953164869432,1.5963019092645827
24.011249900000003,9.653881397989567,-2.6648789979231005,-0.7771760332749565,-28.60866378209227,4.2560673482286795,0.24775588864489997
24.0212499,9.358591549170377,-3.476657010602333,-0.6034544537270666,-27.07470151077182,9.112535526955678,0.9849396137154417
24.0312499,8.639978141760128,-4.372903472535752,-0.5687407491725718,-20.796703579987728,9.041437650117897,3.8128884324646015
24.0412499,8.436785956544846,-4.8128523579193,-0.591680123329335,-11.993031253070162,7.697377600915668,7.012525081172394
24.0512499,8.52161098940422,-4.804286136048744,-0.5695356316497557,-2.689803033851618,6.465558988864728,8.936372832176792
24.061249900000004,8.64800133511061,-4.7033212950909205,-0.433747353035308,6.9632845072739356,5.584796807926727,9.304204560292247
24.0712499,8.931158548069762,-4.736977794583353,-0.3850016407434446,16.484491467680368,6.198237123789657,8.845235431075759
24.081249900000003,8.996622865515238,-4.569146417156469,-0.5436374072303285,23.012154233320857,6.994441832939144,8.538343363839193
24.0912499,8.946686821093007,-4.231759412759909,-0.7233421668163019,26.001975179348538,7.748512838573027,8.454857126023633
24.101249900000003,9.019068744291001,-3.8546593085755476,-0.7870292580071843,25.523905567791292,8.348179868571876,8.021006519568823
24.1112499,9.246251417918575,-3.5381683840541105,-0.8100616622647043,21.935583199787107,8.928204340523848,6.805307333199582
24.1212499,9.368493087830766,-3.326744198555454,-0.8428374322620777,16.163785964731602,9.31173823374597,5.442246084966838
24.1312499,9.251584564519522,-3.1875660609147856,-0.9136146133612716,9.104797649338002,9.406058844091143,4.529124733083557
24.1412499,9.016860762612119,-3.1864701689134574,-0.9971873055531639,1.8859281161732673,9.054568095794384,3.7595766424757544
24.151249900000003,8.908416487770403,-3.337432182890012,-0.9969277188186435,-4.512362518643184,8.408116986896564,3.0340640402716743
24.1612499,8.995423640730912,-3.516407585847694,-0.9241906950299211,-9.16463500654708,8.357724003116047,2.7107412335566474
24.171249900000003,9.072851923369765,-3.670519068419217,-0.7909642474458873,-11.742241121168346,8.748839050912784,2.626803649382945
24.1812499,9.024791616483961,-3.7199002331678126,-0.6571799515837905,-13.548294634638577,9.186648961157745,3.1857482059656346
24.191249900000003,9.005024602588943,-3.7692209293022874,-0.5444868355827727,-14.634445743238073,10.110937314503333,4.36185001488016
24.2012499,9.007730836244914,-3.979696669000895,-0.38231356075307404,-14.08268393458724,11.452418454317293,5.693424097691364
24.2112499,8.865591685015017,-4.240295570482898,-0.29085000643584924,-11.161254990693664,12.603382162685095,7.137470990560439
24.2212499,8.696308433460453,-4.406048203611166,-0.35064846165011976,-6.686347388978233,13.202476468674039,8.725956275397262
24.2312499,8.650421893994574,-4.383380260458347,-0.3889838565422189,-2.486651406815364,13.262360999084153,10.318062816967096
24.241249900000003,8.616737014630285,-4.220651644765423,-0.31427791174706865,0.6345652751361581,13.245782040975536,11.833911567123513
24.2512499,8.63719767191255,-4.093133727768742,-0.19267886437290999,1.5755683959465463,13.396165502312689,12.526500765726118
24.261249900000003,8.714130436159694,-4.097529335984502,-0.12688652001792933,1.3479292450768492,13.455666441509448,12.632281065827526
24.2712499,8.675545852183802,-4.1812603911528985,-0.16402465033031957,0.9103285554949321,13.43557513502386,12.983291397631696
24.2812499,8.583824445213155,-4.235672621734027,-0.22419398332717838,0.21384712227525585,13.181681813331515,13.622344145819602
24.2912499,8.548855461539157,-4.244325998499968,-0.21784980318901723,-0.8111341571408226,12.501308027135316,14.171637574026791
24.3012499,8.635280514115589,-4.313291082248524,-0.14827454358240577,-1.9556103975267394,12.133230876332354,14.558670522380895
24.311249900000004,8.730164483107071,-4.441896373235641,-0.105253460518548,-2.6269637512672963,12.20475809918847,14.93555307142388
24.3212499,8.643786414669213,-4.478329577709311,-0.20723974309836077,-3.6325250149308004,11.960499009311317,15.579697453717284
24.331249900000003,8.570797707271666,-4.464018959555707,-0.36019794723310933,-5.585334969495684,11.834806327808048,16.215948998970678
24.3412499,8.559132472433912,-4.49804035652868,-0.4372183034202447,-8.111289893933334,12.076459020515768,16.53800410560115
24.351249900000003,8.50616617337176,-4.589564181071365,-0.47041242036885067,-10.844001089302294,12.358696146493314,16.68415346677809
24.3612499,8.516984297850799,-4.737672333039846,-0.5168470478399335,-13.092536501795013,13.169589813989756,16.890594833896227
24.3712499,8.57941899219506,-4.880948358452912,-0.5541778958856396,-14.968244278628562,14.568373993559604,17.46581447498549
24.3812499,8.547804159794886,-4.958504663397637,-0.5848940220393507,-17.44154552801046,15.834833493047114,18.178708436093004
24.3912499,8.513934806396632,-4.989699360777783,-0.6361782797352625,-20.195000813504503,17.37141288750025,18.92819386796819
24.401249900000003,8.422346020008586,-4.9542044036294834,-0.7246025773005139,-23.384699608316797,18.880086021867044,19.87810342817236
24.4112499,8.19005661401377,-4.988508495622783,-0.8190007547376034,-27.36969122209844,20.148434461735125,21.12394696973153
24.421249900000003,7.934295030065399,-5.109383538563589,-0.9194527981183664,-31.436506441688525,21.59959721362389,22.931805893537756
24.4312499,7.670080058370001,-5.172198938618801,-1.0028224694165635,-36.000218089607074,22.939334701976232,25.27436337419676
24.441249900000003,7.36434718862222,-5.202744191574708,-1.0698755325395428,-41.30732035957742,25.01393072428133,27.747126436815616
24.4512499,6.991835055693353,-5.223551319451849,-1.1981270416793448,-47.335929176868746,27.836869573587084,30.41846887753137
24.4612499,6.574668338909038,-5.241384252672971,-1.3437745017074818,-53.40974131182953,30.443483653418596,33.488400746030266
24.4712499,6.180731761811767,-5.254490674142361,-1.463754474420912,-59.15902895277202,33.239280322078095,37.10664664428477
24.4812499,5.783143760185345,-5.257110622804079,-1.5202296572888783,-65.110303263535,36.82071739337288,41.60184260734633
24.491249900000003,5.416286653475646,-5.205088510321378,-1.5980644894517912,-71.16819566857949,40.891352417504244,46.974437597383385
24.5012499,5.121950894448269,-5.12592913209673,-1.7276886264396447,-76.87130858929434,45.46869383065254,52.95727357242209
24.511249900000003,4.847323710329698,-5.045740538604449,-1.7857569697445104,-82.27918244346834,50.995989371906674,59.5032188587178
24.5212499,4.527903742603057,-4.953326027312866,-1.7405117026742887,-86.69938224940692,57.41327664527095,66.81793020400622
24.5312499,4.189977075074163,-4.877749643785125,-1.6493118767778796,-89.95772898238542,64.17544961640921,74.72389404413519
24.5412499,3.8474503738935213,-4.871235159623701,-1.5040823156959013,-91.39060164281332,71.57720525438154,83.48621509931323
24.5512499,3.4532733742272907,-4.909734804637488,-1.3202505071622992,-89.84078449945406,79.02362329329216,93.71838635755465
24.561249900000004,3.141284739095384,-4.941976755639551,-1.087771145931022,-85.23065614273894,86.37934643839216,105.08895278603943
24.5712499,3.0568405991385275,-4.969890549489238,-0.7841451678936393,-77.96057676912766,93.95664447295339,117.26056391368945
24.581249900000003,3.116186394974088,-4.992077201737328,-0.44798933715261624,-68.23290579295725,101.02579103869124,129.43317124533002
24.5912499,3.1570493108223925,-5.0094646966631595,-0.13060840836631807,-56.401374626424285,107.71693833149551,141.44664572048123
24.601249900000003,3.06014141123396,-4.963824817262604,0.110026125934028,-43.635622350789056,114.0936172691059,152.99360525056593
24.6112499,2.862403748584505,-4.735796376345955,0.1871969575154382,-31.077974562594378,119.8542179462854,163.69147999823466
24.6212499,2.6881182618701907,-4.3247575840427555,0.13703752615525847,-19.922166386668014,125.11363869127024,173.24297490816312
24.6312499,2.654859685893036,-3.796248138702369,0.08140252260420827,-11.164600375775134,130.3095555040499,181.56508581688186
24.6412499,2.7611811242015842,-3.20574188497941,0.019617825209491617,-5.699904163400175,135.72787803581778,188.9411688552653
24.651249900000003,2.879595519065024,-2.547049955465545,-0.025640129400462657,-3.9928546756599523,141.63450242489523,195.77740272415645
24.6612499,2.864485196813372,-1.8712721306222877,0.055463057944220816,-6.202560991869491,149.06224969132091,203.86463372041354
24.671249900000003,2.709576971030741,-1.4850137111524666,0.35631336933739893,-11.38479323202021,157.17444019777912,212.30654920908708
24.6812499,2.4916855633797117,-1.5685875532211255,0.8189735964316497,-17.41204787234746,165.96300048645884,221.37001596139405
24.691249900000003,2.1792899802601604,-2.149290616682711,1.403486344331434,-21.9805748105664,175.61916656466897,232.380780113004
24.7012499,1.7967289860548643,-3.0279224112121095,2.031659442299034,-22.825724530139645,185.2931591609055,244.70300922937813
24.7112499,1.3692149700512626,-3.6699822866952805,2.3164797715267715,-20.347602424214326,194.01045015297817,256.8593523679232
24.7212499,0.8443692917555098,-4.106003357505479,2.4879255301701804,-16.252466062943352,201.20387525095762,267.9094391278048
24.7312499,0.2444882370882544,-4.68804904399509,2.8189000278358525,-10.998409739593143,207.35938248896636,277.7574786405117
24.741249900000003,-0.37272262128481154,-5.1782230627129655,2.9792632575996207,-4.990725677365209,212.6117811592209,286.9949860112998
24.7512499,-1.0067514278128742,-5.443376681424953,3.3706765393057165,-0.4464296162551828,216.12294665058502,295.88437528576327
24.761249900000003,-1.5556352359809007,-5.72434612997356,4.357435071883885,1.0149912857944436,218.85869891261473,303.85064822959885
24.7712499,-2.1522472676322426,-5.9844880939169345,5.2640822077977845,1.1175219201732,221.77012242451656,309.36658408587925
24.7812499,-3.0805414513563014,-6.8423604303414765,6.061200686582499,3.628191160755193,222.18367591379752,312.0102035457068
24.7912499,-4.225546886872706,-8.520458232043037,6.6982651252797245,11.668917651153777,218.6203178815616,313.50251063396496
24.8012499,-5.457880573030443,-10.12011242616695,7.307166640901692,26.194209809175888,210.02960860803765,314.42353380738973
24.811249900000004,-6.251019466966276,-11.66886931374755,9.049121559485897,46.77757039667805,197.5253743552867,313.74678589185623
24.8212499,-6.363440020615348,-13.291641816147882,11.298703591810906,70.95536926835977,183.60759159861482,312.8019304679203
24.831249900000003,-6.4582409065938196,-14.908277235284647,12.98844610266992,97.54273685906723,168.4015613868337,313.9976651022183
24.8412499,-6.410700766700072,-16.546368247789367,14.719868265888232,127.34906228791934,151.8644995575568,315.9526087799222
24.851249900000003,-5.817649551796568,-18.140781306919198,16.955947813604055,158.54695524005731,133.36735224202772,315.6216763761982
24.8612499,-4.645755214153934,-19.5134545409659,19.50049978044642,189.49499902669314,110.28457076938719,310.8989542020069
24.8712499,-2.0702662325855106,-19.599737044443764,21.989330418152438,214.73143677727856,76.91561006635662,300.7096194894687
24.8812499,0.7697239241762268,-18.724704089298672,25.028934073678634,218.58169818410244,40.9449256246988,288.2165687617991
24.8912499,1.546813530500461,-18.911966608472024,28.747167156438948,204.74994926384426,2.30350399913427,268.11120684228
24.901249900000003,2.265905086867354,-18.93810768086055,31.261822024768506,181.2771367304318,-47.889084010805966,231.7140206330278
24.9112499,4.046586776741783,-18.19079353076247,33.310513772058485,145.5386232769341,-109.42338188930248,181.4409036410946
24.921249900000003,4.587245150955961,-18.343495258667847,37.12021416597723,92.86924291572811,-184.5720818791733,123.69322692775506
24.9312499,3.2310440289048667,-21.50129523533424,42.422785287000266,35.346536973535045,-269.25776921833125,60.408404054555305
24.941249900000003,0.5732916913068983,-27.390790412565217,47.37038663729494,-4.157701285745005,-362.8757020541128,-13.026460092250053
24.9512499,-2.171860993199336,-33.12292303140643,50.148720001227204,-15.55752254374598,-459.0910200465295,-102.10506803627034
24.9612499,-4.88100208338756,-36.99079745358967,50.500803735585784,-4.188221879547192,-502.81003549084556,-201.9537821665358
24.9712499,-9.054646042961538,-39.320391758541966,48.66225666832191,11.308534619231589,-499.8349569649686,-297.1731401042176
24.9812499,-14.077046757852223,-41.065352514921166,45.04576557633985,18.469834769610095,-499.48634443894383,-376.6647255509742
24.991249900000003,-19.30576059739066,-41.087399910084805,39.35767328457859,12.798027982271552,-500.3866851839609,-443.87149423063437
25.0012499,-24.980979242284594,-38.37869779990395,31.091752140532787,-11.518570959162167,-499.7923777046823,-490.53091997715694
25.011249900000003,-31.706980673676046,-35.51247533559997,22.37458806060636,-62.51662262499656,-500.06740400158367,-501.57689110024097
25.0212499,-39.30774786194469,-34.457159650193496,13.267710570439807,-122.55098446222641,-500.4136786143045,-499.96509588179873
25.0312499,-42.63720363777314,-28.95454365854549,1.9204168111760642,-174.01136614216662,-498.27686020856737,-498.6572373558793
25.0412499,-39.761265725993916,-16.618947282626753,-4.993867827138264,-231.62944714500102,-503.83359649743113,-502.2013945014659
25.0512499,-41.042031942148895,-10.780662337314252,-5.599777722123859,-235.41115206187789,-488.97520714084834,-494.74848450734413
25.061249900000004,-45.11563080150588,-13.127741340074182,-12.171277470042197,-149.71182142387633,-397.7020903857574,-399.6137906869393
25.0712499,-39.517935171175125,-7.9253735668619605,-20.123463729792437,-46.1928272638367,-295.64180004425026,-245.11327337675505
25.081249900000003,-27.893091747950052,8.852615165176129,-18.74734801011465,22.804678775970515,-200.9298788338116,-125.10563103258005
25.0912499,-21.737250380135873,18.881933019523434,-14.34130160322835,36.09397397472197,-107.50773981618472,-57.548538360140824
25.101249900000003,-19.73357160285502,16.209496252659797,-11.67310159915118,5.634576000701852,-42.00633215205699,6.4757999747714
25.1112499,-17.375528727623816,13.489445102243366,-8.041695515973307,-46.94956283979168,3.3124349326012066,67.49405146711314
25.1212499,-15.128786790176383,12.825725007347645,-2.494908044640653,-104.27863790621926,27.690967639759766,90.7070558108911
25.1312499,-11.932112565600294,8.36685383858997,2.522776908286066,-144.50224732694616,35.85317471509181,87.45293130469594
25.1412499,-7.110379226548679,1.3856791033636142,5.6675218244260375,-160.1275218901349,37.06814653677397,78.4541844156279
25.151249900000003,-2.2044590695768855,-4.00545516105239,6.823964169529776,-149.11725141074763,34.850149231903984,68.10057988582633
25.1612499,1.66583476279759,-7.586836300003138,6.1950331073906195,-114.22935975641775,30.61300802253929,57.59679463767604
25.171249900000003,4.819236920189247,-10.113147393369827,4.984046316581417,-65.07836481344812,27.728260157357006,48.618686548167524
25.1812499,7.607191736764472,-11.12125252990498,4.481461842020714,-16.5812936995195,28.05630292270914,41.05970670676729
25.191249900000003,9.768101825622663,-10.816250009600926,4.637760719664744,23.52258526505667,29.54881253932932,31.927063431442107
25.2012499,11.107590119071032,-10.072165072624463,4.911030736041522,54.634662075946686,29.405447385737325,19.38632328735671
25.2112499,11.70194828587927,-9.279503419950988,5.014714668732731,72.92269605838817,27.73764081965585,5.348157010270989
25.2212499,11.726529429721898,-8.53066500311395,4.721013538041772,79.15764555262729,24.383905765394974,-8.705731480801505
25.2312499,11.427075106656355,-7.777413146268269,4.363909358213659,76.10435244845984,18.040377469302026,-21.910017541119228
25.241249900000003,10.983262729957671,-7.050470038978173,3.9045285323754504,66.27819891472706,10.082863073326735,-33.23896175938717
25.2512499,10.6777671150745,-6.118489029932724,3.0643421483044686,51.61012471411517,1.4845527810959438,-42.411294134558425
25.261249900000003,10.618677922275097,-5.1457119543939145,2.5021853491647246,32.00042627904727,-7.805734081266931,-49.798838511970565
25.2712499,10.511460558865494,-4.6631078148382485,2.4622400488613994,9.246411418818356,-17.050041073283264,-55.463387972291855
25.2812499,10.279015845059039,-4.6067349928429655,2.5272637307150676,-14.280738470644959,-25.067581686027637,-59.51449451341145
25.2912499,10.122167571630431,-4.735558662349387,2.7132349143251218,-40.74393741239926,-31.566608108713876,-62.65292501090689
25.3012499,10.05725377138939,-4.83374774661817,2.839151683051156,-66.07684547292911,-35.85472335047794,-66.03226081385031
25.311249900000004,10.026516785553298,-4.971616321537069,2.8333601486747186,-84.11908429426491,-38.42974879773184,-70.26460504087906
25.3212499,9.8835258128156,-5.362246640612487,2.905349467623009,-96.56705205659401,-40.93398756207482,-74.95122199986545
25.331249900000003,9.593718973924561,-5.65393419250491,2.6484733671844385,-102.55970049395145,-43.86510298079347,-78.69092807542245
25.3412499,9.32192934816038,-5.620505094175992,2.082346898822528,-102.35789698556783,-47.78933519327752,-81.04564062423331
25.351249900000003,9.042727419602466,-5.535619725095557,1.7426312057372928,-98.35714707693829,-53.03678564985042,-81.81739917291905
25.3612499,8.788151937855096,-5.412344520051211,1.5252942562930543,-91.9552965481152,-58.094804619428714,-80.6538080621216
25.3712499,8.634429504768736,-4.885978684172087,1.118230686011675,-84.9222419524282,-61.92292508239403,-78.19057601476372
25.3812499,8.555590468638343,-4.038802738133572,0.8037639306019478,-78.85583156423257,-64.89801618374423,-75.41141855594842
25.3912499,8.487336280375569,-3.228264627388557,0.7916205066471472,-74.69232837441733,-66.82991231849273,-72.5876794456702
25.401249900000003,8.404900958426536,-2.7114591807162647,0.8460759398960865,-71.39272004936403,-66.64981151152753,-69.3250911072173
25.4112499,8.243409115528836,-2.350134405760217,0.6330064518102299,-67.7603331156279,-64.71340096777598,-65.0831899074065
25.421249900000003,8.128648120094148,-2.126867582514447,0.3141131431669727,-63.41754014687989,-61.64535501678,-59.21121022157267
25.4312499,7.998722338297207,-1.9625578090456046,0.08695386787249379,-59.419113901213706,-58.10325232127568,-51.596061317241016
25.441249900000003,7.713313538916067,-1.824528378532442,-0.18355125680473405,-55.58112567126345,-54.86654899662912,-42.73801327808994
25.4512499,7.511938957113069,-1.8106560723591023,-0.6184189749931205,-50.19964903472562,-51.568712604455925,-33.740815273454785
25.4612499,7.453942504850032,-1.8023228543155918,-1.043045073972969,-42.035965540738175,-48.35495416700301,-25.330267875703758
25.4712499,7.445483453797313,-1.8981479150123992,-1.028214934298325,-31.48986395809774,-45.37189606923118,-17.91808177601453
25.4812499,7.585857374765438,-1.9869395560147303,-0.7839623935931487,-20.18306127478575,-41.35188483430011,-11.693861263687381
25.491249900000003,7.8643915705771885,-1.9732333308011731,-0.8150736471234218,-9.42090656135233,-36.39667082865212,-6.58220787204601
25.5012499,7.973844603352829,-1.9563464959026478,-1.0041385773424414,0.1596686413512039,-31.736235999353962,-1.639686313457738
25.511249900000003,7.816990932360331,-1.7768644012531758,-1.3403814166300632,6.591922416203149,-27.933383868253337,3.1239059034920595
25.5212499,7.729348251710238,-1.6625697317219768,-1.701914424245434,7.924331845202555,-25.46257153262892,6.764046078074463
25.5312499,7.8616780238518595,-1.6792850204908027,-1.9867934315589522,5.700705211420643,-23.463028398226566,10.214993819697044
25.5412499,8.024251085843089,-1.7410503828079087,-2.0277210794028044,1.4334242465516327,-22.195886777414074,12.986456905097047
25.5512499,8.258002972257698,-1.930525931161377,-1.8256896862155383,-2.383619588395954,-21.25353500678636,14.206049067741631
25.561249900000004,8.6319476252119,-2.1799423556032727,-1.693345540218626,-3.761992961918527,-19.884988252596806,14.255873532436919
25.5712499,8.85587513219157,-2.2793485271140947,-1.6344296776457479,-4.475003490872578,-18.946018532710195,13.531185837843408
25.581249900000003,8.928799486180644,-2.4182130162153443,-1.6237340630219972,-4.477757890831323,-18.287597319618573,12.531793735552062
25.5912499,8.974603489959552,-2.7221062957372966,-1.7474921163085884,-3.298154155430407,-17.299897293572926,12.422864120620453
25.601249900000003,8.913032350694268,-2.836122046909749,-1.8484840929075246,-3.617836415075878,-16.75911847629972,13.387896953712755
25.6112499,8.916787141172163,-2.8913986196954315,-1.845225863626056,-5.377433454579364,-15.840972266350363,14.493696804843704
25.6212499,9.011288839092229,-3.040217901093816,-1.8233743524026258,-7.488294093145557,-14.214711233253787,15.40407878628184
25.6312499,9.146589092640651,-3.223824983803496,-1.7013284999187386,-9.613232106168217,-12.743860631859862,15.898687804857524
25.6412499,9.295535730519257,-3.4680365641449677,-1.4202378688542396,-10.891466464253693,-10.977493286491635,15.711956183940988
25.651249900000003,9.297646325084923,-3.7135684454996274,-1.2397719463169476,-11.450789751125647,-8.795527570707801,14.885405149350797
25.6612499,9.203346327924951,-3.829265985903583,-1.3263442851263407,-11.887478316938779,-7.086618117582957,13.335637317747505
25.671249900000003,9.164852101878566,-3.880765309327396,-1.4770291004695588,-12.334481388559176,-6.205006343778501,11.275769668545639
25.6812499,9.157572552906089,-4.0055823227094285,-1.53532618173623,-12.424734485671827,-5.361265958642564,8.889574031074247
25.691249900000003,9.186284231254243,-4.098341114695924,-1.6626570961757752,-11.736937708123348,-4.295889064082335,6.285080506748475
25.7012499,9.330219067159264,-4.067248924221505,-1.7176806186041393,-11.085003146998922,-3.0306781319373166,3.8038422743246523
25.7112499,9.53601762737375,-3.9982990951715536,-1.5890827904586267,-10.590665485289083,-0.8482425124204426,1.55408966148429
25.7212499,9.640088086741105,-3.9329367806089164,-1.4366062214166844,-8.923827448449067,2.511536753208213,-0.3624285286101475
25.7312499,9.528981376767133,-3.869092866305485,-1.3480217794785938,-6.906117512553705,5.618332253237114,-1.6170231090067868
25.741249900000003,9.310104691194635,-3.8160084612672804,-1.3807044594037445,-4.2833703747902145,8.133827552362447,-2.1953907554578826
25.7512499,9.091043853024216,-3.7180535947457676,-1.4945380417380956,-0.45636502806048834,9.924163803772041,-2.223364235974203
25.761249900000003,8.988495488806151,-3.587214567446065,-1.5640114260924498,3.5678105770393715,11.26244443248075,-1.6090788977157118
25.7712499,8.908204851307122,-3.3935588905989955,-1.5467705390710962,6.695945129749299,12.272657086784172,-0.6955089407776417
25.7812499,8.891388107093668,-3.2327683609526834,-1.4918656980751173,9.386146677716178,13.379880384976534,0.28651016238810534
25.7912499,9.002242289167896,-3.1581266521239066,-1.3865246664557433,11.425801991119197,14.380644252115406,1.570792358191946
25.8012499,9.107147722891481,-3.078393537008531,-1.3039782345332214,12.387302468298529,15.581816626287232,2.901843564329077
25.811249900000004,9.089015177889147,-2.981108174164168,-1.3115956186881648,12.247270228483776,16.998749816588532,4.271574639202163
25.8212499,8.99621732183795,-2.93548581365522,-1.3512750673939973,11.060946493382867,18.000076634353878,6.0017763290806885
25.831249900000003,8.932393878204298,-2.950598424488354,-1.3601500689000487,9.04850972817705,18.819411334606375,7.788316806599589
25.8412499,8.855935086492192,-3.014180879509204,-1.2981681299854255,6.507097204324684,19.514946281242924,9.447415562860002
25.851249900000003,8.830626909506652,-3.189569693356979,-1.199840644088825,4.331982587945937,19.81582689818972,11.054199638017527
25.8612499,8.897518078494697,-3.426777450855588,-1.1041059904182027,3.242025052782734,19.631578469092343,12.79903174047183
25.8712499,8.930563420029047,-3.640564554078238,-0.9932694423517716,2.8709795620059064,19.401652704949917,14.636644811469166
25.8812499,8.913430364147926,-3.8480067655543335,-0.8538140701435765,2.951070940115429,19.602305407167897,16.18708900636261
25.8912499,8.920096957869552,-4.017430726922599,-0.7298946578156477,3.4204592649460976,19.627848367102604,17.494365528234162
25.901249900000003,8.957151482711083,-4.139827999752719,-0.6571757342139974,4.037423367377239,19.413433036882612,18.52775374339777
25.9112499,8.957545170260936,-4.243034213657835,-0.6336969046814226,4.710679985609914,18.93913694375914,18.933595826866725
25.921249900000003,8.962546170131269,-4.317587780085444,-0.647810896493833,5.311818019588551,18.235069242499755,18.730366590714247
25.9312499,8.99695256857397,-4.480623622496836,-0.7151556908332674,5.597481127618801,17.360669956906996,18.06688384145637
25.941249900000003,8.985498367031543,-4.649037624388566,-0.7837983194248038,5.023852061598614,16.487654704968875,17.40755662874119
25.9512499,8.952713141140004,-4.632775586055612,-0.8201198020975682,3.2336228431468754,15.85149539993384,16.79167801426047
25.9612499,8.988218044234499,-4.542174230820426,-0.8044897189250659,0.20864076472462975,15.847779439724892,15.500618246276558
25.9712499,9.015423721640136,-4.541773555454376,-0.8057271507344883,-3.656774645688259,16.04432345634921,13.731726411870584
25.9812499,8.924432158882066,-4.596321624493331,-0.896285472589943,-8.040858198519656,16.150027545818542,12.551785285877514
25.991249900000003,8.824031002954685,-4.641078376915418,-0.9847942887970591,-12.772421670561059,16.530226889779716,11.877351692759783
26.0012499,8.698563871595788,-4.686192358812043,-0.9943093541249819,-17.611413249050663,16.886534440061332,11.220342699762584
26.011249900000003,8.521443450275424,-4.830118253118209,-0.9793340545956671,-22.699815723325006,17.529191665574363,10.592255977115297
26.0212499,8.350627790076087,-5.063449546438046,-1.035665224970855,-27.566152757894393,18.66748499411704,10.24732370338995
26.0312499,8.189200860617607,-5.274218304542508,-1.2252170060754841,-31.793716167661902,20.033582859027547,10.091211789072528
26.0412499,8.022147312581478,-5.477842507779853,-1.3626855874057824,-35.62350864835259,21.570448736134487,10.155011910652908
26.0512499,7.8061539294766344,-5.605982022306525,-1.4150963558290879,-39.97825659538155,23.397428634977302,10.471009172432227
26.061249900000004,7.5711802965196595,-5.6651757013753326,-1.5057460315802957,-44.848464307314536,25.68960171205682,10.777106521594666
26.0712499,7.263067968163322,-5.74274958219027,-1.5570685368542685,-49.53296379168708,28.287281053660422,11.002776524042911
26.081249900000003,6.875931003707352,-5.8416429734797,-1.6604054953769403,-53.43511085472833,31.26395717802081,11.387983087987193
26.0912499,6.481085512655568,-5.879278016186421,-1.8396538217136806,-56.431212088831586,34.51062000451438,12.395237079593016
26.101249900000003,6.176611316799752,-5.808943287617569,-1.9672687313384933,-59.17722297215683,38.383255677707204,14.180509283601577
26.1112499,5.959461437425979,-5.596643893964673,-2.05214206824117,-62.79966528472101,43.24060718677972,16.658613682060693
26.1212499,5.8102847706521255,-5.317081542840094,-2.1132029599914235,-67.12290729125412,48.90692507821204,19.891808892801546
26.1312499,5.690662193319123,-5.052642338279406,-2.1613974764709436,-72.24518257079052,55.22731353543967,24.08475474285748
26.1412499,5.523652409757866,-4.787323307155702,-2.2162407646429516,-78.89914899697438,63.46449462452593,30.54830387023468
26.151249900000003,5.2828161394434625,-4.587592665084032,-2.1989986802858756,-85.06707702445492,71.76563913070531,38.17537428361929
26.1612499,5.041804684908383,-4.4989760554959375,-2.1019692728492037,-89.47140172355763,79.14517409252718,46.32101952232784
26.171249900000003,4.81333861291606,-4.411816745444886,-1.9992024284511825,-92.73162099345195,86.90073351968466,55.54818444883981
26.1812499,4.5339399218331335,-4.3347019613446145,-1.8787209526556254,-94.92408989387901,94.63741249678091,65.72714695081663
26.191249900000003,4.234148896374096,-4.335506430205909,-1.7007860332696307,-96.19491507198497,102.11471902070947,76.80952832394694
26.2012499,3.916820649268552,-4.301511275390536,-1.5221913233148834,-96.2886655074533,109.37809376353647,88.73276558175915
26.2112499,3.570599989847887,-4.207070764810704,-1.3276767983327769,-95.04364174146438,116.36935166083711,101.41544053427099
26.2212499,3.2117069206836866,-4.047067400114457,-1.0986982982711384,-93.24884336438879,122.8719491428307,114.49879873047168
26.2312499,2.857553667291099,-3.8455344520408397,-0.8596364543117517,-90.83149751640624,129.1970769172625,127.84636103732936
26.241249900000003,2.503986026160428,-3.629904037686203,-0.6371192475369539,-86.97762524496251,135.28486761398202,141.40183546165417
26.2512499,2.1695089230762337,-3.3724516275988257,-0.4789875909691078,-82.49007038543294,140.86621328118528,155.57878963961153
26.261249900000003,1.8699190326752584,-3.109928085038254,-0.37268312571144196,-77.67740513590032,146.38651308278259,170.3847953463012
26.2712499,1.5980004077495342,-2.8530067869736757,-0.25390136679319314,-72.80695415059213,151.88770250075896,185.89328853553062
26.2812499,1.3669085968721149,-2.6009282269975116,-0.07184051135000892,-68.3515367527049,157.72037467899634,202.5546922855466
26.2912499,1.1387884999909672,-2.3261761037180118,0.10009962464013888,-64.4667135637258,164.05916215872227,219.964177788333
26.3012499,0.8016577811998686,-2.0380466508992825,0.27513355083105057,-61.683706574216025,170.62038804210115,237.75929312433547
26.311249900000004,0.4004195004246723,-1.8699712525731353,0.5059775059695091,-59.441145351717026,176.9603689953838,255.0699250426304
26.3212499,0.04271323289099236,-1.877522491793464,0.8336311741172637,-56.569058375298184,182.6627435528723,271.0607668653157
26.331249900000003,-0.39697976300006316,-2.3017400408523865,1.4767922645380114,-52.112305271895714,187.7040980030627,285.63526344487775
26.3412499,-1.0494349571183081,-3.3228842571515904,2.328243740326622,-44.63435144434807,191.8894007088655,298.6920197097811
26.351249900000003,-1.6713360936797075,-4.672680327818384,3.183848164477136,-30.921182789570974,195.12575110984687,312.1534690087894
26.3612499,-1.9993963624122766,-5.907880416920754,4.251087016908111,-12.433893884140643,197.49951924388233,324.6061135064675
26.3712499,-2.100180432797651,-6.721398072553569,5.17613918691139,4.7631784209728405,199.54418212851652,334.21110594907697
26.3812499,-2.2965547209646537,-7.381868345205915,5.793834109321163,20.653160899347455,200.79755676362387,343.0456948951292
26.3912499,-2.6868504783790805,-8.489445333169963,7.069480100088837,34.878469486006935,199.69737336576867,351.1182931212733
26.401249900000003,-3.067944362608241,-9.663045789244766,8.56591223533574,45.923521615507525,197.03105978890056,358.0247680345753
26.4112499,-3.422334396753489,-10.106094690544086,9.304995946333522,53.22468065452867,192.40994525432004,361.8583767002562
26.421249900000003,-3.576629521093611,-10.369279244153097,9.978758910820714,56.150006850416474,184.8938662630262,360.832058820429
26.4312499,-3.4020997990426274,-10.98956313949007,10.755618401114825,56.3257264862408,174.39080422912568,356.7108376717609
26.441249900000003,-2.990480828202161,-12.011955694102587,11.75981736951442,55.251202867569425,160.9713493323939,351.24405521852873
26.4512499,-2.541533347566617,-13.495938199260744,12.843580047886798,55.82278831282708,146.02130238129826,344.69878502856477
26.4612499,-2.2147226171360805,-14.930386097174848,13.900334874090792,60.549164996360346,129.81986295114564,336.5562574217737
26.4712499,-1.8145372011988494,-16.16282072590231,15.220407254498678,70.9214749305551,112.48207973966886,326.2425719293669
26.4812499,-1.3450957550274276,-17.303443485727115,16.461933370770108,86.41087071375236,92.89882849477864,313.2240759645169
26.491249900000003,-0.8637114832960501,-18.17040661994809,17.372488573552285,106.15759145976985,71.60043368920917,297.09434149776007
26.5012499,-0.5409372056735062,-18.343352314292392,17.90348896959713,125.4068499157256,49.07361510433938,278.8901033496429
26.511249900000003,-0.3882760350068945,-18.122552380779904,18.592706722968703,136.56980125442493,24.520151879221096,260.23622001786606
26.5212499,-0.23650305997548215,-17.980748957405062,18.938877288148216,140.40747618791735,-0.9262674751731824,239.8626616984427
26.5312499,-0.0025557652308104053,-17.15121921798965,18.33414288333776,137.4705067692825,-28.49113760137551,216.12768443688927
26.5412499,0.724239734095805,-15.909276844021807,18.558614206707727,124.06100313051978,-57.557564723973464,190.76587419054962
26.5512499,1.4079440607892255,-16.131855572648533,20.342047889244604,107.80662683652191,-86.56827979640228,165.9846496378355
26.561249900000004,1.3595979093784425,-17.755252433472958,22.17825141138472,91.57768903769987,-125.2398904537962,138.2374878616768
26.5712499,1.7169814298927615,-19.213720573014236,23.57499236024947,71.70376004843042,-170.1377639974108,108.73301310979409
26.581249900000003,2.287742922025745,-20.13276630515149,25.274095636456533,44.74572411870114,-213.1137582212971,78.6446117359383
26.5912499,2.4038589818138263,-21.355900732534813,28.914066837585995,1.4717770458255268,-261.7676350561992,38.253552674299996
26.601249900000003,1.5100033686087024,-25.511491094437325,35.89727796975132,-43.711635114089056,-317.47139375760645,-22.311773486862727
26.6112499,-2.3145255920436085,-33.76463887539137,43.370693084375915,-65.15677646742084,-374.84088653123416,-113.55318165346971
26.6212499,-8.568276732614182,-42.87080086990454,47.45934455316494,-42.69027616998355,-434.76164158853567,-233.23785691690094
26.6312499,-15.241945260566897,-49.636024615072394,46.7369107011527,18.984973795432733,-488.19478326530015,-360.4632857743392
26.6412499,-21.17745436592555,-51.16460077576828,43.57077980240404,61.45646840917611,-502.472892684084,-461.84902449185125
26.651249900000003,-26.77337251519812,-45.89407733277196,38.727167103046774,49.25578321534062,-499.2511286913694,-501.57198985807537
26.6612499,-31.669280205674976,-39.18736459802009,30.639765974036205,2.480506824963616,-499.9127577662743,-500.0072510870034
26.671249900000003,-36.039517991571046,-33.69399964847129,20.793478279535233,-73.00947744179909,-500.44169968793364,-499.36422579661996
26.6812499,-40.63636519950432,-29.17421824163121,8.732967931421518,-151.6844556641266,-499.6148721024971,-500.84541453954773
26.691249900000003,-40.13025120432936,-22.370142546600732,-4.184489666413761,-202.22642088573355,-499.1980484720156,-499.3250162759637
26.7012499,-36.17625404794566,-11.574352088820309,-7.94453720039578,-220.90104358202703,-504.480008649459,-498.7669946845608
26.7112499,-40.063434477023776,-7.122710953955859,-6.305554763811686,-156.95538581835368,-465.3785231444974,-506.96149521023716
26.7212499,-47.370816562924,-6.331845710882513,-14.890260536649672,-23.71947032685858,-374.62720081127895,-432.6708594590729
26.7312499,-42.860254810733736,3.4096681829519007,-25.074704283488348,74.96173127148529,-301.99442781778197,-251.98732680751212
26.741249900000003,-29.734983122736168,19.45328779727147,-23.44944915533258,93.04372426858873,-220.50456121749798,-113.17455699717841
26.7512499,-22.13916930948383,27.718589887833627,-18.422146058852178,48.20743409111043,-122.09111446062825,-35.76348884026552
26.761249900000003,-20.536998973966416,22.33504427165642,-16.87427305070129,-24.764337708922817,-50.762944910483625,46.07161922902505
26.7712499,-18.833514443423446,13.669220950679218,-11.269792293817185,-95.6450185751001,-0.27448938787209387,118.13004079909348
26.7812499,-16.613613996182494,6.794423300181694,-1.0477849071497067,-133.47693500176914,33.47217109435739,138.93586375425738
26.7912499,-14.081366706995599,-2.4550456258831246,5.7183883592839395,-125.33162539512742,42.872836595846834,129.37267158888855
26.8012499,-9.308022750707018,-11.27750933258853,8.412151304942823,-87.45158510943689,38.6319224950458,118.26698788109783
26.811249900000004,-2.9358365015667998,-15.049959910499181,8.761211930714046,-32.94574226126011,28.324576790534323,104.62908990138125
26.8212499,2.6363093807332025,-14.28910185002735,7.529162827334157,16.21567437949755,19.627260836621133,87.5899710829965
26.831249900000003,6.277045043272719,-11.583614479849285,5.223655332246842,43.752322851550296,16.165831749726305,71.1861390354843
26.8412499,9.14765897568147,-8.588428667650307,3.5448975876951505,46.0409833068738,15.346233788808432,55.159831343428664
26.851249900000003,11.750405468724601,-5.633407422669617,3.346314823086072,23.108302227282195,15.645455150453929,36.42051192228497
26.8612499,13.081306393501258,-3.939233862891121,3.715866025777023,-15.72996062317255,14.710793033259542,15.182555670495352
26.8712499,13.03812459528824,-4.192808516988307,4.0661803547049935,-55.93850790286585,11.101192941801948,-7.158948314511301
26.8812499,12.659785716893177,-5.238210112407905,4.12564837478453,-89.67600418387234,6.5526463331218405,-29.339753526426804
26.8912499,12.436910872119373,-6.578961400357471,4.032501935344545,-112.67169204617731,1.9593778792107504,-48.74307261855829
26.901249900000003,12.380180795914141,-7.986124483897319,3.9367069008305324,-121.61207874433468,-1.777502214233554,-63.77722385892858
26.9112499,12.464882519850319,-9.107029353229454,3.991115348181053,-115.23100149241598,-4.177129183238202,-74.03001387324777
26.921249900000003,12.435367689353262,-9.885072396286713,4.234497633859316,-95.04580213343802,-5.421465278833104,-79.92445727957227
26.9312499,12.062567717120803,-10.301462129720381,4.5064975993291485,-65.26299766102511,-6.555324998881155,-81.82068606913309
26.941249900000003,11.47605484776527,-10.371036378402572,4.527120493388081,-30.767202721368555,-9.326279304916548,-80.61483772431296
26.9512499,10.94927681135243,-9.857632875171532,4.098911510546874,2.6653539994620976,-14.590471306812471,-77.65823531175212
26.9612499,10.562851589065724,-8.847525575305413,3.6047588179582486,29.762889117707097,-21.784970806471676,-74.86140214374376
26.9712499,10.216802183495593,-7.630834890854518,2.970045036368542,47.92606996330186,-29.00507433665846,-73.18390614775271
26.9812499,9.947207159835997,-6.047440644575776,2.0057220625995615,55.384142604214595,-36.52528953085082,-73.12177400604804
26.991249900000003,9.945107858710132,-4.333432436300486,1.2575704622940498,51.9351923745132,-43.95244113182864,-75.38809374664234
27.0012499,10.007983526356526,-2.967219865796282,1.0264066739730835,39.442094908621456,-48.89683576829646,-79.46130168002013
27.011249900000003,9.876083344794457,-2.079406482873635,0.9115245906617918,21.20150242974598,-52.51721557178305,-84.12620601330202
27.0212499,9.692468330100755,-1.7430397980574661,0.6671096664336467,1.3400217504823684,-55.21819835089736,-87.87672872086335
27.0312499,9.558555630306506,-1.735973428905087,0.4839907103183056,-18.261328547007952,-56.69212020175773,-89.79101524123149
27.0412499,9.414081799703842,-1.7590271049756179,0.3482516761979663,-36.00894195039803,-56.56477367976515,-89.82330090796492
27.0512499,9.246555656662753,-1.6782410415821294,0.15385072344136191,-50.55505610618182,-55.21776254878275,-88.60458482364952
27.061249900000004,9.083627370541867,-1.712878971597649,0.16397741314028294,-60.981834472612775,-53.4046431048922,-86.54225370489827
27.0712499,8.887450326645622,-1.9209513571671573,0.4570704949672094,-66.64262910599707,-50.58050840481571,-83.70028067511878
27.081249900000003,8.528684479329007,-2.134852196576676,0.7780834738438854,-67.66981313489788,-46.64405951394786,-79.91702436899523
27.0912499,7.950618527702191,-2.32357306143909,0.93876670421301,-63.79668331305046,-42.96683228597146,-75.23033969701369
27.101249900000003,7.553112849556431,-2.71018756103314,1.0917223347965892,-54.15710039215621,-38.65515858138492,-69.27814710944948
27.1112499,7.143339013591601,-2.9647818147348235,1.121480495518477,-41.90838376185472,-35.20347914736749,-62.34382503834824
27.1212499,6.7844056167659055,-2.8381262658162036,0.944065071775039,-28.155471893464227,-31.706518509000666,-54.77076182696761
27.1312499,6.432831659954783,-2.554264852807952,0.8261385192083202,-14.369441944002485,-28.771299461098252,-47.143654130835145
27.1412499,5.869580678201117,-2.011025100856358,0.6186436725971153,-5.106598847428167,-27.747227356484977,-39.865094484369
27.151249900000003,5.907153685030077,-1.7481508230596807,0.3356214072184626,3.1241658061904825,-23.537926173094853,-32.2487128106469
27.1612499,5.84971694964022,-1.5935704332746847,0.2078551441149276,9.135422092862404,-19.12624452208873,-24.26591086896067
27.171249900000003,5.457791030682863,-1.289659719320837,0.10254365469046704,10.449719998457576,-15.953790698629312,-16.12747953782224
27.1812499,5.055325493984874,-1.0708466605216826,-0.040379033221918374,8.921006270230679,-13.847410136140025,-8.741668160498167
27.191249900000003,4.942442196818689,-1.0001177207686216,-0.29614427301653384,6.580966233109392,-10.764544162863142,-1.1946855699942809
27.2012499,5.219395409227545,-1.086157045893569,-0.5080583669693702,4.304137862302008,-6.495143983856901,7.743416213740519
27.2112499,5.4772661661517095,-1.0551195228774435,-0.5351138036353271,0.7787515442806576,-4.427889700939382,15.74172759765601
27.2212499,6.024294620433349,-1.204306643941195,-0.5146687633485577,-2.448971721275339,-2.6636450355879173,22.671714005091346
27.2312499,6.728780893345662,-1.325704904416014,-0.6488360259350169,-4.924329689191349,-0.8571858576073194,28.726909345671068
27.241249900000003,7.43067355706173,-1.355663059111869,-0.7776919352575733,-6.7163597758363345,0.6997656316739858,33.97467739160548
27.2512499,8.29420416087349,-1.5698934427610352,-0.735386669028865,-8.388692549275735,2.820075757415863,38.72513756676501
27.261249900000003,9.328757838970871,-1.8093725633973325,-0.6541399244604473,-10.528418195384647,5.787797610367269,42.61047745864084
27.2712499,10.349069649607312,-1.9853015679552413,-0.573790693357305,-12.39557786647549,8.920434233339986,44.98964331627994
27.2812499,11.269962638483534,-2.261752929963024,-0.5320493359678081,-13.866287490366075,11.673773442505974,45.52359012590878
27.2912499,11.91101315785192,-2.6347336114537487,-0.5186115120000836,-14.859492631326441,14.031546420309995,44.671084507880494
27.3012499,12.161409019124537,-3.179297140614742,-0.4855263805934374,-14.019367111960992,15.110492703679943,43.38667248117345
27.311249900000004,12.190568687033759,-3.884862631812098,-0.4820700917860759,-10.289487104520159,14.608606141772736,42.16511365569988
27.3212499,12.131882617250566,-4.4800925774077625,-0.509551750026118,-4.071322384162319,12.773553278895967,40.82025508495866
27.331249900000003,12.043124905274759,-4.875582148648143,-0.5192513948533053,3.3269716063874135,9.903167636793903,38.84426867341643
27.3412499,11.883099129484716,-5.043299390293362,-0.4880816347118614,10.334894528024021,6.677385365899231,35.8506599521157
27.351249900000003,11.657009154388035,-4.989595166066875,-0.4039215300899079,15.055518847659956,3.7718605774561156,31.653771842020394
27.3612499,11.505332042790677,-4.818506885336528,-0.24421272881786657,16.439186447809295,1.6071807595700602,26.42247299274926
27.3712499,11.336012509827315,-4.626987918892533,0.01058775398778917,14.547261817518475,0.2563909946413422,20.30138827334775
27.3812499,10.961081940998746,-4.491753002822233,0.18174571823885957,10.009107823149453,-0.6855775403037379,13.47692154835438
27.3912499,10.481582028012214,-4.458334440607118,0.1955870676560815,3.972575634212825,-1.6306728751575055,6.95264734720088
27.401249900000003,9.939476237306073,-4.382850378985472,0.17131500240255867,-4.132282929795696,-2.8072920549339666,0.44824667096435356
27.4112499,9.351108292310498,-4.168597779065422,0.07480125427466924,-13.56294433757566,-4.091463995685896,-6.353946777810991
27.421249900000003,8.917606486912126,-3.9442524155374397,-0.007095459424880288,-21.15220799531701,-5.044668965300553,-11.70070499277598
27.4312499,8.606087859188333,-3.8388104318108565,0.11836560547039698,-27.187999367146173,-5.605752001947765,-15.823354237599679
27.441249900000003,8.407653019705867,-3.9446906770376993,0.34283634834040544,-30.851080336403555,-5.316927154630195,-18.35167965692193
27.4512499,8.292515813037388,-4.144379350691199,0.5125962660000518,-31.472407801422428,-4.164868967184781,-18.78540489606039
27.4612499,8.213349225738263,-4.287557799392824,0.5682890829882402,-28.728999282580887,-2.325139805940378,-17.675677121864346
27.4712499,8.106195372731332,-4.348946776874278,0.466743573915532,-23.669150457240068,-0.6535988086267716,-15.163053911065939
27.4812499,8.002727187355228,-4.30863045723396,0.3112144539132129,-17.531711006554218,0.5622763177119345,-11.839082556413423
27.491249900000003,7.927042022969727,-4.226340571686087,0.29999193650752126,-10.770699164502084,1.548481455179045,-8.538831894406695
27.5012499,7.862916976454408,-4.1091890962814315,0.31087759385081476,-4.1435207021907265,2.9445258636185443,-5.215513973572746
27.511249900000003,7.841229857532174,-3.9424508153004765,0.0907195271209492,1.5419430059946968,4.597628973232982,-1.8114975043581636
27.5212499,7.984362947201063,-3.8050180792685415,-0.2127123331118946,5.34330213871238,6.117826323021902,1.6828207803344752
27.5312499,8.216484146512162,-3.6747177228042975,-0.31295756735725316,6.75805868001464,7.60004049622273,4.922083646071921
27.5412499,8.400285255807006,-3.4351168183259784,-0.29984879296582984,5.97539245054249,9.560018067672235,7.353239061633496
27.5512499,8.609942787077742,-3.368680907943914,-0.30556223090561446,4.199708430221534,11.687439618098301,9.080627234964759
27.561249900000004,8.730052202346918,-3.603576344053136,-0.26207708648141576,1.7862412346760839,13.03213068548003,11.06209173471212
27.5712499,8.675127835676054,-3.8534527582622564,-0.30404061855974684,-0.7092457108944156,13.685531194632661,13.475710850855931
27.581249900000003,8.55415421659954,-3.963213418366429,-0.4493180256762494,-2.96692626067987,13.478375557889109,15.654174464380551
27.5912499,8.523177018538105,-3.9733362043070253,-0.48637947020234146,-5.788759535590093,12.288522061073238,17.12328529185729
27.601249900000003,8.712160303428433,-4.0403340005111055,-0.3961996023113904,-8.518940454838996,11.946182583330463,17.85605603763101
27.6112499,8.92040848664401,-4.113639825859365,-0.18665598968442584,-12.179645384623994,12.292018585110819,17.85869038824152
27.6212499,9.018256863369968,-4.351251631566036,0.041250307923092845,-15.635879033845432,11.991692464523995,17.56723413669838
27.6312499,9.045718084693927,-4.5878102319490806,0.11733291784655939,-17.88076034836407,11.645312998655085,17.370912472122576
27.6412499,9.219307693953988,-4.69654121984795,0.17387217395233723,-18.592985607978157,12.550759160772937,16.866948014064274
27.651249900000003,9.198628151834104,-4.6109061037852275,0.26718177010229927,-19.432642684611256,12.26344867444304,15.717550416437081
27.6612499,9.132995069687706,-4.685656535077954,0.31623389434474414,-19.363768163354486,11.72339944537805,14.061314081980427
27.671249900000003,9.06300421409034,-4.7479253283769385,0.3014161212413942,-18.553387087953713,11.091491784922077,12.00323347182548
27.6812499,8.905068503163921,-4.529273035165331,0.3161689220621478,-19.01799459706374,9.915022555585102,9.528717982314442
27.691249900000003,9.03713375976946,-4.610647416683653,0.44206965132803966,-18.65532012559089,9.996663906542997,7.086551398028113
27.7012499,9.057363926308586,-4.760091237170379,0.5659378130300462,-18.220341168890656,10.305523864260426,5.668154594842904
27.7112499,8.797422390221257,-4.652305897380191,0.5460455276003469,-19.171706733585324,10.024124194554005,4.85487743656504
27.7212499,8.740137989799713,-4.601330660213302,0.4754797996866105,-20.295766891534615,10.207456466401268,4.5888142679686235
27.7312499,8.70397420820096,-4.584769080141373,0.39438480040684254,-21.573978806656605,10.53262842575554,5.013921819939952
27.741249900000003,8.561303864366671,-4.602878289588841,0.24833768631745176,-23.234603219377767,10.748804329148655,5.8225630903319585
27.7512499,8.426397511186476,-4.6170858958065075,0.10666550604889519,-25.33191553810216,11.059747302632179,6.792890500756027
27.761249900000003,8.294596264919711,-4.629795162906942,0.012740051226705983,-27.687896212948942,11.457469520991022,7.816265423118476
27.7712499,8.073519942972593,-4.6736159065830245,-0.08821758272944025,-30.921211221749022,11.662553447866639,8.810190606114718
27.7812499,7.838885181655589,-4.751148227497519,-0.2285327703956194,-34.92241579865465,12.192732052130323,9.803851735076236
27.7912499,7.655167047525946,-4.892224541584708,-0.3533891270112592,-39.315660983919486,13.193497391105923,11.103521430516325
27.8012499,7.4006072016777456,-5.066852147915245,-0.4543902368991408,-43.90214179443703,14.557608783969888,12.755335676945581
27.811249900000004,7.114062282035727,-5.232078139177393,-0.5876501447891818,-48.08454999387396,16.35781121270845,14.943692886859044
27.8212499,6.828897600811052,-5.335891409887709,-0.7251290109994429,-52.36527902094138,18.526214492941964,17.9249035388991
27.831249900000003,6.488908800302828,-5.422818445084441,-0.8376890974361647,-56.947022005457725,21.666060474594296,21.861477337109168
27.8412499,6.108238810413077,-5.45397777786833,-0.9647752112063485,-60.61437189578729,24.96475154135824,26.26854758543983
27.851249900000003,5.7776346916206975,-5.426375138424826,-1.1288947374357605,-63.21849809768967,28.233868455597804,31.219842405865528
27.8612499,5.5199926565191095,-5.339588882600152,-1.2596781249428883,-64.77283385641648,31.885995268834577,36.65832954425895
27.8712499,5.310852785597131,-5.173807763586821,-1.353255426201918,-65.55453437827171,36.02929665858109,42.73949008191029
27.8812499,5.116396151638219,-4.9616957492502,-1.4040521640337456,-66.21694823752155,41.0690626877991,49.544988158692654
27.8912499,4.866258968274261,-4.6803989049664585,-1.3857851133472667,-67.23804814383688,47.20986423879147,56.9808485339861
27.901249900000003,4.498934374791091,-4.370729815616897,-1.3671334312657977,-68.82100369750869,53.98223064141596,65.17985368983275
27.9112499,4.027437163579948,-4.048263280153297,-1.287954322611678,-70.30906248715988,60.97887364477376,73.61815977231358
27.921249900000003,3.5620010652915304,-3.7215885847055845,-1.115138286475831,-70.51041004210758,67.91935902915107,82.18706633139749
27.9312499,3.2287822669617308,-3.532523551481161,-0.9597619953729669,-68.61896711546585,74.80823120944059,91.52594202604608
27.941249900000003,3.005346320927419,-3.4587157771592336,-0.7506719912092217,-64.4503752750283,81.94472992924119,103.04020259494389
27.9512499,2.762726956845927,-3.485815752499691,-0.4106484426087082,-57.56506234100368,89.67660053072464,117.45287126521815
27.9612499,2.402795771181378,-3.3736982160851943,-0.09419813574388301,-50.21632023305082,97.96769910485897,134.26645108271867
27.9712499,2.0384876458229604,-3.059258421130919,0.17061806645550004,-43.602623148861326,107.10542465160187,152.96432105609296
27.9812499,1.844263296957719,-2.9124763124777417,0.33032126010316765,-36.412854277604474,117.716090318613,173.06897224529246
27.991249900000003,1.695225412899302,-2.6253507370012104,0.31607622688472337,-30.98267072943942,129.1381339187078,192.96339871257342
28.0012499,1.5014901761591735,-2.2771137722631303,0.27417351126128625,-28.003085948504886,141.05420200544913,211.08471033475885
28.011249900000003,1.2845848731465384,-2.076361681204597,0.29222884561269186,-27.180967260871597,153.7744826442494,226.7319187376614
28.0212499,1.0593241735529997,-1.9983778896304283,0.3143996325949863,-27.723141803498343,166.3577427026115,239.5747027410773
28.0312499,0.7806359780142529,-2.4798254389723406,0.5315523949830762,-28.069396429689675,178.52011514078475,251.14220211349797
28.0412499,0.5117408793363523,-3.354190103106323,0.9408664282237325,-28.17550966807246,191.8509781952871,263.6947712744453
28.0512499,0.3254356863095553,-3.9426274920095623,1.2383534488930015,-28.15102621828349,203.1626511801225,274.60406664790867
28.061249900000004,0.14857737918926422,-4.496893465137287,1.5661619929792532,-26.246682156748463,212.99651395739315,283.8437788600618
28.0712499,-0.17282600773226892,-5.04005730476483,2.0535248826021726,-22.38512027351641,222.65749752918006,291.8929320476166
28.081249900000003,-0.5076031722801393,-5.230300643218654,2.334786572508608,-18.06254758356001,231.27436932262208,298.13718927280956
28.0912499,-0.8471264001298325,-5.39528821023671,2.442095349589939,-12.60745943194031,238.6787895630579,302.7918718850709
28.101249900000003,-1.3263404939161192,-6.189224127162011,3.077339692682246,-4.668486598917093,244.81499468846653,306.5180101291158
28.1112499,-1.9449395369456686,-7.506927412432828,4.0143662330388254,5.93004055471064,249.4899557207568,309.58167705874223
28.1212499,-2.65823870491811,-8.421796130476492,4.327715770906114,19.766439391204273,251.48463922175216,311.32816412643695
28.1312499,-3.0890644106007024,-8.841174106779238,4.653094688097432,34.54026210725668,251.00167837132466,312.3506633357078
28.1412499,-3.1070273633534184,-9.426702988212702,5.791927840478982,48.977143991175794,250.17595606492776,313.93355871481606
28.151249900000003,-3.2577960102533385,-9.659086311370144,7.1266831026291015,58.98027103809879,248.33844670796844,316.0454563952888
28.1612499,-3.742449218055396,-9.41256892342719,8.11113441734128,59.83654959425678,243.43034934189387,317.2824240760543
28.171249900000003,-4.239950088128397,-9.524848312806686,8.97518188470878,51.838122916629466,235.36657211932328,318.0983734493806
28.1812499,-4.833137724150314,-10.571336730490259,10.067880425750898,41.27893237691394,221.81362389131687,319.12407779582793
28.191249900000003,-5.231839088787982,-12.21572075542899,11.692609505386303,36.326838179044074,200.82454484069225,318.79340164434115
28.2012499,-4.76444364786793,-14.112035705064038,14.204344345637265,41.782820293668486,175.47037274338808,316.05027990038184
28.2112499,-3.8491212528042897,-16.526247097555544,17.182737355723617,61.83838514769049,147.12342982827255,311.9649178647204
28.2212499,-2.9074725868911666,-19.194350013184703,20.534196013033352,96.44516661510545,115.53117721157099,307.4975234025002
28.2312499,-1.995550207018211,-21.71403713423556,23.94950160343004,141.11846858901106,84.1254478831933,301.846680817993
28.241249900000003,-1.7648921765892802,-23.03415022701357,26.469235660940168,185.5386298473724,50.50976476710591,292.9222825622829
28.2512499,-1.9902179850116946,-22.19968020915787,27.68338068435481,213.24729946445095,4.865301226150504,276.61707398494116
28.261249900000003,-1.402212220228088,-20.082900617362558,28.333081304249635,209.17600919543693,-45.06590506186601,253.54875834882122
28.2712499,0.14625247421958212,-17.377111603799733,28.923971724520623,170.66652667078134,-96.3033285947699,221.87525301703866
28.2812499,1.9525749099793188,-14.847739925399006,29.217115077832087,106.58885647172431,-155.31731753386916,175.52644365533274
28.2912499,2.6892606358319155,-14.21929631363116,30.656240800636642,30.153000664497853,-221.50033592163967,114.38232577786852
28.3012499,2.1196612614882167,-16.562213415152314,34.27782194510091,-43.521228128677805,-291.3375133798473,44.526463365268874
28.311249900000004,0.7442602601684992,-22.176882807025248,39.12218357893101,-95.92949060137471,-358.8755040233167,-27.341158118209492
28.3212499,-2.3582820730468645,-29.86789780629653,44.700424057725485,-120.86112421792075,-432.0340703415293,-103.3846307776463
28.331249900000003,-7.431299277045925,-38.10804857649227,48.80816095003752,-106.07954362758846,-491.34020499576894,-195.4761206743961
28.3412499,-13.512167765512734,-44.45527402058885,49.57441865432914,-53.73753712015274,-502.4036729972135,-302.95460465167525
28.351249900000003,-19.29276276329974,-47.779566022592654,47.30921312778399,5.215151842241517,-499.0161323480826,-404.9796113240167
28.3612499,-25.229094509636315,-47.748944199318025,43.19172968487062,37.60163135296012,-500.22371409198,-478.5156225881774
28.3712499,-31.07911352253157,-44.15621370370183,37.954193592488025,33.564926288985674,-500.02108291472143,-502.0303806710727
28.3812499,-35.551482444165075,-39.609183862433554,31.443801189140974,4.079595834752788,-499.8455593204355,-499.61443615592833
28.3912499,-41.2309117445208,-35.50004256689463,23.73899503048745,-52.437130264718434,-500.58136741146063,-499.64911622602216
28.401249900000003,-48.5607926912537,-32.167896240900255,11.743063807956426,-117.26817658070196,-498.6453646321356,-500.74653802871643
28.4112499,-48.16442799220155,-22.962136998168585,-3.007170423325967,-180.69953143028408,-501.61529406091194,-499.21743241377874
28.421249900000003,-40.42574882221516,-7.595623558402479,-9.050981927113147,-235.85872460605123,-498.82972206986693,-499.1831449871257
28.4312499,-41.81691588909506,-1.6810285083908043,-10.413325374087437,-208.97399705914557,-417.3557547757476,-506.1682904435549
28.441249900000003,-46.15840687815103,-2.97866151548258,-20.899092295290263,-110.79776958733784,-298.20994251096306,-433.5251006909149
28.4512499,-38.57591965608569,6.006241631105225,-28.60511449427501,-36.66705599713374,-213.55132089121574,-269.6773904710947
28.4612499,-25.330861951867554,21.386008901630113,-22.246595614829637,-18.593732718803945,-119.82732645796601,-140.70022390685492
28.4712499,-19.488077373735656,23.05067811192389,-13.23411305496898,-31.972476986611877,-36.91103414943506,-55.79885989578304
28.4812499,-19.138201963856723,14.01042145969683,-9.13030981226185,-53.574886839812464,9.603659417397424,30.658590647041947
28.491249900000003,-18.331798337712716,7.2442889828496755,-5.055247780004743,-65.02482828064609,37.53494053541677,100.13491662479397
28.5012499,-17.423231940654198,1.9700570435948148,1.4069403688836337,-55.06934020030446,39.692519319133446,130.5449617510746
28.511249900000003,-14.473187084398791,-3.2141797336683653,8.364510384555599,-38.137110732642064,27.33594642441244,137.09750408824155
28.5212499,-9.841409116906958,-6.416459714022158,11.759159090516834,-20.6623162234246,14.894780861035873,134.36391191734813
28.5312499,-5.545540171854876,-7.106870880903632,10.344084241326774,-4.6563361587433505,2.2907463009851177,125.27541860026452
28.5412499,-1.3187312288846247,-6.181516187356,6.634666028641331,1.1535549821886901,-11.625461733553852,111.20476306766352
28.5512499,3.2646201913357946,-4.5697118089582895,3.70014353528571,-10.089389599860326,-24.2968105754711,95.86348262268854
28.561249900000004,7.41398671347334,-3.6264598862414315,2.4841179962004447,-33.207902627331556,-31.377934039465384,80.0229589795019
28.5712499,10.476982889175924,-3.951869294243865,2.3603161071331296,-57.275768820686054,-31.047623981070224,62.82029438377598
28.581249900000003,12.467416342495694,-5.244767515994536,3.128205810113192,-74.59301971508873,-25.2282417797263,44.17661001340547
28.5912499,13.383833554587907,-7.453784638477361,4.1892998329295255,-79.20706736218929,-17.227467688989183,25.52096520558543
28.601249900000003,13.373342731427709,-9.672843477695068,4.542739380552836,-71.17463114290888,-10.055261491156976,9.953233491637521
28.6112499,12.825987471852997,-10.961012439002328,4.223969109980945,-55.68740393722433,-6.017516152772324,-1.106096237670834
28.6212499,12.218220371281177,-11.364894479368257,3.5653401904696076,-37.17308554952431,-4.669438193553671,-8.58561149120821
28.6312499,11.863935329953055,-10.986423833410313,2.5849861878136977,-19.086796568011504,-4.436339724072647,-14.241415521503598
28.6412499,11.857614580580428,-10.173019301013728,1.770795597675377,-3.9023873441694192,-6.597854615698213,-19.63292597063731
28.651249900000003,12.089538761414781,-9.353230281313422,1.5592924251453208,8.069943888205362,-11.147352270531469,-25.721118821469414
28.6612499,12.184762842445272,-8.518177774003046,1.823934365119014,14.675631516329174,-16.7268051456329,-33.56117786836542
28.671249900000003,11.890172887809372,-7.647294923649583,2.328273155900451,14.139857802141407,-23.17511996133106,-44.94847571701681
28.6812499,11.31592388048908,-6.88621256888466,2.436344416747378,9.25538196538259,-28.390245137508387,-56.981027963361626
28.691249900000003,10.660468419493263,-6.199819918871009,2.020946599297584,1.6594303407823354,-32.65770228820805,-67.08726195277951
28.7012499,10.03980513483951,-5.724698054153794,1.6593062466541206,-8.405030116080681,-36.99435649600611,-75.66091316698564
28.7112499,9.502258769021326,-5.3366087642550175,1.0595523714362212,-19.91337108122676,-40.847437163741134,-81.11256412210761
28.7212499,9.061307988356502,-4.704600942979615,0.18137664046511998,-32.59775894016053,-44.254692602767946,-83.55224048155453
28.7312499,8.788375007474574,-4.017869491071081,-0.3064593399147092,-45.87428069989294,-46.46499852088613,-84.11200995627578
28.741249900000003,8.549218085986602,-3.4121466038400725,-0.4828030179085839,-59.65223203328592,-47.16717730726454,-82.92702788764358
28.7512499,8.278958910096136,-2.8261246409322642,-0.6450868373795992,-73.68049284192763,-46.336909283636345,-80.64976192449988
28.761249900000003,8.116618596360254,-2.4005200742307293,-0.5932924990939681,-87.20980901045178,-43.89800060407291,-77.75945317723429
28.7712499,8.090313559940787,-2.1678261158315597,-0.4917987025503367,-98.9701311664974,-39.525577697368135,-74.1502494980559
28.7812499,8.006786205197134,-2.0068271300617013,-0.6278139146408164,-107.45674910491124,-34.04739524856697,-69.71772673806115
28.7912499,7.918621136800817,-1.9258771195109479,-0.8076071256634313,-112.24449640624975,-29.400101093533582,-64.48393409066465
28.8012499,8.068456508068982,-2.219455413317218,-0.813486517597224,-111.09856470735635,-25.446403174236575,-57.62807372268904
28.811249900000004,8.206021710793319,-2.657412142578605,-0.7054469352084414,-103.1642926469692,-21.917217704897148,-48.50711776939352
28.8212499,8.056232634671254,-2.806248164102967,-0.5767211565123044,-90.75461148565034,-19.16088637168024,-37.89599236988832
28.831249900000003,7.810563058299332,-2.938384539149431,-0.3578964676086225,-74.93023275213535,-17.056170505836054,-26.174064930491753
28.8412499,7.7658324224002895,-3.1139430310427243,-0.15938797315457848,-57.3801475537556,-14.778021460037289,-14.332617873024171
28.851249900000003,7.792569437456873,-3.093558213106301,-0.15861021178407786,-40.54576124278558,-12.7651765188596,-3.715559057664979
28.8612499,7.845999456605899,-2.881709666199977,-0.4500696509556539,-26.113288559028625,-11.223266467145102,4.554670501886977
28.8712499,8.054978424222153,-2.532544047264039,-0.7761947514278922,-15.610293436935057,-9.60863297476059,10.243054320731686
28.8812499,8.423923969829625,-2.408209993473234,-0.6875581512844323,-8.062179317921952,-7.742956593778914,14.161560987838731
28.8912499,8.692200017168723,-2.5382458668615073,-0.5500704835820448,-4.213959600325344,-5.9020279930073425,16.42073375648
28.901249900000003,8.780191165709601,-2.5153903314276462,-0.6432809307137409,-3.8778953381188432,-4.7156484830638785,17.208098558821813
28.9112499,8.963309191964186,-2.4674071750594693,-0.7027378301438927,-5.28432570880494,-4.443360607490918,17.221820207634465
28.921249900000003,9.269937441683867,-2.6048274780058387,-0.6597456631832366,-7.160706232028106,-5.168920968673152,16.676198198176383
28.9312499,9.5289428708509,-2.7759747102381382,-0.5893960361402115,-8.292490568574586,-6.855575352651568,15.441581105026081
28.941249900000003,9.717153970083464,-2.823908891184498,-0.5367498459798598,-8.054294759753406,-9.286938682322505,13.719283417088011
28.9512499,9.786631742469009,-2.9140375643342518,-0.4965825928170917,-7.388915433627563,-11.992612975735717,11.949850643578797
28.9612499,9.800897995061973,-2.983745921479995,-0.5162178593833088,-8.325616504419752,-13.994574101881613,10.514928306644466
28.9712499,9.844114401548858,-2.8062175619787877,-0.588306572818392,-11.089440813161762,-15.152298070332634,8.814040936826139
28.9812499,9.920310926966133,-2.5669130933784716,-0.6230139431034206,-15.27303983024475,-15.708415850180598,6.456621323272632
28.991249900000003,10.025079206883838,-2.4964783916471176,-0.5806926693857349,-20.472496287892543,-15.505993278903814,3.709859659404242
29.0012499,10.039736691983787,-2.550213932221213,-0.5163531787030605,-25.53474159014275,-14.379260080754085,1.0918822272929753
29.011249900000003,9.885327737363948,-2.575375831825903,-0.48956772424340117,-29.035775869595994,-12.683740937354019,-0.9407508708958472
29.0212499,9.691367412474753,-2.7058503596289603,-0.4485521735722446,-29.878050971461246,-11.014465347779,-2.0645949022469736
29.0312499,9.520702877018751,-3.0063052009620788,-0.3615487925729816,-28.448033374493647,-9.352959654006298,-2.4372646208251103
29.0412499,9.233029274668963,-3.141617694187264,-0.38726431513445014,-25.52183724805826,-7.67100995421104,-2.216339250082972
29.0512499,9.04424820718664,-3.1964893772074316,-0.5119747390279255,-21.13021604819228,-6.20459042603773,-1.4456490434590532
29.061249900000004,9.048044624930252,-3.285345350097282,-0.5472135142041461,-16.20463001295475,-5.147547000833988,-0.36177324543595774
29.0712499,9.079206845797872,-3.3840509085908312,-0.5182817513679056,-10.81815735345128,-4.058395356263408,0.9697822277855648
29.081249900000003,9.208272125891066,-3.3447434301517207,-0.44993841901628173,-5.533146190613666,-1.4472045429725333,2.061978015144218
29.0912499,9.2077179022728,-3.2103408282086803,-0.4073731219537353,-0.3706645161343971,1.5649203971375887,2.976499282844243
29.101249900000003,9.021893570547732,-3.2301537891053766,-0.46148776717466167,3.2742102436455096,3.481511168649954,4.044009930247162
29.1112499,8.863480990382541,-3.2994272602939962,-0.5331479437757063,5.636718449279906,4.783968815487521,5.262554968432097
29.1212499,8.871274230384458,-3.2652301696147457,-0.5893075545597567,7.9366660276265515,5.232546977311439,6.203158076399214
29.1312499,9.009791143528597,-3.221539920573859,-0.5648989947757883,10.506415639961997,5.478112082748332,6.314681242951004
29.1412499,9.130199187481542,-3.17399816285494,-0.5312254688892184,12.984376653515728,6.159649866448779,6.0904113879736315
29.151249900000003,9.162771938456613,-3.129609051824485,-0.43368323225396427,14.520019868649536,6.912737238835034,6.113954540534698
29.1612499,9.125198949424718,-3.1355960542135413,-0.31735544292711415,15.23234227594685,7.827009921472158,6.535496354937164
29.171249900000003,9.048088922992664,-3.088561547465796,-0.3436065330851207,15.10408267347102,8.384977374180794,6.948421957141939
29.1812499,9.02649231207082,-3.081351072611933,-0.3585771863478756,14.341292144370199,8.623288608002097,7.129704448719556
29.191249900000003,8.896498364711187,-3.1674393644770786,-0.29821908452085066,13.02291730579931,8.300990554370513,7.161773562835738
29.2012499,8.725741291778576,-3.3097768490253983,-0.2628666071260801,12.264854257930896,7.559525113670064,7.056639186625859
29.2112499,8.687386086110058,-3.4081176904398474,-0.26997496744645594,12.422076167044988,6.992763422148351,6.531572149076276
29.2212499,8.704567454531995,-3.5052206960725214,-0.2429664048064004,13.243796602746063,6.528791837659812,6.057244411521612
29.2312499,8.721312598767103,-3.70292765438381,-0.2189548111707589,14.620371596389045,5.962270230286188,6.189746580673631
29.241249900000003,8.77798912726275,-3.8287730388699863,-0.28444003485662245,15.31886972172244,5.584200055884056,7.16178374942635
29.2512499,8.81966294472786,-3.84989641189804,-0.3760740397367316,14.761218583730571,5.3702325174683905,8.599475861733314
29.261249900000003,8.76198885548609,-3.8467889336986025,-0.4731755237813807,13.072153375772709,5.034076100513042,10.067169776107924
29.2712499,8.71207596470152,-3.8000727397641114,-0.5459270442336515,10.607265204604023,4.514019291594456,10.795699917058558
29.2812499,8.739413157565936,-3.79954942570344,-0.5920304642148619,8.302688561889166,4.233664213818417,10.621664607381906
29.2912499,8.784554218771788,-3.9587697209763806,-0.6690055924903161,6.87502261556463,4.088569001278156,10.468550322328623
29.3012499,8.822510489872883,-4.118682018859664,-0.7031424387914099,5.8861919322061516,3.974483121368383,11.042525012181327
29.311249900000004,8.869606722427788,-4.1941435969713385,-0.6407164078218449,5.371985642272883,4.191801061343445,12.048652116470663
29.3212499,8.954182150485364,-4.270361194676239,-0.6046553911129118,5.147706569270747,4.744520011814834,13.02632858943681
29.331249900000003,9.015210869248518,-4.277870028003368,-0.6253763570151031,4.837259684457484,5.3136813031912755,13.81302260938684
29.3412499,9.02834812092566,-4.252397311376506,-0.6492628929087552,4.78915287420905,5.801541000729737,14.265883258741713
29.351249900000003,9.053994898518207,-4.296702797921955,-0.6438920052180731,5.038601197779745,6.186077121123862,14.30572417340591
29.3612499,9.03845471799183,-4.3147500383557,-0.6038856157052002,5.045300611472029,6.418524687860259,14.077367447336243
29.3712499,8.973748226402842,-4.271919988141854,-0.5663578218442095,4.803661768254124,7.038878529539103,13.589735065946673
29.3812499,8.985532764356728,-4.211537750723335,-0.5149658681423567,4.28694710228403,7.878731945265362,13.159974189359197
29.3912499,9.000100773780549,-4.1489231492167065,-0.4722604386707598,3.7059534497975033,8.598897139893774,12.835578439416036
29.401249900000003,8.952472290618587,-4.105978897007715,-0.43179177682389175,2.9230147594858744,9.622996787443904,12.256216115380363
29.4112499,8.91562722962522,-4.119240081965712,-0.320210597976049,1.8237709074850754,10.873387101407747,11.66250381190145
29.421249900000003,8.856164106273008,-4.134642997027903,-0.2695947071693746,0.9997297577837964,12.074067247094185,11.480475772736991
29.4312499,8.817139465738718,-4.10268668253692,-0.28067728416127163,0.38481708178358304,13.06236237524891,11.642130214364656
29.441249900000003,8.7757827550897,-4.154377214705391,-0.17635870183482083,-0.18163235400515004,14.143904546393951,12.035106049405705
29.4512499,8.673236848630452,-4.258823380154603,-0.03806696949735264,-0.47488079221498053,15.351481289184974,12.905099422539784
29.4612499,8.599741533191256,-4.286963562599689,0.005044826139161378,-0.4770725556260145,16.51034666323471,13.945455107844671
29.4712499,8.552766008992688,-4.386873675543093,0.02609966877410392,-0.09912581078905969,17.45847464874749,15.1313697293654
29.4812499,8.4452583022626,-4.594418843034438,0.025255574279061496,0.8303939353104832,17.969622682659082,16.933631574074102
29.491249900000003,8.280713010756731,-4.7647169530638696,-0.022098854074772148,1.4584335843071603,18.250722933284802,18.75769444625731
29.5012499,8.108268214198857,-4.86548554239917,-0.09065528034366781,1.217724978258562,18.373950345126627,20.71528642444365
29.511249900000003,7.958641679519119,-4.980158150334237,-0.18636269150062687,-0.08067106010303796,18.442186294006724,23.02632605699905
29.5212499,7.800106283739836,-5.117956652221278,-0.25251423384880034,-2.627362356027128,18.476138629467005,24.921320174336383
29.5312499,7.565797315582476,-5.232562127032562,-0.3643491325604778,-6.439757285973207,18.624988932166094,26.943432869393735
29.5412499,7.23610249484526,-5.3124530009834485,-0.5411124334960126,-11.46940498592575,18.931054006617376,29.468660410532326
29.5512499,6.886009552730503,-5.4393332379108905,-0.6920246402268,-17.42593245624654,19.150491484296644,32.242112812940825
29.561249900000004,6.5527258005870355,-5.579924430134622,-0.9347291330753575,-23.78796139055974,19.487458761368572,35.21537083690459
29.5712499,6.238027015849815,-5.605877245275944,-1.2435612062644714,-30.5122742212008,20.31002954781448,38.62721831778826
29.581249900000003,5.951691013801107,-5.536255772034158,-1.4795433411694903,-37.92611558925572,21.861896194717215,42.43120169086931
29.5912499,5.709727171579341,-5.513796539137519,-1.6925229215917228,-45.64423034506873,24.36612160759908,46.63008625504549
29.601249900000003,5.530372213162081,-5.5531211450909295,-1.888629631512785,-53.32658624122653,27.959183954735412,51.27355368654966
29.6112499,5.372980185576283,-5.53621475034152,-2.0667416060754173,-61.08205558261482,32.774072127095614,56.23909901880501
29.6212499,5.184781583029118,-5.460614163022219,-2.1917860466247263,-68.63608043829038,38.792469532309944,61.570866355660975
29.6312499,4.983425335768308,-5.388182873901445,-2.255321984838361,-75.7247264505741,46.10277744864369,66.9026070940022
29.6412499,4.789719097288405,-5.4039767055616865,-2.285155115046525,-81.71141404025269,54.25833669192123,72.77144991492847
29.651249900000003,4.537903630942094,-5.494366237856364,-2.234782465997961,-86.31407000435046,63.1801974651836,79.56979683077085
29.6612499,4.192066684512407,-5.556757037183867,-2.145364963124743,-89.45363546817501,72.64585746475124,87.3024203508775
29.671249900000003,3.823621219865394,-5.521548723885828,-2.0282375482215373,-90.86346944111189,82.24224926635604,95.94941716916873
29.6812499,3.5042730670094184,-5.412833811302339,-1.8172582307102885,-90.89876120464507,91.94193720523394,105.31988665944176
29.691249900000003,3.2056951644250993,-5.274232048306943,-1.5887498122170727,-89.85355214646874,101.73206248929486,115.45269657747997
29.7012499,2.9251226005361275,-5.037217840952806,-1.4569258008788921,-88.34872595570273,111.3154024459658,125.73196318308167
29.7112499,2.626590975652423,-4.693396554772383,-1.2095054958541438,-86.32677702912046,121.83865489863983,136.85034669120697
29.7212499,2.2837194280792854,-4.49815441813189,-0.7213804411185842,-82.64605303806216,133.42991603749562,148.97045444004792
29.7312499,1.9159836819629315,-4.4968027526469765,-0.32357805834694553,-77.03847604060805,143.28958595421867,159.77581588244445
29.741249900000003,1.5262322232465138,-4.505461631250142,0.036393911860845694,-69.06989066153929,152.51281641999367,170.3293792827762
29.7512499,1.1309638321916526,-4.5935983863413785,0.5255643496555847,-58.433163073683154,161.30288868764407,181.00599146624273
29.761249900000003,0.790579023536376,-4.73593968345828,0.9676450911261757,-44.55592023134302,168.82201343813313,191.331594624403
29.7712499,0.5664173859937851,-4.684971855638357,1.2822779462017995,-29.670189341060077,175.14939998893573,201.2480920356445
29.7812499,0.4188391851730459,-4.434219376689293,1.548013846873212,-15.808688395478702,181.30764207455516,210.86927935989465
29.7912499,0.30303930030269227,-4.127782011698339,1.6976324465582753,-2.5515430797554557,187.44518088171355,220.33959791327413
29.8012499,0.2084999101621954,-3.6397375219027173,1.7456077311543898,7.460238000561638,192.95941285637898,230.088769116077
29.811249900000004,0.15853180252039706,-3.2353445303745176,2.102851727387064,12.675687347136467,198.5752278393122,240.36112357526596
29.8212499,0.016380852160769396,-3.4094652562695247,3.016490131056434,14.252876104347107,204.3215025959407,251.47201370617697
29.831249900000003,-0.16775838259299605,-3.894467481492322,3.8470824078050434,14.212140301610425,210.57455572726073,262.88540106090477
29.8412499,-0.40538462936389025,-4.409223625020815,4.418313937600033,15.267453382611127,215.98514196342862,274.0789779804636
29.851249900000003,-0.8808160834960277,-5.547039074456266,5.407220391656032,19.800198787963822,219.32668609578113,284.35031483333944
29.8612499,-1.5445823603915672,-6.846785577104416,6.1883573697165835,30.041662939912488,220.992958453446,292.67188803150077
29.8712499,-2.168882702799546,-7.569822844471606,6.400575941725136,43.769267698080625,220.1162973347547,298.786402720469
29.8812499,-2.5803334290213087,-8.205547697604086,6.837190211119956,56.77742347494733,217.53869149051673,303.3778768404745
29.8912499,-2.9287843548831884,-8.44348062535472,6.973688542628777,65.81602470768394,214.56825852073203,306.53822514940697
29.901249900000003,-3.34317598340529,-7.941300695068688,6.824841671603964,66.74877517700793,208.87067033337567,307.8448462879383
29.9112499,-3.7181970822070127,-8.125615466107266,7.749725488991486,59.51589873868352,200.69888371859446,308.40478009437004
29.921249900000003,-4.29631828020458,-9.859809681730775,9.635186975453802,48.63704468102389,191.64488674033763,309.7215542642435
29.9312499,-4.9864608591229915,-12.762350840382492,11.805369086855658,43.26949933464937,179.49419082184022,310.5845932573605
29.941249900000003,-5.171943199204768,-15.7933155539166,13.71813198112565,50.55031081746845,164.3167115160624,309.00438214974105
29.9512499,-4.909046451443262,-18.11212105615456,14.804486711060775,67.08461140293225,146.66707350345703,304.3001095378841
29.9612499,-4.770500971681924,-19.53300396404014,14.797609827548625,92.92263449792055,125.4855514606647,293.8869250108346
29.9712499,-4.336913121170091,-19.703748116140822,14.522865701000782,120.75452895223941,100.76544676871117,277.6857634949504
29.9812499,-2.6587881676333716,-19.36766530424216,15.164575418674424,141.18089140350392,74.03153454537703,261.9156732044474
29.991249900000003,-0.22266263161389147,-18.951242486250752,16.87461668664648,149.30891697325936,47.376878409850256,250.77494376640595
30.0012499,2.1285654072328954,-18.358613161856805,19.00745606654588,142.5459616733107,21.28714126354242,241.00737619179256
30.011249900000003,4.703054851783468,-18.927707736788072,21.325941525281586,132.38068621547026,-5.514573948106965,226.3540676764816
30.0212499,7.634810618273231,-19.367435057216564,23.593681685454747,119.59785183551742,-36.43243536650443,201.86602983847357
30.0312499,9.79710184615601,-18.647689481673893,25.705345301763053,97.44783571883515,-78.2904986160554,165.5870794670935
30.0412499,10.633539474390357,-18.97927225397943,27.626363901482595,78.26985132931559,-129.30480222102915,117.46466903013742
30.0512499,10.682691861440054,-19.26846432010141,30.207243123492855,54.23074542804589,-184.44657853059266,60.05035681619499
30.061249900000004,9.749511994176176,-19.639949079718203,35.429434024377834,14.634205947933033,-246.49220980571482,-2.36539572710335
30.0712499,7.3436593455963175,-23.39676539891167,42.066992298414604,-18.173783712815673,-313.39407809270466,-69.2908135308795
30.081249900000003,2.7787336399546008,-29.65449513269127,47.86658448112887,-29.027952200271322,-386.80820990723714,-143.88058017634728
30.0912499,-4.478646813732215,-34.77971526470002,52.04669600316116,-13.531585976672886,-465.3538928543465,-229.959384448384
30.101249900000003,-12.23600521922829,-37.987513570630846,52.25486226764192,17.60126550710907,-502.3476112746053,-318.3197147104179
30.1112499,-18.211732180533502,-42.35913810252813,49.33414634485699,61.37532806612296,-499.8908017192123,-386.63420830576285
30.1212499,-24.803882639397617,-43.44689602879178,45.21933313953432,82.9226045578909,-499.59645248802974,-431.508691170119
30.1312499,-30.969804250035065,-37.63471204719925,37.40429126341475,39.843762619540804,-500.1907473617477,-470.9757723486761
30.1412499,-34.22196345236659,-31.88971700760918,27.640304441532184,-47.391652357335666,-500.0174285753283,-498.88568013726155
30.151249900000003,-40.619894506660046,-29.08984993608292,19.335047813378726,-141.3546196381313,-500.25453854306033,-501.35086352941937
30.1612499,-45.02113570067926,-26.64619187841271,7.203705205064294,-222.15264600013847,-498.52054673410015,-498.41845932877794
30.171249900000003,-39.86258829162563,-20.16069837877519,0.26331789251286175,-266.2795756048927,-503.91660751017463,-501.09525976342184
30.1812499,-38.95835225438905,-12.182280275220192,2.3007683326280945,-225.7891869301909,-486.22430122714115,-498.93341758247453
30.191249900000003,-42.65293722298224,-8.188566585821965,-6.847445489664787,-116.26753641078554,-403.3650342985479,-413.65343271273235
30.2012499,-37.173971410530385,-2.4942692457613727,-20.65998111513297,-15.242572174974162,-318.3479235315072,-248.77558823961894
30.2112499,-26.197839832097262,11.794793614716399,-23.822128845871923,33.73428065907202,-251.09660029197335,-120.06030807194261
30.2212499,-19.290881708963287,23.202857978403696,-20.221962524544722,27.037425949286533,-182.1841875411077,-55.83431190803642
30.2312499,-15.576879926047381,20.971913861541218,-15.835724309161668,-14.224268575877735,-112.67438295597493,-2.640474044768445
30.241249900000003,-13.847506724873961,13.70873667047984,-11.735389050635352,-74.79883506046234,-49.70592689640599,51.49061140033383
30.2512499,-14.587265192459666,7.265602241840549,-6.755270075253755,-125.75605659545322,-9.88184343313951,81.78402102581482
30.261249900000003,-14.824063947897425,-0.5538961331276737,-1.0365213631321948,-141.70988536523285,3.368007416325052,83.74237262509907
30.2712499,-12.91287169282844,-7.726812247705241,4.009502645110135,-123.43268313762432,2.4597682160317342,68.86740161949659
30.2812499,-10.125536617094488,-11.273808924037823,6.4770031448055665,-89.68130887903385,-6.250379788678798,48.25882529869708
30.2912499,-6.575682563146447,-11.316582885847074,6.149005525316673,-60.86214953478829,-15.851256421930604,29.96510755955604
30.3012499,-2.313027037684446,-9.185780159154673,4.398763052778766,-42.83530560994511,-20.883499272663972,16.29278885010408
30.311249900000004,1.6924240020375922,-6.130877942881945,2.944847574554409,-37.58261597001399,-23.37610187614517,5.305031793768873
30.3212499,4.69699133005479,-4.095675058305017,2.7066942308445774,-44.924417106046484,-24.307269670037268,-3.4268138227501295
30.331249900000003,6.471407718037352,-3.802843408745373,2.8032052467244633,-57.06757474291241,-22.35305599805787,-9.544899857066458
30.3412499,7.517540693740679,-3.800619175700137,2.6499583205963995,-72.29114479957866,-17.463228667120685,-16.53631768954174
30.351249900000003,8.337384478751677,-3.8953276517947852,2.4428882236883376,-87.81133652645154,-10.688554161516423,-26.39813006920492
30.3612499,8.793711958682461,-5.061691529386986,2.4087816549835877,-94.83507077081707,-3.9703730632484087,-35.138168844933226
30.3712499,9.092465386747362,-6.506465434887091,2.463738525255345,-95.75247448230519,2.613023529773346,-41.477746111379474
30.3812499,9.428013106466642,-7.339907545960838,2.47907189852246,-91.24490046951205,9.092368486568049,-46.05622434442058
30.3912499,9.722683043604924,-7.747361663523786,2.51477204585451,-80.7167023431558,13.580606173023098,-49.59887579480646
30.401249900000003,9.95018942867266,-8.010280260196456,2.356987143294442,-63.68898341335696,15.643438295157253,-52.895792270311276
30.4112499,9.873986941402842,-8.26957807606226,2.161715653626146,-41.73752124141267,14.558190251885756,-55.137810496731355
30.421249900000003,9.63538608610294,-8.333257992327946,1.825440833582368,-18.32436255347874,11.086524329821238,-55.252792455116534
30.4312499,9.609248606148435,-7.7887270497739305,0.9909131306834571,2.9847515910204026,6.370321260508611,-53.97444307851044
30.441249900000003,9.854790976801647,-6.904872931106941,0.3110106037986956,19.0464390301951,0.8309539683068152,-52.6307922741121
30.4512499,10.165645276565668,-5.977147764944793,-0.03169286518849001,27.86949858808001,-4.207230410896788,-52.37957831635774
30.4612499,10.391608128169382,-4.919806501148385,-0.29844204553007625,29.003680167386097,-8.07462656212331,-53.562773481724506
30.4712499,10.635659974520943,-3.881272693626029,-0.4835895071725176,24.408189269735548,-11.13561783290065,-55.918774127005975
30.4812499,10.817807521839777,-3.13863370454042,-0.696494440087488,16.266036897145373,-13.160671206622975,-58.507227062792246
30.491249900000003,10.736286986866965,-2.7449646361344837,-0.7784186595188415,6.306240265765027,-13.7510527854218,-60.41498939959999
30.5012499,10.429183026848316,-2.542906851211074,-0.7873818473627787,-4.175542046790323,-13.162200815790621,-61.00155074204506
30.511249900000003,10.036027089282479,-2.324996476230684,-1.1529118102074667,-14.870165278184468,-12.396752774444085,-59.71708233779611
30.5212499,9.77426928464347,-2.0479764978403296,-1.6593469966764642,-24.702752632498733,-12.275671091283826,-56.7398763392552
30.5312499,9.68389597365612,-1.8193886834610058,-1.8727179850731468,-33.519835347182024,-11.90499968821559,-52.7666372707435
30.5412499,9.506779120663603,-1.6619384897235938,-1.7802863974155518,-42.13541712106682,-10.703117574737515,-48.17002627581584
30.5512499,9.373488591738571,-1.7242111223135128,-1.5848213556161017,-49.12591049097216,-8.640369664729231,-42.48482486873129
30.561249900000004,9.511475199614983,-2.0034050158995504,-1.3212686248434742,-52.093625778119815,-6.1123967298598245,-36.21200229777561
30.5712499,9.692693680388777,-2.2428033619602323,-0.9623628138863188,-50.99463499216194,-3.0584315055551463,-30.58752464317155
30.581249900000003,9.721430342925805,-2.4423609482047364,-0.6343551543352052,-46.98205625827091,0.565262272946963,-25.127547174692968
30.5912499,9.605849446745914,-2.698105526635147,-0.4849840633957606,-39.44964809865194,3.585705835422164,-19.46857972519262
30.601249900000003,9.497070449348737,-2.8500732931119996,-0.4073244002557786,-29.61237587502551,6.218302888225009,-13.257619250468663
30.6112499,9.309630845794127,-2.9632223015080195,-0.24399497603732134,-18.7937123190453,8.26472562566113,-6.7932291217261564
30.6212499,9.017686919569979,-3.0940861322636857,-0.23471192926427722,-7.4532681590074565,8.721531016194351,-1.0278274402547714
30.6312499,8.871114905634764,-3.1203332150349987,-0.3712970020881133,3.869163126895801,8.133332392356984,3.3418694211603452
30.6412499,8.803071496656731,-3.1095172418188795,-0.39801948302280776,13.997372001667177,7.123297434443338,6.52232072265287
30.651249900000003,8.646545976900248,-3.0672283379392233,-0.46166446485180407,21.46555750513247,5.865245848063323,9.063575926127363
30.6612499,8.558438033010106,-2.8487685861283243,-0.5798150549332628,25.163909485506736,4.661661108743088,11.019424383512941
30.671249900000003,8.679372009573097,-2.533924967124551,-0.5889794326480039,24.49805973909727,3.714346448366532,11.857963458536945
30.6812499,8.82171582763222,-2.2496174842441166,-0.6022112033731861,20.473807213838658,3.13195747841868,11.410057699181039
30.691249900000003,8.80308842271887,-1.9970673372823835,-0.7582699475731187,14.024155745167636,2.288857215045633,10.573188480286369
30.7012499,8.855381477875953,-1.937466796849703,-0.8880282276513457,5.384925599500658,0.9654685447940416,9.997033649174604
30.7112499,9.087987953791515,-2.0281533638786606,-0.9172709949040541,-4.512593633240775,0.10985724275845932,9.606007066179163
30.7212499,9.294827445381205,-2.150026234293924,-0.9340193474413949,-13.617991933217004,-0.0006816702081411842,8.836208925506991
30.7312499,9.50263898280078,-2.3590825839941325,-0.8382308705097249,-19.835057925743136,0.17666306299837722,8.077961242464065
30.741249900000003,9.868705574783764,-2.569587635564844,-0.7024408425454388,-23.764610019345376,0.8337604474633098,8.244052790467634
30.7512499,10.077280198510724,-2.861425119491214,-0.5025788253344885,-26.07384208092594,1.6516591752837306,9.174588669186548
30.761249900000003,9.91867042648175,-3.1818051223727535,-0.255493770878247,-26.205175378093774,3.1847563507393466,9.776188523412122
30.7712499,9.767865545378767,-3.3824633456791,-0.24215755927693697,-23.601526475503626,5.115343434439283,9.708132515326204
30.7812499,9.863435825603839,-3.552575709344877,-0.42424508142308387,-18.718250607665343,5.853314734886052,9.268145890049553
30.7912499,9.785092712729687,-3.674556393197065,-0.4719220236988161,-13.945255739223986,5.647283690769301,9.062810425073815
30.8012499,9.591323599726834,-3.746870655935289,-0.2745813404418106,-10.665085071406638,5.895458712866038,9.326196804430328
30.811249900000004,9.46767837329396,-3.709282714187057,-0.062164603501447646,-8.838681853277956,6.664553321333861,8.781517637166061
30.8212499,9.520315999032785,-3.7392311862237295,-0.008886240283576716,-7.262788619142344,7.954626211253206,7.7468050070675005
30.831249900000003,9.590333934939082,-3.84272871448573,-0.009254530248686329,-5.669432689896495,8.841194770106343,6.688747895876748
30.8412499,9.356938324915294,-3.9151226602719458,0.046859299816966064,-4.593031326091902,8.761412157249037,5.58309388698303
30.851249900000003,9.172657713260243,-4.032980110978057,0.2052477184354865,-3.3978896318850067,9.46891948450628,4.41518085114015
30.8612499,9.086750340091108,-3.9865998108164193,0.3001853776527907,-2.458504854182132,9.318907782596305,2.8360187964855905
30.8712499,9.053723963484577,-3.919729924196696,0.19675551016688042,-0.8555663719566001,8.058798981726108,1.3586964810037294
30.8812499,8.92638261271585,-3.8600610454307733,-0.01110649915819758,-0.27394023063938466,5.791713015362153,0.55313264316933
30.8912499,8.690406636892686,-3.7221440031540456,-0.130356511810541,-1.9769128731723302,3.352529642871855,0.33790794147713704
30.901249900000003,8.560515210449955,-3.5606503277396624,-0.17265551081228306,-4.405760643180401,1.9807488202707513,0.4732126281849667
30.9112499,8.575785955972972,-3.332748861110083,-0.2673953674591966,-8.092258436366707,1.2659915329991014,0.7487720850129442
30.921249900000003,8.62698380033375,-3.1927008404987403,-0.3304827105136728,-13.453555217595486,0.7456767242053767,1.2583365810120841
30.9312499,8.616082801791562,-3.258248178784548,-0.35164208798767654,-18.055645377414294,1.1103949378054516,2.3242766151073857
30.941249900000003,8.586811032839446,-3.3828212816558714,-0.38819228206242046,-20.821889506249192,1.9411382832768749,3.782752638603488
30.9512499,8.590833735310259,-3.503671845410677,-0.33726924705266126,-22.96762258130545,2.1317463223986453,5.628558595725062
30.9612499,8.679199305468138,-3.708549959180306,-0.30951859677392607,-23.43903143472751,2.9593922988910615,7.918049575290814
30.971249900000004,8.6048852813101,-3.7721108609127034,-0.4045330768510918,-22.952402971229922,3.9748028374753095,10.688529831525068
30.9812499,8.529559070338617,-3.7525432227685642,-0.4842851365900793,-21.94017726692319,4.8724138819365495,13.022377808938508
30.991249900000003,8.592921626960834,-3.8074522341258366,-0.5044938127963924,-20.628915841087647,6.063588533912379,14.566789210889434
31.0012499,8.554149171110469,-3.8868744619494544,-0.46860098103814607,-19.405180997717054,7.563741023442442,16.18566815857854
31.011249900000003,8.432161862819406,-3.97111537571436,-0.4458174338922655,-18.506126137495123,9.022626357381599,18.153339585179975
31.0212499,8.349711188952137,-3.974896265117806,-0.5283358548955529,-17.86784494801533,10.710249704161168,20.15267751019671
31.0312499,8.243441268422034,-3.875196078023292,-0.5800964950970559,-17.72784791174479,12.147216098608249,21.901600324787587
31.0412499,8.18267904679744,-3.8467874419705255,-0.4619082507196002,-18.289846861632306,13.376756657155564,23.382096787948115
31.0512499,8.27999959542948,-3.945844973485347,-0.2557393351304156,-18.5841787958038,15.100247617476827,25.09955647775059
31.061249900000004,8.378949676596095,-3.9955614813801508,-0.10399866428577138,-18.516716065500784,17.26706954745534,27.26864544906646
31.0712499,8.382395537611869,-3.8763285050914607,-0.16576573574241918,-18.944928313136685,18.71145199593876,29.484066995812
31.081249900000003,8.295162024020673,-3.8121095966830225,-0.3943757740126809,-19.918267985156866,19.28298046081856,31.802148548144
31.0912499,8.177776306379453,-3.892997451695909,-0.4929604175680251,-22.03214608574806,19.397826088793842,34.50740829967428
31.101249900000003,8.01316798657091,-3.8548874904838972,-0.42699457162364257,-25.487623525587356,19.528773987827375,37.02923206812986
31.1112499,7.881481558436231,-3.587450664817195,-0.3057057323036734,-29.26914459811689,20.06288850368762,37.679662432450264
31.1212499,7.951475844495063,-3.3841483599834175,-0.19584484339441005,-34.35655724608403,20.476730526401905,37.08821239402749
31.1312499,7.954555139049475,-3.5671625895906107,-0.21870868963787374,-39.76604855884548,20.950150372048487,36.888397943153066
31.1412499,7.861019764750186,-3.7583588645492076,-0.05616317729544063,-45.653185049195486,20.410007312313944,36.69265033195145
31.151249900000003,8.221207291814801,-4.106897895910918,0.383219104233918,-50.73028016273452,19.462440654325434,36.57843024082907
31.1612499,8.721816714756063,-4.771280796457505,0.6354395548269037,-53.01596268171406,19.936098248157183,37.53881776245612
31.171249900000003,8.679544324960737,-5.141520357847508,0.5554482490682349,-53.92862902632822,20.020775227970006,38.93594198321091
31.1812499,8.611847015542606,-5.329310310288023,0.40366233869685175,-54.0360095764319,18.982227466239053,39.81147195131078
31.191249900000003,8.748229063929735,-5.629149979983169,0.3700252213513149,-52.43172324136341,18.40548108158849,39.88310340566605
31.2012499,8.775323596177323,-5.793395797310912,0.3235611888281532,-50.17105493923802,18.47312226811921,39.64806023706113
31.2112499,8.789341051780386,-6.016462302915684,0.2411984971913267,-47.20011705065126,19.039233604748517,39.767025967759864
31.221249900000004,8.817439022395698,-6.312872072129406,0.052543291428913244,-43.013785564984815,20.102126340387848,40.13975655451001
31.2312499,8.812444127737926,-6.489150695840299,-0.2205995247971693,-37.110517068051415,21.008687633316853,40.24360844726373
31.241249900000003,8.725648787459958,-6.490876480779144,-0.49262508484983114,-30.10676992565498,21.439784026477184,39.59446118347045
31.2512499,8.572389878817058,-6.3630676499323995,-0.8650135624406505,-23.584264146080223,21.674324884752668,38.49377582461175
31.261249900000003,8.399841187190368,-6.141008826698015,-1.2290138604765273,-19.445718905296395,22.275293685756413,37.008717497363186
31.2712499,8.188905640078525,-5.960192878603216,-1.374776250415596,-18.883569476565818,23.257271162695375,35.30160896081532
31.2812499,7.996976600342975,-5.876483140784583,-1.2965432651671431,-22.226765938516493,24.66783946747317,34.23293601909812
31.2912499,7.808614027684693,-5.815946450012856,-1.2697149240769956,-29.513310167451753,26.672587100444233,33.92900933768128
31.3012499,7.481024493468458,-5.764684806931444,-1.4862153749508207,-37.99703251744174,28.846805587256995,33.395351734154154
31.311249900000004,7.139103638446186,-5.6986232772177505,-1.6498353003160475,-46.52212216301772,30.849304985539234,32.26184815415801
31.3212499,6.882682248649155,-5.811597804487317,-1.7576750485146333,-54.094583243750726,32.9752565680103,31.857988673888553
31.331249900000003,6.541433912500141,-6.032089623864215,-1.9015242384366826,-60.48930575724895,35.29375984873368,33.20515387633436
31.3412499,6.160769068075126,-6.0922515643945365,-2.023378820908432,-66.56044237033645,37.81658800345339,36.23031015441812
31.351249900000003,5.877004751278072,-5.912539753658195,-2.20214848574423,-72.91692591302868,40.94703287559358,40.419965755365084
31.3612499,5.610060986406469,-5.637984481897865,-2.401271493427461,-79.41273707669988,44.9218758936862,45.31205999660435
31.3712499,5.3194823583585675,-5.278711497166793,-2.4616077108069865,-86.47908731563552,49.16745096823698,50.88268135015672
31.3812499,4.9556559947543795,-4.851617970728719,-2.5019064309280403,-94.06861384063156,53.935207939140355,56.28801587030311
31.3912499,4.494821171333919,-4.3514100995070795,-2.4785639165779028,-102.45592398258408,60.261451597488616,62.25469620162856
31.401249900000003,4.0897159052710075,-4.036271630336474,-2.388193457948503,-109.52436686940926,67.26719658735048,68.68906231721766
31.4112499,3.594729686899578,-4.054867350140222,-2.3547934494228064,-113.51093869348584,73.91619689149593,75.66032637297097
31.421249900000003,2.969695552606184,-4.220340031512798,-2.257810644853484,-115.2029158728004,80.61074948772429,84.42594708114838
31.4312499,2.3875580120873128,-4.417695824519685,-2.0475262927045654,-114.31941215117526,86.93429076970901,94.74898105379101
31.441249900000003,1.8379055989235638,-4.605723846360544,-1.8481871415337587,-110.74819187208975,92.4063492974943,106.6836017596736
31.4512499,1.3182813346394344,-4.714336479574445,-1.6683756312993288,-105.01753412734043,97.54916246987551,119.9889309041462
31.4612499,0.8008820051608374,-4.597325772118103,-1.4591311315917421,-97.84997551873455,102.61409214618986,133.78502933793703
31.471249900000004,0.39553326249666904,-4.514942639060442,-1.1910532303794887,-87.89898807021366,107.5414075648316,147.73472351184884
31.4812499,0.20457660468914765,-4.396702795599686,-0.9217604761802054,-77.30327946353934,111.93288463686213,162.1315419202457
31.491249900000003,0.12457288848516201,-4.1765920549381965,-0.6725533742021444,-67.4445954617644,116.77669338353178,177.36190944432892
31.5012499,-0.00013026399713202217,-3.9081334307680238,-0.39944374806946914,-57.891706791287824,122.0742375209304,192.73642247398803
31.511249900000003,-0.08739381704873236,-3.5450943222643625,-0.10129721043282328,-49.09828210374759,127.05327498033483,207.5641097855547
31.5212499,-0.03700047651838589,-3.367890584592316,0.25227690179141893,-40.778894977533014,132.83513873274978,222.24928182037388
31.5312499,-0.025700974793985004,-3.2454509672743006,0.5777099458568118,-32.98480671668354,139.34342064713437,237.5312669178745
31.5412499,-0.1028133754615282,-3.3391110434568123,1.0128520976307982,-25.340574045689596,145.90923024792946,253.3527498989636
31.5512499,-0.28011364171462594,-3.9770124753894214,1.6744617749780233,-17.058137293507468,152.52941625859137,269.4217532248377
31.561249900000004,-0.6265553163169143,-4.628858703015482,2.0723522292678362,-8.735631122621676,158.20368863542706,285.16266541257914
31.5712499,-1.0023391617606356,-5.108812922816156,2.4135350228440324,-1.0131859822138045,161.94052959617648,299.84634665001204
31.581249900000003,-1.1763411702344322,-5.758278677395055,3.060511198521825,7.346321453090721,164.99305125473774,313.6353708799244
31.5912499,-1.3528426429968388,-6.455574567710813,3.800648146689056,15.959184293505597,167.21794447637774,327.0453007372785
31.601249900000003,-1.6447446969567547,-7.189589519777471,4.844440765771456,24.525552806606594,167.9040024463666,341.0109725582932
31.6112499,-1.9017296417490737,-8.16542378513511,6.1305928711199265,31.241948727446474,167.97049313217676,353.1753627091838
31.6212499,-2.3081736078698065,-9.1048443686882,6.980557865092087,35.20658629003637,166.8840356729086,362.1743626157397
31.6312499,-2.9819150040948914,-9.83016101900594,7.284612323762623,39.104735916672865,162.9078289809159,369.0641423504486
31.6412499,-3.5891476377216143,-10.747620763373604,8.060805048410499,41.14003768403129,155.35907919496358,374.6919352084183
31.651249900000003,-3.9874244513293546,-12.258208991976476,9.80899133132812,38.3127571692176,145.69654788518372,379.9076940840437
31.6612499,-4.494399880245288,-14.1385787970835,11.707179914346323,28.41536249593209,132.9167356770311,383.7960308371925
31.671249900000003,-5.053251659220614,-16.09986183614173,13.654800799490086,8.46830912756012,113.27530678083194,382.34911366458783
31.6812499,-4.7072211411343785,-17.972961765921934,15.701265276687693,-14.929474802961995,85.5628396781868,369.82826937529194
31.691249900000003,-2.7664895115112325,-20.273073426566828,17.41696037631671,-30.17746642149507,50.483374940259615,344.6925427228849
31.7012499,0.555267405331529,-23.301595242896948,18.716779000329264,-29.858209455847938,11.093412965794395,311.154033901211
31.7112499,3.7665170539757997,-26.31166689877898,19.386837234789745,-13.595717907162479,-32.84836618835241,271.33050485995756
31.721249900000004,5.755065688887972,-30.71201109230437,20.62253250743404,24.878204953316544,-86.44369647608626,228.2549410488253
31.7312499,7.757317955526991,-35.581613024211016,22.855921450680896,74.16175642622005,-139.27468644249672,184.00132743881034
31.741249900000003,8.500167454361705,-35.902532583005446,24.62236346739853,103.04734520987996,-191.44209062202475,132.35139880872185
31.7512499,8.312177045162482,-33.51118395164852,26.179576834042127,107.0533353718885,-250.52554523576106,67.37464667719516
31.761249900000003,9.739163111071614,-32.09421568602224,29.005997252801887,83.8483281569343,-306.57285130258555,-8.48559332339151
31.7712499,10.356804940370814,-33.32143466544562,32.04966147733515,42.57239428092583,-354.36552548346,-91.992824932456
31.7812499,7.873559761512085,-37.506919879098405,33.80104253508291,9.597968105689716,-394.08936303625575,-181.67108305645314
31.7912499,3.6587398544801717,-42.545974358183884,34.72661646619051,-2.7829126870284795,-427.27731559216306,-275.3734116899667
31.8012499,-1.1470421052188509,-47.73948780893422,35.19597985897787,4.3736806093632925,-460.6304345023226,-380.67465906915356
31.811249900000004,-8.499504170258215,-58.06135878193216,34.99112881422168,87.09011746646051,-491.97141614922987,-476.04921500040325
31.8212499,-19.139733412841313,-64.66212572665827,32.35838022083226,199.66178676259588,-501.53062162218606,-503.9927181770445
31.831249900000003,-29.614419621936186,-59.72810209057158,26.77491999962826,251.92712934866847,-499.4839390684256,-498.8946856867035
31.8412499,-37.26970481788468,-54.048874784710065,20.553505500672955,276.6486329541001,-500.13893186950963,-499.8588884711902
31.851249900000003,-45.1092893924063,-45.10109501043052,13.316010791270816,252.0537854589654,-500.20722123008017,-500.49798050810654
31.8612499,-50.19960798432199,-31.546619266450374,3.4187432341704067,178.08941375236228,-498.7026245591068,-499.70339644672066
31.8712499,-47.71142435586448,-16.649273102242258,-3.9450475723835092,81.13539364224394,-503.677948506651,-499.0365662715422
31.8812499,-44.74916951022147,-3.6799198781269293,-6.255205049931436,-7.278132058933302,-481.05047782643453,-504.1080934967751
31.8912499,-44.0906105928715,-1.000527308185518,-11.977580911922978,-33.942229648628945,-387.2964203477693,-461.6406641067672
31.901249900000003,-38.779905400303086,-3.219818283133497,-20.785571294878903,6.345972842307221,-279.23918344455655,-332.66214508054895
31.9112499,-29.89511411543538,5.108938457631248,-24.364425755818907,42.22613314078111,-191.14523774360373,-204.4465479907131
31.921249900000003,-23.666524984751344,16.86984594137115,-21.88376896993938,40.38652272033054,-118.15008894834317,-133.30493751481484
31.9312499,-20.359660880591388,17.04206755309223,-16.854083785310245,20.433695608998327,-59.86151200328848,-75.52154501234392
31.941249900000003,-19.073990665678444,10.661002322087441,-12.363536060672914,-18.48533348653632,-10.648074920157244,-1.5823701453597407
31.9512499,-19.988814299978937,6.3110327595559905,-6.7379786194260785,-59.89726092408729,21.14447874539258,51.8677555044341
31.9612499,-20.167595454279425,2.809867635663957,-0.9810294591038713,-79.41440288747434,30.451067192442807,65.86417372288533
31.971249900000004,-17.358829232029265,-2.271373261190828,3.091477060358181,-78.16300806692854,26.121294365426603,60.58830048243677
31.9812499,-13.160404600030013,-6.950232758258239,5.9694775838146406,-63.666077191913544,15.489023030400105,53.52492555916302
31.991249900000003,-8.685672534762567,-8.835916192503118,6.851940405525266,-43.451707127877995,2.3531760575136684,48.18703609723834
32.0012499,-3.639236638485292,-7.8634874417516025,5.2841155685570635,-30.142857554975105,-10.199673650082692,44.544602747557356
32.0112499,2.050915488294129,-5.614884704437833,3.562100863908444,-31.562426942671728,-20.36477309901691,40.27194430045807
32.0212499,7.670113625961447,-3.8269664494876166,3.0453334725429513,-48.937196556461075,-25.84056188102308,31.99768466128446
32.0312499,11.3297693093611,-3.3553128601612654,2.8970484000770784,-70.65382152061146,-23.10719302916473,22.113541343997657
32.0412499,13.312510574375871,-3.7653598198628475,2.8779471637922525,-89.05574267465711,-15.039064801709715,11.413685351866201
32.051249899999995,14.404343528683784,-5.208302337406308,3.1344574329519377,-98.79562767449612,-5.761339015868858,-1.073680149642756
32.0612499,14.18164816780742,-7.2917268557328665,3.133411930056839,-96.10470505258074,1.1631087928402886,-12.435118443974886
32.0712499,13.143059993929517,-9.035053842199277,2.7852086980320556,-84.10246299827527,3.428846626793351,-20.008596875477533
32.0812499,12.671884057238266,-9.969274236186005,2.420526410052527,-67.18330062131614,2.6688849856640133,-23.82496345382869
32.0912499,12.707514704360253,-10.232785062823817,2.1162565996291476,-48.64446631266064,0.4569722802970302,-25.79179285169846
32.1012499,12.649268652970607,-10.289617006568324,1.9475464824383646,-30.86712641011606,-2.7377096205388347,-27.466891260961447
32.1112499,12.454252598006745,-9.901344715354819,1.9015825527182382,-18.39443033063271,-5.088388121072638,-29.121129302801144
32.121249899999995,12.146835786930371,-9.026318736866806,1.8974121227150422,-13.845080397035177,-6.499582659672475,-31.077585419260835
32.1312499,11.675621386491576,-8.361268101293422,1.9777090098220178,-13.957394945972075,-8.401614820260356,-33.34720082370521
32.1412499,11.077533376244054,-8.030874183559863,2.032623815880478,-16.221647095217982,-11.429426807918516,-35.240693130164544
32.1512499,10.689000576278943,-7.659437350016129,1.9166979784643892,-20.12148068929779,-15.630679023703182,-36.86787691844714
32.1612499,10.534988867519854,-7.149613100362542,1.7734858582147068,-24.64635569390084,-21.136898711030973,-38.729199973486956
32.1712499,10.378089250430126,-6.722426360332796,1.5941931771521973,-28.565180495495998,-27.45798270013338,-41.2914290398759
32.1812499,10.147537596705856,-6.31943035133257,1.2738899414445521,-32.61433682803133,-33.67654591707248,-44.244982025829536
32.191249899999995,9.870323393059099,-5.8394838000593605,1.030225851900217,-38.10627108626733,-39.31596682690671,-47.072298804185955
32.2012499,9.534250574462495,-5.3481691800158035,0.9235830162751477,-45.31181781439438,-44.15668543312539,-49.578978287636325
32.2112499,9.146359430130207,-4.791398506457075,0.703664854459569,-54.3204795625308,-47.76312494008746,-51.52724534706729
32.2212499,8.880779436824897,-4.1615034467646606,0.5291242312389813,-65.96281785970834,-50.22281841101032,-53.385657041941755
32.2312499,8.8520309836715,-3.5202148999559286,0.50487720272135,-79.97199264766982,-50.872973884904155,-54.81973809040579
32.2412499,8.827779219729058,-3.003406768177449,0.3657142356639492,-92.47393268163977,-49.71220299212713,-55.32946252575002
32.2512499,8.681915449280709,-2.6928803342692067,0.2407972930149518,-102.983306153714,-47.84132597661395,-54.95274863992081
32.2612499,8.520021862146342,-2.5212610432241793,0.139368028365321,-111.18871295230183,-45.49934125664032,-53.15352764863193
32.2712499,8.3540840173354,-2.346086463464216,-0.04447218793307021,-115.70039318282849,-42.968443238495745,-49.883429656787555
32.2812499,8.166793930514677,-2.2472270555812464,-0.08796611129363813,-115.30400723076201,-40.159417721890236,-45.15849115186379
32.2912499,7.9718866517650095,-2.296994116437958,0.13923935108839194,-109.80326179742748,-36.616121401484634,-38.81863478738388
32.301249899999995,7.808287178302345,-2.319415182225293,0.4810273018221518,-100.5033023523374,-32.24668205522128,-30.976184582728443
32.3112499,7.625006052741619,-2.3633794313644687,0.7161172773042593,-88.46762379162664,-27.29306708539289,-21.949568392778673
32.3212499,7.3326124611530386,-2.4929607466203274,0.7548385294281714,-75.02872971026423,-22.203600372576428,-12.132070977529537
32.3312499,7.073051320879988,-2.475505727673651,0.6211406772729898,-62.235876559643444,-17.521746994523056,-2.482540299611458
32.3412499,6.942321717878423,-2.4059681286300068,0.4069824696351981,-50.4098440526744,-13.54216468199793,5.9594102258696875
32.3512499,6.936261581927299,-2.3827562348169096,0.2188686366738098,-39.14023470922789,-10.16472112481581,12.692167167052563
32.3612499,7.065077068321363,-2.307729928970149,0.14532070125518534,-29.424043248438615,-7.134924527111075,18.022517702769107
32.371249899999995,7.19036869942698,-2.272817405833716,0.1086621886098944,-21.95292306351917,-4.654874987805442,21.687629820674555
32.3812499,7.347064667100764,-2.279170684831375,0.03285608011581158,-17.37462739605348,-2.4943991367149585,23.80771837667843
32.3912499,7.646054982859046,-2.3179427409831055,-0.040798406835345864,-15.650220951869434,-0.10375951395884797,25.00595286020251
32.4012499,7.946736482871752,-2.4011083787938587,-0.1632679016722631,-16.138871259360016,1.8654873968475665,25.249088497367307
32.4112499,8.270902928641231,-2.4729477834111204,-0.37491512560582935,-18.33407129081695,2.876777680207648,24.490188023985787
32.4212499,8.632503749864883,-2.5320218213246943,-0.5433450927403926,-21.66766489070374,3.153050820202621,22.796689877369392
32.4312499,8.881003922250358,-2.7570185254148507,-0.5386830951053947,-25.759314878643846,3.4514168321088787,20.477325696511727
32.441249899999995,8.912249078522485,-3.2169454479049993,-0.464815778257241,-28.74310898418734,3.8532449107726134,18.258159767515693
32.4512499,8.894702076621465,-3.701246125853517,-0.417878801425259,-29.369464419768846,4.1812863890027,16.531747268891827
32.4612499,8.943202980399725,-4.021133994177082,-0.4126692210685733,-27.90481265468071,4.657601576843294,14.881119094514064
32.4712499,9.08076495600162,-4.15924969830935,-0.4542105302322547,-25.33888819371406,5.4221762499818045,13.713283448795304
32.4812499,9.323562198835116,-4.216129655751156,-0.5480019706820237,-23.451217333611982,5.776985243940255,11.908436076054283
32.4912499,9.199620213986382,-4.160355100803695,-0.585755884021611,-22.019098539575634,5.647246781620515,9.978864048150317
32.5012499,9.136093132931032,-4.097505663784406,-0.6781150936585818,-20.63064572297508,6.4587654525066,8.749782778895462
32.5112499,9.280875448057596,-4.101997343297668,-0.8924033085305754,-19.9107871567269,7.173762663537778,7.946729709768909
32.5212499,9.242967029700882,-4.238374771531038,-0.9750676263566864,-19.464733610808754,7.519841192622723,7.595841576935504
32.5312499,9.134854425065095,-4.323631568512491,-0.9594618660601859,-18.516516370823467,8.37215881434694,7.102711529937475
32.5412499,9.090790947981327,-4.180522629703085,-1.0773711399145502,-17.865593649310878,8.085185653333625,6.279254734179642
32.551249899999995,9.116691038348261,-4.144291942574081,-1.188450694908773,-17.272218524729468,7.378060283950051,5.516072920601868
32.5612499,9.310041652887465,-4.256647902907918,-1.1174126369644224,-16.342737453969974,8.763718019758077,5.354798616094563
32.5712499,9.214744729148642,-4.295820391818676,-0.9694673959192677,-15.15263878103809,9.216080949067093,5.535715644726039
32.5812499,8.969726596597837,-4.294205943184194,-0.9389962442383146,-13.376502225687739,8.403267375233563,5.57890984838775
32.5912499,8.890612875170632,-4.3210827332596855,-0.9938961016296585,-11.002253366162018,7.850746588868908,5.86460409682281
32.6012499,8.862663640538576,-4.320653402498639,-1.0494620495795022,-9.286582782905942,7.459790407188333,6.8676815029922915
32.6112499,8.879956005052463,-4.307328794401695,-1.0582876491840667,-7.916634542195247,7.788777804409939,8.03443332601482
32.621249899999995,8.850744041863596,-4.307382786918233,-0.898634183351821,-6.308444616743168,7.602930282992695,8.688330622276215
32.6312499,8.701294178366311,-4.265620874951942,-0.757212049938443,-5.1471798676992035,6.975026152151653,9.147524725409138
32.6412499,8.647849154021152,-4.269888467578893,-0.7217853700940706,-3.694933200912303,7.127916599678727,9.61434592878353
32.6512499,8.613096172564491,-4.243992150410276,-0.6437409663818471,-3.098959378866537,7.473489624178929,9.78589164929058
32.6612499,8.586457927474223,-4.234180312195017,-0.5847838522324489,-2.852957908453239,7.9215539514427205,9.641699464491472
32.6712499,8.545273677313402,-4.172551998431779,-0.5953919666002456,-2.3493780102460367,8.091359945417594,9.149887891737706
32.6812499,8.52562789686446,-4.164002277111242,-0.5741227362662268,-1.8544108758001716,8.324682961560919,8.826102011508166
32.691249899999995,8.439177740895591,-4.278706046446342,-0.4817866108513899,-1.0671930566546044,8.74304271698944,9.051284716300309
32.7012499,8.242464776229214,-4.416937347248689,-0.3783105813717756,0.23058321176966515,9.038847844522182,9.759240232928152
32.7112499,8.105920661499491,-4.567316865658504,-0.3156351574027752,2.454802409953371,9.012640253279042,10.66811019534992
32.7212499,8.059930687866995,-4.701115768074435,-0.30066792673366877,5.474046567813909,8.761421124635412,11.77208127310373
32.7312499,8.054289384020842,-4.716295026818744,-0.26910249072668313,8.53923822440401,8.562574583990406,12.6667461571246
32.7412499,8.114489068282506,-4.64342607708328,-0.1895246839514244,11.197725893589103,8.50314613977192,13.173714067550625
32.7512499,8.16361037501176,-4.57030547284285,-0.12239632532613162,13.322533851504215,8.548112066973534,13.712479882721423
32.7612499,8.174767665096349,-4.479133120231157,-0.10318068465188339,14.84294083726756,8.419793885820416,14.391668949546466
32.7712499,8.176113826629882,-4.403555985696803,-0.11740846316234431,15.825853433146804,8.236110955876791,15.143277334868921
32.7812499,8.163092518401077,-4.389750469006995,-0.2242096580826249,16.476787730417428,7.821831663839865,16.06624259607724
32.7912499,8.160119231743376,-4.344456751041422,-0.36479756003220176,16.532654851840093,7.323720061083927,17.068714258223245
32.801249899999995,8.17321823983052,-4.182630514194868,-0.42462730748508193,15.767322531379582,6.866588235359212,18.273006229012005
32.8112499,8.259917326341927,-4.064189641704881,-0.38123731464526384,14.366147972120974,7.053439051465206,19.239585513928915
32.8212499,8.4056031952063,-4.101764559111176,-0.2867713475765449,13.30556972517121,7.702242325771717,20.139708202870754
32.8312499,8.491309386708728,-4.195402557270969,-0.2648922976553776,13.444592330101232,8.043276015560444,21.467442591471663
32.8412499,8.471921992794538,-4.33251124017212,-0.36362999028509685,14.482410149057241,8.236520746788965,23.182100760938606
32.8512499,8.43153037560263,-4.516862244739656,-0.44824395198219025,15.711187964371485,8.163700435898605,25.48200971633654
32.8612499,8.394356784603664,-4.661588103275997,-0.5062138221006199,16.506667363384874,7.905191332312115,27.800121764239417
32.871249899999995,8.338780570782898,-4.690411168278754,-0.5618710320089876,16.442716637542325,7.769270498882079,29.31043571608348
32.8812499,8.345243347906662,-4.714576040291387,-0.5885442675318128,15.638102143486076,7.721945984410105,30.228710522223867
32.8912499,8.380188628676601,-4.876336515686412,-0.6379454645789175,14.734489936842106,7.862715960136908,31.024018028420567
32.9012499,8.362718375842821,-5.180240653172432,-0.6860678228815635,14.044465172627458,7.99583869522704,31.98134880097338
32.9112499,8.3326854570682,-5.548729050421166,-0.678781450940391,13.250612198945838,8.38764335872931,33.0468658250398
32.9212499,8.251433582150886,-5.807405969598331,-0.7330979268759388,12.119579833796081,9.030465406666869,34.07285484864104
32.9312499,8.143522419416644,-5.9864506039499945,-0.9268932775988418,10.536090581329775,9.477242999087121,34.85221229683384
32.941249899999995,8.110008089198391,-6.2423017663788976,-1.1050184804438818,8.241030394619857,9.954103977719395,35.202042558946296
32.9512499,8.029058527600554,-6.522597086256509,-1.223507135874646,4.571525214723177,10.857794060432155,35.06155535582417
32.9612499,7.845920676903339,-6.831473472232475,-1.3848631673864873,0.2824202893944911,11.955883914247686,34.51939988638812
32.9712499,7.687215879260758,-7.2479753968079,-1.5624311052222466,-3.7726135167580805,13.635482708640117,33.83302206753099
32.9812499,7.486359480322837,-7.700277328796498,-1.6963981529927143,-8.337011248669292,16.07017097095407,33.11058933020242
32.9912499,7.193987326941147,-8.06282332121625,-1.8105185021254884,-13.566459360140078,19.062307298705978,32.52213714098876
33.0012499,6.898724220286009,-8.291680990631349,-1.9644497373220706,-19.50809720687995,22.550742511280557,32.144873356124975
33.0112499,6.572825490131574,-8.440032175892483,-2.109475481687739,-26.480056233318333,26.265577467484178,31.963925028533588
33.0212499,6.183289130652826,-8.50462006283521,-2.182068940599417,-34.30307283544357,30.43411713276726,31.872155581172215
33.0312499,5.782153650350038,-8.432384545877552,-2.2367022778179453,-42.74747421726694,35.265475413093114,31.687156239818684
33.0412499,5.411458230851613,-8.308624717503456,-2.2659822881769784,-51.37380861285931,40.537400256168375,31.51485954282008
33.051249899999995,5.08709342488793,-8.236202692424614,-2.2592812920758516,-59.58876126479402,46.150952638889905,31.540945522933978
33.0612499,4.701270756551749,-8.19361875931699,-2.161624274585526,-67.84407944626835,53.07045605643811,32.40533067668062
33.0712499,4.283907931015142,-8.12942795350946,-2.0761414529468225,-75.31966626682451,61.157424879329085,34.2688262881389
33.0812499,3.887987191720055,-7.964342598792474,-2.1085562892282765,-80.84784646490894,68.50372055435352,36.969655428565396
33.0912499,3.530964831682756,-7.6560191575880605,-2.13814169423117,-85.96639328220655,75.9256792545182,40.62746943257018
33.1012499,3.2427448824742786,-7.300521623989264,-2.072686736243699,-91.08661307674764,84.31118850187346,45.273742318623576
33.1112499,2.9648391507869656,-6.987913101205267,-1.9058733760468227,-95.65676383220563,93.25169270186348,50.660261683783524
33.121249899999995,2.722116376798756,-6.649144560255843,-1.758683303396011,-99.22585042108835,102.41867363375944,56.818910078309266
33.1312499,2.561435862460344,-6.334760582302004,-1.6029316854788151,-101.43661663838432,111.64450633490398,63.86693218467822
33.1412499,2.4172118495168147,-6.108108761164425,-1.332939350470913,-101.80123916324924,120.74206620928658,71.7963375733884
33.1512499,2.228255095586108,-5.854060320364886,-1.0151055968767289,-100.29749670603556,129.84389363347816,80.77871609517895
33.1612499,2.052183347376246,-5.670050711096966,-0.6191039147242879,-96.66600627860689,138.74462322442488,90.53748869656634
33.1712499,1.945279756723718,-5.62310287651384,-0.12438798100789959,-90.6126427713718,147.29832700151513,100.86557238284422
33.1812499,1.841686712477924,-5.5186825773738715,0.28687654233118404,-82.16760150596079,155.39937175120122,111.63286089571343
33.191249899999995,1.7730140501219909,-5.410675352223187,0.6685571815719688,-71.64175853238952,162.43715776982995,122.77414527118955
33.2012499,1.8136526336771175,-5.440239610639315,1.1194509901959797,-59.801168341982596,168.32224958118553,134.1022926994567
33.2112499,1.9002488877278467,-5.337572306250885,1.4343657240758296,-47.72285915668375,173.27217381956305,145.15979051627355
33.2212499,1.9892041627795638,-5.016466056803176,1.6044271920745559,-36.74762719886065,177.35876470950433,155.36344856521026
33.2312499,2.051983090566432,-4.621607980602368,1.7295640588863281,-28.020419097148487,181.02797302427015,164.75248642250378
33.2412499,2.0165881607090492,-4.077032957291575,1.7621457148475663,-23.221936676195455,184.27291160222464,173.54313886290515
33.2512499,1.9493294885678774,-3.4090018612944624,1.7844567944086054,-23.430955988850112,187.14736845104235,181.86059760183517
33.2612499,1.897747788013398,-2.7276576591410855,1.956748318702417,-28.55110939494376,190.5932729302198,190.08201562433624
33.2712499,1.8245135294454327,-2.0377873811427345,2.1866818200861524,-38.465890418807945,195.05394448643358,199.9783801371928
33.2812499,1.6919816576831057,-1.8305737213091025,2.613744550248007,-48.00566316260083,198.56696399872035,210.30553683901428
33.2912499,1.4369905845086974,-2.713865763084258,3.539847078281573,-53.244326694554495,200.7959918009953,220.90824000020504
33.301249899999995,0.9829986699915663,-3.913522838028325,4.1923834591201805,-54.214718172206005,202.09336810030393,233.42322329160962
33.3112499,0.3125701590501581,-4.730318712353688,4.373991846321646,-49.65457149843911,200.31201402932288,245.17431446233286
33.3212499,-0.2867775266770405,-5.672889268413867,4.835702437488085,-39.91494238933408,195.70874864417,254.021296716778
33.3312499,-0.747777819692058,-6.551513198665385,5.189728674002241,-26.94550602047532,189.39302423997373,260.9121114280665
33.3412499,-1.2147805088629662,-6.955504970365663,5.266340050377769,-13.25341922108279,181.23675878576088,266.7398530282839
33.3512499,-1.46456435737766,-7.232562789329391,5.994777895118815,-1.6616383743440497,172.4891706950178,272.27053155272984
33.3612499,-1.4356277202572285,-7.654102825845482,7.195716268571828,5.448848713751118,164.45793069029492,277.93889183443304
33.371249899999995,-1.4054445875831063,-8.06416227660903,7.898903291206527,9.025713535292374,156.6287972246116,283.40270758930234
33.3812499,-1.5450346481173753,-8.901866769631715,8.949425985588093,12.648856958119639,147.1788586202227,287.79328144309227
33.3912499,-1.8128904708653768,-10.593327863183688,10.278244697818147,20.811244633946995,135.8258401289792,291.4396354905913
33.4012499,-2.0795757017858376,-12.1068777093181,10.560957769621421,36.98090402326801,122.44839246438339,293.6871832465398
33.4112499,-2.2291989639871113,-12.918174995632004,10.642062217987903,57.88050087309198,106.30336357269044,293.4849704796217
33.4212499,-2.138308367700921,-13.291060089007788,10.989409619378927,77.75314360793843,88.72490271639452,291.41212645604844
33.4312499,-1.9272769248821398,-12.650493664590906,11.044270694020272,89.27314922358083,70.8631015043731,288.3864913267785
33.441249899999995,-2.064085974075873,-11.697130083408906,12.183033254017163,84.95569929709313,51.556383983700776,284.36795698248943
33.4512499,-2.840162976712889,-12.337427527081234,14.310356338520716,70.69642171611429,30.677984148001734,277.7315259700552
33.4612499,-3.8206266560154654,-13.962968674384637,15.326112671032783,58.628481571105716,8.146681252453881,268.0083887914529
33.4712499,-3.843703170132677,-15.501006390454606,15.984245930058934,54.54919454997761,-19.32586819514211,253.97752469792485
33.4812499,-2.633018984618555,-17.186601660998498,17.1795786176026,59.61295815468976,-53.02657287049806,233.8613473874505
33.4912499,-1.4931781383904845,-18.475998018060295,18.10544279202897,68.59817446312584,-84.68610209104783,213.28114678237515
33.5012499,-0.7718521534157543,-19.473760354675154,19.440734247602897,73.61374210179355,-115.55382318120006,192.20354801130503
33.5112499,-0.3111307766491831,-20.426290102441516,21.10955308939773,70.33395171607597,-150.0902957939196,166.7107314374108
33.5212499,0.3108495708792253,-21.478041728189787,22.543189623502265,60.78912575049996,-188.37496813590096,133.68752838298303
33.5312499,1.8227070031364991,-23.315071158820118,25.357700294921774,49.958135434778484,-229.02994847009506,89.6403362566777
33.5412499,2.9497759686888037,-26.901594792784856,30.573307616785442,50.55398574932775,-274.90818757949864,31.91599031787161
33.551249899999995,2.8009882842946694,-33.97409251661936,37.76600401352223,75.54220845360217,-323.6295487021232,-41.11129515262814
33.5612499,0.43140775255369546,-44.49963430912559,45.42573486619351,134.1917703048306,-380.2055001690355,-133.03575303567894
33.5712499,-5.710542557638191,-53.07167301308326,49.622353000335345,226.30289292999572,-459.11218215534205,-245.2275077591522
33.5812499,-12.423692711759436,-54.449910955649536,47.09581383889125,313.1667987223434,-502.6838003874895,-352.7646498534019
33.5912499,-17.337947042404572,-47.87163606539309,41.26374479555085,340.6339493653261,-500.0052114902567,-419.04022781394195
33.6012499,-21.71982613528486,-36.144243074880315,36.00116168084839,282.25258428188516,-499.4145922935408,-444.84085765561076
33.6112499,-25.678676863158646,-25.36845529031735,29.500688455118926,161.35941061661342,-500.3610667545439,-457.7053093447374
33.621249899999995,-29.711533796101072,-19.03116134395994,20.87151451968315,-3.086361787811669,-499.8353476387838,-467.1434043476568
33.6312499,-31.99045006349095,-21.981574065856453,13.080708188978253,-136.49637167454654,-500.2205051709988,-473.6617213271051
33.6412499,-32.10397061094498,-26.22715335875926,7.205225267683911,-196.9813408430765,-499.6080804719927,-487.3463140364228
33.6512499,-31.52653408940339,-22.305959597212038,3.3096437093440967,-203.61939653095604,-500.2253355078402,-499.2321757310637
33.6612499,-35.60608232979923,-19.428369807768046,-1.6549191035520228,-127.07944681051154,-500.97121018569584,-462.61559572104596
33.6712499,-39.67000691759726,-18.0733444641506,-10.609852914453663,6.741841631136216,-469.58958886100334,-348.1396805804305
33.6812499,-33.479867042730305,-4.76233400099984,-16.728526537417856,86.29588009989725,-389.893513036252,-213.71844705541324
33.691249899999995,-25.576107904767618,15.76006075580503,-18.24376318948206,71.00743195204089,-274.0175239591011,-128.77119240937586
33.7012499,-23.77045069341857,22.45399655317852,-18.047657477076342,-4.515180355011323,-173.97241804750868,-75.95951590121393
33.7112499,-23.279891326925657,17.029774092609816,-13.722973792099248,-95.57719348814273,-102.20586129386042,-14.638418645516916
33.7212499,-23.91943130646804,10.412782397217093,-6.646218943245632,-161.59929088929437,-43.38055806995032,25.258237630178325
33.7312499,-24.155436970844384,2.504201052236977,-0.8148051293244474,-175.18047356761096,-4.8492195579539965,32.97230767232815
33.7412499,-20.31394751297658,-5.7673047423848,3.6218049472099865,-139.41548182167568,17.714038125079043,35.310458281932476
33.7512499,-14.394811810791511,-10.154071794410074,6.669173080597656,-77.30052793922428,30.498238282113654,42.25699832933978
33.7612499,-8.469331858487465,-10.392325196099481,6.55495710495949,-14.83767881243527,40.8805847175342,52.14766275153852
33.7712499,-3.0263173230753813,-7.657326166084085,3.591152245733228,27.957216439669452,51.72787424960797,61.515921619204825
33.7812499,1.5963015722695715,-3.976752644099362,0.8702040679963085,45.43675759673773,54.81361361507494,65.75163800975388
33.7912499,5.696678430641901,-1.8911604596749232,0.299960524021046,42.36004798595928,50.375237830648054,63.83491011745344
33.801249899999995,8.70478179492471,-2.112709908644212,0.7325474352223689,30.191350041371997,44.90147216316926,60.290692462116056
33.8112499,10.528528917463989,-3.575398084066588,1.477936995075103,15.836150549521498,38.44061579191284,58.08711046791615
33.8212499,11.90053810013847,-5.369151928823679,2.6161932730597885,2.719491809173279,29.96348048443879,56.78692057903394
33.8312499,12.903551469362348,-6.886516159046261,3.8164746796876874,-6.8230827041205195,22.018537656806902,54.43793315527077
33.8412499,13.270979729735032,-7.644420410671972,5.028910212517544,-14.485544763495875,14.878900835688329,48.83489789713364
33.8512499,13.321298000341098,-8.216383342822706,6.18661979317573,-20.022282034189313,8.270588711562553,40.21687547286341
33.8612499,13.064256037305062,-9.106611246756946,6.780109684249587,-19.170610964007633,2.641690704111879,30.618426560275964
33.871249899999995,12.362114204604573,-9.893876212026349,6.721898243902209,-11.646245206438516,-3.629573415152441,22.5765795004824
33.8812499,11.732520657623114,-10.283220639929235,5.960095642823427,-0.3422700572613898,-10.137546999355177,17.5688765734286
33.8912499,11.313530453232145,-10.028957138514397,4.301687830876583,13.387268062444488,-19.255233252403432,13.967500078228047
33.9012499,11.128024349224997,-9.054523776782254,2.5318753341813114,25.114065156516677,-33.006775682043425,9.923789879894711
33.9112499,11.117226562333805,-7.906014936686649,1.7607475715937315,27.010988324576513,-46.09674653582111,5.028877059012215
33.9212499,10.908420783796656,-7.047376176686424,1.7350273913799952,20.074907527672337,-56.85799791851011,-1.5486244733514851
33.9312499,10.581115402138265,-6.320644113217481,1.7469414674898252,5.712279008751385,-65.0022080083375,-9.475953754074075
33.941249899999995,10.366886207142743,-5.515841956034164,1.6281580949589278,-15.488882516335243,-69.79212950859205,-18.314434087234257
33.9512499,10.241998766205304,-4.824491757142821,1.640377336257884,-40.91847953703201,-71.34486002436947,-28.071416281729224
33.9612499,10.134220541200195,-4.282487274439863,1.4924052209298944,-68.08699601791042,-70.26801230443597,-38.138206063111866
33.9712499,9.954738562441037,-3.90586773669344,1.1850906908436927,-94.33785729793179,-67.95787192358335,-47.914456208893924
33.9812499,9.71627143640029,-3.905757930381597,0.9724927138428525,-116.08695152853964,-65.36521133660061,-56.4646662004613
33.9912499,9.427403969665654,-3.9651582534545815,0.5558225945414181,-132.9628831143628,-62.98014001289039,-62.61594269968764
34.0012499,9.093687878664621,-3.959727429425804,0.02093717980395486,-144.9678790332398,-61.90834460684157,-66.49077372697133
34.0112499,8.866218964936671,-4.054388291865295,-0.2166893411370345,-151.83403752745286,-61.2026450638016,-68.35186746399339
34.0212499,8.779137953184419,-4.046796034809858,-0.12627678553156577,-154.6614404219208,-58.85962346077756,-68.53777641083072
34.0312499,8.73707512136025,-3.9422622327640497,0.13252672563201126,-153.448737655294,-55.17469997286615,-67.72991568118786
34.0412499,8.640343623361902,-4.126265875279125,0.23091740950450518,-145.78884167052988,-51.947840896296526,-66.1132560386966
34.051249899999995,8.460165706255696,-4.437063291799568,0.38798289330548835,-131.60042622962297,-49.115832518919234,-63.21397362680539
34.0612499,8.270623783268483,-4.719759926264295,0.8307811483078181,-111.78274352895677,-46.593259212781625,-58.38771547405998
34.0712499,8.10810727894052,-5.044897782397314,1.1200370143209117,-86.23615752334284,-43.35966971880081,-51.77056595845641
34.0812499,7.878037221481462,-5.131744780453979,1.0213172636756853,-58.663954543277626,-39.84749608759392,-43.584250073752884
34.0912499,7.700730140364142,-4.935114913549031,0.73349181907381,-32.57728345490494,-36.80411748296337,-34.60745169128336
34.1012499,7.749131945503291,-4.487572062424474,0.5373055501570663,-6.88406260121245,-33.17199338430148,-25.364673639099394
34.1112499,7.822794539709454,-3.7552030704343733,0.4080270954866153,12.89892353230759,-28.78468498680941,-18.03171058638375
34.121249899999995,7.815024851427539,-3.180577467778449,0.27613579709058167,24.196582545752417,-24.468712280833635,-13.689181069001023
34.1312499,7.845179261756089,-2.7635769280453517,0.22389043985890322,30.68247095686743,-20.351748838900107,-10.699623880321143
34.1412499,7.9401666887565465,-2.4645720030474347,0.25750004048987585,33.50745622163988,-16.486707499224863,-8.511477816078116
34.1512499,7.954154091536727,-2.4926999126761435,0.15815391468814285,35.059160942650166,-14.35551944271859,-6.487714322246296
34.1612499,7.990660519313089,-2.5456685488686612,-0.12725557465860154,35.47081121177487,-14.017831262730676,-4.182658198635696
34.1712499,8.239673590438539,-2.5041418891302714,-0.3111930527994833,34.02065448781771,-13.971990548205161,-2.101489084864171
34.1812499,8.413587379920845,-2.5181836227775216,-0.30256256470062654,31.123027476943687,-14.561983841093362,-0.31200975218575216
34.191249899999995,8.488467832015113,-2.5828972279309212,-0.2436543927137613,28.043064948651914,-15.322539485835145,1.1605090277563388
34.2012499,8.608187053497977,-2.6425268582190586,-0.20434413512422928,25.530812551799116,-15.293727858911542,2.1124879778328123
34.2112499,8.633276198908051,-2.7381770546577484,-0.15464878656934056,23.33570427798619,-14.9620138832139,2.731351459926271
34.2212499,8.500575782559126,-2.748301755532149,-0.1709573013841843,20.021675914118028,-14.560025229684104,3.2731305767110292
34.2312499,8.390099494993905,-2.7628420458323077,-0.406584194641862,17.010899111579985,-14.275202602663628,3.9963200061507465
34.2412499,8.36454486475415,-2.8381367240317577,-0.7027940820238856,14.551915844963496,-14.408043324287764,4.9419440848680285
34.2512499,8.3822330548094,-2.592175707093075,-0.8558981785834019,9.150346222903229,-14.475987572609066,5.624656965237014
34.2612499,8.671935554817917,-2.352886243021933,-0.6895935023590323,3.527630446042659,-13.097485946857296,5.700284983626359
34.2712499,9.128693237160052,-2.523856443895127,-0.5549848196177478,-0.07133920556734859,-10.429268034254104,6.252456068105528
34.2812499,8.990221687937598,-2.8484200681564094,-0.5311067660460269,-3.045352787483652,-9.136180909967498,8.16793854893511
34.2912499,8.719772495433354,-3.252662633727012,-0.5069206438588547,-3.765731577255407,-7.7529770341200415,11.025011939271893
34.3012499,8.71374442119021,-3.6595386779993464,-0.4919688490263249,-2.3355699204796876,-5.722027142043989,14.123322987844555
34.3112499,8.719334082923817,-4.185115897940617,-0.5005623102874064,2.302767864201555,-3.4915014616445808,17.333681136422356
34.3212499,8.573673566965548,-4.599290401361635,-0.49676754328069284,9.0787347204351,-2.7377630550736978,19.495365735056474
34.3312499,8.519688134195652,-4.688526455043968,-0.525516915442783,14.574022587576653,-2.816159059562933,19.946241344180223
34.3412499,8.62761329013746,-4.746013314721891,-0.5707575902973073,19.250381766259498,-1.7400280909873824,19.800445391375664
34.3512499,8.663593259593906,-4.758948416521194,-0.5953237645159366,22.610635015651326,-0.2436092155432844,19.42767920266378
34.3612499,8.586254737825584,-4.6681429896694295,-0.5841508840523044,23.700043321854853,1.0113478983135933,18.910681085866273
34.371249899999995,8.583419064189433,-4.620257419020869,-0.5411730801173457,23.360626958408425,2.5002201860328066,18.357641076143555
34.3812499,8.60096448577522,-4.503633895480633,-0.5510626613866481,21.34038951308914,3.9904415672744467,17.726575327247964
34.3912499,8.551535236640477,-4.312254517641637,-0.5748790516988126,16.98895426427795,5.005369987579054,16.98595942833875
34.4012499,8.560736053303321,-4.323736650316365,-0.5529338055858005,11.844653462660638,6.524499394933862,15.963692059246426
34.4112499,8.617631247700588,-4.3823932046313905,-0.5066424752486401,6.853395942165675,8.783334852215624,14.836025699103246
34.4212499,8.746193492936046,-4.318541360720258,-0.4238389672353589,1.7484899142295058,11.23255288229613,13.392077312687215
34.4312499,8.907185231178309,-4.356081980620315,-0.17610268907378443,-2.1124996808982335,13.624396460487691,11.538048106107855
34.441249899999995,9.056512007333016,-4.512464884352742,0.16648558392217291,-4.013379486378683,16.964897836687687,9.720551487158192
34.4512499,8.985834527474873,-4.594146683706232,0.45088546679568453,-5.011953083131528,20.032669761198317,8.054446901362528
34.4612499,8.849488940997258,-4.6930953527718735,0.5830290211390559,-4.71517320540075,21.751041551031,6.678608753477498
34.4712499,8.760375961094617,-4.897823474464078,0.5218721020056533,-2.8498818024201795,21.98736225082998,5.450246431008989
34.4812499,8.55933380493724,-5.194771061404696,0.26712943067897293,-0.17473474792952487,20.379602087484287,4.735811434489604
34.4912499,8.389364395004984,-5.475580949874604,-0.06469565329159799,4.016582976834462,17.692001325477598,4.472616858274871
34.5012499,8.298332530146519,-5.5797802347844945,-0.3028575371121898,9.623840126053178,14.842821998706688,4.28969611944632
34.5112499,8.237783476957599,-5.671106540125683,-0.39741476902195705,15.420027389179715,12.178594976078513,4.410060065040303
34.5212499,8.085758578507027,-5.8782261144048595,-0.3681640543685945,21.756667321398687,9.132553458601468,5.429008122768616
34.5312499,8.017759467249267,-6.000893373345782,-0.33828437818562895,27.489626816723113,6.802883560486233,6.917296918942372
34.5412499,8.162177714647665,-5.923536769530288,-0.4280324969275419,31.01673513681903,5.908171030164535,8.410262248637636
34.5512499,8.279015300820225,-5.704360721597918,-0.586213143804506,32.196187331913066,5.432293150615999,10.008193806444424
34.5612499,8.262542300914868,-5.47455074948622,-0.747160519277174,30.583722321320746,4.811516586439786,11.48487422664561
34.5712499,8.228813566631157,-5.300188634013297,-0.9112303932507427,26.152382920634725,4.192488931469451,12.896370190810424
34.5812499,8.248574364080449,-5.183559747756222,-1.0622649452922153,19.707042639404566,3.9295605129281044,14.272443084963157
34.5912499,8.326772222655906,-5.072783422300858,-1.1499898201822676,11.82026272063474,3.9011152193279695,15.532165868974282
34.6012499,8.433277018524912,-4.992894526114004,-1.1413877386102604,2.739373901073691,4.091696072331266,16.235670199209178
34.6112499,8.494274692372967,-5.022245176158389,-1.1524400714098908,-7.093953920446891,4.713195418933171,16.466787066467635
34.621249899999995,8.450387748051822,-5.16129984324697,-1.1995464027078022,-16.564994450178006,5.5723341447913,16.80095029498195
34.6312499,8.322948408155298,-5.392786997358374,-1.131649300015847,-24.79755370997979,6.324083556229527,17.239558419324887
34.6412499,8.226878168319518,-5.7080836199815295,-1.0001246795043384,-31.378909773885777,7.059688035132023,17.525565190450017
34.6512499,8.19336633854454,-6.094700453502555,-0.9288803609416904,-35.44499606352794,7.758326005034058,17.4580237360848
34.6612499,8.154551332837936,-6.471451600810978,-0.8487377187223114,-36.86778418241058,8.725703691097928,17.166847582823788
34.6712499,8.081497186675772,-6.764228858267384,-0.6955114063758502,-36.67506854531133,10.315277386009738,16.713491096855236
34.6812499,7.955099689421488,-6.996713351155018,-0.5864697788999326,-35.91307157005695,12.51035030550745,16.143678850128897
34.691249899999995,7.765755331096642,-7.124138026863535,-0.59143584840048,-35.4307869123699,14.73191399288884,15.61562298163727
34.7012499,7.54818398645282,-7.147559508108522,-0.622506904257598,-35.865684591287184,17.023018599200014,14.87856103681895
34.7112499,7.3680235680560795,-7.1478417770751275,-0.692920847029601,-37.23337500660595,19.162747212122273,13.823972904535509
34.7212499,7.212558008382612,-7.0529913960741935,-0.8655431829280411,-39.37235228398458,20.89847556034059,12.47452381587109
34.7312499,7.015789310247476,-6.864650769129694,-1.0413850423586108,-43.15823174905771,23.2596319677741,10.955187676533779
34.7412499,6.84031921482135,-6.703402469348996,-1.0976025498583935,-47.946060706795244,26.264382450958713,9.952577670347928
34.7512499,6.632928273360538,-6.48725417198567,-1.1905680158928713,-53.79222826304028,29.376075096601618,9.597620160884839
34.7612499,6.432000692981051,-6.222244307640062,-1.3316046358402616,-60.737470097053794,32.91180962516616,9.70765199744242
34.7712499,6.292489468728644,-6.046673786023127,-1.4276029166026059,-67.64856063471471,37.10036456102198,10.213720327060713
34.7812499,6.015195147261099,-5.9367141623789434,-1.5528779464015345,-74.33762496200661,40.98506224179915,11.508828567955351
34.7912499,5.70400851595907,-5.833342067254746,-1.6877484646912322,-79.96018237850403,45.01530206366645,13.555534778099243
34.8012499,5.492804973955054,-5.705226634020321,-1.7375697040236968,-84.16088541256583,50.15746757528944,16.248717912560704
34.8112499,5.174909938460752,-5.555392499382648,-1.7320252050457443,-87.78941488168115,55.47435258690936,20.011887385271184
34.8212499,4.839237250167389,-5.385002336013993,-1.7859745750601304,-91.06889748111355,61.196283455912926,25.127402726102073
34.8312499,4.613982483395671,-5.156742945434072,-1.8470385496939343,-94.1915093190158,67.77192854286258,31.705198930042357
34.8412499,4.391955120330426,-4.860270724141139,-1.8297263704390174,-97.65252221089965,74.92777969274466,39.21985836434839
34.8512499,4.161277131390931,-4.595022454446831,-1.7527453585946933,-100.86601112941662,82.52330758184397,47.235050182592914
34.8612499,4.023398322274143,-4.331043940404934,-1.6466527614495812,-103.6978028989003,90.70879388766832,55.77469053928832
34.871249899999995,3.9153544598625496,-4.110056674041397,-1.5089511351282292,-106.34500756555602,99.63840762604002,65.180678197079
34.8812499,3.7242329075187315,-4.008286851890995,-1.3565158718874832,-108.42458331645773,109.01383956478483,75.57533789288959
34.8912499,3.4858517008601115,-3.9114572949961413,-1.2081384214041173,-109.4785012811639,118.37960040828085,86.36820542901029
34.9012499,3.2405558513366417,-3.8720617004656757,-0.9506426828458843,-109.05503563849793,127.41388131539505,97.2120059492028
34.9112499,2.937536016156398,-4.066243008612585,-0.5893245188576606,-106.01360807979869,136.14096637169973,108.3980361786974
34.9212499,2.54068065224034,-4.289420868595828,-0.33529716099264645,-100.19123755647497,144.35811090990174,119.56069960745931
34.9312499,2.0628580444034603,-4.44092003405392,-0.09474913942886676,-91.02887518028612,151.70771079067367,131.30530961022765
34.941249899999995,1.652306189487645,-4.632996155053434,0.25840674980623163,-77.88611217607884,158.57270896664335,145.0834052351149
34.9512499,1.4803641045973304,-4.730447057082711,0.5214941647434799,-64.92566727055369,163.78789507766066,157.427410720933
34.9612499,1.4738432714689782,-4.747995836594803,0.7279105180431881,-52.8270768148797,167.95982627719863,168.8190582894418
34.9712499,1.5530290457519738,-4.652587219799121,0.9509264755940225,-41.80239489697358,172.98049563169667,181.10371880000542
34.9812499,1.623554762766447,-4.316018945337437,1.0676639218946968,-33.5833624422397,178.768099750909,193.5858409221746
34.9912499,1.5875637374689788,-3.797401076160549,1.0805395096061807,-28.555033821164866,184.6642520541177,205.8211785045943
35.0012499,1.545764401083809,-3.3295684326264827,1.1892700554781732,-27.29949078178394,191.33870110373064,218.21707684994533
35.0112499,1.5006606937321434,-3.0328368549402778,1.3501947026686287,-29.475456201009795,198.8947511409848,231.1637140304329
35.0212499,1.2538194072086541,-2.689777446944351,1.308064747534385,-34.11507369421118,206.3293640196541,244.35013642044294
35.0312499,0.7122586758451545,-2.559115550286741,1.480233787830754,-40.19569787605802,212.09942332153037,257.4881018269129
35.0412499,0.032562497082618644,-3.2440185217655473,2.2323054570813654,-47.56972974397797,216.85472797230912,271.41308741773025
35.0512499,-0.7791003886821183,-4.052452328086712,2.8116717076290203,-55.55693224590296,220.79981497339887,286.06421354878233
35.0612499,-1.71767032740368,-4.452149907828567,3.2316541170084254,-63.24991250538216,222.09771517629423,299.5941965316158
35.0712499,-2.559354537566659,-5.319304209273461,4.073173781468176,-68.30504795593444,220.19911511570234,311.19943959958437
35.0812499,-3.285988120425608,-6.7068472734004905,4.9775262591651055,-69.22783050406177,215.67313045060055,321.86855844227705
35.0912499,-3.992107409935041,-8.313695831312186,6.057766348109648,-65.13256250575252,208.0328332027698,331.70132368786136
35.1012499,-4.57695780316451,-10.311729670910143,7.543618279182402,-54.646472599803126,197.5941189216578,340.3133979998276
35.1112499,-4.950453244507966,-12.007669040142817,8.543385148944152,-38.00945636514029,184.88972842637867,347.2347216493958
35.121249899999995,-5.1865713694339375,-13.06969886747255,9.123045817521607,-17.98129534152519,168.7247136260947,352.04226758432463
35.1312499,-5.427273008188825,-14.048593620757991,10.245834740575214,-0.5437026420229303,150.34106225951453,354.749583234872
35.1412499,-5.558835490612725,-14.972980069093058,11.448979089139463,11.530188754523431,130.5437928292153,353.59113824904415
35.1512499,-5.744332784111455,-15.865850578041798,12.304683411759555,19.658392617461146,105.84463952432515,346.76213621644746
35.1612499,-5.795807429298688,-16.97549744680243,13.36675235664489,24.49266641564382,80.80794923804645,336.84514225642044
35.1712499,-5.419056259486093,-18.22049721475003,14.926484124066457,27.37790208158639,55.941504151244786,325.4901432986615
35.1812499,-4.800809453666167,-19.015107030318234,16.416688510931927,30.49348938000067,27.83927568596239,310.97005525715804
35.191249899999995,-3.9284900248841943,-20.026502933204714,17.77522826694044,33.26640606163806,-3.983047101672723,293.2319208290752
35.2012499,-2.5682198870341666,-21.262785120652985,18.550315012371826,33.8337295157703,-37.477491772021935,272.879264344334
35.2112499,-0.8360769458918722,-21.57443136637497,18.16944532781212,31.62280444491342,-71.66840970768398,247.25521534910732
35.2212499,1.145668947432118,-21.48143927740043,18.16336724783462,25.122015157604388,-106.5487200601175,215.00300227261576
35.2312499,3.827371978071844,-21.646616465194644,19.512179006349875,11.925873941240543,-138.62540228630766,177.2248630397763
35.2412499,6.948008677866327,-22.839794394515096,21.63272871463268,-2.5431533853264954,-167.5463967727577,133.09679882852973
35.2512499,9.897162902163322,-25.411227626717622,24.632421670368522,-8.014621122517353,-195.33108144759638,81.0227638524008
35.2612499,11.606233389127109,-28.833776960390715,28.37111281624833,-0.505433632968002,-225.22713852582723,22.060377202794893
35.2712499,10.415784311527457,-34.47483892817601,32.80558773321895,23.719512069099057,-263.3356817702439,-47.23760689764157
35.2812499,4.991447461707848,-41.11908819120455,37.359950057265934,66.58264154544848,-310.3923020137468,-131.56781325202275
35.2912499,-4.6267130761594295,-47.67623165731412,40.86892475361461,120.27117349511691,-370.6241726348124,-227.40788911852965
35.3012499,-14.65508153766342,-54.25991734504172,41.11975983353167,188.83272175257662,-444.82156420264715,-327.9790223951129
35.3112499,-21.722293467952454,-55.304946919541166,38.467985229430894,255.8690255142946,-496.5614951682023,-422.4393948860009
35.3212499,-27.218224071787912,-51.40706772654278,35.716826444452636,286.27647477669177,-501.5215670030594,-485.68491445890373
35.3312499,-33.0201386958473,-46.73505662894606,32.08709699692044,264.1771031305263,-499.1398518066991,-501.8076887239704
35.3412499,-37.83510434654133,-41.09648463902475,26.001982010096068,208.54147581669636,-500.14344354994074,-499.4099547759535
35.3512499,-43.2329645078275,-34.60159132242272,16.9366941212457,108.58469540249696,-500.44249697582353,-499.96309782654
35.3612499,-49.15873660039673,-28.52346246296239,3.5274958078284935,-24.37035935646639,-499.2064082666911,-500.66569234869945
35.371249899999995,-47.06425323326354,-19.924230204554785,-8.561669660595776,-129.26825850469143,-500.1032164536076,-498.21470835504647
35.3812499,-42.80432104804542,-8.191348780029548,-12.440314950369556,-207.54815438880055,-502.6890156473295,-502.93214464736116
35.3912499,-44.47086832468236,-5.033844226933847,-15.75943852650997,-230.96582087925856,-441.4798966408492,-493.48595415194154
35.4012499,-40.331183902026346,-7.829029773449044,-22.666803776240986,-179.82806194058657,-318.61198276821915,-390.877659107768
35.4112499,-29.76298362766447,-0.04996661390107085,-22.87011928354535,-105.88966673620942,-218.14187213653813,-255.29438215011595
35.4212499,-21.798544201797107,12.389558839725254,-17.45495936990036,-55.42273408945695,-141.1608757336505,-171.5332358125906
35.4312499,-17.878722057458276,15.203904031560622,-12.405993180865776,-22.952898990496784,-76.25330925944778,-107.13735852162456
35.441249899999995,-16.45846518221926,11.922428282844109,-9.4880576502379,-5.426119500929039,-30.73189465884392,-33.03143802902813
35.4512499,-16.152227622891143,10.22213048272777,-6.407646287011164,-14.4995323516766,-5.363964614329708,32.644277102367
35.4612499,-15.947955444222881,8.608341443752295,-2.0626507215792973,-38.343293563479435,0.579146853494529,73.57346762983613
35.4712499,-14.301453266893162,5.001493346725232,2.156818425289277,-60.96525901904833,-2.9205428466376535,93.7038951325996
35.4812499,-11.856689683487359,0.9649332378000985,5.919008917709596,-77.4206007933747,-13.154513434351772,98.47384312161523
35.4912499,-8.738036442119377,-2.3772427821309945,7.894273344860571,-86.84725866351845,-28.794707900948293,91.21546191589611
35.5012499,-3.9787420314367528,-4.887015956448528,7.148878708700984,-88.86982927982145,-43.05149550181581,80.26290247409057
35.5112499,1.584595134364842,-6.166195888653391,5.416276267765414,-86.57597583716348,-51.68810026842912,70.97894221111599
35.5212499,6.4909557263392825,-6.450645224626434,4.146275183876907,-84.54433097627394,-54.013102929618654,61.45411035141843
35.5312499,10.093635375952513,-6.471952399496327,3.664691705373364,-82.42452411430484,-51.39971802952079,48.81876022680184
35.5412499,12.395740396994384,-6.472850582808857,3.7897820820240584,-78.59436092251929,-44.57834419390639,33.94374683674286
35.5512499,13.283426292152768,-6.790062534782391,3.913256762859312,-72.3025231584845,-35.399746176465854,18.393978305393073
35.5612499,13.049751738454727,-7.721480868426478,3.503982168434773,-60.506330856244645,-25.118038145697337,2.381338663233035
35.5712499,12.512307335920996,-8.539613645703035,2.7239073108138934,-46.970242818719804,-17.410066841146925,-9.765883116407263
35.5812499,12.323273156366323,-8.707270141411055,1.7646002666013683,-35.92198176501351,-13.322956662298106,-17.73350954545937
35.5912499,12.237540915874225,-8.428065343466288,0.7612032448208121,-26.469690800839402,-11.802822948582024,-24.99364030179521
35.6012499,12.054910126541001,-7.9823199932383835,-0.008979180533237343,-19.382714085990777,-12.738260903581521,-32.22464178618892
35.6112499,11.979241672488113,-7.6326360172608165,-0.25180828054345206,-14.057311920276536,-14.164076175236502,-39.59758661447905
35.621249899999995,11.824791606974216,-7.341329282840591,0.11270892725879401,-10.248665829248212,-14.609134172307433,-47.530906558780096
35.6312499,11.450525397857053,-7.11315291570486,0.46583156207371196,-7.531116382694782,-13.74744435497693,-55.44462090529238
35.6412499,10.985120518448317,-6.953704147151044,0.5880047056478324,-4.4395387326726805,-12.930834415992228,-62.981393141532706
35.6512499,10.612520463990544,-6.999848418640745,0.7459064144785685,0.3573534154979256,-12.471089086991732,-69.75225595139824
35.6612499,10.246019504186187,-7.045546062893194,0.7322653419849607,6.073035534377075,-12.554564090664517,-73.82150142531455
35.6712499,9.77052114026435,-6.7582821231663,0.4995109597781326,10.224394138656969,-14.326042109697733,-74.43361076630013
35.6812499,9.31779651128147,-6.246168078446372,0.2097655490568229,12.58676881668716,-17.381662214923217,-72.9488545436662
35.691249899999995,9.048184873523672,-5.430645097229227,-0.05218346182325495,11.699880975822298,-20.468490676491268,-71.02638723171009
35.7012499,8.87930169420787,-4.51420560144188,-0.1188643973445616,7.070844046636719,-22.999037285410243,-69.47763061004432
35.7112499,8.637845714921166,-3.829943655052255,-0.12259896569527605,0.33735576664338773,-24.623164081741052,-68.44058459160729
35.7212499,8.283273483076583,-3.3018341741094623,-0.165953863559847,-7.200973572494261,-25.278259174684333,-67.52738743437837
35.7312499,7.9818889924433964,-2.7707943319905186,-0.04928639518409089,-14.560271451660814,-24.672444779184485,-66.55526604709948
35.7412499,7.754728538068782,-2.36503015035165,0.0647893882459293,-21.155877145998563,-22.29686729659339,-64.98237838156136
35.7512499,7.447509361563563,-2.2153814360831636,-0.005322618113831276,-26.5014733661584,-18.885416463328955,-61.794038798768185
35.7612499,7.12105777315723,-2.3706713689507737,-0.005641156598612421,-30.70133158499124,-14.939877617617974,-56.4539611345135
35.7712499,6.877218023288721,-2.607860551451514,0.030764236138997945,-33.5248634024397,-9.393114064996917,-47.36459995493879
35.7812499,6.840881410319675,-2.618032996597371,0.0881861017139767,-34.32396305820588,-3.3652590501990036,-36.58686175759964
35.7912499,6.991162379310959,-2.7167089307255403,0.3851136601122704,-32.58364235791754,1.7815177474253827,-27.38981838319903
35.8012499,7.066408760252938,-2.935485955641657,0.6909625369356942,-27.676968038396733,6.694814468486204,-18.913848923192482
35.8112499,6.868994906046159,-3.181894746702598,0.7670882525775135,-19.154050730836655,10.59626588147227,-11.343965153847828
35.8212499,6.656736426445628,-3.5085618430717793,0.586786303194443,-7.648537492206958,13.572014129956575,-4.656249955314522
35.8312499,6.591709576322995,-3.5775514182121304,0.32426753424035204,2.663543678053591,14.92224100566385,0.5743479801665471
35.8412499,6.643018228098633,-3.4255376747029858,0.0992669038713727,10.737283924366436,14.820492697574693,3.8085201893614697
35.8512499,6.801442607973031,-3.2665588560176366,-0.003971375078794115,17.065294777284024,14.571911749164267,5.685158632211276
35.8612499,6.993253843769456,-3.151007861650918,-0.0689312146281499,21.105153071560594,13.45376599534798,6.965844753616902
35.871249899999995,7.39218224434871,-3.1120030913829417,-0.17547525659401592,23.19844190434265,11.821896830211701,8.427776720112885
35.8812499,7.941003420878168,-3.1962180399221896,-0.25465861504305165,23.84032956495969,10.502471356917244,10.829714195601607
35.8912499,8.47621072119458,-3.303998764985992,-0.34679143181564687,22.83204476839632,9.500704580220065,13.96269828360862
35.9012499,8.930867773567007,-3.127196912495895,-0.5024896415079905,18.966901399362435,8.43805304683968,17.08812011175135
35.9112499,9.445104082878538,-2.828658371597152,-0.5530208247136069,13.142345395173999,8.188144905272644,18.99396541293999
35.9212499,9.994288188330856,-2.691570154483743,-0.5365441230685271,6.559433875016549,8.3869920980002,19.617103104404176
35.9312499,10.43648456666416,-2.634310362620654,-0.5681594370624109,-0.9018476757440548,8.541640403128829,20.063550135127066
35.941249899999995,10.71888572931943,-2.7080978399639672,-0.5268896333267987,-7.749916004175838,8.893984352869838,20.545087021042193
35.9512499,10.87398495531288,-3.0976109785313706,-0.3225899584306718,-12.401210131149455,9.517270669349081,21.420174360238722
35.9612499,10.884536567517253,-3.5149023263572334,-0.2001295601039812,-15.460002944474438,10.004633567831632,23.03303267412189
35.9712499,10.715064278123423,-3.7960882115998325,-0.17391882778117115,-17.118673058253943,9.608443585619789,24.903289704686834
35.9812499,10.456354577984358,-4.04652312994179,-0.058939014543798816,-17.126190354638236,8.75592001835612,26.068704386058865
35.9912499,10.306307898979883,-4.185290539232179,0.10875186990054894,-16.22458449262757,8.021181100469276,25.388400897661796
36.0012499,10.255604805947591,-4.285360422310008,0.3544717008865387,-15.12041767637292,7.479663702403576,23.104056655140187
36.0112499,10.114748425060636,-4.386268906042655,0.6199195791147742,-13.655543963980985,7.623278256992513,19.818724530594263
36.0212499,9.879304435464249,-4.506261350852256,0.7785179299372547,-11.5202868171546,8.138321018889801,15.87518738689959
36.0312499,9.556031554150666,-4.682898162170477,0.8692575728276041,-9.1911983769113,8.587062080326525,12.226341404486789
36.0412499,9.237612090251016,-4.836305613474836,0.9631045692400035,-7.2750581616897705,8.960274575689418,9.409411862113604
36.0512499,9.029724752032223,-4.935844299738862,0.9925483485647856,-5.329456325390347,9.3007667158429,7.073447591017483
36.0612499,8.798506899989702,-4.884244596797198,0.9392498648806467,-3.9608428869164,8.881356230298413,4.863427944459079
36.0712499,8.582472190815462,-4.730669594375844,0.902533089697636,-3.977987745321259,7.881820672973816,2.7843729187085584
36.0812499,8.520177320469411,-4.601462164102238,0.852417896157089,-4.4889492593904246,7.158494013678822,1.0472686670311808
36.0912499,8.475410854105778,-4.510342948462182,0.7778181270901149,-6.128607038538791,6.6274907758707,-0.06224996969685418
36.1012499,8.391275770618908,-4.39871191557619,0.7075337769902719,-9.937965525409725,6.246747640750148,-0.6144466510038801
36.1112499,8.350295445814396,-4.221571083119093,0.6684316876871107,-15.069356599993084,5.923520167852763,-0.825780865319876
36.1212499,8.467498718875255,-4.184968787391546,0.7250092867438721,-19.726795099096627,6.1411992094570325,-1.076964053822725
36.1312499,8.615617493866033,-4.334365802116596,0.8107842582402262,-22.841846246911167,6.9589453141434126,-1.0914158116165646
36.1412499,8.619062646315955,-4.586407339380016,0.8823376809653277,-23.663233990559647,7.822755127580673,-0.16434325661732024
36.1512499,8.57766323146532,-4.93041231026303,0.8790283480207914,-21.692663751521124,8.456518482328446,1.801174983662613
36.1612499,8.499295636200754,-5.160949016840206,0.8258993151855379,-17.96670884287825,8.511620449409035,4.452205555853955
36.1712499,8.370214667205783,-5.144835560516568,0.7827424295270523,-13.386965776295678,8.465728738678688,7.168201251849623
36.1812499,8.245018332408241,-5.174057949552358,0.7242620168069219,-8.279686204723214,8.230999535725486,9.732258959100896
36.1912499,8.179489471268328,-5.303980094062994,0.7274253887517199,-3.110470354817062,7.578238421330601,12.919040698618268
36.2012499,8.257045562055676,-5.2603219504694145,0.7031993881716534,0.12357164820769276,7.5044587266500855,15.742588054895181
36.2112499,8.420796321462452,-5.135926936127603,0.6212083531011572,0.7450390486502314,8.019295564556845,17.31130500862223
36.2212499,8.46779995456294,-5.049191446226013,0.592791654650282,-0.6125766406034021,8.280629215823359,18.208623729473945
36.2312499,8.377409881409475,-4.927483721062644,0.6027813923313337,-3.8891143195812887,8.512330305714638,17.975570999139954
36.2412499,8.260099888300354,-4.772343373177136,0.5219939934462744,-9.082450820042398,8.683707029767433,16.746749468567593
36.2512499,8.228321447506874,-4.672625537602525,0.3302861096553259,-15.267531577572939,8.953758146221787,15.1502403565772
36.2612499,8.319584867864595,-4.780152846420858,0.21429989227548576,-20.084569620944027,9.875500878098327,13.114866348080103
36.2712499,8.212576222268826,-4.977723871742274,0.27202569806872295,-24.026900635994274,9.423325098797987,11.47824112422706
36.2812499,8.194799691512594,-5.229185230596702,0.3785205730251906,-26.79924311362906,8.897336620172156,10.795598809665268
36.2912499,8.37038524976238,-5.430045739695535,0.42614254296897014,-28.492461637626395,9.69720850202984,10.434903073577287
36.3012499,8.353626127643253,-5.463220598171947,0.35080363207216664,-29.929228734084692,10.288600089294095,10.20979393094695
36.3112499,8.34560530144957,-5.499881932852575,0.24271219191085033,-30.384988720528327,11.545343926875654,9.642779920408588
36.3212499,8.4059001465428,-5.53922792035737,0.15358492213636774,-30.804212362111343,13.041875794228659,8.763184935754426
36.3312499,8.4539020962283,-5.449901019560022,-0.0024004201016853124,-32.31968415958661,14.840453628882727,7.916806327412521
36.3412499,8.54316958968666,-5.277507643426432,-0.1979775645613029,-35.26016163146925,18.0009398205425,7.019598967242031
36.3512499,8.509878111560361,-5.241910145498977,-0.3406189386173261,-39.188854428857574,21.644973844643236,5.886401056273337
36.3612499,8.322031406222266,-5.33099526978555,-0.3848105370976232,-43.05355997506481,25.625462033032424,4.915301014791459
36.3712499,8.09493082483989,-5.390385991288989,-0.40676296532949724,-46.44988304909483,30.18081007709591,4.369733293492811
36.3812499,7.832270907933283,-5.487468295139296,-0.44304371025383416,-48.55375168981293,34.43057154570994,4.346411455640366
36.3912499,7.558807250089743,-5.65001314011219,-0.4336752236143267,-48.75470765324567,37.89156292036389,5.357316225408516
36.4012499,7.2938094767000905,-5.768839693588585,-0.42262525141641044,-47.25497378508124,41.22261376825033,7.772869789614647
36.4112499,7.04077896078577,-5.8108420403184695,-0.41827659989934474,-45.48516610678264,43.61430486756567,10.888470929345374
36.4212499,6.748874476801963,-5.733698636175177,-0.4170124212267651,-44.803540981967906,45.29291704687524,14.396697973060096
36.4312499,6.455667224323892,-5.574495625500066,-0.47715857508826204,-45.793036951396374,46.9642260098758,18.112054752150677
36.4412499,6.192302340858859,-5.3950037842209975,-0.5020734563187139,-48.71452125087189,48.86173956789448,22.059752524671236
36.4512499,5.9141686416467705,-5.221842784138113,-0.40369465969043977,-53.88305514716515,51.1858862625637,26.136177923891285
36.4612499,5.5412514189969935,-5.114284215338675,-0.3696539242413023,-59.5958646197219,54.008158036158015,30.36936334604416
36.4712499,5.006353178067872,-5.0822332849238485,-0.45966435542210066,-64.33449534285671,56.433776081641,34.838184500566015
36.4812499,4.483178061259669,-5.02367879314418,-0.503514545574608,-68.23741858218567,58.12444167909066,40.27600570596631
36.4912499,4.105717941272237,-4.9207431004367495,-0.5254488020420046,-71.35019450933834,60.27810184578124,47.43994902391624
36.5012499,3.726972330397112,-4.743636624680285,-0.5543529162344376,-73.77461022269728,62.74312014658089,56.49305142400966
36.5112499,3.3380242782505256,-4.4794170565547295,-0.5286020374266119,-75.41187166425308,65.28516239978502,67.14588351347734
36.5212499,2.962260557218891,-4.192430931147846,-0.531376704831719,-75.59302515528171,68.09197423564007,79.36123459455692
36.5312499,2.609035794273551,-3.9351735678085933,-0.588198355278476,-73.92733709582832,70.64149937128825,93.04734543467256
36.5412499,2.3278603518352097,-3.7226151388799305,-0.6141424951875041,-70.4025234968355,73.80482361254371,108.12209637596882
36.5512499,2.0670950934087053,-3.4985202527751107,-0.6486489099233324,-65.41304964442907,77.88566211448594,124.40101488104027
36.5612499,1.8789609884428775,-3.219282913582178,-0.7291927662019708,-60.56653308643545,82.7982107585842,141.42168008559887
36.5712499,1.8250267518710945,-2.8834467568047195,-0.7910937431056481,-57.562821261069615,89.46252549056437,158.9579576097184
36.5812499,1.6811897496154453,-2.57819520813724,-0.7314737015350035,-57.2987528250335,97.7477139055198,176.3655012663394
36.5912499,1.4130296775505933,-2.632131727880353,-0.37653905797118453,-59.19570265759231,106.9799254258493,192.5578570195952
36.6012499,1.0573080267109767,-3.0280869368049803,0.0864541936107895,-62.99035304016713,117.63594123725458,207.74839937370007
36.6112499,0.46748043554581736,-3.4771808238629145,0.2859619544191731,-67.2680469017198,128.45978760073703,222.61400255858052
36.6212499,-0.03520999785443369,-3.984331698117916,0.46576818501071826,-68.77013103182252,135.90707114273874,233.98768778787343
36.6312499,-0.29108265401817274,-4.561569846667704,0.8694865261374163,-67.31350409103987,141.5270491280397,242.84022343626265
36.6412499,-0.5673084008569192,-5.125986772556953,1.2960564738065443,-64.47610226672653,146.10900381977123,251.2831450977354
36.6512499,-0.945579811073647,-6.0568975272873775,2.00533496789058,-60.41556511598639,149.45725694584343,259.07621329693916
36.6612499,-1.4033178834818396,-7.01001350143761,2.7018271541917773,-55.60553647569612,152.47020949834624,266.62162561332013
36.6712499,-1.8217354585378986,-7.363660310020293,2.968294233446387,-51.297736205495355,154.75476923219864,273.35621908014576
36.6812499,-2.0029103680447813,-7.944548306433928,3.4518679833576584,-45.910468250889075,156.10292910223615,278.7766529898556
36.6912499,-2.0060491055082585,-8.694589653944446,4.06800255824449,-38.88145052928787,157.1058434515199,283.05861080197366
36.7012499,-2.0788307426998243,-8.858858258020854,4.351351381821538,-31.749141374744912,157.14279180363548,285.7567449492731
36.7112499,-2.1272360016430474,-9.339366112491478,4.92092351408427,-24.352864454577123,156.20963650454655,287.5756006683169
36.7212499,-2.071595649064075,-10.35471106244683,5.74066434532932,-16.46184435709252,156.06853466252778,289.9000434145302
36.7312499,-2.131243884642896,-11.270628829822048,6.379528425501564,-8.348986087066935,155.89769821268823,292.6723648691274
36.7412499,-2.1544336551385204,-12.038233091116842,6.7292008975849935,0.3610673221434953,154.50256172851246,295.3788593959089
36.7512499,-1.9741407015108399,-12.50853900843903,6.828461154258195,9.163574639688605,151.1784919404211,297.3088468284382
36.7612499,-1.6838534485823327,-13.237254220017315,7.363884813390056,18.110924476045938,146.24348964733818,298.52801105693203
36.7712499,-1.5090717367710997,-14.186369705722496,8.099087677208008,27.553734495667356,140.79487497612934,299.1385233517671
36.7812499,-1.4075615758203082,-14.76860466481331,8.613143436540412,36.5373766373525,134.06788582319544,298.49988498384863
36.7912499,-1.0726403694744446,-15.756383785393819,9.44459013703635,45.41287376117326,124.84818702067706,296.7120893832264
36.8012499,-0.6194246759468426,-17.326841571009467,10.451454053375045,54.732318718706885,112.904842077981,294.0162977605595
36.8112499,-0.10302334388261374,-18.826924465635688,11.136874937111362,68.00102695470883,93.8809864728584,286.16217818679866
36.8212499,0.8825484000508133,-19.776990306952367,11.726629009269542,87.92763042267961,66.76232998319247,270.02263836165497
36.8312499,2.34245026247572,-20.132304627616993,12.885686480523304,108.11995490766873,39.173242953062456,249.8915158922061
36.8412499,3.992590009005864,-21.24988722538168,15.091460502071174,128.8048826772776,10.432024441617843,227.519520087308
36.8512499,5.619272393314028,-22.762088441815997,17.740779692046413,148.778394515707,-19.982378412978274,203.35779998280387
36.8612499,7.050490025324904,-23.901576930138418,20.610848031053283,164.15330139001847,-54.044434862063696,174.99400586977538
36.8712499,8.264046568022835,-24.63657015052887,23.383003458345144,174.56808593557818,-96.21049996657693,138.09376989135245
36.8812499,9.175792653060878,-23.57153914073561,25.18595087085435,169.42157579397946,-146.0970670767257,90.00882663715701
36.8912499,9.413984138240487,-21.31146585929616,26.978677947998857,141.21145429054624,-201.74717126180232,31.351948489691008
36.9012499,9.061676467412834,-20.56775543771616,30.292216048868585,101.11692561636815,-261.208249117516,-34.77612268788123
36.9112499,8.44182874106291,-22.81939836511726,35.45253372217361,67.11855723306063,-319.70751627870044,-105.12413002607656
36.9212499,6.153286985253329,-28.8954570196021,41.69497069738135,50.21976282476805,-377.2173366387414,-175.95439460832654
36.9312499,0.3793749943747511,-36.669109540400335,46.435478198750815,61.08657803931838,-440.99205634186563,-250.3671540808851
36.9412499,-7.565714045029344,-42.29693999589321,46.77198892500489,105.02531200517677,-492.6020146094068,-332.7412489365274
36.9512499,-14.15818157806463,-45.398312206778286,41.806802264579375,160.29006657099953,-502.1013851512734,-408.04394316742224
36.9612499,-19.293224977841405,-45.35170407383701,35.68143899958735,192.95022272443748,-499.14550751185027,-461.9781168291011
36.9712499,-24.748759278925267,-42.45618591971263,31.960744777019308,190.67816200981056,-500.2008751235488,-492.7736245728214
36.9812499,-31.654612343271666,-40.15201269491863,27.864067837823164,169.25769804169695,-499.9245793582683,-502.0680028412273
36.9912499,-40.6589212963202,-37.433648697084074,20.96830249130969,129.39152712592775,-500.18933631964,-496.59701236933483
37.0012499,-47.851989403762445,-31.940788683980305,10.75066676533885,66.03522836699152,-499.94034093131324,-464.13236577792577
37.0112499,-46.410481042164925,-21.723800246153495,0.11365330651409478,-17.941310159204598,-498.89704009139433,-425.0873040955186
37.0212499,-39.80617123867168,-7.738879198564625,-5.723153862056224,-121.87266109153137,-504.30500351965554,-399.670366926028
37.0312499,-36.403706672708005,-1.9481973079458539,-12.117133085196334,-189.90050242907157,-473.72268610556443,-349.4650592945539
37.0412499,-30.92824852082192,-3.559093901492209,-20.922962589371423,-198.89146727676305,-380.2860306003153,-253.43859752526453
37.0512499,-19.64017214303682,1.4309204695981552,-22.905597985519073,-195.89745696376107,-283.724587181269,-156.4325987719741
37.0612499,-11.175578686973207,10.539139832911504,-17.996976881752488,-201.90413471729647,-191.88151605379156,-104.62634273036667
37.0712499,-10.10314034828483,12.34432133245249,-11.811221549855983,-197.80127061197516,-107.74809595938163,-83.81905973460616
37.0812499,-12.375167641401534,6.974025682990956,-7.014685213812063,-171.36227303345555,-50.14565752654484,-57.466266000562165
37.0912499,-13.617707518318225,1.519585763272796,-3.4204761084331228,-146.3888314862121,-12.968169756209981,-18.955279451142086
37.1012499,-13.788437398413734,-1.717426438398989,0.14146662750691802,-131.8729670519501,10.047368284602962,14.473495191286545
37.1112499,-12.994800131813765,-5.0591924489289966,2.6746530327613125,-101.05768158746153,23.00253831715495,31.202952261052804
37.1212499,-10.467379437808567,-7.388192511252408,4.5608534732056665,-56.95268705128449,28.521978496209737,35.194313253942035
37.1312499,-6.88173025693089,-7.204032981734805,5.897678960687486,-20.885658675877977,28.863620396171296,32.71090347435694
37.1412499,-3.2247526222125287,-5.587158591844212,6.212898860932666,0.7762294023577742,28.419988934475455,25.822526751442407
37.1512499,0.5018338583695054,-3.718155368799438,5.977638459137047,7.591658613805105,29.87432196754364,15.05059749586472
37.1612499,4.310143243231423,-2.3092631191476714,5.402283573333199,3.06556583582274,34.783174917514124,1.0409097572395347
37.1712499,7.422185212520767,-1.7901803014813473,4.751867722818054,-6.530335075468057,42.25345321093576,-13.4328930839475
37.1812499,9.20317654036007,-2.2651271274933884,4.314409152721308,-14.368700935074424,49.03272335464524,-25.617659263171493
37.1912499,9.83065728030377,-3.177131671649749,3.785110446992118,-17.801691370641297,52.78779870727731,-34.044991317750046
37.2012499,9.895855191956633,-4.254401408983981,3.2975705591070605,-15.203187364371558,52.53824586655525,-37.40114482542494
37.2112499,9.754155873407186,-5.448844157997499,3.159980635219127,-6.140232633679152,48.58677781379682,-36.558931110462304
37.2212499,9.46517870900104,-6.194176246702688,2.9914037767813633,5.677979959805192,42.263429835310276,-33.39147553385535
37.2312499,9.363852501037059,-6.218344054230868,2.465643986703576,18.763282498743546,35.94112895948994,-28.253233968500552
37.2412499,9.834945779522846,-5.87760114216103,2.28870517514824,28.766562574191855,32.055848267339414,-23.38938604635301
37.2512499,10.389374845742696,-5.811686464460226,2.648581321113544,34.572112824236655,29.624712398593324,-20.320131655635382
37.2612499,10.42353931604709,-6.064591034772494,3.027295630833291,38.850239421026735,26.182827506391426,-18.329000157332608
37.2712499,10.34112272605513,-6.128824253501239,3.330068560007153,38.97747945065385,21.912850353568366,-17.163437010409023
37.2812499,10.354099562503762,-5.761718303252737,3.210349120220207,34.015748612443915,17.359728562766616,-17.292920742756888
37.2912499,10.380105135521358,-5.243272730283981,2.5735012806329625,25.4722284292464,11.775739172882412,-19.114098497318185
37.3012499,10.464186972403727,-4.892750993108282,1.9883782932082434,14.140371279903677,5.506779125920511,-22.60933591645514
37.3112499,10.473207054569547,-4.456352650380296,1.467082334554688,0.39169847491913956,-0.27634542192618805,-27.20942957969183
37.3212499,10.55268705383189,-3.890794210616138,1.0856775790700264,-15.01577735087068,-5.050107070002388,-32.6079549662796
37.3312499,10.8659414037044,-3.568681588571091,1.278518572549178,-30.999461031302683,-9.19393364101429,-37.91721354194885
37.3412499,11.046853533847207,-3.5283121690562864,1.4849318109788243,-46.295339756464706,-13.086890911318424,-42.088160593340206
37.3512499,10.93695915306678,-3.4577129283929176,1.3220581507415612,-59.814274383256944,-16.329652455245064,-44.99861464199358
37.3612499,10.701830223097897,-3.4428928394363933,1.091083812097616,-70.13673965282987,-19.041683383332963,-46.0658141106603
37.3712499,10.337088069347434,-3.487947170453157,0.8379699383460909,-76.80786770335763,-21.70858137456519,-44.999313023882245
37.3812499,9.911005650938383,-3.2332368466126735,0.6549610862138241,-81.83013113349259,-24.226901097810977,-43.01898970005795
37.3912499,9.65703321946924,-2.941735710764159,0.7118018796067008,-84.4021984371785,-26.126921059994743,-40.95285045550445
37.4012499,9.666419708390945,-2.939174147105543,0.9061749201101857,-82.31287731404103,-26.66674115753779,-38.45493974484432
37.4112499,9.73716896292295,-3.2463749737822685,1.1168832539003608,-75.19781120535302,-26.90674766184719,-34.854440132834156
37.4212499,9.701861268630084,-3.607636061659891,1.1742975975248107,-64.9339768752661,-28.006059437579438,-29.856485416646706
37.4312499,9.637893482418995,-3.572073812071883,0.9842720193435145,-54.00229575272949,-29.28563598029119,-24.008350999049313
37.4412499,9.626750888118831,-3.17304095215205,0.7713219653857091,-43.195537947239345,-29.934652661971935,-17.9057954468461
37.4512499,9.512461103556978,-2.8842844564369816,0.6709133482020165,-35.10092606923224,-29.957351330162346,-13.441696573770944
37.4612499,9.348132933745768,-2.6411286123004056,0.6476407331783383,-30.007561381705766,-29.698091718013934,-10.392374565136706
37.4712499,9.3697777682181,-2.3173193236872187,0.6271778901280719,-27.006785286304517,-28.03399181412454,-8.027538536264595
37.4812499,9.231877289673085,-2.045170308389183,0.6205506493776806,-26.296540463654768,-25.676952072330106,-6.178150104908754
37.4912499,8.726943503511864,-1.976573576873505,0.5608063170831932,-26.185106168353798,-24.525170482523386,-4.383540116626629
37.5012499,8.305828634115503,-2.0630017628703565,0.48499029118686976,-25.504377933345392,-23.8196292506085,-1.9623769163273797
37.5112499,8.013006581498304,-2.1709179635637135,0.33166211707164317,-24.24867546097293,-23.10221392178698,1.3738847001500425
37.5212499,7.778981668111192,-2.269084318710348,0.053873642424238914,-23.172618586434837,-23.267234246707222,5.247172575522455
37.5312499,7.818876389466627,-2.2469751278505665,-0.0582686313102226,-23.58766515564764,-23.360992513539415,9.015995618989082
37.5412499,7.928411211324005,-2.072030145838407,-0.035079684899383956,-25.452722945676012,-22.890669193696592,12.080668230817816
37.5512499,7.915731667679332,-2.0269631558285215,0.019749123725541048,-28.09124449767102,-22.50281260687524,14.256281022426554
37.5612499,7.905862195613734,-2.088812702592747,0.13354189522322474,-32.48059243991373,-23.232611886971693,15.761355269734631
37.5712499,8.021860193206868,-1.8424670366230036,-0.012349002394323357,-39.833432779221205,-24.054431077242498,16.621447672188893
37.5812499,8.54831498584981,-1.6689513894474544,-0.20671766974138722,-46.47274734827601,-21.656709361805145,16.95816041808116
37.5912499,9.256201240087139,-1.935152934012744,-0.1076300936986771,-50.61259096384744,-17.13799757341821,17.768247991285097
37.6012499,9.590480796382021,-2.4422481891011394,0.1298260466888508,-53.66026562822336,-13.114725320452962,19.597702290638622
37.6112499,9.376826946568015,-2.8051790592049306,0.41596561542935934,-55.248389220718046,-11.197410188920802,21.313360304319566
37.6212499,9.517208315391892,-3.31032251308024,0.5446979778874691,-50.922482440777294,-8.771495181009955,22.09470431564329
37.6312499,9.717456551735163,-3.7146173183741062,0.5147382275750642,-43.84910437888314,-6.797705940345766,21.779020954292104
37.6412499,9.49266046544207,-4.103897341488873,0.4967348114357836,-33.113034413301456,-6.298390039229436,20.673431634550525
37.6512499,9.235955910071992,-4.591909055076413,0.5518006358162921,-18.281972972373307,-5.265931599477649,19.43617125269504
37.6612499,9.087435868996295,-4.795604973656973,0.6101457076917517,-4.365442308571125,-3.8774868038686594,18.38512097043435
37.6712499,8.930279355151638,-4.671255644321293,0.570428845695604,7.382212546858882,-2.8142716401734975,17.247451303761906
37.6812499,8.81476950490761,-4.475737264053212,0.41583448975826376,17.294809059031124,-1.363874055603809,16.221127060598533
37.6912499,8.68084830362678,-4.231203049025428,0.2524366242512339,23.040143450810756,-0.23153505778360906,15.816548804107418
37.7012499,8.537358119645717,-4.0059223034485685,0.07942322090193328,24.328775875806222,0.7819110838311684,16.111946051924214
37.7112499,8.432823754658545,-3.763044878083408,-0.09678233512067537,22.114192031914172,1.7630826667080188,16.215203888867343
37.7212499,8.382111252092669,-3.475685672595971,-0.1535392927313463,16.123864371379444,2.757025786858069,15.274025926198592
37.7312499,8.456409039189882,-3.3093469375031153,-0.2239903715211897,8.119467482824842,4.457912015740792,13.373917462032034
37.7412499,8.595513995447101,-3.2997236770127794,-0.3027216193184067,0.001992695689143252,6.454925722657523,10.890359074065893
37.7512499,8.708309772469647,-3.466388840629587,-0.19217131834434215,-6.5482553018002445,8.17409881638718,8.8436542278422
37.7612499,8.736149642693542,-3.778107998164251,0.004934465831478158,-9.987465864821122,9.922412949157692,7.906760258599979
37.7712499,8.637686528631807,-4.056503443076763,0.07172918638475756,-10.40636872107594,11.298169602032342,8.19115198956273
37.7812499,8.52675380168793,-4.209640915660289,0.022958045755835606,-8.463410172047377,11.800860231555076,9.86381966686753
37.7912499,8.43186833460921,-4.332613438608075,0.008276011313509402,-4.664921423559787,11.445636871477713,12.428831234955824
37.8012499,8.295044425534943,-4.459903210456638,-0.006347193568626712,0.3552700856930836,10.405900158209649,15.252563006477784
37.8112499,8.29849634660387,-4.462897808295412,-0.06064113385581709,5.252513515770933,9.542928191707789,17.836639237073026
37.8212499,8.492023069994556,-4.361628224484642,-0.06929977735001623,9.325529217585801,9.192004715493846,20.110737203979756
37.8312499,8.687194364880371,-4.331860384707484,-0.031330823959759835,11.97324350063917,9.287652987849716,22.255942409817006
37.8412499,8.751868301071635,-4.361135943569447,-0.10173043180934516,12.894350442858006,9.891821260270621,24.55163277915796
37.8512499,8.716133376575064,-4.361694779959942,-0.33552108053230806,11.224458027015062,10.658399630572912,27.40243753014297
37.8612499,8.651856697870777,-4.358374575762767,-0.5030545392338787,6.608796661797577,11.735423508087603,29.91269220300558
37.8712499,8.478908038763262,-4.465316285818226,-0.5833335553181647,0.9830481942420846,12.664707777615158,31.38363923263742
37.8812499,8.266728519779672,-4.742882102623543,-0.6694459432058835,-4.3001932288276725,13.71094877519159,32.15183179760674
37.8912499,8.074506987663582,-5.061268508187719,-0.6624515103142645,-9.098181220584042,14.978301324060958,32.57431649726622
37.9012499,7.86393857405508,-5.402596883770466,-0.6700023875329925,-13.163832436607164,15.759199664879324,32.888196664104825
37.9112499,7.680985823996806,-5.809539881394863,-0.8359764909924856,-16.18511208322577,16.531798775139592,33.093162615302575
37.9212499,7.5363568243511,-6.049841106796015,-1.0124496266719136,-19.75611120706606,18.129651154633095,33.06000906669593
37.9312499,7.336104509170489,-6.020695867794531,-1.1417682813136727,-25.236493776352592,20.460409342544022,32.710786482970285
37.9412499,7.103718148611126,-5.935229773971988,-1.3440032696356767,-32.176622307005104,23.26098173890734,32.34998215018381
37.9512499,6.902346950434412,-5.901325243096884,-1.5181925733372075,-40.65665806584656,26.918546113641852,32.070588254352444
37.9612499,6.678702387267341,-5.948695936666225,-1.5821125524110757,-50.21524717382038,31.64607045938578,32.18281750246229
37.9712499,6.342126316289772,-6.017312938985951,-1.6893921704187909,-59.32060963186257,37.23980250274243,33.04831019377777
37.9812499,5.983692678320216,-6.065337449231117,-1.8348326408207174,-66.67106776778479,43.1323290246508,34.646666938939035
37.9912499,5.699357705000366,-6.136048702925458,-1.8681907671705589,-71.54100375004936,49.64863137548164,37.03608567593555
38.0012499,5.373890099083087,-6.074939234344945,-1.8408419622044538,-74.63691145761446,56.48420360207427,40.50886803990453
38.0112499,5.056744083375259,-5.859631780875153,-1.8762873191929474,-76.4905111470889,63.409113805847376,44.9990104155478
38.0212499,4.887294516702299,-5.5845171034004855,-1.92739710494491,-77.52427851058646,70.81758601338878,50.23170502559447
38.0312499,4.727360357284992,-5.178466321314869,-2.004277426616705,-78.94099451839487,78.89886020956772,56.32150589684995
38.0412499,4.627069981808517,-4.583125336639053,-2.274695072892461,-81.74348064011745,87.5165909478268,63.217236847450486
38.0512499,4.780894571989837,-3.822759638626314,-2.4941107252756227,-86.69597713231363,97.2450730895689,70.50383937461238
38.0612499,5.000722732767601,-3.0277859545669483,-2.3034635635494998,-94.34607303322869,110.09297819323713,79.09175760563227
38.0712499,4.960613437880207,-2.657608635134941,-1.8523501863686689,-100.75055956880678,123.4936546243989,88.44737871144751
38.0812499,4.6071424810955985,-3.062303983329162,-1.1213365494082448,-102.39692925838419,135.99956050666276,98.60782825636079
38.0912499,4.018753428279807,-3.7619149580036084,-0.36381251474899196,-98.72825999750732,148.5553773288391,110.57015436754165
38.1012499,3.3720547462727475,-4.32598704600488,-0.007191273725732018,-88.78140467358119,159.31119557789515,123.1486975879942
38.1112499,2.6648585446468416,-4.835392709030302,0.2599078003402444,-73.7300933680453,166.9254264119228,135.56605476799282
38.1212499,1.879980186226934,-5.195537579897592,0.5882101127381636,-56.93200130124189,171.5613509910814,147.5193334522684
38.1312499,1.2139581866375284,-5.206891059556754,0.8321265940090926,-41.276437573542616,174.55320392704002,158.34029576934157
38.1412499,0.6999520024290391,-4.94592673254405,1.0314579754462367,-27.99833653426321,176.45448109645096,168.19712320616756
38.1512499,0.2684117540157663,-4.839777536837355,1.3377036739988706,-17.756136023918117,177.6302514015341,177.35836165751675
38.1612499,-0.0935033781940378,-4.820129426533582,1.6484400002641317,-11.07073437984218,179.42190906290898,185.91150931751955
38.1712499,-0.5141323434401054,-4.594936433811084,1.7961902549192983,-8.23294569601943,181.4050996558447,193.74886344710876
38.1812499,-0.9140124341401036,-4.338874358281476,1.8933933284233413,-8.186132853074284,182.9162337386464,200.68265135191203
38.1912499,-1.1764634683750206,-4.12645357124785,1.9808122437109101,-10.272247440994644,184.5338035456338,206.6758578550547
38.2012499,-1.276027822330432,-3.9437895960848746,2.0887085932591973,-14.460283438112318,186.15903123555756,212.11775179246723
38.2112499,-1.2037027405000962,-4.037937976033328,2.4348517712662225,-19.416481791308907,187.60606634337245,218.34827068986792
38.2212499,-1.198929110667506,-4.249921157933534,2.870512909906629,-25.157526464577508,189.39737554340317,226.12291281659037
38.2312499,-1.372070656879152,-4.232841971779819,3.2166981467079245,-33.715779941078935,191.6523430554418,235.46987590069205
38.2412499,-1.7674915145149463,-4.602803295466255,3.8987009618854964,-44.393323335082556,193.80577578185307,246.41540232324522
38.2512499,-2.3709766703695316,-5.380446824977444,4.640428264316301,-55.69685031766006,195.75474450533477,258.93410213065005
38.2612499,-2.9714871185967926,-6.10637176703521,5.154085509225495,-68.13465768258601,196.7026204272279,272.8556062544269
38.2712499,-3.5624225974072647,-7.321599486316498,5.8585732371632515,-78.11396750330081,195.29114927503872,287.5144515619319
38.2812499,-4.095070925592181,-8.856978011653514,6.722493049514281,-79.02544778032882,190.89381302278062,298.72883540986254
38.2912499,-4.538070274510049,-10.678976432922662,8.098601758337617,-71.03628251343707,183.534059315527,307.19072149452535
38.3012499,-4.985154636886358,-13.065649381920638,9.867891230490649,-55.06636502346854,174.79222745072457,314.25035496268686
38.3112499,-5.560299202938012,-15.372191031780984,11.467916815890396,-31.937976445452822,164.57501355431467,317.80938390484164
38.3212499,-5.884401385342606,-17.13420700557665,13.006977246975662,-7.193827390016943,152.34234259722317,316.7327175163296
38.3312499,-5.76366012079068,-18.199302330006695,13.721525693742688,15.235272677717031,137.7488767338847,310.79653998390586
38.3412499,-5.483847618405729,-18.619918924242924,14.044188328010573,34.40821296705489,117.80544507551166,300.87421069074287
38.3512499,-4.715264952405903,-19.83458273120192,16.371305384514866,50.1177697579148,93.10678317098333,289.22128238760695
38.3612499,-3.416055162258494,-22.1340244398453,19.709424852707638,66.7148226007926,66.1274217636523,276.27358609214457
38.3712499,-1.7261326096606857,-23.88527540134224,21.63583268453338,91.71684654952733,34.0975722036747,258.2417801634558
38.3812499,1.0021367202944538,-24.234833766286908,22.87078628516019,122.63524552118929,-5.897242310541594,233.2160853673978
38.3912499,4.057620560540647,-23.56823854823887,23.988903131142187,143.96770670292847,-52.315270906277526,205.14076337240797
38.4012499,5.772685505308168,-23.084026304350054,24.448787950884803,153.3331881863229,-105.97764997324171,177.57995150171308
38.4112499,6.978949744795239,-22.159057185068882,23.407760685452452,151.75720255966593,-164.55986128922842,149.2969212434257
38.4212499,7.939798132313358,-19.290374350821494,21.719694435413835,124.77806395435057,-225.67291835002646,117.4068075688452
38.4312499,8.767113796283807,-16.457274158251597,21.795037443384206,75.75934564522615,-285.06475123555265,80.09364854441304
38.4412499,10.165784449934772,-15.936951368317471,23.54657795205226,18.425825867519826,-337.75917523610343,36.13468627621513
38.4512499,11.800774976429077,-18.768682720725884,27.201380867625037,-33.46598307347723,-384.783447945351,-15.22790609353464
38.4612499,12.254761379497733,-25.587384882483576,32.48718234859478,-64.1409413110472,-427.7491634142196,-71.66836062606508
38.4712499,8.96818960712452,-35.55887143205925,36.55900474262596,-53.61971746143431,-470.53111319146166,-146.76852897168678
38.4812499,2.062790822966395,-44.7681056358907,38.734974662368906,-2.2971862837124197,-499.1734648210985,-249.35388682120495
38.4912499,-4.771405138195979,-51.18577275792852,39.345620888246,69.91770085698735,-500.8041246896011,-349.80334239001286
38.5012499,-12.567458594287414,-54.45200244338192,37.05144358007912,138.70963785056753,-499.4804281419732,-435.74496327043175
38.5112499,-21.142022635448498,-51.668778821906045,32.66325906922389,158.67170091382425,-500.05586452106616,-489.76651214477505
38.5212499,-27.375835809035436,-44.86779823078461,28.051348160657078,123.17490247436376,-500.3990275589183,-501.4150269707606
38.5312499,-32.358907325935185,-36.6313698053269,23.435722155191744,50.91614383554559,-499.3592572142081,-499.72649927600133
38.5412499,-36.92648188991365,-28.146480851860396,16.41553088113379,-38.17152847070111,-499.7893582396902,-500.1291697449948
38.5512499,-39.500294020105436,-21.833442313910705,7.65937622567511,-106.50093776658713,-503.6541366680672,-498.3744530627989
38.5612499,-42.799238780348816,-20.011788935118524,1.0893192462525247,-95.32112953034529,-453.31458116809466,-505.4032325253043
38.5712499,-47.42519137358401,-20.188818164885713,-6.586089484284163,9.562458512269508,-355.6997850565359,-470.8084380152801
38.5812499,-44.67523726968474,-14.210189968866995,-16.969151463418346,129.19848020264163,-284.3651214418241,-348.61220929995505
38.5912499,-34.012158234659005,1.8695928803136093,-20.678579115353998,189.69508990604194,-227.37034769866344,-239.80271096591525
38.6012499,-26.78416762100744,16.476469581209347,-16.7330547592923,165.3978764197686,-172.6542394394778,-176.79678482794927
38.6112499,-23.888810527628948,19.133759001713965,-15.059958130038703,73.4013716333021,-112.18471508955894,-108.98702913115785
38.6212499,-21.35895290686648,17.991632495436548,-15.498315068520226,-37.431504117103486,-61.418214250592506,-41.1530213292044
38.6312499,-18.991839245196886,17.273297755040677,-10.619667063256308,-138.46823717069068,-36.61570666198773,2.7729487800921553
38.6412499,-17.0874735111271,11.695474751915308,-3.1982405451605764,-208.07402414632088,-25.236291002381247,32.71174248493398
38.6512499,-14.860121175286956,4.1423138408511,2.4659495176306567,-229.67223004087168,-20.962461915295965,56.32836839764965
38.6612499,-10.990128603383068,-1.5617974215085562,6.074508256521176,-206.74167177354863,-19.42756699267431,69.82677272244231
38.6712499,-6.551691026772112,-6.439203231051594,7.214735970567464,-151.21955498587906,-16.9455917012738,77.02269344578374
38.6812499,-1.811338088410835,-10.216245555414309,5.512295902186407,-67.02618528191508,-13.855080009732037,82.52245480871025
38.6912499,3.0010379331029724,-11.049470542134834,1.9762277055917654,20.889107739865025,-10.720902165054676,83.90133285869622
38.7012499,6.317489715815832,-8.55490589746583,-0.30768536455931733,73.94442079660179,-10.520327075187367,80.23096955845494
38.7112499,8.80671035556445,-5.396971342269962,0.07539065744068858,92.04597341214496,-11.28515250540123,71.15828693131026
38.7212499,11.424419884058807,-3.767993677159095,1.7578401602813207,86.2731046745351,-6.478794213770933,57.0894442004158
38.7312499,13.464701080378523,-3.702053014635635,2.9320544692045147,67.47529127665614,3.8781183576549996,42.996899659307736
38.7412499,13.829536957602281,-4.657607304867775,3.27808521035201,44.43624951156903,13.327819307521894,32.916223596119465
38.7512499,12.91933416716947,-5.630535973798066,2.8542915887173046,21.858788206104148,18.834625959150195,26.710632359560876
38.7612499,11.778677700989698,-6.021965559407272,2.3902407713858573,2.597953468939056,20.414533211827454,21.83832314330831
38.7712499,10.902097375027333,-6.149538856741042,2.40037958625124,-12.738640912188085,18.416569812149184,16.34812075340515
38.7812499,10.320318819711177,-6.328443067848967,2.378341432704685,-24.2938874963711,14.742317995391288,10.818735970175572
38.7912499,10.061788040972408,-6.570564359424972,2.2278411663090307,-32.99002187898201,11.036601743698053,7.276879058038009
38.8012499,10.126082396477269,-7.017460014176254,2.296903142878734,-40.01607897078861,7.726135739935607,5.910374216232396
38.8112499,10.450474986645313,-7.563105013662502,2.297065202813948,-44.899219222177976,5.696993072790692,5.247983190657599
38.8212499,10.778888725066027,-7.689607659026731,2.090875111783495,-48.82297734242028,4.313136670953279,4.007507558339177
38.8312499,10.967599145691736,-7.502821504300624,1.942894163806967,-52.60663827617914,2.9565488262407578,1.5170613242963884
38.8412499,10.934372198796082,-7.370131506644563,1.9011656971896511,-56.316917613336386,1.602752735953012,-2.111443736254162
38.8512499,10.604269734521345,-7.170829211037353,1.731658988319658,-61.70619803926748,-0.024484662165966134,-6.264081916858231
38.8612499,10.191702413905837,-6.704592557881689,1.3990266722078126,-68.99321782266559,-1.6210902936955698,-11.539792522163832
38.8712499,10.039803875967278,-6.1729359413006915,1.157198657587129,-76.99784356181553,-3.1411839428332797,-18.253031334532974
38.8812499,10.144218072390446,-5.865268915993365,1.035356797193065,-84.04134193251434,-5.162180202996244,-25.61131711553638
38.8912499,10.139604919324684,-5.832206800459268,1.0233017404969313,-86.8244225884642,-9.042410451171218,-32.94934380074327
38.9012499,9.989090317146605,-6.013915352173091,1.1556677533195387,-84.48044487138719,-13.594173340548497,-38.0944604744302
38.9112499,9.722057231886925,-6.100935953501626,1.2221075375175925,-78.94835830756053,-17.05538122867231,-39.92027490497198
38.9212499,9.395768725228827,-5.785917900524768,1.2543970213473163,-73.23618096413611,-20.866551828904303,-40.16891018747729
38.9312499,9.592123737488057,-5.312185602542194,1.2861576527175305,-67.4190105253107,-23.167680861565184,-39.71009883072692
38.9412499,9.998232592760719,-4.898250661336684,1.3028547111369027,-59.88967901532266,-23.119596579922835,-39.14739413383657
38.9512499,10.002426535340526,-4.443936464052193,1.351047847127111,-52.559701868681636,-22.264642072159443,-38.449299521481876
38.9612499,9.721590093858687,-4.04574413049534,1.4201429964448813,-46.82258132004113,-21.35110287732657,-37.546984854907166
38.9712499,9.577009417544168,-3.7698982187770635,1.4678436801918135,-41.113854825300024,-19.324579029092508,-36.00338810266312
38.9812499,9.456455904157558,-3.478872243608096,1.3500459751345266,-34.68806721106081,-16.485919846935662,-33.771882105789544
38.9912499,9.18598396726978,-3.2638133090908665,1.1587447734423664,-27.461432401743785,-14.253275849444826,-30.79227885284573
39.0012499,8.87407372573512,-3.1719748523459805,1.1078168179463546,-19.51313254877662,-12.217979455162011,-26.71837145452636
39.0112499,8.527421536436522,-3.060938180580256,1.1315918205137065,-11.924333484946356,-10.16488970043532,-21.67137558082594
39.0212499,8.249085660854632,-2.950566302153283,1.076963448250083,-5.790779774020998,-8.691551155326415,-15.882340983985786
39.0312499,8.191058581276033,-3.0030406464811494,0.9407618871704981,-0.6267305628436408,-7.860126357391826,-9.916757470054698
39.0412499,8.161180670474343,-3.0210019114530566,0.8459110391755034,3.936207489380995,-7.767581153519187,-4.408637490710676
39.0512499,8.149033954612635,-2.870196259778935,0.8091144496105976,7.889415872303109,-6.758664894766917,0.46358497061188686
39.0612499,8.039328072900274,-2.637749577318586,0.749199732424986,9.397091754133442,-6.149338713769875,5.242315133521849
39.0712499,8.127570484843531,-2.5975220520797704,0.7977897802376277,7.734773504773109,-6.28082422866768,9.91866645865594
39.0812499,8.381054291606894,-2.7417806038410792,0.9923441586536919,3.2840360907843062,-5.959871162380992,13.79137236140752
39.0912499,8.467552572552002,-2.874395089833244,1.0632303832665209,-2.459562794974654,-4.34676308626859,16.201618087497938
39.1012499,8.166948049171554,-2.980693453844535,0.9444095890037251,-9.571315815944084,-3.7122488074913402,17.104582501199864
39.1112499,7.974188037258705,-3.0739612221691184,0.8465459969228497,-16.371226296582925,-4.0800261184439455,17.218034092238735
39.1212499,8.206800352956826,-3.2969982882142608,1.0226623052182509,-21.321690390449525,-4.180938069780763,16.45222060866069
39.1312499,8.523902684507759,-3.788533622975885,1.408882402275735,-24.11870378169255,-3.572637330704888,14.78203341661931
39.1412499,8.519124484024303,-4.26852666453571,1.6574681050274611,-24.10769700618724,-2.4915289316803593,12.677893853165068
39.1512499,8.271338686882824,-4.492586317342758,1.6360687774258273,-21.803220041766313,-1.6513619844049832,10.400529928273098
39.1612499,8.063643818009348,-4.535612773482278,1.5017764468986157,-18.34680363228746,-1.0349013723746237,8.360170312190068
39.1712499,7.933778028123413,-4.545901459800664,1.4301848732891105,-14.755551090695711,-1.197579710253895,6.510414021311019
39.1812499,8.066346264863682,-4.6731983613482155,1.4106800386249532,-11.234939748272131,-1.6530030816033543,4.557311720759779
39.1912499,8.296739387010724,-4.88639993262022,1.3205190157281628,-6.841181434338293,-1.8894160040089125,2.6929872668987667
39.2012499,8.299462193283466,-4.921878874299227,1.0888908022596564,-2.353456135169268,-2.0982560289656904,1.264262996173114
39.2112499,8.25378867944545,-4.739529216251036,0.8633056495921513,0.2803736494969177,-1.8813642129764971,0.22168463948597375
39.2212499,8.369099143316127,-4.493952224397285,0.8287156584600849,0.6464849185336847,-0.9060819441195755,-0.7340806963244029
39.2312499,8.553163391995849,-4.340000881396857,0.8996222845557479,-0.4242503211057339,0.7788829871044988,-1.7822568255357907
39.2412499,8.653580877407947,-4.3790996089934735,0.9009659705290187,-1.481791874883724,3.061338838589653,-2.426653818872529
39.2512499,8.664516340605779,-4.553182739156227,0.8507116955849011,-1.9119701757127499,5.054470444009249,-2.192688872220578
39.2612499,8.724125353274884,-4.7944430622395675,0.8054670952316718,-0.4820388880042693,6.225055874271386,-1.1785499419290966
39.2712499,8.743834984450503,-4.873549846788562,0.7553277158024605,2.0369171951293383,6.828139483038812,-0.0663530255934966
39.2812499,8.773945099128884,-4.807399604359,0.6686543159750206,4.577567902703488,7.301984330079111,0.916894041219182
39.2912499,8.980617548347398,-4.885918807894836,0.6178200335882083,7.7353676290653945,7.975334661889194,1.9532925365185159
39.3012499,9.056021470485247,-4.836423150641678,0.6134367478271971,9.472213784339225,8.03356061177461,3.012288093052405
39.3112499,9.014135861666123,-4.758223185620979,0.614681271713821,10.103654475612277,7.909604868504639,4.186639921337036
39.3212499,9.013856627269805,-4.7733051130996955,0.5828074285054538,10.636301744072787,7.92573746438431,4.894441138183927
39.3312499,8.884645347652901,-4.6879989268982785,0.5189430888013964,9.597894323555638,6.936945684949823,5.007644972348493
39.3412499,8.677453856439229,-4.640073847335779,0.40416375185522607,7.868380135407532,5.069719751751551,4.862185149999033
39.3512499,8.535756376894867,-4.606013792732354,0.2905866962734422,5.492738623973286,3.327917870729369,4.769589294176479
39.3612499,8.404532140721269,-4.465874746977102,0.22940293831360736,0.9900570521125793,1.7067287911019495,4.859600702043537
39.3712499,8.396374072159729,-4.5039816032041875,0.28934560117453184,-3.759927578418691,1.0385987896604638,5.092208407586446
39.3812499,8.55239158361399,-4.811202273670481,0.5036108999397307,-6.488058348371464,2.0524404620571106,6.433435455643138
39.3912499,8.69510196283824,-5.205488915857709,0.7423973712008499,-6.968816385653341,3.5728017643430254,8.363965385568687
39.4012499,8.79310788196134,-5.529645352616204,0.9558137608181835,-5.2671290657205345,4.6335052816751885,8.980974798113706
39.4112499,8.771064486922615,-5.67553025903631,1.1268644267076888,-1.748757657459592,5.1398307784500945,8.66361633657065
39.4212499,8.6868496639533,-5.7616201426165325,1.133125851211846,3.508484745309844,5.898412358748386,8.214435930065546
39.4312499,8.389569101750588,-5.682690780771291,0.9842179446087734,7.2283890729115186,5.31090277366094,7.506371936834524
39.4412499,8.15260430006921,-5.438068868589,0.7774006489192824,8.557122594596208,4.364132791091299,6.4347547525119095
39.4512499,8.332584315734131,-5.345790985846494,0.7200830007723658,9.269114960756655,4.808033737600978,5.334416010966831
39.4612499,8.311750629109486,-5.142087556586648,0.7987892433899616,7.139507823616098,4.553621718786395,4.484509243348882
39.4712499,8.333037522770988,-5.070771294500368,0.8607752606320641,4.290969204919037,5.019020682962264,3.9808558196386064
39.4812499,8.41437612484591,-5.038210667155216,0.8779400183952285,0.6628708191815912,5.940437860045304,3.7776412452256727
39.4912499,8.412315097465669,-5.028839800246932,0.8820471027039489,-3.32972191258076,6.641265274578573,3.9217376744873964
39.5012499,8.304144504891152,-5.077772836165397,0.8117480607951979,-6.971417763571929,7.01834857211409,4.131445282477475
39.5112499,8.158783911536114,-5.109273659155436,0.6401204026342566,-10.174431403124307,7.001694352045931,4.615189510245724
39.5212499,8.096870375834456,-5.159740938054208,0.5103897910163087,-13.740980055010091,6.582570184612308,5.314161283447019
39.5312499,8.09475091594707,-5.315690926915649,0.4760027936505404,-16.73764287434424,6.2990183017394425,6.044260565134817
39.5412499,8.06899271945957,-5.510479326625971,0.431966681979656,-19.06315501822494,6.464080281500251,7.014894463837785
39.5512499,7.890082554808364,-5.601511411281883,0.38379309937732936,-22.35638411016485,6.365561448944002,7.828497105149974
39.5612499,7.761962972166321,-5.782827343999701,0.3228768075939321,-24.776516607992424,7.062366969616674,8.456434649547724
39.5712499,7.676134333932217,-6.067399010267454,0.12385749571653043,-26.13891931197947,8.489024728155321,9.317026919515861
39.5812499,7.400396574272536,-6.173170704550878,-0.19551831915504994,-28.968415232098145,9.508763190692894,10.24689861443304
39.5912499,7.188093613344091,-6.167315435531339,-0.4330493252184633,-33.623465276472864,11.320536293155895,11.18187175359908
39.6012499,7.01955165873608,-6.095623372710856,-0.6185796222056763,-39.87767231832022,14.370613911718072,11.963179377239088
39.6112499,6.773595431554617,-6.022322290376972,-0.8010307686796596,-47.59078168400026,17.7406198189019,12.591357169449596
39.6212499,6.533850538762566,-6.071749431830926,-0.9463915793200391,-55.41911891492115,21.375246545369404,13.382974607340339
39.6312499,6.3127749125264065,-6.254464944281077,-1.086059033462956,-62.219292339694135,25.893897027360836,14.46150174669788
39.6412499,6.019058382337871,-6.40507895834904,-1.2813447082025053,-67.62917052015136,31.21085465790659,16.57969097320861
39.6512499,5.7415895004653565,-6.366264757886398,-1.4832599975712355,-72.57841104080796,37.28682346561646,19.75090608427918
39.6612499,5.48841128117075,-6.180392094777964,-1.5993072946865723,-77.4902632862658,43.87384996711225,23.0838123040524
39.6712499,5.263256590351187,-5.963777299154901,-1.6710301192449908,-82.02469037185841,51.28695933751715,26.92188724673011
39.6812499,5.016013472177793,-5.7147033520798445,-1.7425930640271938,-86.44026581552546,59.50239895766945,31.48797992039362
39.6912499,4.759571229286484,-5.390919436077124,-1.8005404156129583,-90.83424158530036,68.37529904018618,36.620760247360934
39.7012499,4.497968629059878,-5.242752925255822,-1.7156782131558934,-94.18436046106572,78.01996818123642,42.580062050687054
39.7112499,4.141042620765583,-5.372513657798359,-1.4146496009058447,-95.82166788998914,87.72506548993141,49.507654728386434
39.7212499,3.755061815496666,-5.485614675813473,-1.2251288548258663,-95.50993137816153,97.3774796229893,57.64275868847716
39.7312499,3.3196979435549117,-5.462077412002189,-1.1228299580260215,-92.9829676189214,108.22501892424174,68.2768610648694
39.7412499,2.9306598791759204,-5.313231314863756,-0.9645615274474654,-89.69812029202416,118.20535993340822,79.1301162004094
39.7512499,2.6439335853005757,-5.098753506636115,-0.8753690828790409,-86.56143360319508,126.38069726165286,88.93456475818155
39.7612499,2.4118256176621946,-4.934609210657367,-0.7541921997035967,-83.44821281304887,134.6213075155644,99.00215288046851
39.7712499,2.2279832958047283,-4.789994962545262,-0.5626978617276134,-80.10965987369595,143.27545537629175,109.10137294851988
39.7812499,2.079687417128948,-4.560868132267509,-0.3935693051052697,-76.51653186230757,151.96683411663503,119.29987966545266
39.7912499,1.9814331895121389,-4.426356705573595,-0.09712725070964004,-72.1780355743322,160.77255832751763,130.0235953511472
39.8012499,1.9031736653553473,-4.478401934873002,0.3444957246463128,-66.19095325741947,169.6904930684274,141.26236689284823
39.8112499,1.8137935426613896,-4.470273025207306,0.6527455993495644,-58.82949107601643,178.32000392472244,153.080056250751
39.8212499,1.6699013201605408,-4.368011248387906,0.863539095475834,-50.92018064034308,186.75949931325144,165.5514075039772
39.8312499,1.5575232662793712,-4.144703037563688,1.0257620550688766,-43.20359709659001,195.0181612726651,178.60921378034442
39.8412499,1.5693552324531312,-3.741858408035904,1.2257145047514275,-36.39153419768246,203.32171079741363,191.24366171284788
39.8512499,1.490318010599678,-3.258592387525211,1.5257956936220733,-31.638737564146577,211.3284281277724,203.06426015149285
39.8612499,1.2024718219324062,-2.7135791618970555,1.7128445301602455,-29.572342322944063,218.21313678737903,214.3560324768856
39.8712499,0.7420542833047633,-2.362902403172348,1.9714498811346028,-29.90409698947562,223.871776475618,225.26554774907694
39.8812499,0.17173298386058183,-2.3913150031944936,2.5619498142530777,-32.133637444316236,228.17126174406073,236.22136892479054
39.8912499,-0.4305280331411126,-2.945809685831711,3.4568034497230884,-34.12581918589267,230.76794892436686,248.01813364292912
39.9012499,-1.1542165523477117,-4.210526449766648,4.742315922833608,-31.860177612128307,231.27018875717928,260.8719194114551
39.9112499,-1.7654236509171726,-5.437285992846912,5.839042781860538,-24.19027618084228,230.5826534302995,273.84225061356886
39.9212499,-2.1290423449187648,-6.036023224911341,6.081247007540432,-11.823444489402702,228.73045667426922,284.8683987393815
39.9312499,-2.500041662855376,-6.2321304759156115,6.188070282025103,1.1823925535325719,223.87803339825447,294.26689067352316
39.9412499,-2.804745360209984,-6.071167670992965,6.70566797289463,6.548519761903329,216.87510814079403,303.65238350426665
39.9512499,-2.978315841172347,-5.381887220312977,7.256838912189213,-1.5497843979497943,210.46701731945785,311.21547553160025
39.9612499,-3.319282682963865,-5.032943752556006,8.396562913750161,-20.898827291735923,204.71584957706008,317.39409584307384
39.9712499,-4.093831622047886,-6.258299814022593,10.735429161119027,-43.28393036320304,197.85478677950016,323.44985071707686
39.9812499,-5.410506509960738,-9.390245342089637,13.638307293982338,-56.72980597499698,188.38681045310295,328.62723932912564
39.9912499,-6.930767307045492,-12.947998156530463,15.327418723064307,-50.79859384067428,172.89605592420082,329.9882496866941
40.0012499,-7.758315658178209,-15.705120292416785,16.259770813795246,-26.16518805958247,149.18590084618356,325.59933197112525
40.0112499,-7.541569093386663,-17.586206097071138,17.320760355105705,7.08257817221994,122.10673409288131,318.1343935005034
40.0212499,-7.04521664328161,-18.335226513651254,17.767472767116995,39.41648312460045,93.64623520555881,309.19019784124134
40.0312499,-6.592696526530628,-18.581010294058878,18.88411216355264,64.8868038991844,60.047456081955985,298.7286590481767
40.0412499,-5.808438080851208,-18.442716523138056,20.761530494263578,78.0943280081879,22.856714774945534,287.30046647980953
40.0512499,-4.621460360307734,-17.564917499596227,21.240323137665115,77.67846589229451,-17.48175650210603,273.6048924590604
40.0612499,-2.656483905831329,-16.89042681126441,21.35263030875656,61.7620281076148,-62.08039763548928,256.880023735618
40.0712499,-0.4644124116586121,-17.213267847155606,22.19196059452129,35.79110227722498,-109.37730147530404,234.86493174475186
40.0812499,1.1542726367659986,-18.500131847453506,22.913584240234215,9.49360456422753,-160.387400101381,204.57784837600752
40.0912499,3.174756860801092,-20.921316248034373,23.713873163085093,-15.552745821723372,-214.09401616168566,166.33897606143805
40.1012499,5.827376691719023,-24.236225460491426,25.639410368262833,-39.27423023997663,-268.8085903475231,118.02356890034231
40.1112499,7.576928841941931,-28.188265729214294,28.284696649050655,-58.86618372202795,-325.27093742556286,53.36552584246975
40.1212499,7.797011616849373,-33.556263243731095,31.769915248360217,-70.51611978413374,-378.01832496874533,-30.524855665975053
40.1312499,5.236505590501628,-40.38224527064394,36.91526202876553,-67.2577967812452,-425.39344386346,-128.11554436131522
40.1412499,-0.8673488710742303,-48.14569735861565,41.39099649898669,-30.252167894225767,-473.3656900366619,-246.49108510314394
40.1512499,-8.540725181038773,-55.32070681508296,41.84214269015143,48.2150220746129,-500.2597017085048,-388.51208667960896
40.1612499,-15.637668503594696,-56.90099727142934,37.724351673967234,110.06990803121789,-500.3892349302777,-483.83940372940884
40.1712499,-22.436804635002552,-51.272987807768494,32.06120743272924,112.44740018993775,-499.54963082471966,-502.42626692513073
40.1812499,-27.49367868158002,-43.008496748836905,26.39112125090462,66.31602882068877,-500.14601451025754,-499.05672100847636
40.1912499,-30.448208922935688,-36.15757066637019,20.299239381715957,-14.883325488591991,-500.388653983083,-499.97437595853773
40.2012499,-34.17608269771721,-32.219346470375534,14.104630382295813,-108.29241438072233,-498.7845792619786,-500.86887658455714
40.2112499,-38.28382346246298,-29.17445948068442,5.9998648503552525,-162.71649127969283,-501.8479278410344,-498.2419865262278
40.2212499,-42.3115445650819,-22.335136665076952,0.4721727262369944,-155.38020237144215,-497.77800015374055,-501.4983046177824
40.2312499,-51.31102873897807,-13.358983516049328,-1.9095646394395234,-90.26387301422774,-433.88031770241076,-501.048433164128
40.2412499,-56.16584092559368,-5.76819263205614,-11.554878796425452,-10.721363821534956,-347.6364864489591,-393.8740062023112
40.2512499,-43.97111957165464,5.9498491523327,-18.95618351199489,37.19923907987919,-270.27563069595,-230.90547182634265
40.2612499,-30.291927304961835,21.80141956160343,-16.095336632458064,36.579261454466945,-196.3516078323917,-140.1959041906753
40.2712499,-25.257158689821747,23.98742794646673,-13.201171664466663,-2.3378211617708065,-133.54126610491969,-65.780454272125
40.2812499,-21.898402692746153,16.65366044258521,-11.956955625133924,-49.49914608517603,-78.05910642197733,24.9495846414137
40.2912499,-19.090087526484577,13.829892452845508,-6.691203022487459,-96.34720797084071,-42.64045246495941,83.57454062455979
40.3012499,-17.093492739099243,9.161986535199054,0.1571466003089315,-127.99379604543087,-25.860922184512265,107.24844514009544
40.3112499,-14.652281276755023,1.2061244612558502,4.785914982678883,-138.88646667956405,-20.50082234367291,116.50312703155394
40.3212499,-11.119363202058302,-4.547945677925707,7.0099270783092935,-130.2229480989417,-23.755764890786917,112.98312981144775
40.3312499,-6.548407540022126,-8.019497471454137,7.304619250336206,-105.43525024812739,-30.863792948962807,97.17339432693124
40.3412499,-1.8573852913904207,-10.124125076779544,6.468016814996081,-75.00674777418551,-37.14529331098935,76.11635362063535
40.3512499,2.4696804474112573,-10.527319023738313,4.582536395764213,-46.534305517995406,-37.94455991156213,54.107936956925094
40.3612499,6.261437921233822,-9.75106838118843,2.196987355297158,-23.933701918610318,-32.16062513737261,33.223242407584536
40.3712499,8.980203212518328,-8.403420118199124,1.030784904739291,-15.75772107432672,-23.47529051542314,16.909098152276705
40.3812499,10.76834515528541,-6.996185303810563,0.7458165323129005,-19.022800443349603,-13.224027138435316,2.176330804759841
40.3912499,11.499915775154067,-6.207045834494214,0.6009128755567077,-27.30638755578009,-2.7784478293286083,-11.933979860596283
40.4012499,11.63280246668722,-6.064608557435576,0.7934251911358416,-38.04233340291758,6.018436057542782,-23.739525576731783
40.4112499,11.621279685333343,-6.664006496030265,1.309577679984374,-44.47075654496188,12.521077418788828,-32.69117178715289
40.4212499,11.34272213205095,-7.541456304519427,1.6327235004402094,-41.87143338017768,15.11052468037354,-39.07206195246465
40.4312499,11.007434511908414,-8.157560777428934,1.5790214641213576,-31.82427008503363,13.230442212143993,-42.61660243470836
40.4412499,10.814214306766813,-8.56658227282236,1.5613478531374942,-16.02571546717053,8.830286372529141,-43.84322487212445
40.4512499,10.583277098680329,-8.78880225221111,1.6045566838919931,3.079517541888087,3.737000761477311,-43.6671462463004
40.4612499,10.24363069149051,-8.782422712223669,1.5197181443562473,21.009918228850765,-0.9263391820250917,-42.82094871046098
40.4712499,9.771768263118163,-8.49010288001016,1.4813280658763501,34.320504225098574,-5.041548423906252,-42.66982668234213
40.4812499,9.309242783789513,-7.743261348382928,1.2358120362721676,40.919348181212925,-8.377912256505478,-43.76249525899538
40.4912499,9.06283564936207,-6.612943451475923,0.7563607228744105,39.893570979686466,-11.501424287566977,-46.40778871957758
40.5012499,9.069055925705879,-5.333249419388489,0.378423844821692,31.829568788549178,-14.427030613690897,-51.146832137573725
40.5112499,9.277673925710857,-4.310859355358486,-0.004033561295424872,19.00258835260708,-17.12543200143672,-57.11632910130329
40.5212499,9.534283820327357,-3.740467489407951,-0.354784182713876,4.170181913456882,-20.07239224365169,-62.3210429675201
40.5312499,9.68746722004265,-3.353983055833621,-0.5714558357378267,-10.361265679507492,-22.787495943901213,-65.40017449693931
40.5412499,9.736548799617202,-3.064968386985849,-0.6652911033816189,-23.40958375108315,-24.49959153257699,-66.22229953053359
40.5512499,9.738953086129719,-2.887029497623676,-0.6494921331436742,-33.88931624408197,-24.608241878661463,-65.03044895936644
40.5612499,9.551147767093177,-2.726282504527489,-0.703654652814561,-42.450520310706594,-23.61272823160794,-61.147165673177795
40.5712499,9.343112029435705,-2.5791361602647767,-0.9134933637806664,-49.791161756357205,-20.71697021783583,-54.920821206106616
40.5812499,9.16382538489488,-2.372112083209113,-0.8985935551072679,-57.11133979686726,-16.434482697203144,-48.983810619616584
40.5912499,8.93007513966416,-2.089567754796238,-0.6768751032653324,-65.42222983249896,-11.261852703977207,-44.09309632932623
40.6012499,8.936914820131305,-2.0958670443992977,-0.4527227112927916,-72.05181262462818,-4.604311541261889,-40.03843704242218
40.6112499,9.071450196119473,-2.4647845399093398,-0.30919007608455923,-73.43794622966391,1.6454764522009941,-36.2966796906849
40.6212499,9.083466728777767,-3.0475682143596354,-0.17046483562940806,-68.11557032370604,5.7277539864074,-32.08048453528837
40.6312499,8.877327707936066,-3.728889586677752,0.15857848897712729,-55.77434485320565,7.397190828592897,-27.020516905078583
40.6412499,8.597439032709923,-4.382060228539787,0.5446915521395241,-37.15547375875512,7.7717471908482745,-21.163421564053206
40.6512499,8.276210143211893,-4.833279349098909,0.7327617915244543,-15.182364260171859,7.194912010642067,-14.864790747262097
40.6612499,8.021691906816658,-4.8628133959703606,0.5908586942100073,6.1655099950257055,5.456352839656258,-9.026354099914256
40.6712499,7.972726588295275,-4.61569204884103,0.3817361987853321,24.27470955428629,3.168242570500969,-4.275245821102446
40.6812499,8.072296013302823,-4.320865765571735,0.314752262174211,37.28842151771293,1.2181922391463516,-0.6650727762926655
40.6912499,8.327954072984923,-3.8416818264186525,0.23365024341677015,43.85775336278467,-0.13786692723355107,1.5792138341123156
40.7012499,8.660221177230289,-3.318948493415465,0.08732281978545817,44.30624044606347,-1.2566107115826808,2.802759421669353
40.7112499,8.86186942175493,-3.025232241778899,-0.08932371305180196,39.84775218344406,-2.4577339493082078,3.796311382245353
40.7212499,8.992118593064475,-2.901157595008813,-0.2845764925263562,31.81297629693577,-3.722885670404884,5.261317887227715
40.7312499,9.017122866352535,-2.8351769286552737,-0.4304736596277543,21.30707692975949,-5.353543966079279,6.943628408129215
40.7412499,8.94080291570661,-2.7343905492494285,-0.5657698278766933,9.504102760955515,-6.938766305493635,8.213752675624512
40.7512499,8.950727593778199,-2.5503070278830267,-0.7023160869868594,-3.16172329287869,-8.389189460108506,9.04813134702616
40.7612499,9.159236597172647,-2.578131721200717,-0.5992725875876561,-15.089313918655467,-9.657445976181082,9.220845984555492
40.7712499,9.384234326896582,-3.0206764688130856,-0.2683388752695023,-25.268741235189406,-9.91879527820539,8.696310756474679
40.7812499,9.427436051613457,-3.468090356840495,-0.07210892029204094,-31.902382337685335,-9.23841076472713,7.888588127344804
40.7912499,9.401204523426339,-3.820918828961047,0.06412655984024365,-33.463105461869425,-8.610495017988253,7.300295288212823
40.8012499,9.403782266053138,-4.128807924106164,0.30679275883964435,-31.827208174025017,-7.682047970584295,6.662791065168309
40.8112499,9.338279996034668,-4.3263952459669515,0.4869454762617018,-27.75218368662031,-6.110975522977625,5.377617983206566
40.8212499,9.184259778634118,-4.50924029043562,0.6000533477623531,-20.91402231664966,-4.725688009222892,4.212585266674219
40.8312499,9.027318136030853,-4.719278361095509,0.7427044297388425,-12.806681949448604,-3.6089663349434806,3.8287712997147896
40.8412499,8.745319719031182,-4.754576234334362,0.8668448618582524,-6.055757354719719,-2.9837644782833794,3.853286154641312
40.8512499,8.471215431875526,-4.471301547546481,0.8291881846982274,-1.590354093598148,-2.2490817344410283,3.3817367241105925
40.8612499,8.444965049560508,-4.099908666240977,0.6771779300903694,0.312415105654125,-1.2937295134589042,2.5075296607346047
40.8712499,8.182960719799901,-3.4930472698099755,0.46794742109947723,-5.536582072836941,-3.367046105504103,1.2904713053819996
40.8812499,8.895592931857792,-3.7094224480640254,0.3212038197817321,-7.50491010079354,1.6503844662008198,0.6686341562525822
40.8912499,9.3431152722808,-4.524955273485542,0.609461530728823,-4.085600802840414,8.433480943519868,2.3610655512382057
40.9012499,7.876845895545429,-4.111982492856456,0.7589504729078702,-10.131699458193015,4.612741954252393,4.457387866505332
40.9112499,8.1773538342123,-4.589379011388851,0.6654825356782027,-7.134211898908515,4.967026337392657,5.5355095608594285
40.9212499,8.850972222853587,-5.094361432393239,0.6095100723336513,-0.2881832492207295,6.4002025706363534,6.65869334844046
40.9312499,8.428502104810613,-5.041716380450167,0.4949797384773465,2.0124724122040023,4.429032270723007,7.886740946530995
40.9412499,8.211986792807906,-5.210806602971611,0.3742289731909496,6.626122496066494,2.871439471720975,7.829727125122479
40.9512499,8.410704314098396,-5.027739660777583,0.25716841462339446,10.879454977760739,2.2699970970562187,6.5337053916634265
40.9612499,8.603033257136751,-4.734497504523145,0.05895568034568949,12.109274018381463,2.145054896211738,5.273214645172212
40.9712499,8.723717356114346,-4.698718841572405,-0.11025921914617431,11.374624535789504,2.676435454699683,4.53280490678751
40.9812499,8.901034628491,-4.650486696641988,-0.08777095742337701,7.934270280057034,3.608527886193213,4.741992750844192
40.9912499,9.047836627977269,-4.550704487682547,-0.07381035281949577,3.9151340608625973,4.893851333440372,5.457482198982143
41.0012499,8.950657019112617,-4.420091428538928,-0.1815757459273901,-0.22116406657362664,5.192411394454305,5.950995874580984
41.0112499,8.845738932442059,-4.367791661384642,-0.2204090325202578,-4.063244139136958,5.1678088679387795,6.489202154295477
41.0212499,8.71904858366562,-4.408919297517574,-0.20174499960674744,-7.283148561542946,4.887442970304765,7.040961655406772
41.0312499,8.587426472280145,-4.582803373836709,-0.22194786461042657,-8.984299943547274,4.668764740498853,7.7111884038112395
41.0412499,8.428869465140776,-4.73420187502814,-0.2745791066289687,-9.602323861823036,3.8874617564003846,8.778623158569065
41.0512499,8.451725605607898,-4.830799372407241,-0.235843066967927,-9.548495645777383,3.498518808097578,10.03769257272725
41.0612499,8.55644712253165,-4.939739911415849,-0.06123043136923775,-9.164306562165878,3.9118887867187415,11.20083167097497
41.0712499,8.555021243983665,-4.979030876994888,0.03897926958905072,-8.874213953381487,4.432883239994657,12.270615704813451
41.0812499,8.650211986084411,-4.973369266983304,0.061949918972298894,-7.555806459308062,5.270433265995802,12.965398685084084
41.0912499,8.709333949837944,-4.965830480976393,0.14463465372681072,-6.124275564839354,6.16315814098069,13.33666729286887
41.1012499,8.635401291645874,-5.026873798041564,0.211033555210499,-5.231662801267268,6.858204680620924,13.95782544549276
41.1112499,8.51520537927665,-5.071994252773495,0.21896555544491958,-4.562612947570895,7.407640255892717,14.363293984679569
41.1212499,8.45214692156387,-5.107519916394821,0.24824805830533375,-4.41440367093833,7.978720413349462,14.223023004832326
41.1312499,8.454130743150458,-5.180556512510856,0.27333224001296924,-4.613665354260758,8.426085250661826,13.905595036173318
41.1412499,8.404586367445631,-5.208814347979708,0.26057212509109806,-5.209847205500936,8.556360801866376,13.492204958045672
41.1512499,8.349713011549488,-5.2385254848847715,0.31854421631968133,-6.419608759570951,8.933839231759222,13.037449828949116
41.1612499,8.27368879280731,-5.313473082717701,0.3895807341486302,-8.118289423144313,9.476927450270832,12.457917447609299
41.1712499,8.176402501142027,-5.369167634037421,0.37156198071096835,-9.978499237458049,9.707227655856066,11.970607884782444
41.1812499,8.108083495320564,-5.435689310816174,0.3097152979095392,-12.393887858697276,9.61771923108618,11.833946812083292
41.1912499,7.9661762680646335,-5.4744354916337485,0.16625941972285294,-16.13566928490358,9.494920394495674,11.852868554048865
41.2012499,7.800357418829913,-5.358294972468588,0.010049043213476508,-20.920504098568763,9.484804771295325,11.707124400145101
41.2112499,7.670594291540345,-5.2686868511880105,-0.06653088919983782,-25.980834513895154,9.57881760241858,11.353862619391098
41.2212499,7.529732778112308,-5.39142245517046,-0.18713063709125094,-31.11427585125202,9.921735027574426,11.25679100071271
41.2312499,7.408514449816012,-5.602715092835994,-0.3270355130923658,-36.13040204997492,11.067484559624877,11.736042255603667
41.2412499,7.26504953706696,-5.8224322171616265,-0.4559159838314083,-40.36995826590917,12.607912619316394,12.9072001079268
41.2512499,7.075273655325272,-6.009986198933665,-0.6416618640491176,-44.04815876662493,14.270294120916589,14.563680324474868
41.2612499,6.9450527805194255,-6.14996911659354,-0.829091643516873,-47.3640923819211,16.822544049064888,16.30742892911518
41.2712499,6.790555476537844,-6.269138463678092,-0.9897376512866815,-50.39612706693711,20.177230195413376,18.375986144768863
41.2812499,6.552912893609582,-6.322169456693635,-1.1591112858219588,-53.38746411418175,24.11720206382857,20.627980283683222
41.2912499,6.360404218034002,-6.28722324881639,-1.321867244289692,-56.12667673887822,28.364456437932816,23.32945579329236
41.3012499,6.167932193861104,-6.2214615391921635,-1.4873098313577515,-58.95675355005795,33.040301962226465,26.478496764530842
41.3112499,5.891936277312207,-6.111503156879888,-1.6515165019348332,-61.786492283082204,38.39265170402226,29.886623604500464
41.3212499,5.642260506440261,-5.920199938146443,-1.8246301886208036,-64.8625738623448,44.4842137064964,33.707137894703266
41.3312499,5.418740509230817,-5.6432312907574005,-1.9585988532973442,-68.97355322502834,51.30298834747329,38.15635338930093
41.3412499,5.1519704479947235,-5.319731111405372,-2.0363509008215313,-73.89471389905938,58.90211470438048,43.073980240033194
41.3512499,4.831766236840805,-5.058263812742341,-2.0708676480617108,-79.68014276259855,67.20887579100237,48.740702184412704
41.3612499,4.494450723845025,-4.863860608343168,-2.116581803683162,-85.69784776638623,75.88430909008486,55.37271446962112
41.3712499,4.13780720247169,-4.755070338527565,-2.0935018889986448,-90.60280661286264,85.02355907440166,62.88947105601245
41.3812499,3.6959797047693885,-4.7863278940677,-1.931621310502509,-94.09936699966208,94.22827201452543,70.84718956918053
41.3912499,3.1380035612838975,-4.872256548691179,-1.7551177339559267,-95.46273981492531,103.01947886425799,80.0642575134552
41.4012499,2.5482565585805665,-4.933250892542638,-1.4890014053409528,-93.18878526868143,112.47890515117601,91.96631050820422
41.4112499,2.087208255964747,-4.877586517515023,-1.1653991313436705,-88.42354812397991,120.65221520442263,103.46178131365401
41.4212499,1.7536099459663437,-4.718006115763347,-0.8846882904716803,-82.24293488415263,127.53240784261487,114.48482606319646
41.4312499,1.5198279297769197,-4.489616244204379,-0.6581346294318672,-75.1407737512014,134.24988708350966,126.36196828509469
41.4412499,1.4353501511627345,-4.190827570366958,-0.4381663901514868,-68.02448994291112,141.1019203442326,138.80520999365294
41.4512499,1.4641376952980936,-3.843090457505308,-0.2335395118577951,-61.389319859483415,148.3808000171122,151.76420293692934
41.4612499,1.4811750902095995,-3.4270850372801713,-0.08201488930362993,-55.63033270736124,155.98085807856745,164.88248120258044
41.4712499,1.5047470572459671,-2.9641680359177887,0.07450814194139074,-51.16355430685969,163.88487869494767,177.86553596509174
41.4812499,1.5159231650846041,-2.6041544848494516,0.2980948569828087,-47.62530706943273,171.69226436248582,190.8072853416109
41.4912499,1.4551347950441713,-2.487725169200513,0.6777605829442841,-44.7631362027333,179.66225276597402,204.05844228617795
41.5012499,1.2686593610629333,-2.5539538105040593,1.1086627079790232,-42.73154359012566,188.3142066824411,218.4250574219598
41.5112499,0.9393967012443423,-2.7920412485725725,1.5422425885412727,-41.38294109453833,197.09354134114494,233.91430174916528
41.5212499,0.6085431287087484,-3.2659118798250137,2.1120624383832762,-39.24659474287647,205.22560296318775,249.43607172177406
41.5312499,0.2801666350585651,-3.5927466849015466,2.597602496606098,-36.77812960399722,212.2156758517916,264.6165013081458
41.5412499,-0.16831417863359857,-3.6837455293590295,2.7784142884900342,-35.72394918959378,217.82363232925985,279.15889691680127
41.5512499,-0.9844058659291642,-3.855526948111553,2.8180360119445775,-35.620294742793675,220.55995227282912,292.2014155038161
41.5612499,-2.0721352487002167,-3.971647117039087,2.943798391927317,-38.69176351716417,219.6738925046971,304.46329027537683
41.5712499,-3.231231125659958,-4.174672585384164,3.2984199393110836,-47.79638137834531,216.78897935448535,316.9766878123471
41.5812499,-4.453801702234037,-5.007665558980413,4.25416577397088,-60.43463929699118,213.1502863506539,329.418333072352
41.5912499,-5.642677899930644,-6.501347728762815,6.065775430396907,-72.58575260925176,208.83781799579367,340.83042851076635
41.6012499,-7.02995610910781,-9.13259128410867,8.238163899038417,-83.75580770263942,200.3757495762631,350.4489605217518
41.6112499,-8.308928321835916,-12.13259226394635,9.599874696093798,-90.54194315212484,185.32901804616776,355.1170565475385
41.6212499,-8.646733906033933,-13.354604380679596,10.175276885938704,-91.98123118236802,164.53061433498917,349.7230092797074
41.6312499,-8.187906030262603,-14.225929706483827,11.118599858350365,-89.96395754389482,136.50483409970317,336.2724410833201
41.6412499,-7.525745575774722,-16.781939682813643,12.095864010429176,-76.71560373474112,104.22733258306933,321.19248699908843
41.6512499,-6.970563525443448,-19.406411506325963,12.420905044980032,-49.813649438900974,73.68200307808848,309.8254663555518
41.6612499,-6.313396312144621,-20.814305938996938,12.571820871665597,-12.822481945116518,46.52354575173428,302.8672087314679
41.6712499,-5.050089118881527,-21.813646525179923,13.112749458161515,32.750144194994824,21.98784238714871,299.0776770234538
41.6812499,-2.985731465119269,-22.740545414409738,13.912233374648252,84.2880063279052,-0.09043169947386939,298.35616021352814
41.6912499,-0.7597879373457715,-23.73817363486878,14.663114719628407,137.426604094913,-18.502558724672685,298.4028700077901
41.7012499,0.8086397657500278,-23.57110358548229,14.581563032526748,185.1466921748711,-33.83538461967472,293.9179723246836
41.7112499,1.7709935392863112,-21.28613426251338,13.974927066930844,212.1256478201801,-49.389282560070214,280.8879088521888
41.7212499,2.719142924911307,-18.851226445260842,13.744615752046034,211.08424191861343,-65.56672287570125,259.33149084074586
41.7312499,4.047744291952861,-16.913778159302506,13.813186062428114,183.5484174422833,-83.69903485173822,230.88617125025152
41.7412499,5.887859689026881,-15.791942880841555,14.634452743394203,138.603430073706,-105.00806304237751,196.7491715882513
41.7512499,8.226949855149023,-16.688090615735305,16.242661449053177,91.0262232991238,-127.87741123520533,159.4303447188059
41.7612499,10.713406510350406,-19.503192062566992,19.33857805895069,51.50253334806037,-152.97872965857445,118.29038083244251
41.7712499,12.167614528205684,-24.184929020443914,25.755622379963963,25.433930808086366,-184.14466168632856,66.03255933306544
41.7812499,10.93284195816074,-31.39844639311791,34.526688087384336,25.760106438455832,-224.02970770760598,-5.4110889635726345
41.7912499,4.56037248876591,-39.754620665658024,43.19909876091421,51.88624739589136,-280.23745901941527,-94.00363279353913
41.8012499,-5.231167569816162,-48.46416037982117,48.673501553946906,96.57640775769417,-360.2868419643088,-194.6789845977691
41.8112499,-13.781024414619205,-53.92848959213211,48.676051469785975,161.55244651594842,-456.4526115965955,-316.0918405830913
41.8212499,-21.12688490384694,-50.812504350706725,44.818365762582175,207.50236541435157,-503.6388568115299,-429.44531105350524
41.8312499,-27.234862921467503,-43.373766342102314,40.24112694669689,182.19286351185877,-499.7943268313778,-489.25282336463073
41.8412499,-30.9435752896115,-38.42347518246955,35.91490037153887,110.78754270519627,-499.42046842787937,-501.4504384428062
41.8512499,-35.89161490633267,-36.25819074327108,29.72271067351806,34.99304289618378,-500.29533187958987,-499.4880825043328
41.8612499,-44.366619829987094,-35.023430421076185,21.416671127419406,-47.19848622898023,-500.1734705103546,-500.01152035527997
41.8712499,-50.97233474723319,-34.37361799022988,12.026150769606893,-109.19048249127711,-499.60001293183467,-500.5797206003985
41.8812499,-48.176792530188706,-29.351987867198588,3.1122213315963783,-137.5089684216823,-499.71364126101696,-498.3183966367991
41.8912499,-41.682675529339726,-18.77449883508406,-1.9935997881558867,-154.59375717597388,-503.0240209792788,-502.9083633931074
41.9012499,-42.35210218619864,-11.5820330495466,-7.797150864797935,-122.17735416957505,-467.1853414138634,-493.0803415969459
41.9112499,-41.754727466331694,-6.682749641191561,-17.51435284365791,-47.93141955968688,-392.3635826728755,-396.97167049576564
41.9212499,-30.841328803607738,5.149148371853505,-21.050689289504394,3.6673254894965583,-326.3155877458696,-274.78497868554047
41.9312499,-20.79551330960382,17.60038936708796,-16.454925246966763,4.242871776640129,-250.93128753838613,-200.00087135500158
41.9412499,-18.654268113772797,18.484018172455272,-13.307692149624863,-20.044125718568996,-166.05648189253344,-133.72390828963265
41.9512499,-18.967770061076653,13.478743864662096,-12.583584697591162,-43.946484804142614,-103.10306708150402,-56.945904778719445
41.9612499,-17.715988519566853,11.13383917782485,-8.68542101257626,-78.38240994459521,-62.559734616259526,0.7199606780881285
41.9712499,-16.64159726426705,8.456247162851378,-2.927702101227932,-110.6567289480787,-36.019937093409055,29.087723906246204
41.9812499,-15.775433432015552,3.3828971399560914,1.2223203479754317,-124.12393688603039,-23.276395447312836,42.412214359460826
41.9912499,-12.920700083208056,-0.8148324091599295,4.121177458237589,-122.21830054644587,-17.94485180368231,49.67383966441747
42.0012499,-9.0480176506787,-3.327381346621883,5.954778627527377,-107.22979000779709,-15.069671865322944,50.6619656220852
42.0112499,-5.163095702316853,-4.962389749799206,6.509149855593587,-82.19846027462145,-13.1179594053199,46.96617055404116
42.0212499,-0.9407039650019127,-5.685977474285714,6.106833513812535,-53.35352616574236,-11.600607595890493,41.671712575582646
42.0312499,2.7936856971298503,-5.830332415340876,4.858642675573879,-28.374554890957228,-9.872747798026118,36.77604285047832
42.0412499,5.931416584251007,-5.371827570405766,3.2292185859449845,-11.692535009705313,-7.993511594610673,32.053993079192594
42.0512499,8.691205837586011,-4.326630151241705,2.1772504145130296,-6.592840267994243,-6.503330102225186,26.321585925226344
42.0612499,10.57039535136853,-3.832437054025125,1.965595059217232,-10.280107617852266,-4.288296380949943,19.732054880746876
42.0712499,11.587777582080427,-4.146293875927954,2.2666044556022023,-18.38617285877228,-0.6047016472297654,11.908608228045134
42.0812499,12.01216271511262,-4.548477711077031,2.6506233674021726,-28.776262499446123,3.2026042428091723,3.2683134078645035
42.0912499,12.031014521384087,-5.083251704254721,2.82680634113456,-38.226781103485756,5.388246134505102,-5.486648637464525
42.1012499,11.834526384007573,-6.007441351743951,2.898619292241044,-44.23933462286866,4.660246777838895,-13.421671218977844
42.1112499,11.443715795572936,-6.943831056637972,2.609223711040529,-44.75782930752731,2.1075485406167638,-19.85805597963912
42.1212499,11.000703626209088,-7.409665535360523,1.9848087091931312,-40.77348449232664,-1.4703961799157186,-24.81665772435941
42.1312499,10.639391158011968,-7.62661354908127,1.588396861379972,-33.78589893243325,-6.1153315163368305,-28.679055752581515
42.1412499,10.341734630427066,-7.75947645128987,1.3182330788726044,-24.97014584975863,-10.742234091627749,-31.536185434663242
42.1512499,10.103667710809326,-7.640284341676984,1.0478897710901303,-15.243915473461898,-15.162616695483182,-33.545277888003014
42.1612499,9.911576248091272,-7.192413893225629,1.0564158999266404,-6.508412402127239,-19.72188150147158,-35.11177614159676
42.1712499,9.804294476460576,-6.455331950059901,1.0984901615344955,-1.253654453541592,-23.766321324317875,-36.23401582154313
42.1812499,9.78393991865974,-5.657306889345406,0.8782447249736008,-1.0694932682464116,-27.388222134785252,-36.66388391643976
42.1912499,9.737266852317466,-4.952731974342807,0.42727978330789035,-6.240536532687296,-30.902578181240955,-36.26061898920926
42.2012499,9.751186049273885,-4.131891992528407,-0.14167681124959133,-17.36526404032098,-33.40279496573262,-35.98470029623028
42.2112499,9.839668728922895,-3.1385157865399576,-0.6834182921358783,-33.48707806688865,-34.99051201911294,-36.565174890208645
42.2212499,9.87657204550226,-2.4025536732385406,-1.0889050641787519,-51.678611530034686,-35.57615929363858,-38.16445483176888
42.2312499,9.870424899195319,-2.1234284272084705,-1.1876371906859586,-70.83480024971743,-33.792743675554924,-40.24634517233787
42.2412499,9.834015481323688,-2.19300338723868,-1.00113284294942,-85.59363141401285,-30.320648729006344,-41.45260636303349
42.2512499,9.656155176851234,-2.386748147098962,-0.779817690983155,-94.40724350169366,-25.953795127147995,-41.184249919808636
42.2612499,9.426112959542014,-2.6591514482477496,-0.5859414620699693,-98.15431656899925,-21.468111673085474,-39.303133478444465
42.2712499,9.340869286761738,-3.1931308563041507,-0.3034136668816167,-94.70890634177243,-17.535159969499205,-35.5857188062721
42.2812499,9.180792546587353,-3.597528526970215,-0.1521106770403923,-85.49756441209189,-14.778679104589365,-30.19217001035827
42.2912499,8.940566326681315,-3.78195672554419,-0.16657429386340653,-70.9338817922563,-13.326900732915416,-23.66905466659266
42.3012499,8.776170692114347,-3.9488581968303698,-0.059536372910657644,-52.36463628606107,-12.56696997433225,-16.773246838461095
42.3112499,8.58848634955469,-3.9348800006403026,0.01483534117016704,-33.03716080584721,-12.084233113264258,-9.553299446508275
42.3212499,8.469162263960182,-3.6244080306500353,-0.13972090067649207,-15.243060760754537,-11.43683019325045,-2.9770395441134423
42.3312499,8.517964317350206,-3.362360973185885,-0.2601858926334042,0.09996486913987498,-10.333943589300546,2.2668061631735688
42.3412499,8.569090800693607,-3.2242179697740907,-0.23667270524167552,12.828019216869702,-8.981012958905987,6.310783146155254
42.3512499,8.605817304903821,-2.950415080020654,-0.20361272745546566,22.507278430338697,-7.068321950517267,9.189399476505637
42.3612499,8.667681502367135,-2.8573193964510906,-0.2593158655571299,29.079523563422054,-4.890655838063371,11.812565213900646
42.3712499,8.54928759617368,-3.0553918780765192,-0.3533615546832875,32.301539670959116,-4.045141390801816,14.980390287103884
42.3812499,8.394366522556561,-3.1550344362197715,-0.4534052057683138,32.68502409912701,-3.792075915546078,18.503781828729313
42.3912499,8.36103928173473,-3.0660378176283394,-0.5145237753899409,30.703009610770092,-3.2983082426842665,20.990214388792893
42.4012499,8.344368787359567,-2.975027557339768,-0.4732782344298956,26.444269566472645,-3.4979895937664676,22.025534326437402
42.4112499,8.4857169490381,-2.9995894691998477,-0.41146026575861305,20.36433128931931,-3.493518356411206,22.21302195780074
42.4212499,8.782448361149534,-2.9961491209418107,-0.3626060977561807,12.71557184591381,-2.890126170407781,21.553384835420268
42.4312499,9.124589027429504,-3.007575010840818,-0.28322505300092415,3.7480621121683866,-2.324288326842264,19.991743485303015
42.4412499,9.421483037561442,-3.0357115760199767,-0.19636690907093657,-6.530704304959729,-1.5800071236682782,17.789684538454008
42.4512499,9.523485654362167,-3.180322733251321,-0.10204274542984484,-14.666872083827286,-0.7661479612848117,15.625121142841728
42.4612499,9.503113231992202,-3.5558705929117798,0.015350015050855427,-19.1072065478975,-0.1349231822074717,13.854975151987112
42.4712499,9.440647319201442,-3.946118158808514,0.06984537440059704,-20.429757733230232,0.06299600754876876,12.865637028292014
42.4812499,9.41000481452051,-4.310149753553317,0.08854100820978408,-18.557989611102087,-0.019506171184412485,12.268449019702532
42.4912499,9.3673880987605,-4.600414087358676,0.12292677220099799,-14.065803907836676,-0.04976354043118906,11.700168149964036
42.5012499,9.342256277840256,-4.693015330600842,0.1612442602222594,-8.110324458702795,-0.04479753721541704,10.894618003801895
42.5112499,9.399663914661726,-4.727400111013537,0.25346155353207117,-1.2637624711415987,0.1444493740822256,9.738674941125595
42.5212499,9.367447797856238,-4.749099039300534,0.3028792762564219,5.496712476066391,0.5304342977929406,8.459162158781433
42.5312499,9.217328769326455,-4.690992802143575,0.21821109866759436,10.936168012827759,0.8387577953808005,7.479430785575071
42.5412499,9.077260763727146,-4.572643905495804,0.09464424097743768,14.519022040541257,0.95328364174025,6.878470844847901
42.5512499,8.91994532314268,-4.395092448916313,0.02422785664389251,16.343948915810646,1.0766219500949326,6.056288074470288
42.5612499,8.78325503479787,-4.22266544601062,0.05847710672529473,16.40432923908498,1.3474059839040813,4.803681299933223
42.5712499,8.72555167581338,-4.1794954228312005,0.08299644622832858,15.520006613457774,1.6700927720445264,3.5689731707339383
42.5812499,8.697921401565381,-4.171857692384996,0.08390880647307386,13.806578382577282,1.6819196036693531,2.6306310342841797
42.5912499,8.632462887366572,-4.1099030329614,0.16512112892563016,11.004469954181246,1.2313309668464487,1.9187506729791155
42.6012499,8.518015418497216,-4.1120797069468855,0.19712401872395244,8.017372371182692,0.7774967323699966,1.381017926737841
42.6112499,8.406017779905335,-4.14456607421566,0.14453374316939288,4.95760519235456,0.05452153404852584,0.9647260671852045
42.6212499,8.37531017390227,-4.1079466570494105,0.10747241095931769,1.7807261469634077,-0.6852023125218181,0.6056457555470672
42.6312499,8.502798568902014,-4.190419523836399,0.12318528132361378,-0.14771756376388506,-0.7038393194287351,0.4529591130680953
42.6412499,8.591408243623293,-4.451064368814013,0.23420865306903907,0.07634307910718602,-0.617073790035536,1.056733480231014
42.6512499,8.626970874704847,-4.772798570115511,0.47467743231221443,3.491059525280249,-0.348928263606911,2.4413164674752075
42.6612499,8.72264875992529,-5.085455981322095,0.7072549283610583,10.509890482725101,0.45297888096364636,3.968228631942775
42.6712499,8.63364595232058,-5.328926757766989,0.821348461580949,18.85514244666178,0.8494107272783105,5.732396622112018
42.6812499,8.484798875603905,-5.407491853774446,0.6999258666508447,27.350460314541934,0.8899013609904104,7.524370558007943
42.6912499,8.480828758128176,-5.31015292894174,0.3634994048331878,34.962541191286014,0.30625425039803006,8.984024989411067
42.7012499,8.440625652734097,-4.994302804992979,0.0528745557092753,38.961624275435014,-1.184703576242432,9.622317878552149
42.7112499,8.640437330051759,-4.743208983021107,-0.030313107244300922,40.46253431681347,-1.1249644227249662,9.402329729319067
42.7212499,8.850282685721835,-4.4980341897346285,-0.041315236087060156,38.446938114378405,-0.7269134864872753,8.728033972066147
42.7312499,8.90948229513431,-4.143881524305244,-0.04258776564529086,32.73914599388835,-0.3913349910287665,7.416489449452403
42.7412499,9.011863940134269,-3.8335292268075816,-0.060771392542341346,25.19107650931844,1.0427778526982667,5.333440712921636
42.7512499,8.96815431183244,-3.6850668820053643,-0.19439770626135666,16.24935328863834,2.180851178078624,3.0773120106272063
42.7612499,8.864768151123869,-3.8818649910615584,-0.35304846983782556,8.014570186271712,2.86250876458758,1.7350205329077915
42.7712499,8.729178811600276,-4.131868569014601,-0.4369313082718785,1.0222412838827721,3.1833826869332404,1.614320148712269
42.7812499,8.628041879875614,-4.341712113837486,-0.45494678513504383,-4.064728272649125,3.414993902807705,1.9969966647118869
42.7912499,8.58276499651939,-4.566075647543543,-0.4232516823093589,-6.759664483141876,3.389735796912096,2.5253028269902495
42.8012499,8.551556507050112,-4.852658856926748,-0.30808984614237633,-6.805327353708281,3.479255769336424,3.333330356024036
42.8112499,8.532791959690313,-5.115629098580193,-0.20902096654786023,-4.6091254523762695,3.8691025133644135,4.379564401724591
42.8212499,8.533425767784891,-5.184097316210576,-0.22699370160237237,-1.4122139180203033,4.417243396202215,5.461533010825952
42.8312499,8.544804830008289,-5.151435548593529,-0.2453945050276777,1.4295248642553975,5.3349255052075994,6.287420432886281
42.8412499,8.535183415778292,-5.132948259104061,-0.2383119293787475,3.297230315870885,6.43780991924461,6.92505588190648
42.8512499,8.448905645475936,-5.104501633511879,-0.3366580537942305,3.787212144686865,7.891065726092831,7.503781372292804
42.8612499,8.334373061049638,-5.063425470216477,-0.49597545516362157,2.272663538711437,9.611600372871647,7.85294064124408
42.8712499,8.21391706428874,-5.021115154330596,-0.5487553033273616,-0.5051662336996198,11.409785075954458,8.10423996614366
42.8812499,8.138503207119715,-5.084151593654743,-0.5192297147822728,-3.301671079966825,13.906926825852903,8.841663191717085
42.8912499,8.011568768509829,-5.036305730451291,-0.5039073976056956,-8.102060735294087,16.29620667397786,9.719319372001403
42.9012499,7.834038927999225,-4.9293280807827005,-0.5263412645802575,-13.839959966617668,18.44359440848703,10.39741204027685
42.9112499,7.722026686108244,-5.021823839244537,-0.566244903726465,-18.329481496221316,20.9272948549261,11.393613928696967
42.9212499,7.5503857415126845,-5.10634516799959,-0.6335429239685249,-23.4187842591066,23.180028120312596,12.904085662707546
42.9312499,7.3987590067902556,-5.272925778907048,-0.6874856126655402,-28.632639376444935,25.45862059171675,14.951951062297342
42.9412499,7.253808887208162,-5.457437790139253,-0.7349486312896152,-33.43092718720487,28.025574734569823,17.073805615594686
42.9512499,7.07647171399399,-5.532302731337542,-0.8021782357534065,-38.00107025741858,30.613279963778936,19.131706433799106
42.9612499,6.903144706827625,-5.5924448033126035,-0.8448122047918086,-42.48104747114567,33.16567657837206,21.12487538107808
42.9712499,6.703367115133297,-5.640871010221501,-0.859816171351739,-46.577189444925295,35.905621703241444,22.891107878295895
42.9812499,6.467085055792473,-5.757265726231546,-0.9207019154334614,-49.729502025344566,38.90718962804227,25.095291060049842
42.9912499,6.160478609995806,-5.897910870969743,-1.0326726133977322,-52.285763561790816,42.23573342756083,28.19551535379091
43.0012499,5.870388295094543,-5.984374799813349,-1.0759110138782957,-54.47125547708707,45.79970135184877,32.08650045310219
43.0112499,5.59214810568091,-6.029706325796817,-1.061048499760298,-56.9539863002629,49.874082170462714,36.46889713666303
43.0212499,5.239575164307991,-5.957086090916458,-1.123462143643497,-60.25986107309158,54.655798183868015,41.101487784776495
43.0312499,4.853671996620072,-5.7943703840976575,-1.2081631156054884,-64.13544495136838,59.35216532259008,45.97184669089237
43.0412499,4.612466024549023,-5.6954993748668725,-1.2111781326711049,-68.2218363271832,64.6541790788732,51.45456946935806
43.0512499,4.4006727888907875,-5.570325250411784,-1.172275688815154,-72.80477696710835,70.23205999116504,57.71293032629212
43.0612499,4.168961505611223,-5.405464035112868,-1.1081126210811594,-77.651583768584,76.84897899905471,65.62411426957017
43.0712499,3.9134056851477697,-5.239875569229543,-0.9607058680807948,-82.06226262287777,83.95719021878743,74.64934306598043
43.0812499,3.6734716032814156,-5.123734651149017,-0.7898517084108575,-85.0024742038869,90.07183450178928,83.18421210597192
43.0912499,3.575332856658325,-5.117581505912502,-0.6990431633410255,-85.97832046160971,96.2610811702141,92.14958805525443
43.1012499,3.5125015694946367,-5.0926689100631615,-0.5827697480010118,-85.6997529803803,102.79032966153108,101.7244076843868
43.1112499,3.362433233757919,-5.052299792717572,-0.3721305764193105,-84.9079274809021,109.54239610780138,111.74518960257649
43.1212499,3.107968844323763,-5.034882899627958,-0.19868004196995803,-83.6809873228578,116.12940526873275,122.1799252589043
43.1312499,2.8330499965240894,-5.1159696821825955,-0.05835212031320074,-81.93076951760843,122.39572783976045,132.74822760213132
43.1412499,2.6197085051292976,-5.205471762810839,0.07395608430446507,-79.71555597364319,128.5444289194568,143.29344797306658
43.1512499,2.3701715817586253,-5.156688152937378,0.17891672925717275,-77.28031538471308,134.41729893166791,152.92872975632636
43.1612499,2.145680962060653,-5.078444031218355,0.27948707353122343,-74.43604855927232,140.0895775857299,162.1163650726845
43.1712499,2.045362426951874,-5.074908181605648,0.3759211951495404,-71.19927545438352,145.91429312105058,171.46927251501768
43.1812499,1.9972743073575678,-5.046553394915235,0.4915340590148269,-68.2575045832193,151.79223234457658,181.0618901420322
43.1912499,1.8724441308789075,-5.00186651941867,0.6643289892318673,-65.98719118914931,157.77968687209693,191.4839950695075
43.2012499,1.546429189940912,-5.013525143223738,0.8524762053579769,-64.21487026624874,163.90373320115896,202.95755046922682
43.2112499,1.1115963667619913,-5.042624524024946,1.0697356365354087,-62.522158532207726,170.38899294759304,215.08082616323114
43.2212499,0.8859910741184297,-5.0879270788688435,1.2538259202774082,-60.43161779818313,177.76951037267034,227.78086196920725
43.2312499,0.8256735121059469,-5.345961846587545,1.4435248617569751,-56.707226157448744,185.7240181712952,240.87694330063687
43.2412499,0.6463298270051087,-5.6242601318812335,1.7191354999074937,-52.16104580982967,193.5883768514168,253.86586915770187
43.2512499,0.2763594599697198,-5.576507678500158,1.830094651300142,-48.857038965761916,200.15569805625347,265.6350868345687
43.2612499,-0.3727741129331728,-5.7135374415133935,2.2665199561727856,-48.08602758302701,204.2688561622312,276.66423212146395
43.2712499,-1.2330146618153188,-6.413768990891221,3.398992529464769,-51.92560873148804,207.77618946267447,290.34706601631837
43.2812499,-1.9119188245115828,-6.97976303107051,4.429991504443482,-54.998106150256916,208.91654863290827,302.3028535226376
43.2912499,-2.2210924305514927,-7.537619345185009,5.690688935221087,-52.978888691567086,205.3983759382738,308.70039064469734
43.3012499,-2.216629988278219,-8.37842505563505,7.174420496157525,-48.11897946418617,199.57364796936162,312.34252840606297
43.3112499,-2.2342048610999163,-9.182361388747022,7.8397795680626245,-40.102089938686866,192.03345343535375,314.5019431569119
43.3212499,-2.549242465153136,-10.583417366895072,8.356760557015296,-24.07731057513819,180.58358700920093,315.4913112297825
43.3312499,-2.9058735908966526,-12.582458914699734,9.425627147951586,0.7185108326019055,164.6787557588382,315.5669883499636
43.3412499,-3.0319859815405463,-14.089385274664702,10.294152324623116,29.411621856723333,147.08878680667226,314.7280856652198
43.3512499,-3.1442837070825735,-14.631779260818577,10.924724853042694,56.15442273974161,129.5368182344046,312.01262807168433
43.3612499,-3.3004333936797488,-14.678638272225093,11.899204790449607,76.91699976374564,112.29907555267027,306.4891017708319
43.3712499,-3.1635251150897914,-14.707878702375647,12.957622632315235,90.9223188829695,95.1324650931014,298.6251035309035
43.3812499,-2.6466401685346965,-15.332447924042729,14.41563942514124,99.08638686347341,77.231292705643,289.2349817585541
43.3912499,-2.070281823179223,-16.41115540273633,15.713158070241363,106.11219905546119,59.091006225690215,278.21525658366625
43.4012499,-1.4676307372344821,-16.47975295011213,15.864911519505286,110.38333445104504,38.84348630263592,264.1897544909121
43.4112499,-0.4227739170736811,-15.904411681288755,16.017782305789474,109.24965953879423,15.79715442218974,247.18213821592357
43.4212499,0.8918635138410599,-15.968436166953548,16.819411628766762,106.09888357847912,-9.668338748127416,228.13856134285882
43.4312499,2.017711466363269,-16.660535890710452,17.510036870243862,104.41554698476462,-37.88707537995469,207.7609476779154
43.4412499,3.0143123320654666,-17.23125290031253,17.72754693810861,100.12508367348343,-68.09132672700872,186.9828366555018
43.4512499,4.207193779300257,-17.47632363165758,17.991571176297345,86.44739483883106,-100.52007384439726,164.50026834866014
43.4612499,5.748875221404311,-17.122954527678708,18.017994578008018,58.17669866352556,-133.41858361954908,137.88129365789916
43.4712499,7.657994425678596,-16.620971114130857,18.43297014335446,3.6099933450503388,-170.6325361643331,98.3413517061678
43.4812499,10.518164204610217,-19.191367447178262,20.31878833843022,-71.24607017997735,-211.2365829672227,33.32327699685526
43.4912499,13.76376740096979,-24.284942010210603,23.651297040491354,-125.60205882402276,-235.3966308184156,-46.3889008082489
43.5012499,14.161334342996815,-31.232729801097857,30.75215231793516,-147.3272160294354,-250.36914249183124,-143.78597804268557
43.5112499,8.593292147238234,-43.04596414166153,39.80565639716055,-121.95515036863061,-268.53464284318136,-257.3278204553234
43.5212499,-1.7256820234565766,-56.8199262892274,44.244806543811734,-35.65795224129102,-295.71423833495265,-366.9608617273268
43.5312499,-13.495690511698205,-67.3463399850129,42.65118478105561,81.66236746560818,-331.0158157821216,-460.12448019266424
43.5412499,-26.131323070075474,-71.98621535081988,36.65072155078428,215.59810437824498,-374.9701377822923,-501.60395761665944
43.5512499,-38.75980011084113,-64.61222910980497,28.926941193061875,302.58475234581533,-454.7660938692596,-500.14324136591455
43.5612499,-44.6390729891506,-51.01935581150712,23.437722625127765,292.0230786972635,-503.12609786833775,-499.4579371949475
43.5712499,-44.88642370275956,-40.00158959373937,17.42985217800211,223.0034560653444,-500.1137144091254,-500.19947955722057
43.5812499,-45.31204418630481,-28.239339273146655,6.617984833924427,118.52040107161147,-499.4379984849512,-500.5101327126754
43.5912499,-41.872807986830004,-16.363315976216608,-3.8057218225396565,-9.074325605338553,-499.4481462427111,-498.5401992961968
43.6012499,-37.53331881769199,-8.88566884863445,-7.645793011281594,-95.98353236588503,-502.5591169758033,-501.8021194174452
43.6112499,-38.94893481122688,-6.307690598863774,-11.197211064338589,-115.57308833049645,-487.65997053615246,-498.5649829416183
43.6212499,-39.77228169437291,-6.574541586563498,-17.826425119482256,-94.53945757755514,-418.67621198092434,-410.2263809194935
43.6312499,-35.20385002340587,-1.459737004188853,-19.899760406225603,-35.0462298137874,-331.8148194003817,-279.47585391866824
43.6412499,-29.857621288629787,11.540334666977175,-17.979297902382747,13.750210593701581,-255.5367653387791,-194.8569720817609
43.6512499,-26.48905856905812,19.15796481621466,-16.257711895467086,11.655791930499475,-188.03273775318362,-125.93038484917074
43.6612499,-23.299766381771505,17.308124965661,-14.398392935818501,-20.195663716693794,-120.5942509527736,-40.7886472197841
43.6712499,-20.977629295600167,14.057609662521857,-10.736144474553482,-64.41277983151672,-57.99165073413414,34.53680219958834
43.6812499,-19.538091171763913,9.45200796899846,-5.299592643510874,-94.71425740260516,-9.621905186471835,77.71469189910079
43.6912499,-16.61726397584803,1.7388889649288968,-0.558364845533414,-90.87015609194181,22.014281654822362,97.68683685266751
43.7012499,-12.448163072745169,-4.452906514803944,2.5620183501826337,-62.47300636275163,34.11950205540132,104.8908581824785
43.7112499,-8.007683595866757,-7.679095569513866,4.85459354567052,-28.097342672181707,36.49044614413333,106.26378476201334
43.7212499,-3.8293262316900756,-8.315665745901967,5.575212204858299,-3.5016780418143005,33.70834231731845,102.93448678905432
43.7312499,0.14434515082640179,-7.410632042101711,4.863962986747757,4.966625485908005,25.448887643094352,93.70123927918489
43.7412499,4.542706296977458,-6.339338281013336,4.148435444241889,1.1503119344662476,15.500751417076117,79.32384981854196
43.7512499,8.706309645741554,-5.95527758377906,4.029823601083811,-10.222581869597287,6.446242240408825,62.640753047009106
43.7612499,11.677029151164641,-6.100823040938827,3.9543130051688467,-26.86699412705693,-0.6162606786622069,45.519534305942294
43.7712499,13.485676349388289,-6.314829110160094,3.9842092061679866,-46.15101713095016,-3.712913664489964,29.322939991696966
43.7812499,14.470430633399284,-7.228043836276978,4.6340836728595285,-61.34902770183935,-2.4760841851257127,13.942569786397877
43.7912499,14.806008100202774,-8.411729646257992,5.181012449871382,-70.67819331016848,1.4045294248586477,-1.5046376849170366
43.8012499,14.610880753424658,-9.145169026490642,5.102493003956378,-73.08953583021014,5.807194702723554,-15.443509349061443
43.8112499,13.978165807308962,-9.57680115648803,4.9829039213426825,-67.47751323955978,8.707590997214924,-27.544114932691294
43.8212499,13.02559787401893,-9.95354401725297,4.775701668491686,-55.158662893879274,9.322876762618458,-38.73562813851827
43.8312499,11.985465781902072,-10.345294935147122,4.103405049200364,-35.38397659215549,6.766474292928236,-47.9967865259403
43.8412499,11.21024138587809,-10.415489853798904,3.357399297345972,-10.37507822660524,1.0680265603948327,-54.29260930114232
43.8512499,10.745038560834256,-9.989740618154594,3.092279402068673,15.082510579723635,-7.191578551792567,-58.060904194449634
43.8612499,10.48080339475871,-9.195285534502064,3.003555426022555,37.97959558870453,-17.023273337186033,-59.95854094449459
43.8712499,10.14931877387717,-8.158642756275283,2.802136282989502,56.09778414501027,-27.566433964611694,-60.92736182103322
43.8812499,9.614228626909634,-7.062139483386255,2.579394167716834,67.65297389006739,-37.839220614896284,-61.78221432913105
43.8912499,9.129793451770663,-6.015924229143292,2.1303691932700906,71.6014348529902,-46.67113580069571,-62.42784234176994
43.9012499,9.000734680166415,-4.76778835277118,1.3805840842854802,65.81432322227244,-53.562638470771624,-63.063629550710225
43.9112499,9.184322504379745,-3.5068907698632987,0.8176560260382872,51.21016320120603,-57.4305870593955,-64.55360345143133
43.9212499,9.37273304355163,-2.4279906404143135,0.48995093443991033,30.701947785836015,-59.51818266577069,-67.40622183656028
43.9312499,9.488917409844435,-1.7310013698678672,0.3586298922145062,7.3431649634907,-60.3732829021682,-71.12580111717187
43.9412499,9.496078987384907,-1.5522731648671713,0.19206276565095048,-14.882617641830505,-59.68801270853902,-75.05172863386947
43.9512499,9.404112250790533,-1.762333508493542,-0.03065914631457147,-32.487675534451945,-57.49696194287085,-77.35864744962362
43.9612499,9.239092052928132,-2.1866736182478057,-0.07871699459146086,-43.69693305647413,-54.40905279889372,-76.97924728574743
43.9712499,8.990423631707754,-2.643260620022744,0.08817664756523123,-49.94673836439873,-50.90536259003031,-73.87537887986663
43.9812499,8.792641667621739,-3.1144474920823715,0.47695191711158913,-51.278431171787425,-46.87318551706193,-68.65460144846517
43.9912499,8.679246399210722,-3.6156282204961534,0.7825797984160471,-47.05165736789762,-42.58563815033024,-61.81782554016141
44.0012499,8.702773962941352,-3.8614442600935908,0.8210740914199679,-39.435938100279834,-37.47157976746964,-54.68503857073183
44.0112499,8.740507381723617,-3.802825272006555,0.8920411390328066,-30.18833544646566,-32.28789190055992,-48.52525592976163
44.0212499,8.701388475716197,-3.664980435237675,1.0775499256453005,-19.78674112194065,-27.391122531245582,-43.54220841090093
44.0312499,8.563967107809571,-3.5716275201862246,1.1986729153410014,-9.478983199753976,-21.984336498285934,-39.75945293892392
44.0412499,8.267873905057108,-3.631697820714281,1.2123043587700062,0.24452159193946946,-17.029625812600038,-36.454254990123786
44.0512499,7.936973851301255,-3.724742660451365,1.144445223499476,9.635609052152013,-13.02144105284965,-32.68170344204625
44.0612499,7.719756646698526,-3.737774737452819,1.0061572714334892,18.075846043551078,-9.415180673639075,-28.268368605831952
44.0712499,7.591067415769052,-3.693592040376859,0.7894532419019952,24.44969638713273,-7.130911535014505,-23.49018488718001
44.0812499,7.534440135959245,-3.536943343520719,0.5223733111099292,28.219162627286302,-7.2381432950180296,-19.051224742079487
44.0912499,7.55356914575808,-3.2416443094307423,0.3083341763719242,28.683690905370955,-8.202999288883696,-15.369770088104431
44.1012499,7.6665312644194055,-2.844311407414092,0.0723138694767147,25.51861365049469,-8.933654029184154,-12.218324294717513
44.1112499,7.8497934433391725,-2.5495976198624075,-0.06602497564208046,19.361749685754628,-10.283605037025072,-9.835582241879456
44.1212499,8.06079305586786,-2.552935754703536,0.0012919723286364902,12.404518135442554,-11.473111424253068,-8.406206343488433
44.1312499,8.159273411857072,-2.6390706133537547,0.06555472698276682,5.493565457696954,-12.080514142139263,-7.501865391300194
44.1412499,8.248548261067116,-2.815571114668499,0.08647584620196491,-0.25744704581744665,-12.388276395064814,-6.657135041563855
44.1512499,8.355720270300193,-3.0625943920930174,0.051000568152481295,-4.089780016133077,-13.038647404744545,-5.1904214143873855
44.1612499,8.408200198627972,-3.2961634507459245,0.026461004414624394,-6.306632163037873,-14.137776749536657,-2.9483040803261527
44.1712499,8.483689938578319,-3.484362829609131,0.08443227596061012,-6.985672716099462,-14.614298204314133,-0.3802814488331338
44.1812499,8.60148399054964,-3.53256069579156,0.13454536543234005,-6.231884482365191,-14.544366123476829,2.2241907668671437
44.1912499,8.8352459113076,-3.5226118002659486,0.21650677008601013,-4.2810608740981655,-14.285376138138707,4.470473153342844
44.2012499,9.156776869423902,-3.534741968493441,0.3650743213541041,-1.622688826098396,-13.279440935027116,6.321440629447635
44.2112499,9.310776773976293,-3.533716500645843,0.47328379840665913,1.1266581523424715,-11.844366065442221,7.988985576591242
44.2212499,9.251503261748253,-3.532718660576352,0.435468304102967,3.3013115003014866,-10.61623264825993,9.449179103344106
44.2312499,9.144994642618055,-3.5184322222887223,0.33744704875857373,4.949574004808203,-9.760278009185926,10.631417522740456
44.2412499,9.111736063188365,-3.537736586780418,0.2726522771359176,6.301295209913185,-9.153653932910187,11.51769647172779
44.2512499,9.055124636681962,-3.6647540887012378,0.3166676044316773,7.15675527261961,-8.773528656317273,12.203135772570425
44.2612499,9.008126537801186,-3.8852232277146372,0.46445082013248357,8.2854048577196,-7.730593791494057,13.028083931037909
44.2712499,8.874566310745712,-3.9174448578318124,0.5909763088682927,8.023114882771294,-6.806667816783823,13.659524875398755
44.2812499,8.82944848205498,-3.9841426317830937,0.695664180653339,8.073490150954727,-5.473519904837658,13.873476301385125
44.2912499,8.876348742711267,-4.216037298395386,0.7828663693089867,9.322295023465903,-3.336284286216881,14.06934497184199
44.3012499,8.65869934181233,-4.145564951600722,0.8464257388121625,7.931966033203254,-2.5593542397968054,13.80424079760305
44.3112499,8.54561345633463,-4.156384001163672,0.8149072253505658,7.047969000724846,-1.6536914865059837,12.855330658232514
44.3212499,8.4966323979114,-4.3053992222703545,0.6482670072319163,7.283823354607002,-0.6646897227044865,11.909469215110393
44.3312499,8.300187909893989,-4.373941297529129,0.47619585548020593,6.6443267719574655,-1.203304569737241,11.231408689302217
44.3412499,8.361405807932794,-4.486558435549408,0.3655171864605823,7.361320238055093,-1.284665921513232,10.854925220671168
44.3512499,8.549831934109617,-4.395965971534959,0.38290679267139993,8.178507422062175,-1.128927302845183,10.457555480863062
44.3612499,8.736904572114984,-4.3154742833917625,0.5278408358456903,8.544616566567964,-0.7962436875313181,10.171766411416717
44.3712499,8.954966321695387,-4.437374421585532,0.6825740097096592,9.754978707021639,0.4316127444437737,10.387230422568008
44.3812499,9.03946354312089,-4.507481492147566,0.7135616290934672,11.295679786598551,1.4829800019120638,11.135775451172401
44.3912499,9.047448444729577,-4.505622203751196,0.6051990040379142,13.05528223445333,1.7583155597441849,11.866122106982207
44.4012499,9.033357104837206,-4.444705229677725,0.4931546127102721,14.577992114509978,1.2985066543708095,12.24651408695635
44.4112499,8.999264548868338,-4.353198357268377,0.3757858109835456,14.936736250841648,0.7970350707490406,12.255771352041501
44.4212499,8.980756475129402,-4.201900213009348,0.22044140322375907,13.618310260043438,0.5057316877649694,12.069473517326495
44.4312499,9.01367727830682,-4.073491559536328,0.1939671077136128,10.725233114048338,0.31948061172642445,11.707504308932451
44.4412499,9.06651749857122,-4.150352855699176,0.3295089182974022,7.216335952045368,0.5296386361982026,11.35403389087545
44.4512499,9.127842781183748,-4.356234435573994,0.41835042302767406,4.131552261757346,1.013808533455873,11.345320675688356
44.4612499,9.110059829242926,-4.5755783559242555,0.4677434949395727,2.1391927977965097,1.2153314063898069,11.600173594898273
44.4712499,8.92870748722515,-4.7487840743214,0.5322304376165932,0.8747661477529611,1.1281546981516009,11.820796265681187
44.4812499,8.730075389010167,-4.862893554134969,0.532511985490803,0.02590372527026323,1.2388347252939629,11.768562184303052
44.4912499,8.6089432230199,-4.894503451704348,0.5075092600478578,-0.6380130002666569,1.0812526869715355,11.413693004363727
44.5012499,8.514833846640672,-4.944176636066836,0.535668992232262,-1.3525570617632914,0.8845954383233661,10.816007044229288
44.5112499,8.416842602866174,-5.077344625493121,0.5736032029464602,-1.96788285549116,1.1521903951410397,10.354676285952717
44.5212499,8.374529916140416,-5.196935973164742,0.5746608831958461,-2.6542943807935555,1.6359693557692447,10.112664668214016
44.5312499,8.342418606511455,-5.257473162520427,0.5760857799696036,-3.3174933259165886,2.3946094542114316,9.891308463890141
44.5412499,8.23616073833697,-5.274327726099385,0.5403377397686072,-4.13969452514278,3.2721505463229508,9.777264661352067
44.5512499,8.102881615450638,-5.2471612044992355,0.5011528176923896,-5.508481378443173,4.186828237025317,9.866666483348926
44.5612499,7.968176983891506,-5.240752487505784,0.45370604096815903,-6.998652736172315,5.09955446201373,10.238119168596167
44.5712499,7.795138760394644,-5.294478568938215,0.33744854997459245,-8.639748221065165,5.949702367211436,10.508580052179276
44.5812499,7.632495865271515,-5.3821373432841835,0.23318649560780572,-10.241092902487178,6.7427226821496475,10.962826602617733
44.5912499,7.562044452465132,-5.441597986620948,0.1663735769690193,-11.90133401982972,7.84356027021808,11.507517929161551
44.6012499,7.530234899671766,-5.452720072367975,0.10207866253629005,-13.6663493113999,9.10880653940306,11.722670757272558
44.6112499,7.48831955771669,-5.448723317588463,0.06528924263240347,-15.79914523132519,10.593542588232713,11.987978409936158
44.6212499,7.407000880306862,-5.509420362570944,0.06499304451887533,-17.957031229489182,12.500861500075315,12.39608309714553
44.6312499,7.299700760355258,-5.585874133981283,0.04583874048654468,-20.009648203691793,14.955462119106041,12.988864470334489
44.6412499,7.202009399848569,-5.650918543761051,-0.04157402188218515,-22.020485471311677,17.42500692107515,14.098929942285185
44.6512499,7.1182870946694585,-5.684463768426979,-0.12526974243498515,-24.05830742554429,19.883426186733487,15.312123933176725
44.6612499,7.037471528113697,-5.700470012513155,-0.15051515000985516,-26.3297093666402,22.495902658687555,16.526232404534497
44.6712499,6.94078828762959,-5.7263894524917305,-0.15977351592697112,-29.21802960503648,25.220343516961695,17.740614715386183
44.6812499,6.819633180149564,-5.669050066311446,-0.18641466564300366,-32.63111091957663,28.42206449902802,18.5929221458165
44.6912499,6.700906996687955,-5.5655697797795405,-0.22149542937928837,-36.37563575904177,31.816099012121928,19.25512282571036
44.7012499,6.577224642575589,-5.548720080228487,-0.2131981788713101,-40.66110856464724,35.31068993259116,20.203795653408914
44.7112499,6.42282735170668,-5.5957846384356635,-0.1759963438729936,-45.12201098847156,39.31062341861446,21.67691056928196
44.7212499,6.217684206341739,-5.576193228173186,-0.190530589063585,-49.551604427991606,43.43929083709717,23.49244631885339
44.7312499,5.996578645750272,-5.565029300846032,-0.22749156343000132,-54.4751651782539,47.96873239885665,26.23537966067526
44.7412499,5.8255677403503565,-5.612700284050248,-0.21681677343775166,-58.96128724509588,52.49889679327236,29.67194196751388
44.7512499,5.639110758621022,-5.595392369512567,-0.20710280323323607,-62.884848494494854,56.72410047885842,33.09154935661088
44.7612499,5.414666336949695,-5.522048339809068,-0.22378825060508553,-66.65425771644564,61.35734831481218,36.986225419620425
44.7712499,5.203156533567915,-5.499085457090486,-0.2441855494350476,-70.33460215391095,66.1690784828565,41.49166243776739
44.7812499,4.975125066712397,-5.481169715781136,-0.23225122479309857,-73.87760981634783,71.09631696712513,46.90129013249089
44.7912499,4.69890712963134,-5.38014190439791,-0.20074976077621978,-76.91560051723572,76.34566245483886,53.22076935754897
44.8012499,4.400650934871522,-5.248327710305342,-0.22614375195747535,-79.72070388629568,81.95544146118004,60.5012099183
44.8112499,4.100756088860075,-5.128754770024585,-0.31180658974037306,-82.46391299150278,88.00109913579347,68.70827656597011
44.8212499,3.8026110579798926,-4.948661691936244,-0.41091159779132613,-85.4107419590932,94.40352979995431,77.8091684225882
44.8312499,3.5191835484009863,-4.711823822567047,-0.4499346502787597,-88.54226446062495,101.10857956600216,87.58242248849258
44.8412499,3.2893480650167954,-4.5003492644654965,-0.40382090957562017,-91.47217615793883,107.9510646937312,97.63391552260721
44.8512499,3.0956926091425583,-4.319817997450985,-0.355574910802783,-94.15397866100346,114.82942550998482,107.97000932968706
44.8612499,2.8761495919195843,-4.191341933458649,-0.28583711085483604,-95.82827591426893,121.91652401935434,118.71011069460042
44.8712499,2.6046486818582855,-4.1898514634172965,-0.11979034528914276,-95.79352669453,129.25065965804598,130.08065370088391
44.8812499,2.3560092985344863,-4.289179799959224,0.16193426807982153,-94.14236624519197,136.80875602701218,141.90483747601874
44.8912499,2.1298946182452823,-4.345290850341502,0.46126002569184377,-90.9786322071409,144.51687598183668,153.9844598730546
44.9012499,1.8452824621463306,-4.314634878724569,0.6550823669731727,-86.9181942296668,151.94383539108085,166.15767783670196
44.9112499,1.5933159318006507,-4.333498495814805,0.8951797831238134,-81.92862395194535,159.20289938862462,178.62565524196057
44.9212499,1.41038379520971,-4.331162276218761,1.2019151416499885,-76.02256101283727,166.3784496334029,191.05629410254576
44.9312499,1.2515335105137506,-4.150684722143623,1.5118398782198055,-69.80693141786597,173.4705812643796,203.32586770985108
44.9412499,1.1133722253934275,-3.8714128531087453,1.8549857655960724,-61.981532816801305,181.62468626357506,217.20932397134087
44.9512499,0.9541786963249383,-3.5792119974657592,2.1944243047186243,-54.020570615572645,188.66488224838653,230.76286886543954
44.9612499,0.888690838262744,-3.474824636428193,2.7332038250623305,-46.95804887313806,194.92402902847607,243.9046164056864
44.9712499,0.7466791823301461,-3.6133309390614006,3.2661364391600474,-38.83145669955352,202.29659254695355,259.15595823026973
44.9812499,0.2363262127480173,-3.719012436075797,3.694760097974153,-32.22408263941249,207.68429520728392,275.9767030710459
44.9912499,-0.26109098372321976,-4.601562490291384,4.5905333642361565,-24.724738346115593,212.17472447084108,293.95485941283954
45.0012499,-0.79447254933931,-5.580534342824751,5.358552133869753,-16.872789325979497,216.38169540289897,312.12290166013906
45.0112499,-1.4576464104647808,-5.8438867530332175,5.562833195933882,-10.173625868111452,218.39279348758376,328.3126824774578
45.0212499,-1.7426603241053138,-6.341095400834027,6.195691067659487,-1.9267288355055536,218.94720283441546,341.45008927592073
45.0312499,-1.8738301135435362,-7.424040575885134,7.606428205054859,6.581247161124013,218.90721544866335,352.09858433425717
45.0412499,-2.3861984774495046,-9.049141197190428,8.824670150018942,18.37022664492654,217.58742407230315,360.4510563189344
45.0512499,-3.0622186421682227,-10.722369003786975,9.670283119458597,34.353143294145674,213.2614318863591,366.5611242487132
45.0612499,-3.370423470056848,-12.662808308060637,11.05199334149073,51.8535189149751,206.3664135963215,370.8465708873122
45.0712499,-3.559326903832016,-14.665123550257091,12.901366368100765,67.07052781978638,196.00885683931702,370.83176147825816
45.0812499,-3.722161980715423,-15.606481078183222,14.56617040840078,71.62411637166436,178.19582362676505,361.89601155248755
45.0912499,-3.233838780321476,-15.912349272581304,16.26118624581639,64.97020237831481,150.7532722146137,341.8551634573042
45.1012499,-1.9467909456827353,-17.402228842874102,18.858924271592183,54.66485389962325,115.07349947271382,314.809371558796
45.1112499,-0.20528177100577683,-19.97632165599358,20.920428205027704,47.087134468891534,77.88508013775167,285.531692937026
45.1212499,0.8747810804027041,-21.954874230882897,21.49947535162329,44.33618870943056,35.97107307968917,252.46163565312148
45.1312499,1.9716175427392515,-23.476887284676074,22.64718679805553,44.25917050735112,-13.72270460863199,214.02899718710637
45.1412499,3.856422968768996,-24.930375124889544,24.5609864335244,43.503228340004064,-71.37285904737992,168.23293646160397
45.1512499,5.081931829765007,-25.549359356992785,25.63945127734913,32.493652858850346,-142.6902777384904,109.70932027870008
45.1612499,6.184126312504967,-26.010910958007948,26.096428497159636,13.725849043616563,-207.3201618054121,51.93988169388162
45.1712499,7.82508187292178,-27.380843430496427,26.980120883740014,-5.749830280423945,-258.8459836015528,-2.759983882274023
45.1812499,8.558634839673488,-29.914885077998647,29.043804463697786,-20.077735518793645,-304.0519225889831,-62.28462935648893
45.1912499,7.719689593828441,-33.43020740709028,32.240189381033915,-20.938361504450505,-341.7730628889113,-132.10502886234926
45.2012499,4.577391204876989,-37.59361285941899,35.10959476543072,1.146428247470878,-375.7234967234569,-214.1962503910941
45.2112499,-0.9633246077128282,-42.16407987334477,37.5925595080608,40.513361705055345,-414.89445216552156,-301.44270463212246
45.2212499,-7.881037265167196,-47.39571524779265,39.156442594807594,93.13401065684369,-464.0158927244653,-388.1023665271007
45.2312499,-14.896930876835588,-52.80725629429293,37.75811753542262,157.93385501373837,-498.1467825077418,-464.4445902278753
45.2412499,-22.001087971976098,-53.74668331187821,33.73505292993171,200.43622475169175,-500.97127948212506,-500.190060576321
45.2512499,-29.48157326388837,-48.93064032662076,28.336141140284674,202.83334529944636,-499.33173066323127,-500.3056625858146
45.2612499,-37.425196794136504,-42.121853964267416,23.86814364115941,170.16331218271472,-500.3780801082166,-499.4982061513313
45.2712499,-45.784118765984424,-36.08462688064598,17.287761577185226,106.39487730736217,-499.90499775546306,-500.6370256045344
45.2812499,-47.792985611940416,-28.494687609596912,5.242525373359822,31.006408311535836,-499.217557917603,-498.87801902588404
45.2912499,-42.01612887813211,-14.398620236153095,-1.4809922454074347,-45.779556985736406,-503.1196358434674,-501.47710166357035
45.3012499,-42.09087276047137,-1.0966080435528052,-3.947946384994977,-95.98080738400598,-480.25268095519766,-495.6502044772767
45.3112499,-45.44381717537476,0.9195710319157726,-14.491036038539576,-77.36115754374582,-411.18062421954573,-409.7310047049004
45.3212499,-38.40959488321049,2.9574567322615426,-24.596978588138132,-25.447758336553612,-335.08282476177754,-253.60134006606805
45.3312499,-26.645374976360326,15.35438518643065,-24.380056296923318,-3.1669254886647655,-257.84692860338964,-126.16760463766485
45.3412499,-19.618160779114678,25.05916755990205,-21.309639583624232,-22.58665009317246,-181.6858717748195,-49.314276347526246
45.3512499,-16.20012518428377,22.45393104549436,-20.076101154241996,-82.40881125469406,-103.66233212349104,28.35325879208168
45.3612499,-15.179953121294556,14.362209504539436,-14.457356444532639,-153.49016348083842,-36.67153517573582,98.54032204993761
45.3712499,-15.2584771022453,5.787627460399907,-5.476368469180597,-183.62118725693884,-7.203122498927458,125.56813244599746
45.3812499,-13.698381008277687,-2.8714414016705394,0.9058739237003988,-176.25014312932703,4.733874501954572,129.26798772496585
45.3912499,-11.157547975254783,-9.067735997028828,4.3143371063324505,-147.79581758558177,6.255556328740863,121.77252012624405
45.4012499,-7.54511885981555,-11.919913985480054,5.940803276525707,-115.55328674482665,0.37898922972338633,107.046199136119
45.4112499,-3.2033490307143007,-12.109548099584499,6.345865269888663,-87.89643293949393,-5.531983683093791,90.49892271817227
45.4212499,0.7559746963783904,-10.916261325469621,5.666997755691236,-68.30622409280235,-9.796883974819913,73.6907325152043
45.4312499,4.715423396918191,-9.630352371283665,4.175254285274276,-55.208612142310585,-8.548284067232458,57.965671279666594
45.4412499,8.141818712070766,-8.513761218835793,3.0219682643184598,-46.72651265076027,-4.008107968422633,43.87551279104565
45.4512499,10.399851914683804,-8.076471042274505,2.706219030580065,-42.92322489023442,0.6948155150385013,31.59513407799345
45.4612499,11.759755466129384,-8.200918848318738,2.7116356011034815,-40.560907559249955,5.920500213490608,19.86376729259082
45.4712499,12.232713402252287,-8.381920999361023,2.743431679793867,-37.97407815727875,10.32090455563222,8.208148582099097
45.4812499,12.05871520344948,-8.691379232712896,2.6154406631512823,-33.77908748480786,13.5407682738075,-2.6086715488713996
45.4912499,11.621027477691586,-8.831203717051281,2.476513871011306,-29.431931007453876,15.439051100297693,-11.989361179268057
45.5012499,11.22807196106942,-8.881203632649497,2.5840908167191037,-24.989233660570964,15.774897100124042,-19.61674012570407
45.5112499,11.117442039146376,-9.079779980957971,2.618159128317202,-17.707352071299212,15.238884650979795,-25.683883904526727
45.5212499,11.031629766867193,-8.95560217665694,2.5653105127570557,-8.784197121003057,13.124506056043105,-30.484201789768633
45.5312499,10.610741846060051,-8.709802379279465,2.738962585183805,0.2633455331566417,8.511804767112753,-34.29453388698371
45.5412499,9.943728362661943,-8.53167842282255,2.5904230584717634,8.918153000808047,2.202359542364516,-37.08670037132001
45.5512499,9.418666348029783,-8.16292692309959,1.9527499293447397,16.083537526074252,-5.580056838974084,-38.70357955933103
45.5612499,9.169493933717815,-7.478483259644817,1.440145589168309,20.15732999869464,-15.095391568685253,-39.739529139487885
45.5712499,9.109948160141624,-6.533840560395158,1.2217255622953156,18.99064290989965,-23.7430523410112,-41.6117117397339
45.5812499,8.984557608874756,-5.825937243037573,1.194211043789205,12.618543526073385,-28.82752243451324,-44.15828885967904
45.5912499,8.832275879615619,-5.180714085776546,1.0477087068729452,2.1748180123529597,-32.06973473609533,-46.99182023968885
45.6012499,8.829655668441509,-4.4589296041853395,0.8145767783360002,-11.553971923937034,-34.545502641637064,-50.39622266063193
45.6112499,8.906643069977168,-4.034309361798423,0.533762250369197,-26.010777923201587,-35.60486952372523,-54.0263332057057
45.6212499,8.947869258314803,-3.8292998906010274,0.25116671654250705,-39.591929407433916,-35.856541828537615,-56.8394486075652
45.6312499,8.974153255997557,-3.803678076768826,0.04524838943429382,-50.920570973692875,-35.72389362002434,-58.157794037542395
45.6412499,8.837134857937711,-3.814650495185629,-0.18370501961724006,-59.650464992271104,-35.2928914644897,-57.86165294390243
45.6512499,8.693207449633233,-3.6926043177471852,-0.48637089278646034,-64.76721861242679,-33.64918977477401,-55.87939968523411
45.6612499,8.681855411510277,-3.6673344822233327,-0.55152308153661,-65.76199045152532,-30.306010070818346,-52.69692653955663
45.6712499,8.48763156385158,-3.6246247332669306,-0.366351302385019,-65.25345635968318,-26.416740119560693,-48.41715419815884
45.6812499,8.118254606011973,-3.460534691018493,-0.25924743708750064,-63.041393798390025,-23.324194792568434,-43.51759937083369
45.6912499,8.061433112536394,-3.610658809637669,-0.08419318688099205,-56.858835691714866,-19.934998019269113,-38.10701006745903
45.7012499,8.218449277856024,-4.057649911954266,0.08384355329835155,-46.59822776738207,-16.302633506981078,-31.58323812006773
45.7112499,8.233184485070193,-4.280786556681283,-0.044830609634712804,-33.49706662704159,-13.649922881069825,-24.73654129399854
45.7212499,8.163741921724103,-4.3274413749161,-0.3070192778287821,-17.805603865410397,-12.347023682259614,-18.34369122925815
45.7312499,8.170620241096385,-4.423723838973782,-0.4379662197850036,-0.6222510235731078,-11.161190120410243,-12.22701066180593
45.7412499,8.189761915937718,-4.412103768272493,-0.43739848278907406,14.99267061143581,-9.12386393301633,-6.663702466468177
45.7512499,8.086989135528349,-4.13539867989276,-0.5380981800789811,26.29877239595268,-7.404737731193806,-1.945626584916279
45.7612499,8.083844388933645,-3.7553688061715182,-0.696524564352978,32.71077538883598,-6.031357163637298,1.8816092169418344
45.7712499,8.259261093593004,-3.5066154328008565,-0.7238106740683704,33.92719194668669,-4.452987112051334,4.434842507473625
45.7812499,8.345166050360406,-3.3075617098986467,-0.8336655180328892,30.01224075508048,-2.832359121382868,5.640248015439456
45.7912499,8.259654495848158,-3.2212964411163902,-0.9864558179885156,23.345913685042547,-2.3489841847565462,6.123525868106396
45.8012499,8.135270575879412,-3.2792750938119855,-1.0576351758220615,14.970529533150344,-2.7118882378611353,6.4083708471376255
45.8112499,7.985195608337961,-3.343563962346085,-1.0519569936656485,5.248377750287716,-3.496234967023004,6.572710130791053
45.8212499,7.8793007282212715,-3.3803303060256393,-1.0350506233754633,-4.527252692515106,-4.710088123995645,6.039727510909627
45.8312499,7.8683953869546,-3.4830619504325053,-1.1133506742881354,-13.244406118673831,-6.498429367686553,4.9313423956056335
45.8412499,7.971249580726731,-3.7014317664864866,-1.0561689444891842,-20.299867835831954,-8.15169855666205,4.109573310684429
45.8512499,8.204990906168797,-4.052341439070702,-0.7730377338869712,-24.568895460850637,-9.397455232360057,3.9561601093706096
45.8612499,8.450268291874018,-4.402963424314078,-0.49318151650274306,-26.193005208572462,-10.1184280896304,4.066018724109756
45.8712499,8.604451040900344,-4.639818668009109,-0.35615573815935603,-25.834148282027726,-9.762167552559937,4.244096327390554
45.8812499,8.757860377349502,-4.779513039755028,-0.3884525471389119,-23.550979455334332,-8.810454706969368,4.5557841798631475
45.8912499,8.82256025397767,-4.909735713749918,-0.41596824614671707,-20.482882678357484,-7.907689021434545,4.791165238742848
45.9012499,8.717973334993394,-5.0712276669618825,-0.410938504411885,-16.936987624877005,-6.853877035552048,4.586696623174473
45.9112499,8.683404687396369,-5.108781801293587,-0.5346552423602149,-13.170323141977974,-5.550539277671092,3.891798000112687
45.9212499,8.850911226385874,-4.996737441328298,-0.6487394210127245,-10.190953811996176,-4.166324241415849,2.8158838203107424
45.9312499,8.982771467784298,-4.920033314429353,-0.591282574282571,-7.581353934504809,-2.309135358503614,1.4323763424749083
45.9412499,8.948217002836667,-4.870036450248045,-0.5042803053988598,-5.037572337962368,-0.08807469833568435,0.2380342577886658
45.9512499,8.896151989440284,-4.791900787273556,-0.5256041901213491,-2.9722422828886192,2.0085468281682473,-0.33038459926494596
45.9612499,8.790018591889968,-4.762730426363773,-0.6072785637282466,-1.202021691338556,3.6911969806403864,-0.1752656563516066
45.9712499,8.575566085177973,-4.763443271964339,-0.6887909449539241,0.6035143212230675,4.8191509847143355,0.5180879031155841
45.9812499,8.438563288035967,-4.7161423013421695,-0.7603079484303086,2.747712821345084,5.356886910053443,1.6337696705537794
45.9912499,8.367843356695703,-4.711648453250632,-0.7895464577636545,4.4479425840411375,5.71626509802539,3.0385172974543195
46.0012499,8.23556333108596,-4.68897211575299,-0.8317570755725091,4.329636837732623,6.126884725757058,4.361530274517312
46.0112499,8.135592363027909,-4.532218996518983,-0.912054737990214,2.1755042170091836,6.804804311552436,5.438280140844545
46.0212499,8.167391016721288,-4.429023808699721,-0.878794742210572,-1.2624712405077436,7.811634822013165,6.278423990246477
46.0312499,8.238688047122054,-4.497209842947238,-0.7480535270989187,-4.811663582070418,8.996074763712807,7.273736271643169
46.0412499,8.248606470200633,-4.677160735852471,-0.6905655727343669,-7.519476462945615,10.29806406392797,8.244477631521923
46.0512499,8.257324358830571,-4.946041784242446,-0.5846776573677475,-8.637278486314747,11.486969103000769,8.688498375558874
46.0612499,8.279474302617704,-5.2266870536285595,-0.36669987886735306,-7.878338326772955,12.995906567651442,9.141895870375118
46.0712499,8.226557509448826,-5.3915598367770805,-0.3018037092240046,-6.2926890044219554,14.402510596299686,9.64744331024428
46.0812499,8.078585240227067,-5.428673651435823,-0.3108106811363206,-4.815130861740947,14.82226756010749,10.031932063136706
46.0912499,7.956718943238407,-5.5111370457328155,-0.22969737000808377,-2.789748220855674,15.045119194745805,10.098385037725194
46.1012499,7.840834132921458,-5.561305387187997,-0.197447908502109,-0.510352527477148,15.178999487186829,10.081790232262021
46.1112499,7.85818739973112,-5.525889792103358,-0.20299745506059788,1.4807224269026187,15.436057431968997,10.215183785567325
46.1212499,8.11589951870466,-5.523186454670139,-0.11623755158572037,3.7594843703131824,16.356973514077268,10.553043647199695
46.1312499,8.127971357495472,-5.436970448289903,-0.04637625564010719,4.819845720779584,16.235652090910477,10.875599289177732
46.1412499,8.08850764753346,-5.3353140554036695,-0.04203473218095159,4.732821508472843,16.112096167578592,11.054037969067457
46.1512499,8.179072967750047,-5.285356818020719,0.07294133055770172,4.0967126564188066,16.348775092711847,11.104448288389934
46.1612499,8.269596739853519,-5.375360749579257,0.28676758928915297,4.21424803586216,16.426229151532162,11.036895976998752
46.1712499,8.359512080717833,-5.688295631633096,0.47333181467175156,6.496000198045795,16.052343795905827,10.976142627631395
46.1812499,8.480958358150822,-6.065253627712728,0.6359724180918492,11.201521526017318,15.320100772606395,11.246463379489272
46.1912499,8.608868771084751,-6.352336874530522,0.8316809159766276,19.017205523747297,13.947347774903482,11.785890122374838
46.2012499,8.689644351435955,-6.426679352068306,0.9099032567465957,27.02082243268684,12.437779156271672,11.917797033651288
46.2112499,8.61807444036158,-6.277325095029197,0.8582519989724561,32.34034620086244,10.970659364611059,11.399927106688967
46.2212499,8.414272167995819,-6.00521372879539,0.7751122427204297,34.3207254649502,9.525134561814792,9.887872765440813
46.2312499,8.208975097647631,-5.697725617127123,0.5845983837219856,32.50843486349619,8.285854362269175,7.354341794026882
46.2412499,8.01553296032348,-5.365621498555502,0.30272713251891376,26.883873112555698,6.973242776905149,4.624325128443585
46.2512499,7.824744171143028,-5.052401112273974,0.07665475808432246,17.576904428523825,6.060093565481463,2.003417097015612
46.2612499,7.610805740298422,-4.80375857215578,-0.06464533785239304,5.837334456101892,5.353136446655677,-0.18469976892816398
46.2712499,7.376663694265164,-4.58976638995016,-0.20504157581855936,-7.351241949866219,4.932645675963435,-1.9561054746695756
46.2812499,7.214065763220011,-4.570513003745095,-0.3434396208166446,-19.801281013897704,5.190555311889269,-3.0720417188087428
46.2912499,7.0677247018194125,-4.764199313680267,-0.41656809445895954,-30.13973921089895,5.67787671162435,-3.129057006778728
46.3012499,6.882666144286562,-4.989772194015032,-0.4814052130417945,-37.79112195114631,6.606435595686077,-1.8893179290091642
46.3112499,6.664202189682246,-5.159339774055768,-0.5102243776626397,-42.98871866814842,8.381186484712645,0.6298298878740474
46.3212499,6.400450970116536,-5.304593047302828,-0.4946746222716621,-46.540181949447614,11.094083321616438,4.35744488239219
46.3312499,6.080542752986808,-5.437332801499294,-0.5818323657566125,-48.188603057173616,14.438978893152719,8.86719097408787
46.3412499,5.726153967569904,-5.478494540392832,-0.7101176047335916,-48.54177826277207,18.19598398264165,13.90234074481706
46.3512499,5.504599796306194,-5.600995417009678,-0.7936765363240771,-47.5345059174988,22.782215033860254,19.51263073245162
46.3612499,5.461392951253328,-5.796538288374544,-0.9198045744299157,-45.527434970760396,28.335291103178868,25.34685160271621
46.3712499,5.422776381369929,-5.903765642490484,-1.0738116215219256,-42.77903758979988,34.46328343052498,30.95979709874183
46.3812499,5.274488550177157,-5.939767495124778,-1.1580337100218971,-39.82190811854486,41.081529996087234,35.89201083683554
46.3912499,5.082870413841015,-6.040247654512139,-1.1731387284081036,-37.02613874143343,48.78345971105459,40.762462560633175
46.4012499,4.83187632672266,-6.191015970829968,-1.345038976033894,-33.7858965302423,57.97830493543141,46.23434979227415
46.4112499,4.614707903831323,-6.248196103870247,-1.635479045593202,-31.50178198496573,66.09466470339483,50.84705924938618
46.4212499,4.490684782476366,-6.229309732383519,-1.77288679856108,-30.82726786600086,73.70336997203358,54.71629630295943
46.4312499,4.338300482443064,-6.190535950826939,-1.7627849273309117,-31.60729712237645,81.81396072217444,58.56867301024414
46.4412499,4.164696037479016,-6.071904814769166,-1.787696070010622,-33.9540524573488,90.00188325768217,62.53634849934389
46.4512499,4.048446953729719,-5.9050807756237536,-1.8399464339447482,-37.88068622486856,98.24789368995174,66.49172716780029
46.4612499,3.955725312705801,-5.782335461450358,-1.8307023559905902,-43.162383426458945,106.53573235053427,70.65622093885467
46.4712499,3.8301375969216616,-5.650696458921676,-1.768646274479013,-49.364995814705566,114.77463289969934,75.38589114430096
46.4812499,3.70598286543186,-5.522391072343798,-1.644512284925034,-55.755319659573495,123.03570728874213,80.64192649444064
46.4912499,3.6099912368998295,-5.549034727423594,-1.369227437041849,-61.27128964064092,131.37735595462271,86.55560531661426
46.5012499,3.4916018196265397,-5.641353569745432,-1.0078813727272022,-65.5908222004878,139.8081728516505,93.47093744663066
46.5112499,3.319414902800776,-5.614031942269309,-0.7424156905390688,-68.74460399398775,148.0790072378807,101.20564479220567
46.5212499,3.127807041396811,-5.525705970337969,-0.5208281547026722,-70.92154592996329,155.97388342008583,109.66460186777063
46.5312499,2.897299461315567,-5.5096336374641135,-0.1947565028127362,-72.26534127661213,163.1303675414235,118.79634458748978
46.5412499,2.5909080547588017,-5.518324362700297,0.24657756264565567,-72.85739269049526,169.6483178005894,128.43613774005019
46.5512499,2.2787783592943427,-5.52055078358341,0.6916615945114609,-73.01995306856313,175.51416316954547,138.39654556110636
46.5612499,1.9957874758887484,-5.6206018536563915,1.1940025879020888,-72.14977000765923,180.69004066762938,148.77493729736184
46.5712499,1.7022876581521942,-5.618214630543402,1.700980988364651,-70.99799213064554,185.29170410289498,159.18891008859734
46.5812499,1.44796770451937,-5.206061675815198,2.006399231645068,-71.56184621972297,189.08914312656208,168.9673272364228
46.5912499,1.2561402601171179,-4.820920102814211,2.1571982243439884,-72.03685635348005,191.6620286780186,178.74066607947415
46.6012499,1.0657220306470525,-4.493361472548599,2.2812982240411324,-73.65672005427368,193.43552529297642,191.33137945408097
46.6112499,1.0060171148654928,-4.135037323920146,2.471261390153063,-76.19424983384435,195.36524094677003,206.37616196444387
46.6212499,0.9117917148415576,-4.108918499662027,2.920859229954029,-78.2208480612442,196.85415338845982,221.41535765800614
46.6312499,0.5618735470997663,-4.468898968094453,3.539439562895232,-78.90421810541999,197.55111245351802,237.2633579769938
46.6412499,0.18750475763383198,-4.830123232439964,3.8927606035072997,-75.87971482831634,198.17788962968984,253.2483138473637
46.6512499,-0.2672369424018348,-5.116398698962986,4.1540185684499935,-69.87737383241817,197.89348199137717,268.7827979235228
46.6612499,-0.8433131263089588,-5.795055706379435,4.643378775430345,-62.272774772408866,196.4679498816468,284.62904488026436
46.6712499,-1.370524880810906,-6.474942104680211,5.019910733638466,-52.97908127824771,194.5310906410676,299.92683179224207
46.6812499,-1.7077753939728728,-6.7701498639548365,5.439715652573094,-43.73496606780061,191.71000675393205,313.4720838879315
46.6912499,-2.016418910935477,-7.268342887915501,6.203438193833757,-37.27306574683516,188.39129448013892,325.45801429467383
46.7012499,-2.6033561714070017,-7.955001452831394,6.832801357214903,-33.821568124832,184.46076310000433,335.7933502309802
46.7112499,-3.23502948053217,-8.554478742761665,7.450684750157568,-33.0785634208654,179.07835947942118,344.10157086611076
46.7212499,-3.838640006437336,-9.838324879935543,8.877571551095746,-33.1538130304644,171.900738548181,350.9879202350065
46.7312499,-4.434757681631864,-11.899013991189692,10.948210043269574,-30.974350614682525,161.6431717763494,356.58523459379194
46.7412499,-4.534410700036413,-13.71149549001732,12.717712593402725,-25.937124443178803,148.88055549202858,360.86526697790293
46.7512499,-4.394619879017057,-15.971566035747282,14.164956930206985,-8.971289785725276,131.33137290533188,361.6306283427365
46.7612499,-4.0517672741626685,-19.081705300219085,15.764286805665705,21.46970753733792,106.21867815233442,358.32145713389644
46.7712499,-3.272894917253756,-22.046744630585195,16.7376519464966,61.7733449927481,77.87119051955152,350.45410917485896
46.7812499,-3.230846715402443,-24.153936311677512,16.972456926946457,115.26583086210981,45.034771917188245,331.1939354726313
46.7912499,-3.317317356037275,-24.577733564026346,17.629560761649458,167.52554407800568,4.455003084035891,301.087363817095
46.8012499,-1.6967441732478663,-25.01550174727045,19.682522890035614,207.32502164563869,-40.34942385225782,268.63721243911573
46.8112499,1.3712053619678926,-26.947397700672873,23.306560985824728,237.26353735911687,-93.53253773891245,234.21041263951548
46.8212499,4.576103037824807,-26.76649556313376,26.77708244189497,243.2490451139172,-149.86609856577869,196.04593907126753
46.8312499,7.408331404911729,-24.275150286007705,29.80278942643465,217.31526079229894,-201.1400058736123,151.72497890387666
46.8412499,8.783524552680824,-23.33340079897747,33.87307107117682,167.05149248735768,-257.99109279534355,91.09167922428804
46.8512499,6.658750662567541,-24.921973086132784,37.246226092146195,104.75691256657296,-317.82179153107404,13.700399082462047
46.8612499,1.4862624618607876,-27.954355920349446,40.39420339830237,50.32991352867757,-382.81585548215037,-83.7984986637961
46.8712499,-5.495504956403011,-33.475138616940136,45.91511689711883,20.40674363473012,-460.36900464667576,-201.26927333692274
46.8812499,-13.538080744721679,-40.9470789899067,47.959456913406676,19.25864292274997,-502.1520341676688,-316.79769090576315
46.8912499,-19.575521435630762,-45.085155835643256,44.34818705100229,33.46349907032415,-500.1289004859505,-411.7512555078857
46.9012499,-24.069595954152764,-46.71313116242996,40.84878701363162,51.91175602298292,-499.45115182511125,-478.0046559161968
46.9112499,-29.525015876464185,-44.83360609959159,35.57588819817352,52.23608899706747,-500.27555646225915,-501.6472289430172
46.9212499,-32.11378690012696,-38.68254441260508,26.904052472404754,18.44922695893524,-499.8763204116329,-499.6247059097541
46.9312499,-33.03473893762839,-33.57776035843549,17.302742268342282,-45.23157704966379,-500.4963944163486,-500.05723711047636
46.9412499,-35.84605416710429,-28.67817142297371,6.861994741760163,-120.68654001118604,-498.48215840056605,-500.3447238071557
46.9512499,-35.65583954489085,-21.180881608956902,-2.2551635519855817,-182.93723834687248,-502.63289847147104,-497.8259375548874
46.9612499,-36.319272465154704,-12.960232529491465,-3.922481153667917,-204.43988738678357,-495.48414504457395,-506.402973685757
46.9712499,-44.62714315160909,-8.556722600090177,-7.607522167253563,-150.07344525755568,-413.33128489813595,-467.82598385345347
46.9812499,-45.037721109453045,-4.605794442386722,-18.519634909111495,-61.4580507814366,-300.96332236636687,-322.46324007154664
46.9912499,-33.29649585770594,8.006620857553859,-20.528403458756717,-2.430905812207206,-207.91328751500754,-191.0338091405443
47.0012499,-25.79867723349802,18.7099985497876,-13.566632465342884,17.438565084996842,-138.07509846810314,-116.12403593045917
47.0112499,-22.984032962706333,17.098363834953016,-10.91205695458477,15.869053470365605,-79.44387473370253,-34.69302605503978
47.0212499,-21.025600960708545,13.478901588741373,-8.924719067655543,-3.4978066583569185,-29.227407381135183,48.888791395638094
47.0312499,-21.02526332065467,9.666387980579017,-2.8548394010866533,-31.578214172876645,-2.403432698949508,98.79893775555772
47.0412499,-20.22612425683757,3.492973083159815,1.7445622053816812,-53.29347909669184,4.755983412029853,116.07999433195992
47.0512499,-17.303916849766363,-2.1703377019198147,4.211439529000252,-62.33067068339351,3.741271666681428,117.0480799912426
47.0612499,-13.050944540234644,-5.517790783017597,5.67988443154651,-66.11820094018339,0.17361018965266947,106.56643450343269
47.0712499,-8.454237343854828,-7.2208354975014,5.95923020141626,-70.2994974285918,-2.0364772190875597,89.00121417563645
47.0812499,-4.101899147378657,-7.641336677008285,4.495209597553998,-71.69957764143942,-3.9935587539726507,67.81307517818128
47.0912499,0.2755546541970123,-7.213329660760954,2.906196182829046,-70.88962471103527,-6.907193906885319,48.07069663110911
47.1012499,4.71520674212044,-7.055968538532873,2.782183745074574,-67.25335575754474,-7.0200051227581,34.09399823410112
47.1112499,8.466672965615672,-7.64401248446648,3.4086815978598093,-57.02062740357339,-2.4998125412475374,24.807036365068612
47.1212499,10.731942172993492,-8.131941484208054,3.895872998076623,-43.62767339737863,3.0939602611072643,17.948788515702898
47.1312499,11.522873180634711,-8.449696344090931,3.9384054688505,-29.673486039733042,8.423519665450483,12.482854281818272
47.1412499,11.344421081208901,-8.989901228181864,3.4864667622168564,-14.409386828056185,14.059259349888176,7.891642447696914
47.1512499,10.923895518790589,-9.365443617419858,2.920350256741683,-1.3193854633994275,18.425010986368793,4.2494679249211025
47.1612499,10.839406847103408,-9.549951299919888,2.367243867452033,7.265352281502724,21.37742799805652,1.0148093158470406
47.1712499,10.89918966869528,-9.373349494154578,1.6834977664201454,10.434026788120892,23.9830279778934,-2.902733093962865
47.1812499,10.917753290011396,-8.75654732698392,1.1566505815158565,7.949221800140959,25.948134626957998,-7.830034999089778
47.1912499,11.101161839305385,-8.325304949108622,1.1179058999796894,2.7548269681034183,26.65679585499548,-13.76367516003413
47.2012499,11.338550768757992,-8.314717774431402,1.265463730706158,-1.6711793876795333,25.584236780932724,-20.675430353099856
47.2112499,11.420662263032987,-8.414115071773287,1.2147462938721565,-5.7102523378847945,21.98516936840657,-27.128478842542012
47.2212499,11.290443134883562,-8.514172481595262,0.8915731159551363,-8.327620441936148,16.146934284821754,-32.76235339569555
47.2312499,10.97396629936491,-8.47637488813521,0.21156673972189263,-10.20701690415419,7.912771820563095,-38.037451782625425
47.2412499,10.543132859667454,-8.138051955957357,-0.36531590195410235,-14.428704685993484,-0.0924128402297503,-42.14784397973035
47.2512499,10.01986479115066,-7.476383884063786,-0.576713755519734,-22.755432601566344,-5.8385221755856165,-45.649768123156875
47.2612499,9.653832389131543,-6.783313323319588,-0.534936987728699,-35.616951560011046,-9.380149881031393,-49.35501025039865
47.2712499,9.531136315475921,-6.303936221585462,-0.3286603427761025,-51.22587652806556,-10.714466286373003,-53.04277128822505
47.2812499,9.501178503172556,-6.013912938764559,-0.2649240820037438,-66.6163967976395,-11.08418801199216,-57.05717196073744
47.2912499,9.804887356327242,-6.183853057360494,-0.3485278493439328,-77.61656461477853,-11.796137577559891,-60.385440179557946
47.3012499,10.212707658844213,-6.780917560102229,-0.31367801801388573,-81.13247311298774,-14.701911756191464,-61.26919805223555
47.3112499,10.31856990207833,-7.337717499508255,-0.10410230030325329,-76.50865126309725,-19.11852685742339,-60.04509125196048
47.3212499,10.190070776731721,-7.478117870749417,0.22837305543109107,-67.48955589262931,-23.488237943124354,-57.52863990678013
47.3312499,10.171546763026749,-7.065832711609282,0.5417448731706274,-56.27919026521408,-26.52523951120182,-55.05186538184835
47.3412499,10.41473233826626,-6.4267648724835125,0.9331623039856652,-43.9547012507032,-27.450873533774562,-53.824736913555896
47.3512499,10.637822324027429,-5.761496059711761,1.5105710478483232,-33.39856132949088,-26.231938702900727,-53.625778019786424
47.3612499,10.521486144354403,-5.084338967226643,1.940441088726429,-25.847452614489125,-24.25837716599891,-53.993809654681364
47.3712499,10.252271887208835,-4.631357112434982,2.0999036967822198,-19.349557113472116,-21.729160805117914,-54.30832474986
47.3812499,9.913503268146966,-4.23438182244055,2.1101111861528996,-13.622274686762097,-19.571288416951614,-53.85160310833072
47.3912499,9.458602895354197,-3.7189562651145707,1.9743900038011881,-8.96310121400384,-19.314945496509214,-52.79132062704173
47.4012499,9.025593066831574,-3.3891092515130956,1.8063254216899838,-5.157981060306799,-20.473422851257695,-51.34552349128416
47.4112499,8.665083516921234,-3.2160361195218274,1.7195828919620453,-2.6987128321238028,-21.70496380252388,-49.06236932971292
47.4212499,8.321092586161338,-2.8335651015716183,1.633395501836047,-2.7463073228312473,-22.6195657125188,-46.02794861071516
47.4312499,8.080737531945562,-2.3692605082397575,1.4811711882513428,-5.464823212606453,-23.298839144642074,-42.90785427443674
47.4412499,7.99543499101707,-2.0101408626720643,1.4899859018661443,-12.113528266325826,-23.406998551797965,-39.21197185722048
47.4512499,7.966066880749976,-1.694241530266965,1.61041009999389,-21.18891352458226,-22.723923004655145,-35.93190018783045
47.4612499,7.906712861114917,-1.498999379396725,1.5406601739589774,-30.293514282371742,-21.784920808169517,-33.41186840628547
47.4712499,7.913675513829686,-1.5553697317329505,1.4261901908403238,-38.58662947496979,-21.337668701147503,-30.1567970776016
47.4812499,7.935814852101307,-1.7355403381805627,1.3804634958368551,-44.46198039348386,-21.485643948213163,-26.376412628924285
47.4912499,7.822746480428436,-1.940629362994097,1.3105654389047925,-47.760607269243316,-22.08203317193009,-22.591778504736716
47.5012499,7.728546643408601,-2.185574145285676,1.1902371065274475,-48.916434726805335,-22.84289703797276,-18.780795074122356
47.5112499,7.754636889020754,-2.483411524681604,1.1919294327424903,-47.85657974836948,-23.22277867143805,-15.155262156932803
47.5212499,7.782133684196624,-2.8739784849333154,1.268716958222866,-44.91075949583556,-23.08692883880596,-11.907442114019586
47.5312499,7.778201952822809,-3.145148920039924,1.1973501450862867,-40.98609569628343,-22.466190011206624,-9.042656338475048
47.5412499,7.842375110256841,-3.178112783838804,1.0470409498254007,-36.4206513381363,-21.22429998085826,-6.74197102749072
47.5512499,7.980248908747121,-3.1737172165684338,0.9422521074045683,-31.228849453329833,-19.621171211153598,-4.76424078949504
47.5612499,8.111729654861007,-3.3017679083848224,0.8665207849242114,-25.4764208555381,-18.046673610781568,-2.531539985922813
47.5712499,8.14919378337487,-3.5457716991708987,0.8368703310628994,-19.95735538951102,-16.448890699949587,0.16194252022576305
47.5812499,8.115985166431106,-3.703940252308728,0.7446452093168022,-14.588196513740444,-14.593663332122272,3.038077800794567
47.5912499,8.088669981561756,-3.747756519478184,0.5417314994713269,-9.286174643973304,-12.759780753870148,5.4939801954964205
47.6012499,8.205245045955698,-3.7940971500040193,0.473202851383104,-4.4288543981653445,-11.488761028544216,7.622273331937851
47.6112499,8.416829488756205,-3.831301782556374,0.4580047837173721,-0.33243855134657263,-9.752688827264821,9.5423273701818
47.6212499,8.460504836167862,-3.726866469970409,0.3360723315788445,1.5887274761024508,-7.529180113454529,11.028117342026194
47.6312499,8.338140072838607,-3.5456510917817363,0.17439794656775506,0.9597863410781569,-5.653499012375027,12.107521279170097
47.6412499,8.163229319814947,-3.4940441180584236,0.04943618574441955,-1.8327066254902569,-3.9531207671965234,12.713408496599225
47.6512499,8.02907452918882,-3.736082457131498,-0.028605464724755083,-5.376861925599019,-2.2135268995781057,13.323825331937721
47.6612499,7.9713733502436614,-4.059895834084596,-0.056025478723461745,-7.456729307346256,-1.0577836912795404,13.95983711237879
47.6712499,7.962495482326888,-4.2763134526174555,-0.024295740380755482,-7.625793787276819,-0.4159706177540469,14.086643695971995
47.6812499,8.039901458765817,-4.4061462062669055,0.06445508751974403,-7.221284947903044,-0.31851731168974007,14.119103563899191
47.6912499,8.152013624170833,-4.348938444518697,0.10275948202458232,-7.20031618550083,-0.4175768665112444,13.849447098160786
47.7012499,8.217107397154885,-4.043726490293822,0.016800866049338854,-8.762892026799898,-0.8793027708221308,12.997911487368377
47.7112499,8.604539325078582,-3.978921359323131,-0.08038229076801007,-10.04496480770455,0.854472509645595,12.747837365368701
47.7212499,8.936140410453381,-4.164949852908012,-0.06903436509384149,-10.861291321956871,3.92018755905488,13.528826604908277
47.7312499,8.717735719872204,-4.250990908231188,-0.07244219819788707,-13.017132746103872,5.0043386110790555,14.903951274866191
47.7412499,8.677371176068926,-4.480184629006901,-0.12493359838826844,-13.22914935913009,6.283707674754513,16.26739912136256
47.7512499,8.829421069105706,-4.70238040675783,-0.14761407965790768,-11.272310036281121,7.624140092503149,17.439063548683524
47.7612499,8.803769013677085,-4.827972227900239,-0.07861263000799419,-9.061880717856718,7.662557085972944,18.178339674064564
47.7712499,8.754886840222184,-4.944796140771747,0.03520896155012401,-6.51156835749909,7.486589187361956,18.178469388401496
47.7812499,8.817367350111345,-5.0273752431206535,0.07623785117981774,-2.756607901850107,8.160100699180294,17.582322192572764
47.7912499,8.8169450915461,-4.9438609138753735,0.07623662526525735,0.3905482379940465,8.165679792562514,16.54458666214045
47.8012499,8.826047099154367,-4.861383633788397,0.03464987706635595,3.0371251038794407,7.87895592868828,15.442916211772685
47.8112499,8.845091191683023,-4.94954074425339,-0.026861619933143604,5.229929464926665,7.763429322111837,14.941035323601584
47.8212499,8.805756742074257,-4.980022164752427,-0.10070373363039202,6.055887158113616,8.227361325516297,15.453689587762781
47.8312499,8.687837373973169,-4.949090787551116,-0.1533893350373125,5.629023000550955,8.6440007951137,16.747063013861805
47.8412499,8.472103380467907,-4.902975927534331,-0.167358961058409,3.429447193257741,7.905704630642913,17.868917245993643
47.8512499,8.46374068761117,-5.0379848961426426,-0.10616427249714104,1.5779625590414088,8.757993176406703,18.32516140642461
47.8612499,8.457256325927244,-5.279618622161881,0.026141738355770845,0.4670946835499659,10.471942073662587,18.657732164251893
47.8712499,8.434920318779648,-5.592016879321498,0.10120714286369943,1.093191571370531,11.224951889746825,19.034606336892537
47.8812499,8.5371374548448,-5.829209987825392,0.15806285941599407,2.9013895012353537,11.807783539501434,19.250526039654293
47.8912499,8.49818538379652,-5.874042965867424,0.2254955207344001,4.266100442583619,11.146043095585952,19.279795161324785
47.9012499,8.456644874093035,-5.915883501422957,0.14693938247456326,5.6140308994593795,10.026497867356749,19.086876052676345
47.9112499,8.47541608289462,-5.861158843338059,-0.018233864924195917,6.07432288666932,9.459776304149834,18.549221619421804
47.9212499,8.357861366375417,-5.703194845135501,-0.09266921969821951,4.545246682386045,8.654181031210555,17.791688245008828
47.9312499,8.208030688946781,-5.634503914548926,-0.09820162441297044,1.506718557197989,7.987407103811839,16.765977169361356
47.9412499,8.122151482684043,-5.614235690612738,-0.10010865774563903,-2.350640772009719,7.757235980526114,15.61836718576197
47.9512499,8.034098592264128,-5.618434957683584,-0.10226031220627622,-6.779428831006586,7.644837827410413,14.631628273072032
47.9612499,7.910965700639487,-5.823776647122154,-0.09958356888824346,-10.930914681318848,7.641169292541999,14.026967001541744
47.9712499,7.791467962684312,-6.059604487461003,-0.1835610400765899,-14.35769996697952,7.739653620046709,13.863198898959606
47.9812499,7.650514687760675,-6.216951830835195,-0.30218353167172796,-16.917440865265917,7.696678440751464,13.857526123709995
47.9912499,7.478924471070167,-6.385358412107598,-0.33419148078186517,-19.089016606461293,7.7834374821911725,13.681397101647278
48.0012499,7.321970326769376,-6.520038205794844,-0.4314497333939357,-21.311835666883905,8.118695049632546,13.563869065407154
48.0112499,7.214621086824769,-6.5692510976774345,-0.6018301593338226,-23.43175947718576,8.840794021582177,13.422904968932057
48.0212499,7.113344136883933,-6.578813703702746,-0.7151839623011894,-25.84813198575363,10.242778620130856,13.39205375354774
48.0312499,6.993436250853975,-6.551798676501676,-0.8023618367087074,-28.473442622915627,12.365089891288786,13.601354316817533
48.0412499,6.798182063921424,-6.482648041290764,-0.9131700859939124,-31.598385285935954,15.097441579864164,14.043842223004443
48.0512499,6.553309955110099,-6.447053069371585,-1.0357364114398193,-35.05228224312804,18.706904721346305,14.746996157493944
48.0612499,6.218860368638727,-6.402284399944924,-1.1909660371812811,-40.088101330467836,23.877054208485944,16.26377625233666
48.0712499,5.812252087646142,-6.2478441377225815,-1.40797840607706,-46.479867665783246,30.28272598059645,18.797644837058208
48.0812499,5.534316003248794,-6.0793574565824064,-1.5538356518791874,-52.07410753476762,36.15994536677622,21.635965930620422
48.0912499,5.284712966658222,-5.908346431623176,-1.5720146595567972,-57.473528317835985,42.29044238709769,25.133807719927347
48.1012499,5.020792008036369,-5.7380065907151625,-1.5258813143238215,-62.63672659161091,49.134029153567916,29.627889509643285
48.1112499,4.74217358449902,-5.625896326839084,-1.389065697024288,-66.98963362840661,56.401102340537264,35.05761087907268
48.1212499,4.436897706690736,-5.653206033970534,-1.075994985468925,-69.51522579176651,63.91279531371449,41.639519314375676
48.1312499,4.10495310109507,-5.7614029944265805,-0.713527612927703,-69.49113961087038,71.69946279552958,49.41890637003744
48.1412499,3.734444421658264,-5.75282682379459,-0.47144043467289265,-67.062716405723,79.10371222962169,58.127630193372774
48.1512499,3.3751584059944735,-5.6841631351450115,-0.2567085270877512,-61.993395535332354,85.80323995983109,67.52805152708531
48.1612499,3.011032927490214,-5.51870064703635,-0.008559425554071612,-54.83779958354115,91.95116797027538,77.11082693784066
48.1712499,2.709819790617622,-5.239041364198891,0.2355171258451599,-46.491867698788376,97.45417644323628,86.61665810336144
48.1812499,2.521456349726936,-4.9838956121041225,0.4400280054701037,-37.25205504886413,102.73049883615846,96.25911869757809
48.1912499,2.3918751806019896,-4.652335562933167,0.5393164263682728,-28.631367374384407,108.22679756452457,106.16979272668667
48.2012499,2.3099706754268223,-4.1722378851600155,0.5780596019913399,-21.9732718694779,114.18122092270033,116.26581753013659
48.2112499,2.2583768789071597,-3.640135970416376,0.6256846450993431,-17.707634564552606,120.65369488174454,126.31115490380373
48.2212499,2.222513848148551,-3.0637585774131457,0.6962541165646402,-16.20498078402005,128.03659022180238,136.47683050957352
48.2312499,2.1714874845884977,-2.4936011552122817,0.7337606442400405,-17.464037939734226,136.2825491271413,146.96188251753347
48.2412499,2.1452382866410273,-2.0017918487103827,0.7088454702117187,-20.58802368932624,145.23649897863515,157.8542639862034
48.2512499,2.1738480198528465,-1.598174883267139,0.6983001592514555,-24.675828334263198,154.67119901960552,169.53441616544958
48.2612499,2.1987500246952845,-1.2797796818765457,0.7791778473983956,-29.156568205065724,164.4263705787717,182.0147957516802
48.2712499,2.193221056612033,-1.0294856034890132,0.9690223251708262,-33.54403992473627,176.10373413165584,196.9137794015156
48.2812499,2.1168505386263776,-1.0666594126568378,1.3664455032191298,-35.60795683560853,188.3141601376097,213.18756816707463
48.2912499,1.9603179815332306,-1.6990525866396584,2.1189381908349154,-33.148967585341666,198.37264153783508,228.19364565444678
48.3012499,1.6738691703353448,-2.7223573041499227,2.980793338337577,-26.18130797818188,208.05777846233505,244.23111063019627
48.3112499,1.284167267728661,-3.6799178526346714,3.613436247967388,-14.560516182649586,216.92908600249385,261.0823866427757
48.3212499,0.8871996839806094,-4.512241035626968,4.23354172193721,1.0007110154120789,223.63217733442994,277.6920026949279
48.3312499,0.5064955616951303,-5.216118317405379,4.800736855593212,18.62437042398726,229.12539431170225,293.83506976889737
48.3412499,0.12239241952981182,-5.710810022594319,5.2307901715996525,36.113142982264876,233.540850715752,308.8024012974005
48.3512499,-0.38307273655175544,-6.402698788268063,6.032875605016335,52.15699017237241,236.4996363130964,321.67074318820846
48.3612499,-1.1626416063915328,-7.122044028946199,6.9434885716929315,66.13862027150911,237.51524729962838,330.9063806079918
48.3712499,-2.04698968849372,-7.289815957209897,7.546949009055377,75.45068943918155,236.50232409731026,335.94947781422417
48.3812499,-2.9310798458172767,-8.180033393629152,8.86655602470929,84.59424829791156,232.85338708181,337.82341969583223
48.3912499,-3.6941699390599276,-10.240740673847714,11.110617986056253,97.55865575187015,225.68599776530908,338.6187430190832
48.4012499,-4.27736932252505,-12.200169751559228,12.936381501032127,114.67056637478966,214.39133268870046,339.2062247128956
48.4112499,-4.469025550192208,-14.043342736731807,14.483681099364134,138.13265659542972,198.5585289379991,337.77415265836214
48.4212499,-4.494134563866405,-16.013402205219954,16.2312939458264,166.98500334137967,178.4059977463493,333.2492620963802
48.4312499,-4.641911493870488,-17.455450012158312,17.976974247211782,195.86349242170232,153.96570870844477,325.6008540913452
48.4412499,-3.965926414100663,-18.462971641425426,20.29312114968742,219.3255642281559,126.07811608447997,316.2747637810828
48.4512499,-2.2767658804248683,-19.11060449446988,22.759082804871454,231.70121510586242,94.9621938114203,306.00828267683227
48.4612499,-0.17571753458137293,-18.073628422597963,25.066074712011627,227.71869956164022,59.830916191551204,292.926559420901
48.4712499,1.6687794867206844,-15.82429715877314,28.281280279554746,195.22421371601848,12.192918855919661,272.98651905979466
48.4812499,2.6957106675719684,-13.700047078312497,29.86309668494154,125.60882507060498,-58.49296386582289,234.75844359077146
48.4912499,3.2366787745029297,-11.347573168906866,28.99957248580326,32.822874062805774,-137.29331312051127,185.0912122176406
48.5012499,4.8506563349984635,-10.519688561699807,29.42491462936272,-69.63568474851681,-213.53922534146892,131.57327539345593
48.5112499,7.144052969116518,-13.812133134667866,31.941133146594996,-159.43509448124757,-290.96643860831415,68.47705696371713
48.5212499,8.558908517461683,-20.185560698494044,36.07075827476579,-221.0984487570739,-362.64817209767705,1.099015650499243
48.5312499,8.494949047713256,-29.51825618186047,41.38344130904396,-235.35801875323224,-424.5652516879872,-71.50766187617201
48.5412499,5.109973617784878,-39.92119286871916,45.42452330448803,-188.32085111701616,-480.01920306640307,-159.12637414301523
48.5512499,-0.4771555766365042,-48.02603807139172,46.421900850568115,-95.20878167369658,-502.071531325274,-258.03872998193793
48.5612499,-7.262400544063149,-51.9426199429261,44.98852802641666,12.676784720186031,-499.67012451540353,-348.996387177616
48.5712499,-15.429893947211337,-48.38689247178851,41.454272648531685,74.38401839900425,-499.8424672206301,-422.9951336728891
48.5812499,-21.67669719470546,-39.399970974732874,35.91374390898391,58.49073875444817,-500.02381701234845,-480.2259233679126
48.5912499,-25.5835764108246,-32.074106841161786,29.249516335450437,-6.79306942235352,-500.27070359566306,-501.58492938036784
48.6012499,-30.150519159573093,-27.42451999692148,22.63382518684483,-101.9281118343233,-499.76914312519045,-500.1291625479708
48.6112499,-34.941560063287504,-25.08124630188012,14.842884241821036,-186.26213390504665,-498.8968268372931,-499.6026927668092
48.6212499,-36.90516988095773,-22.318036604181525,6.451463664385303,-217.90289971731514,-505.1505012319223,-498.7339252398058
48.6312499,-40.28195626118655,-16.54958441855724,1.4538803296614933,-181.89184644530815,-466.0313053904791,-505.7495599560412
48.6412499,-47.724070720365965,-10.348988027032767,-4.797458621234511,-73.76849777782476,-369.14669753579176,-453.5861538133291
48.6512499,-47.379921072519984,-2.5517046896983704,-15.32762837522173,37.7108798184021,-296.64017060991256,-298.36325427319434
48.6612499,-36.90505769822331,11.248307744692251,-21.21175482812629,91.67621923000705,-232.82444647800438,-154.69818237247182
48.6712499,-28.547993902697858,23.9304677061993,-21.461864445635914,81.89853848801008,-162.75479756084258,-65.93295472043879
48.6812499,-24.304065238951505,24.056308042770233,-20.80141402450602,23.962168024035474,-92.30682660142533,27.010406996491355
48.6912499,-21.20719817044981,18.05135854119686,-15.136929805419634,-61.593783817611516,-22.780746215835286,117.35945496898223
48.7012499,-20.801999338668907,11.247184593230935,-6.525180817408734,-119.78072689856839,16.883232612423164,151.34614629302024
48.7112499,-20.118520335424677,0.9024119325831788,-1.128356360904959,-131.35966824601726,28.744203536114135,153.70528196769538
48.7212499,-16.178448076393494,-8.01744573281398,2.7616425388402592,-111.78193745942227,29.2271124773483,150.67950895332007
48.7312499,-10.798257430157253,-12.135019888672955,5.440830882443461,-75.45437255249902,27.1692265917966,141.17962284211293
48.7412499,-5.811234631903584,-13.154290574710846,5.130216714840265,-35.78159767095709,26.962599993199373,125.64705427724732
48.7512499,-1.5020416746229048,-11.762774021095737,3.2378420963417027,-5.501790848933572,23.2874793924482,106.25899082769831
48.7612499,2.7992221186747512,-8.948410467312433,1.8874070981635314,1.8343331214403686,18.46595606659815,87.21580989198813
48.7712499,6.743118143324209,-6.967234087195033,1.6069656186102594,-9.436043287853535,18.217152736735116,71.49439986374787
48.7812499,9.559231652261714,-6.120335376952482,2.293181423271543,-31.169273457257795,20.79712432242047,57.90921814943723
48.7912499,11.371188561211145,-6.03649496939309,3.3415306010842936,-56.87219978337243,25.10937993190261,41.683881637511185
48.8012499,12.336037272952044,-7.069012382523256,4.021902851212213,-78.38975358652135,31.461198422441008,21.550962393502047
48.8112499,12.456666537802354,-8.983581232030323,4.359093398478831,-90.79011446191892,37.05330697137533,1.9143457696476394
48.8212499,12.330456721864097,-10.96656389803688,4.594996023395065,-91.95063728379195,40.44214668463581,-13.737430094422834
48.8312499,12.286806292020062,-12.388572278330829,4.802521536827824,-83.63691951196489,41.32113999981036,-25.253895421030467
48.8412499,12.367356574170893,-13.133824750166793,4.720544014305196,-67.54864779600437,39.869843643829384,-33.66708581847272
48.8512499,12.506548333378246,-13.112115364457797,4.1882133147691905,-46.248251666186256,36.39852120442698,-40.17800471011146
48.8612499,12.441853024260189,-12.561107476744676,3.5353699921440587,-23.853912719688854,30.141953185561103,-45.75139391597503
48.8712499,11.9672092678646,-11.881658324288493,3.1806545251026335,-3.6337021979684017,21.353097069624912,-50.73159953377024
48.8812499,11.269275513168258,-11.009752440546057,2.8825801717049155,10.829679750657357,12.8922908878995,-54.62657764952942
48.8912499,10.574515778479025,-9.764508453400977,2.332198664771043,18.230243586551573,4.396767381944267,-58.552002296047135
48.9012499,9.997266204905692,-8.418593070176787,1.7799117671759557,18.160505594151324,-4.81232076099416,-63.52029878585069
48.9112499,9.991475869253579,-7.175657423134496,1.154456690012548,11.463526232618541,-11.43472396195598,-67.97817117149499
48.9212499,10.22005774863964,-6.103195230482694,0.6679726972460225,1.1370983100182477,-16.91718131295235,-72.34033968100125
48.9312499,10.218854901882095,-5.515573063404166,0.6584439026340333,-10.975368029746116,-21.843479103686956,-76.75281802521657
48.9412499,10.229625091965357,-5.130285875499343,0.5901263374989975,-22.85049041181043,-24.148999856204362,-79.42472840705727
48.9512499,10.071485205057927,-4.5861294319783825,0.35402704811933083,-34.53982733666528,-25.97810694008716,-80.59941755760366
48.9612499,9.817563950137695,-4.055174856352285,0.2919817881426767,-46.75163661092763,-27.85240320161287,-80.7051996952173
48.9712499,9.849890248856084,-4.03663605078724,0.35448207638215745,-55.56869725513995,-26.76778517111342,-79.01869600131073
48.9812499,9.712100537441103,-4.15491662344258,0.4127514664637512,-61.248559275226164,-23.867013729589253,-75.78602414439985
48.9912499,9.289046803180137,-3.924565622407267,0.4748921741637841,-66.10602734015526,-22.019972236523575,-71.82069652725212
49.0012499,8.979434801038051,-3.687294584773362,0.7136163189343468,-68.28353996413367,-20.336373433789074,-67.99125919462624
49.0112499,8.858105387917135,-3.739422074047491,1.028275115950905,-65.87472023656578,-17.113318673546846,-64.15152284488796
49.0212499,8.564324158707057,-3.939789665197879,1.3081337309436691,-59.358948382792676,-14.255408869855867,-59.52350428604761
49.0312499,8.21145346694302,-4.250589330003944,1.5438334171216872,-48.73859735174462,-12.65127612637651,-53.80665665263929
49.0412499,7.995163641333598,-4.401969349423298,1.5384052981931196,-34.44170461785125,-12.104449503095724,-47.34801882236575
49.0512499,7.821793212288134,-4.216100057891497,1.4703484673146818,-19.269202688383544,-12.729724668728153,-40.184125803620475
49.0612499,7.718231137974619,-4.029941419991681,1.5843177633852947,-6.668153884079278,-13.267375892415865,-32.97007235995017
49.0712499,7.675913403815972,-3.672869446539923,1.595717862175911,1.3611533393573805,-12.500622416069271,-26.67908542214904
49.0812499,7.688041693249078,-3.088661657522429,1.375148495625363,5.645476006184055,-11.67797440351838,-21.725534564032046
49.0912499,7.764399920238117,-2.638400435279325,1.3396537922239602,5.965172465065336,-11.878073965407806,-17.949899855055765
49.1012499,7.929578580886121,-2.478433105356172,1.4469717560055206,2.867973065281615,-11.438007167254327,-14.577490403807992
49.1112499,8.003514269062796,-2.4537809520620724,1.3408456834545077,-1.5826793439496591,-10.200338885639425,-11.5018483988572
49.1212499,7.919173084217481,-2.3501554846589454,1.09208788676635,-6.949806760864915,-9.828736541085117,-9.030320741524058
49.1312499,7.949382365609192,-2.3756891677552745,1.0023034584189479,-12.857923551024362,-9.732258681382632,-7.077786776355878
49.1412499,7.893956336990095,-2.402024337821171,1.0029238605543784,-19.453304341882912,-9.678733830668149,-5.556828158621362
49.1512499,7.823420906205247,-2.444978144906211,0.9366176655265113,-25.5604149721349,-9.691084918535386,-4.283530952755705
49.1612499,7.854734453315752,-2.6271178411757674,0.8892739819578178,-29.984123870374283,-10.039228471881092,-3.088588075995304
49.1712499,7.90474921010183,-3.0261646904227746,0.9245817770310709,-32.09579191080627,-10.621813758131816,-1.356466320291614
49.1812499,7.903883430113873,-3.495791540348336,1.0021532109662654,-31.242215176597554,-11.34940421604314,0.6818418523167591
49.1912499,7.944300588311591,-3.7184723451641855,0.9647656682151726,-27.888941931769548,-11.947439167676727,2.6358255316744823
49.2012499,8.180076704256365,-3.743002309678451,0.8876578429711415,-23.536449334754657,-12.45737307032686,4.445728995459131
49.2112499,8.477623905220836,-3.7739464337417017,0.8443907089631991,-18.956683373788103,-12.673460422853655,6.156007404202011
49.2212499,8.642577767308001,-3.83679571999282,0.7865413482842496,-14.86788628256755,-12.206166759809568,7.959222983768452
49.2312499,8.757998134765765,-3.8225244444108752,0.7082869254014599,-11.915186071017759,-11.230957890867789,9.717127779066786
49.2412499,8.849483777648594,-3.7086385987480712,0.6806851913617977,-10.112113912017852,-9.85612559562974,10.553619914724933
49.2512499,8.933036316598056,-3.7076601090671044,0.7130923272235216,-8.374934025080737,-7.72602992964541,10.492428594881037
49.2612499,8.881759901876908,-3.874920892761807,0.6695984634594362,-6.6056731690958665,-5.6554234490625195,10.364056501513083
49.2712499,8.551718294363067,-4.023559991626971,0.5651619583476121,-5.778288593521393,-4.8792508102215395,10.365131063354227
49.2812499,8.361008219886932,-4.292077035820548,0.4846566826822802,-3.776837101507459,-3.39783566700144,10.598510299093107
49.2912499,8.134188390233591,-4.288603390980039,0.39901639345303086,-3.078285481404463,-2.505895354521493,10.62168564921795
49.3012499,8.066887400559889,-4.183096664622042,0.35149954579837295,-3.7848706924493998,-1.420195289751288,10.51256228206034
49.3112499,8.260902301116287,-4.461792549530456,0.3475787933854498,-3.33487002102305,1.422502208995623,10.92222143840453
49.3212499,8.155544485645436,-4.654599599629429,0.24807300407970706,-3.30047857945587,3.3324441904716164,11.976065366420526
49.3312499,7.983141804428797,-4.655787796908478,0.1562158778587599,-4.172183581081745,3.8015411131144083,13.147042254037911
49.3412499,8.08980203757485,-4.697244936917626,0.16799043306638936,-5.293695143657784,4.599814478795941,13.965722825564042
49.3512499,8.293322182231682,-4.816912327819508,0.21353601818103835,-6.253206223236647,5.767295724081009,14.532256974255864
49.3612499,8.353323840887473,-4.98444282610129,0.24791977973699095,-6.287771166614641,6.965855774041913,14.710818054461383
49.3712499,8.278000292819684,-5.164254336476976,0.2789274860564938,-5.260682671966527,7.964411778878398,14.520667730603835
49.3812499,8.21759582829238,-5.382134603557626,0.27866727064538294,-3.0058193643573827,8.531484399367617,14.171244845195645
49.3912499,8.230512667554937,-5.541792125964232,0.2224951113177211,0.8092741692764025,9.099871385000768,13.939794629972734
49.4012499,8.27040428640852,-5.517449389107531,0.13913556488855233,4.756802284475924,9.40068587333043,14.04404904196235
49.4112499,8.34387880453569,-5.380413792700698,0.07945192923873137,7.053948053927025,9.453491718014476,14.467233675555988
49.4212499,8.381260557042168,-5.211962510705158,0.07829756556802853,7.299257678732238,9.528073638217109,14.94296338666362
49.4312499,8.441441049383053,-5.081750908048809,0.0920957591590926,5.51035142243227,9.75471951054514,15.573236207906023
49.4412499,8.548917228574117,-5.0670555093552325,0.08159963876997543,2.541345704132602,10.256433169233334,16.206747416663156
49.4512499,8.564234468481988,-5.091810770881436,0.04146162669553414,-1.0721262908158802,10.594142559215511,16.619547623134796
49.4612499,8.59778477178328,-5.164007839617188,0.04498114298298697,-4.538769734143039,11.764047443396327,16.786574965380623
49.4712499,8.621080910202304,-5.332623576009382,0.11400226146026747,-7.091259894341576,13.209452848854674,16.94932597208371
49.4812499,8.55343544605214,-5.556545488684675,0.19173834844960935,-8.382791271763843,14.192635340791027,17.13545096920799
49.4912499,8.450912992718662,-5.763755477482827,0.2795820061332808,-8.882620006641845,15.165543619564906,17.211991516144426
49.5012499,8.280584137830786,-6.045303902099123,0.36470811804456427,-8.371873213516258,15.298349573264348,17.47947726414451
49.5112499,8.074728307077045,-6.2169844356193416,0.3897655205471229,-7.246324235877153,14.863163133962875,17.375905916208442
49.5212499,7.972026075849016,-6.2693536401302,0.4136699183889741,-5.335446538372161,14.867573788337598,16.293951017856205
49.5312499,7.984138606850699,-6.332887418803905,0.4375088966961782,-3.3375739830709548,15.13965316287874,15.017160802912745
49.5412499,7.959721707852367,-6.288578553957033,0.43435949152889863,-2.5821375917726015,15.282147611186728,13.675861857100562
49.5512499,7.889979548495882,-6.182486866918707,0.4217023820772502,-3.471029175450569,15.678510598100276,12.537552892666373
49.5612499,7.79605584533137,-6.119640174299696,0.39420125012264073,-6.330308414496749,16.246618398371893,11.867264833877051
49.5712499,7.653430101033545,-6.0514974928597445,0.2663228728914135,-11.365485636804937,16.928517292177474,11.474830558605145
49.5812499,7.5386684837777755,-5.97390865221218,0.08027051264978272,-18.003639603660943,17.876595623533092,10.901698847539402
49.5912499,7.4525509825820775,-5.93668497589637,-0.03960364995440362,-25.56460757105107,19.14983070115065,10.228053205963857
49.6012499,7.287789668595559,-5.94553745230258,-0.12874204986956106,-33.294655376467986,20.394581016798664,9.5345360981806
49.6112499,7.0708321752950125,-6.044981964597077,-0.15585087183277735,-39.89862469755737,21.785304949888143,8.886703078053156
49.6212499,6.854481348935361,-6.167091283208694,-0.1183942043216924,-44.922115505751265,23.941375451214398,8.313282822596703
49.6312499,6.618764748936238,-6.225539203442338,-0.1180685846251987,-48.6292491291211,26.199502323210247,8.171528669266975
49.6412499,6.454492124903983,-6.19894942592612,-0.23101721320918578,-51.50334943248021,28.606523678600645,8.95633457956571
49.6512499,6.310348648124042,-6.072526146754467,-0.3975402254660037,-54.39908978788473,31.665750819105284,10.79352068425771
49.6612499,6.129553490205358,-5.848389876614289,-0.549831706772063,-58.25304596277306,35.35919015829297,13.573422442481638
49.6712499,6.007274724098129,-5.62219045528081,-0.6506285684202121,-62.70631249909234,40.05498874730029,17.278625295193354
49.6812499,5.85312295496328,-5.485140054917645,-0.6665564560710552,-66.9025578055582,45.28895589194551,21.489782735496675
49.6912499,5.645126735040124,-5.479254776224593,-0.6505073923159717,-70.44780610799725,50.87469101641435,26.393297158491865
49.7012499,5.454690250739819,-5.52036300867661,-0.6815564244270726,-72.87788360153604,57.04087066984991,32.284093131226655
49.7112499,5.211257831890502,-5.526811615860318,-0.730700987899678,-74.02015088056916,63.41344126299131,38.24949018532032
49.7212499,4.878906582860639,-5.552365109174163,-0.6606606746171363,-73.49207092129397,70.63159868986516,44.77252279117214
49.7312499,4.562897847994467,-5.597500695068748,-0.5258587020286477,-70.88625285971433,78.86461978766373,52.5527215930706
49.7412499,4.309124844453237,-5.632143721420723,-0.43285472425496224,-66.95752115620219,86.09529237008634,60.11067971881037
49.7512499,4.04443495751484,-5.667312851426706,-0.32264843822626005,-62.18952364069578,92.99966446672417,68.12660095727317
49.7612499,3.797448009105843,-5.5787725007309605,-0.2738405744120403,-57.4360517928038,100.00761112873639,76.83451465970603
49.7712499,3.5945121172978314,-5.304140246964714,-0.3073582856825316,-53.63685716652425,106.82058334606587,85.81417331626662
49.7812499,3.426345727322931,-4.951399221129345,-0.29950995028916,-51.07400096519155,113.69340978273917,94.73231895259237
49.7912499,3.272710231163609,-4.589018920035552,-0.2570192837763785,-49.85501615398693,120.63284377532355,103.49723960142275
49.8012499,3.0951305216768916,-4.2790385103061395,-0.2195670114676631,-49.69855091268186,127.32402711263704,112.3680955490942
49.8112499,2.8669522187370955,-4.097970052595726,-0.09537007034495093,-49.84399698544652,133.76097412071869,121.38824013622076
49.8212499,2.622356786917688,-4.00102068021268,0.1229439091136903,-49.658794136753535,140.1661657813269,130.7899182924945
49.8312499,2.367928699107411,-3.944626733918001,0.32064768532272037,-48.721594870274274,146.467285379793,140.41897610857862
49.8412499,2.120737142959212,-3.924244121680092,0.5227795800472277,-46.456040308065404,152.51614359238238,150.2078330610798
49.8512499,1.978474988548143,-3.877524926745265,0.7680291705717494,-42.94529604149792,158.28113240391508,160.14951712412176
49.8612499,1.9575758752735575,-3.763247881688647,1.017730053927475,-38.771360831288746,163.81170366945486,170.68125951251244
49.8712499,1.952058857777309,-3.581651765308059,1.2530316169320772,-34.619014634342804,169.82573064176253,182.1301733387678
49.8812499,1.8849405079877388,-3.3023652259150063,1.4673408997802264,-30.736245102003814,176.14515753156562,194.05613162741622
49.8912499,1.7822532071757982,-3.01000420885806,1.70851217025301,-27.264157799960444,182.04935665425955,206.1062178908016
49.9012499,1.6532329389958014,-2.764573133345361,1.9652012678346724,-25.049274691671727,188.12454129733507,218.79149173261882
49.9112499,1.4617937401824743,-2.5640040016792947,2.1911041907433164,-23.847613421246322,194.19852999987614,231.78488203371515
49.9212499,1.1107918833482588,-2.6516252870692187,2.666896488766418,-22.978525869911596,198.8973022061168,244.7241733033252
49.9312499,0.4819120776422687,-3.1923243331373796,3.4708777676452924,-21.557677033738894,202.83783947542855,260.65272473747467
49.9412499,-0.2227707668108017,-4.1700669714558565,4.559813879799679,-17.628880710157425,205.07674814459256,278.1101768988078
49.9512499,-0.7636782193345232,-5.50832756472064,5.873750888500063,-8.64844651818543,204.4162005929418,293.95337713636246
49.9612499,-1.2821315166881468,-6.663998410609227,6.616992594467529,6.265243172836429,202.33024513453364,309.71102698501755
49.9712499,-1.8584877755106348,-7.257996533428943,6.767355845955711,23.673639636635535,198.03285701552707,323.91303481701107
49.9812499,-2.4368928062149946,-7.967983477538104,7.5674796464627345,38.79964478904255,191.64737250522464,335.52974673418083
49.9912499,-3.2014714110172533,-8.798262041137484,8.727966187599415,47.91790361476845,184.17713465364702,343.87485961888166
50.0012499,-4.151549232211559,-9.160205824195705,9.398232231427839,49.98101107885771,174.30431449012795,347.8540976025168
50.0112499,-4.941283005568696,-9.94163043967716,10.64549118781967,47.78756167280554,161.56274793523454,348.4471851847417
50.0212499,-5.571115144487374,-11.997721466715268,13.18356400921245,45.709431905223305,146.29597983013653,347.2272383223886
50.0312499,-6.321176102629884,-14.85808233944573,15.640941465349439,49.66983510856084,126.93491850271158,343.06256316638087
50.0412499,-6.792386112340838,-17.45353601625889,16.820705000743295,63.27607241539602,102.49722991341106,334.5949102676207
50.0512499,-6.1656389021011755,-19.06641334603459,17.320040712437926,82.71345872087383,75.64466813909122,322.5681274064137
50.0612499,-4.621021738824036,-19.813921945760672,18.35411026219884,98.62126121175518,47.279023785668244,309.078975878365
50.0712499,-2.9334723098526454,-19.51060679300725,19.682960298688467,99.85131569985732,16.463874001871016,293.5641351631705
50.0812499,-1.319211367616948,-18.699502937328518,21.442137614950393,80.56552641515457,-19.269191928166606,271.86840786487886
50.0912499,0.6904798422367928,-18.6145908329022,23.919290738077866,42.7763259538929,-61.410495716127556,239.87672638698302
50.1012499,2.8340676114142487,-19.22601308140499,26.344252146954737,-6.522687803138555,-111.17230595112318,193.1458653449649
50.1112499,4.671112340299188,-21.20706999795788,29.00281558355893,-57.629794574687516,-169.93414840458777,127.77833619603496
50.1212499,6.907160980317728,-26.119685796761217,32.64653707126775,-88.83906285750682,-231.1647635418217,48.35296371317329
50.1312499,8.17655738854328,-33.01422485547503,37.47767593041838,-87.06899998229966,-290.78447269477,-41.81541677926809
50.1412499,5.285684323725385,-42.53825235735698,42.4704765308165,-43.04993338114462,-355.2926270797831,-158.5376767018024
50.1512499,-0.47664320792855785,-50.599592250370215,43.80173673373895,36.14464677210107,-421.0667649898589,-277.99575560646184
50.1612499,-6.491200683242677,-50.520457903915485,40.92339923861892,104.26543402510103,-480.2458615675667,-376.9711228790326
50.1712499,-12.397526352024734,-46.839256959009106,36.61336663120127,136.13589494614834,-502.46351678501617,-459.41240011830905
50.1812499,-18.2781106361622,-43.8221379348719,31.099463158828353,134.35876849591034,-499.4901796449155,-499.82333490864784
50.1912499,-22.96328532076646,-39.03057563125836,24.624693757166153,100.43249780485289,-499.7995646141967,-500.55251298390033
50.2012499,-27.613597254544114,-34.110734528229166,18.841817555250692,38.29078327956544,-500.5971796790613,-499.26443361087314
50.2112499,-33.64600701067885,-31.847794145683217,12.209667556080896,-33.8326122960382,-498.7436079763438,-500.8026161314525
50.2212499,-35.53691095455686,-28.07162016335614,3.2019910713793918,-90.67442866926405,-501.83743955560635,-499.2040526335183
50.2312499,-31.75929879893743,-19.08037404591689,-2.1928807780256534,-133.78458119139287,-497.28452186241725,-499.46136780181774
50.2412499,-34.540496250548536,-12.844680423928995,-3.2982698823339014,-122.63209566369201,-430.756538054075,-505.04877016134327
50.2512499,-42.57921004532687,-11.230935399764816,-10.341231107927356,-44.880338743669455,-337.52745489390696,-434.58342983877213
50.2612499,-39.76256061737521,-4.3029136868009354,-18.421970692300633,19.44280290962135,-263.2906235217989,-283.6840360302263
50.2712499,-28.42951301900445,9.581632071901637,-18.15843359441214,44.42283452098014,-194.68765561449558,-177.91245850382793
50.2812499,-21.685055308665564,18.130435813471735,-15.685276608655663,28.796832261880784,-137.90046382761108,-114.85298757727607
50.2912499,-19.634781276482748,15.082909193647112,-13.141422649222486,-13.530675077802682,-95.54846267062264,-39.55586797413994
50.3012499,-18.19062845572456,10.259122390054525,-8.779371940403768,-62.869880903295225,-60.60040119587414,27.906698285083237
50.3112499,-17.700283501367743,6.975720144824966,-3.6283688992030996,-102.35839435186008,-41.36087605433118,60.611560688990544
50.3212499,-16.874019178967472,1.6512983564127457,0.906197173854963,-123.01503994544825,-38.607360667937414,70.13182438073636
50.3312499,-14.062557572414347,-3.7951976419687488,4.2905683913207175,-128.81702887115767,-41.18646856547891,72.63480092718848
50.3412499,-10.092026540486208,-6.675612764504715,5.8811486870607546,-123.45196894458716,-42.14043489451531,69.06290540436177
50.3512499,-5.798223309910788,-7.569298133153032,5.096787778916225,-108.92091497960045,-41.34585990627577,56.836834073875195
50.3612499,-2.234591542897636,-7.5372747998585705,3.5397190039407196,-93.55496554427972,-41.36114615048159,42.90136715484719
50.3712499,1.0033804465776295,-6.9681585074224,2.635813408453043,-84.12752897673896,-41.4561872985099,31.315170672551695
50.3812499,4.157078522005818,-6.647803381818005,2.174788264528041,-79.89453573120976,-38.91834154929556,22.001390007543343
50.3912499,6.6121589693235805,-6.7694571881683645,1.8871528773773296,-78.12598864942223,-33.249085784236165,14.726077483780422
50.4012499,8.344231455322976,-6.613284506472356,1.8833920279438823,-79.65758464974351,-26.436218470168967,7.915186250388966
50.4112499,9.835856987655426,-6.5141209636883755,2.11929941541135,-83.54450011201907,-18.37821826590707,-0.14302814256867
50.4212499,11.113322631621855,-6.969591359642998,2.431942057676761,-84.64179423948167,-9.17553898149332,-9.952278628692808
50.4312499,11.945175565245034,-7.288087022127901,2.516007008107408,-82.92491011172805,-0.12963477022530537,-20.653215891299258
50.4412499,12.3105709219389,-7.421049472965461,2.3873903518314257,-80.09323896206404,7.556881693845421,-30.41708262704888
50.4512499,12.248292038427921,-7.9507291727413545,2.371226969505333,-74.39440501888265,12.092842861998061,-38.15513542260658
50.4612499,11.889766989156938,-8.576912840461414,2.30419383750517,-66.55754428454648,13.247662631482507,-43.791894152714264
50.4712499,11.30366417973758,-8.746425022259787,1.9035068608230377,-58.04133280285442,12.014449421901878,-47.84750892399992
50.4812499,10.750621333957298,-8.342845955620785,1.2572290876116938,-49.48237737275425,8.497374897141402,-50.94194383403605
50.4912499,10.654289484670153,-7.754378633220691,0.7248243805416352,-41.66904788317806,2.8927468830680616,-53.95307804274762
50.5012499,10.792663208604253,-7.287304662820284,0.5439816697426838,-34.956897839259916,-3.999630505189957,-57.15371792413968
50.5112499,10.887709174325826,-6.679837376705134,0.45361212691581276,-30.209239200952524,-9.924753737546437,-60.725638239570166
50.5212499,10.856266078506083,-5.800373456649006,0.362732416086036,-28.568803428645477,-14.384611888907374,-64.7469622144611
50.5312499,10.786878993787274,-4.985084462779765,0.4388120207840338,-29.666832944481435,-18.241184433328336,-68.47123660627827
50.5412499,10.777736283154656,-4.523010284347314,0.7118492668879426,-32.42045002109579,-21.072873743412156,-71.09354636439775
50.5512499,10.60677367536189,-4.219205357525115,0.7384190235922519,-35.50031534123585,-21.92536168022248,-71.62030379692821
50.5612499,10.133592037015287,-4.007589840245108,0.22638386095871518,-38.66656551822341,-22.08956026118618,-69.99258923480103
50.5712499,9.596396222974537,-3.6827210113305533,-0.2791551437845657,-43.53263246129527,-22.917336803696035,-66.93948721793964
50.5812499,9.36295140969643,-3.2695197770345614,-0.48869902124122533,-47.51330973390439,-22.81134536380508,-63.20763159957136
50.5912499,9.231020570583683,-2.966395837617917,-0.48552416174583424,-49.37042276198863,-21.832462860423206,-59.80540314889407
50.6012499,9.04272508976181,-2.7757103184951477,-0.4747351815888919,-48.90522476528301,-20.795633205498277,-56.40509985194092
50.6112499,8.918798009363858,-2.9455453942891694,-0.41416545857441917,-43.02769082922571,-19.584748939689348,-51.848014977141204
50.6212499,8.64366294520596,-3.1489274206175852,-0.2864049194048092,-33.77351363368528,-18.924969606139662,-45.77837241231433
50.6312499,8.353451578494019,-3.1855620732605012,-0.21673624422553525,-23.2486448873484,-18.501197541291173,-38.46567510883745
50.6412499,8.244829740070895,-3.143039115255995,-0.3164810532477467,-12.275597205293694,-18.00459736319437,-30.563781052349388
50.6512499,8.213990519793002,-2.883835059907367,-0.5937103356644254,-2.5054393465472757,-17.34918190571963,-22.938795893379265
50.6612499,8.241025094373077,-2.6227070548328286,-0.7570249749928596,4.51830332851266,-16.362780293235826,-16.258556013589867
50.6712499,8.234857381850418,-2.3639620879787975,-0.7541724683753002,6.848830694010406,-15.091057869628353,-10.729339757801512
50.6812499,8.271686222845911,-2.1474769227170434,-0.7818805621777212,6.4194929146360495,-12.61267596982628,-6.506526975065897
50.6912499,8.326668903267208,-2.0484517941453086,-0.8352629570692867,4.620966307973243,-9.676770043344204,-3.3004745264972986
50.7012499,8.424844677417273,-2.0581753612631393,-0.9238430087648436,1.056487149366312,-7.019497239946461,-0.23080394941507654
50.7112499,8.523016643170664,-2.1388841977406674,-1.0860834453525285,-3.9164669977161433,-4.801077113580054,2.9491822144967865
50.7212499,8.45884845717773,-2.321072362371799,-1.2618559896849602,-9.36549611794364,-3.3118879798466465,6.327380685492646
50.7312499,8.32614861686078,-2.6688661610952007,-1.2933683340440745,-14.598996434706653,-2.4443647750980375,9.93543246105843
50.7412499,8.183704237445077,-3.055099219660596,-1.3157453149735625,-19.407778150510985,-1.9956044742732149,13.387219203574798
50.7512499,8.132871838731624,-3.369970462064861,-1.3873419250435786,-22.626823969695774,-1.976107558770017,16.318192979983987
50.7612499,8.334704607619624,-3.596614577342395,-1.268656021124347,-23.66314844414386,-1.993099093290441,18.365366018424226
50.7712499,8.60803359923072,-3.8527804349305805,-1.0180033702623452,-22.879950990835617,-1.7294877179169308,19.451543968163794
50.7812499,8.833158161645079,-4.183280127841528,-0.8952783759684958,-20.701553524405263,-1.3954752807387818,19.942732092269587
50.7912499,8.992121834638457,-4.392784109316463,-0.8436871706053042,-17.697915981743396,-1.3084415963013178,20.316314336508544
50.8012499,9.053797141288767,-4.4773097834186055,-0.7418047808872426,-13.999460598483397,-1.3284874753865539,20.058255416535122
50.8112499,9.12897053807136,-4.570146223487288,-0.6400652257483747,-9.965709139630397,-0.8301710915938302,19.0664665610539
50.8212499,9.19515129713561,-4.532261717223378,-0.6023975755914119,-6.860065905257427,-0.08770646168011312,17.376279855394053
50.8312499,9.200435183915685,-4.374779626925509,-0.5777454106232873,-4.8022397478811705,0.700007966720122,14.786965727921253
50.8412499,9.21054985717631,-4.276730853337847,-0.4776937295591443,-3.694354541319304,1.7254677844330637,12.078796458602401
50.8512499,9.187194721862712,-4.225874522614001,-0.3598278600351556,-3.89365715519334,3.205282711108573,9.570876802769103
50.8612499,9.016471788129822,-4.106202586405904,-0.3639331461026002,-5.463694430643271,4.96950443150926,7.267521163130252
50.8712499,8.847883376299269,-3.9735547386107477,-0.4318990947351986,-8.031875178732559,6.586107936788562,5.54490367849358
50.8812499,8.774950495109591,-3.901340544808061,-0.4179805678615539,-11.162555478838517,8.075854941786835,4.557489553898139
50.8912499,8.67896016191313,-3.9122056042247326,-0.3448786760153824,-14.132281205324986,9.323989345502365,4.19793418291969
50.9012499,8.538305663067433,-3.9769662360189533,-0.3143573479676288,-16.107950807440165,10.317364055550401,4.245212135833361
50.9112499,8.522652959778055,-4.108305409423915,-0.25330611289092675,-16.303241915432988,11.274466045767202,4.71059347777234
50.9212499,8.519498730785473,-4.3386453183976075,-0.12450388176501555,-14.26179724487693,12.156986144488192,5.923039635083606
50.9312499,8.328638407419913,-4.471357471925202,-0.06087652905768431,-10.705773935858028,12.647230531874062,7.636383171928089
50.9412499,8.241926353927749,-4.565558254267213,-0.04451822560597835,-5.8534509453101755,12.697007495855853,9.683565292380397
50.9512499,8.211427460134507,-4.690448541153475,-0.04708149354785698,-1.0261807873505742,12.129697659659561,12.181880907369473
50.9612499,8.08189218013788,-4.723490555811659,-0.11198910159624449,2.935825411628122,11.014957313017343,14.445184598357088
50.9712499,8.205087083580132,-4.7314026998228425,-0.1633580143313735,7.009682075350318,10.346617890487003,16.01180085708115
50.9812499,8.460351387358665,-4.813246998784657,-0.16482279221955026,10.850562662497415,10.176202448016634,17.200661806485165
50.9912499,8.474827556818717,-4.887826713414767,-0.16247031562076578,13.606159594677603,9.710035479724244,18.166866690940843
51.0012499,8.40415809156018,-4.945561829240604,-0.2100631622919663,15.907973816017536,8.766777962673533,19.223858129183316
51.0112499,8.419742585671319,-4.985937855643758,-0.28636018478839126,17.90110332548198,7.571304651741047,19.79931627206708
51.0212499,8.513264985592166,-4.941312841931064,-0.3309519602048436,19.027901977205637,6.7304730167430655,20.112575719141
51.0312499,8.582129858708324,-4.859348874360714,-0.3576452626534845,18.78582162699269,6.568456117159526,20.47293082737838
51.0412499,8.65929852984402,-4.865561452251304,-0.3728137623349057,17.57714631551331,6.5726191985805045,20.551046374652483
51.0512499,8.814344257543883,-4.930523934110143,-0.3634520787986482,15.79961995658377,6.445516808222214,20.403226587587955
51.0612499,8.90918263520691,-4.934709368118115,-0.3572783048272564,13.386981667959798,6.116433285292557,20.0793345203295
51.0712499,8.925410134999717,-5.000602033162287,-0.36823429340843783,10.633891151426054,5.6987810427513095,19.752602982863422
51.0812499,8.860330897991027,-5.0732604458496935,-0.422867322952483,7.343059592819003,5.472491097398994,19.508492615802048
51.0912499,8.717181862767221,-5.100024845391964,-0.5144121922485789,3.2326878914968535,5.290446465977834,19.15337622636209
51.1012499,8.630969348369705,-5.19146220342498,-0.5500819946090431,-0.9255873455525292,4.952591352626394,18.470157833904164
51.1112499,8.594652304094025,-5.329881263019429,-0.5202787834459276,-5.458829920875482,4.7470920790196836,17.646000190172764
51.1212499,8.466313022014578,-5.460732339849876,-0.5389241227117597,-10.151018839038715,4.814905663927338,16.66562267296023
51.1312499,8.282110291856105,-5.532742052048917,-0.6784395925091352,-14.464825372309368,4.706241785519796,15.39059684929233
51.1412499,8.183239047274471,-5.589834911401691,-0.7877937376408598,-18.53528686361841,4.414503433329151,14.364413705072762
51.1512499,8.074668735423028,-5.735099695880332,-0.8339273579232623,-22.401323675225434,4.378199023382783,13.861257264888737
51.1612499,7.941780981404873,-5.921214696788344,-0.9819014832058102,-25.828325657874515,4.896680213179406,13.66017465369498
51.1712499,7.8015544703316495,-6.087537566402958,-1.155342168099516,-29.49367023973064,5.494800582565768,13.749983251745919
51.1812499,7.632239238784839,-6.238593088733939,-1.2869284031913664,-34.1737989773811,6.806901877795768,13.992845677854886
51.1912499,7.481303641608066,-6.31743150066801,-1.3811975035199728,-38.24910812058297,8.90054975447714,13.988390662586019
51.2012499,7.270394503643627,-6.350820190612834,-1.47777835400286,-41.59198322068371,11.515552322085007,14.184572005759994
51.2112499,7.009161622212747,-6.358060067555504,-1.605383072428315,-44.94847382650602,14.637038236957448,15.00990595785898
51.2212499,6.685988987629188,-6.293181111032315,-1.7094065455046097,-48.36802856004179,17.556741771814742,16.274744657456512
51.2312499,6.40407287530096,-6.272478300710644,-1.8364552851777773,-50.910440243652126,20.95499346596077,18.20413048102127
51.2412499,6.091614653987801,-6.128464604593945,-2.001136099820664,-53.558193089860495,24.767539398519524,21.028985373672832
51.2512499,5.813035071164537,-5.811772148187356,-2.1785001562600996,-57.72949214926882,28.987237462154727,24.259409204081823
51.2612499,5.5876340612547475,-5.449296304553043,-2.3500603062291,-63.33270056703225,34.202997120327396,27.677688923840876
51.2712499,5.338089350002654,-5.055645987261138,-2.513429533642275,-70.16598448000761,39.9211698252141,31.382777378220467
51.2812499,5.054228903144125,-4.728460918374946,-2.6117304623927753,-77.66226682254911,45.93537192339158,35.650219873565355
51.2912499,4.747158308516395,-4.503270342963761,-2.63048930408347,-85.08594523393182,52.50292405572015,40.77575445294457
51.3012499,4.452611564501814,-4.317206693629051,-2.618077411700154,-91.7402884926226,59.23514250871429,47.24194107536211
51.3112499,4.183042159259985,-4.151144842212125,-2.5455942323033938,-96.9841900522655,65.88444117707897,55.32017377997943
51.3212499,3.900882841393511,-4.106927282574855,-2.340043216197697,-99.84815153567358,72.81398440578404,64.88191617811219
51.3312499,3.5620933544297135,-4.283108322504105,-1.9888747931983968,-99.84724888191386,79.69953849060386,76.01405495332992
51.3412499,3.1853713549184537,-4.5182886601249495,-1.609523688555645,-96.39467967639646,86.47348594382682,88.49948268955083
51.3512499,2.850079450661145,-4.654047455041538,-1.2304189803807937,-89.58352493489568,93.18114282270606,101.5556990356046
51.3612499,2.5573484252989385,-4.701102013029027,-0.8669428881010847,-79.94449954042592,99.42981248113966,115.21357105969003
51.3712499,2.3010619617738217,-4.6865247051687104,-0.564662806201857,-68.56916524779022,105.20095619015446,128.47493201528317
51.3812499,2.075433266958144,-4.571915719796573,-0.2411190401243904,-54.79747384222811,111.23199657856875,142.30688540503965
51.3912499,1.9350255050684422,-4.326503559107633,0.14609629219283313,-39.29914911792926,118.01910469094454,157.30540524471823
51.4012499,1.9144245909079756,-4.062720861779601,0.42070266075644425,-26.102324447329234,124.08239730861474,170.37545929570047
51.4112499,1.9379734595962816,-3.7379137651463146,0.5656961415356149,-14.742428219075633,130.1466381920531,183.086077634614
51.4212499,1.9617217839448402,-3.3657193430780947,0.7207699333639769,-4.70153145479659,137.1052405991771,196.2956231672589
51.4312499,1.9356167973575162,-3.0851204765022913,0.8871552918532382,3.4760773147408144,144.80420791697168,209.7326252503873
51.4412499,1.865480751911882,-2.9294754954990165,1.1095218908018507,10.341181365061715,153.38202561807447,223.2229442958717
51.4512499,1.7101632452877282,-3.011877724137772,1.5940127922654843,18.13136577311403,162.09686698155122,236.3292514169399
51.4612499,1.4992626437381924,-3.5083053488494786,2.253551165416974,27.546080314282225,170.95752671183988,248.74424392623166
51.4712499,1.1585382092015255,-4.22122513737269,2.744429700093211,39.280934206546625,179.4864943520253,260.11526132116154
51.4812499,0.654633606275194,-4.792972260138064,3.0611698388077393,53.51053181150136,186.97235308020416,269.7463600353065
51.4912499,0.16345707142148902,-5.04320861177695,3.3112848858507533,67.5390151197894,193.7316874921804,278.0119089531516
51.5012499,-0.23676881252229778,-5.231561362419374,3.7552565686558683,78.79744491679541,200.26055102186317,286.26817733035097
51.5112499,-0.49555332905622707,-5.639185462656905,4.6702830507554545,87.89392507674906,207.95772498525338,294.93521476787754
51.5212499,-0.6747950421031585,-5.7855722812353605,5.635517531821761,93.42580559139675,217.17858904864698,303.0243386081006
51.5312499,-1.184835396815629,-6.070643846565498,6.624866609713849,95.6988931429109,225.79484469738472,309.23462075968604
51.5412499,-2.11481526037795,-6.826334470374017,7.432764118258272,96.8172601680807,231.00427621368019,312.8532049924215
51.5512499,-2.9510407743700484,-7.168503231395301,7.6839385179842905,95.72057269437497,231.57545017397916,313.68162901834324
51.5612499,-3.5385652662052958,-7.398543054191467,8.155336490475188,92.80349936025496,227.26199415800164,312.3921151569034
51.5712499,-3.918435348584614,-7.837140383996339,9.036139776385513,87.11013165237591,219.61238594363905,311.1614886188337
51.5812499,-4.1956216833369355,-8.129403170579508,10.160933149978359,77.28299410518316,210.4400495243355,310.76064655171535
51.5912499,-4.881833225620488,-9.319240576458624,12.368965480370827,64.99865800467087,197.2637134934066,310.3798302844843
51.6012499,-5.899248099099823,-11.585810592813996,14.648880543704275,59.289061172707726,179.66039605274557,309.63041952052856
51.6112499,-6.328100033441414,-13.685303965558537,15.900642353775925,65.47815793997655,159.14333344008747,308.40603954958726
51.6212499,-5.886511435547862,-15.687682885676706,16.983087855734922,81.13619158127875,133.08018014532487,306.8813163150865
51.6312499,-4.5645778734579405,-17.170950238330406,17.948954375562067,100.2724175679308,102.56428007440374,304.8036117329424
51.6412499,-2.676618212142916,-17.43821720737459,18.62634885958195,111.71601968387888,70.05678113554514,301.09462183634173
51.6512499,-1.0646860459937433,-16.92410340060016,19.60619446264994,107.3517301536494,34.955018761049175,293.85239002916086
51.6612499,-0.0625663212753371,-16.668847839654287,21.7027915607542,86.88502784272184,-4.251593940679087,280.5938662846441
51.6712499,0.8634428182934778,-17.62454768535242,24.20140315271253,56.79580374664604,-48.40624190565155,256.4038709911624
51.6812499,2.5093471455106693,-19.381451259244255,25.844696181003194,24.053770862696457,-99.48380852320324,218.1964065539362
51.6912499,4.989267952499114,-20.905268594237118,27.528632593906195,-12.655947417961618,-159.2178663151186,166.77698471339224
51.7012499,7.723802542762135,-23.628765774320712,30.90517368328838,-52.60665335336366,-225.82134107193934,101.7621668823699
51.7112499,8.749909495772211,-28.558162390102247,35.57865022733832,-80.88360999938337,-293.10043446343536,21.834369893608578
51.7212499,6.2145628108853135,-33.809792495428034,40.62364969714069,-89.38435329559888,-361.2899691116161,-71.91957911550904
51.7312499,2.502833706094586,-39.229229495050284,44.789446517713145,-74.66167201633756,-431.8496589115764,-177.37107309321112
51.7412499,-1.506681396800672,-43.320175711509684,46.01254904439138,-37.72234178590171,-488.7000292182456,-288.3490032807564
51.7512499,-6.944797551007802,-43.93065584774818,43.46381320560493,-2.4084658503381684,-502.4152212101209,-389.92442614973896
51.7612499,-13.187300000090444,-43.30640977571298,38.61328549790033,20.582435515853337,-499.20200881994873,-468.3490161029325
51.7712499,-19.57951840170646,-41.152872188110344,33.95268208872098,22.17596155548009,-499.9612037024045,-500.9523356053358
51.7812499,-24.955571817187746,-36.729235623926286,28.03870636560781,-4.44956840507917,-500.5000469786351,-499.92324762435504
51.7912499,-28.76840217299837,-32.83549608593674,20.520681793865784,-44.431493355259065,-499.2556113344753,-500.0393777948889
51.8012499,-30.904539896891173,-28.114932086989707,13.905127406461641,-91.07854486802931,-500.0826581271887,-499.92608066388647
51.8112499,-33.75984612966005,-21.549002023545768,9.645889694764259,-118.50594297750514,-502.9465095074684,-498.628452628489
51.8212499,-41.88261754153396,-16.880201096653856,4.990020963152522,-84.76362229271416,-453.61312449980255,-505.90920540963805
51.8312499,-47.774638646874635,-14.98192621816111,-2.911129332794191,-2.0086662631200056,-359.2717988706775,-455.2952631140351
51.8412499,-41.93628201400176,-8.551685803847821,-10.485736201480892,80.72291341756132,-278.5346242206458,-323.1905331961796
51.8512499,-32.42863337028371,4.787339703432805,-13.02291381194553,136.4981610582678,-216.8816108944444,-223.36170055481114
51.8612499,-26.78807356039839,12.794614923449352,-12.449634174377039,149.51693221816748,-166.48881890557493,-160.29461488434168
51.8712499,-22.374833933249455,12.54502998899494,-14.192337788554068,122.95200325161478,-111.61267948091414,-84.98406285052434
51.8812499,-18.391590072235957,12.96673883438295,-14.907905826899947,70.68569561837397,-65.18117565970502,-13.431505171508437
51.8912499,-15.86038264208528,12.54262558772082,-10.312110915012731,17.38446592562347,-34.682509059545765,33.16703945125992
51.9012499,-15.044835374130688,7.918142191995019,-4.677099677491833,-24.846861154402404,-15.828960557643823,63.362922371105505
51.9112499,-14.2207735777257,2.5291582948155957,-1.0409419488485856,-56.042293039018816,-6.086912050884456,82.48851570352868
51.9212499,-12.089825003660088,-1.5107469007204382,1.5873654706772666,-76.83072653399964,-4.548822640946266,88.93009544468626
51.9312499,-9.171373970378486,-4.890347264268706,3.6604560999669156,-88.18578275206868,-9.15658779589255,85.42563742697779
51.9412499,-5.74628523811863,-7.677894830137857,3.973992728990231,-88.66556926796864,-13.716933731123088,76.81313590148612
51.9512499,-2.160871721980322,-9.131463631072938,2.7998718244656655,-79.27573304149927,-16.30925072092449,67.12493299706523
51.9612499,1.3542559108367886,-9.524593531758905,1.46916717024534,-62.86130188704241,-16.793379428824462,57.919729441476875
51.9712499,4.8411041031768915,-9.358633190340074,0.6757504656966695,-44.73593430939349,-13.938993979680676,50.21543349358273
51.9812499,8.035446809283677,-8.89571203334976,0.6774169775622891,-29.240334163012687,-7.820220579973785,42.82349640263884
51.9912499,10.636079612592917,-8.320148821405677,1.328796824500717,-19.547598024624858,0.16553200705705906,34.685441257684516
52.0012499,12.299883375979169,-7.826791558833995,2.1654217347788793,-16.66842865296184,8.940243351512219,25.425345166911278
52.0112499,12.694196561220014,-7.680014517466734,3.0343163551083476,-19.814527963156685,18.468588112849865,13.910737210194977
52.0212499,12.027416567829194,-7.907995269488051,3.515735240895337,-27.719263326306518,25.932507833015677,3.028770360308304
52.0312499,11.188370982436387,-8.167280191565563,3.1619696026574577,-38.09296142977688,29.84836221553054,-5.247014501424031
52.0412499,10.850661785058922,-8.191551638492319,2.3555616910694086,-48.62762709834072,30.849331230442843,-12.082153540576725
52.0512499,10.861575477414002,-7.877621303443525,1.7339268138604453,-58.30237889742618,28.86694760281452,-17.453754794041487
52.0612499,10.967986924743025,-7.554720465400048,1.5042059460019988,-66.11064127517189,25.59964135472125,-21.721788769844594
52.0712499,11.073378335029656,-7.654077621560854,1.6477093233974873,-70.01144355797676,20.931296044962075,-25.99273402724065
52.0812499,11.27353101921662,-8.039502882877358,2.1426733127974575,-69.87439469027142,14.915544351842769,-30.295723525806284
52.0912499,11.521979447296543,-8.299214585789873,2.643898385871228,-66.91244005785663,8.835113527861001,-34.3885007345301
52.1012499,11.543011775888294,-8.218811320839874,2.922590842207086,-63.450386342467546,2.1503138856024067,-38.525543610682526
52.1112499,11.33547626711946,-7.954619444675758,2.8838504042300306,-61.14514811714054,-5.208459634071519,-42.40916658105368
52.1212499,11.070963279252263,-7.698030766881823,2.515309441237907,-60.00170411459644,-12.45829542595148,-45.74034651323382
52.1312499,10.59852356130971,-7.276168963817576,2.117911855251663,-61.5347201426904,-20.582918193245305,-49.044131070807516
52.1412499,10.07447111612633,-6.738489886994452,1.7271452293491756,-65.46422343641609,-28.779930948151147,-52.32926634378193
52.1512499,9.93759637834174,-6.592306138868813,1.4346967754153213,-66.96986344993421,-34.25136174195598,-55.53328260852765
52.1612499,9.75427574735079,-6.315973735719908,1.3847505267404299,-67.14533316328531,-39.388907041916326,-58.72355885730331
52.1712499,9.580168761051398,-5.906615042903875,1.574761238844279,-66.93986309242015,-44.89492036462284,-61.61863186409962
52.1812499,9.856057914297612,-5.953814122901761,1.9134754739696387,-62.719923394882876,-46.90239479254953,-63.56370594413633
52.1912499,9.98137112529485,-5.956698133487861,2.0631264930358557,-55.076623432347326,-46.88063751508191,-63.93343285269367
52.2012499,9.743400798146748,-5.824084686215145,2.158805150554142,-46.17767049557804,-47.45817595173646,-62.657239209263615
52.2112499,9.436322240818301,-5.806189071593811,2.219723157166387,-35.346138778349875,-48.29149961297251,-59.579905697370755
52.2212499,9.126686280210745,-5.554970291341709,1.9237284519661706,-22.687634838091267,-48.69855287133285,-55.258390267775184
52.2312499,8.853151422534614,-5.06190528138434,1.5787142750358008,-12.3513711907077,-48.990678545958104,-51.269666903893196
52.2412499,8.637809709807748,-4.5291260435899385,1.505877787129508,-5.937829149559945,-49.2998011248224,-47.933486031124566
52.2512499,8.47002747614299,-3.9981136880793917,1.4298910386508659,-2.297486245868943,-48.240917979280994,-45.13437399621759
52.2612499,8.193127270556445,-3.5311841260930925,1.2376831357235567,-0.8028839902544362,-46.42021676922139,-42.663854884655045
52.2712499,7.838142946306101,-3.0819059074610813,0.9612763233399053,-1.306807703364432,-44.90574839703587,-39.82272573090809
52.2812499,7.515442166574006,-2.580544894554369,0.619429126305895,-3.939389961169784,-43.79334024440726,-36.32151340261547
52.2912499,7.208863602969538,-2.2369915764437187,0.40550717818619975,-8.848038925645826,-42.75297366486125,-32.38075753058653
52.3012499,6.909027842648375,-2.027778569533192,0.14869962608890297,-16.16696913904169,-41.35310526184002,-27.628831232654246
52.3112499,6.703996574836341,-1.7153494942942995,-0.12198598753598575,-26.15229701727427,-39.491090548024516,-22.887259819962946
52.3212499,6.668945560117656,-1.5652763715692501,-0.13827483689462822,-37.507732368207776,-37.085522350393575,-18.923864877683087
52.3312499,6.713556966312042,-1.7019792710441501,-0.10302384900464623,-47.64635247420153,-34.64061009091559,-15.536283182540343
52.3412499,6.836445239684025,-1.8280634626100438,-0.1291301770037488,-55.19914440753419,-32.11980004034174,-12.273586078869194
52.3512499,6.967355214603926,-1.9622082530323823,-0.07011198588889955,-59.908795697045946,-29.672009903825483,-8.902692522178887
52.3612499,7.0177298630770215,-2.3134970841791667,0.13075430367652474,-61.5028512340152,-27.548071954473883,-5.059772692606645
52.3712499,7.03540885992107,-2.762141540939881,0.1362128710124844,-59.30058501589066,-25.650468633905678,-0.4323622691153559
52.3812499,7.116733141701998,-2.955539615100331,-0.10113416894616128,-54.763995773761714,-24.183299395721445,4.757768105491941
52.3912499,7.352003259328061,-2.9674900833468256,-0.20586240046506118,-49.72517292459994,-22.89518956313254,9.703279052686936
52.4012499,7.697288432326354,-3.0253615719869362,-0.18861310260291506,-44.50326657161357,-20.997178709249265,13.833469412199287
52.4112499,8.05667363311895,-3.040921199956613,-0.19695380129667103,-39.85079991215844,-18.43788256674868,17.022968021457082
52.4212499,8.371951628590192,-3.0132621015325647,-0.197635479491177,-35.171168702331144,-15.349405323990453,19.472358281976984
52.4312499,8.558885603484578,-3.182284807386429,-0.2027385282463471,-29.31457636369145,-11.505656691483178,21.650282287739827
52.4412499,8.625765690026066,-3.4733404713496023,-0.19517409946481462,-23.72211734780388,-7.447802073499136,23.292432432474733
52.4512499,8.671967677684975,-3.6651286749088787,-0.23416543839207066,-19.012781479883962,-3.4312858179169643,24.390524296940495
52.4612499,8.694136013976754,-3.7743295723747976,-0.379686035990498,-14.618451816186699,0.2703566102088032,25.27300346529805
52.4712499,8.670682913095632,-3.9018630292016905,-0.4914193207925847,-10.291529264717695,3.233138995048368,25.885582186954274
52.4812499,8.669935760918746,-4.0472636899110555,-0.44948925791961636,-6.44053508087163,5.5189820995527406,26.384379385753025
52.4912499,8.718703166428211,-4.170028228163753,-0.3614720970247013,-3.94418535187536,7.758047629573762,26.59684538692414
52.5012499,8.757912681356645,-4.200028336793631,-0.3368554950772112,-3.2047797184101467,9.663661994723185,26.05586377216421
52.5112499,8.790617299854066,-4.145842213564017,-0.38882771953120976,-4.229969162089067,10.984724407480751,24.78661982995779
52.5212499,8.778962798279931,-4.175284818445748,-0.42593429803157334,-6.39418297633851,11.73535050366655,22.715262465360635
52.5312499,8.765122924254689,-4.326059917565931,-0.41234315464703647,-8.453723527973287,12.416899346090183,19.933560449534433
52.5412499,8.784242877040233,-4.623778096954062,-0.44342703420777213,-9.445636192259983,13.48182063251586,17.10467724310985
52.5512499,8.801311506122946,-5.019558174082569,-0.4135322971948267,-8.472398365611022,14.46191160951552,14.997100715007285
52.5612499,8.813356444993566,-5.351325145442372,-0.29225803580686704,-5.7272224431726775,15.218378234609347,13.489028137256676
52.5712499,8.791913929122938,-5.590903394519716,-0.17908578992263421,-1.3927562482740614,15.629043804723599,12.185190969420614
52.5812499,8.816833884101774,-5.672850937424699,-0.1692955188980299,3.7155729573413097,15.867358815405074,11.0733380023625
52.5912499,8.84551714893434,-5.617321072671099,-0.20607953350518587,8.476842970921531,15.99465859268766,10.233515477711185
52.6012499,8.81507555501364,-5.506975191166947,-0.25770909395004465,12.151866622931168,15.682532880436854,9.49932154850392
52.6112499,8.868887393708725,-5.290980042768712,-0.3587326532380502,13.623171061197114,16.081879589514596,8.645536832259294
52.6212499,8.858116383628849,-4.973942141858503,-0.4242053582384934,11.991999165921776,16.527846073472894,7.808429301539233
52.6312499,8.790048922550103,-4.784242718982571,-0.45932022559021224,7.723985337154771,17.376617228048666,6.461495391894179
52.6412499,8.749952136101395,-4.80246664477955,-0.44613999279963623,2.817379420870988,18.566765601729024,4.7759624258765045
52.6512499,8.572764063209327,-4.819282997785412,-0.45263318967890553,-1.892109279110819,17.98450030808246,3.614009522429101
52.6612499,8.619270274569905,-5.001967965260622,-0.4878108067031744,-4.706495077914116,17.779145203596105,3.0309359972952157
52.6712499,8.634596605907953,-5.172257546442893,-0.3818874590000876,-5.7599979630670965,17.407043424031418,2.845078734065901
52.6812499,8.511713650891926,-5.29338153102745,-0.23784926284994026,-5.332091400085371,16.242429450092065,3.1177949332595016
52.6912499,8.54166497846233,-5.417922924010524,-0.18735995700597932,-3.4381157979900308,15.678890012875193,3.6427550741784125
52.7012499,8.56084545359142,-5.373088587616611,-0.21689062974764933,-1.552240001629961,15.37911177058849,4.506568015057272
52.7112499,8.462348291482819,-5.330376060820717,-0.29801385987492046,-0.2638410255004443,14.769523764299025,5.660105791548387
52.7212499,8.433098956836943,-5.2823803936578795,-0.3339360719905287,0.08183958888659579,14.604899629397933,6.828089701214088
52.7312499,8.361580821890831,-5.094295549408072,-0.3486679211705937,-1.5120665747255422,14.119036609855067,7.544916377050767
52.7412499,8.31477350859449,-5.043695067106868,-0.35222428435679726,-3.6120007406706636,13.915737660574283,7.917931837455388
52.7512499,8.274462660755677,-5.146415830726917,-0.32447799090113644,-5.4097908458336805,14.176180113606172,8.357543023512195
52.7612499,8.189728402411856,-5.276220138997222,-0.3184988192351706,-7.689285820770537,14.382112685303996,9.031990613058092
52.7712499,8.106080504624813,-5.425265951237806,-0.3694177983453613,-9.692102036856232,14.25028597344852,9.978014448239072
52.7812499,8.032764857417094,-5.545242919227451,-0.453404114516732,-11.174574655087463,14.450944681558637,11.092332260566504
52.7912499,7.872105892119215,-5.5571911204725115,-0.5166020034304963,-13.6553395718529,14.582843501049272,12.316754937271085
52.8012499,7.710511468713524,-5.51607047544349,-0.5991464710046321,-17.552564213248136,14.726126337833321,13.455880801958822
52.8112499,7.593778570601223,-5.488400938964896,-0.6993645022292801,-22.823391454887812,15.200988471353035,14.445255319961479
52.8212499,7.396836906476905,-5.470639605598137,-0.7717553083731129,-29.119675753592652,15.546256332353797,15.045867277120553
52.8312499,7.267591734157791,-5.602779166314826,-0.8806058582352162,-34.30671939926099,16.467003444036465,15.182499603934758
52.8412499,7.162945555024266,-5.809852244031612,-0.9685531190192238,-39.188862832320545,18.343859033938696,15.178346354700654
52.8512499,7.051615435169877,-6.028131634320196,-0.9815727135762917,-43.18480644944707,21.18943915150969,15.645928473356946
52.8612499,6.979334863280933,-6.14649772131959,-1.0446364352507518,-45.012970902656,24.78665272519835,16.637309940474026
52.8712499,6.877803527933226,-6.102501632073242,-1.1493910053084089,-46.310470159853466,28.572887067616584,18.19467577456952
52.8812499,6.7670092325383635,-6.0770116694007665,-1.1796749596798044,-47.05166374509477,33.05128216124758,20.441120534957292
52.8912499,6.540517387166918,-6.021878554182922,-1.1909132132116473,-47.59701449735543,38.295758452568585,23.23187186177372
52.9012499,6.243408998840633,-5.885183873837679,-1.2922143607698322,-48.346702609248354,43.818173408844,26.60493478866837
52.9112499,5.936181904373903,-5.680694224891417,-1.4132064374414206,-49.415873270265486,49.380839033094226,30.515555374312246
52.9212499,5.52185097282091,-5.402467217813047,-1.4844379773445968,-50.822639778061365,55.134234039745216,34.615499444696596
52.9312499,5.031298477634906,-5.084320077806348,-1.5297100188225616,-52.370901771118454,61.495609501919056,38.76880943293828
52.9412499,4.533440705423817,-4.730039646798517,-1.5697773607243792,-53.688975270112635,68.24626086980199,43.41561550812821
52.9512499,4.073918540535143,-4.392812971349586,-1.5886924355358267,-54.713690741445575,75.31013037214846,48.34248021799255
52.9612499,3.7357286613090293,-4.1220311458818815,-1.5229648311655484,-55.305381715309764,82.77050999644375,53.740650309214345
52.9712499,3.440544719403238,-3.8378122973818707,-1.3700503899453207,-54.731532662372324,90.91862907079526,60.00786272003639
52.9812499,3.150481375093193,-3.5979945794171564,-1.190067419150628,-53.440145156849674,99.88711361480891,67.33485648640041
52.9912499,2.899014984378554,-3.4978093758913795,-0.9441762644877273,-50.44879645135212,109.86700513433888,76.00600009444489
53.0012499,2.6526586792017657,-3.3322331399355827,-0.7581893234306889,-46.23947860182063,120.5766630516786,85.66003645089843
53.0112499,2.406155555156828,-3.1541014391317685,-0.6123642612795036,-41.57498808778013,131.63402629611227,96.22312743544838
53.0212499,2.142590263195573,-3.023354423172141,-0.3943262221576333,-35.554165535291936,143.21807276124758,107.75602434455745
53.0312499,1.9258870762946934,-2.922797840069608,-0.14735938416252328,-29.316466743458225,155.06495152211912,120.02950186461686
53.0412499,1.8117510828304688,-2.9056326523513727,0.11148531409216468,-23.375403382348384,166.9079366691471,132.7689497383333
53.0512499,1.7175162374434048,-2.8982283635573554,0.45861377083282984,-17.28091516599186,179.70550051661422,148.23626158543536
53.0612499,1.5777012280377376,-2.9490694928361805,0.7953616296669145,-12.102722836401405,191.63918841144704,165.46171705211455
53.0712499,1.3502894882995775,-3.0607016665310205,1.073289676285308,-9.210386646171472,200.6487160667687,181.25712195119345
53.0812499,0.9587468098707922,-3.0410971675188927,1.3250202114233802,-8.204954296522939,208.01161886667484,197.33408811535182
53.0912499,0.4431694360814836,-2.8462923986498407,1.533521879250745,-9.240305065475443,213.46956030558349,213.66144086666245
53.1012499,-0.03483730721095511,-2.9933440986546156,2.0277703079158758,-10.487312133978453,217.2936647614102,229.93283663405137
53.1112499,-0.45906576754005646,-3.5763087234151736,2.894489275489857,-10.18342913634953,220.12090775407532,246.2252081643482
53.1212499,-0.919731877929899,-3.9131682966681898,3.4135729704889988,-9.662351674929678,221.96850676649734,262.5697002673589
53.1312499,-1.3029134475785797,-4.223053193808289,3.9274779615595325,-8.773564072479312,222.2419080319957,278.226412433883
53.1412499,-1.558330813643626,-4.862443432416769,4.7995712594842255,-8.351776697457467,222.20576278249357,293.2520543111373
53.1512499,-2.046804763805559,-5.258763858521422,5.22256838566459,-9.869620483547434,221.9209689979076,307.53119058596786
53.1612499,-2.7293040196058387,-5.664062115060007,5.765022630622563,-12.043085214739785,219.67978306170932,319.67781262373524
53.1712499,-3.437261907058474,-6.876894560402172,7.34522583588639,-13.424199399441369,215.47396025386558,329.5693771374773
53.1812499,-4.273919975213861,-8.549467869769718,8.98651165123903,-11.486594680360785,209.76818844779834,337.60861781710105
53.1912499,-5.190683930841446,-10.30409964767293,10.275323041767304,-3.4090841952829494,200.29935511898123,343.3859078326315
53.2012499,-5.865852940508417,-12.307236053292247,11.816102374444043,10.271750163098138,187.05401585290872,348.27179456423005
53.2112499,-6.25471308009621,-14.514168468950052,13.18331421440546,30.458403011470217,172.88568784133935,352.77858104587403
53.2212499,-6.4808900004076415,-16.734160440286413,14.431698710546723,55.96125808051966,157.5428565264114,355.37163350195095
53.2312499,-6.106212900953295,-18.490759075747697,15.885568302648142,84.14896684198825,140.70264253541677,354.75642847077995
53.2412499,-4.846654917659766,-18.910745348992148,17.022431471926634,110.19122087019387,124.56088623108178,349.2100715246118
53.2512499,-2.5455020208131174,-18.31444954958898,18.16487919651317,129.01971827112436,107.332755395457,335.47694312810694
53.2612499,1.0915281658453346,-17.890600530187903,20.299172770538235,140.73224624433652,83.05231086331199,309.1520895982724
53.2712499,4.257793643328534,-18.136897469020248,22.74058197544356,145.00733945381234,55.506754057652536,277.7249396101772
53.2812499,5.87160801893542,-19.10872749086277,24.609180018987004,145.159425635352,24.592312473794447,247.95628572104985
53.2912499,7.033742373182684,-20.14910788313141,25.939234088668787,144.7461605113801,-16.11703500774293,217.01665736702878
53.3012499,8.536822307087302,-20.84058456116116,27.325685366121302,141.63488567339076,-68.95592909012656,182.8531324857945
53.3112499,10.9052039741789,-20.544466832852198,28.72165559990647,130.50092446214637,-133.04624903045516,142.46709967242413
53.3212499,12.958972594117844,-18.149471902595074,29.66429433259432,95.49284411634227,-206.9944145622352,95.33373418438892
53.3312499,13.181211318272613,-16.31038808500438,31.9511246855185,35.885973841208575,-284.3530541573288,41.87245446760837
53.3412499,10.978543266718484,-18.10947954059515,36.33898044355201,-31.750654639866177,-356.3061966755916,-20.24063180621121
53.3512499,6.870969351093403,-22.680596766702802,39.914343977704604,-83.40198471501246,-424.5449593240596,-95.89468323987934
53.3612499,2.460098211239839,-27.62901006799427,41.37338857238095,-104.25333118322308,-483.427872568386,-184.23175376902097
53.3712499,-2.312368601708252,-33.558703879301284,42.162941168392756,-92.24889426678878,-502.4962074168804,-272.9162987231497
53.3812499,-8.289936056867802,-40.91821250046963,41.946481965904134,-50.86500216591473,-499.38793212381904,-344.35861376266325
53.3912499,-15.453159627993726,-45.79224982308925,38.857470673865336,5.277973374077328,-499.96474823933,-391.7776559951457
53.4012499,-21.932553096086874,-44.054940152838256,33.06411065253919,43.3461156053723,-500.07441414162815,-421.6321804492504
53.4112499,-26.931111367921293,-38.54394579386967,27.692806706295467,40.00479876987415,-499.97986664355403,-443.54766873169314
53.4212499,-31.82126994884199,-34.80154736505711,20.964101276607526,21.185542231434187,-500.3025852033883,-459.25911447585406
53.4312499,-33.824809481150474,-29.152747839266816,11.627666335853744,-4.194386609856305,-498.73037272759206,-459.9889231669828
53.4412499,-33.194940118612514,-19.55561614238459,6.458532159382536,-45.944200785334736,-502.95381275720723,-442.4228082242561
53.4512499,-38.302778206375606,-12.723106568454254,3.6513038804710374,-53.01900890189641,-490.0150332989128,-402.9352056311983
53.4612499,-44.55852639312647,-9.904375099710018,-5.358576536736116,-11.812733366343181,-409.3471608624067,-317.34334080783486
53.4712499,-35.48031978911542,-1.4684875938069335,-15.100559338363658,15.307309541365688,-295.76774373607094,-203.10133458395856
53.4812499,-22.11241448933927,12.33179839408231,-16.426082821463698,1.825551160916869,-203.45051156224972,-148.26747142009603
53.4912499,-18.36692131504484,15.009032469199683,-13.170695959971106,-30.70446836223607,-137.01526934437777,-121.97640572839946
53.5012499,-17.213920606949017,8.71220016975726,-10.013045511239334,-60.4164020523185,-72.68088409888524,-67.00951777981939
53.5112499,-16.99545831046055,6.587218386496309,-6.279290889589664,-82.01681628264011,-25.6416961730609,-23.958576939229406
53.5212499,-17.426690448456064,5.501872920330872,-2.5121604729844647,-90.83109276109097,-3.6327326983766013,-7.02805520704698
53.5312499,-16.33795283956348,1.408250462900091,0.6904279933555586,-85.72150918354501,4.5544434624960815,3.446338526029478
53.5412499,-14.094968817812584,-2.3745693465026534,3.4380040507380425,-70.24714914046845,5.296720222515922,11.640486947786744
53.5512499,-11.21063361383377,-4.099856590240242,4.523716793419247,-52.467594463732574,3.672743818018632,16.50931607831588
53.5612499,-7.9812961843529715,-4.375823152718166,4.174855644620988,-40.629002837638154,0.3489190627329007,19.94066242788793
53.5712499,-4.4391822825426,-4.2614287169038745,3.5696299269874165,-35.64367709702696,-4.75353351574757,22.789235831137205
53.5812499,-0.7350007039304698,-4.295563347294231,2.710597136559592,-34.018983787788784,-8.888138130677227,24.966065975290718
53.5912499,2.527932076852437,-4.047948189987656,1.8792165170189803,-36.15628611055471,-11.59353702206787,26.46267794756448
53.6012499,5.323009736179666,-3.8866587538417514,1.852933837353468,-41.63519935348951,-12.070405202135543,27.25508063316761
53.6112499,7.710788921131876,-4.401745459430832,2.417463179629574,-48.100215723849125,-10.278061122391241,26.67830455945014
53.6212499,9.581140183383134,-5.506375420087761,3.0465593008343963,-51.662092223811115,-7.63126020602205,23.730511205707966
53.6312499,11.082081222666108,-6.466409775529918,3.4389324490429862,-52.65991363287181,-4.6734614113607025,19.320744973043134
53.6412499,12.481693516919965,-6.8567688366973485,3.6199016543628035,-54.21681718892016,-1.0457992050419453,14.016736203970218
53.6512499,13.453718645630774,-7.151185366743275,3.9106859886589462,-55.33318026626045,2.35896126188165,6.354299709033533
53.6612499,13.445482968627017,-7.578087975515102,3.9602543230137788,-55.55482591089905,4.059603273021386,-3.356543069330049
53.6712499,12.895038317506522,-7.871438526355887,3.41840803792042,-54.13451417925966,3.5850213314291315,-13.118183697840195
53.6812499,12.414653532653379,-7.983128218735925,2.665087235674928,-49.41441585012598,0.05553170009478696,-22.195571382439862
53.6912499,12.034151607367809,-8.141658093102322,2.143433419605419,-42.53380077771872,-6.445387203570655,-28.217371545853204
53.7012499,11.836679796533806,-8.206729023403382,1.7026061391889653,-34.46643459682532,-13.865424205350708,-31.339766063321555
53.7112499,11.719571051826454,-7.798801052668701,1.2623000715787474,-27.388244260171202,-21.017550201225824,-33.38316366422366
53.7212499,11.641673802991313,-7.054736120807934,1.0678660888436213,-23.404245620743144,-27.315971343855626,-35.37538488078202
53.7312499,11.705473802871449,-6.351197089048313,1.1441052603388773,-23.508877262892327,-32.05175183944159,-37.69110455424284
53.7412499,11.715575170826622,-5.767905615264711,1.116222594565453,-27.18282109801968,-34.72886946055981,-40.057183021902276
53.7512499,11.427540002998402,-5.297146478584108,0.9271351303256811,-35.04378205177692,-36.76504881552534,-42.262687732320636
53.7612499,10.997609936968008,-5.040011233366588,0.7221875062061103,-45.669204306604215,-38.07360884774508,-43.79482040911094
53.7712499,10.512572448373545,-4.91739925616804,0.2669053302972751,-55.738956946319156,-38.39871839698757,-45.339309476287056
53.7812499,9.956396823647138,-4.7628090678349,-0.1298974197634085,-65.33333159191739,-39.31094289646038,-46.90363954827258
53.7912499,9.5321525552871,-4.6852098551731105,-0.19136717135964218,-72.98500316882,-40.403523808374764,-48.104971011241204
53.8012499,9.222329277253124,-4.693062493319546,-0.25323364872566095,-77.24803001697504,-40.50506425670239,-48.82322432167029
53.8112499,8.902510573264438,-4.580748354857473,-0.26798734086747844,-78.81199521824595,-40.140239372120746,-48.63110388820988
53.8212499,8.736996296260436,-4.49133177769703,-0.08015205152865428,-77.45428043269972,-38.888432637071595,-46.90932849679153
53.8312499,8.657653320706228,-4.357624516905722,0.2033453107234596,-74.67128076131702,-36.17241635223231,-43.69456239006288
53.8412499,8.495876215896665,-4.024521650309723,0.38936682020443397,-71.69077567582863,-32.55320274608489,-39.44197717041217
53.8512499,8.236947242005776,-3.7098892600874316,0.4108197621298001,-68.04467347411564,-29.3108369095894,-34.375750010235805
53.8612499,7.986107959496393,-3.639791288123013,0.4198328009890796,-63.283917189625065,-26.502694052060466,-28.48040512111899
53.8712499,7.733935681783704,-3.6658971556994913,0.3290233210994649,-57.233989981735206,-23.892775168821156,-22.312383001968932
53.8812499,7.4738231326955855,-3.5956560373087405,0.12306637343931956,-49.65867040528245,-21.50824953487722,-15.75101097862921
53.8912499,7.297701822304614,-3.473405270816336,-0.025206944161424674,-42.04284829098893,-19.211514102298423,-8.732570066838903
53.9012499,7.252090458643339,-3.2955331443332483,-0.15708520081069205,-36.60101786433465,-17.23892517497255,-2.9622339461192206
53.9112499,7.334757618214114,-3.249278020783968,-0.13683660177587606,-32.51393460137149,-15.571993240005344,1.9309324319123518
53.9212499,7.519296888676764,-3.2790012727602553,-0.06037640561452769,-29.608476292811456,-13.800623037719934,6.5024768621640066
53.9312499,7.631927800256275,-3.1695065731535674,-0.17046147893742122,-28.015829416280592,-12.240025319970854,10.563486191165252
53.9412499,7.715306627502478,-3.1136419369275896,-0.328201554864622,-28.27721041890124,-11.435545166777175,14.203445984653667
53.9512499,7.887435709886794,-3.206328215029006,-0.45520718359043283,-30.50888062455832,-11.098960743416166,17.151534212854248
53.9612499,8.081214273142768,-3.2324846851383566,-0.6144847551977132,-33.669524674479426,-11.015986978283301,19.384482505463343
53.9712499,8.326002093359712,-3.2701756140864937,-0.6545054213257033,-37.34215262329804,-10.892908749708448,20.386364502292164
53.9812499,8.57124274757777,-3.5362467877251187,-0.48782439947262773,-40.89677254034858,-10.56421401631921,20.090242062800787
53.9912499,8.77821348467187,-3.742081560971963,-0.2898053351380384,-43.976825494106485,-9.602109276325203,18.837663918517563
54.0012499,9.028334778815301,-3.9507753667460292,-0.1608673106579418,-44.949885046038105,-7.475961151144667,16.560235148109637
54.0112499,9.199666461191866,-4.169110080915935,-0.05674240636408276,-43.79110093523779,-5.323213668888641,13.893153220811211
54.0212499,9.266836410732838,-4.395557969058924,0.07462387221030445,-40.85915092176881,-3.679065459284416,11.401417820420484
54.0312499,9.240626006484735,-4.762064222871988,0.2915879331546302,-34.90614650271533,-2.20809875455219,9.529701886605933
54.0412499,9.097896419537477,-4.978167173927425,0.41214377749316006,-26.94449397863219,-1.3594084406809261,8.159189714993415
54.0512499,8.999195560537343,-4.989240505761774,0.35050828335004175,-18.822836450562978,-1.491747459725106,6.915064661599258
54.0612499,8.956604061464352,-4.9578789603820965,0.33000758389852874,-10.988578657259225,-2.1830219026973374,5.961395054781035
54.0712499,8.849995301637238,-4.780006705514816,0.26347500609525604,-4.948229986058695,-2.7214365750227487,4.778389620958416
54.0812499,8.75899490903833,-4.480078228881862,0.07921476646370444,-1.7143620804645683,-3.1472347741881515,3.375152904811874
54.0912499,8.785730699026718,-4.175106993012615,-0.057899618262339345,-1.7287212062408317,-3.1236530671470115,1.9086215004469378
54.1012499,8.754783929672161,-3.932323563953835,-0.06581329353348044,-4.647565168021449,-2.530972270132464,0.07295940871073421
54.1112499,8.680239910603238,-3.8328544718291204,-0.03187986864584842,-7.88438248340203,-1.6320325526682036,-1.70307899002622
54.1212499,8.767302403148186,-4.041999582088784,-0.09394087562794531,-8.737273819784345,0.006416993544392621,-2.5802819869203635
54.1312499,8.708634320495399,-4.321112913428467,-0.23656324625212735,-9.02345452036079,0.8984428960314618,-2.330157768140486
54.1412499,8.490900380443538,-4.349244336354731,-0.3136965260881262,-9.667434678570244,0.5086907742487559,-1.7901705074832488
54.1512499,8.48286983102422,-4.345907015201537,-0.3398993186509158,-7.978237459432904,0.29682453586258845,-1.7599102378013
54.1612499,8.474956111677198,-4.35728767282381,-0.38047662281174083,-4.902845681108744,-0.15842734747362008,-1.8382737038789747
54.1712499,8.412462672196094,-4.458319647696121,-0.41401949004435473,-1.5144094067071188,-1.0516058185867994,-1.2286222213464413
54.1812499,8.471507745357819,-4.5391250173757545,-0.523314589759321,1.7450222146984589,-1.3689182523370518,0.30171745606810757
54.1912499,8.59927521246648,-4.597006089266088,-0.5960847833263052,4.759657455614786,-0.5122385433952286,2.287193108837795
54.2012499,8.585935150297965,-4.635847736075516,-0.59748365083947,6.77112087694963,0.7348567179945672,4.341079036830797
54.2112499,8.564198836027034,-4.684567510842079,-0.6006511996489856,8.198655409135991,1.9988467415468214,5.54043805797693
54.2212499,8.665936859964711,-4.814449284922681,-0.6012274356615013,9.801176003478528,3.6594864028017904,5.55644793456354
54.2312499,8.725270790069256,-4.848145490486509,-0.5757909082974231,10.579297508615715,5.432688661243758,5.1170448565327495
54.2412499,8.725849759455427,-4.8532705726715175,-0.5537699867775704,10.693759962142641,7.03523983058446,4.283805178743726
54.2512499,8.698269298471757,-4.849168302331011,-0.5714051424514132,10.669216666141875,8.2294223643676,3.305432283291864
54.2612499,8.625684216927114,-4.747738127047552,-0.6647499251770423,9.73509207857232,8.972285859858369,2.4366832317656484
54.2712499,8.571028314808064,-4.6700901932949614,-0.7379746502675463,8.001596426511187,9.059201018969034,1.8741623316197664
54.2812499,8.488650826719624,-4.623704347603498,-0.7489771884192868,5.719416099173406,8.666199174888586,1.5275633203623633
54.2912499,8.435606045142235,-4.592502034280788,-0.7635009059992809,2.1937728081219623,8.792037591563512,1.2766733998271897
54.3012499,8.479680321510145,-4.625212095976404,-0.7012447560204291,-2.7508338688281113,9.288024047287145,1.2144672494567974
54.3112499,8.464596129514433,-4.760242108442076,-0.574790775403765,-6.862336778858948,9.83688810218563,1.2690561432815013
54.3212499,8.44441243569857,-4.98401394820295,-0.4552334791213013,-8.543459016956122,10.379836237065508,1.360288270146607
54.3312499,8.4815631806946,-5.18637766499105,-0.3257590409114043,-8.165554981713878,11.025422405530595,1.753894008661395
54.3412499,8.398774916667229,-5.332440919418063,-0.1915689368636762,-6.110614544615163,11.306561086940492,2.711689968168731
54.3512499,8.256359105156383,-5.468065408816415,-0.1172088478060112,-2.8474649251827824,10.903175339864058,3.847588960547068
54.3612499,8.218788290521228,-5.560261244444768,-0.14924979917837783,1.4589190236028022,10.353125763829548,4.879629247763747
54.3712499,8.093159125562577,-5.454195364205545,-0.23149067595132947,4.630372098497475,9.064395585164768,5.900608805583986
54.3812499,8.114958767876114,-5.401675573737291,-0.26074583226109815,6.8680055826496975,9.069168647388464,6.798025766114889
54.3912499,8.058898519879467,-5.287181311665603,-0.26811523977502755,7.259643372658709,9.1294819364026,7.462358057466813
54.4012499,7.922417605545018,-5.0756395016501825,-0.35116157517670366,5.376298210268284,8.499652228072746,7.896411380562269
54.4112499,8.062345473441413,-5.047394247899762,-0.429150181544153,2.766786424695431,8.846300121047667,8.219406563083398
54.4212499,8.04909310545143,-4.8856395939429715,-0.4949556604106854,-1.8320027267786356,9.250817017482067,8.513976009780404
54.4312499,7.954993520493963,-4.803214701239508,-0.5718855037993841,-7.434533093968963,9.60434111126294,9.126150590770683
54.4412499,7.957926540319396,-4.87199764901741,-0.6064529946241648,-13.155220403700131,10.496388181096489,10.120191963142823
54.4512499,7.904303009782742,-4.971193862817529,-0.6154927320341945,-18.768413668303666,11.702983864133127,11.37126581977465
54.4612499,7.763396879795304,-5.184505702517931,-0.6115648591738604,-23.503480684617493,12.834709257264695,12.743931451915287
54.4712499,7.644179729954064,-5.516013953949306,-0.5767876178314324,-26.478265144705603,14.354249475949304,14.2672676278396
54.4812499,7.515021228111255,-5.86396026102407,-0.596023230565918,-28.121790672412963,16.272167776046793,15.9519651440704
54.4912499,7.317274034662087,-6.10987208804411,-0.6910966134253165,-28.87314601185534,18.07447601697445,17.71931620175049
54.5012499,7.122005855376514,-6.286528884616219,-0.7508323337324273,-29.20342434071372,19.99725265875616,19.440164213359264
54.5112499,6.88440555749306,-6.450172473542592,-0.8097049561584798,-29.680574413101564,22.56989637968883,21.383068389847715
54.5212499,6.608773668318025,-6.530177228949986,-1.0004848016714731,-30.444338019083144,25.404638607697436,23.351440955256653
54.5312499,6.348788726469484,-6.485778482294509,-1.28467276250373,-32.59071199335236,28.497675436870317,25.23913866722034
54.5412499,6.103788150033388,-6.356960145245072,-1.493982800831305,-36.90183715225727,32.30718012441012,27.061198718396675
54.5512499,5.875076073819809,-6.174231107043237,-1.6099927940863346,-43.07505448583696,37.21133834103244,28.70554985967473
54.5612499,5.623929308182136,-5.9911972935610205,-1.70866719167323,-50.18133602632011,42.93719952386627,30.250748584516188
54.5712499,5.407608138424147,-5.837423060657054,-1.8169190961774002,-58.05819776649449,49.255249097239,32.06848628170267
54.5812499,5.2393146580466,-5.7168443337294494,-1.8668746839157944,-65.63786237616249,56.25691793485529,34.554977935103445
54.5912499,5.024740386845364,-5.59523878359896,-1.8436046450247852,-72.13455385869281,63.77213206731013,37.845959848615074
54.6012499,4.779719902772751,-5.444941623842591,-1.759753723554693,-77.32253928614219,71.84826857323358,42.08318259165581
54.6112499,4.521319857198749,-5.299394465903129,-1.6078837623677005,-80.3841335028105,80.29604820287622,47.32827089904315
54.6212499,4.228379608308001,-5.204846486124604,-1.4037328275337417,-80.88843544563558,88.95776613251525,54.08299899121253
54.6312499,3.928860199194503,-5.05792905721528,-1.1898383551921614,-79.24529014957766,97.55030521001115,62.426101912618094
54.6412499,3.608135470622717,-4.873726223866562,-0.9492479751597358,-75.97261776835475,106.19873334978347,72.1483188830439
54.6512499,3.2508871943988797,-4.638865743057864,-0.7065858766530058,-71.15860085377942,115.06176364970078,83.36934318853997
54.6612499,2.8778706258080464,-4.309463880175354,-0.5448018226388778,-65.16510750056509,123.57680793681868,95.61418668991107
54.6712499,2.503138999178181,-4.056291219046288,-0.3416500742392202,-58.42740896898014,131.64270742096295,108.44522081548588
54.6812499,2.0868731809641927,-3.9748607381197907,-0.023915650407775713,-50.8571603627643,139.47933758302023,121.95136921039423
54.6912499,1.6818390695815606,-3.8660428340937925,0.2008336371203434,-42.62121112202682,147.12443706906964,135.67782871232282
54.7012499,1.3556935569457362,-3.657134991455474,0.34243925669675884,-34.4302920492041,154.14921059493264,148.5756792919755
54.7112499,1.0851627413702718,-3.422318009478913,0.507724652397813,-26.30175111018788,160.6332061074166,161.47892043545136
54.7212499,0.9071312547124428,-3.117460905937972,0.6389843443678157,-17.927145486671613,168.5267364335105,175.40407797010673
54.7312499,0.8015382710189881,-2.8736714393202423,0.8558387428185947,-11.32005051966203,176.1207686507194,187.57933823156102
54.7412499,0.7692934722783712,-2.8419812049385516,1.2793714877672875,-5.85153704869511,183.54605608290817,198.90943188637962
54.7512499,0.7378906655331445,-2.812724103233738,1.628992423386088,-0.8468859569186841,191.81281250196307,210.9634069773314
54.7612499,0.6971550941564845,-2.6186424125023575,1.793678003594356,2.729821518495552,200.20531457355696,223.71743388965535
54.7712499,0.569883707471783,-2.650728568230675,2.2416194588247165,5.417304687469898,208.83894274928863,236.77831114699404
54.7812499,0.25972977966955646,-3.2124587219049903,3.106753273776608,8.230758517031175,217.30706816805244,250.04769341992844
54.7912499,-0.12411881233211713,-3.7096422491381635,3.7459954458625977,11.639670206912813,225.13810399448306,263.6169665396963
54.8012499,-0.5927845679997992,-4.15020620936726,4.4049270375873055,17.183668075339632,230.47520658653775,276.300471500871
54.8112499,-0.995255282121953,-4.974169375470075,5.622001479842834,26.210018867543134,233.28409425224365,287.83308019864984
54.8212499,-1.312169709449659,-5.495221961403972,6.43089670690296,37.1886455638736,234.93429215594645,299.0233937762457
54.8312499,-1.873407561343204,-5.72606633377006,6.988411071089488,48.83466341575666,233.34620223783736,309.5876761186529
54.8412499,-2.493713487268771,-6.260931642012221,8.132472846895805,58.59429696759926,229.54496959322466,319.7089996320843
54.8512499,-3.0741037048780693,-6.760513774636157,9.175907529052575,63.21962251754524,224.9508691304617,330.1860606022231
54.8612499,-3.7582214714478335,-7.422491607639381,10.429855477333877,62.45128122611011,218.1939596278923,341.334631878297
54.8712499,-4.529301039626215,-8.781696186201433,12.204620304881253,57.05353532642819,209.47989724431096,352.37308141982044
54.8812499,-5.681110203307157,-10.232507853243424,13.668647688208155,48.72669487928382,197.43691238655538,360.49353065406814
54.8912499,-6.996824312146379,-11.839995957301635,15.025538864380106,41.672610033345066,177.95335467239943,362.6046644742825
54.9012499,-7.442078120776277,-13.942186293889053,16.242373649901552,35.97561463522958,151.23951039991238,358.7070205737216
54.9112499,-7.01004687650635,-16.348852033386972,16.697936880349534,32.9674912982196,119.11039572506687,350.0241428625772
54.9212499,-5.253552205176888,-18.70232452542665,17.136359694145188,37.7164288606239,77.60761172093005,334.13117671515556
54.9312499,-1.4935352196467395,-20.846562990946946,19.100041325806366,45.85599676414621,28.708611524612405,312.3555554990564
54.9412499,3.2716806404211947,-23.128468332088115,21.680280434211912,53.518952697250334,-12.865254982249317,291.5860137848255
54.9512499,8.717920022448705,-25.71498513877143,23.645406526753845,66.26543588619721,-53.12446923767722,267.6206778179429
54.9612499,13.748407008779344,-27.341471359120888,25.186250860205497,74.09044847949885,-96.98571533597125,234.6045018119855
54.9712499,17.289835770673903,-26.612080704560555,26.472256409390614,55.9379622449524,-144.34727793154767,184.9456658434721
54.9812499,19.270229358536913,-26.372752833359506,29.21710338745824,14.971945804399203,-197.33500521080117,110.94960643943867
54.9912499,18.454613719216226,-29.490101443992327,33.644004328672224,-33.0741992713687,-251.74510458321276,13.861263946218713
55.0012499,14.269656682296946,-35.96390786368245,38.81129138520841,-68.65630065177643,-305.9192858744509,-97.40348781490043
55.0112499,7.407079919117645,-44.888204421125614,44.73520964085871,-69.21888280132028,-363.63534732701333,-216.1227458979856
55.0212499,-1.3084398075341441,-51.91621172605779,47.196139708394455,-39.210318289237904,-433.196925926548,-346.13593215860425
55.0312499,-8.774376749768903,-53.65739108519952,43.00375509350974,-4.67129055798993,-491.6185609507626,-463.0108789449781
55.0412499,-14.328848973882335,-55.02703048109616,37.58712682072851,37.805044727765086,-502.2898381283333,-503.8574574650534
55.0512499,-22.475979745525073,-51.48420987573654,33.393881722263494,45.11141529185675,-499.1101604648644,-499.24703499072314
55.0612499,-30.907324201884443,-43.240287533639226,26.2685611129533,6.207409232614675,-500.4824901734882,-499.5799233043578
55.0712499,-36.922542948127735,-38.97738184245976,16.730758601417705,-30.117482395778506,-498.5909794953657,-500.57835732931363
55.0812499,-39.49781636463749,-32.16792149898862,7.868642071410433,-67.93625450562543,-503.4999593465566,-499.9659886306037
55.0912499,-37.92957907449857,-20.705326229771934,3.082643713247608,-109.6075816101146,-488.05594926592073,-498.1093646116603
55.1012499,-40.268270565842414,-12.594082123624755,0.4913769468768939,-110.14865809563231,-407.4592707402362,-506.1980014854024
55.1112499,-46.59544571908735,-10.689168565366897,-7.20060765772535,-46.326056958646475,-330.93159568158427,-467.6926672078867
55.1212499,-42.37920057866955,-7.059486589556927,-14.910061952850187,27.650453657336,-286.9043745204182,-331.7942146772423
55.1312499,-29.917797899030628,5.921827500815253,-14.089830431272798,57.41117229822857,-235.97333432646016,-208.00815568154107
55.1412499,-22.84326880147966,14.923559531917943,-10.78511937529254,32.60269667869929,-184.95714844707402,-138.11130611563635
55.1512499,-19.48596940020181,11.810149318469316,-9.013035810345663,-14.600244276020705,-143.86422438374873,-75.38003323236597
55.1612499,-16.56628057228009,8.421136143447226,-6.38372203489825,-63.93049434260297,-107.61144776306489,-15.777286211830548
55.1712499,-15.234336974416657,6.890794283936828,-3.0885902904120184,-106.42496662057857,-81.68601483220152,20.057502948390226
55.1812499,-14.237254441270224,3.2768097519361565,-0.40897689378423485,-127.63798632408411,-68.04347281454517,35.67841649257022
55.1912499,-12.452964460451957,-1.0032672899883974,1.9309699264107536,-130.49798190104366,-65.04951823093378,42.3797010976769
55.2012499,-10.012901996957666,-4.088258425126632,3.987839715041492,-125.75581547529355,-65.65758051602037,45.79630837632173
55.2112499,-7.336786634970059,-5.681446621121477,5.196547352993967,-116.47728322517371,-64.67885799633106,44.767707885948816
55.2212499,-4.152741247450635,-5.8740969763132425,5.1618531517380735,-104.2194524478383,-60.00127610039988,38.98426898660118
55.2312499,-0.6111934570725942,-5.232367906916539,4.352743923824672,-92.97677752772374,-52.21288064715829,30.818437436122192
55.2412499,2.6286861314699084,-4.617702059191206,3.639711887936598,-85.39677694749764,-42.834460965970436,22.56626037182084
55.2512499,5.267507969213369,-4.391450759423707,2.8569472510291107,-80.15717932760624,-32.36604521722755,15.656726061961042
55.2612499,7.282103278414186,-4.211286913588039,1.9103125489056152,-78.38382117845553,-21.78432308393084,9.998745391565524
55.2712499,8.919987434315837,-4.256433652363356,1.2360640187808662,-78.02055648392322,-11.12081875264058,4.501099388683931
55.2812499,10.246840121995149,-4.380282359796288,0.7482749957310266,-79.1553098393228,-0.5537227370042214,-1.6003952707819873
55.2912499,11.158431790094086,-4.6204706832612645,0.3810765215492561,-82.06926428820643,8.445122560650764,-8.43552980156069
55.3012499,11.541786415390058,-5.115895263343667,0.30689080850213557,-84.32109613060791,15.13842208178641,-16.012473422691215
55.3112499,11.575889446991514,-5.850718831403485,0.34930228262554786,-84.06600069411171,20.17807826513241,-22.838759259353786
55.3212499,11.76299543651336,-6.673183938081377,0.37707474734235946,-79.5066718895491,24.754392880428373,-28.061847756391025
55.3312499,12.12969868129158,-7.261828152418279,0.3521917306487905,-70.16482237386711,28.847389438437446,-32.08571409660053
55.3412499,12.297306693045297,-7.52540031739383,0.40150221795864993,-53.99582575156311,31.00969735535424,-35.22654901357234
55.3512499,12.214294162900872,-7.437421544951707,0.5407340656413173,-34.777564630195855,30.448884522651834,-37.22959329165808
55.3612499,12.038574980602839,-7.239827139958166,0.696170669677128,-17.757591625966363,27.702149981468626,-38.245654510870764
55.3712499,11.773204228796978,-6.732004656939893,0.6749926066831576,-3.701294941187244,23.419506055250228,-39.195291072825874
55.3812499,11.502449871289267,-5.7687230256194715,0.35986183009737843,4.2597683687012955,18.692540848927898,-40.42788451076267
55.3912499,11.21922947032262,-4.824198216983298,-0.061936589949768944,6.543211121876879,13.756983149576454,-41.3307588488209
55.4012499,10.941549062155516,-4.047055646307587,-0.39813838570614596,5.141274728330727,8.429549183159944,-41.97011055263335
55.4112499,10.74758980179023,-3.491280690699431,-0.6260047166363102,0.7868840317526956,3.5892282118981673,-42.232237288531955
55.4212499,10.567606126680857,-3.1937337795760237,-0.6935811678183045,-5.731210094854152,0.2882078244187152,-41.67166195468746
55.4312499,10.346972924538582,-2.8878993135278694,-0.5998163490069378,-14.273611747774199,-1.3008486781457669,-40.17452722639988
55.4412499,10.100909749312745,-2.636157482853714,-0.39198489683108395,-23.246452223749596,-1.9966248964506075,-38.16272382966783
55.4512499,9.88513743343842,-2.7585329869351023,-0.27443150275677947,-28.73739946178939,-2.2681716470382693,-35.38049678892034
55.4612499,9.65499891340044,-3.071352315538269,-0.2820113842766516,-28.78042599810565,-1.7533978478246681,-30.395867628691654
55.4712499,9.281607561596875,-3.22968748373547,-0.2815175818577496,-26.936887585720893,-3.7482505985188674,-25.136999247576394
55.4812499,9.266775152498418,-3.638355814271199,-0.20215019651056806,-18.202593843546573,-4.690366315825859,-19.371806898035597
55.4912499,9.194074820270211,-3.9261804219334344,0.1483536288191129,-6.1787899747661115,-3.5080408294737184,-12.435970383682031
55.5012499,8.298401297758806,-3.2135919395445187,0.43054350694511934,-0.887177148956221,-7.895292692255533,-6.767280080849943
55.5112499,8.50347018782786,-3.392079838013583,0.6359418607946947,10.220977130843027,-7.498011901405053,-2.38326262789402
55.5212499,8.567432085597357,-3.579858055456252,0.6536142275202999,19.685977981005944,-6.663682674340572,1.6042117658885242
55.5312499,8.16156514465874,-3.5772302910238314,0.3824462018179241,25.71925247994336,-8.066820944234333,5.68446331563299
55.5412499,8.066455454479744,-3.7710956170024335,0.1803937510726074,30.460620603486404,-9.289112783789761,9.051212767465426
55.5512499,7.903561250174863,-3.43627617083845,-0.04658711497882388,28.74028828668176,-11.380288827463406,11.218684647939819
55.5612499,7.810227075380048,-3.09716057909362,-0.37807676077399976,22.099279530799034,-13.27825667582469,11.97496508984218
55.5712499,7.777520407222345,-3.158319112978478,-0.5294559947094994,13.581052691998389,-14.19073653516873,11.495803696208291
55.5812499,7.680861296825481,-3.4442458188761926,-0.4718601614573494,4.396192036934579,-15.095186877432825,10.837631092423193
55.5912499,7.649519365392035,-3.8366907166898097,-0.35443619796671344,-3.111339550881396,-15.941045831565406,10.494141482321266
55.6012499,7.770280686066039,-4.194478318804492,-0.2973734495773722,-7.915422290369602,-16.58147226219135,10.508527777417093
55.6112499,7.903299268178064,-4.4389786490425776,-0.3078063424847612,-11.450132009731634,-17.339110495730534,10.822369862769026
55.6212499,7.999556104476019,-4.6029013343304115,-0.38601399330066277,-14.025615812879643,-17.8539491991163,11.247279373772564
55.6312499,8.104961273978704,-4.692184340848404,-0.4774080346795201,-15.767331476497882,-17.964611850586255,11.502351390464467
55.6412499,8.211833138693596,-4.712518540122702,-0.4853237542254245,-16.659400108315843,-17.633599152652312,11.143088261765346
55.6512499,8.379750542251731,-4.715796468602216,-0.46266117506944193,-16.50688151053472,-16.330004394461547,10.301896339294805
55.6612499,8.611703246542628,-4.754109340050331,-0.4101865988306115,-15.410621183279257,-14.339247060797385,9.77318887968038
55.6712499,8.834654772392373,-4.771729324349372,-0.3697408950471971,-13.163613180986422,-11.96740233556655,9.477730168902216
55.6812499,8.982091086525719,-4.702816844179534,-0.3073762605229531,-10.58783881564374,-9.129687427646306,9.23553283977937
55.6912499,9.050513134422493,-4.687596621287231,-0.2084341518383158,-7.642411919917465,-5.925813515904228,9.019645560308376
55.7012499,9.074809025119471,-4.69621557025273,-0.17387327722643006,-4.742094802291806,-3.0954187706657232,8.576025928464878
55.7112499,9.139443677846598,-4.624315478493012,-0.17764679688322574,-2.012341559119712,-0.5365412404495709,7.5879930061572685
55.7212499,9.268948212081092,-4.712678136642506,-0.15658785486518312,2.164814641578723,2.350329626915648,6.131010523100634
55.7312499,9.145789517533617,-4.699086076663719,-0.12870095993235325,5.273446334815282,4.087940262699033,4.4427056494090005
55.7412499,8.981014966765512,-4.489616530982138,-0.12544066066315862,7.373782025707446,5.111266709199306,2.8113371827126876
55.7512499,8.955349784755674,-4.385986415066528,-0.11641526435475127,9.38532962560887,5.934284696061649,1.1588786268661881
55.7612499,8.915453042261992,-4.409496674793819,-0.10442666914520127,9.85829421173059,6.56561397059836,-0.17919211127176163
55.7712499,8.805322560818212,-4.433699124568721,-0.09775431877347483,8.390074984303158,6.936225365855159,-0.8555106579059728
55.7812499,8.691907925533433,-4.3649399441027645,-0.11811789727231864,5.946999123726141,6.98903442851886,-1.4921895303061568
55.7912499,8.617524043176122,-4.389899073052413,-0.1466487405222314,3.5992373523891175,6.523723504858629,-2.3737877776575638
55.8012499,8.350616730364582,-4.313411765850775,-0.12151783403807227,-0.025618782873253455,4.248453305221008,-3.302787088152628
55.8112499,8.387905226663989,-4.342977225475616,-0.044742387280928914,-2.537115036890748,3.3050336711784367,-3.9592727853889813
55.8212499,8.668455301821167,-4.558144408515784,0.024413434949509975,-3.1845411245614255,3.8131478675103665,-3.6514749660370134
55.8312499,8.5970389095802,-4.586081219506071,0.07601107159749919,-4.3504426995282905,3.1608652993359403,-2.3146277245347426
55.8412499,8.716483602886207,-4.7864114332360375,0.1903117869180796,-3.157726698991676,3.6532557903753613,-0.6351183925172735
55.8512499,8.76033317404496,-4.848886386157405,0.29371842624585387,-1.3990425411086584,3.76021028702509,0.7405632232189948
55.8612499,8.640762038022034,-4.876925883728342,0.28028745709501485,1.1616589173598306,3.1876635322635285,1.7054000442681605
55.8712499,8.569337381692197,-5.008825901754388,0.18125190679063827,4.468336183475957,2.4768667292477344,2.2798044181738244
55.8812499,8.531759218842392,-5.084160197729905,0.0910587507676236,7.398019527687291,1.6104871743090936,3.072689596182733
55.8912499,8.447767902490321,-5.085134857531459,0.03069279910076799,9.934794225155304,0.6009764986563254,4.086564289008877
55.9012499,8.385153647730082,-5.01698921049659,-0.05976238248432652,11.489470898862121,-0.5461590779830926,5.001790710614481
55.9112499,8.428119504226723,-4.8763899786360465,-0.21187059495025617,11.912512575379113,-1.4608593566258206,6.1570914982352996
55.9212499,8.512221014874697,-4.694967249575763,-0.3341617306008866,10.355875082578727,-1.8040479693646352,7.090030049640559
55.9312499,8.587226249568843,-4.488827370457806,-0.3903926153633928,6.728872243850865,-1.626964598921032,7.5080859392778665
55.9412499,8.66847534532303,-4.279417673826143,-0.42126726156739636,1.8155018508147323,-1.3765795183743972,7.444985993583516
55.9512499,8.807353039423749,-4.242616524879935,-0.4253454876364493,-2.995825007474132,-0.8171087209033501,7.0845759189358795
55.9612499,8.814528092910143,-4.385546106297429,-0.4374752580677019,-7.151281673601197,-0.45089946843575496,7.041958581628117
55.9712499,8.70344964474395,-4.620264512604427,-0.48742148689321396,-10.635719046845965,-0.572711456191004,7.395222953479107
55.9812499,8.707190653301156,-4.872987672043282,-0.5067329180207156,-11.928577341161843,-0.35004364007444794,7.86361708947621
55.9912499,8.709886347940891,-4.996512197677547,-0.4487616071114511,-11.647225495479088,-0.402087621460929,8.22748215437201
56.0012499,8.711846656853945,-5.049862308076427,-0.3638077818928172,-10.321597746181391,-0.10864366309384908,8.27664549159555
56.0112499,8.651288227701194,-5.03008237473332,-0.33796407652527727,-9.255679720668176,0.7668257815975893,8.214138191061636
56.0212499,8.58681604803469,-4.969786847288422,-0.3677039125266139,-8.943848756528507,1.6046013680730355,8.505243466414527
56.0312499,8.5939601651398,-5.033164042693469,-0.3617304878753102,-8.386560741209959,2.5637758420493735,9.319183396015367
56.0412499,8.429797786674637,-5.10221315936789,-0.3103524765409496,-9.155243097848233,2.7744325833017633,10.460698104010634
56.0512499,8.361175830501331,-5.167907762510456,-0.2765988971922195,-10.223419773318026,3.3843979798239237,11.764063193153916
56.0612499,8.482870410106795,-5.297703360601461,-0.25914902809531837,-10.175468194105607,4.454611297223717,13.034576403898303
56.0712499,8.235947234498958,-5.304490468879834,-0.295650591924266,-11.718893203107221,3.337009308606275,14.35772869880328
56.0812499,8.032271689368828,-5.4401507985223905,-0.3831473214983513,-13.365555720666745,2.22597206996301,15.57667278299649
56.0912499,7.964116448736592,-5.573897062840277,-0.46907999849780824,-15.792957144667048,1.3134847299817374,16.34320650694328
56.1012499,7.872867379745414,-5.699602842367031,-0.5490497312204579,-19.08898198110516,0.5336484408444788,16.996405394948788
56.1112499,7.6598854037760375,-5.857597037717688,-0.6793212722052896,-23.07902568869239,-0.5724732689944013,17.41567760731906
56.1212499,7.493905015038405,-6.003578655719478,-0.9375528415284923,-27.95200176275905,-1.6677979992672525,17.660548274071484
56.1312499,7.450888480246425,-6.163078316454137,-1.267779731930626,-33.808127255298416,-2.0579662863587864,17.504649547678994
56.1412499,7.272874111781074,-6.32093795166548,-1.5332961807813743,-40.737833783740726,-1.871189523494342,16.688081186038467
56.1512499,7.030885658930335,-6.515054398031323,-1.7272149518001905,-47.630130457636795,-0.4205387633715725,15.504602509702018
56.1612499,6.851330968859373,-6.610394331402119,-1.9344222445352075,-54.25618488936301,2.2025058662273436,14.402714861551008
56.1712499,6.685690286400122,-6.5988684040091075,-2.174013757454492,-60.908132938984515,5.878119977592125,13.91707196873734
56.1812499,6.461578296856576,-6.519142535406762,-2.438957310335125,-67.40705416845438,11.167471683144937,14.453431204936944
56.1912499,6.22457880237437,-6.334768394993457,-2.6636364991871133,-72.69767351754493,16.921394630924997,16.0244016971366
56.2012499,5.99661375561367,-6.08925968746509,-2.8053527461164465,-76.84206359242638,23.26209674027604,18.532030134764334
56.2112499,5.738403671025932,-5.7742999756150395,-2.907879655928134,-80.57779401962617,30.390660782839838,22.06420600656237
56.2212499,5.490249023453159,-5.385923593222525,-3.0114108278908915,-84.00257420723905,38.0844668503778,26.486545744681912
56.2312499,5.247417007544644,-4.945104986961112,-3.06273836515381,-87.25202351909199,46.35685317717818,31.771749019055235
56.2412499,4.996395222603819,-4.590437395683573,-2.9892524120193795,-90.25997054336968,55.1371787476782,38.03337073120964
56.2512499,4.703389957294049,-4.427562873138372,-2.782284327115955,-91.99714363129353,64.4370975887341,45.224559259494
56.2612499,4.338521870199501,-4.343221531517214,-2.566874133646578,-91.64324467129877,74.25412138179122,53.283995921548794
56.2712499,3.966605892626403,-4.187548572739935,-2.3593776434420297,-89.81013354097183,84.0476848994764,62.44218866862709
56.2812499,3.6314787818296868,-3.962764079519608,-2.1142065378812736,-87.22238361393097,93.59762757068356,72.68254224480265
56.2912499,3.4216028983192937,-3.9636042621267387,-1.8470337045622476,-81.53490873271856,103.45687824944596,84.12488043624538
56.3012499,3.1480635938996513,-3.9751972006575946,-1.5321266056581617,-74.37293218496117,112.9662747967731,96.91167463995033
56.3112499,2.7896953379706524,-3.6499481166066703,-1.0832006929806786,-68.92767589629449,122.0377900417138,110.5356176063046
56.3212499,2.531764233097964,-3.59020451782365,-0.6026297016844561,-60.27004900409013,131.16915425104224,124.33896746724209
56.3312499,2.28417817088119,-3.645647594410711,-0.2848713943263372,-49.64715696943521,139.76299146052105,138.4602738109635
56.3412499,1.993198643002034,-3.5758102736440107,0.05728816272827773,-39.27204489827964,147.5009948306511,152.86686095102243
56.3512499,1.746078361220807,-3.559449058240137,0.48056328877537874,-27.691183713698006,155.14344146592285,166.62087374801095
56.3612499,1.5218864746990464,-3.3641838003671873,0.8269758012361063,-16.095015494654913,162.5275813823175,179.08956808170694
56.3712499,1.304158039518136,-3.241137573899975,1.243898863630514,-5.516261463289156,168.84190711154227,190.2469497738695
56.3812499,1.1129268246282342,-3.37325261568885,1.774169599273185,4.893805327962067,174.78272276052783,200.93748099278278
56.3912499,0.8383542531967835,-3.4661904147935805,2.1923074518596937,16.45044627935698,180.085431560552,212.65480143412407
56.4012499,0.5635484865589311,-3.4944386209570992,2.6047297073987563,24.440190937247365,183.47260123076978,223.66794993867134
56.4112499,0.380212959316567,-3.6747419356906947,3.242240321895945,28.794996763343068,186.58922073357985,234.69991442765246
56.4212499,0.3070853538858212,-3.682867520563585,3.8018014334100045,30.579643554626045,190.57216643719406,246.38203636285695
56.4312499,0.3021848936927121,-3.5014643102231937,4.35931604895788,28.567146322258647,194.25786002793183,257.95231188224017
56.4412499,0.19322140912513883,-3.755258589617837,5.1408676995047875,23.978970042952003,198.01295193856328,269.15485906756993
56.4512499,-0.25014045328674517,-4.30878204784917,5.591878324838926,19.651847310530236,200.90049659116818,279.60947808948384
56.4612499,-0.8936960587569238,-4.805957508010966,5.882892823697099,16.91212406605976,201.71258631817057,288.6431954553793
56.4712499,-1.502313496514482,-5.593513722192538,6.568694713904706,16.866369558432535,200.3723868522133,296.4785062750003
56.4812499,-1.965587375969966,-6.497785757510686,7.266443373812146,20.44999900091359,196.782448335852,303.99369629115574
56.4912499,-2.284150974592505,-7.3300914331597795,7.850389385112851,27.219121100505998,191.89756268873094,311.5196295054793
56.5012499,-2.5033303521642853,-7.924788536812633,8.311316809098363,34.654364813801266,186.1107212171321,319.91818885818077
56.5112499,-2.5292220242814154,-8.304188317399213,8.951454697190169,40.88400989810916,179.4682397081649,329.0312113195875
56.5212499,-2.590070398220116,-9.270466621091478,10.268309459536338,45.59288486205846,171.57960803511665,338.34579939989555
56.5312499,-2.900427257463576,-10.622961433580798,11.5564751814127,49.88560753857183,162.43471766347903,346.94319029298447
56.5412499,-3.3172382152212245,-11.852437310523484,12.515019133248172,55.95633911790083,150.24680714840355,352.16798878305997
56.5512499,-3.535418392452019,-13.357240298390918,13.623667207023665,66.67548390239898,133.11808225400506,352.33449534261
56.5612499,-3.145736305280524,-14.997011310084304,14.592375769856247,83.87776202866364,111.33790405635268,347.74752971661087
56.5712499,-2.4169474086754543,-16.797421091544653,16.15660598898563,104.1079312123061,84.2806294003177,340.31347830197495
56.5812499,-1.7703357093519463,-18.85923341723802,18.19676391942928,124.40935822003247,55.24688588731226,331.4270354174375
56.5912499,-1.1715344457487924,-20.672675060092363,19.496708067305924,141.97468590544054,23.041353170028714,317.8335405611547
56.6012499,-0.4240767840475126,-21.379193041262425,20.17838569971402,145.15792380574894,-15.72188100196753,296.1263101884411
56.6112499,0.8328302374456836,-20.786776999139544,21.041777812795672,127.06789990658159,-54.8672927002398,267.6370970363195
56.6212499,2.4543607594354775,-20.385425997663692,22.455342809934418,91.53715146165038,-98.54292096587068,228.7744324456764
56.6312499,3.6186627856752143,-20.404594873992977,23.741507978087615,42.123154183211405,-148.0924914797586,177.32533938995505
56.6412499,4.6489464555604485,-21.023735605734,25.620139240013987,-12.506520250929913,-199.4703515299578,114.60269943597271
56.6512499,5.816331642038152,-24.304422272317517,29.210472001785,-56.24011801362731,-250.17376931828352,43.58627851740051
56.6612499,5.854025535002386,-30.448276742441045,33.5932284775345,-75.02789675261778,-301.28289801245313,-32.50019138259881
56.6712499,3.9142855211785945,-37.7859735715122,37.951836668946264,-61.74821919922702,-351.48856039487646,-112.698196790024
56.6812499,-0.6599598573656118,-44.366089899995764,41.487459690210194,-20.076020266916455,-409.5474485432292,-200.31314760985265
56.6912499,-7.045258483904541,-49.23116219273831,42.54332950300775,47.08933898446479,-472.71907867569604,-292.7619138796823
56.7012499,-14.406095668356473,-52.84730085629669,41.38131156874984,130.3418818084618,-501.7950199483469,-372.9240656057134
56.7112499,-23.227921021642373,-50.12522882741514,37.609593806660456,172.18766824242974,-499.9567189902556,-429.47132613867484
56.7212499,-28.929488761752825,-38.20723472154444,30.057131357940783,133.75777271363228,-499.4819196427967,-473.3129094684124
56.7312499,-29.088679354748216,-24.825607310672282,22.848256764949703,26.56487355741206,-500.57866378923995,-499.1750479066714
56.7412499,-31.046924953076495,-17.24289028337426,16.738293294627354,-130.05379095443095,-499.81265100995824,-500.5695821501962
56.7512499,-35.80585121536873,-15.676938552874512,7.337064731373587,-280.00926547029445,-498.3832248534931,-500.22559896270957
56.7612499,-33.959464870843775,-12.184494462616666,-2.698267142031063,-372.31371763095757,-506.2716686451859,-498.2696719468859
56.7712499,-31.139707020334363,-9.169357795837149,-3.5233876754998943,-370.70872880042845,-462.7037349619523,-502.9454778092829
56.7812499,-38.96193326018665,-13.56404658136086,-3.0718953541389418,-232.33027463383243,-337.96633208519404,-493.87206733041995
56.7912499,-43.54801675723263,-12.421132344601432,-12.448180104698782,-39.32626940170091,-246.9472271942465,-375.4089498917594
56.8012499,-32.59732289769331,3.196244846557787,-19.701793919257575,99.03103657702466,-194.3333268580344,-202.5993500069656
56.8112499,-20.76350713501153,18.879085799475796,-17.034938896700393,131.68723010076783,-130.4241673633024,-96.98919329474172
56.8212499,-17.066491808033362,20.680371752674656,-13.749809152895821,80.45319428482478,-69.8098340477486,-34.88897455610359
56.8312499,-14.96528605209898,16.06474396742082,-11.975808952260227,4.351300912449278,-23.493007636742696,30.908122177971183
56.8412499,-13.520848973425672,11.511904104368696,-7.5347978855746796,-67.16670124244544,6.762406374455217,77.21335886090698
56.8512499,-13.609848194449588,6.340606007562396,-2.354394876553089,-118.6576733708862,17.917326582724883,98.65930617210857
56.8612499,-12.825732658523654,0.3552551474497795,2.1276316212017576,-144.29261953516496,17.528860257230214,105.78581844239963
56.8712499,-10.752911821411418,-4.654234911634257,6.378124889430144,-147.73217218975785,13.51560033826027,101.70933869222523
56.8812499,-8.185710457465477,-7.511557464558373,8.489834965736705,-139.09879469636655,10.71919914759493,88.82743900874162
56.8912499,-5.048773635072004,-8.845873303139486,7.736875091622789,-124.79789477528716,9.429218556355924,73.20650091381142
56.9012499,-1.296735942262603,-9.497586657132459,6.206727549654745,-104.70396056217015,8.226840229701857,58.80961985322695
56.9112499,2.649402665380237,-9.23388054905814,5.037812703575723,-82.91466994181036,8.715972827310217,46.65820009103855
56.9212499,5.860088139122242,-8.462404581903384,4.279132972368721,-64.11104977371502,10.249930677385738,36.773277089942106
56.9312499,8.161258075817301,-7.773038239555758,3.6971946038739594,-50.57265361407403,11.724893129715428,28.07801542132931
56.9412499,10.146651956962549,-7.318632075256119,3.191417940381866,-42.04441819627648,13.958248072454408,20.290157543519047
56.9512499,11.792799638004329,-7.221725282346076,2.8763508644133813,-35.32289259443538,17.241308348666465,12.871009248750559
56.9612499,12.751855626197777,-7.4633888919901645,2.9522531175238647,-29.493640012883596,19.989167076355077,5.8461761515455954
56.9712499,13.125236997869983,-7.76340619071531,3.18746534364968,-25.803769695859987,22.13584606330198,-0.9097458033997116
56.9812499,13.128945914001179,-7.768458386235251,3.015465278966066,-24.431837924800508,24.433463663481596,-8.342794059021676
56.9912499,12.825608334412863,-7.609463533731718,2.5572560658964374,-24.851615533399126,26.08361566637911,-16.295383763939302
57.0012499,12.283060619217276,-7.660024516378801,2.2281014694578203,-25.430941436298447,25.27392071014583,-24.072690141909316
57.0112499,11.574448487349041,-7.8209566885823865,2.1190649174047174,-25.610227461719123,21.562978911197156,-31.756897148580645
57.0212499,11.028533138236298,-7.909614169545436,2.0558585684417605,-26.03943151334568,16.868212377996947,-37.40432402436143
57.0312499,10.97015322868276,-7.77895705526274,1.8270876947124495,-26.469256684894756,12.332369895829158,-40.856138521710164
57.0412499,11.24068354920675,-7.41111636994588,1.7701335588245732,-26.234349936601127,6.914639627892515,-44.15756505245473
57.0512499,11.297399794728236,-7.18831358909662,2.179809362373267,-25.65822142520178,0.23449713209814166,-47.67944945865867
57.0612499,11.011929097289679,-7.080697762925941,2.3429403441794596,-24.485548278619667,-6.562860095600225,-50.639577273758476
57.0712499,10.643798035500986,-6.710124999470848,1.9681903297352183,-23.923360253333673,-13.919420396497914,-53.327442644222685
57.0812499,10.41456604862708,-6.157296823300793,1.56931001703849,-24.738501464149067,-21.82884740174507,-55.9923569071133
57.0912499,10.288372683179514,-5.7497057561617275,1.1897814136813645,-25.52179525762252,-28.955092237567314,-58.23474377999233
57.1012499,10.01860821798056,-5.336660932982826,0.7463516810367223,-27.099059240233146,-35.48567950976266,-60.19085264711729
57.1112499,9.767441341578214,-4.988793703325206,0.568001533731369,-28.408455257266116,-40.68961228750101,-61.14714989677183
57.1212499,9.607557344948352,-4.825397578699545,0.6000465678994867,-28.59047635594743,-43.71493610259983,-61.12785632524725
57.1312499,9.440031655373268,-4.602998354247765,0.5306010167467516,-28.449715762225694,-45.14405752763962,-60.26631813315364
57.1412499,9.287375882597306,-4.286174156458712,0.3095432837589228,-27.776054455234615,-45.686833090294215,-58.254363572470716
57.1512499,9.098628516773243,-4.09771934823734,0.045444150654027154,-26.003088289025214,-45.73290918181571,-55.252941404150285
57.1612499,8.939905738751253,-4.107592256148509,-0.06093898643897336,-22.852611510645765,-45.28753831675491,-51.041393252234386
57.1712499,8.850954228951332,-4.2348746989292545,0.07220952532604033,-18.804993680922582,-43.76021946018923,-45.23199604127185
57.1812499,8.724918862444259,-4.357123605518858,0.22407008507898254,-14.399962511470298,-41.00549073530299,-38.58296776974784
57.1912499,8.521330263670379,-4.28005751090951,0.28716589960429945,-9.837311009861375,-37.47813229079783,-32.06880762347791
57.2012499,8.32829781927299,-4.0565055218041035,0.34179669227857673,-5.780395472363984,-33.623982437327435,-26.902227597510752
57.2112499,8.094008403608083,-3.908257375314361,0.3008616661344324,-2.5361634771258217,-30.340955684012247,-23.833534527320865
57.2212499,7.7477719047290465,-3.9145815394248897,0.10393289203437078,1.0655860331803433,-27.750886632978254,-21.319827292831185
57.2312499,7.463526436928652,-3.9859089190909436,-0.06805250680890905,4.344564753290031,-26.345265074829303,-19.084174926390347
57.2412499,7.305680484593318,-3.9191216344438833,-0.11686038978239556,6.189797546132854,-25.725753888605052,-17.3974782577501
57.2512499,7.253697149283676,-3.7232226676968905,-0.153949986081731,6.506127255538078,-24.727129031070387,-16.322480165147425
57.2612499,7.295584157692039,-3.557485396520245,-0.2951182164571894,5.465274906730348,-23.49890768800261,-15.12755713095117
57.2712499,7.350417685649255,-3.440212344428816,-0.4462547210687425,2.64020825371322,-22.69705212976818,-13.373895713067707
57.2812499,7.377190153550302,-3.3665476198727173,-0.4277927785191572,-2.140469501810525,-21.920434042304137,-11.135145728741444
57.2912499,7.447205814331496,-3.31800085220125,-0.3547834975970632,-7.66117894685262,-20.406704382475066,-8.698234986728439
57.3012499,7.538387902982587,-3.37611722722786,-0.3260829206109271,-12.095287040789563,-19.254087815328415,-6.819793334472468
57.3112499,7.646531817329106,-3.5802992689225217,-0.31547742634618126,-13.938256027367428,-19.20354054518684,-5.050349642881781
57.3212499,7.767084930618775,-3.8083511331270867,-0.2937660797324357,-12.693426032075658,-19.57342284748872,-3.4713807283843745
57.3312499,7.902500202274871,-3.9629469183736292,-0.2267732216179985,-9.460395621990187,-19.848099278158852,-2.0262307290360306
57.3412499,8.055783834973504,-4.0164612753475355,-0.2543875898168462,-5.369117905363382,-19.818185790568062,-0.3736444162430653
57.3512499,8.20936037116172,-3.946118069775224,-0.34046486668367065,-1.9912411951465296,-19.32193686533349,1.3405103627730306
57.3612499,8.453460321941249,-3.8245383932604797,-0.3614923001051423,-0.21540261039797365,-18.113891117493623,3.0361786649428497
57.3712499,8.747997756934897,-3.7041519939195426,-0.4077951770743254,0.045285578911267464,-16.22591899489898,4.370147975781039
57.3812499,8.903986217097064,-3.641755755398257,-0.4003610116088263,-1.2018549472150106,-14.130250656047911,5.146370255127108
57.3912499,8.999090920441239,-3.611857520131252,-0.40407008978162723,-3.308217900582769,-11.637088997499008,5.475775281112956
57.4012499,9.011595409206873,-3.562771327734119,-0.47997793640610653,-6.233006544716537,-8.961500396294534,5.344131363638422
57.4112499,8.956398102410699,-3.579392384610977,-0.48307388392452266,-9.774622322507279,-7.0695403050143,5.0625529003340155
57.4212499,8.914690135859027,-3.657637579874426,-0.5166151698473025,-12.963402514074627,-5.56742436993825,4.93556308760365
57.4312499,8.782995523924779,-3.8877845668947977,-0.628354550874023,-14.942605914124142,-4.478964184575023,4.650451279377006
57.4412499,8.688551062028676,-4.24319209460192,-0.624097665360893,-14.576106776753985,-4.063650402628045,4.883641325555906
57.4512499,8.643187354160801,-4.431124775579938,-0.5662494406456748,-12.819775055745572,-3.5814712747596102,5.6389232971295655
57.4612499,8.607951476390985,-4.518205973354171,-0.565407948714302,-10.340859064673335,-2.5924305674329435,6.291162602527554
57.4712499,8.678094022108683,-4.754288398158971,-0.49723750570945346,-6.904166951279961,-1.5337369464043764,7.237061868709342
57.4812499,8.769606687870214,-4.981287372084199,-0.39493306968416125,-2.4038974190468165,-0.30715361122498996,8.64475795182671
57.4912499,8.781001369123478,-5.093303396053386,-0.39356293390076913,2.705835336398217,1.038679284037349,9.91666688844031
57.5012499,8.728911167063682,-5.120002274559151,-0.48616973763314514,7.399412434583114,1.497475049532915,10.67767223266037
57.5112499,8.69298545119494,-5.033879705067373,-0.6362314766424972,10.42519769451667,1.5143002751964858,10.901471219408858
57.5212499,8.730957283686184,-4.923019511569141,-0.7198903676301819,11.80284363451278,1.9164811798874903,10.8028911807904
57.5312499,8.701956564218522,-4.785283845874066,-0.6985894828548861,11.165338863035348,2.1621741804498105,10.460436697507827
57.5412499,8.62643209979638,-4.641071238584761,-0.6360494485774133,8.211393389883032,2.712917390074522,9.986694323381682
57.5512499,8.60339961431885,-4.552610483837838,-0.5918160909384479,4.102687549720423,3.4134602897885613,9.000547716882158
57.5612499,8.70148233043201,-4.584124713591236,-0.6199312373113173,0.21992109968594953,4.459988711660709,7.58269186959703
57.5712499,8.743078922812831,-4.6446824135474625,-0.6464045457370804,-3.2173040801821924,5.473487189140404,6.275500851219356
57.5812499,8.634124400069307,-4.710631030462445,-0.6029256616954222,-6.217414855578541,5.5951086250153415,5.207920520594727
57.5912499,8.585409956366137,-4.896717643638791,-0.5180400129163574,-7.349266843587191,5.410863171993818,4.5692594020871375
57.6012499,8.619869844184407,-5.124202549541141,-0.45469711373394434,-5.776014525860641,5.893603847257058,4.643643013827478
57.6112499,8.49566436001383,-5.1773293259634325,-0.4174818553268945,-4.293541317072308,5.814017532611709,5.03840889980501
57.6212499,8.457005310528293,-5.191230387861277,-0.3590311903887927,-2.8369082171190416,6.0360913955915265,5.519543752414205
57.6312499,8.45707390447794,-5.155333933055374,-0.3079771996252717,-1.4193218175845088,7.019642099889235,5.97090033761707
57.6412499,8.383892649588933,-5.048190468091879,-0.3251296671542653,-0.7324806621683789,7.926446136343979,6.474645294882812
57.6512499,8.336404751095754,-4.926937868883383,-0.3600487294465691,-1.1056729605553781,8.283230079933748,6.972671418611923
57.6612499,8.2292486823474,-4.79284328561133,-0.35579900831710326,-2.4748750940194855,8.379354701454515,7.468412557894304
57.6712499,8.100961681481111,-4.773242775652858,-0.36343792045162915,-4.1775020588626095,8.61666895455197,7.95152225373628
57.6812499,7.987970461337954,-4.7926201251167875,-0.3924383692962857,-5.959256626154952,8.581696869158572,8.41864864442297
57.6912499,7.900890400185288,-4.714969176160949,-0.38878639146832517,-8.331990447066266,8.241499695126063,8.74326918873136
57.7012499,7.9547966256226506,-4.749305986099927,-0.3280783174337834,-10.642328797872954,8.643099469498068,9.0844854499921
57.7112499,8.012345549295413,-4.8710053686607395,-0.2547089730535872,-12.653673520420242,9.345084219570609,9.752332163798188
57.7212499,7.979506550464168,-4.910468216362177,-0.2180768300536966,-14.61372438123037,9.744096764868198,10.589532216748802
57.7312499,8.013601762866285,-5.006880939954413,-0.16905675479082824,-15.580980818948715,10.517688686071073,11.348940842328222
57.7412499,8.018959923938153,-5.137831952135678,-0.12078642841079747,-15.659077711618934,11.142515350061897,12.290743014449925
57.7512499,7.957816642621746,-5.3518624831383885,-0.06759109466351568,-14.04426932605307,11.821352843174445,13.435656202988334
57.7612499,7.868053551955371,-5.586814507719702,-0.03978693844806967,-10.929383181358016,12.365628933222542,14.644313535584866
57.7712499,7.781102156396822,-5.673356921847393,-0.14755813365759574,-7.793184498837648,12.467637623314367,15.94007946921242
57.7812499,7.760680793880345,-5.643308512980692,-0.2612243166560432,-5.151273585029518,12.866896264507112,17.181422033156117
57.7912499,7.739220956529989,-5.570862404504561,-0.2923905998703584,-3.6600567438129414,13.31355738748803,17.922899807874053
57.8012499,7.696771017147969,-5.516685515615762,-0.35212580408207267,-3.3663466029545415,14.045097449771825,18.246729674771544
57.8112499,7.668076299835562,-5.463209492071254,-0.49182080276038986,-4.247733795413428,15.151176159679078,18.310715701862193
57.8212499,7.627436141228321,-5.3531144449848655,-0.6666658494714339,-6.881039387701666,16.37000910252975,18.249799151850592
57.8312499,7.543230155011695,-5.234847155383675,-0.8039693310092575,-10.738959946773067,17.714681074362574,18.19733505501901
57.8412499,7.432488941659637,-5.207047735137039,-0.8708414467911721,-15.671873265692863,19.75634335390279,18.41704454649408
57.8512499,7.284547706232982,-5.281479443173683,-0.9327195570966286,-21.26765208257473,22.744143874767843,19.274515627130135
57.8612499,7.08843242272879,-5.330523402934046,-1.0169952598860794,-25.783664767979147,25.6250975529763,20.656165728387865
57.8712499,6.861958969250777,-5.367841404809318,-0.983486537721981,-29.28788613556728,28.549456816386527,22.329390004182248
57.8812499,6.654107677006329,-5.4999552102842975,-0.8845321133395693,-31.726755309309173,32.11748593056083,24.34737504026004
57.8912499,6.427877587016728,-5.6307750298398025,-0.8842695763636726,-32.95207282802434,36.037662668531134,26.82532854894269
57.9012499,6.199996371296355,-5.676277369050362,-0.8920249822462809,-33.078309929985636,40.17718679665253,29.816688191849916
57.9112499,6.009316278178659,-5.70038190901206,-0.8526580292619872,-32.21953066666719,44.639550589106754,33.63069859981901
57.9212499,5.784809830232631,-5.66201601604093,-0.8067578594054557,-30.482943734579962,49.34360383908728,38.18098340198045
57.9312499,5.560226221710083,-5.500951192720265,-0.7709088065268908,-28.921598709563035,54.50333594838707,43.286765781185075
57.9412499,5.361956087771524,-5.336992663029801,-0.7310969071434261,-27.68930888181713,60.100169356575314,49.13767382347315
57.9512499,5.13191894185351,-5.249894294508406,-0.7178013756612047,-26.758107792622518,66.2318394742894,55.67260701429422
57.9612499,4.901638882799313,-5.1510226345371795,-0.8056231269300496,-26.828970262728266,73.02887107456365,62.445452888873646
57.9712499,4.729188108242179,-4.97730907095265,-0.9840619383244883,-28.032027855128433,80.14412865000882,68.93127406428201
57.9812499,4.539724128018175,-4.804784895984187,-1.0340925941863333,-30.932208540737154,86.96760090052754,74.88991783780958
57.9912499,4.322695767060155,-4.683343956425106,-0.9551870603498827,-34.993799133281904,94.04380917655402,80.48930351015301
58.0012499,4.1334120849190965,-4.75492720199078,-0.9411759769519078,-37.66261273433697,101.48607068972099,85.7847551063629
58.0112499,3.861148137206581,-4.902362193222334,-0.9218889666849729,-39.68039941155633,107.96578511221857,91.58819007021687
58.0212499,3.66468198507327,-5.084194581617489,-0.7099893619597856,-40.46524210410645,114.73534716074064,98.28414102730545
58.0312499,3.4237592294583536,-5.106596699317744,-0.4990335794081172,-40.11399753699108,121.1643878962518,105.07869351459047
58.0412499,3.1991576661118875,-5.022682171199644,-0.386100093449613,-38.92510598613991,127.07690669921186,111.90361459682858
58.0512499,3.0918308899520235,-4.8398401643815,-0.23731340525156858,-37.627201427276816,134.1772861610329,120.24725342946384
58.0612499,2.887777819471359,-4.499747759225161,-0.09269507713403928,-36.661167588533516,142.34178479705417,130.10261242304847
58.0712499,2.660333395346683,-4.268084003148172,0.08754180132704699,-35.53126368981507,149.4855826388012,139.13968192287248
58.0812499,2.4750162043598847,-4.143995293024732,0.35901751494688183,-34.280823884968584,156.43465748540223,148.6224041388719
58.0912499,2.2724133071373873,-4.110048954181098,0.6946117567194208,-32.16163737443222,163.86579476490283,159.38197953732643
58.1012499,1.9739578291141453,-4.503826493271196,1.3055105254664654,-27.95911707828716,171.27252981846922,170.7560673096381
58.1112499,1.604945719815697,-5.084893454517139,1.926740895144873,-20.750227701113882,178.00078858010585,182.3353311525079
58.1212499,1.2800418676316603,-5.4142898152281,2.268625005832831,-10.99024541722957,184.2819063007994,193.5460567608543
58.1312499,0.9802208601449176,-5.707601200991977,2.5433155104802285,0.4920922739394887,189.72982667744458,204.17285070866393
58.1412499,0.707421210297421,-5.867465417972815,2.7510036252433996,12.786682972557522,194.16711698168308,214.56521662549278
58.1512499,0.49873298845262876,-5.842209433722576,3.1191696437446828,23.32304122337827,198.1258378131114,224.4969153609856
58.1612499,0.33190754657327876,-5.76741768820421,3.6507120955416754,30.901828085652724,202.4808795146273,234.09608391935572
58.1712499,0.22033450266383126,-5.705575608827346,4.355728061386375,35.7839035262926,207.19530106074723,243.20614171679452
58.1812499,-0.05007059317943739,-6.335439800500001,5.47445556269944,39.48611346444738,211.65899572238158,251.45109501995032
58.1912499,-0.6348365601290477,-7.104469144429988,6.1461875173100475,43.260133447919756,215.09174694432392,258.9441647862284
58.2012499,-1.3589777287663025,-7.324286679143767,6.1310839916094855,46.31641192421264,215.73814461157153,265.3985635978715
58.2112499,-1.9603208656953948,-7.593613247652829,6.406526838068564,48.200516178322815,213.47974600284644,270.08245039363874
58.2212499,-2.4401918894315773,-7.567471084891842,6.7927898083672895,45.16087422829836,209.48979331280324,272.98957481428056
58.2312499,-2.8639276003312957,-7.134743574267279,7.080179332896092,35.19181252008575,204.58381095094336,274.91556616658454
58.2412499,-3.3240739551400567,-7.141135594321129,7.959534264757815,18.295562587150886,198.97764387808164,276.24425836847536
58.2512499,-4.041594399801793,-7.720060496194113,9.038123473102797,-3.2729662484125313,192.02247588871148,277.4128582068016
58.2612499,-4.838081383796952,-8.861014215161134,9.941051005339531,-24.842119716520482,182.1012087535847,278.8710622334748
58.2712499,-5.468877502986905,-10.851174097113606,10.788008087056967,-38.904241485842505,167.32351205640387,281.05820223313555
58.2812499,-5.601921859236069,-12.491600498370612,11.361097392700255,-38.14100224555352,150.9067335238109,282.59242623758166
58.2912499,-5.395820772003598,-13.595884089658567,11.82866181646879,-26.19690521410934,132.31217037947698,281.8172676782232
58.3012499,-5.100571875422815,-14.80917823920565,12.043378332841652,-7.235966632750131,111.1496970188025,279.8344765714564
58.3112499,-4.958416984600187,-15.973173749903298,11.902365406517461,16.448667530288763,89.1591569763127,277.6421664229627
58.3212499,-4.884353003461787,-16.435202946757187,11.72716557748762,39.31494563069475,66.86994408704444,274.4146267661771
58.3312499,-4.382488313718611,-16.366543882144764,11.93431241377963,56.11254453282578,44.8460177507763,269.3686115917211
58.3412499,-3.799837464133853,-16.738902726529037,12.333335471958398,68.0727334094704,24.37456261616523,261.7045697173634
58.3512499,-3.437833546335723,-16.853920267135692,12.066777534334776,76.48263015667156,4.907455056969524,250.60020099726975
58.3612499,-2.453739186017862,-16.71339171645302,11.920987531464034,80.34938168417443,-13.910016675838559,237.0327459025509
58.3712499,-1.1191168492433274,-16.79965294277375,12.557978178751586,76.44465171631721,-31.16711742452601,221.0509098578636
58.3812499,-0.21675368648068521,-16.588246494544187,13.084517209322964,65.06319834521095,-48.55774382170116,201.18672127331206
58.3912499,1.0450196334219772,-16.72043341075882,14.09227593012649,50.113631167956946,-66.46032118633192,177.75459186532234
58.4012499,2.8391561701900376,-17.654630645009863,15.966339508685039,32.63792316971914,-84.88493593731786,151.21016435183662
58.4112499,4.650514061469772,-19.02169730407963,17.62016424266389,13.728384782157567,-105.2706018619235,119.76839137472992
58.4212499,6.046196495434756,-20.254960167958625,19.74394288749019,-4.539604892933547,-128.78198236974768,80.09884521661901
58.4312499,6.509034551512254,-21.38908269657524,24.946297664812196,-18.93173309037916,-159.23067268646378,28.167817592844003
58.4412499,4.716263136847889,-24.74173531708683,35.26778503215994,-16.389014770822207,-204.31117248274103,-38.986018417269776
58.4512499,-1.7180805780617812,-33.49799696891095,46.90078811040582,31.98621924221513,-267.20354476952,-120.20781302311939
58.4612499,-10.460274688253595,-42.52873798524605,52.235849370273876,111.74567748319045,-354.6858198469703,-206.83661338657134
58.4712499,-17.136235804569132,-43.71670750965144,51.17466119056553,180.72655307511025,-458.2682358983603,-292.88908911586054
58.4812499,-24.57906408462393,-37.970441871711024,48.91703402784576,218.0173060310866,-504.12938550316545,-373.6019930184457
58.4912499,-32.634124949472074,-27.84711575408735,45.48617284278586,167.4646275571832,-499.4654430920679,-426.59020132709844
58.5012499,-35.62389902356965,-18.223295006308113,38.528069637551354,28.938066857872496,-499.5287136973355,-464.1681325287994
58.5112499,-36.61512379225098,-15.205159924091186,29.512825043720348,-144.9118046038544,-500.2694045372874,-494.54582318532437
58.5212499,-40.903393961741564,-17.287974506994605,19.30262571775327,-309.0555104496037,-500.336686953434,-501.21155644927734
58.5312499,-42.55391407963453,-21.361385790820357,8.352552305015793,-409.3917128211635,-499.0358188499929,-500.02574753979826
58.5412499,-35.39850357600404,-23.554831982025203,0.1923430968293483,-420.3791068718016,-500.7357797708465,-499.45505558616355
58.5512499,-30.286066006651065,-25.6060399446315,0.18463073217845893,-323.15199701725294,-501.8770253238119,-499.17873138474283
58.5612499,-38.003492547345914,-28.2451046954548,-2.1534497699820028,-107.22471139510273,-445.45348157833865,-505.9904929381052
58.5712499,-41.47456766068647,-20.78015980996448,-14.922829424289779,105.73384960735841,-364.82814796717736,-445.56535104760195
58.5812499,-30.564740702786214,-2.4244956744572232,-21.486231797838993,214.92257620014786,-309.13156555674595,-319.41178336609664
58.5912499,-21.319537101643114,13.371374339882198,-18.854800866437134,212.60630121624428,-236.6740047091433,-239.7850426120683
58.6012499,-18.669553330311004,17.502447047568765,-16.7115932147333,141.46364771585849,-155.00986828454603,-184.19293781530808
58.6112499,-17.714074790810432,15.270555180402413,-14.402081922649288,50.03174567320161,-93.76309221593526,-124.67374009466748
58.6212499,-19.037575751605658,12.571808453411169,-9.472103795057679,-29.031209350830576,-58.30466537178259,-84.9633572978436
58.6312499,-20.199198017291383,8.153267218098605,-3.5005901417462573,-76.69960707903745,-41.290359800499324,-65.6243259327709
58.6412499,-18.865196585154912,1.4855340448163572,1.8269655297988634,-91.47931278031106,-33.06368400668058,-48.38483051878345
58.6512499,-16.09416388405975,-3.914854455738007,4.991860364771979,-76.56406752990338,-26.774095618448612,-28.90798548507671
58.6612499,-12.625837287614392,-6.01847347765305,5.563290632471358,-44.82338355889846,-22.233631007758216,-10.882818273895007
58.6712499,-8.341284924621796,-5.466496955816987,4.774919519772294,-13.963502022092657,-16.69697963663804,4.854547708348697
58.6812499,-3.65036733721403,-3.314740655456344,3.7689256109196823,4.953131309713121,-7.071372774931946,17.9746825121174
58.6912499,0.8371460463829639,-0.7093165319619495,2.547093975794633,5.26929797678922,4.403345056807269,26.60764509948984
58.7012499,4.592184050411809,0.943874145529627,1.3902183958243752,-8.396036881824358,14.210776514296816,29.86857282072459
58.7112499,7.505529313249031,1.2951093464267462,0.7720969174567689,-26.757736671209923,21.797525690988653,30.699493778987197
58.7212499,9.714215706820317,0.6494305606637214,0.5489417839472662,-44.47521761531341,26.109428005054916,32.19988449349793
58.7312499,11.420116173140228,-0.5719689667333537,0.6457756051449285,-57.9472101546387,26.481506883369835,33.99328997423388
58.7412499,12.804764404677234,-1.9425195275235674,1.0639207525929393,-65.12121769215031,25.72919776820946,34.232589900274306
58.7512499,13.635455956866966,-3.356124038757936,1.4917524087908922,-65.09909590745609,25.51001616411271,32.252987510076174
58.7612499,13.921064750654399,-4.64506679750671,1.9184205556684888,-59.99812305543888,25.096113236788163,28.414034117949985
58.7712499,13.986192258192052,-5.679054961802584,2.442746922211997,-52.21080480054169,24.724513498439823,22.721394611468735
58.7812499,13.934058003669481,-6.220765752707664,2.781697624691282,-44.31146920744558,24.708142065495974,15.306337656496707
58.7912499,13.654483006043465,-6.26243974354542,2.802423111133615,-38.223065304248465,24.53732434716001,7.267307908922206
58.8012499,13.037746429830827,-6.137308261409307,2.806427132713544,-34.30229754495008,23.298612901309045,-0.29031150247713294
58.8112499,12.175450411278963,-5.966524244751553,2.885311191078848,-31.85170112970481,20.493031116454617,-6.947472224034045
58.8212499,11.441485879284707,-5.646582360423963,2.741549694652294,-30.540516212698922,16.65616881347286,-12.44310517261419
58.8312499,11.005983091887222,-5.305419726037468,2.5618763382522234,-28.871529164138234,12.276233751782875,-16.243500871864782
58.8412499,10.55998437437392,-5.209120251488083,2.6009102800993666,-25.51198570238415,7.434397078667159,-18.50920686196311
58.8512499,10.071848269273012,-5.105670022325237,2.4093738067350152,-21.702649325000593,2.8455172690047457,-19.40054510354763
58.8612499,9.809368743266033,-4.706470216202375,2.130675615065494,-20.266197560804436,-1.5067302467916261,-19.33574162014182
58.8712499,9.733973302168943,-4.197954709995758,2.0181804166760866,-22.70452110846133,-5.518020132490975,-19.144043409877224
58.8812499,9.695401122330392,-3.648037834857564,1.7491853838771518,-28.102453034532054,-8.436860316548186,-19.345722024725028
58.8912499,9.602698645763025,-2.983861126359858,1.3776067683166966,-37.850349088963306,-10.276338580904895,-20.07548801145643
58.9012499,9.478118450893394,-2.339442009867763,1.0792466872599116,-53.25219246861739,-10.804892879943823,-21.09327318530917
58.9112499,9.355060400462989,-2.0354897984873808,0.8945002872729148,-68.48324072077055,-10.410055782053997,-21.653658969693947
58.9212499,9.106958176188627,-2.2499165576231874,0.8164408955740083,-81.19335316548758,-9.821637643784666,-21.625097054500074
58.9312499,8.827346717363884,-2.683654670002791,0.8095760151270822,-91.16377782773581,-8.817131845415089,-20.525700171308124
58.9412499,8.623245599107396,-3.041669989173051,0.8624859591407815,-96.55339187594252,-7.2350369691711025,-18.51006782865752
58.9512499,8.352307481997412,-3.377815044098559,1.0000567821739077,-97.76695994582045,-5.695831323992199,-16.22527206847736
58.9612499,8.025297916201554,-3.656328637186095,1.2011910251882019,-95.41330106008,-4.254090962571369,-13.482312038579469
58.9712499,7.800591130197919,-3.799279412171989,1.3216314358692511,-89.78952549462576,-2.01020564477347,-10.135936660807964
58.9812499,7.655262949623384,-3.78503262631777,1.3737889063300692,-82.8469317794774,0.2537812035820075,-6.552416595512922
58.9912499,7.554464411688785,-3.7115006480058548,1.4086038237290652,-75.52428007737042,1.7429371062454266,-3.0589215399935825
59.0012499,7.494400310919799,-3.6388520314164117,1.3614936280134884,-68.21204161764814,2.254680399115617,0.7334502662717297
59.0112499,7.493032139820904,-3.6037087180401812,1.166690768466447,-61.65436309293542,1.9820549120143238,4.777334616647349
59.0212499,7.693739320587327,-3.6332436583324523,0.962365120103139,-56.0852163699865,2.165155763726025,8.574082527628088
59.0312499,7.994495705223404,-3.5610799126298316,0.845739171924462,-52.17081341993062,2.692029578978266,11.721069388357094
59.0412499,8.289184263034185,-3.408617113307867,0.7884995286560406,-50.32477254961919,3.993582922977663,13.816881879402795
59.0512499,8.540899158034664,-3.1550522997414414,0.7708736606803137,-51.08490850897929,6.281291310563237,14.645278303653246
59.0612499,8.674482801594804,-2.9678349044639223,0.7693790927790607,-53.5799210344602,8.826595220844704,14.6698318900446
59.0712499,8.704493812729947,-3.0230226773801614,0.7767546920158679,-55.96185099648448,11.385208724004306,14.689051750842854
59.0812499,8.670469252838972,-3.2147803675551287,0.7826968942245073,-57.17206079076728,13.466334602452681,15.519531836517842
59.0912499,8.634290385168741,-3.4826144443301055,0.8409227601015684,-55.9962506878613,14.810996897906834,17.14235905050834
59.1012499,8.630256178743654,-3.706948446166425,0.9117210760596918,-51.41123896355334,15.415614640876257,19.553380886454686
59.1112499,8.626517336845007,-3.8450467737458736,0.9715450905902743,-43.87921956065869,15.320799880392965,22.97594526903121
59.1212499,8.66017082997655,-3.84995598690966,0.9809007103043542,-36.56563754771606,15.576095008469592,26.228351773313488
59.1312499,8.782885466780765,-3.714258458372093,0.9778610644622243,-30.73593267028106,16.502172359417074,28.855903417188262
59.1412499,8.96106174905705,-3.6668027840886555,1.0816690838195686,-25.98583353765361,17.78593339363068,31.139053839079153
59.1512499,9.20220028937002,-3.64407997597945,1.1529445423776745,-22.420972871317222,20.451945107735092,32.982375040018475
59.1612499,9.244407871044945,-3.5296490950075925,1.0919764479296177,-20.013417092133665,23.044596474467724,34.66043640652762
59.1712499,9.118362650987944,-3.438150281566788,1.0599419012223372,-19.01031584787154,24.318131022357804,36.17151319938106
59.1812499,9.07642471048563,-3.4248013709233076,1.0448664652504676,-18.98616897639629,25.517933651786397,37.71041753804026
59.1912499,8.936977441308887,-3.58745602807879,0.9760057401728205,-17.82579085503414,26.559909238229203,39.70227129913282
59.2012499,8.826610121681066,-3.8404579623136597,0.9593567569677188,-16.84345135219387,28.04730674125143,41.78296099964717
59.2112499,8.68633680270951,-3.877568728616986,0.9669507535121019,-17.20205141814994,28.490797912747084,43.87140241252995
59.2212499,8.63341700698814,-3.946106461028641,0.93229886095408,-17.80991172511881,28.725944668774027,45.73882546238364
59.2312499,8.61780285689159,-4.092569077649642,0.9283254292762462,-20.536915273064384,29.382071111141748,47.47745931050943
59.2412499,8.60831884513115,-4.199433338936906,0.9228118624085448,-25.05741029285768,30.633702342930977,48.90874470574888
59.2512499,8.597468531968373,-4.229891392351658,0.8875979387968593,-30.471049640424955,32.59355448114944,49.501567174570916
59.2612499,8.509193826802242,-4.351228392816779,0.8791276493432909,-35.30749246544879,35.03534845260794,49.42706515634099
59.2712499,8.304032497548446,-4.534774598379445,0.8802362631525155,-39.022699817920866,37.14623110888271,49.403412078915544
59.2812499,8.095321591949201,-4.739002081525716,0.949821331276866,-41.76491218142127,38.75353443756794,49.673524971762774
59.2912499,7.982066932245087,-5.018999409969074,1.130671574013111,-43.06411810592279,40.149493224096986,50.56887470094894
59.3012499,7.9304745000107415,-5.212420680412393,1.2651167633244282,-43.03069430761211,40.99145863703938,51.9539885112718
59.3112499,7.966696669554762,-5.371573110483494,1.4044219282373367,-41.45921713917508,41.50738189539767,53.39385869592005
59.3212499,7.980330988381238,-5.566428972027238,1.5967130856418243,-38.33428593326937,41.61439082829999,55.15752450342123
59.3312499,7.927722699024824,-5.67870591787498,1.622029572590814,-35.267182199471414,41.37921129355909,56.59586860477119
59.3412499,7.91082423363135,-5.693292907711265,1.5538934970532068,-33.33416981047037,41.38497469073707,57.34669662433638
59.3512499,7.972157114871703,-5.710325903191729,1.535431592947393,-32.261957403256744,42.072950907286106,57.73628609941993
59.3612499,7.96035352107508,-5.724398455133236,1.5221671147322062,-32.39768502972038,42.89904005227099,57.57972108650451
59.3712499,7.88949353729832,-5.781028672365491,1.5080560527332278,-33.548147198871064,43.15763368131106,56.95267562495316
59.3812499,7.864307112789449,-5.987690143745989,1.5103805395029732,-34.43204751586569,43.06743450899704,56.380478760550766
59.3912499,7.7498972100907,-6.267005285076477,1.5675247378487762,-34.591415337533824,42.84365750998985,56.20332207180745
59.4012499,7.596479934051088,-6.455893027491865,1.6582769474807597,-33.80194128450178,42.655405633167895,56.30302706692871
59.4112499,7.479160266836838,-6.594189177028382,1.7396791701171128,-31.690810648431064,42.28650336536582,56.135676873360374
59.4212499,7.373549725706887,-6.739967923646885,1.8352410204799197,-28.688198788215736,41.505587683336245,55.789304671032895
59.4312499,7.2914361849420315,-6.885201433864406,1.8784331306907085,-25.330473541375163,40.56693361372173,55.39190687702389
59.4412499,7.310417221869393,-7.039083407137048,1.8631882429270727,-21.645933034318286,40.094832444348555,54.81201885460183
59.4512499,7.294512028713922,-6.923633108784842,1.7726899437544625,-20.042555414494586,39.12766202299384,53.55518699317909
59.4612499,7.210292391864932,-6.8576747238340765,1.6606784450603262,-19.285220569710166,37.974827351490966,51.241867144589975
59.4712499,7.231739202868597,-7.065519684131907,1.7030070507226627,-17.245273980991037,38.492371953300804,48.65186884928638
59.4812499,7.033098666769994,-6.987003051321855,1.7560628722479965,-17.43937241534998,37.900411099799975,46.43957823577905
59.4912499,6.855984438796851,-6.912407919314451,1.7482628581250421,-18.575461373217582,37.03141778280912,44.41082758167516
59.5012499,6.942529246627632,-7.069643439241019,1.7769555027139783,-18.605895918045544,37.982638229285854,42.650131580241734
59.5112499,6.900285452093444,-7.175616535238852,1.8046039811040675,-18.64930157765691,38.98441884737987,41.51725894849901
59.5212499,6.7151152690123395,-7.240734946698859,1.8439122673121997,-18.499759644959802,39.00473633950276,40.93668898988473
59.5312499,6.516585257591555,-7.3160759960743205,1.844254676539936,-17.509867631039405,38.13831993032067,40.06140640427735
59.5412499,6.433783480321036,-7.397679228226098,1.7901347338341875,-15.77730570425372,37.21056744236023,38.878917488889236
59.5512499,6.385667037172162,-7.404371822592946,1.7862705863563264,-14.263713282872999,36.10018448939355,37.86411696117209
59.5612499,6.310068902330537,-7.387496230500265,1.7730119013813503,-13.010741182645367,34.94247219517179,36.609782548201814
59.5712499,6.2465141075540345,-7.323915279750141,1.7040856693224933,-12.278681732881132,34.14737637445221,35.28790197919598
59.5812499,6.213332262585124,-7.279992732664456,1.7044734890850972,-12.219189378998324,33.219728611330424,34.56923787743733
59.5912499,6.1999816069363165,-7.328164677103995,1.7693249636713324,-12.890406948280754,32.745767538519665,34.33082145701704
59.6012499,6.138371781263633,-7.339309991981719,1.8063287117853013,-13.868543673189302,32.82153402746304,34.309804568000324
59.6112499,6.073149309991079,-7.341008990227411,1.8609587398973229,-14.71370162499452,32.95340883405852,34.295976305993584
59.6212499,6.062687850335843,-7.429791290256353,1.954940490869936,-14.797260871518363,32.69065076197478,34.41854257556393
59.6312499,6.042869878584701,-7.599705497057226,2.057533952152682,-13.640623055961758,32.48845799780129,35.061494266340304
59.6412499,5.9672095013091235,-7.749066179061401,2.1407211832846036,-11.981028111510758,32.43582832541174,35.90846988004029
59.6512499,5.862673779534164,-7.807472186454694,2.1489280834422737,-10.517637730459636,31.912887491317104,36.59637597717946
59.6612499,5.802388959258374,-7.855834403435553,2.160393380582344,-9.442617535744539,31.271723573007012,37.13641512410372
59.6712499,5.70579721999757,-7.9298457776176345,2.251540112365595,-9.343917778345084,30.823534288318793,37.17413331466716
59.6812499,5.560388362493334,-7.944216445137664,2.299864131448238,-10.452561020126197,30.447577080404244,36.67762474850156
59.6912499,5.47606273410976,-7.948776077051861,2.2694590364815945,-11.86794924387066,29.738401664226657,35.60667901326515
59.7012499,5.469929506980147,-8.04042150280286,2.2832589000841796,-12.71067373063772,28.752345305635448,34.24664077633729
59.7112499,5.510167894983848,-8.236395667275666,2.4054026378554987,-12.462040178152204,28.033682096956454,33.19501213930896
59.7212499,5.535897487810811,-8.470411913789075,2.5621746811382615,-11.078714334616935,27.170183423389663,32.610234128918854
59.7312499,5.513508201542034,-8.656983928620104,2.661909274624351,-8.832186197416696,26.0085148118366,32.00128998494354
59.7412499,5.455788856218973,-8.770998099804267,2.6571199562081196,-5.629923666622937,24.765260038044065,31.133515134291127
59.7512499,5.39191654344372,-8.773889426368742,2.533936286604739,-2.5365622952509415,23.37200910728037,29.98604232395188
59.7612499,5.40214648738326,-8.64896828770717,2.3929171205914943,-1.0455504818575252,22.00539798242033,28.505062895696135
59.7712499,5.438354723194474,-8.534572508761437,2.368154017071532,-1.0176403124794806,21.016173860730934,26.762854229211484
59.7812499,5.420762835867302,-8.504022320835704,2.394558251231104,-1.8909857906644139,20.40437940571212,24.886881371732965
59.7912499,5.400036466820758,-8.470343571300921,2.3604855464537287,-3.1771257604599508,20.029679836433978,23.181820723695516
59.8012499,5.414272116155636,-8.478372569419205,2.2975542640842037,-4.18854642375839,19.675058824210357,21.557314523206863
59.8112499,5.416617007245262,-8.602292076255138,2.3069356665855834,-4.516041102714946,19.060911023094416,19.94928559307713
59.8212499,5.392132706231891,-8.742744424661216,2.3897594613541155,-3.478808680998947,18.54171216149839,18.573985896731877
59.8312499,5.32280736515773,-8.800695900870473,2.4390953667112836,-1.1317507281629242,17.990498698321684,17.359743796978208
59.8412499,5.225918268327557,-8.840479646598947,2.4323265953972384,1.8068243737258791,16.819866958110474,16.024523774957537
59.8512499,5.156043107685195,-8.883445804331654,2.4407040674074856,4.827412888149609,15.21163955418257,15.089411438031247
59.8612499,5.065152888417384,-8.833245460302225,2.456243713354997,7.015234000179219,13.670577563496874,14.736798923507923
59.8712499,4.972280034353237,-8.701979545748438,2.4606796350542943,8.154889095978778,12.256330914936148,14.41556004497949
59.8812499,4.957130301445945,-8.602482745025375,2.4686572221887926,8.635581409068326,10.748367301439893,14.059032535461462
59.8912499,4.9963903264747,-8.53734789995855,2.469524095579067,8.223198782774366,9.375935006686898,13.968742170525498
59.9012499,5.029151938741518,-8.492806463364241,2.492901930950197,6.878863132718619,8.18976281600579,13.889273237577457
59.9112499,5.060668055590547,-8.474610374172258,2.4827574867171065,4.916823926823257,7.081607576112079,13.567147057381028
59.9212499,5.065333870135254,-8.481013340913638,2.4233152746952538,2.4565198364621836,6.212644107340435,12.944697477858037
59.9312499,4.9521372950338485,-8.493333009599533,2.350988704333307,0.2949050523543373,5.574646384568698,12.046767240969665
59.9412499,4.823406534634326,-8.5305127969971,2.296056794693723,-1.1541186589415622,4.655123905649462,10.697758137187451
59.9512499,4.825636559293842,-8.660678015677911,2.3372077333462298,-1.9830062826183097,3.4759363348723227,9.382528712861667
59.9612499,4.834765922821346,-8.765636007698122,2.41295487079788,-1.8785581112282788,2.585848252295409,8.59206958469964
59.9712499,4.817553029618594,-8.844987191133578,2.4667178735847752,-1.1284192430043707,1.9666142487875882,8.259467295137954
59.9812499,4.8580354430171,-8.909228176702825,2.4997769630990896,0.0038504291129973656,1.4477498347943463,7.990268645233606
59.9912499,4.86325523354068,-8.883869413812917,2.499278607383988,1.2405073980186183,0.67468489590535,7.525994842452594
60.0012499,4.8375388581839625,-8.842364121583918,2.4754052633186134,2.540376531000087,0.07324648543511063,6.99671719367306
60.0112499,4.83017348129057,-8.758754893133545,2.438249247215511,3.2253848419953264,-0.3251573958615286,6.614030799468513
60.0212499,4.836321339717145,-8.652739100502576,2.372075391840508,2.8875359478374913,-0.6837431462919574,6.113060716616534
60.0312499,4.792514940280665,-8.545299004456064,2.3138665319286593,1.8129073807030653,-0.8433705711441105,5.231940159296104
60.0412499,4.737547631433609,-8.45984500151377,2.3130308241891235,0.23541179112496685,-1.1002378502795986,4.091204075642105
60.0512499,4.753008787841961,-8.505258516743766,2.350905311605079,-1.4607614215013573,-1.2705223401295616,3.1059480855219115
60.0612499,4.752632214749261,-8.622294304009374,2.391281077682672,-2.6946093950310694,-1.1113712470292407,2.4068702555386228
60.0712499,4.699785255920664,-8.672083195628103,2.4191524626805463,-3.2677463084260023,-0.9446413011868795,2.0203068236417185
60.0812499,4.649323232427007,-8.648577493421174,2.4236297205195845,-3.5816136248334165,-1.063365146585688,1.692688509920157
60.0912499,4.633012207769635,-8.69420217784845,2.421004895506123,-3.1768970595642445,-1.075970241409879,1.2526169508665552
60.1012499,4.6086114117345245,-8.73091093909125,2.4029115210308944,-2.6411753398817557,-1.031066923643329,1.0691634138972697
60.1112499,4.582081927907968,-8.671715422446113,2.351537813669076,-2.301274494615815,-0.8037327317876323,0.9477584442994
60.1212499,4.558021707703953,-8.528594641906029,2.2613106156937457,-2.2220756983513708,-0.533761539840808,0.6781341479458485
60.1312499,4.551493592254288,-8.453644171195783,2.2431366717253574,-2.4595889530599315,-0.21919369228172644,0.5222071836553314
60.1412499,4.5113108096664085,-8.415348685241572,2.274896016439925,-3.1239313339692005,0.16666574072718868,0.29960109845858185
60.1512499,4.481856940066775,-8.352427813135593,2.251774636455688,-3.6774366761867197,0.32036056370791893,0.1986498337462096
60.1612499,4.530064739577504,-8.361488425708071,2.2537380744962787,-3.639179514386112,0.495835338576813,0.5919320151288036
60.1712499,4.547105321520527,-8.376291705917515,2.2839957511335456,-3.4302557499708506,0.657456060374977,1.283627989154807
60.1812499,4.528231084210237,-8.336985589546561,2.2984662362234674,-3.36453172821614,0.8262094894062318,1.9568207256546692
60.1912499,4.5044856618644324,-8.283771295061024,2.2627641158926566,-3.5139415592149374,0.924359349278827,2.6653904199374847
60.2012499,4.44991579641909,-8.277736363475064,2.211959729457259,-3.886614533587351,0.873025078995825,3.2483774165792147
60.2112499,4.451900374071966,-8.246683048165625,2.2253270331526447,-4.668252917888727,0.9929113656912458,3.7343508108391985
60.2212499,4.494969934734202,-8.24725455967484,2.288636383395729,-5.294631772399027,1.1891706017528736,4.063953497156198
60.2312499,4.512368039469652,-8.328849260560968,2.3409959070722457,-5.704422290009326,1.2101648632526247,4.400190687678246
60.2412499,4.522676248516486,-8.438934243275881,2.3771620165412375,-5.832463010790944,1.3258447422684674,4.9411199012947735
60.2512499,4.500968751980709,-8.54394482202096,2.3889539499094603,-4.984249886479412,1.5343720260913913,5.363234375273945
60.2612499,4.445762839891587,-8.58872383281804,2.393246520297689,-3.826444621727551,1.3363442865694224,5.7467909328657205
60.2712499,4.406320409095192,-8.641963038350857,2.425194811017085,-2.347815679456329,0.9397404451136936,5.914753867479731
60.2812499,4.3448420845665385,-8.645045768579891,2.4590285043668256,-1.175834735646245,0.5974783769968215,6.026827341311456
60.2912499,4.313946440688511,-8.609962522662908,2.4318894230313237,-0.576315374658289,0.23032654066175562,6.119909234312697
60.3012499,4.336324972240427,-8.594367945452888,2.437501792028356,-0.40419421425573415,-0.42262904716061,6.103392864399154
60.3112499,4.362075138941262,-8.547208831161479,2.4961672949880276,-1.005786646450491,-1.0018577914579405,6.087571073827188
60.3212499,4.389695442462816,-8.552307656533474,2.5160905546315293,-1.8403865107859707,-1.4121497891782804,6.093445675872177
60.3312499,4.414396201200912,-8.579513008558447,2.515853005498755,-2.569952137478704,-1.9634343350722998,6.231840023527998
60.3412499,4.4429286001398305,-8.626166411067544,2.493079800882268,-3.0358588125345007,-2.8015056391512436,6.159628158682821
60.3512499,4.439612619315465,-8.647984522605984,2.44894554311508,-3.3037782976192704,-3.623278337842129,6.04573608819331
