Time (seconds), Duration (seconds),pred_(unlabeled),pred_Jab_R,pred_Sidehook_R,pred_Uppercut_R
0.00125,0.49750,0.89105,0.00200,0.10694,0.00000
0.10125,0.49750,0.73162,0.00375,0.26463,0.00000
0.20125,0.49750,0.93423,0.00132,0.06445,0.00000
0.30125,0.49750,0.99323,0.00008,0.00668,0.00001
0.40125,0.49750,0.99887,0.00001,0.00109,0.00002
0.50125,0.49750,0.99990,0.00000,0.00007,0.00003
0.60125,0.49750,0.99997,0.00000,0.00001,0.00002
0.70125,0.49750,0.99999,0.00000,0.00000,0.00000
0.80125,0.49750,0.99999,0.00000,0.00001,0.00000
0.90125,0.49750,0.99996,0.00000,0.00004,0.00000
1.00125,0.49750,0.99998,0.00000,0.00002,0.00000
1.10125,0.49750,0.99999,0.00000,0.00001,0.00000
1.20125,0.49750,0.99999,0.00000,0.00001,0.00000
1.30125,0.49750,1.00000,0.00000,0.00000,0.00000
1.40125,0.49750,1.00000,0.00000,0.00000,0.00000
1.50125,0.49750,0.99999,0.00000,0.00001,0.00000
1.60125,0.49750,0.99999,0.00000,0.00001,0.00000
1.70125,0.49750,0.99998,0.00000,0.00002,0.00000
1.80125,0.49750,0.99996,0.00000,0.00004,0.00000
1.90125,0.49750,0.99999,0.00000,0.00001,0.00000
2.00125,0.49750,1.00000,0.00000,0.00000,0.00000
2.10125,0.49750,0.99999,0.00000,0.00001,0.00000
2.20125,0.49750,1.00000,0.00000,0.00000,0.00000
2.30125,0.49750,1.00000,0.00000,0.00000,0.00000
2.40125,0.49750,0.99999,0.00000,0.00001,0.00000
2.50125,0.49750,0.99999,0.00000,0.00001,0.00000
2.60125,0.49750,0.99999,0.00000,0.00001,0.00000
2.70125,0.49750,0.99997,0.00000,0.00002,0.00001
2.80125,0.49750,0.99986,0.00000,0.00003,0.00011
2.90125,0.49750,0.99957,0.00000,0.00004,0.00039
3.00125,0.49750,0.99960,0.00000,0.00005,0.00035
3.10125,0.49750,0.99982,0.00000,0.00006,0.00012
3.20125,0.49750,0.99994,0.00000,0.00004,0.00002
3.30125,0.49750,0.99990,0.00000,0.00010,0.00000
3.40125,0.49750,0.99973,0.00000,0.00027,0.00000
3.50125,0.49750,0.99942,0.00000,0.00058,0.00000
3.60125,0.49750,0.99900,0.00000,0.00099,0.00000
3.70125,0.49750,0.99611,0.00001,0.00388,0.00000
3.80125,0.49750,0.99066,0.00010,0.00924,0.00000
3.90125,0.49750,0.99538,0.00027,0.00434,0.00000
4.00125,0.49750,0.98838,0.00058,0.01103,0.00001
4.10125,0.49750,0.96508,0.00547,0.02941,0.00004
4.20125,0.49750,0.95814,0.02548,0.01626,0.00012
4.30125,0.49750,0.98929,0.00301,0.00718,0.00052
4.40125,0.49750,0.99240,0.00083,0.00649,0.00029
4.50125,0.49750,0.99380,0.00201,0.00406,0.00013
4.60125,0.49750,0.99606,0.00232,0.00150,0.00013
4.70125,0.49750,0.99706,0.00070,0.00171,0.00052
4.80125,0.49750,0.99915,0.00009,0.00068,0.00008
4.90125,0.49750,0.99824,0.00032,0.00141,0.00003
5.00125,0.49750,0.99962,0.00001,0.00037,0.00000
5.10125,0.49750,0.99990,0.00000,0.00010,0.00000
5.20125,0.49750,0.99999,0.00000,0.00001,0.00000
5.30125,0.49750,0.99999,0.00000,0.00001,0.00000
5.40125,0.49750,1.00000,0.00000,0.00000,0.00000
5.50125,0.49750,1.00000,0.00000,0.00000,0.00000
5.60125,0.49750,1.00000,0.00000,0.00000,0.00000
5.70125,0.49750,0.99999,0.00000,0.00001,0.00000
5.80125,0.49750,0.99997,0.00000,0.00002,0.00000
5.90125,0.49750,0.99983,0.00000,0.00008,0.00008
6.00125,0.49750,0.99962,0.00000,0.00011,0.00028
6.10125,0.49750,0.99982,0.00000,0.00010,0.00008
6.20125,0.49750,0.99991,0.00000,0.00008,0.00001
6.30125,0.49750,0.99991,0.00000,0.00009,0.00000
6.40125,0.49750,0.99991,0.00000,0.00009,0.00000
6.50125,0.49750,0.99987,0.00000,0.00013,0.00000
6.60125,0.49750,0.99985,0.00000,0.00014,0.00000
6.70125,0.49750,0.99982,0.00000,0.00018,0.00000
6.80125,0.49750,0.99976,0.00001,0.00023,0.00000
6.90125,0.49750,0.99968,0.00002,0.00030,0.00000
7.00125,0.49750,0.99963,0.00003,0.00034,0.00000
7.10125,0.49750,0.99970,0.00002,0.00027,0.00000
7.20125,0.49750,0.99977,0.00001,0.00021,0.00000
7.30125,0.49750,0.99991,0.00000,0.00008,0.00001
7.40125,0.49750,0.99992,0.00000,0.00004,0.00004
7.50125,0.49750,0.99953,0.00000,0.00001,0.00045
7.60125,0.49750,0.99318,0.00000,0.00001,0.00681
7.70125,0.49750,0.97966,0.00000,0.00002,0.02032
7.80125,0.49750,0.98706,0.00002,0.00008,0.01285
7.90125,0.49750,0.98829,0.00004,0.00013,0.01153
8.00125,0.49750,0.99508,0.00008,0.00041,0.00443
8.10125,0.49750,0.99941,0.00001,0.00021,0.00037
8.20125,0.49750,0.99986,0.00000,0.00012,0.00003
8.30125,0.49750,0.99968,0.00001,0.00029,0.00001
8.40125,0.49750,0.99929,0.00005,0.00066,0.00000
8.50125,0.49750,0.99862,0.00005,0.00133,0.00000
8.60125,0.49750,0.99308,0.00086,0.00605,0.00001
8.70125,0.49750,0.97676,0.00948,0.01375,0.00001
8.80125,0.49750,0.99470,0.00011,0.00516,0.00003
8.90125,0.49750,0.99538,0.00005,0.00455,0.00002
9.00125,0.49750,0.99324,0.00037,0.00638,0.00001
9.10125,0.49750,0.99455,0.00030,0.00515,0.00000
9.20125,0.49750,0.99726,0.00004,0.00269,0.00001
9.30125,0.49750,0.99729,0.00003,0.00266,0.00001
9.40125,0.49750,0.99929,0.00000,0.00070,0.00001
9.50125,0.49750,0.99988,0.00000,0.00009,0.00003
9.60125,0.49750,0.99946,0.00000,0.00049,0.00005
9.70125,0.49750,0.99769,0.00002,0.00228,0.00001
9.80125,0.49750,0.99729,0.00012,0.00259,0.00000
9.90125,0.49750,0.98695,0.00074,0.01231,0.00000
10.00125,0.49750,0.98579,0.00309,0.01112,0.00000
10.10125,0.49750,0.99784,0.00012,0.00205,0.00000
10.20125,0.49750,0.99782,0.00019,0.00198,0.00001
10.30125,0.49750,0.99509,0.00068,0.00423,0.00000
10.40125,0.49750,0.99389,0.00301,0.00305,0.00004
10.50125,0.49750,0.98779,0.00236,0.00958,0.00026
10.60125,0.49750,0.97445,0.01191,0.01294,0.00069
10.70125,0.49750,0.98086,0.00636,0.00661,0.00617
10.80125,0.49750,0.94909,0.03014,0.01322,0.00754
10.90125,0.49750,0.96524,0.01806,0.00850,0.00820
11.00125,0.49750,0.97343,0.01140,0.00927,0.00590
11.10125,0.49750,0.97948,0.01045,0.00903,0.00104
11.20125,0.49750,0.98467,0.00778,0.00743,0.00012
11.30125,0.49750,0.99844,0.00019,0.00101,0.00036
11.40125,0.49750,0.99811,0.00012,0.00150,0.00026
11.50125,0.49750,0.99820,0.00015,0.00159,0.00005
11.60125,0.49750,0.99611,0.00031,0.00357,0.00002
11.70125,0.49750,0.99722,0.00006,0.00270,0.00002
11.80125,0.49750,0.99426,0.00006,0.00565,0.00003
11.90125,0.49750,0.98686,0.00020,0.01293,0.00001
12.00125,0.49750,0.98707,0.00015,0.01273,0.00006
12.10125,0.49750,0.99358,0.00006,0.00630,0.00006
12.20125,0.49750,0.97990,0.00005,0.02001,0.00004
12.30125,0.49750,0.95173,0.00008,0.04812,0.00007
12.40125,0.49750,0.88015,0.00253,0.11728,0.00005
12.50125,0.49750,0.93038,0.00924,0.06037,0.00002
12.60125,0.49750,0.74155,0.04755,0.21089,0.00001
12.70125,0.49750,0.33948,0.51303,0.14749,0.00000
12.80125,0.49750,0.11651,0.85997,0.02352,0.00000
12.90125,0.49750,0.51158,0.47495,0.01345,0.00001
13.00125,0.49750,0.12100,0.84875,0.03024,0.00000
13.10125,0.49750,0.51546,0.47280,0.01169,0.00004
13.20125,0.49750,0.62706,0.36373,0.00887,0.00034
13.30125,0.49750,0.55459,0.43711,0.00799,0.00031
13.40125,0.49750,0.93781,0.05647,0.00528,0.00044
13.50125,0.49750,0.96207,0.03675,0.00030,0.00088
13.60125,0.49750,0.94181,0.05637,0.00043,0.00139
13.70125,0.49750,0.98447,0.01320,0.00011,0.00222
13.80125,0.49750,0.98941,0.00602,0.00016,0.00441
13.90125,0.49750,0.97005,0.01895,0.00047,0.01053
14.00125,0.49750,0.99066,0.00144,0.00082,0.00708
14.10125,0.49750,0.98882,0.00474,0.00392,0.00252
14.20125,0.49750,0.96579,0.02024,0.01385,0.00012
14.30125,0.49750,0.98564,0.00527,0.00903,0.00007
14.40125,0.49750,0.97028,0.00576,0.02388,0.00008
14.50125,0.49750,0.99327,0.00061,0.00611,0.00001
14.60125,0.49750,0.99861,0.00007,0.00132,0.00000
14.70125,0.49750,0.99985,0.00000,0.00015,0.00000
14.80125,0.49750,0.99995,0.00000,0.00005,0.00000
14.90125,0.49750,0.99999,0.00000,0.00001,0.00000
15.00125,0.49750,0.99999,0.00000,0.00001,0.00000
15.10125,0.49750,1.00000,0.00000,0.00000,0.00000
15.20125,0.49750,1.00000,0.00000,0.00000,0.00000
15.30125,0.49750,0.99999,0.00000,0.00000,0.00001
15.40125,0.49750,0.99998,0.00000,0.00000,0.00002
15.50125,0.49750,0.99998,0.00000,0.00001,0.00002
15.60125,0.49750,0.99998,0.00000,0.00001,0.00001
15.70125,0.49750,0.99998,0.00000,0.00002,0.00000
15.80125,0.49750,0.99997,0.00000,0.00003,0.00000
15.90125,0.49750,0.99998,0.00000,0.00002,0.00000
16.00125,0.49750,0.99999,0.00000,0.00001,0.00000
16.10125,0.49750,0.99999,0.00000,0.00001,0.00000
16.20125,0.49750,0.99999,0.00000,0.00001,0.00000
16.30125,0.49750,0.99999,0.00000,0.00001,0.00000
16.40125,0.49750,0.99999,0.00000,0.00001,0.00000
16.50125,0.49750,0.99997,0.00000,0.00003,0.00000
16.60125,0.49750,0.99989,0.00000,0.00011,0.00000
16.70125,0.49750,0.99990,0.00000,0.00010,0.00000
16.80125,0.49750,0.99991,0.00000,0.00007,0.00002
16.90125,0.49750,0.99981,0.00000,0.00009,0.00009
17.00125,0.49750,0.99970,0.00000,0.00008,0.00021
17.10125,0.49750,0.99960,0.00000,0.00006,0.00035
17.20125,0.49750,0.99931,0.00000,0.00008,0.00061
17.30125,0.49750,0.99903,0.00000,0.00011,0.00086
17.40125,0.49750,0.99972,0.00000,0.00006,0.00021
17.50125,0.49750,0.99991,0.00000,0.00003,0.00006
17.60125,0.49750,0.99998,0.00000,0.00001,0.00002
17.70125,0.49750,1.00000,0.00000,0.00000,0.00000
17.80125,0.49750,1.00000,0.00000,0.00000,0.00000
17.90125,0.49750,0.99999,0.00000,0.00001,0.00000
18.00125,0.49750,0.99998,0.00000,0.00002,0.00000
18.10125,0.49750,0.99997,0.00000,0.00003,0.00000
18.20125,0.49750,0.99994,0.00000,0.00006,0.00000
18.30125,0.49750,0.99986,0.00000,0.00013,0.00000
18.40125,0.49750,0.99970,0.00000,0.00012,0.00018
18.50125,0.49750,0.99823,0.00002,0.00022,0.00153
18.60125,0.49750,0.99741,0.00021,0.00070,0.00168
18.70125,0.49750,0.99792,0.00018,0.00062,0.00127
18.80125,0.49750,0.99937,0.00002,0.00031,0.00030
18.90125,0.49750,0.99962,0.00000,0.00035,0.00003
19.00125,0.49750,0.99979,0.00000,0.00020,0.00001
19.10125,0.49750,0.99983,0.00000,0.00017,0.00000
19.20125,0.49750,0.99964,0.00000,0.00036,0.00000
19.30125,0.49750,0.99886,0.00000,0.00114,0.00000
19.40125,0.49750,0.99765,0.00000,0.00235,0.00000
19.50125,0.49750,0.99736,0.00000,0.00263,0.00000
19.60125,0.49750,0.99819,0.00000,0.00180,0.00000
19.70125,0.49750,0.99780,0.00000,0.00220,0.00000
19.80125,0.49750,0.99901,0.00000,0.00099,0.00000
19.90125,0.49750,0.99968,0.00000,0.00032,0.00000
20.00125,0.49750,0.99961,0.00000,0.00039,0.00001
20.10125,0.49750,0.99815,0.00000,0.00185,0.00000
20.20125,0.49750,0.99624,0.00001,0.00375,0.00000
20.30125,0.49750,0.99374,0.00001,0.00625,0.00000
20.40125,0.49750,0.98351,0.00003,0.01646,0.00000
20.50125,0.49750,0.97848,0.00006,0.02146,0.00000
20.60125,0.49750,0.98820,0.00003,0.01177,0.00000
20.70125,0.49750,0.99013,0.00004,0.00983,0.00000
20.80125,0.49750,0.98879,0.00008,0.01113,0.00000
20.90125,0.49750,0.99243,0.00010,0.00747,0.00000
21.00125,0.49750,0.99625,0.00006,0.00368,0.00001
21.10125,0.49750,0.99847,0.00003,0.00143,0.00007
21.20125,0.49750,0.99898,0.00001,0.00080,0.00021
21.30125,0.49750,0.99875,0.00002,0.00046,0.00077
21.40125,0.49750,0.99761,0.00005,0.00029,0.00205
21.50125,0.49750,0.99433,0.00024,0.00023,0.00520
21.60125,0.49750,0.99205,0.00085,0.00025,0.00686
21.70125,0.49750,0.97931,0.00103,0.00015,0.01950
21.80125,0.49750,0.99103,0.00021,0.00008,0.00867
21.90125,0.49750,0.99841,0.00018,0.00024,0.00116
22.00125,0.49750,0.99914,0.00008,0.00030,0.00048
22.10125,0.49750,0.99905,0.00003,0.00042,0.00050
22.20125,0.49750,0.99896,0.00004,0.00095,0.00005
22.30125,0.49750,0.99764,0.00025,0.00205,0.00006
22.40125,0.49750,0.99877,0.00008,0.00100,0.00016
22.50125,0.49750,0.99914,0.00002,0.00080,0.00004
22.60125,0.49750,0.99729,0.00015,0.00255,0.00001
22.70125,0.49750,0.99861,0.00003,0.00135,0.00000
22.80125,0.49750,0.99954,0.00000,0.00046,0.00000
22.90125,0.49750,0.99965,0.00000,0.00035,0.00000
23.00125,0.49750,0.99978,0.00000,0.00022,0.00000
23.10125,0.49750,0.99998,0.00000,0.00002,0.00000
23.20125,0.49750,0.99999,0.00000,0.00001,0.00000
23.30125,0.49750,0.99998,0.00000,0.00002,0.00000
23.40125,0.49750,0.99994,0.00000,0.00006,0.00000
23.50125,0.49750,0.99989,0.00000,0.00011,0.00000
23.60125,0.49750,0.99983,0.00000,0.00017,0.00000
23.70125,0.49750,0.99984,0.00000,0.00016,0.00000
23.80125,0.49750,0.99960,0.00001,0.00037,0.00002
23.90125,0.49750,0.99954,0.00002,0.00032,0.00012
24.00125,0.49750,0.99713,0.00059,0.00217,0.00012
24.10125,0.49750,0.96477,0.02534,0.00987,0.00001
24.20125,0.49750,0.78748,0.17124,0.04128,0.00000
24.30125,0.49750,0.79926,0.10562,0.09511,0.00000
24.40125,0.49750,0.96206,0.01953,0.01841,0.00000
24.50125,0.49750,0.99870,0.00040,0.00084,0.00006
24.60125,0.49750,0.99961,0.00000,0.00016,0.00023
24.70125,0.49750,0.99945,0.00000,0.00001,0.00054
24.80125,0.49750,0.99962,0.00000,0.00000,0.00037
24.90125,0.49750,0.99984,0.00000,0.00000,0.00016
25.00125,0.49750,0.99994,0.00000,0.00002,0.00005
25.10125,0.49750,0.99982,0.00000,0.00004,0.00014
25.20125,0.49750,0.99960,0.00001,0.00027,0.00012
25.30125,0.49750,0.99822,0.00016,0.00155,0.00007
25.40125,0.49750,0.99833,0.00012,0.00149,0.00006
25.50125,0.49750,0.99925,0.00001,0.00067,0.00007
25.60125,0.49750,0.99830,0.00003,0.00165,0.00001
25.70125,0.49750,0.99272,0.00043,0.00684,0.00001
25.80125,0.49750,0.96853,0.00177,0.02970,0.00000
25.90125,0.49750,0.98021,0.00091,0.01888,0.00000
26.00125,0.49750,0.97810,0.00333,0.01856,0.00001
26.10125,0.49750,0.98894,0.00430,0.00665,0.00012
26.20125,0.49750,0.99711,0.00026,0.00060,0.00203
26.30125,0.49750,0.97645,0.00006,0.00009,0.02339
26.40125,0.49750,0.98307,0.00035,0.00023,0.01635
26.50125,0.49750,0.99757,0.00014,0.00030,0.00200
26.60125,0.49750,0.99926,0.00004,0.00059,0.00011
26.70125,0.49750,0.99631,0.00016,0.00352,0.00001
26.80125,0.49750,0.98455,0.00067,0.01478,0.00000
26.90125,0.49750,0.93980,0.00170,0.05850,0.00000
27.00125,0.49750,0.92170,0.00339,0.07491,0.00000
27.10125,0.49750,0.97215,0.00281,0.02503,0.00001
27.20125,0.49750,0.99469,0.00066,0.00453,0.00012
27.30125,0.49750,0.99810,0.00013,0.00111,0.00066
27.40125,0.49750,0.99781,0.00007,0.00045,0.00167
27.50125,0.49750,0.99877,0.00008,0.00062,0.00052
27.60125,0.49750,0.99891,0.00004,0.00096,0.00009
27.70125,0.49750,0.99866,0.00002,0.00131,0.00002
27.80125,0.49750,0.99883,0.00001,0.00116,0.00001
27.90125,0.49750,0.99929,0.00000,0.00070,0.00001
28.00125,0.49750,0.99948,0.00000,0.00051,0.00001
28.10125,0.49750,0.99952,0.00000,0.00048,0.00001
28.20125,0.49750,0.99956,0.00000,0.00043,0.00000
28.30125,0.49750,0.99958,0.00000,0.00042,0.00000
28.40125,0.49750,0.99961,0.00000,0.00038,0.00001
28.50125,0.49750,0.99964,0.00000,0.00036,0.00001
28.60125,0.49750,0.99964,0.00000,0.00035,0.00001
28.70125,0.49750,0.99965,0.00000,0.00035,0.00001
28.80125,0.49750,0.99966,0.00000,0.00033,0.00001
28.90125,0.49750,0.99968,0.00000,0.00031,0.00001
29.00125,0.49750,0.99973,0.00000,0.00026,0.00001
29.10125,0.49750,0.99979,0.00000,0.00021,0.00000
29.20125,0.49750,0.99985,0.00000,0.00015,0.00000
29.30125,0.49750,0.99989,0.00000,0.00011,0.00000
29.40125,0.49750,0.99992,0.00000,0.00008,0.00000
29.50125,0.49750,0.99992,0.00000,0.00008,0.00000
29.60125,0.49750,0.99992,0.00000,0.00008,0.00000
29.70125,0.49750,0.99990,0.00000,0.00010,0.00000
29.80125,0.49750,0.99989,0.00000,0.00011,0.00000
29.90125,0.49750,0.99986,0.00000,0.00014,0.00000
30.00125,0.49750,0.99983,0.00000,0.00017,0.00000
30.10125,0.49750,0.99985,0.00000,0.00013,0.00002
30.20125,0.49750,0.99981,0.00000,0.00016,0.00003
30.30125,0.49750,0.99921,0.00001,0.00076,0.00002
30.40125,0.49750,0.99897,0.00002,0.00100,0.00001
30.50125,0.49750,0.99813,0.00007,0.00173,0.00006
30.60125,0.49750,0.99828,0.00006,0.00165,0.00002
30.70125,0.49750,0.99636,0.00030,0.00331,0.00002
30.80125,0.49750,0.99886,0.00005,0.00104,0.00005
30.90125,0.49750,0.99938,0.00003,0.00046,0.00013
31.00125,0.49750,0.99978,0.00000,0.00018,0.00004
31.10125,0.49750,0.99900,0.00010,0.00082,0.00008
31.20125,0.49750,0.99719,0.00031,0.00246,0.00003
31.30125,0.49750,0.99845,0.00009,0.00144,0.00003
31.40125,0.49750,0.99908,0.00003,0.00088,0.00001
31.50125,0.49750,0.99860,0.00011,0.00123,0.00007
31.60125,0.49750,0.99954,0.00001,0.00027,0.00018
31.70125,0.49750,0.99959,0.00000,0.00003,0.00038
31.80125,0.49750,0.99977,0.00000,0.00015,0.00008
31.90125,0.49750,0.99741,0.00012,0.00246,0.00001
32.00125,0.49750,0.99810,0.00002,0.00187,0.00000
32.10125,0.49750,0.99907,0.00000,0.00093,0.00000
32.20125,0.49750,0.99958,0.00000,0.00042,0.00000
32.30125,0.49750,0.99985,0.00000,0.00015,0.00000
32.40125,0.49750,0.99998,0.00000,0.00002,0.00000
32.50125,0.49750,0.99996,0.00000,0.00004,0.00000
32.60125,0.49750,0.99983,0.00001,0.00012,0.00004
32.70125,0.49750,0.99816,0.00002,0.00020,0.00162
32.80125,0.49750,0.99800,0.00004,0.00033,0.00163
32.90125,0.49750,0.99846,0.00010,0.00132,0.00011
33.00125,0.49750,0.99893,0.00002,0.00104,0.00002
33.10125,0.49750,0.99916,0.00000,0.00084,0.00000
33.20125,0.49750,0.99739,0.00001,0.00260,0.00000
33.30125,0.49750,0.99873,0.00000,0.00126,0.00000
33.40125,0.49750,0.99960,0.00000,0.00037,0.00003
33.50125,0.49750,0.99922,0.00001,0.00072,0.00005
33.60125,0.49750,0.99861,0.00003,0.00131,0.00005
33.70125,0.49750,0.99888,0.00002,0.00106,0.00005
33.80125,0.49750,0.99816,0.00003,0.00180,0.00002
33.90125,0.49750,0.99781,0.00002,0.00217,0.00000
34.00125,0.49750,0.99881,0.00000,0.00118,0.00000
34.10125,0.49750,0.99776,0.00001,0.00223,0.00000
34.20125,0.49750,0.99109,0.00004,0.00887,0.00000
34.30125,0.49750,0.99656,0.00003,0.00341,0.00000
34.40125,0.49750,0.99768,0.00007,0.00223,0.00002
34.50125,0.49750,0.99592,0.00042,0.00359,0.00008
34.60125,0.49750,0.99752,0.00023,0.00103,0.00123
34.70125,0.49750,0.99529,0.00003,0.00020,0.00448
34.80125,0.49750,0.99890,0.00003,0.00040,0.00067
34.90125,0.49750,0.99947,0.00001,0.00045,0.00008
35.00125,0.49750,0.99972,0.00000,0.00027,0.00001
35.10125,0.49750,0.99970,0.00000,0.00030,0.00000
35.20125,0.49750,0.99980,0.00000,0.00020,0.00000
35.30125,0.49750,0.99993,0.00000,0.00007,0.00000
35.40125,0.49750,0.99994,0.00000,0.00006,0.00000
35.50125,0.49750,0.99991,0.00000,0.00009,0.00000
35.60125,0.49750,0.99991,0.00000,0.00009,0.00000
35.70125,0.49750,0.99991,0.00000,0.00009,0.00000
35.80125,0.49750,0.99984,0.00000,0.00016,0.00000
35.90125,0.49750,0.99977,0.00000,0.00020,0.00004
36.00125,0.49750,0.99946,0.00000,0.00013,0.00041
36.10125,0.49750,0.99911,0.00000,0.00018,0.00071
36.20125,0.49750,0.99928,0.00001,0.00029,0.00042
36.30125,0.49750,0.99954,0.00000,0.00036,0.00009
36.40125,0.49750,0.99947,0.00000,0.00051,0.00001
36.50125,0.49750,0.99929,0.00000,0.00071,0.00000
36.60125,0.49750,0.99947,0.00000,0.00053,0.00000
36.70125,0.49750,0.99962,0.00000,0.00038,0.00000
36.80125,0.49750,0.99971,0.00000,0.00028,0.00001
36.90125,0.49750,0.99975,0.00000,0.00024,0.00001
37.00125,0.49750,0.99976,0.00000,0.00023,0.00002
37.10125,0.49750,0.99973,0.00000,0.00026,0.00001
37.20125,0.49750,0.99972,0.00000,0.00027,0.00001
37.30125,0.49750,0.99971,0.00000,0.00028,0.00001
37.40125,0.49750,0.99971,0.00000,0.00028,0.00001
37.50125,0.49750,0.99973,0.00000,0.00027,0.00001
37.60125,0.49750,0.99975,0.00000,0.00024,0.00001
37.70125,0.49750,0.99975,0.00000,0.00024,0.00001
37.80125,0.49750,0.99975,0.00000,0.00024,0.00001
37.90125,0.49750,0.99976,0.00000,0.00023,0.00001
38.00125,0.49750,0.99976,0.00000,0.00023,0.00001
38.10125,0.49750,0.99976,0.00000,0.00023,0.00001
38.20125,0.49750,0.99978,0.00000,0.00022,0.00001
38.30125,0.49750,0.99978,0.00000,0.00021,0.00001
38.40125,0.49750,0.99978,0.00000,0.00021,0.00001
38.50125,0.49750,0.99977,0.00000,0.00022,0.00001
38.60125,0.49750,0.99977,0.00000,0.00022,0.00001
38.70125,0.49750,0.99977,0.00000,0.00022,0.00001
38.80125,0.49750,0.99977,0.00000,0.00022,0.00001
38.90125,0.49750,0.99977,0.00000,0.00023,0.00001
39.00125,0.49750,0.99978,0.00000,0.00021,0.00001
39.10125,0.49750,0.99978,0.00000,0.00021,0.00001
39.20125,0.49750,0.99979,0.00000,0.00020,0.00001
39.30125,0.49750,0.99978,0.00000,0.00021,0.00001
39.40125,0.49750,0.99979,0.00000,0.00020,0.00001
39.50125,0.49750,0.99978,0.00000,0.00021,0.00001
39.60125,0.49750,0.99978,0.00000,0.00020,0.00001
39.70125,0.49750,0.99978,0.00000,0.00021,0.00001
39.80125,0.49750,0.99978,0.00000,0.00021,0.00001
39.90125,0.49750,0.99978,0.00000,0.00021,0.00001
40.00125,0.49750,0.99979,0.00000,0.00020,0.00001
40.10125,0.49750,0.99979,0.00000,0.00020,0.00001
40.20125,0.49750,0.99979,0.00000,0.00020,0.00001
40.30125,0.49750,0.99979,0.00000,0.00020,0.00001
40.40125,0.49750,0.99979,0.00000,0.00020,0.00001
40.50125,0.49750,0.99979,0.00000,0.00020,0.00001
40.60125,0.49750,0.99978,0.00000,0.00021,0.00001
40.70125,0.49750,0.99978,0.00000,0.00021,0.00001
40.80125,0.49750,0.99978,0.00000,0.00021,0.00001
40.90125,0.49750,0.99978,0.00000,0.00021,0.00001
41.00125,0.49750,0.99978,0.00000,0.00021,0.00001
41.10125,0.49750,0.99979,0.00000,0.00020,0.00001
41.20125,0.49750,0.99978,0.00000,0.00021,0.00001
41.30125,0.49750,0.99979,0.00000,0.00020,0.00001
41.40125,0.49750,0.99979,0.00000,0.00020,0.00001
41.50125,0.49750,0.99978,0.00000,0.00021,0.00001
41.60125,0.49750,0.99978,0.00000,0.00021,0.00001
41.70125,0.49750,0.99977,0.00000,0.00022,0.00001
41.80125,0.49750,0.99977,0.00000,0.00022,0.00001
41.90125,0.49750,0.99977,0.00000,0.00022,0.00001
42.00125,0.49750,0.99977,0.00000,0.00022,0.00001
42.10125,0.49750,0.99977,0.00000,0.00022,0.00001
42.20125,0.49750,0.99977,0.00000,0.00022,0.00001
42.30125,0.49750,0.99978,0.00000,0.00022,0.00001
42.40125,0.49750,0.99978,0.00000,0.00021,0.00001
42.50125,0.49750,0.99979,0.00000,0.00020,0.00001
42.60125,0.49750,0.99979,0.00000,0.00020,0.00001
42.70125,0.49750,0.99979,0.00000,0.00020,0.00001
42.80125,0.49750,0.99979,0.00000,0.00020,0.00001
42.90125,0.49750,0.99979,0.00000,0.00020,0.00001
43.00125,0.49750,0.99978,0.00000,0.00021,0.00001
43.10125,0.49750,0.99978,0.00000,0.00021,0.00001
43.20125,0.49750,0.99978,0.00000,0.00021,0.00001
43.30125,0.49750,0.99978,0.00000,0.00021,0.00001
43.40125,0.49750,0.99978,0.00000,0.00021,0.00001
43.50125,0.49750,0.99978,0.00000,0.00021,0.00001
43.60125,0.49750,0.99979,0.00000,0.00020,0.00001
43.70125,0.49750,0.99980,0.00000,0.00019,0.00001
43.80125,0.49750,0.99981,0.00000,0.00018,0.00001
43.90125,0.49750,0.99982,0.00000,0.00018,0.00001
44.00125,0.49750,0.99982,0.00000,0.00017,0.00001
44.10125,0.49750,0.99982,0.00000,0.00017,0.00001
44.20125,0.49750,0.99982,0.00000,0.00017,0.00001
44.30125,0.49750,0.99983,0.00000,0.00016,0.00001
44.40125,0.49750,0.99984,0.00000,0.00015,0.00001
44.50125,0.49750,0.99985,0.00000,0.00014,0.00001
44.60125,0.49750,0.99987,0.00000,0.00011,0.00001
44.70125,0.49750,0.99989,0.00000,0.00010,0.00001
44.80125,0.49750,0.99991,0.00000,0.00008,0.00001
44.90125,0.49750,0.99992,0.00000,0.00007,0.00001
45.00125,0.49750,0.99994,0.00000,0.00006,0.00001
45.10125,0.49750,0.99995,0.00000,0.00005,0.00000
45.20125,0.49750,0.99997,0.00000,0.00003,0.00000
45.30125,0.49750,0.99998,0.00000,0.00001,0.00000
45.40125,0.49750,0.99999,0.00000,0.00001,0.00000
45.50125,0.49750,0.99997,0.00000,0.00003,0.00000
45.60125,0.49750,0.99989,0.00000,0.00010,0.00000
45.70125,0.49750,0.99982,0.00000,0.00017,0.00000
45.80125,0.49750,0.99908,0.00001,0.00089,0.00002
45.90125,0.49750,0.99772,0.00002,0.00225,0.00001
46.00125,0.49750,0.99773,0.00001,0.00225,0.00001
46.10125,0.49750,0.99871,0.00000,0.00128,0.00000
46.20125,0.49750,0.99798,0.00001,0.00202,0.00000
46.30125,0.49750,0.99926,0.00000,0.00074,0.00000
46.40125,0.49750,0.99956,0.00000,0.00044,0.00000
46.50125,0.49750,0.99972,0.00000,0.00028,0.00000
46.60125,0.49750,0.99959,0.00000,0.00041,0.00000
46.70125,0.49750,0.99948,0.00000,0.00052,0.00000
46.80125,0.49750,0.99888,0.00000,0.00112,0.00000
46.90125,0.49750,0.99715,0.00000,0.00285,0.00000
47.00125,0.49750,0.99749,0.00000,0.00250,0.00000
47.10125,0.49750,0.99693,0.00001,0.00304,0.00002
47.20125,0.49750,0.99578,0.00002,0.00410,0.00010
47.30125,0.49750,0.99397,0.00005,0.00513,0.00086
47.40125,0.49750,0.99074,0.00007,0.00498,0.00421
47.50125,0.49750,0.98695,0.00007,0.00344,0.00954
47.60125,0.49750,0.98019,0.00004,0.00109,0.01868
47.70125,0.49750,0.98553,0.00003,0.00060,0.01384
47.80125,0.49750,0.99659,0.00002,0.00049,0.00290
47.90125,0.49750,0.99908,0.00001,0.00052,0.00039
48.00125,0.49750,0.99903,0.00001,0.00092,0.00004
48.10125,0.49750,0.99880,0.00000,0.00119,0.00000
48.20125,0.49750,0.99921,0.00000,0.00079,0.00000
48.30125,0.49750,0.99957,0.00000,0.00043,0.00000
48.40125,0.49750,0.99971,0.00000,0.00029,0.00000
48.50125,0.49750,0.99987,0.00000,0.00013,0.00000
48.60125,0.49750,0.99984,0.00000,0.00015,0.00000
48.70125,0.49750,0.99982,0.00000,0.00018,0.00000
48.80125,0.49750,0.99978,0.00000,0.00016,0.00006
48.90125,0.49750,0.99957,0.00000,0.00010,0.00032
49.00125,0.49750,0.99954,0.00000,0.00007,0.00039
49.10125,0.49750,0.99978,0.00000,0.00004,0.00018
49.20125,0.49750,0.99987,0.00000,0.00009,0.00004
49.30125,0.49750,0.99986,0.00000,0.00014,0.00000
49.40125,0.49750,0.99980,0.00000,0.00020,0.00000
49.50125,0.49750,0.99960,0.00000,0.00040,0.00000
49.60125,0.49750,0.99937,0.00000,0.00062,0.00001
49.70125,0.49750,0.99947,0.00001,0.00048,0.00004
49.80125,0.49750,0.99937,0.00001,0.00057,0.00005
49.90125,0.49750,0.99868,0.00004,0.00125,0.00004
50.00125,0.49750,0.99693,0.00008,0.00298,0.00001
50.10125,0.49750,0.99652,0.00005,0.00343,0.00001
50.20125,0.49750,0.99779,0.00002,0.00218,0.00001
50.30125,0.49750,0.99808,0.00002,0.00187,0.00003
50.40125,0.49750,0.99894,0.00002,0.00086,0.00018
50.50125,0.49750,0.99888,0.00001,0.00033,0.00078
50.60125,0.49750,0.99913,0.00001,0.00026,0.00060
50.70125,0.49750,0.99912,0.00001,0.00074,0.00013
50.80125,0.49750,0.99869,0.00002,0.00124,0.00004
50.90125,0.49750,0.99836,0.00001,0.00161,0.00001
51.00125,0.49750,0.99791,0.00001,0.00207,0.00001
51.10125,0.49750,0.99740,0.00001,0.00258,0.00000
51.20125,0.49750,0.99857,0.00001,0.00142,0.00001
51.30125,0.49750,0.99888,0.00000,0.00111,0.00001
51.40125,0.49750,0.99870,0.00001,0.00128,0.00001
51.50125,0.49750,0.99765,0.00002,0.00233,0.00001
51.60125,0.49750,0.99536,0.00005,0.00458,0.00000
51.70125,0.49750,0.99401,0.00009,0.00590,0.00000
51.80125,0.49750,0.99605,0.00005,0.00389,0.00000
51.90125,0.49750,0.99488,0.00005,0.00507,0.00000
52.00125,0.49750,0.99097,0.00009,0.00894,0.00000
52.10125,0.49750,0.97696,0.00035,0.02268,0.00000
52.20125,0.49750,0.87141,0.00548,0.12310,0.00000
52.30125,0.49750,0.61267,0.09462,0.29271,0.00000
52.40125,0.49750,0.66632,0.14954,0.18414,0.00000
52.50125,0.49750,0.90663,0.05826,0.03506,0.00005
52.60125,0.49750,0.90204,0.07310,0.02474,0.00012
52.70125,0.49750,0.98299,0.01155,0.00423,0.00123
52.80125,0.49750,0.99240,0.00341,0.00265,0.00154
52.90125,0.49750,0.98210,0.01020,0.00726,0.00043
53.00125,0.49750,0.97560,0.00626,0.01813,0.00001
53.10125,0.49750,0.99704,0.00014,0.00281,0.00001
53.20125,0.49750,0.99730,0.00007,0.00261,0.00003
53.30125,0.49750,0.99421,0.00026,0.00548,0.00004
53.40125,0.49750,0.99206,0.00128,0.00663,0.00004
53.50125,0.49750,0.98720,0.00398,0.00870,0.00012
53.60125,0.49750,0.95249,0.02891,0.01847,0.00013
53.70125,0.49750,0.61654,0.33654,0.04691,0.00001
53.80125,0.49750,0.80935,0.17617,0.01444,0.00004
53.90125,0.49750,0.98358,0.01174,0.00451,0.00017
54.00125,0.49750,0.99727,0.00121,0.00131,0.00021
54.10125,0.49750,0.99971,0.00003,0.00022,0.00004
54.20125,0.49750,0.99994,0.00000,0.00004,0.00001
54.30125,0.49750,0.99997,0.00000,0.00003,0.00000
54.40125,0.49750,0.99998,0.00000,0.00002,0.00000
54.50125,0.49750,0.99996,0.00000,0.00004,0.00000
54.60125,0.49750,0.99994,0.00000,0.00006,0.00000
54.70125,0.49750,0.99988,0.00000,0.00012,0.00000
54.80125,0.49750,0.99984,0.00000,0.00013,0.00003
54.90125,0.49750,0.99955,0.00000,0.00017,0.00028
55.00125,0.49750,0.99852,0.00001,0.00017,0.00130
55.10125,0.49750,0.99913,0.00000,0.00011,0.00076
55.20125,0.49750,0.99982,0.00000,0.00005,0.00013
55.30125,0.49750,0.99994,0.00000,0.00004,0.00002
55.40125,0.49750,0.99994,0.00000,0.00006,0.00000
55.50125,0.49750,0.99987,0.00000,0.00013,0.00000
55.60125,0.49750,0.99970,0.00000,0.00030,0.00000
55.70125,0.49750,0.99960,0.00000,0.00040,0.00000
55.80125,0.49750,0.99960,0.00000,0.00040,0.00000
55.90125,0.49750,0.99976,0.00000,0.00024,0.00000
56.00125,0.49750,0.99962,0.00000,0.00037,0.00000
56.10125,0.49750,0.99929,0.00000,0.00070,0.00000
56.20125,0.49750,0.99877,0.00000,0.00122,0.00000
56.30125,0.49750,0.99590,0.00003,0.00407,0.00000
56.40125,0.49750,0.99613,0.00003,0.00384,0.00000
56.50125,0.49750,0.99900,0.00001,0.00098,0.00001
56.60125,0.49750,0.99932,0.00003,0.00054,0.00012
56.70125,0.49750,0.99816,0.00052,0.00076,0.00056
56.80125,0.49750,0.99694,0.00209,0.00067,0.00031
56.90125,0.49750,0.99670,0.00235,0.00086,0.00009
57.00125,0.49750,0.98573,0.01208,0.00218,0.00001
57.10125,0.49750,0.99614,0.00153,0.00232,0.00001
57.20125,0.49750,0.99873,0.00018,0.00106,0.00004
57.30125,0.49750,0.99860,0.00012,0.00120,0.00008
57.40125,0.49750,0.99912,0.00008,0.00054,0.00026
57.50125,0.49750,0.99792,0.00001,0.00021,0.00186
57.60125,0.49750,0.99865,0.00004,0.00047,0.00084
57.70125,0.49750,0.99236,0.00172,0.00584,0.00007
57.80125,0.49750,0.98797,0.00238,0.00959,0.00005
57.90125,0.49750,0.99044,0.00140,0.00805,0.00011
58.00125,0.49750,0.98098,0.00911,0.00978,0.00013
58.10125,0.49750,0.98883,0.00724,0.00357,0.00036
58.20125,0.49750,0.99626,0.00020,0.00028,0.00327
58.30125,0.49750,0.99252,0.00016,0.00017,0.00716
58.40125,0.49750,0.99823,0.00011,0.00025,0.00141
58.50125,0.49750,0.99945,0.00002,0.00030,0.00022
58.60125,0.49750,0.99884,0.00004,0.00108,0.00005
58.70125,0.49750,0.99097,0.00072,0.00831,0.00001
58.80125,0.49750,0.95974,0.00221,0.03805,0.00000
58.90125,0.49750,0.90214,0.00558,0.09229,0.00000
59.00125,0.49750,0.60845,0.06307,0.32847,0.00000
59.10125,0.49750,0.39454,0.13954,0.46592,0.00000
59.20125,0.49750,0.68574,0.03668,0.27756,0.00001
59.30125,0.49750,0.89883,0.01682,0.08423,0.00012
59.40125,0.49750,0.92592,0.01459,0.05930,0.00019
59.50125,0.49750,0.98459,0.00142,0.01349,0.00049
59.60125,0.49750,0.99619,0.00012,0.00225,0.00144
59.70125,0.49750,0.99759,0.00008,0.00210,0.00023
59.80125,0.49750,0.99665,0.00005,0.00328,0.00002
59.90125,0.49750,0.99796,0.00001,0.00202,0.00001
60.00125,0.49750,0.99835,0.00000,0.00164,0.00000
60.10125,0.49750,0.99673,0.00001,0.00326,0.00000
60.20125,0.49750,0.99785,0.00000,0.00214,0.00001
60.30125,0.49750,0.99855,0.00000,0.00143,0.00002
60.40125,0.49750,0.99773,0.00002,0.00213,0.00013
60.50125,0.49750,0.99733,0.00008,0.00187,0.00072
60.60125,0.49750,0.99752,0.00021,0.00060,0.00167
60.70125,0.49750,0.99531,0.00098,0.00040,0.00331
60.80125,0.49750,0.98570,0.00167,0.00025,0.01238
60.90125,0.49750,0.98246,0.00136,0.00020,0.01599
61.00125,0.49750,0.99300,0.00063,0.00021,0.00616
61.10125,0.49750,0.99802,0.00010,0.00029,0.00159
61.20125,0.49750,0.99917,0.00003,0.00055,0.00026
61.30125,0.49750,0.99878,0.00002,0.00117,0.00003
61.40125,0.49750,0.99793,0.00002,0.00204,0.00001
61.50125,0.49750,0.99780,0.00001,0.00219,0.00000
61.60125,0.49750,0.99737,0.00001,0.00261,0.00000
61.70125,0.49750,0.99550,0.00002,0.00448,0.00000
61.80125,0.49750,0.99586,0.00001,0.00413,0.00000
61.90125,0.49750,0.99697,0.00001,0.00302,0.00000
62.00125,0.49750,0.99760,0.00001,0.00239,0.00000
62.10125,0.49750,0.99829,0.00000,0.00171,0.00000
62.20125,0.49750,0.99861,0.00000,0.00139,0.00000
62.30125,0.49750,0.99793,0.00000,0.00207,0.00000
62.40125,0.49750,0.99747,0.00000,0.00252,0.00000
62.50125,0.49750,0.99694,0.00001,0.00305,0.00000
62.60125,0.49750,0.99771,0.00001,0.00227,0.00001
62.70125,0.49750,0.99899,0.00001,0.00093,0.00007
62.80125,0.49750,0.99906,0.00001,0.00051,0.00042
62.90125,0.49750,0.99858,0.00002,0.00045,0.00094
63.00125,0.49750,0.99863,0.00006,0.00096,0.00034
63.10125,0.49750,0.99775,0.00013,0.00203,0.00009
63.20125,0.49750,0.99541,0.00018,0.00439,0.00002
63.30125,0.49750,0.99241,0.00017,0.00742,0.00000
63.40125,0.49750,0.99270,0.00010,0.00720,0.00000
63.50125,0.49750,0.99533,0.00005,0.00462,0.00000
63.60125,0.49750,0.99756,0.00001,0.00241,0.00001
63.70125,0.49751,0.99807,0.00001,0.00191,0.00001
63.80125,0.49750,0.99838,0.00001,0.00160,0.00001
63.90125,0.49750,0.99860,0.00001,0.00138,0.00001
64.00125,0.49750,0.99897,0.00000,0.00101,0.00002
64.10125,0.49750,0.99904,0.00001,0.00092,0.00003
64.20125,0.49751,0.99937,0.00000,0.00049,0.00014
64.30125,0.49751,0.99926,0.00001,0.00036,0.00038
64.40125,0.49750,0.99931,0.00001,0.00039,0.00029
64.50125,0.49750,0.99918,0.00002,0.00068,0.00013
64.60125,0.49750,0.99907,0.00002,0.00086,0.00005
64.70125,0.49751,0.99921,0.00001,0.00076,0.00003
64.80125,0.49751,0.99940,0.00000,0.00058,0.00001
64.90125,0.49750,0.99974,0.00000,0.00024,0.00002
65.00125,0.49750,0.99987,0.00000,0.00012,0.00002
65.10125,0.49750,0.99981,0.00000,0.00019,0.00001
65.20125,0.49751,0.99926,0.00000,0.00074,0.00000
65.30125,0.49751,0.99848,0.00000,0.00152,0.00000
65.40125,0.49750,0.99788,0.00001,0.00211,0.00000
65.50125,0.49750,0.99775,0.00002,0.00222,0.00000
65.60125,0.49750,0.99885,0.00002,0.00110,0.00003
65.70125,0.49751,0.99922,0.00002,0.00032,0.00044
65.80125,0.49751,0.99629,0.00004,0.00021,0.00346
65.90125,0.49750,0.99893,0.00002,0.00024,0.00081
66.00125,0.49750,0.99970,0.00001,0.00022,0.00007
66.10125,0.49750,0.99958,0.00000,0.00041,0.00000
66.20125,0.49751,0.99870,0.00000,0.00130,0.00000
66.30125,0.49751,0.99692,0.00001,0.00308,0.00000
66.40125,0.49750,0.99438,0.00001,0.00561,0.00000
66.50125,0.49750,0.99440,0.00002,0.00558,0.00000
66.60125,0.49750,0.99660,0.00001,0.00339,0.00000
66.70125,0.49751,0.99855,0.00001,0.00143,0.00001
66.80125,0.49751,0.99932,0.00000,0.00061,0.00006
66.90125,0.49750,0.99960,0.00000,0.00030,0.00010
67.00125,0.49750,0.99967,0.00000,0.00025,0.00008
67.10125,0.49750,0.99989,0.00000,0.00009,0.00002
67.20125,0.49751,0.99996,0.00000,0.00003,0.00001
67.30125,0.49751,0.99997,0.00000,0.00003,0.00001
67.40125,0.49750,0.99993,0.00000,0.00007,0.00000
67.50125,0.49750,0.99992,0.00000,0.00007,0.00000
67.60125,0.49750,0.99981,0.00000,0.00018,0.00000
67.70125,0.49751,0.99963,0.00000,0.00037,0.00000
67.80125,0.49751,0.99958,0.00000,0.00041,0.00000
67.90125,0.49750,0.99976,0.00000,0.00021,0.00003
68.00125,0.49750,0.99968,0.00000,0.00020,0.00011
68.10125,0.49750,0.99962,0.00000,0.00025,0.00012
68.20125,0.49751,0.99957,0.00001,0.00037,0.00006
68.30125,0.49751,0.99976,0.00000,0.00023,0.00000
68.40125,0.49750,0.99949,0.00000,0.00050,0.00000
68.50125,0.49750,0.99823,0.00000,0.00177,0.00000
68.60125,0.49750,0.99855,0.00000,0.00145,0.00000
68.70125,0.49751,0.99900,0.00001,0.00099,0.00000
68.80125,0.49751,0.99868,0.00001,0.00128,0.00003
68.90125,0.49750,0.99905,0.00001,0.00061,0.00033
69.00125,0.49750,0.99726,0.00001,0.00021,0.00252
69.10125,0.49750,0.99728,0.00001,0.00022,0.00249
69.20125,0.49751,0.99871,0.00001,0.00046,0.00081
69.30125,0.49751,0.99905,0.00001,0.00068,0.00025
69.40125,0.49750,0.99890,0.00001,0.00102,0.00007
69.50125,0.49750,0.99837,0.00001,0.00161,0.00002
69.60125,0.49750,0.99792,0.00001,0.00206,0.00001
69.70125,0.49751,0.99811,0.00000,0.00188,0.00000
69.80125,0.49751,0.99834,0.00000,0.00165,0.00000
69.90125,0.49750,0.99871,0.00000,0.00128,0.00000
70.00125,0.49750,0.99896,0.00000,0.00103,0.00001
70.10125,0.49750,0.99906,0.00000,0.00093,0.00001
70.20125,0.49751,0.99919,0.00000,0.00080,0.00001
70.30125,0.49751,0.99937,0.00000,0.00062,0.00001
70.40125,0.49750,0.99944,0.00000,0.00054,0.00001
70.50125,0.49750,0.99944,0.00000,0.00055,0.00001
70.60125,0.49750,0.99950,0.00000,0.00050,0.00001
70.70125,0.49751,0.99954,0.00000,0.00045,0.00001
70.80125,0.49751,0.99952,0.00000,0.00047,0.00001
70.90125,0.49750,0.99950,0.00000,0.00050,0.00001
71.00125,0.49750,0.99949,0.00000,0.00050,0.00000
71.10125,0.49750,0.99924,0.00000,0.00075,0.00000
71.20125,0.49751,0.99870,0.00000,0.00130,0.00000
71.30125,0.49751,0.99812,0.00000,0.00187,0.00000
71.40125,0.49750,0.99780,0.00001,0.00219,0.00000
71.50125,0.49750,0.99736,0.00001,0.00262,0.00000
71.60125,0.49750,0.99533,0.00004,0.00463,0.00000
71.70125,0.49751,0.97395,0.00087,0.02518,0.00000
71.80125,0.49751,0.93541,0.00348,0.06112,0.00000
71.90125,0.49750,0.97091,0.00106,0.02803,0.00000
72.00125,0.49750,0.97681,0.00059,0.02259,0.00000
72.10125,0.49750,0.98616,0.00022,0.01359,0.00003
72.20125,0.49751,0.99818,0.00001,0.00155,0.00027
72.30125,0.49751,0.99796,0.00000,0.00104,0.00100
72.40125,0.49750,0.99164,0.00003,0.00781,0.00052
72.50125,0.49750,0.98451,0.00007,0.01513,0.00029
72.60125,0.49750,0.99164,0.00006,0.00803,0.00027
72.70125,0.49751,0.98858,0.00012,0.01117,0.00013
72.80125,0.49751,0.99367,0.00012,0.00603,0.00017
72.90125,0.49750,0.99833,0.00004,0.00093,0.00070
73.00125,0.49750,0.99921,0.00001,0.00025,0.00053
73.10125,0.49750,0.99939,0.00001,0.00045,0.00014
73.20125,0.49751,0.99931,0.00001,0.00058,0.00011
73.30125,0.49751,0.99927,0.00001,0.00061,0.00012
73.40125,0.49750,0.99883,0.00001,0.00109,0.00008
73.50125,0.49750,0.99855,0.00002,0.00114,0.00029
73.60125,0.49750,0.99882,0.00001,0.00031,0.00087
73.70125,0.49751,0.99797,0.00001,0.00017,0.00185
73.80125,0.49751,0.99829,0.00001,0.00012,0.00157
73.90125,0.49750,0.99949,0.00000,0.00005,0.00045
74.00125,0.49750,0.99987,0.00000,0.00008,0.00006
74.10125,0.49750,0.99978,0.00000,0.00016,0.00006
74.20125,0.49751,0.99935,0.00000,0.00063,0.00001
74.30125,0.49751,0.99693,0.00002,0.00305,0.00000
74.40125,0.49750,0.99295,0.00004,0.00701,0.00000
74.50125,0.49750,0.99470,0.00006,0.00523,0.00000
74.60125,0.49750,0.99530,0.00011,0.00459,0.00000
74.70125,0.49751,0.99837,0.00006,0.00157,0.00000
74.80125,0.49751,0.99961,0.00001,0.00036,0.00002
74.90125,0.49750,0.99975,0.00001,0.00020,0.00004
75.00125,0.49750,0.99978,0.00000,0.00020,0.00002
75.10125,0.49750,0.99986,0.00000,0.00012,0.00002
75.20125,0.49751,0.99989,0.00000,0.00010,0.00001
75.30125,0.49751,0.99987,0.00000,0.00013,0.00000
75.40125,0.49750,0.99991,0.00000,0.00009,0.00000
75.50125,0.49750,0.99996,0.00000,0.00004,0.00000
75.60125,0.49750,0.99998,0.00000,0.00002,0.00000
75.70125,0.49751,0.99999,0.00000,0.00001,0.00000
75.80125,0.49751,0.99999,0.00000,0.00001,0.00000
75.90125,0.49750,0.99996,0.00000,0.00004,0.00000
76.00125,0.49750,0.99984,0.00000,0.00013,0.00003
76.10125,0.49750,0.99943,0.00001,0.00037,0.00019
76.20125,0.49751,0.99920,0.00001,0.00068,0.00011
76.30125,0.49751,0.99917,0.00001,0.00081,0.00002
76.40125,0.49750,0.99882,0.00000,0.00118,0.00000
76.50125,0.49750,0.99909,0.00000,0.00090,0.00000
76.60125,0.49750,0.99927,0.00000,0.00073,0.00000
76.70125,0.49751,0.99954,0.00000,0.00045,0.00000
76.80125,0.49751,0.99949,0.00000,0.00051,0.00001
76.90125,0.49750,0.99943,0.00000,0.00056,0.00001
77.00125,0.49750,0.99936,0.00000,0.00063,0.00001
77.10125,0.49750,0.99937,0.00000,0.00062,0.00001
77.20125,0.49751,0.99937,0.00000,0.00062,0.00001
77.30125,0.49751,0.99924,0.00000,0.00075,0.00000
77.40125,0.49750,0.99932,0.00000,0.00067,0.00000
77.50125,0.49750,0.99927,0.00000,0.00072,0.00000
77.60125,0.49750,0.99926,0.00000,0.00073,0.00000
77.70125,0.49751,0.99927,0.00000,0.00072,0.00000
77.80125,0.49751,0.99940,0.00000,0.00059,0.00001
77.90125,0.49750,0.99938,0.00000,0.00061,0.00001
78.00125,0.49750,0.99938,0.00000,0.00062,0.00001
78.10125,0.49750,0.99940,0.00000,0.00060,0.00001
78.20125,0.49751,0.99938,0.00000,0.00062,0.00001
78.30125,0.49751,0.99938,0.00000,0.00061,0.00001
78.40125,0.49750,0.99946,0.00000,0.00053,0.00001
78.50125,0.49750,0.99946,0.00000,0.00054,0.00001
78.60125,0.49750,0.99954,0.00000,0.00046,0.00001
78.70125,0.49751,0.99946,0.00000,0.00053,0.00001
78.80125,0.49751,0.99931,0.00000,0.00068,0.00001
78.90125,0.49750,0.99896,0.00001,0.00102,0.00002
79.00125,0.49750,0.99684,0.00004,0.00311,0.00001
79.10125,0.49750,0.98950,0.00071,0.00978,0.00001
79.20125,0.49751,0.99126,0.00092,0.00781,0.00001
79.30125,0.49751,0.99215,0.00103,0.00680,0.00002
79.40125,0.49750,0.99519,0.00072,0.00408,0.00002
79.50125,0.49750,0.99659,0.00052,0.00287,0.00002
79.60125,0.49750,0.99782,0.00012,0.00205,0.00001
79.70125,0.49751,0.99767,0.00007,0.00225,0.00001
79.80125,0.49751,0.99651,0.00016,0.00332,0.00001
79.90125,0.49750,0.99724,0.00011,0.00260,0.00004
80.00125,0.49750,0.99876,0.00003,0.00092,0.00029
80.10125,0.49750,0.99883,0.00004,0.00065,0.00048
80.20125,0.49751,0.99911,0.00004,0.00063,0.00022
80.30125,0.49751,0.99928,0.00001,0.00065,0.00005
80.40125,0.49750,0.99822,0.00005,0.00172,0.00001
80.50125,0.49750,0.99805,0.00006,0.00187,0.00001
80.60125,0.49750,0.99886,0.00004,0.00106,0.00004
80.70125,0.49751,0.99919,0.00003,0.00066,0.00012
80.80125,0.49751,0.99954,0.00001,0.00037,0.00008
80.90125,0.49750,0.99962,0.00001,0.00028,0.00009
81.00125,0.49750,0.99789,0.00011,0.00199,0.00001
81.10125,0.49750,0.98187,0.00124,0.01689,0.00000
81.20125,0.49751,0.98178,0.00082,0.01740,0.00000
81.30125,0.49751,0.98313,0.00266,0.01419,0.00002
81.40125,0.49750,0.98842,0.00467,0.00678,0.00013
81.50125,0.49750,0.99732,0.00091,0.00059,0.00119
81.60125,0.49750,0.97395,0.00017,0.00007,0.02581
81.70125,0.49751,0.96695,0.00075,0.00011,0.03220
81.80125,0.49751,0.99266,0.00141,0.00025,0.00567
81.90125,0.49750,0.99878,0.00033,0.00043,0.00047
82.00125,0.49750,0.99917,0.00003,0.00075,0.00005
82.10125,0.49750,0.99838,0.00001,0.00160,0.00000
82.20125,0.49751,0.99794,0.00000,0.00206,0.00000
82.30125,0.49751,0.99859,0.00000,0.00141,0.00000
82.40125,0.49750,0.99834,0.00000,0.00166,0.00000
82.50125,0.49750,0.99746,0.00000,0.00253,0.00000
82.60125,0.49750,0.99899,0.00000,0.00101,0.00000
82.70125,0.49751,0.99947,0.00000,0.00052,0.00001
82.80125,0.49751,0.99949,0.00001,0.00043,0.00007
82.90125,0.49750,0.99888,0.00002,0.00021,0.00089
83.00125,0.49750,0.99501,0.00003,0.00014,0.00481
83.10125,0.49750,0.99618,0.00027,0.00036,0.00320
83.20125,0.49751,0.99799,0.00036,0.00067,0.00098
83.30125,0.49751,0.99857,0.00016,0.00114,0.00012
83.40125,0.49750,0.99706,0.00009,0.00284,0.00001
83.50125,0.49750,0.99525,0.00006,0.00469,0.00000
83.60125,0.49750,0.99731,0.00001,0.00268,0.00000
83.70125,0.49751,0.99895,0.00000,0.00105,0.00000
83.80125,0.49751,0.99915,0.00000,0.00085,0.00000
83.90125,0.49750,0.99779,0.00000,0.00221,0.00000
84.00125,0.49750,0.99666,0.00001,0.00333,0.00000
84.10125,0.49750,0.99154,0.00002,0.00844,0.00000
84.20125,0.49751,0.98863,0.00003,0.01134,0.00000
84.30125,0.49751,0.99766,0.00000,0.00233,0.00000
84.40125,0.49750,0.99975,0.00000,0.00025,0.00000
84.50125,0.49750,0.99982,0.00000,0.00018,0.00000
84.60125,0.49750,0.99980,0.00000,0.00020,0.00000
84.70125,0.49751,0.99957,0.00000,0.00043,0.00000
84.80125,0.49751,0.99738,0.00001,0.00261,0.00000
84.90125,0.49750,0.99335,0.00002,0.00663,0.00000
85.00125,0.49750,0.99412,0.00001,0.00587,0.00000
85.10125,0.49750,0.99439,0.00001,0.00560,0.00000
85.20125,0.49751,0.99005,0.00001,0.00994,0.00000
85.30125,0.49751,0.98779,0.00001,0.01220,0.00000
85.40125,0.49750,0.98973,0.00001,0.01026,0.00000
85.50125,0.49750,0.99042,0.00001,0.00957,0.00000
85.60125,0.49750,0.99335,0.00001,0.00663,0.00000
85.70125,0.49751,0.99525,0.00001,0.00474,0.00000
85.80125,0.49751,0.99565,0.00001,0.00434,0.00000
85.90125,0.49750,0.99638,0.00001,0.00360,0.00001
86.00125,0.49750,0.99547,0.00003,0.00450,0.00001
86.10125,0.49750,0.99734,0.00002,0.00264,0.00000
86.20125,0.49751,0.99937,0.00000,0.00062,0.00000
86.30125,0.49751,0.99974,0.00000,0.00026,0.00000
86.40125,0.49750,0.99887,0.00001,0.00113,0.00000
86.50125,0.49750,0.99799,0.00005,0.00196,0.00000
86.60125,0.49750,0.99617,0.00090,0.00291,0.00003
86.70125,0.49751,0.96718,0.02120,0.01114,0.00048
86.80125,0.49751,0.93822,0.03574,0.02570,0.00034
86.90125,0.49750,0.97423,0.02334,0.00223,0.00019
87.00125,0.49750,0.99539,0.00394,0.00021,0.00046
87.10125,0.49750,0.99784,0.00144,0.00016,0.00056
87.20125,0.49751,0.99953,0.00005,0.00003,0.00039
87.30125,0.49751,0.99892,0.00062,0.00020,0.00026
87.40125,0.49750,0.99901,0.00027,0.00069,0.00002
87.50125,0.49750,0.99924,0.00001,0.00075,0.00001
87.60125,0.49750,0.99925,0.00000,0.00075,0.00000
87.70125,0.49751,0.99708,0.00001,0.00291,0.00000
87.80125,0.49751,0.99943,0.00000,0.00056,0.00000
87.90125,0.49750,0.99982,0.00000,0.00018,0.00001
88.00125,0.49750,0.99925,0.00000,0.00074,0.00000
88.10125,0.49750,0.99936,0.00003,0.00057,0.00004
88.20125,0.49751,0.99930,0.00002,0.00027,0.00041
88.30125,0.49751,0.99936,0.00002,0.00021,0.00042
88.40125,0.49750,0.99877,0.00024,0.00048,0.00051
88.50125,0.49750,0.99609,0.00016,0.00013,0.00362
88.60125,0.49750,0.99568,0.00010,0.00021,0.00400
88.70125,0.49751,0.99929,0.00005,0.00019,0.00048
88.80125,0.49751,0.99852,0.00042,0.00102,0.00004
88.90125,0.49750,0.99222,0.00087,0.00684,0.00006
89.00125,0.49750,0.96341,0.00191,0.03464,0.00004
89.10125,0.49750,0.96515,0.00310,0.03172,0.00004
89.20125,0.49751,0.97753,0.01803,0.00392,0.00052
89.30125,0.49751,0.97489,0.00694,0.00048,0.01768
89.40125,0.49750,0.99088,0.00084,0.00007,0.00822
89.50125,0.49750,0.99787,0.00143,0.00014,0.00055
89.60125,0.49750,0.98131,0.01786,0.00079,0.00005
89.70125,0.49751,0.94256,0.02029,0.03711,0.00004
89.80125,0.49751,0.90434,0.01000,0.08563,0.00003
89.90125,0.49750,0.88246,0.04399,0.07347,0.00009
90.00125,0.49750,0.96042,0.03211,0.00424,0.00324
90.10125,0.49750,0.95651,0.00510,0.00106,0.03733
90.20125,0.49751,0.98407,0.00081,0.00015,0.01497
90.30125,0.49751,0.98976,0.00895,0.00061,0.00068
90.40125,0.49750,0.99229,0.00639,0.00129,0.00004
90.50125,0.49750,0.96450,0.00578,0.02966,0.00007
90.60125,0.49750,0.96700,0.00232,0.03064,0.00004
90.70125,0.49751,0.96739,0.01104,0.02147,0.00009
90.80125,0.49751,0.99193,0.00375,0.00122,0.00310
90.90125,0.49750,0.96161,0.00459,0.00086,0.03294
91.00125,0.49750,0.99058,0.00358,0.00029,0.00554
91.10125,0.49750,0.97474,0.01884,0.00022,0.00620
91.20125,0.49751,0.99082,0.00335,0.00095,0.00488
91.30125,0.49751,0.97273,0.00476,0.01646,0.00604
91.40125,0.49750,0.92453,0.02742,0.04637,0.00168
91.50125,0.49750,0.84157,0.08776,0.06443,0.00624
91.60125,0.49750,0.93524,0.01453,0.04401,0.00622
91.70125,0.49751,0.89863,0.04486,0.04964,0.00688
91.80125,0.49751,0.96856,0.01658,0.01322,0.00164
91.90125,0.49750,0.99362,0.00250,0.00141,0.00246
92.00125,0.49750,0.99659,0.00048,0.00099,0.00194
92.10125,0.49750,0.99666,0.00034,0.00131,0.00169
92.20125,0.49751,0.99819,0.00023,0.00043,0.00116
92.30125,0.49751,0.99577,0.00026,0.00016,0.00380
92.40125,0.49750,0.99321,0.00014,0.00040,0.00625
92.50125,0.49750,0.99820,0.00006,0.00022,0.00153
92.60125,0.49750,0.99927,0.00014,0.00026,0.00033
92.70125,0.49751,0.99901,0.00003,0.00051,0.00045
92.80125,0.49751,0.99770,0.00002,0.00150,0.00078
92.90125,0.49750,0.99422,0.00036,0.00472,0.00070
93.00125,0.49750,0.99618,0.00091,0.00226,0.00064
93.10125,0.49750,0.99121,0.00128,0.00589,0.00162
93.20125,0.49751,0.94578,0.03607,0.01756,0.00059
93.30125,0.49751,0.93258,0.05481,0.01254,0.00007
93.40125,0.49750,0.99026,0.00519,0.00449,0.00006
93.50125,0.49750,0.98076,0.00412,0.01507,0.00005
93.60125,0.49750,0.99406,0.00142,0.00448,0.00004
93.70125,0.49751,0.99935,0.00002,0.00062,0.00002
93.80125,0.49751,0.99864,0.00003,0.00132,0.00001
93.90125,0.49750,0.99533,0.00062,0.00405,0.00000
94.00125,0.49750,0.99501,0.00236,0.00262,0.00000
94.10125,0.49750,0.97657,0.00407,0.01936,0.00000
94.20125,0.49751,0.85076,0.01900,0.13023,0.00001
94.30125,0.49751,0.95084,0.00278,0.04637,0.00000
94.40125,0.49750,0.99465,0.00001,0.00534,0.00000
94.50125,0.49750,0.99014,0.00001,0.00985,0.00000
94.60125,0.49750,0.99793,0.00001,0.00206,0.00000
94.70125,0.49751,0.99959,0.00001,0.00040,0.00000
94.80125,0.49751,0.99648,0.00009,0.00344,0.00000
94.90125,0.49750,0.98364,0.00072,0.01564,0.00000
95.00125,0.49750,0.99421,0.00027,0.00550,0.00003
95.10125,0.49750,0.99522,0.00020,0.00454,0.00003
95.20125,0.49751,0.99015,0.00105,0.00879,0.00002
95.30125,0.49751,0.99793,0.00019,0.00181,0.00007
95.40125,0.49750,0.99907,0.00007,0.00068,0.00018
95.50125,0.49750,0.99812,0.00070,0.00087,0.00031
95.60125,0.49750,0.99761,0.00109,0.00057,0.00074
95.70125,0.49751,0.99764,0.00008,0.00015,0.00213
95.80125,0.49751,0.99792,0.00003,0.00017,0.00188
95.90125,0.49750,0.99852,0.00027,0.00066,0.00055
96.00125,0.49750,0.99694,0.00037,0.00262,0.00007
96.10125,0.49750,0.99208,0.00063,0.00726,0.00003
96.20125,0.49751,0.93455,0.00156,0.06382,0.00006
96.30125,0.49751,0.91189,0.00857,0.07915,0.00040
96.40125,0.49750,0.93559,0.00685,0.05621,0.00135
96.50125,0.49750,0.95607,0.00217,0.03693,0.00483
96.60125,0.49750,0.97367,0.00164,0.01337,0.01132
96.70125,0.49751,0.98824,0.00128,0.00252,0.00795
96.80125,0.49751,0.99701,0.00051,0.00086,0.00163
96.90125,0.49750,0.99868,0.00016,0.00063,0.00054
97.00125,0.49750,0.99934,0.00004,0.00044,0.00017
97.10125,0.49750,0.99960,0.00001,0.00036,0.00003
97.20125,0.49751,0.99889,0.00001,0.00110,0.00000
97.30125,0.49751,0.98829,0.00014,0.01157,0.00000
97.40125,0.49750,0.97992,0.00011,0.01996,0.00000
97.50125,0.49750,0.96237,0.00048,0.03715,0.00000
97.60125,0.49750,0.95119,0.00122,0.04759,0.00000
97.70125,0.49751,0.98631,0.00051,0.01317,0.00001
97.80125,0.49751,0.99771,0.00038,0.00181,0.00010
97.90125,0.49750,0.99833,0.00024,0.00054,0.00089
98.00125,0.49750,0.99829,0.00014,0.00049,0.00108
98.10125,0.49750,0.99371,0.00379,0.00201,0.00049
98.20125,0.49751,0.97903,0.01567,0.00512,0.00017
98.30125,0.49751,0.99010,0.00364,0.00617,0.00009
98.40125,0.49750,0.99405,0.00108,0.00482,0.00005
98.50125,0.49750,0.99514,0.00136,0.00343,0.00008
98.60125,0.49750,0.99866,0.00011,0.00115,0.00008
98.70125,0.49751,0.99968,0.00000,0.00021,0.00010
98.80125,0.49751,0.99977,0.00000,0.00021,0.00001
98.90125,0.49750,0.99965,0.00000,0.00034,0.00001
99.00125,0.49750,0.99984,0.00000,0.00016,0.00000
99.10125,0.49750,0.99992,0.00000,0.00008,0.00000
99.20125,0.49751,0.99991,0.00000,0.00009,0.00000
99.30125,0.49751,0.99998,0.00000,0.00002,0.00000
99.40125,0.49750,0.99998,0.00000,0.00002,0.00000
99.50125,0.49750,0.99996,0.00000,0.00004,0.00000
99.60125,0.49750,0.99988,0.00000,0.00012,0.00000
99.70125,0.49751,0.99934,0.00009,0.00057,0.00000
99.80125,0.49751,0.99789,0.00032,0.00179,0.00001
99.90125,0.49750,0.99824,0.00025,0.00148,0.00003
100.00125,0.49750,0.99923,0.00005,0.00072,0.00001
100.10125,0.49750,0.99974,0.00001,0.00022,0.00003
100.20125,0.49751,0.99986,0.00000,0.00004,0.00010
100.30125,0.49751,0.99986,0.00000,0.00009,0.00005
100.40125,0.49750,0.99980,0.00000,0.00017,0.00002
100.50125,0.49750,0.99988,0.00000,0.00010,0.00002
100.60125,0.49750,0.99993,0.00000,0.00006,0.00000
100.70125,0.49751,0.99986,0.00000,0.00014,0.00000
100.80125,0.49751,0.99997,0.00000,0.00003,0.00000
100.90125,0.49750,0.99998,0.00000,0.00002,0.00000
101.00125,0.49750,0.99988,0.00000,0.00012,0.00000
101.10125,0.49750,0.99980,0.00000,0.00020,0.00000
101.20125,0.49751,0.99953,0.00000,0.00047,0.00000
101.30125,0.49751,0.99900,0.00000,0.00100,0.00000
101.40125,0.49750,0.99923,0.00000,0.00076,0.00001
101.50125,0.49750,0.99955,0.00001,0.00030,0.00013
101.60125,0.49750,0.99938,0.00001,0.00019,0.00042
101.70125,0.49751,0.99959,0.00000,0.00006,0.00035
101.80125,0.49751,0.99969,0.00001,0.00017,0.00013
101.90125,0.49750,0.99981,0.00001,0.00015,0.00004
102.00125,0.49750,0.99992,0.00000,0.00007,0.00001
102.10125,0.49750,0.99993,0.00000,0.00007,0.00000
102.20125,0.49751,0.99992,0.00000,0.00008,0.00000
102.30125,0.49751,0.99999,0.00000,0.00001,0.00000
102.40125,0.49750,1.00000,0.00000,0.00000,0.00000
102.50125,0.49750,0.99999,0.00000,0.00001,0.00000
102.60125,0.49750,1.00000,0.00000,0.00000,0.00000
102.70125,0.49751,1.00000,0.00000,0.00000,0.00000
102.80125,0.49751,0.99999,0.00000,0.00001,0.00000
102.90125,0.49750,0.99998,0.00000,0.00002,0.00001
103.00125,0.49750,0.99997,0.00000,0.00003,0.00000
103.10125,0.49750,0.99993,0.00000,0.00007,0.00000
103.20125,0.49751,0.99990,0.00000,0.00009,0.00001
103.30125,0.49751,0.99978,0.00000,0.00015,0.00006
103.40125,0.49750,0.99958,0.00000,0.00027,0.00015
103.50125,0.49750,0.99949,0.00000,0.00014,0.00036
103.60125,0.49750,0.99958,0.00000,0.00006,0.00035
103.70125,0.49751,0.99972,0.00000,0.00004,0.00024
103.80125,0.49751,0.99991,0.00000,0.00006,0.00003
103.90125,0.49750,0.99988,0.00000,0.00012,0.00000
104.00125,0.49750,0.99978,0.00000,0.00022,0.00000
104.10125,0.49750,0.99979,0.00000,0.00020,0.00000
104.20125,0.49751,0.99988,0.00000,0.00012,0.00000
104.30125,0.49751,0.99996,0.00000,0.00004,0.00000
104.40125,0.49750,0.99999,0.00000,0.00001,0.00000
104.50125,0.49750,0.99999,0.00000,0.00001,0.00000
104.60125,0.49750,0.99997,0.00000,0.00003,0.00000
104.70125,0.49751,0.99993,0.00000,0.00007,0.00000
104.80125,0.49751,0.99982,0.00000,0.00018,0.00001
104.90125,0.49750,0.99964,0.00001,0.00029,0.00006
105.00125,0.49750,0.99940,0.00000,0.00013,0.00047
105.10125,0.49750,0.99961,0.00000,0.00011,0.00028
105.20125,0.49751,0.99988,0.00000,0.00005,0.00008
105.30125,0.49751,0.99997,0.00000,0.00002,0.00001
105.40125,0.49750,0.99998,0.00000,0.00002,0.00000
105.50125,0.49750,0.99998,0.00000,0.00002,0.00000
105.60125,0.49750,0.99999,0.00000,0.00001,0.00000
105.70125,0.49751,0.99999,0.00000,0.00001,0.00000
105.80125,0.49751,0.99997,0.00000,0.00003,0.00000
105.90125,0.49750,0.99977,0.00000,0.00023,0.00000
106.00125,0.49750,0.99813,0.00001,0.00186,0.00000
106.10125,0.49750,0.99794,0.00001,0.00206,0.00000
106.20125,0.49751,0.99871,0.00000,0.00128,0.00000
106.30125,0.49751,0.99920,0.00000,0.00080,0.00000
106.40125,0.49750,0.99993,0.00000,0.00007,0.00000
106.50125,0.49750,0.99997,0.00000,0.00003,0.00000
106.60125,0.49750,0.99990,0.00000,0.00007,0.00003
106.70125,0.49751,0.99988,0.00000,0.00007,0.00004
106.80125,0.49751,0.99992,0.00000,0.00003,0.00005
106.90125,0.49750,0.99991,0.00000,0.00006,0.00003
107.00125,0.49750,0.99982,0.00000,0.00018,0.00000
107.10125,0.49750,0.99969,0.00000,0.00031,0.00000
107.20125,0.49751,0.99943,0.00000,0.00057,0.00000
107.30125,0.49751,0.99877,0.00000,0.00123,0.00000
107.40125,0.49750,0.99915,0.00000,0.00084,0.00000
107.50125,0.49750,0.99971,0.00000,0.00029,0.00000
107.60125,0.49750,0.99987,0.00000,0.00012,0.00001
107.70125,0.49751,0.99966,0.00000,0.00013,0.00021
107.80125,0.49751,0.99884,0.00001,0.00015,0.00099
107.90125,0.49750,0.99887,0.00003,0.00023,0.00086
108.00125,0.49750,0.99868,0.00023,0.00089,0.00021
108.10125,0.49750,0.99763,0.00051,0.00180,0.00007
108.20125,0.49751,0.99834,0.00007,0.00157,0.00002
108.30125,0.49751,0.99779,0.00003,0.00218,0.00000
108.40125,0.49750,0.99904,0.00001,0.00095,0.00000
108.50125,0.49750,0.99961,0.00000,0.00039,0.00000
108.60125,0.49750,0.99907,0.00000,0.00092,0.00000
108.70125,0.49751,0.99553,0.00002,0.00445,0.00000
108.80125,0.49751,0.98782,0.00008,0.01210,0.00000
108.90125,0.49750,0.99053,0.00014,0.00932,0.00000
109.00125,0.49750,0.99385,0.00018,0.00596,0.00001
109.10125,0.49750,0.99623,0.00007,0.00367,0.00003
109.20125,0.49751,0.99687,0.00003,0.00302,0.00007
109.30125,0.49751,0.99755,0.00002,0.00216,0.00027
109.40125,0.49750,0.98707,0.00017,0.01242,0.00034
109.50125,0.49750,0.92962,0.00291,0.06711,0.00037
109.60125,0.49750,0.76588,0.04908,0.18464,0.00040
109.70125,0.49751,0.42336,0.31788,0.25859,0.00017
109.80125,0.49751,0.24504,0.37871,0.37611,0.00014
109.90125,0.49750,0.40875,0.11775,0.47333,0.00017
110.00125,0.49750,0.80713,0.00492,0.18779,0.00016
110.10125,0.49750,0.98390,0.00004,0.01598,0.00009
110.20125,0.49751,0.99887,0.00000,0.00109,0.00004
110.30125,0.49751,0.99986,0.00000,0.00013,0.00001
110.40125,0.49750,0.99997,0.00000,0.00003,0.00000
110.50125,0.49750,0.99998,0.00000,0.00001,0.00000
110.60125,0.49750,0.99998,0.00000,0.00002,0.00000
110.70125,0.49751,0.99998,0.00000,0.00002,0.00000
110.80125,0.49751,0.99998,0.00000,0.00002,0.00000
110.90125,0.49750,0.99997,0.00000,0.00003,0.00001
111.00125,0.49750,0.99994,0.00000,0.00004,0.00001
111.10125,0.49750,0.99993,0.00000,0.00005,0.00002
111.20125,0.49751,0.99984,0.00000,0.00012,0.00004
111.30125,0.49751,0.99972,0.00000,0.00015,0.00013
111.40125,0.49750,0.99938,0.00003,0.00010,0.00049
111.50125,0.49750,0.99837,0.00093,0.00006,0.00064
111.60125,0.49750,0.98640,0.01302,0.00003,0.00055
111.70125,0.49751,0.92866,0.07032,0.00001,0.00101
111.80125,0.49751,0.83122,0.16794,0.00000,0.00084
111.90125,0.49750,0.86354,0.13597,0.00001,0.00048
112.00125,0.49750,0.93808,0.06174,0.00007,0.00011
112.10125,0.49750,0.97195,0.02745,0.00058,0.00003
112.20125,0.49751,0.99098,0.00597,0.00300,0.00005
112.30125,0.49751,0.99398,0.00054,0.00547,0.00001
112.40125,0.49750,0.99297,0.00046,0.00656,0.00001
112.50125,0.49750,0.99900,0.00006,0.00085,0.00008
112.60125,0.49750,0.99959,0.00001,0.00016,0.00024
112.70125,0.49751,0.99992,0.00000,0.00005,0.00002
112.80125,0.49751,0.99993,0.00000,0.00002,0.00005
112.90125,0.49750,0.99994,0.00000,0.00001,0.00005
113.00125,0.49750,0.99999,0.00000,0.00000,0.00001
113.10125,0.49750,0.99999,0.00000,0.00000,0.00001
113.20125,0.49751,0.99996,0.00000,0.00001,0.00003
113.30125,0.49751,0.99988,0.00000,0.00002,0.00010
113.40125,0.49750,0.99989,0.00000,0.00007,0.00004
113.50125,0.49750,0.99973,0.00000,0.00022,0.00005
113.60125,0.49750,0.99945,0.00000,0.00052,0.00003
113.70125,0.49751,0.99794,0.00001,0.00205,0.00001
113.80125,0.49751,0.99572,0.00002,0.00426,0.00000
113.90125,0.49750,0.99821,0.00001,0.00178,0.00000
114.00125,0.49750,0.99876,0.00000,0.00124,0.00000
114.10125,0.49750,0.99905,0.00000,0.00095,0.00000
114.20125,0.49751,0.99935,0.00000,0.00065,0.00000
114.30125,0.49751,0.99917,0.00000,0.00082,0.00000
114.40125,0.49750,0.99248,0.00001,0.00751,0.00000
114.50125,0.49750,0.94505,0.00068,0.05427,0.00000
114.60125,0.49750,0.88718,0.02759,0.08523,0.00000
114.70125,0.49751,0.43360,0.54036,0.02604,0.00000
114.80125,0.49751,0.31426,0.67243,0.01331,0.00000
114.90125,0.49750,0.81787,0.17709,0.00503,0.00001
115.00125,0.49750,0.99067,0.00844,0.00088,0.00001
115.10125,0.49750,0.99954,0.00015,0.00030,0.00001
115.20125,0.49751,0.99988,0.00000,0.00011,0.00000
115.30125,0.49751,0.99998,0.00000,0.00002,0.00000
115.40125,0.49750,0.99998,0.00000,0.00001,0.00000
115.50125,0.49750,0.99999,0.00000,0.00001,0.00001
115.60125,0.49750,0.99997,0.00000,0.00000,0.00003
115.70125,0.49751,0.99977,0.00000,0.00001,0.00023
115.80125,0.49751,0.99864,0.00000,0.00002,0.00135
115.90125,0.49750,0.99153,0.00000,0.00004,0.00842
116.00125,0.49750,0.97861,0.00000,0.00005,0.02134
116.10125,0.49750,0.95550,0.00000,0.00006,0.04444
116.20125,0.49751,0.93867,0.00000,0.00004,0.06128
116.30125,0.49751,0.90569,0.00000,0.00002,0.09429
116.40125,0.49750,0.92552,0.00000,0.00001,0.07447
116.50125,0.49750,0.97227,0.00000,0.00001,0.02772
116.60125,0.49750,0.99715,0.00000,0.00001,0.00284
116.70125,0.49751,0.99941,0.00000,0.00001,0.00058
116.80125,0.49751,0.99964,0.00000,0.00001,0.00036
116.90125,0.49750,0.99901,0.00000,0.00001,0.00098
117.00125,0.49750,0.99601,0.00000,0.00003,0.00397
117.10125,0.49750,0.97253,0.00001,0.00005,0.02741
117.20125,0.49751,0.92495,0.00003,0.00005,0.07498
117.30125,0.49751,0.93868,0.00016,0.00023,0.06093
117.40125,0.49750,0.99779,0.00004,0.00022,0.00194
117.50125,0.49750,0.99948,0.00002,0.00042,0.00008
117.60125,0.49750,0.99861,0.00002,0.00136,0.00000
117.70125,0.49751,0.99884,0.00000,0.00115,0.00000
117.80125,0.49751,0.99940,0.00000,0.00060,0.00000
117.90125,0.49750,0.99541,0.00002,0.00457,0.00000
118.00125,0.49750,0.99817,0.00000,0.00182,0.00000
118.10125,0.49750,0.99976,0.00000,0.00023,0.00000
118.20125,0.49751,0.99975,0.00000,0.00025,0.00000
118.30125,0.49751,0.99976,0.00000,0.00024,0.00000
118.40125,0.49750,0.99994,0.00000,0.00006,0.00000
118.50125,0.49750,0.99991,0.00000,0.00007,0.00002
118.60125,0.49750,0.99985,0.00000,0.00012,0.00003
118.70125,0.49751,0.99987,0.00000,0.00010,0.00003
118.80125,0.49751,0.99995,0.00000,0.00004,0.00000
118.90125,0.49750,0.99995,0.00000,0.00004,0.00000
119.00125,0.49750,0.99995,0.00000,0.00005,0.00000
119.10125,0.49750,0.99997,0.00000,0.00003,0.00000
119.20125,0.49751,0.99997,0.00000,0.00003,0.00000
119.30125,0.49751,0.99997,0.00000,0.00003,0.00000
119.40125,0.49750,0.99996,0.00000,0.00004,0.00000
119.50125,0.49750,0.99997,0.00000,0.00003,0.00000
119.60125,0.49750,0.99989,0.00000,0.00009,0.00002
119.70125,0.49751,0.99963,0.00000,0.00030,0.00007
119.80125,0.49751,0.99953,0.00001,0.00038,0.00008
119.90125,0.49750,0.99953,0.00000,0.00020,0.00027
120.00125,0.49750,0.99915,0.00001,0.00032,0.00052
120.10125,0.49750,0.99884,0.00001,0.00017,0.00098
120.20125,0.49751,0.99964,0.00000,0.00008,0.00028
120.30125,0.49751,0.99991,0.00000,0.00005,0.00004
120.40125,0.49750,0.99997,0.00000,0.00002,0.00001
120.50125,0.49750,0.99999,0.00000,0.00001,0.00000
120.60125,0.49750,1.00000,0.00000,0.00000,0.00000
120.70125,0.49751,1.00000,0.00000,0.00000,0.00000
120.80125,0.49751,0.99999,0.00000,0.00000,0.00001
120.90125,0.49750,0.99998,0.00000,0.00001,0.00001
121.00125,0.49750,0.99992,0.00000,0.00007,0.00000
121.10125,0.49750,0.99980,0.00002,0.00017,0.00000
121.20125,0.49751,0.99895,0.00012,0.00092,0.00001
121.30125,0.49751,0.99834,0.00016,0.00150,0.00000
121.40125,0.49750,0.99870,0.00014,0.00116,0.00000
121.50125,0.49750,0.99956,0.00001,0.00042,0.00001
121.60125,0.49750,0.99931,0.00001,0.00058,0.00010
121.70125,0.49751,0.99961,0.00001,0.00029,0.00010
121.80125,0.49751,0.99924,0.00002,0.00047,0.00027
121.90125,0.49750,0.99967,0.00000,0.00025,0.00007
122.00125,0.49750,0.99984,0.00000,0.00016,0.00000
122.10125,0.49750,0.99993,0.00000,0.00007,0.00000
122.20125,0.49751,0.99995,0.00000,0.00005,0.00000
122.30125,0.49751,0.99997,0.00000,0.00003,0.00000
122.40125,0.49750,0.99998,0.00000,0.00002,0.00000
122.50125,0.49750,0.99982,0.00000,0.00018,0.00000
122.60125,0.49750,0.99890,0.00000,0.00109,0.00000
122.70125,0.49751,0.99871,0.00000,0.00129,0.00000
122.80125,0.49751,0.99847,0.00001,0.00153,0.00000
122.90125,0.49750,0.99879,0.00000,0.00120,0.00000
123.00125,0.49750,0.99931,0.00000,0.00069,0.00000
123.10125,0.49750,0.99756,0.00000,0.00243,0.00000
123.20125,0.49751,0.99390,0.00000,0.00608,0.00001
123.30125,0.49751,0.99328,0.00000,0.00671,0.00000
123.40125,0.49750,0.99540,0.00000,0.00460,0.00000
123.50125,0.49750,0.99911,0.00000,0.00089,0.00000
123.60125,0.49750,0.99991,0.00000,0.00009,0.00000
123.70125,0.49751,0.99990,0.00000,0.00010,0.00000
123.80125,0.49751,0.99976,0.00001,0.00023,0.00000
123.90125,0.49750,0.99876,0.00014,0.00104,0.00006
124.00125,0.49750,0.99583,0.00065,0.00267,0.00085
124.10125,0.49750,0.99299,0.00076,0.00585,0.00040
124.20125,0.49751,0.99357,0.00061,0.00548,0.00033
124.30125,0.49751,0.99772,0.00014,0.00186,0.00028
124.40125,0.49750,0.99904,0.00002,0.00071,0.00023
124.50125,0.49750,0.99822,0.00004,0.00170,0.00004
124.60125,0.49750,0.99818,0.00003,0.00177,0.00002
124.70125,0.49751,0.99796,0.00004,0.00198,0.00002
124.80125,0.49751,0.99761,0.00006,0.00231,0.00002
124.90125,0.49750,0.99659,0.00033,0.00303,0.00004
125.00125,0.49750,0.99810,0.00080,0.00049,0.00061
125.10125,0.49750,0.98910,0.00604,0.00015,0.00470
125.20125,0.49751,0.96031,0.03814,0.00041,0.00115
125.30125,0.49751,0.94024,0.05808,0.00158,0.00010
125.40125,0.49750,0.99465,0.00440,0.00090,0.00005
125.50125,0.49750,0.99909,0.00023,0.00060,0.00009
125.60125,0.49750,0.99940,0.00001,0.00054,0.00005
125.70125,0.49751,0.99981,0.00000,0.00010,0.00009
125.80125,0.49751,0.99971,0.00000,0.00002,0.00028
125.90125,0.49750,0.99989,0.00000,0.00001,0.00010
126.00125,0.49750,0.99996,0.00000,0.00003,0.00001
126.10125,0.49750,0.99991,0.00000,0.00009,0.00000
126.20125,0.49751,0.99996,0.00000,0.00004,0.00000
126.30125,0.49751,0.99997,0.00000,0.00003,0.00000
126.40125,0.49750,0.99993,0.00000,0.00007,0.00000
126.50125,0.49750,0.99996,0.00000,0.00004,0.00000
126.60125,0.49750,0.99997,0.00000,0.00003,0.00000
126.70125,0.49751,0.99992,0.00000,0.00008,0.00000
126.80125,0.49751,0.99945,0.00000,0.00054,0.00000
126.90125,0.49750,0.99952,0.00000,0.00047,0.00000
127.00125,0.49750,0.99970,0.00000,0.00030,0.00000
127.10125,0.49750,0.99987,0.00000,0.00013,0.00000
127.20125,0.49751,0.99985,0.00000,0.00015,0.00000
127.30125,0.49751,0.99995,0.00000,0.00004,0.00001
127.40125,0.49750,0.99974,0.00000,0.00003,0.00023
127.50125,0.49750,0.99926,0.00000,0.00004,0.00070
127.60125,0.49751,0.99828,0.00000,0.00009,0.00162
127.70125,0.49750,0.99959,0.00000,0.00009,0.00032
127.80125,0.49751,0.99992,0.00000,0.00006,0.00003
127.90125,0.49749,0.99998,0.00000,0.00002,0.00000
128.00125,0.49750,0.99999,0.00000,0.00001,0.00000
128.10126,0.49750,1.00000,0.00000,0.00000,0.00000
128.20125,0.49750,1.00000,0.00000,0.00000,0.00000
128.30125,0.49750,1.00000,0.00000,0.00000,0.00000
128.40125,0.49750,0.99998,0.00000,0.00002,0.00000
128.50125,0.49750,0.99993,0.00000,0.00007,0.00000
128.60126,0.49750,0.99991,0.00000,0.00008,0.00001
128.70125,0.49750,0.99957,0.00000,0.00042,0.00001
128.80125,0.49750,0.99940,0.00002,0.00057,0.00001
128.90125,0.49750,0.99960,0.00001,0.00031,0.00008
129.00125,0.49750,0.99914,0.00003,0.00079,0.00003
129.10126,0.49750,0.99506,0.00131,0.00358,0.00005
129.20125,0.49750,0.99741,0.00025,0.00219,0.00014
129.30125,0.49750,0.99739,0.00006,0.00241,0.00014
129.40125,0.49750,0.99663,0.00006,0.00329,0.00002
129.50125,0.49750,0.99703,0.00008,0.00286,0.00003
129.60126,0.49750,0.99567,0.00013,0.00419,0.00001
129.70125,0.49750,0.99736,0.00008,0.00256,0.00000
129.80125,0.49750,0.99472,0.00011,0.00517,0.00000
129.90125,0.49750,0.99904,0.00000,0.00095,0.00000
130.00125,0.49750,0.99962,0.00000,0.00038,0.00000
130.10126,0.49750,0.99974,0.00000,0.00025,0.00000
130.20125,0.49750,0.99972,0.00000,0.00023,0.00004
130.30125,0.49750,0.99978,0.00000,0.00012,0.00010
130.40125,0.49750,0.99922,0.00001,0.00021,0.00056
130.50125,0.49750,0.99913,0.00000,0.00007,0.00080
130.60126,0.49750,0.99972,0.00000,0.00017,0.00011
130.70125,0.49750,0.99883,0.00001,0.00116,0.00000
130.80125,0.49750,0.99864,0.00001,0.00136,0.00000
130.90125,0.49750,0.99904,0.00000,0.00095,0.00000
131.00125,0.49750,0.99864,0.00001,0.00135,0.00000
131.10126,0.49750,0.99943,0.00001,0.00056,0.00000
131.20125,0.49750,0.99992,0.00000,0.00008,0.00000
131.30125,0.49750,0.99987,0.00000,0.00005,0.00007
131.40125,0.49750,0.99771,0.00001,0.00014,0.00213
131.50125,0.49750,0.99810,0.00010,0.00042,0.00138
131.60126,0.49750,0.99877,0.00008,0.00047,0.00068
131.70125,0.49750,0.99915,0.00003,0.00077,0.00006
131.80125,0.49750,0.99859,0.00001,0.00139,0.00000
131.90125,0.49750,0.99910,0.00000,0.00089,0.00000
132.00125,0.49750,0.99971,0.00000,0.00029,0.00000
132.10126,0.49750,0.99987,0.00000,0.00013,0.00000
132.20125,0.49750,0.99993,0.00000,0.00007,0.00000
132.30125,0.49750,0.99997,0.00000,0.00003,0.00000
132.40125,0.49750,0.99998,0.00000,0.00002,0.00000
132.50125,0.49750,0.99995,0.00000,0.00005,0.00000
132.60126,0.49750,0.99986,0.00000,0.00014,0.00000
132.70125,0.49750,0.99986,0.00000,0.00014,0.00000
132.80125,0.49750,0.99982,0.00000,0.00018,0.00000
132.90125,0.49750,0.99968,0.00000,0.00032,0.00001
133.00125,0.49750,0.99978,0.00000,0.00017,0.00005
133.10126,0.49750,0.99956,0.00000,0.00009,0.00035
133.20125,0.49750,0.99851,0.00001,0.00016,0.00132
133.30125,0.49750,0.99701,0.00002,0.00020,0.00278
133.40125,0.49750,0.99907,0.00000,0.00015,0.00077
133.50125,0.49750,0.99971,0.00000,0.00021,0.00008
133.60126,0.49750,0.99977,0.00000,0.00022,0.00001
133.70125,0.49750,0.99988,0.00000,0.00012,0.00000
133.80125,0.49750,0.99991,0.00000,0.00009,0.00000
133.90125,0.49750,0.99985,0.00000,0.00015,0.00000
134.00125,0.49750,0.99992,0.00000,0.00008,0.00000
134.10126,0.49750,0.99995,0.00000,0.00005,0.00000
134.20125,0.49750,0.99992,0.00000,0.00007,0.00001
134.30125,0.49750,0.99966,0.00000,0.00010,0.00024
134.40125,0.49750,0.99831,0.00000,0.00006,0.00163
134.50125,0.49750,0.99905,0.00000,0.00009,0.00086
134.60126,0.49750,0.99965,0.00000,0.00024,0.00011
134.70125,0.49750,0.99940,0.00000,0.00059,0.00002
134.80125,0.49750,0.99944,0.00000,0.00056,0.00001
134.90125,0.49750,0.99958,0.00000,0.00041,0.00000
135.00125,0.49750,0.99946,0.00000,0.00054,0.00000
135.10126,0.49750,0.99967,0.00000,0.00032,0.00001
135.20125,0.49750,0.99983,0.00000,0.00016,0.00001
135.30125,0.49750,0.99981,0.00000,0.00019,0.00000
135.40125,0.49750,0.99972,0.00000,0.00027,0.00000
135.50125,0.49750,0.99984,0.00000,0.00016,0.00000
135.60126,0.49750,0.99984,0.00000,0.00016,0.00000
135.70125,0.49750,0.99982,0.00000,0.00018,0.00000
135.80125,0.49750,0.99987,0.00000,0.00013,0.00000
135.90125,0.49750,0.99985,0.00000,0.00014,0.00001
136.00125,0.49750,0.99984,0.00000,0.00015,0.00001
136.10126,0.49750,0.99989,0.00000,0.00009,0.00001
136.20125,0.49750,0.99980,0.00000,0.00019,0.00001
136.30125,0.49750,0.99970,0.00000,0.00029,0.00001
136.40125,0.49750,0.99983,0.00000,0.00016,0.00001
136.50125,0.49750,0.99981,0.00000,0.00019,0.00001
136.60126,0.49750,0.99964,0.00000,0.00035,0.00000
136.70125,0.49750,0.99983,0.00000,0.00017,0.00000
136.80125,0.49750,0.99984,0.00000,0.00016,0.00000
136.90125,0.49750,0.99975,0.00000,0.00025,0.00000
137.00125,0.49750,0.99981,0.00000,0.00019,0.00000
137.10126,0.49750,0.99985,0.00000,0.00015,0.00000
137.20125,0.49750,0.99985,0.00000,0.00015,0.00000
137.30125,0.49750,0.99990,0.00000,0.00010,0.00000
137.40125,0.49750,0.99989,0.00000,0.00010,0.00001
137.50125,0.49750,0.99978,0.00000,0.00020,0.00002
137.60126,0.49750,0.99981,0.00000,0.00017,0.00001
137.70125,0.49750,0.99990,0.00000,0.00009,0.00001
137.80125,0.49750,0.99992,0.00000,0.00007,0.00001
137.90125,0.49750,0.99995,0.00000,0.00005,0.00000
138.00125,0.49750,0.99998,0.00000,0.00002,0.00000
138.10126,0.49750,0.99999,0.00000,0.00001,0.00000
138.20125,0.49750,0.99999,0.00000,0.00001,0.00000
138.30125,0.49750,0.99998,0.00000,0.00002,0.00000
138.40125,0.49750,0.99998,0.00000,0.00002,0.00000
138.50125,0.49750,0.99998,0.00000,0.00002,0.00000
138.60126,0.49750,0.99998,0.00000,0.00002,0.00000
138.70125,0.49750,0.99999,0.00000,0.00001,0.00000
138.80125,0.49750,0.99999,0.00000,0.00001,0.00000
138.90125,0.49750,0.99998,0.00000,0.00002,0.00000
139.00125,0.49750,0.99998,0.00000,0.00002,0.00000
139.10126,0.49750,0.99996,0.00000,0.00004,0.00000
139.20125,0.49750,0.99990,0.00000,0.00010,0.00000
139.30125,0.49750,0.99978,0.00000,0.00022,0.00000
139.40125,0.49750,0.99976,0.00000,0.00021,0.00002
139.50125,0.49750,0.99946,0.00001,0.00024,0.00030
139.60126,0.49750,0.99761,0.00002,0.00024,0.00213
139.70125,0.49750,0.99914,0.00000,0.00012,0.00073
139.80125,0.49750,0.99989,0.00000,0.00002,0.00009
139.90125,0.49750,0.99999,0.00000,0.00001,0.00001
140.00125,0.49750,1.00000,0.00000,0.00000,0.00000
140.10126,0.49750,0.99999,0.00000,0.00000,0.00000
140.20125,0.49750,0.99998,0.00000,0.00002,0.00000
140.30125,0.49750,0.99986,0.00001,0.00012,0.00001
140.40125,0.49750,0.99888,0.00011,0.00099,0.00002
140.50125,0.49750,0.99625,0.00016,0.00357,0.00003
140.60126,0.49750,0.99846,0.00001,0.00152,0.00000
140.70125,0.49750,0.99928,0.00000,0.00072,0.00000
140.80125,0.49750,0.99950,0.00000,0.00050,0.00000
140.90125,0.49750,0.99987,0.00000,0.00012,0.00000
141.00125,0.49750,0.99986,0.00000,0.00014,0.00000
141.10126,0.49750,0.99969,0.00000,0.00031,0.00000
141.20125,0.49750,0.99969,0.00001,0.00030,0.00000
141.30125,0.49750,0.99978,0.00001,0.00021,0.00000
141.40125,0.49750,0.99961,0.00009,0.00030,0.00001
141.50125,0.49750,0.99823,0.00027,0.00137,0.00013
141.60126,0.49750,0.99046,0.00095,0.00453,0.00406
141.70125,0.49750,0.99391,0.00114,0.00328,0.00167
141.80125,0.49750,0.99368,0.00053,0.00302,0.00276
141.90125,0.49750,0.99210,0.00051,0.00484,0.00255
142.00125,0.49750,0.99661,0.00085,0.00178,0.00076
142.10126,0.49750,0.99800,0.00049,0.00074,0.00077
142.20125,0.49750,0.99811,0.00013,0.00119,0.00056
142.30125,0.49750,0.99912,0.00017,0.00056,0.00016
142.40125,0.49750,0.99917,0.00017,0.00061,0.00004
142.50125,0.49750,0.99763,0.00019,0.00216,0.00002
142.60126,0.49750,0.99449,0.00019,0.00532,0.00000
142.70125,0.49750,0.99489,0.00014,0.00496,0.00000
142.80125,0.49750,0.99483,0.00003,0.00514,0.00000
142.90125,0.49750,0.98973,0.00006,0.01021,0.00000
143.00125,0.49750,0.99667,0.00007,0.00326,0.00001
143.10126,0.49750,0.99908,0.00012,0.00063,0.00017
143.20125,0.49750,0.99328,0.00295,0.00355,0.00022
143.30125,0.49750,0.99380,0.00298,0.00302,0.00020
143.40125,0.49750,0.99439,0.00268,0.00292,0.00001
143.50125,0.49750,0.98939,0.00453,0.00607,0.00000
143.60126,0.49750,0.93522,0.00532,0.05945,0.00000
143.70125,0.49750,0.94954,0.00538,0.04508,0.00000
143.80125,0.49750,0.96109,0.01776,0.02111,0.00004
143.90125,0.49750,0.98573,0.01102,0.00228,0.00097
144.00125,0.49750,0.97315,0.00895,0.00186,0.01604
144.10126,0.49750,0.99546,0.00095,0.00030,0.00329
144.20125,0.49750,0.97910,0.01877,0.00188,0.00025
144.30125,0.49750,0.93182,0.05686,0.01127,0.00004
144.40125,0.49750,0.78572,0.09916,0.11507,0.00004
144.50125,0.49750,0.94125,0.01749,0.04122,0.00004
144.60126,0.49750,0.84962,0.13012,0.02012,0.00014
144.70125,0.49750,0.98307,0.01100,0.00194,0.00400
144.80125,0.49750,0.97724,0.00042,0.00018,0.02216
144.90125,0.49750,0.99712,0.00005,0.00004,0.00278
145.00125,0.49750,0.99862,0.00072,0.00051,0.00015
145.10126,0.49750,0.99805,0.00026,0.00168,0.00000
145.20125,0.49750,0.98752,0.00027,0.01221,0.00000
145.30125,0.49750,0.98099,0.00032,0.01869,0.00000
145.40125,0.49750,0.98520,0.00092,0.01386,0.00002
145.50125,0.49750,0.99798,0.00009,0.00117,0.00076
145.60126,0.49750,0.98316,0.00004,0.00034,0.01647
145.70125,0.49750,0.99889,0.00007,0.00039,0.00064
145.80125,0.49750,0.99845,0.00026,0.00124,0.00005
145.90125,0.49750,0.98945,0.00099,0.00951,0.00006
146.00125,0.49750,0.98660,0.00100,0.01235,0.00005
146.10126,0.49750,0.97578,0.00467,0.01950,0.00005
146.20125,0.49750,0.99179,0.00304,0.00231,0.00286
146.30125,0.49750,0.94105,0.00119,0.00046,0.05730
146.40125,0.49750,0.98697,0.00017,0.00008,0.01279
146.50125,0.49750,0.99811,0.00117,0.00026,0.00046
146.60126,0.49750,0.99920,0.00023,0.00052,0.00004
146.70125,0.49750,0.99902,0.00008,0.00086,0.00004
146.80125,0.49750,0.99804,0.00021,0.00173,0.00002
146.90125,0.49750,0.99796,0.00064,0.00128,0.00013
147.00125,0.49750,0.99459,0.00016,0.00036,0.00489
147.10126,0.49750,0.97586,0.00011,0.00011,0.02391
147.20125,0.49750,0.99812,0.00068,0.00033,0.00086
147.30125,0.49750,0.99776,0.00080,0.00123,0.00021
147.40125,0.49750,0.98298,0.00179,0.01495,0.00029
147.50125,0.49750,0.93726,0.00393,0.05875,0.00006
147.60126,0.49750,0.87518,0.00884,0.11594,0.00004
147.70125,0.49750,0.95113,0.00479,0.04245,0.00164
147.80125,0.49750,0.95957,0.01087,0.02611,0.00345
147.90125,0.49750,0.96955,0.02118,0.00811,0.00116
148.00125,0.49750,0.93227,0.05472,0.01190,0.00110
148.10126,0.49750,0.74591,0.16654,0.08447,0.00308
148.20125,0.49750,0.72336,0.11551,0.16051,0.00062
148.30125,0.49750,0.92096,0.05429,0.02377,0.00097
148.40125,0.49750,0.98241,0.00471,0.01031,0.00258
148.50125,0.49750,0.99081,0.00257,0.00449,0.00213
148.60126,0.49750,0.99747,0.00127,0.00111,0.00015
148.70125,0.49750,0.99854,0.00054,0.00041,0.00051
148.80125,0.49750,0.99890,0.00009,0.00089,0.00013
148.90125,0.49750,0.99933,0.00010,0.00052,0.00005
149.00125,0.49750,0.99936,0.00010,0.00049,0.00005
149.10126,0.49750,0.99946,0.00005,0.00044,0.00005
149.20125,0.49750,0.99973,0.00001,0.00023,0.00004
149.30125,0.49750,0.99954,0.00002,0.00023,0.00021
149.40125,0.49750,0.99726,0.00006,0.00267,0.00001
149.50125,0.49750,0.99679,0.00005,0.00316,0.00000
149.60126,0.49750,0.99882,0.00001,0.00117,0.00000
149.70125,0.49750,0.99850,0.00001,0.00149,0.00000
149.80125,0.49750,0.99677,0.00003,0.00320,0.00000
149.90125,0.49750,0.99942,0.00001,0.00057,0.00000
150.00125,0.49750,0.99976,0.00000,0.00021,0.00004
150.10126,0.49750,0.99977,0.00000,0.00016,0.00008
150.20125,0.49750,0.99930,0.00000,0.00014,0.00055
150.30125,0.49750,0.99839,0.00000,0.00013,0.00148
150.40125,0.49750,0.99930,0.00001,0.00037,0.00032
150.50125,0.49750,0.99882,0.00021,0.00055,0.00041
150.60126,0.49750,0.99367,0.00221,0.00361,0.00052
150.70125,0.49750,0.97535,0.00380,0.02042,0.00044
150.80125,0.49750,0.96846,0.00358,0.02795,0.00001
150.90125,0.49750,0.99108,0.00052,0.00837,0.00003
151.00125,0.49750,0.98789,0.00012,0.01198,0.00001
151.10126,0.49750,0.99490,0.00063,0.00446,0.00002
151.20125,0.49750,0.99745,0.00135,0.00117,0.00003
151.30125,0.49750,0.99120,0.00661,0.00194,0.00025
151.40125,0.49750,0.99302,0.00511,0.00177,0.00010
151.50125,0.49750,0.99536,0.00226,0.00230,0.00008
151.60126,0.49750,0.99940,0.00005,0.00055,0.00000
151.70125,0.49750,0.99980,0.00001,0.00020,0.00000
151.80125,0.49750,0.99995,0.00000,0.00005,0.00000
151.90125,0.49750,0.99993,0.00000,0.00007,0.00000
152.00125,0.49750,0.99994,0.00000,0.00006,0.00000
152.10126,0.49750,0.99988,0.00000,0.00012,0.00000
152.20125,0.49750,0.99977,0.00000,0.00020,0.00004
152.30125,0.49750,0.99951,0.00000,0.00020,0.00029
152.40125,0.49750,0.99933,0.00000,0.00010,0.00057
152.50125,0.49750,0.99962,0.00000,0.00018,0.00020
152.60126,0.49750,0.99971,0.00000,0.00028,0.00001
152.70125,0.49750,0.99979,0.00000,0.00021,0.00000
152.80125,0.49750,0.99990,0.00000,0.00010,0.00000
152.90125,0.49750,0.99997,0.00000,0.00003,0.00000
153.00125,0.49750,0.99999,0.00000,0.00001,0.00000
153.10126,0.49750,0.99998,0.00000,0.00002,0.00000
153.20125,0.49750,0.99996,0.00000,0.00004,0.00000
153.30125,0.49750,0.99981,0.00000,0.00019,0.00000
153.40125,0.49750,0.99901,0.00001,0.00097,0.00002
153.50125,0.49750,0.99581,0.00012,0.00405,0.00002
153.60126,0.49750,0.99863,0.00004,0.00126,0.00008
153.70125,0.49750,0.99788,0.00006,0.00165,0.00042
153.80125,0.49750,0.99892,0.00003,0.00099,0.00006
153.90125,0.49750,0.99459,0.00024,0.00516,0.00001
154.00125,0.49750,0.99727,0.00003,0.00269,0.00001
154.10126,0.49750,0.99863,0.00000,0.00136,0.00000
154.20125,0.49750,0.99934,0.00000,0.00065,0.00000
154.30125,0.49750,0.99968,0.00000,0.00031,0.00001
154.40125,0.49750,0.99997,0.00000,0.00002,0.00001
154.50125,0.49750,0.99998,0.00000,0.00002,0.00001
154.60126,0.49750,0.99994,0.00000,0.00005,0.00000
154.70125,0.49750,0.99982,0.00000,0.00018,0.00001
154.80125,0.49750,0.99854,0.00000,0.00143,0.00003
154.90125,0.49750,0.99705,0.00000,0.00293,0.00002
155.00125,0.49750,0.98911,0.00001,0.01057,0.00032
155.10126,0.49750,0.96933,0.00007,0.02982,0.00077
155.20125,0.49750,0.95190,0.00097,0.04703,0.00009
155.30125,0.49750,0.99007,0.00118,0.00874,0.00001
155.40125,0.49750,0.98746,0.00257,0.00994,0.00003
155.50125,0.49750,0.99555,0.00102,0.00343,0.00001
155.60126,0.49750,0.99927,0.00015,0.00057,0.00000
155.70125,0.49750,0.99991,0.00002,0.00008,0.00000
155.80125,0.49750,0.99986,0.00003,0.00011,0.00000
155.90125,0.49750,0.99890,0.00052,0.00057,0.00000
156.00125,0.49750,0.99856,0.00102,0.00042,0.00000
156.10126,0.49750,0.99910,0.00038,0.00051,0.00001
156.20125,0.49750,0.99624,0.00082,0.00271,0.00023
156.30125,0.49750,0.99649,0.00118,0.00217,0.00016
156.40125,0.49750,0.99913,0.00016,0.00042,0.00029
156.50125,0.49750,0.99958,0.00001,0.00034,0.00007
156.60126,0.49750,0.99960,0.00000,0.00040,0.00000
156.70125,0.49750,0.99989,0.00000,0.00011,0.00000
156.80125,0.49750,0.99997,0.00000,0.00003,0.00000
156.90125,0.49750,0.99996,0.00000,0.00004,0.00000
157.00125,0.49750,0.99993,0.00000,0.00007,0.00000
157.10126,0.49750,0.99993,0.00000,0.00007,0.00000
157.20125,0.49750,0.99982,0.00000,0.00017,0.00001
157.30125,0.49750,0.99920,0.00000,0.00078,0.00001
157.40125,0.49750,0.99843,0.00000,0.00157,0.00000
157.50125,0.49750,0.99797,0.00000,0.00203,0.00000
157.60126,0.49750,0.99228,0.00001,0.00771,0.00000
157.70125,0.49750,0.99031,0.00001,0.00967,0.00000
157.80125,0.49750,0.99346,0.00001,0.00653,0.00000
157.90125,0.49750,0.99515,0.00000,0.00485,0.00000
158.00125,0.49750,0.99858,0.00000,0.00142,0.00000
158.10126,0.49750,0.99816,0.00000,0.00183,0.00000
158.20125,0.49750,0.98356,0.00004,0.01640,0.00000
158.30125,0.49750,0.86916,0.00358,0.12726,0.00000
158.40125,0.49750,0.68741,0.18952,0.12307,0.00000
158.50125,0.49750,0.04111,0.94612,0.01277,0.00000
158.60126,0.49750,0.44550,0.54375,0.01075,0.00000
158.70125,0.49750,0.99032,0.00909,0.00058,0.00000
158.80125,0.49750,0.99995,0.00003,0.00002,0.00000
158.90125,0.49750,0.99999,0.00000,0.00001,0.00000
159.00125,0.49750,0.99999,0.00000,0.00001,0.00000
159.10126,0.49750,0.99994,0.00000,0.00006,0.00000
159.20125,0.49750,0.99888,0.00000,0.00112,0.00000
159.30125,0.49750,0.99351,0.00001,0.00644,0.00004
159.40125,0.49750,0.97966,0.00003,0.01992,0.00038
159.50125,0.49750,0.98447,0.00007,0.01527,0.00019
159.60126,0.49750,0.99571,0.00007,0.00419,0.00003
159.70125,0.49750,0.99559,0.00043,0.00398,0.00000
159.80125,0.49750,0.99102,0.00084,0.00814,0.00000
159.90125,0.49750,0.99434,0.00082,0.00484,0.00000
160.00125,0.49750,0.97269,0.00593,0.02137,0.00000
160.10126,0.49750,0.94383,0.00744,0.04862,0.00012
160.20125,0.49750,0.99017,0.00071,0.00838,0.00074
160.30125,0.49750,0.99429,0.00049,0.00256,0.00265
160.40125,0.49750,0.97655,0.00748,0.00871,0.00727
160.50125,0.49750,0.97865,0.01016,0.00375,0.00744
160.60126,0.49750,0.96188,0.02934,0.00817,0.00061
160.70125,0.49750,0.86666,0.08697,0.04635,0.00002
160.80125,0.49750,0.93392,0.01654,0.04953,0.00000
160.90125,0.49750,0.99252,0.00021,0.00728,0.00000
161.00125,0.49750,0.99665,0.00001,0.00335,0.00000
161.10126,0.49750,0.99937,0.00000,0.00063,0.00000
161.20125,0.49750,0.99991,0.00000,0.00009,0.00000
161.30125,0.49750,0.99997,0.00000,0.00003,0.00000
161.40125,0.49750,0.99998,0.00000,0.00002,0.00000
161.50125,0.49750,0.99998,0.00000,0.00002,0.00000
161.60126,0.49750,0.99998,0.00000,0.00002,0.00000
161.70125,0.49750,0.99999,0.00000,0.00001,0.00000
161.80125,0.49750,0.99999,0.00000,0.00001,0.00000
161.90125,0.49750,0.99998,0.00000,0.00002,0.00000
162.00125,0.49750,0.99998,0.00000,0.00002,0.00000
162.10126,0.49750,0.99997,0.00000,0.00002,0.00000
162.20125,0.49750,0.99997,0.00000,0.00003,0.00000
162.30125,0.49750,0.99995,0.00000,0.00004,0.00001
162.40125,0.49750,0.99994,0.00000,0.00005,0.00001
162.50125,0.49750,0.99992,0.00000,0.00007,0.00001
162.60126,0.49750,0.99988,0.00000,0.00010,0.00002
162.70125,0.49750,0.99986,0.00000,0.00013,0.00001
162.80125,0.49750,0.99992,0.00000,0.00008,0.00000
162.90125,0.49750,0.99995,0.00000,0.00005,0.00000
163.00125,0.49750,0.99996,0.00000,0.00004,0.00000
163.10126,0.49750,0.99995,0.00000,0.00005,0.00000
163.20125,0.49750,0.99992,0.00000,0.00008,0.00000
163.30125,0.49750,0.99990,0.00000,0.00010,0.00000
163.40125,0.49750,0.99983,0.00000,0.00017,0.00000
163.50125,0.49750,0.99976,0.00000,0.00023,0.00000
163.60126,0.49750,0.99983,0.00000,0.00016,0.00001
163.70125,0.49750,0.99974,0.00000,0.00015,0.00011
163.80125,0.49750,0.99929,0.00000,0.00016,0.00054
163.90125,0.49750,0.99950,0.00000,0.00010,0.00039
164.00125,0.49750,0.99991,0.00000,0.00005,0.00004
164.10126,0.49750,0.99998,0.00000,0.00002,0.00000
164.20125,0.49750,0.99999,0.00000,0.00001,0.00000
164.30125,0.49750,0.99999,0.00000,0.00001,0.00000
164.40125,0.49750,0.99999,0.00000,0.00001,0.00000
164.50125,0.49750,1.00000,0.00000,0.00000,0.00000
164.60126,0.49750,0.99999,0.00000,0.00001,0.00000
164.70125,0.49750,0.99999,0.00000,0.00001,0.00000
164.80125,0.49750,0.99999,0.00000,0.00001,0.00000
164.90125,0.49750,0.99998,0.00000,0.00002,0.00000
165.00125,0.49750,0.99993,0.00000,0.00006,0.00000
165.10126,0.49750,0.99993,0.00000,0.00007,0.00000
165.20125,0.49750,0.99983,0.00000,0.00016,0.00001
165.30125,0.49750,0.99973,0.00000,0.00024,0.00003
165.40125,0.49750,0.99980,0.00000,0.00014,0.00006
165.50125,0.49750,0.99986,0.00000,0.00009,0.00005
165.60126,0.49750,0.99988,0.00000,0.00010,0.00002
165.70125,0.49750,0.99991,0.00000,0.00008,0.00001
165.80125,0.49750,0.99992,0.00000,0.00008,0.00000
165.90125,0.49750,0.99995,0.00000,0.00005,0.00000
166.00125,0.49750,0.99997,0.00000,0.00003,0.00000
166.10126,0.49750,0.99978,0.00000,0.00022,0.00000
166.20125,0.49750,0.99955,0.00001,0.00044,0.00000
166.30125,0.49750,0.99932,0.00003,0.00066,0.00000
166.40125,0.49750,0.99818,0.00014,0.00168,0.00000
166.50125,0.49750,0.99585,0.00105,0.00306,0.00004
166.60126,0.49750,0.99898,0.00018,0.00053,0.00031
166.70125,0.49750,0.99852,0.00002,0.00023,0.00123
166.80125,0.49750,0.99936,0.00001,0.00018,0.00046
166.90125,0.49750,0.99956,0.00001,0.00017,0.00027
167.00125,0.49750,0.99982,0.00000,0.00013,0.00006
167.10126,0.49750,0.99993,0.00000,0.00006,0.00001
167.20125,0.49750,0.99997,0.00000,0.00003,0.00000
167.30125,0.49750,0.99999,0.00000,0.00001,0.00000
167.40125,0.49750,0.99999,0.00000,0.00001,0.00000
167.50125,0.49750,1.00000,0.00000,0.00000,0.00000
167.60126,0.49750,0.99999,0.00000,0.00001,0.00000
167.70125,0.49750,0.99999,0.00000,0.00001,0.00000
167.80125,0.49750,0.99999,0.00000,0.00001,0.00000
167.90125,0.49750,0.99999,0.00000,0.00001,0.00000
168.00125,0.49750,0.99998,0.00000,0.00001,0.00001
168.10126,0.49750,0.99998,0.00000,0.00001,0.00001
168.20125,0.49750,0.99996,0.00000,0.00004,0.00000
168.30125,0.49750,0.99979,0.00000,0.00020,0.00000
168.40125,0.49750,0.99945,0.00000,0.00055,0.00000
168.50125,0.49750,0.99906,0.00000,0.00094,0.00000
168.60126,0.49750,0.99894,0.00000,0.00105,0.00000
168.70125,0.49750,0.99957,0.00000,0.00042,0.00000
168.80125,0.49750,0.99985,0.00000,0.00014,0.00000
168.90125,0.49750,0.99996,0.00000,0.00004,0.00000
169.00125,0.49750,0.99999,0.00000,0.00001,0.00000
169.10126,0.49750,0.99999,0.00000,0.00001,0.00000
169.20125,0.49750,1.00000,0.00000,0.00000,0.00000
169.30125,0.49750,1.00000,0.00000,0.00000,0.00000
169.40125,0.49750,0.99998,0.00000,0.00002,0.00000
169.50125,0.49750,0.99967,0.00001,0.00032,0.00000
169.60126,0.49750,0.99759,0.00022,0.00219,0.00000
169.70125,0.49750,0.99463,0.00063,0.00474,0.00000
169.80125,0.49750,0.99267,0.00049,0.00683,0.00000
169.90125,0.49750,0.99845,0.00003,0.00152,0.00000
170.00125,0.49750,0.99948,0.00000,0.00051,0.00000
170.10126,0.49750,0.99955,0.00000,0.00044,0.00001
170.20125,0.49750,0.99928,0.00001,0.00071,0.00001
170.30125,0.49750,0.99951,0.00001,0.00047,0.00001
170.40125,0.49750,0.99934,0.00002,0.00052,0.00013
170.50125,0.49750,0.99865,0.00001,0.00016,0.00119
170.60126,0.49750,0.99560,0.00000,0.00008,0.00432
170.70125,0.49750,0.99633,0.00000,0.00005,0.00362
170.80125,0.49750,0.99915,0.00000,0.00006,0.00078
170.90125,0.49750,0.99990,0.00000,0.00005,0.00005
171.00125,0.49750,0.99995,0.00000,0.00005,0.00000
171.10126,0.49750,0.99996,0.00000,0.00003,0.00000
171.20125,0.49750,0.99997,0.00000,0.00003,0.00000
171.30125,0.49750,0.99998,0.00000,0.00002,0.00000
171.40125,0.49750,0.99997,0.00000,0.00002,0.00002
171.50125,0.49750,0.99989,0.00000,0.00002,0.00009
171.60126,0.49750,0.99971,0.00000,0.00005,0.00025
171.70125,0.49750,0.99893,0.00000,0.00009,0.00098
171.80125,0.49750,0.99696,0.00001,0.00014,0.00290
171.90125,0.49750,0.98836,0.00002,0.00020,0.01143
172.00125,0.49750,0.96956,0.00003,0.00020,0.03021
172.10126,0.49750,0.95704,0.00002,0.00016,0.04278
172.20125,0.49750,0.95180,0.00001,0.00015,0.04804
172.30125,0.49750,0.94234,0.00002,0.00017,0.05747
172.40125,0.49750,0.95476,0.00001,0.00016,0.04507
172.50125,0.49750,0.97652,0.00000,0.00013,0.02334
172.60126,0.49750,0.98814,0.00000,0.00011,0.01175
172.70125,0.49750,0.99637,0.00000,0.00007,0.00356
172.80125,0.49750,0.99891,0.00000,0.00005,0.00104
172.90125,0.49750,0.99964,0.00000,0.00003,0.00033
173.00125,0.49750,0.99960,0.00000,0.00004,0.00037
173.10126,0.49750,0.99906,0.00000,0.00008,0.00086
173.20125,0.49750,0.99616,0.00000,0.00016,0.00369
173.30125,0.49750,0.97877,0.00000,0.00032,0.02091
173.40125,0.49750,0.90590,0.00000,0.00036,0.09374
173.50125,0.49750,0.87846,0.00000,0.00021,0.12133
173.60126,0.49750,0.88795,0.00000,0.00008,0.11197
173.70125,0.49750,0.85596,0.00000,0.00005,0.14399
173.80125,0.49750,0.77879,0.00000,0.00004,0.22116
173.90125,0.49750,0.68117,0.00001,0.00004,0.31877
174.00125,0.49750,0.66983,0.00005,0.00005,0.33006
174.10126,0.49750,0.80461,0.00016,0.00014,0.19510
174.20125,0.49750,0.97548,0.00007,0.00018,0.02426
174.30125,0.49750,0.99509,0.00006,0.00020,0.00465
174.40125,0.49750,0.99840,0.00006,0.00033,0.00121
174.50125,0.49750,0.99906,0.00004,0.00078,0.00011
174.60126,0.49750,0.99846,0.00004,0.00148,0.00001
174.70125,0.49750,0.99737,0.00004,0.00258,0.00000
174.80125,0.49750,0.99602,0.00002,0.00395,0.00000
174.90125,0.49750,0.99200,0.00003,0.00798,0.00000
175.00125,0.49750,0.98087,0.00008,0.01905,0.00000
175.10126,0.49750,0.98109,0.00021,0.01870,0.00000
175.20125,0.49750,0.99242,0.00029,0.00729,0.00001
175.30125,0.49750,0.99490,0.00085,0.00416,0.00010
175.40125,0.49750,0.99684,0.00082,0.00144,0.00090
175.50125,0.49750,0.99596,0.00010,0.00032,0.00362
175.60126,0.49750,0.99788,0.00034,0.00138,0.00040
175.70125,0.49750,0.99240,0.00085,0.00673,0.00002
175.80125,0.49750,0.99251,0.00016,0.00733,0.00000
175.90125,0.49750,0.99177,0.00005,0.00819,0.00000
176.00125,0.49750,0.99533,0.00002,0.00466,0.00000
176.10126,0.49750,0.99935,0.00000,0.00065,0.00000
176.20125,0.49750,0.99984,0.00000,0.00015,0.00000
176.30125,0.49750,0.99988,0.00000,0.00012,0.00000
176.40125,0.49750,0.99993,0.00000,0.00007,0.00000
176.50125,0.49750,0.99996,0.00000,0.00003,0.00000
176.60126,0.49750,0.99998,0.00000,0.00002,0.00000
176.70125,0.49750,0.99998,0.00000,0.00002,0.00000
176.80125,0.49750,0.99999,0.00000,0.00001,0.00000
176.90125,0.49750,0.99997,0.00000,0.00003,0.00000
177.00125,0.49750,0.99989,0.00000,0.00011,0.00000
177.10126,0.49750,0.99980,0.00000,0.00018,0.00001
177.20125,0.49750,0.99992,0.00000,0.00007,0.00000
177.30125,0.49750,0.99994,0.00000,0.00006,0.00000
177.40125,0.49750,0.99999,0.00000,0.00001,0.00000
177.50125,0.49750,1.00000,0.00000,0.00000,0.00000
177.60126,0.49750,1.00000,0.00000,0.00000,0.00000
177.70125,0.49750,1.00000,0.00000,0.00000,0.00000
177.80125,0.49750,0.99998,0.00000,0.00002,0.00000
177.90125,0.49750,0.99995,0.00000,0.00005,0.00000
178.00125,0.49750,0.99996,0.00000,0.00004,0.00000
178.10126,0.49750,0.99998,0.00000,0.00002,0.00000
178.20125,0.49750,0.99998,0.00000,0.00002,0.00000
178.30125,0.49750,0.99993,0.00000,0.00007,0.00000
178.40125,0.49750,0.99992,0.00000,0.00008,0.00000
178.50125,0.49750,0.99991,0.00000,0.00009,0.00000
178.60126,0.49750,0.99973,0.00000,0.00027,0.00000
178.70125,0.49750,0.99939,0.00000,0.00061,0.00000
178.80125,0.49750,0.99986,0.00000,0.00010,0.00004
178.90125,0.49750,0.99974,0.00000,0.00009,0.00018
179.00125,0.49750,0.99962,0.00000,0.00016,0.00022
179.10126,0.49750,0.99977,0.00000,0.00014,0.00009
179.20125,0.49750,0.99988,0.00000,0.00010,0.00001
179.30125,0.49750,0.99989,0.00000,0.00010,0.00000
179.40125,0.49750,0.99993,0.00000,0.00007,0.00000
179.50125,0.49750,0.99996,0.00000,0.00004,0.00000
179.60126,0.49750,0.99997,0.00000,0.00003,0.00000
179.70125,0.49750,0.99999,0.00000,0.00001,0.00000
179.80125,0.49750,0.99999,0.00000,0.00001,0.00000
179.90125,0.49750,0.99997,0.00000,0.00003,0.00000
180.00125,0.49750,0.99990,0.00000,0.00009,0.00000
180.10126,0.49750,0.99975,0.00000,0.00025,0.00001
180.20125,0.49750,0.99948,0.00000,0.00048,0.00003
180.30125,0.49750,0.99925,0.00002,0.00057,0.00017
180.40125,0.49750,0.99934,0.00001,0.00033,0.00033
180.50125,0.49750,0.99968,0.00000,0.00016,0.00016
180.60126,0.49750,0.99987,0.00000,0.00006,0.00007
180.70125,0.49750,0.99994,0.00000,0.00005,0.00001
180.80125,0.49750,0.99996,0.00000,0.00004,0.00000
180.90125,0.49750,0.99997,0.00000,0.00003,0.00000
181.00125,0.49750,0.99997,0.00000,0.00003,0.00000
181.10126,0.49750,0.99998,0.00000,0.00002,0.00000
181.20125,0.49750,0.99999,0.00000,0.00001,0.00000
181.30125,0.49750,1.00000,0.00000,0.00000,0.00000
181.40125,0.49750,0.99999,0.00000,0.00001,0.00000
181.50125,0.49750,0.99999,0.00000,0.00001,0.00000
181.60126,0.49750,0.99999,0.00000,0.00001,0.00000
181.70125,0.49750,0.99996,0.00000,0.00004,0.00000
181.80125,0.49750,0.99988,0.00000,0.00011,0.00000
181.90125,0.49750,0.99990,0.00000,0.00009,0.00001
182.00125,0.49750,0.99992,0.00000,0.00007,0.00001
182.10126,0.49750,0.99988,0.00000,0.00012,0.00001
182.20125,0.49750,0.99985,0.00000,0.00015,0.00000
182.30125,0.49750,0.99981,0.00000,0.00019,0.00000
182.40125,0.49750,0.99978,0.00000,0.00022,0.00000
182.50125,0.49750,0.99986,0.00000,0.00014,0.00000
182.60126,0.49750,0.99986,0.00000,0.00014,0.00000
182.70125,0.49750,0.99989,0.00000,0.00011,0.00000
182.80125,0.49750,0.99994,0.00000,0.00006,0.00000
182.90125,0.49750,0.99993,0.00000,0.00007,0.00000
183.00125,0.49750,0.99984,0.00000,0.00014,0.00002
183.10126,0.49750,0.99971,0.00000,0.00022,0.00007
183.20125,0.49750,0.99946,0.00000,0.00045,0.00009
183.30125,0.49750,0.99856,0.00002,0.00137,0.00005
183.40125,0.49750,0.99800,0.00006,0.00189,0.00005
183.50125,0.49750,0.99813,0.00008,0.00168,0.00011
183.60126,0.49750,0.99851,0.00008,0.00113,0.00028
183.70125,0.49750,0.99877,0.00005,0.00058,0.00060
183.80125,0.49750,0.99945,0.00001,0.00026,0.00028
183.90125,0.49750,0.99969,0.00000,0.00029,0.00002
184.00125,0.49750,0.99939,0.00000,0.00061,0.00000
184.10126,0.49750,0.99858,0.00000,0.00142,0.00000
184.20125,0.49750,0.99840,0.00000,0.00159,0.00000
184.30125,0.49750,0.99861,0.00000,0.00139,0.00000
184.40125,0.49750,0.99912,0.00001,0.00086,0.00001
184.50125,0.49750,0.99945,0.00001,0.00038,0.00016
184.60126,0.49750,0.99817,0.00001,0.00012,0.00170
184.70125,0.49750,0.99780,0.00005,0.00026,0.00189
184.80125,0.49750,0.99900,0.00006,0.00052,0.00041
184.90125,0.49750,0.99904,0.00002,0.00089,0.00004
185.00125,0.49750,0.99793,0.00001,0.00206,0.00000
185.10126,0.49750,0.99473,0.00001,0.00526,0.00000
185.20125,0.49750,0.99526,0.00001,0.00473,0.00000
185.30125,0.49750,0.99669,0.00000,0.00330,0.00000
185.40125,0.49750,0.99817,0.00000,0.00183,0.00000
185.50125,0.49750,0.99911,0.00000,0.00089,0.00000
185.60126,0.49750,0.99962,0.00000,0.00036,0.00002
185.70125,0.49750,0.99980,0.00000,0.00017,0.00003
185.80125,0.49750,0.99978,0.00000,0.00018,0.00004
185.90125,0.49750,0.99964,0.00000,0.00034,0.00001
186.00125,0.49750,0.99960,0.00000,0.00039,0.00000
186.10126,0.49750,0.99952,0.00000,0.00047,0.00000
186.20125,0.49750,0.99936,0.00000,0.00064,0.00000
186.30125,0.49750,0.99927,0.00000,0.00072,0.00001
186.40125,0.49750,0.99955,0.00000,0.00043,0.00001
186.50125,0.49750,0.99957,0.00000,0.00042,0.00002
186.60126,0.49750,0.99952,0.00000,0.00047,0.00002
186.70125,0.49750,0.99955,0.00000,0.00044,0.00001
186.80125,0.49750,0.99957,0.00000,0.00042,0.00001
186.90125,0.49750,0.99955,0.00000,0.00044,0.00000
187.00125,0.49750,0.99954,0.00000,0.00046,0.00000
187.10126,0.49750,0.99959,0.00000,0.00041,0.00000
187.20125,0.49750,0.99957,0.00000,0.00043,0.00000
187.30125,0.49750,0.99955,0.00000,0.00045,0.00000
187.40125,0.49750,0.99950,0.00000,0.00049,0.00000
187.50125,0.49750,0.99950,0.00000,0.00049,0.00000
187.60126,0.49750,0.99952,0.00000,0.00047,0.00000
187.70125,0.49750,0.99956,0.00000,0.00043,0.00000
187.80125,0.49750,0.99960,0.00000,0.00040,0.00001
187.90125,0.49750,0.99963,0.00000,0.00036,0.00001
188.00125,0.49750,0.99966,0.00000,0.00034,0.00001
188.10126,0.49750,0.99964,0.00000,0.00035,0.00001
188.20125,0.49750,0.99964,0.00000,0.00035,0.00000
188.30125,0.49750,0.99964,0.00000,0.00035,0.00000
188.40125,0.49750,0.99965,0.00000,0.00034,0.00000
188.50125,0.49750,0.99967,0.00000,0.00032,0.00001
188.60126,0.49750,0.99969,0.00000,0.00030,0.00001
188.70125,0.49750,0.99968,0.00000,0.00031,0.00001
188.80125,0.49750,0.99966,0.00000,0.00034,0.00001
188.90125,0.49750,0.99966,0.00000,0.00034,0.00001
189.00125,0.49750,0.99968,0.00000,0.00032,0.00001
189.10126,0.49750,0.99973,0.00000,0.00027,0.00001
189.20125,0.49750,0.99977,0.00000,0.00022,0.00001
189.30125,0.49750,0.99981,0.00000,0.00018,0.00001
189.40125,0.49750,0.99980,0.00000,0.00019,0.00001
189.50125,0.49750,0.99979,0.00000,0.00020,0.00001
189.60126,0.49750,0.99982,0.00000,0.00018,0.00001
189.70125,0.49750,0.99987,0.00000,0.00012,0.00000
189.80125,0.49750,0.99993,0.00000,0.00007,0.00000
189.90125,0.49750,0.99997,0.00000,0.00003,0.00000
190.00125,0.49750,0.99991,0.00000,0.00009,0.00000
190.10126,0.49750,0.99953,0.00000,0.00047,0.00000
190.20125,0.49750,0.99973,0.00000,0.00026,0.00000
190.30125,0.49750,0.99984,0.00000,0.00016,0.00000
190.40125,0.49750,0.99965,0.00004,0.00031,0.00000
190.50125,0.49750,0.99991,0.00002,0.00007,0.00000
190.60126,0.49750,0.99994,0.00000,0.00002,0.00005
190.70125,0.49750,0.99970,0.00000,0.00004,0.00026
190.80125,0.49750,0.99965,0.00000,0.00008,0.00027
190.90125,0.49750,0.99986,0.00000,0.00007,0.00007
191.00125,0.49750,0.99985,0.00000,0.00014,0.00001
191.10126,0.49750,0.99970,0.00000,0.00030,0.00000
191.20125,0.49750,0.99979,0.00000,0.00021,0.00000
191.30125,0.49750,0.99984,0.00000,0.00016,0.00000
191.40125,0.49750,0.99988,0.00000,0.00012,0.00000
191.50125,0.49750,0.99995,0.00000,0.00005,0.00000
191.60126,0.49750,0.99997,0.00000,0.00002,0.00000
191.70125,0.49750,0.99997,0.00000,0.00003,0.00001
191.80125,0.49750,0.99996,0.00000,0.00003,0.00001
191.90125,0.49750,0.99998,0.00000,0.00002,0.00001
192.00125,0.49750,0.99999,0.00000,0.00001,0.00001
192.10126,0.49750,0.99999,0.00000,0.00001,0.00000
192.20125,0.49750,0.99999,0.00000,0.00001,0.00000
192.30125,0.49750,0.99997,0.00000,0.00003,0.00000
192.40125,0.49750,0.99978,0.00000,0.00022,0.00000
192.50125,0.49750,0.99974,0.00000,0.00026,0.00000
192.60126,0.49750,0.99984,0.00000,0.00016,0.00000
192.70125,0.49750,0.99988,0.00000,0.00012,0.00000
192.80125,0.49750,0.99992,0.00000,0.00008,0.00000
192.90125,0.49750,0.99996,0.00000,0.00004,0.00000
193.00125,0.49750,0.99988,0.00000,0.00012,0.00001
193.10126,0.49750,0.99967,0.00000,0.00028,0.00005
193.20125,0.49750,0.99968,0.00000,0.00018,0.00013
193.30125,0.49750,0.99975,0.00000,0.00013,0.00011
193.40125,0.49750,0.99984,0.00000,0.00009,0.00006
193.50125,0.49750,0.99992,0.00000,0.00007,0.00001
193.60126,0.49750,0.99995,0.00000,0.00005,0.00000
193.70125,0.49750,0.99995,0.00000,0.00005,0.00000
193.80125,0.49750,0.99991,0.00000,0.00009,0.00000
193.90125,0.49750,0.99994,0.00000,0.00006,0.00000
194.00125,0.49750,0.99997,0.00000,0.00003,0.00000
194.10126,0.49750,0.99997,0.00000,0.00003,0.00000
194.20125,0.49750,0.99994,0.00000,0.00005,0.00001
194.30125,0.49750,0.99991,0.00000,0.00002,0.00007
194.40125,0.49750,0.99975,0.00000,0.00003,0.00022
194.50125,0.49750,0.99968,0.00000,0.00005,0.00027
194.60126,0.49750,0.99986,0.00000,0.00005,0.00009
194.70125,0.49750,0.99995,0.00000,0.00003,0.00002
194.80125,0.49750,0.99997,0.00000,0.00002,0.00001
194.90125,0.49750,0.99997,0.00000,0.00003,0.00001
195.00125,0.49750,0.99995,0.00000,0.00005,0.00001
195.10126,0.49750,0.99993,0.00000,0.00007,0.00001
195.20125,0.49750,0.99992,0.00000,0.00008,0.00000
195.30125,0.49750,0.99995,0.00000,0.00005,0.00000
195.40125,0.49750,0.99995,0.00000,0.00005,0.00000
195.50125,0.49750,0.99997,0.00000,0.00003,0.00000
195.60126,0.49750,0.99998,0.00000,0.00002,0.00000
195.70125,0.49750,0.99996,0.00000,0.00004,0.00000
195.80125,0.49750,0.99975,0.00000,0.00024,0.00001
195.90125,0.49750,0.99878,0.00001,0.00121,0.00000
196.00125,0.49750,0.99769,0.00003,0.00228,0.00000
196.10126,0.49750,0.99318,0.00092,0.00589,0.00000
196.20125,0.49750,0.99160,0.00400,0.00439,0.00001
196.30125,0.49750,0.99358,0.00446,0.00192,0.00004
196.40125,0.49750,0.99710,0.00217,0.00058,0.00016
196.50125,0.49750,0.99607,0.00305,0.00037,0.00051
196.60126,0.49750,0.99670,0.00134,0.00159,0.00037
196.70125,0.49750,0.99504,0.00093,0.00394,0.00009
196.80125,0.49750,0.95298,0.00831,0.03871,0.00001
196.90125,0.49750,0.77352,0.05000,0.17648,0.00000
197.00125,0.49750,0.57875,0.07380,0.34745,0.00000
197.10126,0.49750,0.86215,0.01625,0.12161,0.00000
197.20125,0.49750,0.93649,0.00371,0.05980,0.00000
197.30125,0.49750,0.98460,0.00012,0.01528,0.00000
197.40125,0.49750,0.99045,0.00002,0.00953,0.00000
197.50125,0.49750,0.98985,0.00001,0.01014,0.00000
197.60126,0.49750,0.99190,0.00001,0.00809,0.00000
197.70125,0.49750,0.99523,0.00001,0.00477,0.00000
197.80125,0.49750,0.99729,0.00001,0.00270,0.00000
197.90125,0.49750,0.99923,0.00001,0.00077,0.00000
198.00125,0.49750,0.99965,0.00000,0.00035,0.00000
198.10126,0.49750,0.99965,0.00001,0.00034,0.00000
198.20125,0.49750,0.99974,0.00001,0.00026,0.00000
198.30125,0.49750,0.99994,0.00000,0.00006,0.00000
198.40125,0.49750,0.99996,0.00000,0.00003,0.00000
198.50125,0.49750,0.99986,0.00000,0.00014,0.00001
198.60126,0.49750,0.99973,0.00000,0.00025,0.00002
198.70125,0.49750,0.99921,0.00000,0.00065,0.00014
198.80125,0.49750,0.99851,0.00000,0.00110,0.00039
198.90125,0.49750,0.99686,0.00000,0.00294,0.00020
199.00125,0.49750,0.99736,0.00000,0.00257,0.00006
199.10126,0.49750,0.99653,0.00001,0.00334,0.00013
199.20125,0.49750,0.99543,0.00007,0.00425,0.00026
199.30125,0.49750,0.98109,0.00124,0.01751,0.00016
199.40125,0.49750,0.99055,0.00515,0.00396,0.00033
199.50125,0.49750,0.98828,0.00956,0.00112,0.00105
199.60126,0.49750,0.99321,0.00569,0.00062,0.00048
199.70125,0.49750,0.99845,0.00078,0.00044,0.00033
199.80125,0.49750,0.99878,0.00005,0.00013,0.00104
199.90125,0.49750,0.99883,0.00005,0.00104,0.00009
200.00125,0.49750,0.99400,0.00009,0.00589,0.00001
200.10126,0.49750,0.99169,0.00004,0.00827,0.00000
200.20125,0.49750,0.99766,0.00001,0.00234,0.00000
200.30125,0.49750,0.99908,0.00000,0.00092,0.00000
200.40125,0.49750,0.99980,0.00000,0.00020,0.00000
200.50125,0.49750,0.99994,0.00000,0.00006,0.00000
200.60126,0.49750,0.99995,0.00000,0.00004,0.00000
200.70125,0.49750,0.99992,0.00000,0.00008,0.00000
200.80125,0.49750,0.99992,0.00000,0.00008,0.00000
200.90125,0.49750,0.99998,0.00000,0.00002,0.00000
201.00125,0.49750,0.99999,0.00000,0.00001,0.00000
201.10126,0.49750,0.99999,0.00000,0.00001,0.00000
201.20125,0.49750,0.99999,0.00000,0.00001,0.00000
201.30125,0.49750,0.99996,0.00000,0.00004,0.00000
201.40125,0.49750,0.99961,0.00000,0.00038,0.00000
201.50125,0.49750,0.99677,0.00011,0.00311,0.00000
201.60126,0.49750,0.99619,0.00014,0.00364,0.00002
201.70125,0.49750,0.99834,0.00004,0.00160,0.00002
201.80125,0.49750,0.99794,0.00010,0.00194,0.00002
201.90125,0.49750,0.99942,0.00002,0.00048,0.00008
202.00125,0.49750,0.99957,0.00000,0.00004,0.00039
202.10126,0.49750,0.99979,0.00000,0.00004,0.00017
202.20125,0.49750,0.99991,0.00000,0.00006,0.00002
202.30125,0.49750,0.99997,0.00000,0.00002,0.00000
202.40125,0.49750,0.99999,0.00000,0.00001,0.00000
202.50125,0.49750,0.99999,0.00000,0.00001,0.00000
202.60126,0.49750,0.99998,0.00000,0.00002,0.00000
202.70125,0.49750,0.99997,0.00000,0.00003,0.00000
202.80125,0.49750,0.99996,0.00000,0.00004,0.00000
202.90125,0.49750,0.99992,0.00000,0.00008,0.00000
203.00125,0.49750,0.99989,0.00000,0.00010,0.00001
203.10126,0.49750,0.99984,0.00000,0.00006,0.00009
203.20125,0.49750,0.99890,0.00000,0.00007,0.00103
203.30125,0.49750,0.99688,0.00001,0.00012,0.00299
203.40125,0.49750,0.99856,0.00001,0.00010,0.00134
203.50125,0.49750,0.99970,0.00000,0.00005,0.00025
203.60126,0.49750,0.99992,0.00000,0.00003,0.00006
203.70125,0.49750,0.99996,0.00000,0.00001,0.00003
203.80125,0.49750,0.99997,0.00000,0.00001,0.00002
203.90125,0.49750,0.99997,0.00000,0.00001,0.00002
204.00125,0.49750,0.99996,0.00000,0.00003,0.00001
204.10126,0.49750,0.99996,0.00000,0.00004,0.00000
204.20125,0.49750,0.99995,0.00000,0.00005,0.00000
204.30125,0.49750,0.99997,0.00000,0.00003,0.00000
204.40125,0.49750,0.99998,0.00000,0.00002,0.00000
204.50125,0.49750,0.99998,0.00000,0.00002,0.00000
204.60126,0.49750,0.99996,0.00000,0.00004,0.00000
204.70125,0.49750,0.99988,0.00000,0.00009,0.00003
204.80125,0.49750,0.99900,0.00001,0.00022,0.00077
204.90125,0.49750,0.99819,0.00001,0.00017,0.00164
205.00125,0.49750,0.99943,0.00000,0.00016,0.00041
205.10126,0.49750,0.99977,0.00000,0.00019,0.00004
205.20125,0.49750,0.99980,0.00000,0.00020,0.00000
205.30125,0.49750,0.99985,0.00000,0.00015,0.00000
205.40125,0.49750,0.99989,0.00000,0.00011,0.00000
205.50125,0.49750,0.99995,0.00000,0.00005,0.00000
205.60126,0.49750,0.99996,0.00000,0.00004,0.00000
205.70125,0.49750,0.99997,0.00000,0.00003,0.00000
205.80125,0.49750,0.99996,0.00000,0.00004,0.00000
205.90125,0.49750,0.99988,0.00000,0.00007,0.00005
206.00125,0.49750,0.99929,0.00000,0.00012,0.00058
206.10126,0.49750,0.99647,0.00001,0.00014,0.00338
206.20125,0.49750,0.99802,0.00007,0.00074,0.00117
206.30125,0.49750,0.99613,0.00043,0.00334,0.00010
206.40125,0.49750,0.99774,0.00011,0.00212,0.00003
206.50125,0.49750,0.99897,0.00002,0.00100,0.00001
206.60126,0.49750,0.99923,0.00001,0.00075,0.00000
206.70125,0.49750,0.99979,0.00001,0.00019,0.00001
206.80125,0.49750,0.99982,0.00000,0.00012,0.00006
206.90125,0.49750,0.99911,0.00001,0.00069,0.00019
207.00125,0.49750,0.99598,0.00017,0.00335,0.00051
207.10126,0.49750,0.98628,0.00119,0.01240,0.00013
207.20125,0.49750,0.98729,0.00043,0.01213,0.00015
207.30125,0.49750,0.99396,0.00046,0.00525,0.00033
207.40125,0.49750,0.99666,0.00075,0.00230,0.00029
207.50125,0.49750,0.99795,0.00021,0.00092,0.00091
207.60126,0.49750,0.99743,0.00029,0.00088,0.00140
207.70125,0.49750,0.99746,0.00063,0.00153,0.00038
207.80125,0.49750,0.99905,0.00007,0.00077,0.00012
207.90125,0.49750,0.99968,0.00000,0.00031,0.00001
208.00125,0.49750,0.99976,0.00000,0.00023,0.00000
208.10126,0.49750,0.99997,0.00000,0.00003,0.00000
208.20125,0.49750,0.99998,0.00000,0.00002,0.00000
208.30125,0.49750,0.99988,0.00000,0.00012,0.00000
208.40125,0.49750,0.99968,0.00000,0.00031,0.00000
208.50125,0.49750,0.99945,0.00001,0.00050,0.00004
208.60126,0.49750,0.98911,0.00046,0.00927,0.00116
208.70125,0.49750,0.98504,0.00195,0.01257,0.00044
208.80125,0.49750,0.99297,0.00282,0.00298,0.00124
208.90125,0.49750,0.98703,0.00206,0.00622,0.00468
209.00125,0.49750,0.96357,0.00679,0.02546,0.00418
209.10126,0.49750,0.97438,0.00742,0.01797,0.00023
209.20125,0.49750,0.98545,0.00702,0.00659,0.00094
209.30125,0.49750,0.98465,0.00191,0.01264,0.00081
209.40125,0.49750,0.99422,0.00041,0.00497,0.00040
209.50125,0.49750,0.99850,0.00010,0.00115,0.00025
209.60126,0.49750,0.99826,0.00015,0.00053,0.00106
209.70125,0.49750,0.99900,0.00002,0.00065,0.00032
209.80125,0.49750,0.99917,0.00002,0.00045,0.00036
209.90125,0.49750,0.99865,0.00026,0.00045,0.00063
210.00125,0.49750,0.99838,0.00032,0.00029,0.00101
210.10126,0.49750,0.99722,0.00008,0.00041,0.00229
210.20125,0.49750,0.99572,0.00011,0.00033,0.00384
210.30125,0.49750,0.99690,0.00086,0.00044,0.00180
210.40125,0.49750,0.99799,0.00010,0.00119,0.00072
210.50125,0.49750,0.99811,0.00002,0.00111,0.00076
210.60126,0.49750,0.99910,0.00001,0.00068,0.00021
210.70125,0.49750,0.99911,0.00003,0.00066,0.00019
210.80125,0.49750,0.99924,0.00001,0.00053,0.00022
210.90125,0.49750,0.99866,0.00005,0.00083,0.00046
211.00125,0.49750,0.99555,0.00020,0.00265,0.00160
211.10126,0.49750,0.98743,0.00030,0.00222,0.01005
211.20125,0.49750,0.98185,0.00016,0.00575,0.01223
211.30125,0.49750,0.97526,0.00008,0.00550,0.01915
211.40125,0.49750,0.99149,0.00001,0.00119,0.00731
211.50125,0.49750,0.99566,0.00001,0.00080,0.00353
211.60126,0.49750,0.99619,0.00002,0.00160,0.00219
211.70125,0.49750,0.99738,0.00002,0.00120,0.00140
211.80125,0.49750,0.99345,0.00016,0.00613,0.00026
211.90125,0.49750,0.96041,0.00259,0.03684,0.00015
212.00125,0.49750,0.88432,0.01901,0.09634,0.00033
212.10126,0.49750,0.54700,0.08330,0.36882,0.00088
212.20125,0.49750,0.21329,0.14404,0.64071,0.00196
212.30125,0.49750,0.23713,0.07645,0.67746,0.00896
212.40125,0.49750,0.29605,0.02218,0.67757,0.00420
212.50125,0.49750,0.50723,0.00922,0.48286,0.00068
212.60126,0.49750,0.83946,0.00337,0.15712,0.00004
212.70125,0.49750,0.96302,0.00095,0.03603,0.00000
212.80125,0.49750,0.98139,0.00044,0.01818,0.00000
212.90125,0.49750,0.99499,0.00014,0.00487,0.00000
213.00125,0.49750,0.99879,0.00004,0.00117,0.00000
213.10126,0.49750,0.99927,0.00005,0.00066,0.00002
213.20125,0.49750,0.99860,0.00006,0.00033,0.00101
213.30125,0.49750,0.98958,0.00008,0.00021,0.01013
213.40125,0.49750,0.99698,0.00074,0.00079,0.00150
213.50125,0.49750,0.99417,0.00195,0.00384,0.00004
213.60126,0.49750,0.99062,0.00108,0.00830,0.00001
213.70125,0.49750,0.99482,0.00040,0.00478,0.00001
213.80125,0.49750,0.99641,0.00047,0.00311,0.00001
213.90125,0.49750,0.99685,0.00072,0.00225,0.00018
214.00125,0.49750,0.98798,0.00790,0.00233,0.00179
214.10126,0.49750,0.81171,0.18480,0.00118,0.00230
214.20125,0.49750,0.37505,0.62429,0.00057,0.00009
214.30125,0.49750,0.49552,0.49796,0.00643,0.00009
214.40125,0.49750,0.69024,0.22940,0.07981,0.00055
214.50125,0.49750,0.49343,0.02330,0.47932,0.00395
214.60126,0.49750,0.08975,0.00050,0.90882,0.00093
214.70125,0.49750,0.07499,0.00005,0.92479,0.00017
214.80125,0.49750,0.55266,0.00012,0.44720,0.00003
214.90125,0.49750,0.96045,0.00013,0.03940,0.00002
215.00125,0.49750,0.99791,0.00015,0.00193,0.00001
215.10126,0.49750,0.99977,0.00006,0.00015,0.00003
215.20125,0.49750,0.99762,0.00008,0.00011,0.00219
215.30125,0.49750,0.98244,0.00192,0.00048,0.01516
215.40125,0.49750,0.95966,0.03331,0.00359,0.00344
215.50125,0.49750,0.79162,0.19439,0.01283,0.00116
215.60126,0.49750,0.28058,0.67613,0.04310,0.00020
215.70125,0.49750,0.07440,0.85094,0.07465,0.00002
215.80125,0.49750,0.21965,0.63078,0.14956,0.00002
215.90125,0.49750,0.63751,0.20875,0.15373,0.00001
216.00125,0.49750,0.88844,0.04622,0.06534,0.00000
216.10126,0.49750,0.97943,0.00895,0.01161,0.00000
216.20125,0.49750,0.99504,0.00297,0.00199,0.00000
216.30125,0.49750,0.99705,0.00220,0.00075,0.00000
216.40125,0.49750,0.99647,0.00310,0.00043,0.00000
216.50125,0.49750,0.99574,0.00405,0.00021,0.00000
216.60126,0.49750,0.98955,0.01025,0.00016,0.00004
216.70125,0.49750,0.98657,0.01264,0.00023,0.00056
216.80125,0.49750,0.99105,0.00620,0.00035,0.00241
216.90125,0.49750,0.98645,0.01085,0.00201,0.00069
217.00125,0.49750,0.93940,0.04306,0.01730,0.00024
217.10126,0.49750,0.81014,0.12161,0.06821,0.00004
217.20125,0.49750,0.40801,0.09314,0.49881,0.00005
217.30125,0.49750,0.09723,0.03154,0.87116,0.00006
217.40125,0.49750,0.12461,0.00924,0.86605,0.00010
217.50125,0.49750,0.51578,0.00112,0.48308,0.00002
217.60126,0.49750,0.88460,0.00004,0.11536,0.00000
217.70125,0.49750,0.99066,0.00001,0.00934,0.00000
217.80125,0.49750,0.99897,0.00000,0.00103,0.00000
217.90125,0.49750,0.99938,0.00000,0.00062,0.00000
218.00125,0.49750,0.99935,0.00000,0.00065,0.00000
218.10126,0.49750,0.99907,0.00000,0.00093,0.00000
218.20125,0.49750,0.99922,0.00000,0.00078,0.00000
218.30125,0.49750,0.99956,0.00000,0.00044,0.00000
218.40125,0.49750,0.99966,0.00000,0.00034,0.00000
218.50125,0.49750,0.99955,0.00001,0.00045,0.00000
218.60126,0.49750,0.99939,0.00001,0.00060,0.00000
218.70125,0.49750,0.99772,0.00003,0.00223,0.00002
218.80125,0.49750,0.99833,0.00003,0.00162,0.00002
218.90125,0.49750,0.99889,0.00002,0.00110,0.00000
219.00125,0.49750,0.99854,0.00001,0.00145,0.00000
219.10126,0.49750,0.99715,0.00001,0.00284,0.00000
219.20125,0.49750,0.99897,0.00001,0.00103,0.00000
219.30125,0.49750,0.99897,0.00001,0.00102,0.00000
219.40125,0.49750,0.99890,0.00004,0.00106,0.00000
219.50125,0.49750,0.99915,0.00007,0.00052,0.00025
219.60126,0.49750,0.99152,0.00007,0.00010,0.00831
219.70125,0.49750,0.97324,0.00015,0.00004,0.02657
219.80125,0.49750,0.96575,0.00019,0.00003,0.03403
219.90125,0.49750,0.97017,0.00014,0.00004,0.02964
220.00125,0.49750,0.97393,0.00015,0.00006,0.02585
220.10126,0.49750,0.98535,0.00015,0.00025,0.01425
220.20125,0.49750,0.99398,0.00020,0.00216,0.00366
220.30125,0.49750,0.98849,0.00026,0.01106,0.00019
220.40125,0.49750,0.95593,0.00029,0.04377,0.00001
220.50125,0.49750,0.92124,0.00024,0.07852,0.00000
220.60126,0.49750,0.96869,0.00014,0.03118,0.00000
220.70125,0.49750,0.99409,0.00005,0.00585,0.00001
220.80125,0.49750,0.99720,0.00003,0.00270,0.00007
220.90125,0.49750,0.99888,0.00001,0.00103,0.00009
221.00125,0.49750,0.99880,0.00001,0.00117,0.00002
221.10126,0.49750,0.98958,0.00002,0.01038,0.00002
221.20125,0.49750,0.88765,0.00011,0.11224,0.00001
221.30125,0.49750,0.51915,0.00033,0.48051,0.00002
221.40125,0.49750,0.05604,0.00015,0.94368,0.00013
221.50125,0.49750,0.01188,0.00010,0.98769,0.00033
221.60126,0.49750,0.04184,0.00044,0.95757,0.00016
221.70125,0.49750,0.28801,0.00055,0.71139,0.00004
221.80125,0.49750,0.83012,0.00023,0.16965,0.00000
221.90125,0.49750,0.98758,0.00021,0.01221,0.00000
222.00125,0.49750,0.99807,0.00006,0.00187,0.00000
222.10126,0.49750,0.99918,0.00001,0.00081,0.00000
222.20125,0.49750,0.99889,0.00001,0.00109,0.00000
222.30125,0.49750,0.99860,0.00002,0.00138,0.00000
222.40125,0.49750,0.99768,0.00001,0.00230,0.00000
222.50125,0.49750,0.99687,0.00001,0.00313,0.00000
222.60126,0.49750,0.99446,0.00002,0.00552,0.00000
222.70125,0.49750,0.99322,0.00003,0.00675,0.00000
222.80125,0.49750,0.98626,0.00011,0.01363,0.00000
222.90125,0.49750,0.97680,0.00021,0.02299,0.00000
223.00125,0.49750,0.99121,0.00010,0.00869,0.00000
223.10126,0.49750,0.99164,0.00005,0.00831,0.00000
223.20125,0.49750,0.99048,0.00004,0.00949,0.00000
223.30125,0.49750,0.99763,0.00001,0.00236,0.00000
223.40125,0.49750,0.99955,0.00001,0.00044,0.00000
223.50125,0.49750,0.99941,0.00002,0.00022,0.00035
223.60126,0.49750,0.98885,0.00005,0.00007,0.01103
223.70125,0.49750,0.96216,0.00028,0.00008,0.03748
223.80125,0.49750,0.95617,0.00126,0.00009,0.04248
223.90125,0.49750,0.97650,0.00385,0.00021,0.01944
224.00125,0.49750,0.98448,0.00739,0.00058,0.00755
224.10126,0.49750,0.98921,0.00728,0.00171,0.00180
224.20125,0.49750,0.99570,0.00201,0.00195,0.00034
224.30125,0.49750,0.99588,0.00039,0.00371,0.00002
224.40125,0.49750,0.98900,0.00020,0.01080,0.00000
224.50125,0.49750,0.98064,0.00013,0.01923,0.00000
224.60126,0.49750,0.99167,0.00005,0.00828,0.00000
224.70125,0.49750,0.99696,0.00001,0.00303,0.00000
224.80125,0.49750,0.99938,0.00000,0.00062,0.00000
224.90125,0.49750,0.99971,0.00000,0.00029,0.00000
225.00125,0.49750,0.99931,0.00000,0.00069,0.00000
225.10126,0.49750,0.99894,0.00000,0.00106,0.00000
225.20125,0.49750,0.99923,0.00000,0.00077,0.00000
225.30125,0.49750,0.99904,0.00000,0.00096,0.00000
225.40125,0.49750,0.99961,0.00000,0.00039,0.00000
225.50125,0.49750,0.99992,0.00000,0.00008,0.00000
225.60126,0.49750,0.99989,0.00000,0.00010,0.00001
225.70125,0.49750,0.99946,0.00001,0.00026,0.00027
225.80125,0.49750,0.99610,0.00005,0.00051,0.00334
225.90125,0.49750,0.99381,0.00008,0.00091,0.00521
226.00125,0.49750,0.99749,0.00002,0.00093,0.00155
226.10126,0.49750,0.99900,0.00001,0.00094,0.00005
226.20125,0.49750,0.99940,0.00000,0.00060,0.00000
226.30125,0.49750,0.99945,0.00000,0.00055,0.00000
226.40125,0.49750,0.99966,0.00000,0.00034,0.00000
226.50125,0.49750,0.99984,0.00000,0.00016,0.00000
226.60126,0.49750,0.99994,0.00000,0.00006,0.00000
226.70125,0.49750,0.99997,0.00000,0.00003,0.00000
226.80125,0.49750,0.99999,0.00000,0.00001,0.00000
226.90125,0.49750,1.00000,0.00000,0.00000,0.00000
227.00125,0.49750,1.00000,0.00000,0.00000,0.00000
227.10126,0.49750,1.00000,0.00000,0.00000,0.00000
227.20125,0.49750,1.00000,0.00000,0.00000,0.00000
227.30125,0.49750,0.99999,0.00000,0.00001,0.00000
227.40125,0.49750,0.99992,0.00000,0.00008,0.00000
227.50125,0.49750,0.99974,0.00000,0.00026,0.00000
227.60126,0.49750,0.99964,0.00000,0.00036,0.00000
227.70125,0.49750,0.99962,0.00000,0.00038,0.00000
227.80125,0.49750,0.99957,0.00000,0.00042,0.00000
227.90125,0.49750,0.99989,0.00000,0.00011,0.00000
228.00125,0.49750,0.99995,0.00000,0.00005,0.00000
228.10126,0.49750,0.99996,0.00000,0.00003,0.00000
228.20125,0.49750,0.99997,0.00000,0.00003,0.00000
228.30125,0.49750,0.99996,0.00000,0.00004,0.00000
228.40125,0.49750,0.99946,0.00001,0.00053,0.00000
228.50125,0.49750,0.99305,0.00011,0.00684,0.00000
228.60126,0.49750,0.95553,0.00050,0.04397,0.00000
228.70125,0.49750,0.94751,0.00052,0.05193,0.00004
228.80125,0.49750,0.97785,0.00023,0.02155,0.00037
228.90125,0.49750,0.98825,0.00005,0.01070,0.00101
229.00125,0.49750,0.98835,0.00010,0.01129,0.00026
229.10126,0.49750,0.99286,0.00010,0.00699,0.00006
229.20125,0.49750,0.99639,0.00003,0.00357,0.00001
229.30125,0.49750,0.97641,0.00020,0.02339,0.00000
229.40125,0.49750,0.96015,0.00025,0.03960,0.00000
229.50125,0.49750,0.98883,0.00001,0.01116,0.00000
229.60126,0.49750,0.99448,0.00000,0.00551,0.00000
229.70125,0.49750,0.99063,0.00001,0.00935,0.00001
229.80125,0.49750,0.99662,0.00000,0.00337,0.00001
229.90125,0.49750,0.99915,0.00000,0.00085,0.00000
230.00125,0.49750,0.99949,0.00000,0.00051,0.00001
230.10126,0.49750,0.99828,0.00000,0.00171,0.00001
230.20125,0.49750,0.99580,0.00000,0.00419,0.00001
230.30125,0.49750,0.99717,0.00000,0.00282,0.00001
230.40125,0.49750,0.99819,0.00000,0.00180,0.00000
230.50125,0.49750,0.99875,0.00000,0.00125,0.00000
230.60126,0.49750,0.99973,0.00000,0.00027,0.00000
230.70125,0.49750,0.99993,0.00000,0.00007,0.00000
230.80125,0.49750,0.99996,0.00000,0.00004,0.00000
230.90125,0.49750,0.99995,0.00000,0.00005,0.00000
231.00125,0.49750,0.99994,0.00000,0.00006,0.00000
231.10126,0.49750,0.99994,0.00000,0.00006,0.00000
231.20125,0.49750,0.99995,0.00000,0.00005,0.00000
231.30125,0.49750,0.99995,0.00000,0.00004,0.00000
231.40125,0.49750,0.99996,0.00000,0.00004,0.00000
231.50125,0.49750,0.99996,0.00000,0.00004,0.00000
231.60126,0.49750,0.99996,0.00000,0.00004,0.00000
231.70125,0.49750,0.99996,0.00000,0.00004,0.00000
231.80125,0.49750,0.99996,0.00000,0.00004,0.00000
231.90125,0.49750,0.99996,0.00000,0.00004,0.00000
232.00125,0.49750,0.99997,0.00000,0.00003,0.00000
232.10126,0.49750,0.99997,0.00000,0.00003,0.00000
232.20125,0.49750,0.99997,0.00000,0.00003,0.00000
232.30125,0.49750,0.99997,0.00000,0.00003,0.00000
232.40125,0.49750,0.99997,0.00000,0.00003,0.00000
232.50125,0.49750,0.99997,0.00000,0.00003,0.00000
232.60126,0.49750,0.99997,0.00000,0.00003,0.00000
232.70125,0.49750,0.99997,0.00000,0.00003,0.00000
232.80125,0.49750,0.99997,0.00000,0.00003,0.00000
232.90125,0.49750,0.99997,0.00000,0.00003,0.00000
233.00125,0.49750,0.99997,0.00000,0.00003,0.00000
233.10126,0.49750,0.99997,0.00000,0.00003,0.00000
233.20125,0.49750,0.99997,0.00000,0.00003,0.00000
233.30125,0.49750,0.99997,0.00000,0.00002,0.00000
233.40125,0.49750,0.99997,0.00000,0.00003,0.00000
233.50125,0.49750,0.99997,0.00000,0.00003,0.00000
233.60126,0.49750,0.99996,0.00000,0.00004,0.00000
233.70125,0.49750,0.99994,0.00000,0.00006,0.00000
233.80125,0.49750,0.99985,0.00000,0.00015,0.00000
233.90125,0.49750,0.99959,0.00003,0.00038,0.00000
234.00125,0.49750,0.99966,0.00002,0.00032,0.00000
234.10126,0.49750,0.99956,0.00003,0.00041,0.00000
234.20125,0.49750,0.99961,0.00008,0.00031,0.00000
234.30125,0.49750,0.99981,0.00015,0.00004,0.00000
234.40125,0.49750,0.99976,0.00022,0.00001,0.00002
234.50125,0.49750,0.99481,0.00447,0.00000,0.00071
234.60126,0.49750,0.97947,0.00823,0.00001,0.01230
234.70125,0.49750,0.98863,0.00255,0.00001,0.00881
234.80125,0.49750,0.99753,0.00140,0.00010,0.00097
234.90125,0.49750,0.99670,0.00153,0.00169,0.00009
235.00125,0.49750,0.99582,0.00025,0.00392,0.00000
235.10126,0.49750,0.99880,0.00003,0.00118,0.00000
235.20125,0.49750,0.99974,0.00001,0.00026,0.00000
235.30125,0.49750,0.99997,0.00000,0.00003,0.00000
235.40125,0.49750,1.00000,0.00000,0.00000,0.00000
235.50125,0.49750,1.00000,0.00000,0.00000,0.00000
235.60126,0.49750,0.99999,0.00000,0.00001,0.00000
235.70125,0.49750,0.99996,0.00000,0.00004,0.00000
235.80125,0.49750,0.99944,0.00000,0.00056,0.00000
235.90125,0.49750,0.99642,0.00010,0.00348,0.00000
236.00125,0.49750,0.98951,0.00091,0.00955,0.00002
236.10126,0.49750,0.92729,0.01411,0.05769,0.00091
236.20125,0.49750,0.78615,0.05181,0.15232,0.00972
236.30125,0.49750,0.75928,0.01544,0.13802,0.08725
236.40125,0.49750,0.73639,0.00283,0.12107,0.13970
236.50125,0.49750,0.76857,0.00031,0.09367,0.13746
236.60126,0.49750,0.89662,0.00003,0.04160,0.06176
236.70125,0.49750,0.95989,0.00001,0.02034,0.01977
236.80125,0.49750,0.99172,0.00000,0.00477,0.00351
236.90125,0.49750,0.99693,0.00000,0.00165,0.00142
237.00125,0.49750,0.99886,0.00000,0.00054,0.00060
237.10126,0.49750,0.99932,0.00000,0.00028,0.00040
237.20125,0.49750,0.99907,0.00000,0.00015,0.00078
237.30125,0.49750,0.99811,0.00000,0.00017,0.00172
237.40125,0.49750,0.99750,0.00000,0.00023,0.00227
237.50125,0.49750,0.99661,0.00000,0.00031,0.00307
237.60126,0.49750,0.99330,0.00001,0.00053,0.00616
237.70125,0.49750,0.99436,0.00002,0.00063,0.00499
237.80125,0.49750,0.99571,0.00002,0.00078,0.00349
237.90125,0.49750,0.99728,0.00001,0.00063,0.00209
238.00125,0.49750,0.99693,0.00000,0.00058,0.00249
238.10126,0.49750,0.99840,0.00000,0.00039,0.00121
238.20125,0.49750,0.99914,0.00000,0.00037,0.00049
238.30125,0.49750,0.99957,0.00000,0.00028,0.00015
238.40125,0.49750,0.99953,0.00000,0.00042,0.00005
238.50125,0.49750,0.99914,0.00000,0.00085,0.00001
238.60126,0.49750,0.99844,0.00000,0.00156,0.00000
238.70125,0.49750,0.99778,0.00000,0.00221,0.00000
238.80125,0.49750,0.99476,0.00003,0.00521,0.00000
238.90125,0.49750,0.99650,0.00008,0.00342,0.00000
239.00125,0.49750,0.99845,0.00007,0.00148,0.00000
239.10126,0.49750,0.99928,0.00007,0.00065,0.00000
239.20125,0.49750,0.99967,0.00003,0.00031,0.00000
239.30125,0.49750,0.99988,0.00000,0.00012,0.00000
239.40125,0.49750,0.99993,0.00000,0.00007,0.00000
239.50125,0.49750,0.99994,0.00000,0.00006,0.00000
239.60126,0.49750,0.99994,0.00000,0.00006,0.00000
239.70125,0.49750,0.99994,0.00000,0.00006,0.00000
239.80125,0.49750,0.99995,0.00000,0.00004,0.00000
239.90125,0.49750,0.99992,0.00000,0.00008,0.00000
240.00125,0.49750,0.99973,0.00001,0.00026,0.00000
240.10126,0.49750,0.99910,0.00008,0.00082,0.00000
240.20125,0.49750,0.99816,0.00011,0.00173,0.00000
240.30125,0.49750,0.99130,0.00039,0.00831,0.00000
240.40125,0.49750,0.98294,0.00053,0.01652,0.00000
240.50125,0.49750,0.99220,0.00024,0.00756,0.00000
240.60126,0.49750,0.99765,0.00011,0.00223,0.00001
240.70125,0.49750,0.99834,0.00011,0.00102,0.00052
240.80125,0.49750,0.99125,0.00009,0.00035,0.00831
240.90125,0.49750,0.98400,0.00006,0.00017,0.01577
241.00125,0.49750,0.99580,0.00023,0.00018,0.00379
241.10126,0.49750,0.99778,0.00062,0.00015,0.00145
241.20125,0.49750,0.99583,0.00222,0.00003,0.00192
241.30125,0.49750,0.98353,0.01433,0.00000,0.00214
241.40125,0.49750,0.88396,0.10589,0.00000,0.01014
241.50125,0.49750,0.73637,0.20377,0.00000,0.05986
241.60126,0.49750,0.77598,0.19178,0.00000,0.03224
241.70125,0.49750,0.92843,0.06499,0.00000,0.00658
241.80125,0.49750,0.98344,0.01448,0.00001,0.00207
241.90125,0.49750,0.98723,0.01155,0.00086,0.00036
242.00125,0.49750,0.93417,0.03991,0.02585,0.00007
242.10126,0.49750,0.80595,0.10115,0.09277,0.00014
242.20125,0.49750,0.50989,0.33768,0.15239,0.00004
242.30125,0.49750,0.35595,0.46692,0.17713,0.00001
242.40125,0.49750,0.59508,0.34801,0.05684,0.00007
242.50125,0.49750,0.76942,0.21470,0.01571,0.00017
242.60126,0.49750,0.95766,0.03559,0.00666,0.00008
242.70125,0.49750,0.98821,0.00778,0.00400,0.00002
242.80125,0.49750,0.99051,0.00628,0.00319,0.00002
242.90125,0.49750,0.99794,0.00029,0.00175,0.00001
243.00125,0.49750,0.99791,0.00004,0.00204,0.00001
243.10126,0.49750,0.98712,0.00105,0.01183,0.00000
243.20125,0.49750,0.99028,0.00164,0.00808,0.00000
243.30125,0.49750,0.99851,0.00015,0.00134,0.00000
243.40125,0.49750,0.99890,0.00009,0.00101,0.00000
243.50125,0.49750,0.99971,0.00001,0.00028,0.00000
243.60126,0.49750,0.99998,0.00000,0.00002,0.00000
243.70125,0.49750,0.99999,0.00000,0.00001,0.00000
243.80125,0.49750,0.99996,0.00000,0.00003,0.00001
243.90125,0.49750,0.99992,0.00000,0.00005,0.00003
244.00125,0.49750,0.99993,0.00000,0.00004,0.00003
244.10126,0.49750,0.99997,0.00000,0.00002,0.00001
244.20125,0.49750,0.99999,0.00000,0.00001,0.00000
244.30125,0.49750,0.99999,0.00000,0.00000,0.00000
244.40125,0.49750,0.99999,0.00000,0.00000,0.00000
244.50125,0.49750,0.99998,0.00000,0.00001,0.00001
244.60126,0.49750,0.99994,0.00000,0.00001,0.00005
244.70125,0.49750,0.99981,0.00000,0.00004,0.00014
244.80125,0.49750,0.99921,0.00001,0.00046,0.00032
244.90125,0.49750,0.99584,0.00077,0.00334,0.00005
245.00125,0.49750,0.98713,0.00415,0.00872,0.00001
245.10126,0.49750,0.98941,0.00381,0.00678,0.00000
245.20125,0.49750,0.99427,0.00285,0.00289,0.00000
245.30125,0.49750,0.99827,0.00085,0.00088,0.00000
245.40125,0.49750,0.99975,0.00004,0.00019,0.00002
245.50125,0.49750,0.99953,0.00007,0.00023,0.00017
245.60126,0.49750,0.99066,0.00271,0.00232,0.00431
245.70125,0.49750,0.99313,0.00081,0.00254,0.00353
245.80125,0.49750,0.99838,0.00003,0.00086,0.00074
245.90125,0.49750,0.99968,0.00000,0.00029,0.00002
246.00125,0.49750,0.99984,0.00000,0.00016,0.00000
246.10126,0.49750,0.99966,0.00000,0.00034,0.00000
246.20125,0.49750,0.99688,0.00000,0.00311,0.00001
246.30125,0.49750,0.98334,0.00002,0.01655,0.00009
246.40125,0.49750,0.94690,0.00028,0.04962,0.00319
246.50125,0.49750,0.93821,0.00038,0.01664,0.04477
246.60126,0.49750,0.91745,0.00016,0.00102,0.08137
246.70125,0.49750,0.92812,0.00005,0.00008,0.07174
246.80125,0.49750,0.93047,0.00005,0.00005,0.06942
246.90125,0.49750,0.97353,0.00051,0.00026,0.02571
247.00125,0.49750,0.97436,0.01995,0.00094,0.00475
247.10126,0.49750,0.63262,0.36558,0.00084,0.00096
247.20125,0.49750,0.09705,0.90284,0.00009,0.00002
247.30125,0.49750,0.05992,0.94002,0.00006,0.00001
247.40125,0.49750,0.33891,0.66018,0.00081,0.00010
247.50125,0.49750,0.84372,0.13960,0.01466,0.00203
247.60126,0.49750,0.74819,0.03880,0.21186,0.00115
247.70125,0.49750,0.27475,0.00499,0.72017,0.00009
247.80125,0.49750,0.51678,0.00101,0.48220,0.00001
247.90125,0.49750,0.93464,0.00025,0.06511,0.00000
248.00125,0.49750,0.99550,0.00013,0.00437,0.00000
248.10126,0.49750,0.99919,0.00006,0.00075,0.00000
248.20125,0.49750,0.99973,0.00001,0.00019,0.00006
248.30125,0.49750,0.99806,0.00005,0.00028,0.00161
248.40125,0.49750,0.99106,0.00339,0.00187,0.00368
248.50125,0.49750,0.90851,0.07881,0.01202,0.00066
248.60126,0.49750,0.52532,0.45259,0.02195,0.00014
248.70125,0.49750,0.10507,0.87735,0.01757,0.00001
248.80125,0.49750,0.04729,0.93394,0.01876,0.00000
248.90125,0.49750,0.41694,0.54094,0.04212,0.00000
249.00125,0.49750,0.94394,0.04081,0.01524,0.00000
249.10126,0.49750,0.99341,0.00295,0.00364,0.00000
249.20125,0.49750,0.99859,0.00054,0.00087,0.00000
249.30125,0.49750,0.99907,0.00066,0.00027,0.00000
249.40125,0.49750,0.99734,0.00255,0.00011,0.00000
249.50125,0.49750,0.98733,0.01260,0.00004,0.00004
249.60126,0.49750,0.95276,0.04660,0.00001,0.00063
249.70125,0.49750,0.88684,0.11037,0.00001,0.00279
249.80125,0.49750,0.96164,0.03682,0.00002,0.00152
249.90125,0.49750,0.99766,0.00187,0.00002,0.00045
250.00125,0.49750,0.99922,0.00050,0.00020,0.00008
250.10126,0.49750,0.99538,0.00050,0.00411,0.00001
250.20125,0.49750,0.98371,0.00024,0.01605,0.00000
250.30125,0.49750,0.99318,0.00005,0.00677,0.00000
250.40125,0.49750,0.99280,0.00006,0.00714,0.00000
250.50125,0.49750,0.99669,0.00003,0.00328,0.00000
250.60126,0.49750,0.99948,0.00000,0.00051,0.00000
250.70125,0.49750,0.99984,0.00000,0.00014,0.00002
250.80125,0.49750,0.99974,0.00000,0.00022,0.00003
250.90125,0.49750,0.99962,0.00000,0.00034,0.00004
251.00125,0.49750,0.99935,0.00000,0.00064,0.00001
251.10126,0.49750,0.99925,0.00000,0.00074,0.00000
251.20125,0.49750,0.99959,0.00000,0.00041,0.00000
251.30125,0.49750,0.99981,0.00000,0.00019,0.00000
251.40125,0.49750,0.99989,0.00000,0.00010,0.00000
251.50125,0.49750,0.99995,0.00000,0.00005,0.00000
251.60126,0.49750,0.99996,0.00000,0.00004,0.00000
251.70125,0.49750,0.99993,0.00000,0.00006,0.00001
251.80125,0.49750,0.99968,0.00000,0.00013,0.00018
251.90125,0.49750,0.99861,0.00002,0.00023,0.00113
252.00125,0.49750,0.99834,0.00008,0.00045,0.00113
252.10126,0.49750,0.99856,0.00013,0.00074,0.00057
252.20125,0.49750,0.99876,0.00007,0.00082,0.00035
252.30125,0.49750,0.99868,0.00005,0.00119,0.00009
252.40125,0.49750,0.99864,0.00002,0.00132,0.00002
252.50125,0.49750,0.99878,0.00001,0.00121,0.00000
252.60126,0.49750,0.99814,0.00000,0.00186,0.00000
252.70125,0.49750,0.99541,0.00001,0.00458,0.00000
252.80125,0.49750,0.99294,0.00002,0.00704,0.00000
252.90125,0.49750,0.99714,0.00002,0.00283,0.00000
253.00125,0.49750,0.99815,0.00006,0.00175,0.00005
253.10126,0.49750,0.99833,0.00011,0.00095,0.00061
253.20125,0.49750,0.99412,0.00008,0.00035,0.00544
253.30125,0.49750,0.98355,0.00006,0.00021,0.01618
253.40125,0.49750,0.99703,0.00011,0.00059,0.00227
253.50125,0.49750,0.99775,0.00018,0.00190,0.00016
253.60126,0.49750,0.99260,0.00038,0.00701,0.00001
253.70125,0.49750,0.97873,0.00086,0.02041,0.00000
253.80125,0.49750,0.95453,0.00205,0.04342,0.00000
253.90125,0.49750,0.97193,0.00167,0.02639,0.00000
254.00125,0.49750,0.99156,0.00077,0.00766,0.00001
254.10126,0.49750,0.99792,0.00014,0.00187,0.00006
254.20125,0.49750,0.99875,0.00005,0.00109,0.00011
254.30125,0.49750,0.99779,0.00007,0.00211,0.00003
254.40125,0.49750,0.99656,0.00007,0.00336,0.00001
254.50125,0.49750,0.99605,0.00004,0.00392,0.00000
254.60126,0.49750,0.99647,0.00006,0.00346,0.00001
254.70125,0.49750,0.99826,0.00006,0.00163,0.00005
254.80125,0.49750,0.99902,0.00002,0.00039,0.00057
254.90125,0.49750,0.99891,0.00001,0.00028,0.00080
255.00125,0.49750,0.99882,0.00005,0.00096,0.00017
255.10126,0.49750,0.99832,0.00004,0.00162,0.00002
255.20125,0.49750,0.99762,0.00002,0.00235,0.00000
255.30125,0.49750,0.99723,0.00001,0.00275,0.00000
255.40125,0.49750,0.99828,0.00001,0.00171,0.00000
255.50125,0.49750,0.99970,0.00000,0.00029,0.00000
255.60126,0.49750,0.99982,0.00000,0.00017,0.00001
255.70125,0.49751,0.99957,0.00000,0.00043,0.00001
255.80125,0.49748,0.99860,0.00000,0.00139,0.00000
255.90125,0.49750,0.99892,0.00000,0.00108,0.00000
256.00125,0.49750,0.99902,0.00000,0.00098,0.00000
256.10126,0.49750,0.99901,0.00000,0.00098,0.00000
256.20126,0.49750,0.99972,0.00000,0.00025,0.00002
256.30124,0.49750,0.99969,0.00000,0.00007,0.00024
256.40125,0.49750,0.99926,0.00000,0.00013,0.00060
256.50125,0.49750,0.99950,0.00001,0.00024,0.00026
256.60126,0.49750,0.99980,0.00000,0.00016,0.00004
256.70126,0.49750,0.99991,0.00000,0.00009,0.00000
256.80124,0.49750,0.99996,0.00000,0.00004,0.00000
256.90125,0.49750,0.99999,0.00000,0.00001,0.00000
257.00125,0.49750,0.99999,0.00000,0.00001,0.00000
257.10126,0.49750,0.99999,0.00000,0.00001,0.00000
257.20126,0.49750,0.99998,0.00000,0.00002,0.00000
257.30124,0.49750,0.99997,0.00000,0.00003,0.00000
257.40125,0.49750,0.99997,0.00000,0.00003,0.00000
257.50125,0.49750,0.99997,0.00000,0.00003,0.00000
257.60126,0.49750,0.99998,0.00000,0.00002,0.00000
257.70126,0.49750,0.99998,0.00000,0.00002,0.00000
257.80124,0.49750,0.99997,0.00000,0.00003,0.00000
257.90125,0.49750,0.99994,0.00000,0.00006,0.00000
258.00125,0.49750,0.99993,0.00000,0.00007,0.00000
258.10126,0.49750,0.99994,0.00000,0.00005,0.00002
258.20126,0.49750,0.99993,0.00000,0.00005,0.00003
258.30124,0.49750,0.99992,0.00000,0.00006,0.00001
258.40125,0.49750,0.99995,0.00000,0.00004,0.00000
258.50125,0.49750,0.99997,0.00000,0.00003,0.00000
258.60126,0.49750,0.99998,0.00000,0.00002,0.00000
258.70126,0.49750,0.99997,0.00000,0.00003,0.00000
258.80124,0.49750,0.99995,0.00000,0.00005,0.00000
258.90125,0.49750,0.99995,0.00000,0.00005,0.00000
259.00125,0.49750,0.99991,0.00000,0.00009,0.00000
259.10126,0.49750,0.99971,0.00000,0.00021,0.00007
259.20126,0.49750,0.99891,0.00001,0.00020,0.00088
259.30124,0.49750,0.99829,0.00003,0.00029,0.00139
259.40125,0.49750,0.99866,0.00010,0.00077,0.00047
259.50125,0.49750,0.99907,0.00004,0.00080,0.00010
259.60126,0.49750,0.99950,0.00000,0.00048,0.00002
259.70126,0.49750,0.99970,0.00000,0.00030,0.00000
259.80124,0.49750,0.99993,0.00000,0.00007,0.00000
259.90125,0.49750,0.99998,0.00000,0.00002,0.00000
260.00125,0.49750,0.99998,0.00000,0.00002,0.00000
260.10126,0.49750,0.99998,0.00000,0.00002,0.00000
260.20126,0.49750,0.99999,0.00000,0.00001,0.00000
260.30124,0.49750,0.99999,0.00000,0.00001,0.00000
260.40125,0.49750,0.99999,0.00000,0.00001,0.00000
260.50125,0.49750,0.99999,0.00000,0.00001,0.00000
260.60126,0.49750,0.99999,0.00000,0.00001,0.00000
260.70126,0.49750,0.99999,0.00000,0.00001,0.00000
260.80124,0.49750,0.99998,0.00000,0.00002,0.00000
260.90125,0.49750,0.99995,0.00000,0.00004,0.00000
261.00125,0.49750,0.99991,0.00000,0.00007,0.00002
261.10126,0.49750,0.99989,0.00000,0.00008,0.00002
261.20126,0.49750,0.99991,0.00000,0.00007,0.00001
261.30124,0.49750,0.99994,0.00000,0.00005,0.00001
261.40125,0.49750,0.99996,0.00000,0.00004,0.00000
261.50125,0.49750,0.99997,0.00000,0.00003,0.00000
261.60126,0.49750,0.99998,0.00000,0.00002,0.00000
261.70126,0.49750,0.99999,0.00000,0.00001,0.00000
261.80124,0.49750,0.99999,0.00000,0.00001,0.00000
261.90125,0.49750,0.99999,0.00000,0.00001,0.00000
262.00125,0.49750,0.99999,0.00000,0.00001,0.00000
262.10126,0.49750,0.99998,0.00000,0.00001,0.00000
262.20126,0.49750,0.99996,0.00000,0.00004,0.00000
262.30124,0.49750,0.99994,0.00000,0.00005,0.00000
262.40125,0.49750,0.99987,0.00000,0.00012,0.00000
262.50125,0.49750,0.99975,0.00000,0.00024,0.00001
262.60126,0.49750,0.99971,0.00000,0.00028,0.00001
262.70126,0.49750,0.99972,0.00000,0.00026,0.00002
262.80124,0.49750,0.99978,0.00000,0.00022,0.00000
262.90125,0.49750,0.99990,0.00000,0.00010,0.00000
263.00125,0.49750,0.99995,0.00000,0.00005,0.00000
263.10126,0.49750,0.99998,0.00000,0.00002,0.00000
263.20126,0.49750,0.99999,0.00000,0.00001,0.00000
263.30124,0.49750,0.99999,0.00000,0.00001,0.00000
263.40125,0.49750,0.99999,0.00000,0.00001,0.00000
263.50125,0.49750,0.99999,0.00000,0.00001,0.00000
263.60126,0.49750,0.99997,0.00000,0.00003,0.00001
263.70126,0.49750,0.99990,0.00000,0.00007,0.00003
263.80124,0.49750,0.99979,0.00000,0.00017,0.00004
263.90125,0.49750,0.99956,0.00000,0.00041,0.00003
264.00125,0.49750,0.99938,0.00000,0.00060,0.00002
264.10126,0.49750,0.99952,0.00000,0.00046,0.00002
264.20126,0.49750,0.99979,0.00000,0.00019,0.00002
264.30124,0.49750,0.99993,0.00000,0.00005,0.00002
264.40125,0.49750,0.99996,0.00000,0.00001,0.00002
264.50125,0.49750,0.99998,0.00000,0.00001,0.00001
264.60126,0.49750,0.99998,0.00000,0.00002,0.00000
264.70126,0.49750,0.99994,0.00000,0.00006,0.00000
264.80124,0.49750,0.99995,0.00000,0.00005,0.00000
264.90125,0.49750,0.99996,0.00000,0.00004,0.00000
265.00125,0.49750,0.99997,0.00000,0.00003,0.00000
265.10126,0.49750,0.99998,0.00000,0.00002,0.00000
265.20126,0.49750,0.99999,0.00000,0.00001,0.00000
265.30124,0.49750,0.99996,0.00000,0.00004,0.00000
265.40125,0.49750,0.99988,0.00000,0.00012,0.00000
265.50125,0.49750,0.99975,0.00000,0.00022,0.00002
265.60126,0.49750,0.99976,0.00000,0.00019,0.00005
265.70126,0.49750,0.99977,0.00000,0.00018,0.00005
265.80124,0.49750,0.99986,0.00000,0.00012,0.00002
265.90125,0.49750,0.99991,0.00000,0.00008,0.00001
266.00125,0.49750,0.99986,0.00000,0.00014,0.00000
266.10126,0.49750,0.99945,0.00000,0.00055,0.00000
266.20126,0.49750,0.99833,0.00000,0.00167,0.00000
266.30124,0.49750,0.99776,0.00000,0.00224,0.00000
266.40125,0.49750,0.99686,0.00003,0.00310,0.00000
266.50125,0.49750,0.99819,0.00010,0.00165,0.00006
266.60126,0.49750,0.99865,0.00007,0.00049,0.00079
266.70126,0.49750,0.99751,0.00012,0.00042,0.00194
266.80124,0.49750,0.99753,0.00061,0.00095,0.00091
266.90125,0.49750,0.99870,0.00018,0.00079,0.00034
267.00125,0.49750,0.99897,0.00004,0.00096,0.00003
267.10126,0.49750,0.99906,0.00001,0.00093,0.00000
267.20126,0.49750,0.99981,0.00000,0.00019,0.00000
267.30124,0.49750,0.99995,0.00000,0.00005,0.00000
267.40125,0.49750,0.99997,0.00000,0.00003,0.00000
267.50125,0.49750,0.99997,0.00000,0.00003,0.00000
267.60126,0.49750,0.99995,0.00000,0.00005,0.00000
267.70126,0.49750,0.99996,0.00000,0.00004,0.00000
267.80124,0.49750,0.99992,0.00000,0.00007,0.00001
267.90125,0.49750,0.99943,0.00000,0.00056,0.00001
268.00125,0.49750,0.99864,0.00003,0.00132,0.00001
268.10126,0.49750,0.99887,0.00007,0.00102,0.00004
268.20126,0.49750,0.99370,0.00101,0.00510,0.00019
268.30124,0.49750,0.99497,0.00073,0.00427,0.00003
268.40125,0.49750,0.99861,0.00022,0.00103,0.00014
268.50125,0.49750,0.99937,0.00002,0.00022,0.00039
268.60126,0.49750,0.99979,0.00000,0.00010,0.00011
268.70126,0.49750,0.99992,0.00000,0.00006,0.00002
268.80124,0.49750,0.99944,0.00001,0.00055,0.00001
268.90125,0.49750,0.99949,0.00000,0.00051,0.00000
269.00125,0.49750,0.99977,0.00000,0.00023,0.00000
269.10126,0.49750,0.99987,0.00000,0.00013,0.00000
269.20126,0.49750,0.99998,0.00000,0.00002,0.00000
269.30124,0.49750,1.00000,0.00000,0.00000,0.00000
269.40125,0.49750,0.99998,0.00000,0.00002,0.00000
269.50125,0.49750,0.99994,0.00000,0.00006,0.00000
269.60126,0.49750,0.99975,0.00000,0.00025,0.00000
269.70126,0.49750,0.99906,0.00000,0.00094,0.00000
269.80124,0.49750,0.99827,0.00000,0.00173,0.00000
269.90125,0.49750,0.99098,0.00001,0.00901,0.00000
270.00125,0.49750,0.93355,0.00023,0.06623,0.00000
270.10126,0.49750,0.91724,0.00102,0.08174,0.00000
270.20126,0.49750,0.91731,0.00203,0.08066,0.00000
270.30124,0.49750,0.93809,0.00104,0.06087,0.00000
270.40125,0.49750,0.99148,0.00016,0.00836,0.00000
270.50125,0.49750,0.99883,0.00008,0.00109,0.00000
270.60126,0.49750,0.99899,0.00012,0.00089,0.00000
270.70126,0.49750,0.99943,0.00007,0.00050,0.00000
270.80124,0.49750,0.99968,0.00005,0.00026,0.00000
270.90125,0.49750,0.99949,0.00004,0.00048,0.00000
271.00125,0.49750,0.99869,0.00003,0.00127,0.00000
271.10126,0.49750,0.99643,0.00006,0.00351,0.00000
271.20126,0.49750,0.98777,0.00031,0.01192,0.00000
271.30124,0.49750,0.98587,0.00025,0.01388,0.00000
271.40125,0.49750,0.98429,0.00025,0.01546,0.00000
271.50125,0.49750,0.98465,0.00011,0.01524,0.00000
271.60126,0.49750,0.99005,0.00006,0.00989,0.00000
271.70126,0.49750,0.99608,0.00003,0.00389,0.00000
271.80124,0.49750,0.99856,0.00001,0.00143,0.00000
271.90125,0.49750,0.99946,0.00000,0.00054,0.00000
272.00125,0.49750,0.99974,0.00000,0.00025,0.00000
272.10126,0.49750,0.99978,0.00000,0.00021,0.00000
272.20126,0.49750,0.99986,0.00000,0.00014,0.00000
272.30124,0.49750,0.99983,0.00000,0.00017,0.00000
272.40125,0.49750,0.99923,0.00000,0.00077,0.00000
272.50125,0.49750,0.99887,0.00000,0.00113,0.00000
272.60126,0.49750,0.99799,0.00002,0.00199,0.00000
272.70126,0.49750,0.99527,0.00017,0.00456,0.00000
272.80124,0.49750,0.99672,0.00054,0.00270,0.00004
272.90125,0.49750,0.99822,0.00046,0.00101,0.00030
273.00125,0.49750,0.99965,0.00003,0.00023,0.00010
273.10126,0.49750,0.99992,0.00000,0.00007,0.00001
273.20126,0.49750,0.99988,0.00000,0.00011,0.00000
273.30124,0.49750,0.99983,0.00000,0.00017,0.00000
273.40125,0.49750,0.99968,0.00000,0.00032,0.00000
273.50125,0.49750,0.99403,0.00007,0.00590,0.00000
273.60126,0.49750,0.97395,0.00039,0.02565,0.00000
273.70126,0.49750,0.99195,0.00018,0.00787,0.00001
273.80124,0.49750,0.99497,0.00042,0.00459,0.00003
273.90125,0.49750,0.99802,0.00067,0.00117,0.00013
274.00125,0.49750,0.99894,0.00010,0.00021,0.00075
274.10126,0.49750,0.99704,0.00025,0.00016,0.00256
274.20126,0.49750,0.99807,0.00076,0.00038,0.00080
274.30124,0.49750,0.99885,0.00023,0.00084,0.00008
274.40125,0.49750,0.99725,0.00007,0.00268,0.00001
274.50125,0.49750,0.99279,0.00011,0.00709,0.00000
274.60126,0.49750,0.99686,0.00001,0.00313,0.00000
274.70126,0.49750,0.99935,0.00000,0.00065,0.00000
274.80124,0.49750,0.99986,0.00000,0.00014,0.00000
274.90125,0.49750,0.99996,0.00000,0.00004,0.00000
275.00125,0.49750,0.99999,0.00000,0.00001,0.00000
275.10126,0.49750,0.99999,0.00000,0.00001,0.00000
275.20126,0.49750,0.99998,0.00000,0.00001,0.00000
275.30124,0.49750,0.99998,0.00000,0.00002,0.00000
275.40125,0.49750,0.99998,0.00000,0.00002,0.00000
275.50125,0.49750,0.99997,0.00000,0.00002,0.00000
275.60126,0.49750,0.99997,0.00000,0.00002,0.00001
275.70126,0.49750,0.99998,0.00000,0.00002,0.00000
275.80124,0.49750,0.99998,0.00000,0.00002,0.00000
275.90125,0.49750,0.99995,0.00000,0.00004,0.00000
276.00125,0.49750,0.99995,0.00000,0.00005,0.00000
276.10126,0.49750,0.99992,0.00000,0.00008,0.00000
276.20126,0.49750,0.99987,0.00000,0.00010,0.00003
276.30124,0.49750,0.99898,0.00005,0.00091,0.00006
276.40125,0.49750,0.99795,0.00103,0.00099,0.00003
276.50125,0.49750,0.97969,0.01831,0.00185,0.00016
276.60126,0.49750,0.95677,0.03527,0.00776,0.00021
276.70126,0.49750,0.96018,0.02530,0.01450,0.00002
276.80124,0.49750,0.99496,0.00268,0.00232,0.00004
276.90125,0.49750,0.99750,0.00049,0.00189,0.00011
277.00125,0.49750,0.99784,0.00086,0.00111,0.00019
277.10126,0.49750,0.99838,0.00084,0.00029,0.00049
277.20126,0.49750,0.99607,0.00056,0.00013,0.00325
277.30124,0.49750,0.99835,0.00011,0.00016,0.00138
277.40125,0.49750,0.99970,0.00001,0.00012,0.00017
277.50125,0.49750,0.99986,0.00000,0.00012,0.00002
277.60126,0.49750,0.99970,0.00000,0.00030,0.00000
277.70126,0.49750,0.99978,0.00000,0.00022,0.00000
277.80124,0.49750,0.99994,0.00000,0.00006,0.00000
277.90125,0.49750,0.99990,0.00000,0.00010,0.00000
278.00125,0.49750,0.99981,0.00000,0.00019,0.00000
278.10126,0.49750,0.99994,0.00000,0.00006,0.00000
278.20126,0.49750,0.99993,0.00000,0.00007,0.00000
278.30124,0.49750,0.99980,0.00000,0.00018,0.00002
278.40125,0.49750,0.99968,0.00000,0.00015,0.00017
278.50125,0.49750,0.99933,0.00000,0.00013,0.00053
278.60126,0.49750,0.99892,0.00001,0.00021,0.00087
278.70126,0.49750,0.99949,0.00000,0.00016,0.00034
278.80124,0.49750,0.99983,0.00000,0.00011,0.00006
278.90125,0.49750,0.99993,0.00000,0.00005,0.00002
279.00125,0.49750,0.99997,0.00000,0.00002,0.00001
279.10126,0.49750,0.99998,0.00000,0.00001,0.00001
279.20126,0.49750,0.99998,0.00000,0.00001,0.00001
279.30124,0.49750,0.99996,0.00000,0.00003,0.00000
279.40125,0.49750,0.99995,0.00000,0.00005,0.00000
279.50125,0.49750,0.99996,0.00000,0.00004,0.00000
279.60126,0.49750,0.99997,0.00000,0.00003,0.00000
279.70126,0.49750,0.99997,0.00000,0.00003,0.00000
279.80124,0.49750,0.99997,0.00000,0.00003,0.00000
279.90125,0.49750,0.99997,0.00000,0.00003,0.00000
280.00125,0.49750,0.99989,0.00000,0.00010,0.00001
280.10126,0.49750,0.99934,0.00001,0.00062,0.00003
280.20126,0.49750,0.99951,0.00000,0.00047,0.00001
280.30124,0.49750,0.99979,0.00000,0.00021,0.00000
280.40125,0.49750,0.99981,0.00000,0.00019,0.00000
280.50125,0.49750,0.99990,0.00000,0.00010,0.00000
280.60126,0.49750,0.99995,0.00000,0.00005,0.00000
280.70126,0.49750,0.99995,0.00000,0.00005,0.00000
280.80124,0.49750,0.99990,0.00000,0.00010,0.00000
280.90125,0.49750,0.99962,0.00000,0.00038,0.00000
281.00125,0.49750,0.99942,0.00000,0.00058,0.00000
281.10126,0.49750,0.99955,0.00000,0.00045,0.00000
281.20126,0.49750,0.99936,0.00002,0.00055,0.00008
281.30124,0.49750,0.99876,0.00007,0.00040,0.00077
281.40125,0.49750,0.99487,0.00013,0.00026,0.00474
281.50125,0.49750,0.99341,0.00031,0.00030,0.00598
281.60126,0.49750,0.99732,0.00030,0.00044,0.00194
281.70126,0.49750,0.99914,0.00006,0.00066,0.00015
281.80124,0.49750,0.99818,0.00004,0.00177,0.00001
281.90125,0.49750,0.99667,0.00004,0.00329,0.00000
282.00125,0.49750,0.99348,0.00003,0.00649,0.00000
282.10126,0.49750,0.98709,0.00003,0.01288,0.00000
282.20126,0.49750,0.98930,0.00003,0.01067,0.00000
282.30124,0.49750,0.99650,0.00001,0.00348,0.00000
282.40125,0.49750,0.99886,0.00001,0.00111,0.00002
282.50125,0.49750,0.99940,0.00001,0.00047,0.00012
282.60126,0.49750,0.99925,0.00000,0.00021,0.00053
282.70126,0.49750,0.99930,0.00000,0.00019,0.00051
282.80124,0.49750,0.99964,0.00000,0.00028,0.00008
282.90125,0.49750,0.99972,0.00000,0.00027,0.00001
283.00125,0.49750,0.99972,0.00000,0.00028,0.00000
283.10126,0.49750,0.99969,0.00000,0.00031,0.00000
283.20126,0.49750,0.99968,0.00000,0.00032,0.00000
283.30124,0.49750,0.99968,0.00000,0.00032,0.00000
283.40125,0.49750,0.99937,0.00000,0.00063,0.00000
283.50125,0.49750,0.99886,0.00000,0.00114,0.00000
283.60126,0.49750,0.99803,0.00000,0.00197,0.00000
283.70126,0.49750,0.99638,0.00001,0.00361,0.00000
283.80124,0.49750,0.99292,0.00002,0.00706,0.00000
283.90125,0.49750,0.99118,0.00003,0.00879,0.00000
284.00125,0.49750,0.99362,0.00004,0.00633,0.00000
284.10126,0.49750,0.99648,0.00004,0.00347,0.00001
284.20126,0.49750,0.99819,0.00003,0.00171,0.00007
284.30124,0.49750,0.99877,0.00003,0.00091,0.00029
284.40125,0.49750,0.99811,0.00004,0.00045,0.00141
