Time (seconds), Duration (seconds),pred_(unlabeled),pred_Jab_R,pred_Sidehook_R,pred_Uppercut_R
0.00125,0.99750,0.99803,0.00000,0.00172,0.00024
0.10125,0.99750,0.99905,0.00000,0.00073,0.00022
0.20125,0.99750,0.99975,0.00000,0.00015,0.00010
0.30125,0.99750,0.99942,0.00000,0.00035,0.00023
0.40125,0.99750,0.99974,0.00000,0.00006,0.00020
0.50125,0.99750,0.99985,0.00000,0.00001,0.00014
0.60125,0.99750,0.99987,0.00000,0.00000,0.00013
0.70125,0.99750,0.99983,0.00000,0.00001,0.00017
0.80125,0.99750,0.99991,0.00000,0.00000,0.00008
0.90125,0.99750,0.99998,0.00000,0.00000,0.00002
1.00125,0.99750,0.99999,0.00000,0.00000,0.00001
1.10125,0.99750,0.99998,0.00000,0.00000,0.00002
1.20125,0.99750,0.99999,0.00000,0.00000,0.00001
1.30125,0.99750,0.99999,0.00000,0.00000,0.00001
1.40125,0.99750,0.99998,0.00000,0.00000,0.00002
1.50125,0.99750,0.99998,0.00000,0.00000,0.00002
1.60125,0.99750,0.99999,0.00000,0.00000,0.00001
1.70125,0.99750,0.99999,0.00000,0.00000,0.00001
1.80125,0.99750,0.99999,0.00000,0.00000,0.00001
1.90125,0.99750,0.99999,0.00000,0.00000,0.00001
2.00125,0.99750,1.00000,0.00000,0.00000,0.00000
2.10125,0.99750,1.00000,0.00000,0.00000,0.00000
2.20125,0.99750,0.99999,0.00000,0.00000,0.00001
2.30125,0.99750,1.00000,0.00000,0.00000,0.00000
2.40125,0.99750,1.00000,0.00000,0.00000,0.00000
2.50125,0.99750,1.00000,0.00000,0.00000,0.00000
2.60125,0.99750,1.00000,0.00000,0.00000,0.00000
2.70125,0.99750,1.00000,0.00000,0.00000,0.00000
2.80125,0.99750,1.00000,0.00000,0.00000,0.00000
2.90125,0.99750,1.00000,0.00000,0.00000,0.00000
3.00125,0.99750,1.00000,0.00000,0.00000,0.00000
3.10125,0.99750,1.00000,0.00000,0.00000,0.00000
3.20125,0.99750,1.00000,0.00000,0.00000,0.00000
3.30125,0.99750,1.00000,0.00000,0.00000,0.00000
3.40125,0.99750,1.00000,0.00000,0.00000,0.00000
3.50125,0.99750,0.99996,0.00000,0.00000,0.00004
3.60125,0.99750,0.99997,0.00000,0.00000,0.00003
3.70125,0.99750,0.99994,0.00000,0.00000,0.00006
3.80125,0.99750,0.99976,0.00000,0.00000,0.00024
3.90125,0.99750,0.99583,0.00000,0.00000,0.00417
4.00125,0.99750,0.98973,0.00000,0.00000,0.01027
4.10125,0.99750,0.94539,0.00003,0.00000,0.05458
4.20125,0.99750,0.98812,0.00000,0.00000,0.01188
4.30125,0.99750,0.98327,0.00000,0.00000,0.01673
4.40125,0.99750,0.96560,0.00000,0.00000,0.03440
4.50125,0.99750,0.97574,0.00001,0.00000,0.02426
4.60125,0.99750,0.99925,0.00000,0.00000,0.00075
4.70125,0.99750,0.99842,0.00000,0.00000,0.00158
4.80125,0.99750,0.99946,0.00000,0.00000,0.00054
4.90125,0.99750,0.99993,0.00000,0.00000,0.00007
5.00125,0.99750,0.99992,0.00000,0.00000,0.00008
5.10125,0.99750,0.99980,0.00000,0.00000,0.00020
5.20125,0.99750,0.99992,0.00000,0.00000,0.00008
5.30125,0.99750,0.99997,0.00000,0.00000,0.00003
5.40125,0.99750,0.99998,0.00000,0.00000,0.00002
5.50125,0.99750,0.99997,0.00000,0.00000,0.00003
5.60125,0.99750,0.99999,0.00000,0.00000,0.00001
5.70125,0.99750,0.99999,0.00000,0.00000,0.00001
5.80125,0.99750,1.00000,0.00000,0.00000,0.00000
5.90125,0.99750,1.00000,0.00000,0.00000,0.00000
6.00125,0.99750,1.00000,0.00000,0.00000,0.00000
6.10125,0.99750,1.00000,0.00000,0.00000,0.00000
6.20125,0.99750,1.00000,0.00000,0.00000,0.00000
6.30125,0.99750,1.00000,0.00000,0.00000,0.00000
6.40125,0.99750,1.00000,0.00000,0.00000,0.00000
6.50125,0.99750,1.00000,0.00000,0.00000,0.00000
6.60125,0.99750,1.00000,0.00000,0.00000,0.00000
6.70125,0.99750,1.00000,0.00000,0.00000,0.00000
6.80125,0.99750,1.00000,0.00000,0.00000,0.00000
6.90125,0.99750,1.00000,0.00000,0.00000,0.00000
7.00125,0.99750,1.00000,0.00000,0.00000,0.00000
7.10125,0.99750,0.99999,0.00000,0.00000,0.00001
7.20125,0.99750,0.99996,0.00000,0.00000,0.00004
7.30125,0.99750,0.99984,0.00000,0.00000,0.00016
7.40125,0.99750,0.99973,0.00000,0.00000,0.00027
7.50125,0.99750,0.99823,0.00000,0.00000,0.00177
7.60125,0.99750,0.99378,0.00000,0.00000,0.00622
7.70125,0.99750,0.99731,0.00000,0.00000,0.00269
7.80125,0.99750,0.99828,0.00000,0.00001,0.00171
7.90125,0.99750,0.99855,0.00000,0.00001,0.00143
8.00125,0.99750,0.99844,0.00000,0.00002,0.00154
8.10125,0.99750,0.99818,0.00000,0.00001,0.00181
8.20125,0.99750,0.99968,0.00000,0.00001,0.00031
8.30125,0.99750,0.99949,0.00000,0.00002,0.00049
8.40125,0.99750,0.99959,0.00000,0.00000,0.00041
8.50125,0.99750,0.99984,0.00000,0.00000,0.00016
8.60125,0.99750,0.99968,0.00001,0.00000,0.00031
8.70125,0.99750,0.99973,0.00000,0.00000,0.00027
8.80125,0.99750,0.99977,0.00000,0.00000,0.00023
8.90125,0.99750,0.99984,0.00000,0.00000,0.00016
9.00125,0.99750,0.99993,0.00000,0.00000,0.00007
9.10125,0.99750,0.99999,0.00000,0.00000,0.00001
9.20125,0.99750,0.99995,0.00000,0.00000,0.00005
9.30125,0.99750,0.99992,0.00000,0.00000,0.00008
9.40125,0.99750,0.99998,0.00000,0.00000,0.00002
9.50125,0.99750,0.99973,0.00000,0.00000,0.00027
9.60125,0.99750,0.99959,0.00000,0.00000,0.00040
9.70125,0.99750,0.99920,0.00000,0.00002,0.00077
9.80125,0.99750,0.99941,0.00003,0.00007,0.00049
9.90125,0.99750,0.99961,0.00003,0.00011,0.00026
10.00125,0.99750,0.99968,0.00000,0.00003,0.00029
10.10125,0.99750,0.99975,0.00000,0.00000,0.00025
10.20125,0.99750,0.99766,0.00000,0.00000,0.00234
10.30125,0.99750,0.99993,0.00000,0.00000,0.00007
10.40125,0.99750,0.99996,0.00000,0.00000,0.00004
10.50125,0.99750,0.99988,0.00000,0.00000,0.00012
10.60125,0.99750,0.99998,0.00000,0.00000,0.00002
10.70125,0.99750,1.00000,0.00000,0.00000,0.00000
10.80125,0.99750,0.99999,0.00000,0.00000,0.00001
10.90125,0.99750,0.99998,0.00000,0.00000,0.00002
11.00125,0.99750,0.99999,0.00000,0.00000,0.00001
11.10125,0.99750,1.00000,0.00000,0.00000,0.00000
11.20125,0.99750,1.00000,0.00000,0.00000,0.00000
11.30125,0.99750,1.00000,0.00000,0.00000,0.00000
11.40125,0.99750,1.00000,0.00000,0.00000,0.00000
11.50125,0.99750,1.00000,0.00000,0.00000,0.00000
11.60125,0.99750,1.00000,0.00000,0.00000,0.00000
11.70125,0.99750,0.99999,0.00000,0.00000,0.00001
11.80125,0.99750,0.99998,0.00000,0.00000,0.00002
11.90125,0.99750,1.00000,0.00000,0.00000,0.00000
12.00125,0.99750,1.00000,0.00000,0.00000,0.00000
12.10125,0.99750,0.99998,0.00000,0.00000,0.00002
12.20125,0.99750,1.00000,0.00000,0.00000,0.00000
12.30125,0.99750,1.00000,0.00000,0.00000,0.00000
12.40125,0.99750,0.99999,0.00000,0.00000,0.00001
12.50125,0.99750,0.99998,0.00000,0.00000,0.00002
12.60125,0.99750,0.99968,0.00000,0.00000,0.00032
12.70125,0.99750,0.99957,0.00009,0.00000,0.00034
12.80125,0.99750,0.99935,0.00045,0.00000,0.00021
12.90125,0.99750,0.99784,0.00003,0.00000,0.00213
13.00125,0.99750,0.91706,0.00010,0.00001,0.08282
13.10125,0.99750,0.53655,0.00467,0.00012,0.45867
13.20125,0.99750,0.83341,0.00003,0.00015,0.16641
13.30125,0.99750,0.45510,0.00001,0.00032,0.54457
13.40125,0.99750,0.86922,0.00002,0.00002,0.13074
13.50125,0.99750,0.92812,0.00000,0.00001,0.07187
13.60125,0.99750,0.98500,0.00000,0.00000,0.01499
13.70125,0.99750,0.99976,0.00000,0.00000,0.00024
13.80125,0.99750,0.99935,0.00000,0.00000,0.00065
13.90125,0.99750,0.99983,0.00000,0.00000,0.00017
14.00125,0.99750,0.99994,0.00000,0.00000,0.00006
14.10125,0.99750,0.99998,0.00000,0.00000,0.00002
14.20125,0.99750,0.99999,0.00000,0.00000,0.00001
14.30125,0.99750,1.00000,0.00000,0.00000,0.00000
14.40125,0.99750,1.00000,0.00000,0.00000,0.00000
14.50125,0.99750,0.99999,0.00000,0.00000,0.00001
14.60125,0.99750,1.00000,0.00000,0.00000,0.00000
14.70125,0.99750,0.99999,0.00000,0.00000,0.00001
14.80125,0.99750,0.99999,0.00000,0.00000,0.00001
14.90125,0.99750,1.00000,0.00000,0.00000,0.00000
15.00125,0.99750,1.00000,0.00000,0.00000,0.00000
15.10125,0.99750,1.00000,0.00000,0.00000,0.00000
15.20125,0.99750,1.00000,0.00000,0.00000,0.00000
15.30125,0.99750,1.00000,0.00000,0.00000,0.00000
15.40125,0.99750,1.00000,0.00000,0.00000,0.00000
15.50125,0.99750,1.00000,0.00000,0.00000,0.00000
15.60125,0.99750,1.00000,0.00000,0.00000,0.00000
15.70125,0.99750,1.00000,0.00000,0.00000,0.00000
15.80125,0.99750,0.99999,0.00001,0.00000,0.00000
15.90125,0.99750,0.99999,0.00001,0.00000,0.00000
16.00125,0.99750,1.00000,0.00000,0.00000,0.00000
16.10125,0.99750,0.99999,0.00000,0.00000,0.00000
16.20125,0.99750,0.99999,0.00000,0.00000,0.00000
16.30125,0.99750,1.00000,0.00000,0.00000,0.00000
16.40125,0.99750,1.00000,0.00000,0.00000,0.00000
16.50125,0.99750,0.99999,0.00000,0.00000,0.00001
16.60125,0.99750,0.99998,0.00000,0.00000,0.00002
16.70125,0.99750,0.99997,0.00000,0.00000,0.00003
16.80125,0.99750,0.99982,0.00000,0.00000,0.00018
16.90125,0.99750,0.99988,0.00000,0.00000,0.00012
17.00125,0.99750,0.99997,0.00000,0.00000,0.00003
17.10125,0.99750,0.99993,0.00000,0.00000,0.00007
17.20125,0.99750,0.99998,0.00000,0.00000,0.00002
17.30125,0.99750,1.00000,0.00000,0.00000,0.00000
17.40125,0.99750,1.00000,0.00000,0.00000,0.00000
17.50125,0.99750,1.00000,0.00000,0.00000,0.00000
17.60125,0.99750,1.00000,0.00000,0.00000,0.00000
17.70125,0.99750,1.00000,0.00000,0.00000,0.00000
17.80125,0.99750,1.00000,0.00000,0.00000,0.00000
17.90125,0.99750,0.99999,0.00000,0.00000,0.00000
18.00125,0.99750,0.99999,0.00000,0.00000,0.00001
18.10125,0.99750,0.99999,0.00000,0.00000,0.00001
18.20125,0.99750,0.99998,0.00000,0.00000,0.00002
18.30125,0.99750,0.99985,0.00000,0.00001,0.00014
18.40125,0.99750,0.99980,0.00000,0.00001,0.00019
18.50125,0.99750,0.99991,0.00000,0.00002,0.00008
18.60125,0.99750,0.99997,0.00000,0.00001,0.00002
18.70125,0.99750,1.00000,0.00000,0.00000,0.00000
18.80125,0.99750,1.00000,0.00000,0.00000,0.00000
18.90125,0.99750,0.99999,0.00000,0.00000,0.00000
19.00125,0.99750,0.99999,0.00001,0.00000,0.00000
19.10125,0.99750,0.99993,0.00007,0.00000,0.00000
19.20125,0.99750,0.99928,0.00071,0.00001,0.00000
19.30125,0.99750,0.99469,0.00529,0.00002,0.00000
19.40125,0.99750,0.99361,0.00637,0.00001,0.00000
19.50125,0.99750,0.99833,0.00166,0.00001,0.00000
19.60125,0.99750,0.99881,0.00117,0.00003,0.00000
19.70125,0.99750,0.99697,0.00286,0.00016,0.00000
19.80125,0.99750,0.99850,0.00143,0.00007,0.00000
19.90125,0.99750,0.99885,0.00110,0.00005,0.00000
20.00125,0.99750,0.99924,0.00073,0.00003,0.00000
20.10125,0.99750,0.99973,0.00024,0.00004,0.00000
20.20125,0.99750,0.99971,0.00026,0.00002,0.00000
20.30125,0.99750,0.99988,0.00011,0.00002,0.00000
20.40125,0.99750,0.99994,0.00004,0.00002,0.00000
20.50125,0.99750,0.99999,0.00000,0.00001,0.00000
20.60125,0.99750,1.00000,0.00000,0.00000,0.00000
20.70125,0.99750,1.00000,0.00000,0.00000,0.00000
20.80125,0.99750,0.99999,0.00000,0.00001,0.00000
20.90125,0.99750,0.99999,0.00000,0.00001,0.00000
21.00125,0.99750,0.99999,0.00000,0.00000,0.00001
21.10125,0.99750,0.99992,0.00000,0.00000,0.00008
21.20125,0.99750,0.99954,0.00000,0.00000,0.00046
21.30125,0.99750,0.98864,0.00000,0.00000,0.01136
21.40125,0.99750,0.98533,0.00000,0.00000,0.01467
21.50125,0.99750,0.98281,0.00000,0.00000,0.01719
21.60125,0.99750,0.96933,0.00000,0.00000,0.03067
21.70125,0.99750,0.96920,0.00000,0.00000,0.03080
21.80125,0.99750,0.99139,0.00000,0.00000,0.00861
21.90125,0.99750,0.99722,0.00000,0.00000,0.00278
22.00125,0.99750,0.99869,0.00000,0.00000,0.00131
22.10125,0.99750,0.99962,0.00000,0.00000,0.00038
22.20125,0.99750,0.99986,0.00000,0.00000,0.00014
22.30125,0.99750,0.99999,0.00000,0.00000,0.00001
22.40125,0.99750,1.00000,0.00000,0.00000,0.00000
22.50125,0.99750,0.99999,0.00000,0.00000,0.00000
22.60125,0.99750,0.99998,0.00002,0.00000,0.00000
22.70125,0.99750,1.00000,0.00000,0.00000,0.00000
22.80125,0.99750,0.99999,0.00001,0.00000,0.00000
22.90125,0.99750,0.99995,0.00005,0.00000,0.00000
23.00125,0.99750,0.99998,0.00002,0.00000,0.00000
23.10125,0.99750,0.99999,0.00001,0.00000,0.00000
23.20125,0.99750,1.00000,0.00000,0.00000,0.00000
23.30125,0.99750,1.00000,0.00000,0.00000,0.00000
23.40125,0.99750,1.00000,0.00000,0.00000,0.00000
23.50125,0.99750,0.99999,0.00000,0.00000,0.00001
23.60125,0.99750,0.99986,0.00000,0.00000,0.00014
23.70125,0.99750,0.99842,0.00000,0.00000,0.00158
23.80125,0.99750,0.99599,0.00000,0.00000,0.00400
23.90125,0.99750,0.98621,0.00000,0.00001,0.01378
24.00125,0.99750,0.87911,0.00000,0.00011,0.12078
24.10125,0.99750,0.88095,0.00000,0.00012,0.11893
24.20125,0.99750,0.98316,0.00000,0.00002,0.01682
24.30125,0.99750,0.99579,0.00000,0.00004,0.00417
24.40125,0.99750,0.99602,0.00000,0.00003,0.00395
24.50125,0.99750,0.99721,0.00000,0.00001,0.00278
24.60125,0.99750,0.99898,0.00000,0.00001,0.00102
24.70125,0.99750,0.99989,0.00000,0.00000,0.00011
24.80125,0.99750,0.99997,0.00000,0.00000,0.00003
24.90125,0.99750,0.99999,0.00000,0.00000,0.00001
25.00125,0.99750,0.99999,0.00000,0.00000,0.00001
25.10125,0.99750,1.00000,0.00000,0.00000,0.00000
25.20125,0.99750,0.99999,0.00000,0.00001,0.00000
25.30125,0.99750,0.99995,0.00000,0.00005,0.00000
25.40125,0.99750,0.99995,0.00000,0.00005,0.00000
25.50125,0.99750,0.99981,0.00000,0.00019,0.00000
25.60125,0.99750,0.99989,0.00000,0.00010,0.00000
25.70125,0.99750,0.99992,0.00000,0.00006,0.00002
25.80125,0.99750,0.99985,0.00000,0.00005,0.00010
25.90125,0.99750,0.99990,0.00000,0.00003,0.00007
26.00125,0.99750,0.99994,0.00000,0.00002,0.00004
26.10125,0.99750,0.99998,0.00000,0.00000,0.00002
26.20125,0.99750,0.99999,0.00000,0.00000,0.00000
26.30125,0.99750,1.00000,0.00000,0.00000,0.00000
26.40125,0.99750,0.99999,0.00000,0.00001,0.00000
26.50125,0.99750,0.99999,0.00000,0.00001,0.00000
26.60125,0.99750,0.99999,0.00000,0.00001,0.00000
26.70125,0.99750,0.99995,0.00000,0.00005,0.00000
26.80125,0.99750,0.99994,0.00000,0.00006,0.00000
26.90125,0.99750,0.99984,0.00000,0.00016,0.00000
27.00125,0.99750,0.99981,0.00000,0.00019,0.00000
27.10125,0.99750,0.99998,0.00000,0.00002,0.00000
27.20125,0.99750,1.00000,0.00000,0.00000,0.00000
27.30125,0.99750,1.00000,0.00000,0.00000,0.00000
27.40125,0.99750,0.99998,0.00000,0.00000,0.00002
27.50125,0.99750,0.99998,0.00000,0.00000,0.00002
27.60125,0.99750,1.00000,0.00000,0.00000,0.00000
27.70125,0.99750,1.00000,0.00000,0.00000,0.00000
27.80125,0.99750,1.00000,0.00000,0.00000,0.00000
27.90125,0.99750,1.00000,0.00000,0.00000,0.00000
28.00125,0.99750,1.00000,0.00000,0.00000,0.00000
28.10125,0.99750,1.00000,0.00000,0.00000,0.00000
28.20125,0.99750,1.00000,0.00000,0.00000,0.00000
28.30125,0.99750,1.00000,0.00000,0.00000,0.00000
28.40125,0.99750,1.00000,0.00000,0.00000,0.00000
28.50125,0.99750,1.00000,0.00000,0.00000,0.00000
28.60125,0.99750,1.00000,0.00000,0.00000,0.00000
28.70125,0.99750,1.00000,0.00000,0.00000,0.00000
28.80125,0.99750,1.00000,0.00000,0.00000,0.00000
28.90125,0.99750,1.00000,0.00000,0.00000,0.00000
29.00125,0.99750,1.00000,0.00000,0.00000,0.00000
29.10125,0.99750,1.00000,0.00000,0.00000,0.00000
29.20125,0.99750,1.00000,0.00000,0.00000,0.00000
29.30125,0.99750,1.00000,0.00000,0.00000,0.00000
29.40125,0.99750,1.00000,0.00000,0.00000,0.00000
29.50125,0.99750,1.00000,0.00000,0.00000,0.00000
29.60125,0.99750,1.00000,0.00000,0.00000,0.00000
29.70125,0.99750,1.00000,0.00000,0.00000,0.00000
29.80125,0.99750,1.00000,0.00000,0.00000,0.00000
29.90125,0.99750,1.00000,0.00000,0.00000,0.00000
30.00125,0.99750,1.00000,0.00000,0.00000,0.00000
30.10125,0.99750,0.99996,0.00000,0.00000,0.00004
30.20125,0.99750,0.99995,0.00000,0.00000,0.00005
30.30125,0.99750,0.99990,0.00000,0.00000,0.00010
30.40125,0.99750,0.99980,0.00000,0.00000,0.00020
30.50125,0.99750,0.99747,0.00000,0.00001,0.00252
30.60125,0.99750,0.99903,0.00000,0.00000,0.00097
30.70125,0.99750,0.99995,0.00000,0.00000,0.00005
30.80125,0.99750,0.99974,0.00000,0.00000,0.00026
30.90125,0.99750,0.99950,0.00000,0.00000,0.00050
31.00125,0.99750,0.99967,0.00000,0.00000,0.00033
31.10125,0.99750,0.99986,0.00000,0.00000,0.00014
31.20125,0.99750,0.99963,0.00000,0.00000,0.00037
31.30125,0.99750,0.99960,0.00000,0.00001,0.00039
31.40125,0.99750,0.99972,0.00000,0.00001,0.00026
31.50125,0.99750,0.99998,0.00000,0.00000,0.00002
31.60125,0.99750,0.99999,0.00000,0.00000,0.00001
31.70125,0.99750,0.99999,0.00000,0.00000,0.00001
31.80125,0.99750,0.99998,0.00000,0.00000,0.00002
31.90125,0.99750,0.99999,0.00000,0.00000,0.00001
32.00125,0.99750,0.99999,0.00000,0.00000,0.00001
32.10125,0.99750,0.99999,0.00000,0.00000,0.00001
32.20125,0.99750,0.99999,0.00000,0.00000,0.00001
32.30125,0.99750,1.00000,0.00000,0.00000,0.00000
32.40125,0.99750,0.99999,0.00000,0.00000,0.00001
32.50125,0.99750,0.99998,0.00000,0.00000,0.00002
32.60125,0.99750,0.99998,0.00000,0.00000,0.00002
32.70125,0.99750,0.99997,0.00000,0.00001,0.00003
32.80125,0.99750,0.99996,0.00000,0.00002,0.00002
32.90125,0.99750,0.99999,0.00000,0.00001,0.00001
33.00125,0.99750,1.00000,0.00000,0.00000,0.00000
33.10125,0.99750,1.00000,0.00000,0.00000,0.00000
33.20125,0.99750,1.00000,0.00000,0.00000,0.00000
33.30125,0.99750,1.00000,0.00000,0.00000,0.00000
33.40125,0.99750,1.00000,0.00000,0.00000,0.00000
33.50125,0.99750,1.00000,0.00000,0.00000,0.00000
33.60125,0.99750,1.00000,0.00000,0.00000,0.00000
33.70125,0.99750,1.00000,0.00000,0.00000,0.00000
33.80125,0.99750,1.00000,0.00000,0.00000,0.00000
33.90125,0.99750,1.00000,0.00000,0.00000,0.00000
34.00125,0.99750,0.99999,0.00000,0.00000,0.00001
34.10125,0.99750,0.99994,0.00000,0.00000,0.00006
34.20125,0.99750,0.99992,0.00000,0.00000,0.00008
34.30125,0.99750,0.99995,0.00000,0.00000,0.00005
34.40125,0.99750,0.99995,0.00000,0.00000,0.00005
34.50125,0.99750,0.99998,0.00000,0.00000,0.00002
34.60125,0.99750,0.99999,0.00000,0.00000,0.00001
34.70125,0.99750,0.99998,0.00000,0.00000,0.00002
34.80125,0.99750,1.00000,0.00000,0.00000,0.00000
34.90125,0.99750,1.00000,0.00000,0.00000,0.00000
35.00125,0.99750,1.00000,0.00000,0.00000,0.00000
35.10125,0.99750,1.00000,0.00000,0.00000,0.00000
35.20125,0.99750,1.00000,0.00000,0.00000,0.00000
35.30125,0.99750,1.00000,0.00000,0.00000,0.00000
35.40125,0.99750,1.00000,0.00000,0.00000,0.00000
35.50125,0.99750,1.00000,0.00000,0.00000,0.00000
35.60125,0.99750,1.00000,0.00000,0.00000,0.00000
35.70125,0.99750,1.00000,0.00000,0.00000,0.00000
35.80125,0.99750,1.00000,0.00000,0.00000,0.00000
35.90125,0.99750,1.00000,0.00000,0.00000,0.00000
36.00125,0.99750,1.00000,0.00000,0.00000,0.00000
36.10125,0.99750,1.00000,0.00000,0.00000,0.00000
36.20125,0.99750,1.00000,0.00000,0.00000,0.00000
36.30125,0.99750,1.00000,0.00000,0.00000,0.00000
36.40125,0.99750,1.00000,0.00000,0.00000,0.00000
36.50125,0.99750,1.00000,0.00000,0.00000,0.00000
36.60125,0.99750,1.00000,0.00000,0.00000,0.00000
36.70125,0.99750,1.00000,0.00000,0.00000,0.00000
36.80125,0.99750,1.00000,0.00000,0.00000,0.00000
36.90125,0.99750,1.00000,0.00000,0.00000,0.00000
37.00125,0.99750,1.00000,0.00000,0.00000,0.00000
37.10125,0.99750,1.00000,0.00000,0.00000,0.00000
37.20125,0.99750,1.00000,0.00000,0.00000,0.00000
37.30125,0.99750,1.00000,0.00000,0.00000,0.00000
37.40125,0.99750,1.00000,0.00000,0.00000,0.00000
37.50125,0.99750,1.00000,0.00000,0.00000,0.00000
37.60125,0.99750,1.00000,0.00000,0.00000,0.00000
37.70125,0.99750,1.00000,0.00000,0.00000,0.00000
37.80125,0.99750,1.00000,0.00000,0.00000,0.00000
37.90125,0.99750,1.00000,0.00000,0.00000,0.00000
38.00125,0.99750,1.00000,0.00000,0.00000,0.00000
38.10125,0.99750,1.00000,0.00000,0.00000,0.00000
38.20125,0.99750,1.00000,0.00000,0.00000,0.00000
38.30125,0.99750,1.00000,0.00000,0.00000,0.00000
38.40125,0.99750,1.00000,0.00000,0.00000,0.00000
38.50125,0.99750,1.00000,0.00000,0.00000,0.00000
38.60125,0.99750,1.00000,0.00000,0.00000,0.00000
38.70125,0.99750,1.00000,0.00000,0.00000,0.00000
38.80125,0.99750,1.00000,0.00000,0.00000,0.00000
38.90125,0.99750,1.00000,0.00000,0.00000,0.00000
39.00125,0.99750,1.00000,0.00000,0.00000,0.00000
39.10125,0.99750,1.00000,0.00000,0.00000,0.00000
39.20125,0.99750,1.00000,0.00000,0.00000,0.00000
39.30125,0.99750,1.00000,0.00000,0.00000,0.00000
39.40125,0.99750,1.00000,0.00000,0.00000,0.00000
39.50125,0.99750,1.00000,0.00000,0.00000,0.00000
39.60125,0.99750,1.00000,0.00000,0.00000,0.00000
39.70125,0.99750,1.00000,0.00000,0.00000,0.00000
39.80125,0.99750,1.00000,0.00000,0.00000,0.00000
39.90125,0.99750,1.00000,0.00000,0.00000,0.00000
40.00125,0.99750,1.00000,0.00000,0.00000,0.00000
40.10125,0.99750,1.00000,0.00000,0.00000,0.00000
40.20125,0.99750,1.00000,0.00000,0.00000,0.00000
40.30125,0.99750,1.00000,0.00000,0.00000,0.00000
40.40125,0.99750,1.00000,0.00000,0.00000,0.00000
40.50125,0.99750,1.00000,0.00000,0.00000,0.00000
40.60125,0.99750,1.00000,0.00000,0.00000,0.00000
40.70125,0.99750,1.00000,0.00000,0.00000,0.00000
40.80125,0.99750,1.00000,0.00000,0.00000,0.00000
40.90125,0.99750,1.00000,0.00000,0.00000,0.00000
41.00125,0.99750,1.00000,0.00000,0.00000,0.00000
41.10125,0.99750,1.00000,0.00000,0.00000,0.00000
41.20125,0.99750,1.00000,0.00000,0.00000,0.00000
41.30125,0.99750,1.00000,0.00000,0.00000,0.00000
41.40125,0.99750,1.00000,0.00000,0.00000,0.00000
41.50125,0.99750,1.00000,0.00000,0.00000,0.00000
41.60125,0.99750,1.00000,0.00000,0.00000,0.00000
41.70125,0.99750,1.00000,0.00000,0.00000,0.00000
41.80125,0.99750,1.00000,0.00000,0.00000,0.00000
41.90125,0.99750,1.00000,0.00000,0.00000,0.00000
42.00125,0.99750,1.00000,0.00000,0.00000,0.00000
42.10125,0.99750,1.00000,0.00000,0.00000,0.00000
42.20125,0.99750,1.00000,0.00000,0.00000,0.00000
42.30125,0.99750,1.00000,0.00000,0.00000,0.00000
42.40125,0.99750,1.00000,0.00000,0.00000,0.00000
42.50125,0.99750,1.00000,0.00000,0.00000,0.00000
42.60125,0.99750,1.00000,0.00000,0.00000,0.00000
42.70125,0.99750,1.00000,0.00000,0.00000,0.00000
42.80125,0.99750,1.00000,0.00000,0.00000,0.00000
42.90125,0.99750,1.00000,0.00000,0.00000,0.00000
43.00125,0.99750,1.00000,0.00000,0.00000,0.00000
43.10125,0.99750,1.00000,0.00000,0.00000,0.00000
43.20125,0.99750,1.00000,0.00000,0.00000,0.00000
43.30125,0.99750,1.00000,0.00000,0.00000,0.00000
43.40125,0.99750,1.00000,0.00000,0.00000,0.00000
43.50125,0.99750,1.00000,0.00000,0.00000,0.00000
43.60125,0.99750,1.00000,0.00000,0.00000,0.00000
43.70125,0.99750,1.00000,0.00000,0.00000,0.00000
43.80125,0.99750,1.00000,0.00000,0.00000,0.00000
43.90125,0.99750,1.00000,0.00000,0.00000,0.00000
44.00125,0.99750,1.00000,0.00000,0.00000,0.00000
44.10125,0.99750,1.00000,0.00000,0.00000,0.00000
44.20125,0.99750,1.00000,0.00000,0.00000,0.00000
44.30125,0.99750,1.00000,0.00000,0.00000,0.00000
44.40125,0.99750,1.00000,0.00000,0.00000,0.00000
44.50125,0.99750,1.00000,0.00000,0.00000,0.00000
44.60125,0.99750,1.00000,0.00000,0.00000,0.00000
44.70125,0.99750,1.00000,0.00000,0.00000,0.00000
44.80125,0.99750,1.00000,0.00000,0.00000,0.00000
44.90125,0.99750,1.00000,0.00000,0.00000,0.00000
45.00125,0.99750,1.00000,0.00000,0.00000,0.00000
45.10125,0.99750,1.00000,0.00000,0.00000,0.00000
45.20125,0.99750,0.99999,0.00000,0.00000,0.00001
45.30125,0.99750,0.99999,0.00000,0.00000,0.00001
45.40125,0.99750,0.99999,0.00000,0.00000,0.00001
45.50125,0.99750,0.99999,0.00000,0.00000,0.00001
45.60125,0.99750,1.00000,0.00000,0.00000,0.00000
45.70125,0.99750,1.00000,0.00000,0.00000,0.00000
45.80125,0.99750,1.00000,0.00000,0.00000,0.00000
45.90125,0.99750,1.00000,0.00000,0.00000,0.00000
46.00125,0.99750,1.00000,0.00000,0.00000,0.00000
46.10125,0.99750,1.00000,0.00000,0.00000,0.00000
46.20125,0.99750,1.00000,0.00000,0.00000,0.00000
46.30125,0.99750,0.99997,0.00003,0.00000,0.00000
46.40125,0.99750,0.99999,0.00001,0.00000,0.00000
46.50125,0.99750,1.00000,0.00000,0.00000,0.00000
46.60125,0.99750,1.00000,0.00000,0.00000,0.00000
46.70125,0.99750,1.00000,0.00000,0.00000,0.00000
46.80125,0.99750,1.00000,0.00000,0.00000,0.00000
46.90125,0.99750,0.99999,0.00000,0.00000,0.00001
47.00125,0.99750,0.99991,0.00000,0.00000,0.00008
47.10125,0.99750,0.99935,0.00000,0.00002,0.00063
47.20125,0.99750,0.99784,0.00000,0.00006,0.00210
47.30125,0.99750,0.99794,0.00000,0.00010,0.00196
47.40125,0.99750,0.99930,0.00000,0.00007,0.00062
47.50125,0.99750,0.99958,0.00000,0.00002,0.00040
47.60125,0.99750,0.99987,0.00000,0.00000,0.00013
47.70125,0.99750,0.99998,0.00000,0.00000,0.00002
47.80125,0.99750,1.00000,0.00000,0.00000,0.00000
47.90125,0.99750,1.00000,0.00000,0.00000,0.00000
48.00125,0.99750,1.00000,0.00000,0.00000,0.00000
48.10125,0.99750,1.00000,0.00000,0.00000,0.00000
48.20125,0.99750,1.00000,0.00000,0.00000,0.00000
48.30125,0.99750,1.00000,0.00000,0.00000,0.00000
48.40125,0.99750,1.00000,0.00000,0.00000,0.00000
48.50125,0.99750,0.99998,0.00000,0.00000,0.00002
48.60125,0.99750,0.99998,0.00000,0.00000,0.00002
48.70125,0.99750,0.99999,0.00000,0.00000,0.00001
48.80125,0.99750,1.00000,0.00000,0.00000,0.00000
48.90125,0.99750,1.00000,0.00000,0.00000,0.00000
49.00125,0.99750,1.00000,0.00000,0.00000,0.00000
49.10125,0.99750,1.00000,0.00000,0.00000,0.00000
49.20125,0.99750,0.99999,0.00000,0.00000,0.00001
49.30125,0.99750,1.00000,0.00000,0.00000,0.00000
49.40125,0.99750,1.00000,0.00000,0.00000,0.00000
49.50125,0.99750,1.00000,0.00000,0.00000,0.00000
49.60125,0.99750,1.00000,0.00000,0.00000,0.00000
49.70125,0.99750,1.00000,0.00000,0.00000,0.00000
49.80125,0.99750,0.99999,0.00000,0.00000,0.00001
49.90125,0.99750,0.99997,0.00000,0.00001,0.00002
50.00125,0.99750,0.99995,0.00000,0.00002,0.00003
50.10125,0.99750,0.99990,0.00000,0.00007,0.00003
50.20125,0.99750,0.99972,0.00000,0.00027,0.00001
50.30125,0.99750,0.99935,0.00000,0.00065,0.00000
50.40125,0.99750,0.99969,0.00000,0.00030,0.00000
50.50125,0.99750,0.99990,0.00000,0.00010,0.00000
50.60125,0.99750,0.99997,0.00000,0.00003,0.00000
50.70125,0.99750,0.99999,0.00000,0.00001,0.00000
50.80125,0.99750,0.99999,0.00000,0.00001,0.00000
50.90125,0.99750,0.99999,0.00000,0.00001,0.00000
51.00125,0.99750,0.99999,0.00000,0.00001,0.00000
51.10125,0.99750,1.00000,0.00000,0.00000,0.00000
51.20125,0.99750,1.00000,0.00000,0.00000,0.00000
51.30125,0.99750,1.00000,0.00000,0.00000,0.00000
51.40125,0.99750,1.00000,0.00000,0.00000,0.00000
51.50125,0.99750,1.00000,0.00000,0.00000,0.00000
51.60125,0.99750,0.99999,0.00000,0.00001,0.00000
51.70125,0.99750,0.99995,0.00001,0.00005,0.00000
51.80125,0.99750,0.99990,0.00006,0.00004,0.00000
51.90125,0.99750,0.99993,0.00004,0.00003,0.00000
52.00125,0.99750,0.99987,0.00001,0.00012,0.00000
52.10125,0.99750,0.99951,0.00007,0.00041,0.00001
52.20125,0.99750,0.99788,0.00018,0.00189,0.00006
52.30125,0.99750,0.99877,0.00012,0.00106,0.00005
52.40125,0.99750,0.99972,0.00008,0.00015,0.00005
52.50125,0.99750,0.99941,0.00010,0.00010,0.00039
52.60125,0.99750,0.99895,0.00000,0.00001,0.00104
52.70125,0.99750,0.99964,0.00000,0.00000,0.00036
52.80125,0.99750,0.99992,0.00000,0.00000,0.00008
52.90125,0.99750,0.99990,0.00000,0.00000,0.00010
53.00125,0.99750,0.99995,0.00000,0.00000,0.00005
53.10125,0.99750,0.99998,0.00000,0.00000,0.00002
53.20125,0.99750,0.99991,0.00001,0.00000,0.00008
53.30125,0.99750,0.99989,0.00000,0.00000,0.00011
53.40125,0.99750,0.99984,0.00000,0.00000,0.00016
53.50125,0.99750,0.99958,0.00000,0.00000,0.00042
53.60125,0.99750,0.99959,0.00000,0.00002,0.00039
53.70125,0.99750,0.99981,0.00001,0.00006,0.00012
53.80125,0.99750,0.99998,0.00000,0.00000,0.00002
53.90125,0.99750,0.99999,0.00000,0.00000,0.00001
54.00125,0.99750,0.99999,0.00000,0.00000,0.00000
54.10125,0.99750,1.00000,0.00000,0.00000,0.00000
54.20125,0.99750,1.00000,0.00000,0.00000,0.00000
54.30125,0.99750,1.00000,0.00000,0.00000,0.00000
54.40125,0.99750,1.00000,0.00000,0.00000,0.00000
54.50125,0.99750,1.00000,0.00000,0.00000,0.00000
54.60125,0.99750,1.00000,0.00000,0.00000,0.00000
54.70125,0.99750,1.00000,0.00000,0.00000,0.00000
54.80125,0.99750,0.99999,0.00000,0.00000,0.00001
54.90125,0.99750,0.99999,0.00000,0.00000,0.00001
55.00125,0.99750,0.99999,0.00000,0.00000,0.00001
55.10125,0.99750,1.00000,0.00000,0.00000,0.00000
55.20125,0.99750,1.00000,0.00000,0.00000,0.00000
55.30125,0.99750,1.00000,0.00000,0.00000,0.00000
55.40125,0.99750,0.99999,0.00001,0.00000,0.00000
55.50125,0.99750,0.99997,0.00003,0.00000,0.00000
55.60125,0.99750,0.99996,0.00004,0.00000,0.00000
55.70125,0.99750,0.99991,0.00009,0.00000,0.00000
55.80125,0.99750,0.99998,0.00002,0.00000,0.00000
55.90125,0.99750,1.00000,0.00000,0.00000,0.00000
56.00125,0.99750,1.00000,0.00000,0.00000,0.00000
56.10125,0.99750,1.00000,0.00000,0.00000,0.00000
56.20125,0.99750,0.99993,0.00000,0.00000,0.00007
56.30125,0.99750,0.99933,0.00000,0.00000,0.00067
56.40125,0.99750,0.99966,0.00000,0.00000,0.00034
56.50125,0.99750,0.99971,0.00000,0.00000,0.00029
56.60125,0.99750,0.99968,0.00000,0.00000,0.00032
56.70125,0.99750,0.99916,0.00000,0.00000,0.00084
56.80125,0.99750,0.99874,0.00000,0.00000,0.00126
56.90125,0.99750,0.99895,0.00000,0.00000,0.00105
57.00125,0.99750,0.99921,0.00000,0.00000,0.00079
57.10125,0.99750,0.99994,0.00000,0.00000,0.00006
57.20125,0.99750,0.99999,0.00000,0.00000,0.00001
57.30125,0.99750,1.00000,0.00000,0.00000,0.00000
57.40125,0.99750,0.99999,0.00000,0.00000,0.00001
57.50125,0.99750,0.99969,0.00000,0.00000,0.00031
57.60125,0.99750,0.99956,0.00000,0.00000,0.00044
57.70125,0.99750,0.99978,0.00000,0.00000,0.00021
57.80125,0.99750,0.99984,0.00000,0.00000,0.00016
57.90125,0.99750,0.99983,0.00000,0.00000,0.00017
58.00125,0.99750,0.99994,0.00000,0.00001,0.00005
58.10125,0.99750,0.99999,0.00000,0.00001,0.00000
58.20125,0.99750,0.99998,0.00000,0.00001,0.00000
58.30125,0.99750,0.99988,0.00000,0.00012,0.00000
58.40125,0.99750,0.99992,0.00000,0.00008,0.00000
58.50125,0.99750,0.99950,0.00000,0.00050,0.00000
58.60125,0.99750,0.99322,0.00001,0.00677,0.00000
58.70125,0.99750,0.94534,0.00007,0.05459,0.00000
58.80125,0.99750,0.93216,0.00011,0.06773,0.00000
58.90125,0.99750,0.88884,0.00041,0.11076,0.00000
59.00125,0.99750,0.96315,0.00007,0.03679,0.00000
59.10125,0.99750,0.99484,0.00000,0.00515,0.00000
59.20125,0.99750,0.99953,0.00000,0.00047,0.00000
59.30125,0.99750,0.99995,0.00000,0.00004,0.00001
59.40125,0.99750,0.99999,0.00000,0.00001,0.00001
59.50125,0.99750,1.00000,0.00000,0.00000,0.00000
59.60125,0.99750,1.00000,0.00000,0.00000,0.00000
59.70125,0.99750,1.00000,0.00000,0.00000,0.00000
59.80125,0.99750,1.00000,0.00000,0.00000,0.00000
59.90125,0.99750,1.00000,0.00000,0.00000,0.00000
60.00125,0.99750,1.00000,0.00000,0.00000,0.00000
60.10125,0.99750,1.00000,0.00000,0.00000,0.00000
60.20125,0.99750,0.99998,0.00000,0.00000,0.00002
60.30125,0.99750,0.99993,0.00000,0.00000,0.00007
60.40125,0.99750,0.99937,0.00000,0.00000,0.00063
60.50125,0.99750,0.99905,0.00000,0.00000,0.00094
60.60125,0.99750,0.99937,0.00000,0.00000,0.00063
60.70125,0.99750,0.99886,0.00000,0.00000,0.00114
60.80125,0.99750,0.99833,0.00000,0.00000,0.00167
60.90125,0.99750,0.99933,0.00000,0.00000,0.00067
61.00125,0.99750,0.99991,0.00000,0.00000,0.00009
61.10125,0.99750,0.99999,0.00000,0.00000,0.00001
61.20125,0.99750,0.99999,0.00000,0.00000,0.00000
61.30125,0.99750,1.00000,0.00000,0.00000,0.00000
61.40125,0.99750,1.00000,0.00000,0.00000,0.00000
61.50125,0.99750,1.00000,0.00000,0.00000,0.00000
61.60125,0.99750,1.00000,0.00000,0.00000,0.00000
61.70125,0.99750,1.00000,0.00000,0.00000,0.00000
61.80125,0.99750,0.99999,0.00000,0.00001,0.00000
61.90125,0.99750,0.99999,0.00000,0.00001,0.00000
62.00125,0.99750,0.99999,0.00000,0.00001,0.00000
62.10125,0.99750,1.00000,0.00000,0.00000,0.00000
62.20125,0.99750,1.00000,0.00000,0.00000,0.00000
62.30125,0.99750,0.99999,0.00000,0.00000,0.00000
62.40125,0.99750,1.00000,0.00000,0.00000,0.00000
62.50125,0.99750,1.00000,0.00000,0.00000,0.00000
62.60125,0.99750,1.00000,0.00000,0.00000,0.00000
62.70125,0.99750,1.00000,0.00000,0.00000,0.00000
62.80125,0.99750,1.00000,0.00000,0.00000,0.00000
62.90125,0.99750,1.00000,0.00000,0.00000,0.00000
63.00125,0.99750,1.00000,0.00000,0.00000,0.00000
63.10125,0.99750,1.00000,0.00000,0.00000,0.00000
63.20125,0.99751,1.00000,0.00000,0.00000,0.00000
63.30125,0.99750,1.00000,0.00000,0.00000,0.00000
63.40125,0.99750,1.00000,0.00000,0.00000,0.00000
63.50125,0.99750,1.00000,0.00000,0.00000,0.00000
63.60125,0.99750,1.00000,0.00000,0.00000,0.00000
63.70125,0.99751,1.00000,0.00000,0.00000,0.00000
63.80125,0.99750,1.00000,0.00000,0.00000,0.00000
63.90125,0.99750,1.00000,0.00000,0.00000,0.00000
64.00125,0.99750,1.00000,0.00000,0.00000,0.00000
64.10125,0.99750,1.00000,0.00000,0.00000,0.00000
64.20125,0.99751,0.99999,0.00000,0.00000,0.00001
64.30125,0.99751,0.99998,0.00000,0.00000,0.00002
64.40125,0.99750,0.99997,0.00000,0.00000,0.00003
64.50125,0.99750,0.99998,0.00000,0.00000,0.00002
64.60125,0.99750,0.99999,0.00000,0.00000,0.00001
64.70125,0.99751,1.00000,0.00000,0.00000,0.00000
64.80125,0.99751,0.99999,0.00000,0.00001,0.00000
64.90125,0.99750,0.99999,0.00000,0.00001,0.00000
65.00125,0.99750,0.99996,0.00000,0.00004,0.00000
65.10125,0.99750,0.99995,0.00000,0.00004,0.00000
65.20125,0.99751,0.99997,0.00000,0.00002,0.00001
65.30125,0.99751,0.99997,0.00000,0.00002,0.00001
65.40125,0.99750,0.99997,0.00000,0.00002,0.00001
65.50125,0.99750,0.99998,0.00000,0.00002,0.00001
65.60125,0.99750,0.99999,0.00000,0.00001,0.00000
65.70125,0.99751,0.99999,0.00000,0.00001,0.00000
65.80125,0.99751,0.99995,0.00000,0.00005,0.00000
65.90125,0.99750,0.99995,0.00000,0.00005,0.00000
66.00125,0.99750,0.99999,0.00000,0.00001,0.00000
66.10125,0.99750,1.00000,0.00000,0.00000,0.00000
66.20125,0.99751,1.00000,0.00000,0.00000,0.00000
66.30125,0.99751,1.00000,0.00000,0.00000,0.00000
66.40125,0.99750,1.00000,0.00000,0.00000,0.00000
66.50125,0.99750,1.00000,0.00000,0.00000,0.00000
66.60125,0.99750,1.00000,0.00000,0.00000,0.00000
66.70125,0.99751,1.00000,0.00000,0.00000,0.00000
66.80125,0.99751,1.00000,0.00000,0.00000,0.00000
66.90125,0.99750,1.00000,0.00000,0.00000,0.00000
67.00125,0.99750,1.00000,0.00000,0.00000,0.00000
67.10125,0.99750,1.00000,0.00000,0.00000,0.00000
67.20125,0.99751,0.99999,0.00000,0.00000,0.00000
67.30125,0.99751,1.00000,0.00000,0.00000,0.00000
67.40125,0.99750,0.99999,0.00000,0.00000,0.00001
67.50125,0.99750,0.99999,0.00000,0.00000,0.00001
67.60125,0.99750,0.99999,0.00000,0.00000,0.00001
67.70125,0.99751,0.99999,0.00000,0.00000,0.00001
67.80125,0.99751,1.00000,0.00000,0.00000,0.00000
67.90125,0.99750,1.00000,0.00000,0.00000,0.00000
68.00125,0.99750,1.00000,0.00000,0.00000,0.00000
68.10125,0.99750,1.00000,0.00000,0.00000,0.00000
68.20125,0.99751,0.99999,0.00000,0.00000,0.00000
68.30125,0.99751,1.00000,0.00000,0.00000,0.00000
68.40125,0.99750,0.99999,0.00000,0.00000,0.00000
68.50125,0.99750,0.99999,0.00000,0.00001,0.00001
68.60125,0.99750,0.99999,0.00000,0.00001,0.00001
68.70125,0.99751,0.99999,0.00000,0.00000,0.00001
68.80125,0.99751,0.99999,0.00000,0.00000,0.00001
68.90125,0.99750,0.99999,0.00000,0.00000,0.00001
69.00125,0.99750,0.99998,0.00000,0.00000,0.00002
69.10125,0.99750,0.99999,0.00000,0.00000,0.00001
69.20125,0.99751,1.00000,0.00000,0.00000,0.00000
69.30125,0.99751,1.00000,0.00000,0.00000,0.00000
69.40125,0.99750,1.00000,0.00000,0.00000,0.00000
69.50125,0.99750,1.00000,0.00000,0.00000,0.00000
69.60125,0.99750,1.00000,0.00000,0.00000,0.00000
69.70125,0.99751,1.00000,0.00000,0.00000,0.00000
69.80125,0.99751,1.00000,0.00000,0.00000,0.00000
69.90125,0.99750,1.00000,0.00000,0.00000,0.00000
70.00125,0.99750,1.00000,0.00000,0.00000,0.00000
70.10125,0.99750,1.00000,0.00000,0.00000,0.00000
70.20125,0.99751,1.00000,0.00000,0.00000,0.00000
70.30125,0.99751,1.00000,0.00000,0.00000,0.00000
70.40125,0.99750,1.00000,0.00000,0.00000,0.00000
70.50125,0.99750,1.00000,0.00000,0.00000,0.00000
70.60125,0.99750,1.00000,0.00000,0.00000,0.00000
70.70125,0.99751,1.00000,0.00000,0.00000,0.00000
70.80125,0.99751,1.00000,0.00000,0.00000,0.00000
70.90125,0.99750,1.00000,0.00000,0.00000,0.00000
71.00125,0.99750,1.00000,0.00000,0.00000,0.00000
71.10125,0.99750,1.00000,0.00000,0.00000,0.00000
71.20125,0.99751,1.00000,0.00000,0.00000,0.00000
71.30125,0.99751,1.00000,0.00000,0.00000,0.00000
71.40125,0.99750,1.00000,0.00000,0.00000,0.00000
71.50125,0.99750,1.00000,0.00000,0.00000,0.00000
71.60125,0.99750,0.99999,0.00000,0.00000,0.00001
71.70125,0.99751,0.99995,0.00000,0.00000,0.00004
71.80125,0.99751,0.99989,0.00000,0.00001,0.00010
71.90125,0.99750,0.99977,0.00000,0.00008,0.00015
72.00125,0.99750,0.99956,0.00000,0.00026,0.00018
72.10125,0.99750,0.99987,0.00000,0.00003,0.00010
72.20125,0.99751,0.99995,0.00000,0.00000,0.00004
72.30125,0.99751,0.99972,0.00000,0.00000,0.00028
72.40125,0.99750,0.99981,0.00000,0.00000,0.00019
72.50125,0.99750,0.99981,0.00000,0.00000,0.00019
72.60125,0.99750,0.99998,0.00000,0.00000,0.00002
72.70125,0.99751,0.99999,0.00000,0.00000,0.00000
72.80125,0.99751,0.99999,0.00000,0.00000,0.00001
72.90125,0.99750,0.99998,0.00000,0.00000,0.00002
73.00125,0.99750,0.99985,0.00000,0.00000,0.00015
73.10125,0.99750,0.99940,0.00000,0.00000,0.00060
73.20125,0.99751,0.99978,0.00000,0.00000,0.00022
73.30125,0.99751,0.99932,0.00000,0.00000,0.00068
73.40125,0.99750,0.99924,0.00000,0.00001,0.00074
73.50125,0.99750,0.99972,0.00000,0.00001,0.00028
73.60125,0.99750,0.99958,0.00000,0.00000,0.00042
73.70125,0.99751,0.99978,0.00000,0.00000,0.00021
73.80125,0.99751,0.99993,0.00000,0.00003,0.00004
73.90125,0.99750,0.99987,0.00000,0.00011,0.00001
74.00125,0.99750,0.99980,0.00000,0.00019,0.00000
74.10125,0.99750,0.99832,0.00000,0.00167,0.00001
74.20125,0.99751,0.98859,0.00002,0.01138,0.00001
74.30125,0.99751,0.98437,0.00008,0.01553,0.00002
74.40125,0.99750,0.99107,0.00020,0.00872,0.00001
74.50125,0.99750,0.99400,0.00005,0.00595,0.00001
74.60125,0.99750,0.99624,0.00001,0.00375,0.00000
74.70125,0.99751,0.99826,0.00000,0.00173,0.00001
74.80125,0.99751,0.99904,0.00000,0.00091,0.00004
74.90125,0.99750,0.99898,0.00001,0.00097,0.00004
75.00125,0.99750,0.99980,0.00001,0.00019,0.00001
75.10125,0.99750,0.99997,0.00001,0.00002,0.00000
75.20125,0.99751,0.99999,0.00000,0.00000,0.00000
75.30125,0.99751,1.00000,0.00000,0.00000,0.00000
75.40125,0.99750,0.99999,0.00000,0.00000,0.00000
75.50125,0.99750,0.99999,0.00000,0.00000,0.00001
75.60125,0.99750,0.99999,0.00000,0.00001,0.00000
75.70125,0.99751,0.99999,0.00000,0.00001,0.00000
75.80125,0.99751,0.99999,0.00000,0.00001,0.00000
75.90125,0.99750,0.99999,0.00000,0.00001,0.00000
76.00125,0.99750,0.99999,0.00000,0.00001,0.00000
76.10125,0.99750,0.99999,0.00000,0.00001,0.00000
76.20125,0.99751,1.00000,0.00000,0.00000,0.00000
76.30125,0.99751,1.00000,0.00000,0.00000,0.00000
76.40125,0.99750,1.00000,0.00000,0.00000,0.00000
76.50125,0.99750,1.00000,0.00000,0.00000,0.00000
76.60125,0.99750,1.00000,0.00000,0.00000,0.00000
76.70125,0.99751,1.00000,0.00000,0.00000,0.00000
76.80125,0.99751,1.00000,0.00000,0.00000,0.00000
76.90125,0.99750,1.00000,0.00000,0.00000,0.00000
77.00125,0.99750,1.00000,0.00000,0.00000,0.00000
77.10125,0.99750,1.00000,0.00000,0.00000,0.00000
77.20125,0.99751,1.00000,0.00000,0.00000,0.00000
77.30125,0.99751,1.00000,0.00000,0.00000,0.00000
77.40125,0.99750,1.00000,0.00000,0.00000,0.00000
77.50125,0.99750,1.00000,0.00000,0.00000,0.00000
77.60125,0.99750,1.00000,0.00000,0.00000,0.00000
77.70125,0.99751,1.00000,0.00000,0.00000,0.00000
77.80125,0.99751,1.00000,0.00000,0.00000,0.00000
77.90125,0.99750,1.00000,0.00000,0.00000,0.00000
78.00125,0.99750,1.00000,0.00000,0.00000,0.00000
78.10125,0.99750,1.00000,0.00000,0.00000,0.00000
78.20125,0.99751,1.00000,0.00000,0.00000,0.00000
78.30125,0.99751,1.00000,0.00000,0.00000,0.00000
78.40125,0.99750,1.00000,0.00000,0.00000,0.00000
78.50125,0.99750,1.00000,0.00000,0.00000,0.00000
78.60125,0.99750,1.00000,0.00000,0.00000,0.00000
78.70125,0.99751,1.00000,0.00000,0.00000,0.00000
78.80125,0.99751,1.00000,0.00000,0.00000,0.00000
78.90125,0.99750,0.99999,0.00000,0.00000,0.00001
79.00125,0.99750,0.99999,0.00000,0.00001,0.00001
79.10125,0.99750,0.99996,0.00000,0.00002,0.00002
79.20125,0.99751,0.99996,0.00000,0.00002,0.00002
79.30125,0.99751,0.99995,0.00000,0.00002,0.00003
79.40125,0.99750,0.99992,0.00000,0.00002,0.00006
79.50125,0.99750,0.99998,0.00000,0.00000,0.00002
79.60125,0.99750,0.99993,0.00000,0.00001,0.00006
79.70125,0.99751,0.99992,0.00000,0.00001,0.00007
79.80125,0.99751,0.99999,0.00000,0.00000,0.00001
79.90125,0.99750,1.00000,0.00000,0.00000,0.00000
80.00125,0.99750,1.00000,0.00000,0.00000,0.00000
80.10125,0.99750,0.99999,0.00000,0.00000,0.00001
80.20125,0.99751,0.99996,0.00000,0.00000,0.00004
80.30125,0.99751,0.99999,0.00000,0.00000,0.00001
80.40125,0.99750,1.00000,0.00000,0.00000,0.00000
80.50125,0.99750,1.00000,0.00000,0.00000,0.00000
80.60125,0.99750,1.00000,0.00000,0.00000,0.00000
80.70125,0.99751,0.99999,0.00000,0.00000,0.00000
80.80125,0.99751,0.99999,0.00000,0.00000,0.00000
80.90125,0.99750,0.99999,0.00000,0.00001,0.00000
81.00125,0.99750,0.99999,0.00000,0.00000,0.00001
81.10125,0.99750,0.99998,0.00000,0.00000,0.00002
81.20125,0.99751,0.99997,0.00000,0.00000,0.00003
81.30125,0.99751,0.99990,0.00000,0.00000,0.00010
81.40125,0.99750,0.99994,0.00000,0.00000,0.00006
81.50125,0.99750,0.99991,0.00000,0.00000,0.00009
81.60125,0.99750,0.99984,0.00000,0.00000,0.00016
81.70125,0.99751,0.99993,0.00000,0.00000,0.00007
81.80125,0.99751,0.99999,0.00000,0.00000,0.00001
81.90125,0.99750,1.00000,0.00000,0.00000,0.00000
82.00125,0.99750,1.00000,0.00000,0.00000,0.00000
82.10125,0.99750,1.00000,0.00000,0.00000,0.00000
82.20125,0.99751,1.00000,0.00000,0.00000,0.00000
82.30125,0.99751,1.00000,0.00000,0.00000,0.00000
82.40125,0.99750,1.00000,0.00000,0.00000,0.00000
82.50125,0.99750,1.00000,0.00000,0.00000,0.00000
82.60125,0.99750,0.99999,0.00000,0.00000,0.00000
82.70125,0.99751,0.99998,0.00000,0.00000,0.00002
82.80125,0.99751,0.99998,0.00000,0.00000,0.00002
82.90125,0.99750,0.99997,0.00000,0.00000,0.00003
83.00125,0.99750,0.99995,0.00000,0.00000,0.00005
83.10125,0.99750,0.99997,0.00000,0.00000,0.00003
83.20125,0.99751,1.00000,0.00000,0.00000,0.00000
83.30125,0.99751,1.00000,0.00000,0.00000,0.00000
83.40125,0.99750,1.00000,0.00000,0.00000,0.00000
83.50125,0.99750,0.99998,0.00001,0.00000,0.00000
83.60125,0.99750,0.99984,0.00015,0.00001,0.00000
83.70125,0.99751,0.99911,0.00087,0.00002,0.00000
83.80125,0.99751,0.99938,0.00059,0.00003,0.00000
83.90125,0.99750,0.99989,0.00010,0.00001,0.00000
84.00125,0.99750,0.99987,0.00012,0.00001,0.00000
84.10125,0.99750,0.99991,0.00007,0.00002,0.00000
84.20125,0.99751,0.99995,0.00004,0.00002,0.00000
84.30125,0.99751,1.00000,0.00000,0.00000,0.00000
84.40125,0.99750,1.00000,0.00000,0.00000,0.00000
84.50125,0.99750,1.00000,0.00000,0.00000,0.00000
84.60125,0.99750,1.00000,0.00000,0.00000,0.00000
84.70125,0.99751,0.99999,0.00000,0.00000,0.00000
84.80125,0.99751,0.99998,0.00002,0.00000,0.00000
84.90125,0.99750,0.99994,0.00005,0.00000,0.00000
85.00125,0.99750,0.99997,0.00003,0.00000,0.00000
85.10125,0.99750,0.99998,0.00002,0.00000,0.00000
85.20125,0.99751,0.99997,0.00002,0.00000,0.00000
85.30125,0.99751,0.99999,0.00000,0.00000,0.00000
85.40125,0.99750,0.99999,0.00000,0.00001,0.00000
85.50125,0.99750,0.99999,0.00000,0.00001,0.00000
85.60125,0.99750,0.99999,0.00000,0.00001,0.00000
85.70125,0.99751,1.00000,0.00000,0.00000,0.00000
85.80125,0.99751,1.00000,0.00000,0.00000,0.00000
85.90125,0.99750,0.99998,0.00000,0.00002,0.00000
86.00125,0.99750,0.99991,0.00000,0.00009,0.00000
86.10125,0.99750,0.99997,0.00000,0.00003,0.00001
86.20125,0.99751,0.99986,0.00000,0.00010,0.00004
86.30125,0.99751,0.99946,0.00000,0.00031,0.00023
86.40125,0.99750,0.99961,0.00000,0.00005,0.00034
86.50125,0.99750,0.99586,0.00000,0.00003,0.00411
86.60125,0.99750,0.98444,0.00001,0.00003,0.01553
86.70125,0.99751,0.96592,0.00002,0.00004,0.03403
86.80125,0.99751,0.99204,0.00000,0.00002,0.00794
86.90125,0.99750,0.99634,0.00000,0.00001,0.00365
87.00125,0.99750,0.99660,0.00000,0.00000,0.00340
87.10125,0.99750,0.99935,0.00000,0.00000,0.00065
87.20125,0.99751,0.99984,0.00000,0.00000,0.00016
87.30125,0.99751,0.99997,0.00000,0.00000,0.00003
87.40125,0.99750,0.99997,0.00000,0.00000,0.00003
87.50125,0.99750,0.99999,0.00000,0.00000,0.00001
87.60125,0.99750,0.99999,0.00000,0.00000,0.00001
87.70125,0.99751,0.99999,0.00000,0.00000,0.00001
87.80125,0.99751,0.99999,0.00000,0.00000,0.00001
87.90125,0.99750,0.99999,0.00000,0.00000,0.00001
88.00125,0.99750,0.99998,0.00000,0.00000,0.00002
88.10125,0.99750,0.99997,0.00000,0.00000,0.00003
88.20125,0.99751,0.99996,0.00000,0.00000,0.00004
88.30125,0.99751,0.99997,0.00000,0.00000,0.00003
88.40125,0.99750,1.00000,0.00000,0.00000,0.00000
88.50125,0.99750,1.00000,0.00000,0.00000,0.00000
88.60125,0.99750,1.00000,0.00000,0.00000,0.00000
88.70125,0.99751,1.00000,0.00000,0.00000,0.00000
88.80125,0.99751,1.00000,0.00000,0.00000,0.00000
88.90125,0.99750,0.99999,0.00000,0.00000,0.00001
89.00125,0.99750,0.99998,0.00000,0.00000,0.00001
89.10125,0.99750,0.99994,0.00006,0.00000,0.00000
89.20125,0.99751,0.99939,0.00061,0.00000,0.00000
89.30125,0.99751,0.99988,0.00012,0.00000,0.00000
89.40125,0.99750,0.99999,0.00000,0.00000,0.00000
89.50125,0.99750,0.99997,0.00000,0.00000,0.00002
89.60125,0.99750,0.99997,0.00001,0.00000,0.00001
89.70125,0.99751,0.99998,0.00000,0.00000,0.00002
89.80125,0.99751,0.99999,0.00001,0.00000,0.00001
89.90125,0.99750,0.99962,0.00037,0.00000,0.00001
90.00125,0.99750,0.99998,0.00002,0.00000,0.00000
90.10125,0.99750,1.00000,0.00000,0.00000,0.00000
90.20125,0.99751,0.99997,0.00000,0.00000,0.00003
90.30125,0.99751,0.99990,0.00000,0.00000,0.00010
90.40125,0.99750,0.99995,0.00000,0.00000,0.00005
90.50125,0.99750,0.99993,0.00000,0.00000,0.00007
90.60125,0.99750,0.99999,0.00000,0.00000,0.00001
90.70125,0.99751,0.99996,0.00000,0.00000,0.00004
90.80125,0.99751,1.00000,0.00000,0.00000,0.00000
90.90125,0.99750,0.99999,0.00000,0.00000,0.00001
91.00125,0.99750,0.99999,0.00000,0.00000,0.00001
91.10125,0.99750,0.99997,0.00000,0.00000,0.00003
91.20125,0.99751,0.99999,0.00000,0.00000,0.00001
91.30125,0.99751,0.99999,0.00000,0.00000,0.00001
91.40125,0.99750,1.00000,0.00000,0.00000,0.00000
91.50125,0.99750,1.00000,0.00000,0.00000,0.00000
91.60125,0.99750,1.00000,0.00000,0.00000,0.00000
91.70125,0.99751,0.99999,0.00000,0.00000,0.00001
91.80125,0.99751,0.99997,0.00000,0.00000,0.00003
91.90125,0.99750,0.99998,0.00000,0.00000,0.00002
92.00125,0.99750,0.99996,0.00000,0.00000,0.00004
92.10125,0.99750,0.99977,0.00000,0.00000,0.00023
92.20125,0.99751,0.99999,0.00000,0.00000,0.00001
92.30125,0.99751,1.00000,0.00000,0.00000,0.00000
92.40125,0.99750,0.99988,0.00000,0.00000,0.00012
92.50125,0.99750,0.99985,0.00000,0.00000,0.00015
92.60125,0.99750,0.99994,0.00000,0.00000,0.00006
92.70125,0.99751,0.99998,0.00000,0.00000,0.00002
92.80125,0.99751,0.99999,0.00000,0.00000,0.00001
92.90125,0.99750,0.99999,0.00000,0.00000,0.00001
93.00125,0.99750,0.99995,0.00000,0.00000,0.00005
93.10125,0.99750,0.99987,0.00000,0.00000,0.00013
93.20125,0.99751,0.99984,0.00001,0.00000,0.00015
93.30125,0.99751,0.99999,0.00000,0.00000,0.00000
93.40125,0.99750,1.00000,0.00000,0.00000,0.00000
93.50125,0.99750,0.99991,0.00007,0.00000,0.00001
93.60125,0.99750,0.99997,0.00000,0.00001,0.00002
93.70125,0.99751,0.99998,0.00000,0.00000,0.00002
93.80125,0.99751,0.99991,0.00000,0.00000,0.00009
93.90125,0.99750,0.99997,0.00000,0.00000,0.00003
94.00125,0.99750,1.00000,0.00000,0.00000,0.00000
94.10125,0.99750,0.99999,0.00000,0.00000,0.00001
94.20125,0.99751,0.99999,0.00000,0.00000,0.00001
94.30125,0.99751,1.00000,0.00000,0.00000,0.00000
94.40125,0.99750,1.00000,0.00000,0.00000,0.00000
94.50125,0.99750,0.99999,0.00000,0.00000,0.00001
94.60125,0.99750,0.99998,0.00000,0.00000,0.00002
94.70125,0.99751,0.99997,0.00000,0.00000,0.00003
94.80125,0.99751,0.99996,0.00000,0.00002,0.00002
94.90125,0.99750,0.99988,0.00000,0.00006,0.00006
95.00125,0.99750,0.99979,0.00000,0.00005,0.00016
95.10125,0.99750,0.99978,0.00000,0.00000,0.00021
95.20125,0.99751,0.99909,0.00000,0.00000,0.00090
95.30125,0.99751,0.99943,0.00000,0.00000,0.00057
95.40125,0.99750,0.99936,0.00000,0.00000,0.00064
95.50125,0.99750,0.99995,0.00000,0.00000,0.00005
95.60125,0.99750,0.99997,0.00000,0.00000,0.00003
95.70125,0.99751,0.99981,0.00000,0.00000,0.00019
95.80125,0.99751,0.99989,0.00000,0.00000,0.00011
95.90125,0.99750,0.99995,0.00000,0.00000,0.00005
96.00125,0.99750,0.99999,0.00000,0.00000,0.00001
96.10125,0.99750,0.99996,0.00000,0.00000,0.00004
96.20125,0.99751,0.99986,0.00000,0.00000,0.00014
96.30125,0.99751,0.99931,0.00000,0.00000,0.00069
96.40125,0.99750,0.99987,0.00000,0.00000,0.00013
96.50125,0.99750,0.99949,0.00000,0.00000,0.00051
96.60125,0.99750,0.99985,0.00000,0.00000,0.00015
96.70125,0.99751,0.99991,0.00000,0.00001,0.00009
96.80125,0.99751,0.99998,0.00000,0.00001,0.00000
96.90125,0.99750,0.99991,0.00000,0.00009,0.00000
97.00125,0.99750,0.99871,0.00000,0.00129,0.00000
97.10125,0.99750,0.99631,0.00000,0.00369,0.00000
97.20125,0.99751,0.99980,0.00000,0.00020,0.00000
97.30125,0.99751,0.99999,0.00000,0.00001,0.00000
97.40125,0.99750,0.99998,0.00000,0.00002,0.00000
97.50125,0.99750,0.99997,0.00000,0.00002,0.00000
97.60125,0.99750,0.99999,0.00000,0.00000,0.00000
97.70125,0.99751,1.00000,0.00000,0.00000,0.00000
97.80125,0.99751,0.99996,0.00000,0.00000,0.00004
97.90125,0.99750,0.99974,0.00000,0.00000,0.00026
98.00125,0.99750,0.99946,0.00000,0.00000,0.00054
98.10125,0.99750,0.99929,0.00000,0.00000,0.00071
98.20125,0.99751,0.99987,0.00000,0.00000,0.00013
98.30125,0.99751,0.99998,0.00000,0.00000,0.00002
98.40125,0.99750,0.99999,0.00000,0.00000,0.00000
98.50125,0.99750,1.00000,0.00000,0.00000,0.00000
98.60125,0.99750,1.00000,0.00000,0.00000,0.00000
98.70125,0.99751,0.99999,0.00000,0.00000,0.00000
98.80125,0.99751,1.00000,0.00000,0.00000,0.00000
98.90125,0.99750,1.00000,0.00000,0.00000,0.00000
99.00125,0.99750,1.00000,0.00000,0.00000,0.00000
99.10125,0.99750,1.00000,0.00000,0.00000,0.00000
99.20125,0.99751,1.00000,0.00000,0.00000,0.00000
99.30125,0.99751,0.99999,0.00000,0.00000,0.00001
99.40125,0.99750,0.99998,0.00000,0.00000,0.00002
99.50125,0.99750,0.99994,0.00000,0.00000,0.00006
99.60125,0.99750,0.99990,0.00000,0.00000,0.00010
99.70125,0.99751,0.99963,0.00000,0.00000,0.00037
99.80125,0.99751,0.99978,0.00000,0.00000,0.00022
99.90125,0.99750,0.99991,0.00000,0.00000,0.00009
100.00125,0.99750,0.99997,0.00000,0.00000,0.00003
100.10125,0.99750,0.99998,0.00000,0.00000,0.00002
100.20125,0.99751,0.99997,0.00000,0.00000,0.00003
100.30125,0.99751,0.99997,0.00000,0.00000,0.00003
100.40125,0.99750,0.99998,0.00000,0.00000,0.00002
100.50125,0.99750,0.99999,0.00000,0.00000,0.00000
100.60125,0.99750,0.99999,0.00000,0.00000,0.00000
100.70125,0.99751,0.99999,0.00000,0.00000,0.00000
100.80125,0.99751,1.00000,0.00000,0.00000,0.00000
100.90125,0.99750,1.00000,0.00000,0.00000,0.00000
101.00125,0.99750,1.00000,0.00000,0.00000,0.00000
101.10125,0.99750,0.99995,0.00000,0.00002,0.00003
101.20125,0.99751,0.99995,0.00000,0.00001,0.00004
101.30125,0.99751,0.99997,0.00000,0.00001,0.00002
101.40125,0.99750,0.99996,0.00000,0.00001,0.00004
101.50125,0.99750,0.99995,0.00000,0.00000,0.00005
101.60125,0.99750,0.99995,0.00000,0.00000,0.00004
101.70125,0.99751,0.99990,0.00000,0.00000,0.00010
101.80125,0.99751,0.99996,0.00000,0.00000,0.00004
101.90125,0.99750,0.99999,0.00000,0.00000,0.00001
102.00125,0.99750,1.00000,0.00000,0.00000,0.00000
102.10125,0.99750,0.99999,0.00000,0.00000,0.00001
102.20125,0.99751,1.00000,0.00000,0.00000,0.00000
102.30125,0.99751,1.00000,0.00000,0.00000,0.00000
102.40125,0.99750,1.00000,0.00000,0.00000,0.00000
102.50125,0.99750,1.00000,0.00000,0.00000,0.00000
102.60125,0.99750,1.00000,0.00000,0.00000,0.00000
102.70125,0.99751,1.00000,0.00000,0.00000,0.00000
102.80125,0.99751,1.00000,0.00000,0.00000,0.00000
102.90125,0.99750,1.00000,0.00000,0.00000,0.00000
103.00125,0.99750,1.00000,0.00000,0.00000,0.00000
103.10125,0.99750,0.99999,0.00000,0.00000,0.00001
103.20125,0.99751,0.99998,0.00000,0.00000,0.00002
103.30125,0.99751,0.99997,0.00000,0.00001,0.00001
103.40125,0.99750,0.99991,0.00000,0.00008,0.00001
103.50125,0.99750,0.99978,0.00000,0.00021,0.00001
103.60125,0.99750,0.99975,0.00000,0.00024,0.00001
103.70125,0.99751,0.99970,0.00001,0.00029,0.00000
103.80125,0.99751,0.99987,0.00003,0.00011,0.00000
103.90125,0.99750,0.99982,0.00014,0.00004,0.00000
104.00125,0.99750,0.99960,0.00038,0.00002,0.00000
104.10125,0.99750,0.99989,0.00010,0.00001,0.00000
104.20125,0.99751,0.99999,0.00001,0.00000,0.00000
104.30125,0.99751,1.00000,0.00000,0.00000,0.00000
104.40125,0.99750,1.00000,0.00000,0.00000,0.00000
104.50125,0.99750,0.99999,0.00000,0.00000,0.00001
104.60125,0.99750,0.99999,0.00000,0.00000,0.00001
104.70125,0.99751,0.99999,0.00000,0.00000,0.00001
104.80125,0.99751,0.99999,0.00000,0.00000,0.00001
104.90125,0.99750,0.99999,0.00000,0.00000,0.00001
105.00125,0.99750,1.00000,0.00000,0.00000,0.00000
105.10125,0.99750,1.00000,0.00000,0.00000,0.00000
105.20125,0.99751,0.99998,0.00000,0.00000,0.00001
105.30125,0.99751,1.00000,0.00000,0.00000,0.00000
105.40125,0.99750,1.00000,0.00000,0.00000,0.00000
105.50125,0.99750,0.99999,0.00001,0.00000,0.00000
105.60125,0.99750,0.99999,0.00001,0.00000,0.00000
105.70125,0.99751,0.99999,0.00000,0.00001,0.00000
105.80125,0.99751,0.99998,0.00000,0.00001,0.00001
105.90125,0.99750,0.99997,0.00000,0.00002,0.00001
106.00125,0.99750,0.99996,0.00000,0.00001,0.00003
106.10125,0.99750,0.99998,0.00000,0.00001,0.00002
106.20125,0.99751,0.99996,0.00000,0.00002,0.00003
106.30125,0.99751,0.99998,0.00000,0.00000,0.00002
106.40125,0.99750,0.99998,0.00000,0.00000,0.00002
106.50125,0.99750,0.99999,0.00000,0.00000,0.00001
106.60125,0.99750,0.99998,0.00000,0.00001,0.00001
106.70125,0.99751,0.99999,0.00000,0.00001,0.00000
106.80125,0.99751,0.99999,0.00000,0.00001,0.00000
106.90125,0.99750,1.00000,0.00000,0.00000,0.00000
107.00125,0.99750,1.00000,0.00000,0.00000,0.00000
107.10125,0.99750,1.00000,0.00000,0.00000,0.00000
107.20125,0.99751,1.00000,0.00000,0.00000,0.00000
107.30125,0.99751,1.00000,0.00000,0.00000,0.00000
107.40125,0.99750,1.00000,0.00000,0.00000,0.00000
107.50125,0.99750,1.00000,0.00000,0.00000,0.00000
107.60125,0.99750,0.99999,0.00000,0.00000,0.00001
107.70125,0.99751,0.99998,0.00000,0.00000,0.00002
107.80125,0.99751,0.99996,0.00000,0.00000,0.00004
107.90125,0.99750,0.99995,0.00000,0.00000,0.00004
108.00125,0.99750,0.99999,0.00000,0.00000,0.00001
108.10125,0.99750,1.00000,0.00000,0.00000,0.00000
108.20125,0.99751,0.99998,0.00000,0.00002,0.00000
108.30125,0.99751,0.99985,0.00000,0.00014,0.00000
108.40125,0.99750,0.99996,0.00000,0.00004,0.00000
108.50125,0.99750,0.99996,0.00000,0.00004,0.00000
108.60125,0.99750,0.99986,0.00000,0.00014,0.00000
108.70125,0.99751,0.99943,0.00000,0.00057,0.00000
108.80125,0.99751,0.99765,0.00000,0.00235,0.00000
108.90125,0.99750,0.99827,0.00000,0.00173,0.00000
109.00125,0.99750,0.99878,0.00000,0.00122,0.00000
109.10125,0.99750,0.99770,0.00000,0.00230,0.00000
109.20125,0.99751,0.99706,0.00000,0.00293,0.00001
109.30125,0.99751,0.99898,0.00000,0.00099,0.00003
109.40125,0.99750,0.99946,0.00001,0.00051,0.00002
109.50125,0.99750,0.99941,0.00023,0.00035,0.00001
109.60125,0.99750,0.99948,0.00047,0.00005,0.00000
109.70125,0.99751,0.99911,0.00088,0.00001,0.00000
109.80125,0.99751,0.99955,0.00045,0.00000,0.00000
109.90125,0.99750,0.99988,0.00012,0.00000,0.00000
110.00125,0.99750,0.99998,0.00002,0.00000,0.00000
110.10125,0.99750,0.99999,0.00001,0.00000,0.00000
110.20125,0.99751,1.00000,0.00000,0.00000,0.00000
110.30125,0.99751,1.00000,0.00000,0.00000,0.00000
110.40125,0.99750,1.00000,0.00000,0.00000,0.00000
110.50125,0.99750,1.00000,0.00000,0.00000,0.00000
110.60125,0.99750,1.00000,0.00000,0.00000,0.00000
110.70125,0.99751,1.00000,0.00000,0.00000,0.00000
110.80125,0.99751,1.00000,0.00000,0.00000,0.00000
110.90125,0.99750,1.00000,0.00000,0.00000,0.00000
111.00125,0.99750,1.00000,0.00000,0.00000,0.00000
111.10125,0.99750,0.99999,0.00000,0.00000,0.00001
111.20125,0.99751,0.99990,0.00000,0.00000,0.00010
111.30125,0.99751,0.99918,0.00001,0.00000,0.00081
111.40125,0.99750,0.99662,0.00000,0.00000,0.00338
111.50125,0.99750,0.99574,0.00002,0.00000,0.00424
111.60125,0.99750,0.97809,0.00036,0.00000,0.02156
111.70125,0.99751,0.98590,0.00002,0.00000,0.01408
111.80125,0.99751,0.99603,0.00000,0.00000,0.00397
111.90125,0.99750,0.99935,0.00000,0.00000,0.00065
112.00125,0.99750,0.99964,0.00000,0.00000,0.00036
112.10125,0.99750,0.99933,0.00000,0.00000,0.00067
112.20125,0.99751,0.99985,0.00000,0.00000,0.00015
112.30125,0.99751,0.99997,0.00000,0.00000,0.00003
112.40125,0.99750,0.99997,0.00000,0.00000,0.00003
112.50125,0.99750,0.99994,0.00000,0.00000,0.00006
112.60125,0.99750,0.99990,0.00000,0.00000,0.00010
112.70125,0.99751,0.99993,0.00000,0.00000,0.00007
112.80125,0.99751,0.99999,0.00000,0.00000,0.00001
112.90125,0.99750,0.99999,0.00000,0.00000,0.00001
113.00125,0.99750,1.00000,0.00000,0.00000,0.00000
113.10125,0.99750,1.00000,0.00000,0.00000,0.00000
113.20125,0.99751,1.00000,0.00000,0.00000,0.00000
113.30125,0.99751,1.00000,0.00000,0.00000,0.00000
113.40125,0.99750,0.99999,0.00001,0.00000,0.00000
113.50125,0.99750,0.99996,0.00004,0.00000,0.00000
113.60125,0.99750,0.99988,0.00012,0.00000,0.00000
113.70125,0.99751,0.99901,0.00099,0.00000,0.00000
113.80125,0.99751,0.99032,0.00966,0.00002,0.00000
113.90125,0.99750,0.99734,0.00263,0.00003,0.00000
114.00125,0.99750,0.99212,0.00781,0.00007,0.00000
114.10125,0.99750,0.99466,0.00532,0.00001,0.00000
114.20125,0.99751,0.99576,0.00424,0.00000,0.00000
114.30125,0.99751,0.97752,0.02248,0.00001,0.00000
114.40125,0.99750,0.98706,0.01293,0.00001,0.00000
114.50125,0.99750,0.99437,0.00562,0.00001,0.00000
114.60125,0.99750,0.99665,0.00334,0.00001,0.00000
114.70125,0.99751,0.99920,0.00080,0.00000,0.00000
114.80125,0.99751,0.99993,0.00007,0.00000,0.00000
114.90125,0.99750,0.99999,0.00000,0.00000,0.00000
115.00125,0.99750,1.00000,0.00000,0.00000,0.00000
115.10125,0.99750,1.00000,0.00000,0.00000,0.00000
115.20125,0.99751,1.00000,0.00000,0.00000,0.00000
115.30125,0.99751,0.99999,0.00000,0.00000,0.00001
115.40125,0.99750,0.99999,0.00000,0.00000,0.00001
115.50125,0.99750,0.99997,0.00000,0.00000,0.00003
115.60125,0.99750,0.99986,0.00000,0.00000,0.00014
115.70125,0.99751,0.99957,0.00000,0.00000,0.00043
115.80125,0.99751,0.99868,0.00000,0.00000,0.00132
115.90125,0.99750,0.99727,0.00000,0.00000,0.00273
116.00125,0.99750,0.99746,0.00000,0.00000,0.00254
116.10125,0.99750,0.99818,0.00000,0.00000,0.00182
116.20125,0.99751,0.99872,0.00000,0.00000,0.00128
116.30125,0.99751,0.99925,0.00000,0.00000,0.00075
116.40125,0.99750,0.99962,0.00000,0.00000,0.00038
116.50125,0.99750,0.99959,0.00000,0.00000,0.00041
116.60125,0.99750,0.99944,0.00000,0.00000,0.00056
116.70125,0.99751,0.99906,0.00000,0.00002,0.00092
116.80125,0.99751,0.99846,0.00000,0.00022,0.00132
116.90125,0.99750,0.99045,0.00000,0.00440,0.00515
117.00125,0.99750,0.98334,0.00000,0.01215,0.00451
117.10125,0.99750,0.94884,0.00000,0.04644,0.00472
117.20125,0.99751,0.98601,0.00000,0.01075,0.00323
117.30125,0.99751,0.98588,0.00000,0.01236,0.00175
117.40125,0.99750,0.98580,0.00000,0.01394,0.00026
117.50125,0.99750,0.99614,0.00001,0.00379,0.00005
117.60125,0.99750,0.99932,0.00003,0.00064,0.00001
117.70125,0.99751,0.99974,0.00010,0.00015,0.00001
117.80125,0.99751,0.99998,0.00001,0.00001,0.00000
117.90125,0.99750,0.99999,0.00000,0.00000,0.00000
118.00125,0.99750,1.00000,0.00000,0.00000,0.00000
118.10125,0.99750,0.99999,0.00000,0.00000,0.00000
118.20125,0.99751,0.99999,0.00000,0.00001,0.00000
118.30125,0.99751,1.00000,0.00000,0.00000,0.00000
118.40125,0.99750,1.00000,0.00000,0.00000,0.00000
118.50125,0.99750,1.00000,0.00000,0.00000,0.00000
118.60125,0.99750,1.00000,0.00000,0.00000,0.00000
118.70125,0.99751,1.00000,0.00000,0.00000,0.00000
118.80125,0.99751,1.00000,0.00000,0.00000,0.00000
118.90125,0.99750,1.00000,0.00000,0.00000,0.00000
119.00125,0.99750,1.00000,0.00000,0.00000,0.00000
119.10125,0.99750,1.00000,0.00000,0.00000,0.00000
119.20125,0.99751,1.00000,0.00000,0.00000,0.00000
119.30125,0.99751,1.00000,0.00000,0.00000,0.00000
119.40125,0.99750,0.99998,0.00000,0.00000,0.00002
119.50125,0.99750,0.99998,0.00000,0.00000,0.00002
119.60125,0.99750,0.99997,0.00000,0.00000,0.00003
119.70125,0.99751,0.99997,0.00000,0.00000,0.00003
119.80125,0.99751,0.99999,0.00000,0.00000,0.00001
119.90125,0.99750,0.99999,0.00000,0.00000,0.00001
120.00125,0.99750,0.99999,0.00000,0.00000,0.00001
120.10125,0.99750,0.99999,0.00000,0.00000,0.00001
120.20125,0.99751,0.99999,0.00000,0.00000,0.00001
120.30125,0.99751,1.00000,0.00000,0.00000,0.00000
120.40125,0.99750,1.00000,0.00000,0.00000,0.00000
120.50125,0.99750,1.00000,0.00000,0.00000,0.00000
120.60125,0.99750,0.99998,0.00001,0.00000,0.00001
120.70125,0.99751,0.99997,0.00000,0.00000,0.00003
120.80125,0.99751,0.99995,0.00000,0.00000,0.00005
120.90125,0.99750,0.99994,0.00000,0.00000,0.00006
121.00125,0.99750,0.99992,0.00000,0.00000,0.00008
121.10125,0.99750,0.99967,0.00000,0.00000,0.00033
121.20125,0.99751,0.99892,0.00000,0.00000,0.00107
121.30125,0.99751,0.99981,0.00000,0.00000,0.00019
121.40125,0.99750,0.99996,0.00000,0.00000,0.00004
121.50125,0.99750,0.99996,0.00000,0.00000,0.00004
121.60125,0.99750,0.99999,0.00000,0.00000,0.00001
121.70125,0.99751,0.99999,0.00000,0.00000,0.00000
121.80125,0.99751,1.00000,0.00000,0.00000,0.00000
121.90125,0.99750,1.00000,0.00000,0.00000,0.00000
122.00125,0.99750,1.00000,0.00000,0.00000,0.00000
122.10125,0.99750,0.99999,0.00001,0.00000,0.00000
122.20125,0.99751,0.99994,0.00006,0.00000,0.00000
122.30125,0.99751,0.99990,0.00010,0.00000,0.00000
122.40125,0.99750,0.99991,0.00009,0.00000,0.00000
122.50125,0.99750,0.99998,0.00002,0.00000,0.00000
122.60125,0.99750,0.99993,0.00007,0.00000,0.00000
122.70125,0.99751,0.99987,0.00011,0.00000,0.00002
122.80125,0.99751,0.99991,0.00004,0.00000,0.00005
122.90125,0.99750,0.99992,0.00002,0.00000,0.00006
123.00125,0.99750,0.99993,0.00001,0.00000,0.00005
123.10125,0.99750,0.99996,0.00001,0.00000,0.00003
123.20125,0.99751,0.99993,0.00001,0.00000,0.00006
123.30125,0.99751,0.99989,0.00000,0.00000,0.00011
123.40125,0.99750,0.99962,0.00003,0.00001,0.00034
123.50125,0.99750,0.99929,0.00002,0.00001,0.00067
123.60125,0.99750,0.99971,0.00001,0.00001,0.00027
123.70125,0.99751,0.99970,0.00000,0.00002,0.00028
123.80125,0.99751,0.99955,0.00000,0.00003,0.00042
123.90125,0.99750,0.99879,0.00000,0.00015,0.00106
124.00125,0.99750,0.99898,0.00000,0.00060,0.00042
124.10125,0.99750,0.99752,0.00000,0.00236,0.00012
124.20125,0.99751,0.99870,0.00000,0.00127,0.00003
124.30125,0.99751,0.99968,0.00000,0.00030,0.00002
124.40125,0.99750,0.99986,0.00000,0.00012,0.00002
124.50125,0.99750,0.99992,0.00000,0.00006,0.00002
124.60125,0.99750,0.99955,0.00000,0.00003,0.00041
124.70125,0.99751,0.99973,0.00000,0.00002,0.00025
124.80125,0.99751,0.99975,0.00000,0.00005,0.00020
124.90125,0.99750,0.99985,0.00000,0.00005,0.00011
125.00125,0.99750,0.99981,0.00000,0.00001,0.00018
125.10125,0.99750,0.99696,0.00000,0.00004,0.00300
125.20125,0.99751,0.99916,0.00000,0.00001,0.00083
125.30125,0.99751,0.99980,0.00000,0.00000,0.00020
125.40125,0.99750,0.99994,0.00000,0.00000,0.00006
125.50125,0.99750,1.00000,0.00000,0.00000,0.00000
125.60125,0.99750,1.00000,0.00000,0.00000,0.00000
125.70125,0.99751,1.00000,0.00000,0.00000,0.00000
125.80125,0.99751,0.99999,0.00000,0.00000,0.00000
125.90125,0.99750,1.00000,0.00000,0.00000,0.00000
126.00125,0.99750,1.00000,0.00000,0.00000,0.00000
126.10125,0.99750,0.99999,0.00000,0.00000,0.00000
126.20125,0.99751,0.99999,0.00001,0.00000,0.00000
126.30125,0.99751,1.00000,0.00000,0.00000,0.00000
126.40125,0.99750,0.99999,0.00001,0.00000,0.00000
126.50125,0.99750,1.00000,0.00000,0.00000,0.00000
126.60125,0.99750,1.00000,0.00000,0.00000,0.00000
126.70125,0.99751,1.00000,0.00000,0.00000,0.00000
126.80125,0.99751,0.99999,0.00000,0.00000,0.00001
126.90125,0.99750,0.99998,0.00000,0.00000,0.00002
127.00125,0.99750,0.99995,0.00000,0.00000,0.00005
127.10125,0.99751,0.99979,0.00000,0.00000,0.00021
127.20125,0.99750,0.99995,0.00000,0.00000,0.00005
127.30125,0.99751,0.99998,0.00000,0.00000,0.00002
127.40125,0.99749,0.99996,0.00000,0.00000,0.00004
127.50125,0.99750,0.99997,0.00000,0.00000,0.00003
127.60125,0.99751,0.99999,0.00000,0.00000,0.00000
127.70125,0.99750,1.00000,0.00000,0.00000,0.00000
127.80125,0.99751,1.00000,0.00000,0.00000,0.00000
127.90125,0.99749,1.00000,0.00000,0.00000,0.00000
128.00125,0.99750,1.00000,0.00000,0.00000,0.00000
128.10126,0.99750,1.00000,0.00000,0.00000,0.00000
128.20125,0.99750,1.00000,0.00000,0.00000,0.00000
128.30125,0.99750,1.00000,0.00000,0.00000,0.00000
128.40125,0.99750,0.99999,0.00000,0.00000,0.00001
128.50125,0.99750,0.99997,0.00000,0.00000,0.00002
128.60126,0.99750,0.99993,0.00000,0.00000,0.00006
128.70125,0.99750,0.99967,0.00000,0.00000,0.00033
128.80125,0.99750,0.99986,0.00000,0.00000,0.00014
128.90125,0.99750,0.99964,0.00000,0.00000,0.00036
129.00125,0.99750,0.99973,0.00000,0.00000,0.00027
129.10126,0.99750,0.99979,0.00000,0.00000,0.00021
129.20125,0.99750,0.99932,0.00000,0.00000,0.00068
129.30125,0.99750,0.99947,0.00000,0.00000,0.00053
129.40125,0.99750,0.99978,0.00000,0.00000,0.00022
129.50125,0.99750,0.99998,0.00000,0.00000,0.00002
129.60126,0.99750,0.99995,0.00000,0.00000,0.00005
129.70125,0.99750,0.99987,0.00000,0.00000,0.00013
129.80125,0.99750,0.99965,0.00000,0.00000,0.00035
129.90125,0.99750,0.99992,0.00000,0.00000,0.00008
130.00125,0.99750,0.99981,0.00000,0.00000,0.00019
130.10126,0.99750,0.99993,0.00000,0.00000,0.00007
130.20125,0.99750,0.99995,0.00000,0.00001,0.00004
130.30125,0.99750,0.99991,0.00000,0.00005,0.00005
130.40125,0.99750,0.99993,0.00000,0.00005,0.00002
130.50125,0.99750,0.99996,0.00000,0.00003,0.00001
130.60126,0.99750,0.99999,0.00000,0.00001,0.00000
130.70125,0.99750,0.99999,0.00000,0.00000,0.00000
130.80125,0.99750,0.99998,0.00000,0.00001,0.00000
130.90125,0.99750,0.99999,0.00000,0.00001,0.00000
131.00125,0.99750,0.99998,0.00000,0.00002,0.00001
131.10126,0.99750,0.99999,0.00000,0.00001,0.00000
131.20125,0.99750,0.99999,0.00000,0.00000,0.00001
131.30125,0.99750,0.99999,0.00000,0.00000,0.00001
131.40125,0.99750,0.99997,0.00000,0.00001,0.00003
131.50125,0.99750,0.99998,0.00000,0.00000,0.00001
131.60126,0.99750,0.99999,0.00000,0.00000,0.00001
131.70125,0.99750,1.00000,0.00000,0.00000,0.00000
131.80125,0.99750,1.00000,0.00000,0.00000,0.00000
131.90125,0.99750,1.00000,0.00000,0.00000,0.00000
132.00125,0.99750,1.00000,0.00000,0.00000,0.00000
132.10126,0.99750,1.00000,0.00000,0.00000,0.00000
132.20125,0.99750,1.00000,0.00000,0.00000,0.00000
132.30125,0.99750,1.00000,0.00000,0.00000,0.00000
132.40125,0.99750,1.00000,0.00000,0.00000,0.00000
132.50125,0.99750,1.00000,0.00000,0.00000,0.00000
132.60126,0.99750,1.00000,0.00000,0.00000,0.00000
132.70125,0.99750,1.00000,0.00000,0.00000,0.00000
132.80125,0.99750,1.00000,0.00000,0.00000,0.00000
132.90125,0.99750,0.99999,0.00000,0.00000,0.00001
133.00125,0.99750,0.99999,0.00000,0.00000,0.00001
133.10126,0.99750,0.99999,0.00000,0.00000,0.00001
133.20125,0.99750,0.99999,0.00000,0.00000,0.00001
133.30125,0.99750,1.00000,0.00000,0.00000,0.00000
133.40125,0.99750,1.00000,0.00000,0.00000,0.00000
133.50125,0.99750,1.00000,0.00000,0.00000,0.00000
133.60126,0.99750,1.00000,0.00000,0.00000,0.00000
133.70125,0.99750,1.00000,0.00000,0.00000,0.00000
133.80125,0.99750,1.00000,0.00000,0.00000,0.00000
133.90125,0.99750,1.00000,0.00000,0.00000,0.00000
134.00125,0.99750,1.00000,0.00000,0.00000,0.00000
134.10126,0.99750,1.00000,0.00000,0.00000,0.00000
134.20125,0.99750,1.00000,0.00000,0.00000,0.00000
134.30125,0.99750,1.00000,0.00000,0.00000,0.00000
134.40125,0.99750,1.00000,0.00000,0.00000,0.00000
134.50125,0.99750,1.00000,0.00000,0.00000,0.00000
134.60126,0.99750,1.00000,0.00000,0.00000,0.00000
134.70125,0.99750,1.00000,0.00000,0.00000,0.00000
134.80125,0.99750,1.00000,0.00000,0.00000,0.00000
134.90125,0.99750,1.00000,0.00000,0.00000,0.00000
135.00125,0.99750,1.00000,0.00000,0.00000,0.00000
135.10126,0.99750,1.00000,0.00000,0.00000,0.00000
135.20125,0.99750,1.00000,0.00000,0.00000,0.00000
135.30125,0.99750,1.00000,0.00000,0.00000,0.00000
135.40125,0.99750,1.00000,0.00000,0.00000,0.00000
135.50125,0.99750,1.00000,0.00000,0.00000,0.00000
135.60126,0.99750,1.00000,0.00000,0.00000,0.00000
135.70125,0.99750,1.00000,0.00000,0.00000,0.00000
135.80125,0.99750,1.00000,0.00000,0.00000,0.00000
135.90125,0.99750,1.00000,0.00000,0.00000,0.00000
136.00125,0.99750,1.00000,0.00000,0.00000,0.00000
136.10126,0.99750,1.00000,0.00000,0.00000,0.00000
136.20125,0.99750,1.00000,0.00000,0.00000,0.00000
136.30125,0.99750,1.00000,0.00000,0.00000,0.00000
136.40125,0.99750,1.00000,0.00000,0.00000,0.00000
136.50125,0.99750,1.00000,0.00000,0.00000,0.00000
136.60126,0.99750,1.00000,0.00000,0.00000,0.00000
136.70125,0.99750,1.00000,0.00000,0.00000,0.00000
136.80125,0.99750,1.00000,0.00000,0.00000,0.00000
136.90125,0.99750,1.00000,0.00000,0.00000,0.00000
137.00125,0.99750,1.00000,0.00000,0.00000,0.00000
137.10126,0.99750,1.00000,0.00000,0.00000,0.00000
137.20125,0.99750,1.00000,0.00000,0.00000,0.00000
137.30125,0.99750,1.00000,0.00000,0.00000,0.00000
137.40125,0.99750,1.00000,0.00000,0.00000,0.00000
137.50125,0.99750,1.00000,0.00000,0.00000,0.00000
137.60126,0.99750,1.00000,0.00000,0.00000,0.00000
137.70125,0.99750,1.00000,0.00000,0.00000,0.00000
137.80125,0.99750,1.00000,0.00000,0.00000,0.00000
137.90125,0.99750,1.00000,0.00000,0.00000,0.00000
138.00125,0.99750,1.00000,0.00000,0.00000,0.00000
138.10126,0.99750,0.99999,0.00001,0.00000,0.00000
138.20125,0.99750,0.99999,0.00000,0.00000,0.00000
138.30125,0.99750,0.99999,0.00001,0.00000,0.00000
138.40125,0.99750,0.99999,0.00001,0.00000,0.00000
138.50125,0.99750,1.00000,0.00000,0.00000,0.00000
138.60126,0.99750,1.00000,0.00000,0.00000,0.00000
138.70125,0.99750,1.00000,0.00000,0.00000,0.00000
138.80125,0.99750,1.00000,0.00000,0.00000,0.00000
138.90125,0.99750,1.00000,0.00000,0.00000,0.00000
139.00125,0.99750,1.00000,0.00000,0.00000,0.00000
139.10126,0.99750,1.00000,0.00000,0.00000,0.00000
139.20125,0.99750,0.99999,0.00000,0.00000,0.00001
139.30125,0.99750,0.99999,0.00000,0.00000,0.00001
139.40125,0.99750,0.99998,0.00000,0.00000,0.00002
139.50125,0.99750,0.99998,0.00000,0.00000,0.00002
139.60126,0.99750,0.99995,0.00000,0.00000,0.00005
139.70125,0.99750,0.99995,0.00000,0.00000,0.00005
139.80125,0.99750,0.99987,0.00000,0.00000,0.00013
139.90125,0.99750,0.99989,0.00000,0.00000,0.00011
140.00125,0.99750,0.99995,0.00000,0.00000,0.00005
140.10126,0.99750,0.99996,0.00000,0.00000,0.00004
140.20125,0.99750,0.99995,0.00000,0.00000,0.00005
140.30125,0.99750,0.99986,0.00000,0.00000,0.00014
140.40125,0.99750,0.99947,0.00000,0.00000,0.00053
140.50125,0.99750,0.99978,0.00000,0.00000,0.00022
140.60126,0.99750,0.99996,0.00000,0.00000,0.00004
140.70125,0.99750,0.99993,0.00000,0.00000,0.00007
140.80125,0.99750,0.99974,0.00000,0.00000,0.00026
140.90125,0.99750,0.99874,0.00000,0.00000,0.00126
141.00125,0.99750,0.99815,0.00000,0.00000,0.00185
141.10126,0.99750,0.99922,0.00000,0.00000,0.00078
141.20125,0.99750,0.99983,0.00000,0.00000,0.00017
141.30125,0.99750,0.99924,0.00000,0.00000,0.00076
141.40125,0.99750,0.99977,0.00000,0.00000,0.00023
141.50125,0.99750,0.99991,0.00000,0.00000,0.00009
141.60126,0.99750,0.99996,0.00000,0.00000,0.00004
141.70125,0.99750,0.99993,0.00000,0.00000,0.00007
141.80125,0.99750,0.99994,0.00000,0.00000,0.00006
141.90125,0.99750,0.99996,0.00000,0.00000,0.00004
142.00125,0.99750,0.99998,0.00000,0.00000,0.00002
142.10126,0.99750,1.00000,0.00000,0.00000,0.00000
142.20125,0.99750,0.99999,0.00000,0.00000,0.00001
142.30125,0.99750,0.99999,0.00000,0.00000,0.00000
142.40125,0.99750,1.00000,0.00000,0.00000,0.00000
142.50125,0.99750,1.00000,0.00000,0.00000,0.00000
142.60126,0.99750,1.00000,0.00000,0.00000,0.00000
142.70125,0.99750,0.99998,0.00002,0.00000,0.00000
142.80125,0.99750,0.99999,0.00001,0.00000,0.00000
142.90125,0.99750,1.00000,0.00000,0.00000,0.00000
143.00125,0.99750,0.99991,0.00008,0.00000,0.00000
143.10126,0.99750,0.99970,0.00029,0.00000,0.00000
143.20125,0.99750,0.99963,0.00037,0.00000,0.00000
143.30125,0.99750,1.00000,0.00000,0.00000,0.00000
143.40125,0.99750,1.00000,0.00000,0.00000,0.00000
143.50125,0.99750,0.99997,0.00001,0.00000,0.00002
143.60126,0.99750,0.99997,0.00000,0.00000,0.00002
143.70125,0.99750,0.99999,0.00001,0.00000,0.00001
143.80125,0.99750,0.99997,0.00003,0.00000,0.00000
143.90125,0.99750,0.99992,0.00007,0.00000,0.00000
144.00125,0.99750,0.99998,0.00000,0.00000,0.00001
144.10126,0.99750,0.99988,0.00000,0.00000,0.00012
144.20125,0.99750,0.99925,0.00000,0.00000,0.00074
144.30125,0.99750,0.99984,0.00000,0.00000,0.00016
144.40125,0.99750,0.99993,0.00000,0.00001,0.00006
144.50125,0.99750,0.99996,0.00000,0.00001,0.00004
144.60126,0.99750,0.99998,0.00000,0.00000,0.00002
144.70125,0.99750,1.00000,0.00000,0.00000,0.00000
144.80125,0.99750,0.99999,0.00000,0.00000,0.00001
144.90125,0.99750,0.99994,0.00000,0.00000,0.00006
145.00125,0.99750,0.99995,0.00000,0.00000,0.00005
145.10126,0.99750,0.99996,0.00000,0.00000,0.00004
145.20125,0.99750,0.99993,0.00000,0.00000,0.00007
145.30125,0.99750,0.99998,0.00000,0.00000,0.00002
145.40125,0.99750,1.00000,0.00000,0.00000,0.00000
145.50125,0.99750,1.00000,0.00000,0.00000,0.00000
145.60126,0.99750,0.99994,0.00000,0.00000,0.00006
145.70125,0.99750,0.99948,0.00000,0.00000,0.00052
145.80125,0.99750,0.99973,0.00000,0.00000,0.00027
145.90125,0.99750,0.99954,0.00000,0.00000,0.00046
146.00125,0.99750,0.99960,0.00000,0.00000,0.00040
146.10126,0.99750,0.99985,0.00000,0.00000,0.00015
146.20125,0.99750,0.99995,0.00000,0.00000,0.00005
146.30125,0.99750,0.99981,0.00000,0.00000,0.00019
146.40125,0.99750,0.99875,0.00000,0.00000,0.00125
146.50125,0.99750,0.99877,0.00000,0.00000,0.00123
146.60126,0.99750,0.99884,0.00000,0.00000,0.00116
146.70125,0.99750,0.99833,0.00000,0.00000,0.00167
146.80125,0.99750,0.99973,0.00000,0.00000,0.00027
146.90125,0.99750,0.99999,0.00000,0.00000,0.00001
147.00125,0.99750,0.99999,0.00000,0.00000,0.00001
147.10126,0.99750,0.99990,0.00000,0.00000,0.00010
147.20125,0.99750,0.99987,0.00000,0.00000,0.00013
147.30125,0.99750,0.99996,0.00000,0.00000,0.00004
147.40125,0.99750,0.99996,0.00000,0.00000,0.00004
147.50125,0.99750,0.99971,0.00024,0.00000,0.00005
147.60126,0.99750,0.99996,0.00004,0.00000,0.00000
147.70125,0.99750,0.99999,0.00001,0.00000,0.00000
147.80125,0.99750,1.00000,0.00000,0.00000,0.00000
147.90125,0.99750,0.99999,0.00000,0.00000,0.00001
148.00125,0.99750,0.99999,0.00000,0.00000,0.00001
148.10126,0.99750,1.00000,0.00000,0.00000,0.00000
148.20125,0.99750,1.00000,0.00000,0.00000,0.00000
148.30125,0.99750,1.00000,0.00000,0.00000,0.00000
148.40125,0.99750,1.00000,0.00000,0.00000,0.00000
148.50125,0.99750,0.99998,0.00000,0.00000,0.00002
148.60126,0.99750,0.99997,0.00000,0.00000,0.00003
148.70125,0.99750,0.99998,0.00000,0.00000,0.00002
148.80125,0.99750,0.99990,0.00000,0.00000,0.00010
148.90125,0.99750,0.99994,0.00000,0.00000,0.00006
149.00125,0.99750,1.00000,0.00000,0.00000,0.00000
149.10126,0.99750,0.99999,0.00000,0.00000,0.00001
149.20125,0.99750,0.99999,0.00000,0.00000,0.00001
149.30125,0.99750,0.99999,0.00000,0.00000,0.00001
149.40125,0.99750,0.99995,0.00000,0.00004,0.00001
149.50125,0.99750,0.99849,0.00000,0.00141,0.00010
149.60126,0.99750,0.99885,0.00000,0.00101,0.00013
149.70125,0.99750,0.99989,0.00000,0.00006,0.00005
149.80125,0.99750,0.99997,0.00000,0.00001,0.00002
149.90125,0.99750,0.99996,0.00000,0.00000,0.00004
150.00125,0.99750,0.99972,0.00000,0.00000,0.00027
150.10126,0.99750,0.99735,0.00000,0.00001,0.00265
150.20125,0.99750,0.99600,0.00000,0.00000,0.00400
150.30125,0.99750,0.99960,0.00000,0.00000,0.00040
150.40125,0.99750,0.99986,0.00000,0.00000,0.00014
150.50125,0.99750,0.99979,0.00000,0.00000,0.00021
150.60126,0.99750,0.99917,0.00000,0.00000,0.00083
150.70125,0.99750,0.99801,0.00000,0.00000,0.00199
150.80125,0.99750,0.99983,0.00000,0.00000,0.00017
150.90125,0.99750,0.99971,0.00000,0.00000,0.00029
151.00125,0.99750,0.99927,0.00000,0.00001,0.00073
151.10126,0.99750,0.99575,0.00000,0.00002,0.00423
151.20125,0.99750,0.99509,0.00001,0.00012,0.00478
151.30125,0.99750,0.99853,0.00001,0.00019,0.00127
151.40125,0.99750,0.99970,0.00001,0.00009,0.00021
151.50125,0.99750,0.99995,0.00000,0.00001,0.00003
151.60126,0.99750,0.99999,0.00000,0.00000,0.00001
151.70125,0.99750,1.00000,0.00000,0.00000,0.00000
151.80125,0.99750,0.99999,0.00000,0.00000,0.00001
151.90125,0.99750,0.99998,0.00000,0.00000,0.00001
152.00125,0.99750,1.00000,0.00000,0.00000,0.00000
152.10126,0.99750,1.00000,0.00000,0.00000,0.00000
152.20125,0.99750,1.00000,0.00000,0.00000,0.00000
152.30125,0.99750,1.00000,0.00000,0.00000,0.00000
152.40125,0.99750,0.99999,0.00000,0.00000,0.00001
152.50125,0.99750,0.99998,0.00000,0.00000,0.00002
152.60126,0.99750,0.99999,0.00000,0.00000,0.00001
152.70125,0.99750,0.99999,0.00000,0.00000,0.00000
152.80125,0.99750,0.99999,0.00000,0.00000,0.00001
152.90125,0.99750,0.99999,0.00000,0.00000,0.00001
153.00125,0.99750,0.99999,0.00000,0.00000,0.00001
153.10126,0.99750,0.99996,0.00000,0.00000,0.00004
153.20125,0.99750,0.99990,0.00000,0.00000,0.00010
153.30125,0.99750,0.99995,0.00000,0.00000,0.00005
153.40125,0.99750,0.99998,0.00000,0.00000,0.00002
153.50125,0.99750,0.99999,0.00000,0.00000,0.00001
153.60126,0.99750,0.99997,0.00000,0.00000,0.00003
153.70125,0.99750,0.99995,0.00000,0.00000,0.00005
153.80125,0.99750,0.99992,0.00000,0.00000,0.00008
153.90125,0.99750,0.99999,0.00000,0.00000,0.00001
154.00125,0.99750,0.99998,0.00000,0.00000,0.00002
154.10126,0.99750,0.99997,0.00000,0.00000,0.00003
154.20125,0.99750,0.99998,0.00001,0.00000,0.00001
154.30125,0.99750,1.00000,0.00000,0.00000,0.00000
154.40125,0.99750,1.00000,0.00000,0.00000,0.00000
154.50125,0.99750,1.00000,0.00000,0.00000,0.00000
154.60126,0.99750,1.00000,0.00000,0.00000,0.00000
154.70125,0.99750,1.00000,0.00000,0.00000,0.00000
154.80125,0.99750,1.00000,0.00000,0.00000,0.00000
154.90125,0.99750,1.00000,0.00000,0.00000,0.00000
155.00125,0.99750,1.00000,0.00000,0.00000,0.00000
155.10126,0.99750,1.00000,0.00000,0.00000,0.00000
155.20125,0.99750,0.99986,0.00000,0.00003,0.00012
155.30125,0.99750,0.99705,0.00000,0.00119,0.00176
155.40125,0.99750,0.99639,0.00000,0.00075,0.00286
155.50125,0.99750,0.99967,0.00000,0.00002,0.00031
155.60126,0.99750,0.99724,0.00000,0.00003,0.00273
155.70125,0.99750,0.97693,0.00000,0.00002,0.02304
155.80125,0.99750,0.99640,0.00000,0.00000,0.00360
155.90125,0.99750,0.99630,0.00000,0.00000,0.00369
156.00125,0.99750,0.99788,0.00001,0.00000,0.00211
156.10126,0.99750,0.99957,0.00001,0.00000,0.00043
156.20125,0.99750,0.99993,0.00001,0.00000,0.00006
156.30125,0.99750,0.99999,0.00000,0.00000,0.00000
156.40125,0.99750,1.00000,0.00000,0.00000,0.00000
156.50125,0.99750,1.00000,0.00000,0.00000,0.00000
156.60126,0.99750,1.00000,0.00000,0.00000,0.00000
156.70125,0.99750,1.00000,0.00000,0.00000,0.00000
156.80125,0.99750,1.00000,0.00000,0.00000,0.00000
156.90125,0.99750,1.00000,0.00000,0.00000,0.00000
157.00125,0.99750,1.00000,0.00000,0.00000,0.00000
157.10126,0.99750,1.00000,0.00000,0.00000,0.00000
157.20125,0.99750,1.00000,0.00000,0.00000,0.00000
157.30125,0.99750,1.00000,0.00000,0.00000,0.00000
157.40125,0.99750,0.99990,0.00010,0.00000,0.00000
157.50125,0.99750,0.99958,0.00042,0.00000,0.00000
157.60126,0.99750,0.99744,0.00256,0.00000,0.00000
157.70125,0.99750,0.98783,0.01212,0.00005,0.00000
157.80125,0.99750,0.99013,0.00972,0.00015,0.00000
157.90125,0.99750,0.97669,0.02312,0.00020,0.00000
158.00125,0.99750,0.96404,0.03588,0.00009,0.00000
158.10126,0.99750,0.94880,0.05117,0.00004,0.00000
158.20125,0.99750,0.94685,0.05311,0.00004,0.00000
158.30125,0.99750,0.98448,0.01550,0.00001,0.00000
158.40125,0.99750,0.98820,0.01179,0.00001,0.00001
158.50125,0.99750,0.99828,0.00171,0.00000,0.00000
158.60126,0.99750,0.99989,0.00011,0.00000,0.00000
158.70125,0.99750,0.99999,0.00001,0.00000,0.00000
158.80125,0.99750,0.99999,0.00001,0.00000,0.00000
158.90125,0.99750,0.99999,0.00000,0.00000,0.00000
159.00125,0.99750,1.00000,0.00000,0.00000,0.00000
159.10126,0.99750,0.99997,0.00002,0.00000,0.00001
159.20125,0.99750,0.99994,0.00004,0.00000,0.00001
159.30125,0.99750,0.99933,0.00058,0.00004,0.00005
159.40125,0.99750,0.99928,0.00040,0.00004,0.00029
159.50125,0.99750,0.99543,0.00259,0.00064,0.00134
159.60126,0.99750,0.99672,0.00002,0.00021,0.00304
159.70125,0.99750,0.99459,0.00001,0.00017,0.00523
159.80125,0.99750,0.99170,0.00001,0.00009,0.00820
159.90125,0.99750,0.96305,0.00007,0.00018,0.03670
160.00125,0.99750,0.89684,0.00001,0.00012,0.10303
160.10126,0.99750,0.95702,0.00001,0.00010,0.04287
160.20125,0.99750,0.99489,0.00000,0.00008,0.00502
160.30125,0.99750,0.99059,0.00002,0.00054,0.00884
160.40125,0.99750,0.99928,0.00000,0.00018,0.00054
160.50125,0.99750,0.99990,0.00000,0.00005,0.00005
160.60126,0.99750,0.99993,0.00003,0.00003,0.00001
160.70125,0.99750,0.99985,0.00013,0.00002,0.00000
160.80125,0.99750,0.99992,0.00007,0.00001,0.00000
160.90125,0.99750,0.99997,0.00002,0.00001,0.00000
161.00125,0.99750,0.99992,0.00007,0.00001,0.00000
161.10126,0.99750,0.99998,0.00001,0.00000,0.00000
161.20125,0.99750,0.99999,0.00001,0.00000,0.00000
161.30125,0.99750,0.99999,0.00001,0.00000,0.00000
161.40125,0.99750,1.00000,0.00000,0.00000,0.00000
161.50125,0.99750,1.00000,0.00000,0.00000,0.00000
161.60126,0.99750,1.00000,0.00000,0.00000,0.00000
161.70125,0.99750,1.00000,0.00000,0.00000,0.00000
161.80125,0.99750,1.00000,0.00000,0.00000,0.00000
161.90125,0.99750,1.00000,0.00000,0.00000,0.00000
162.00125,0.99750,1.00000,0.00000,0.00000,0.00000
162.10126,0.99750,1.00000,0.00000,0.00000,0.00000
162.20125,0.99750,1.00000,0.00000,0.00000,0.00000
162.30125,0.99750,1.00000,0.00000,0.00000,0.00000
162.40125,0.99750,1.00000,0.00000,0.00000,0.00000
162.50125,0.99750,1.00000,0.00000,0.00000,0.00000
162.60126,0.99750,1.00000,0.00000,0.00000,0.00000
162.70125,0.99750,1.00000,0.00000,0.00000,0.00000
162.80125,0.99750,0.99999,0.00000,0.00000,0.00000
162.90125,0.99750,1.00000,0.00000,0.00000,0.00000
163.00125,0.99750,1.00000,0.00000,0.00000,0.00000
163.10126,0.99750,1.00000,0.00000,0.00000,0.00000
163.20125,0.99750,1.00000,0.00000,0.00000,0.00000
163.30125,0.99750,1.00000,0.00000,0.00000,0.00000
163.40125,0.99750,1.00000,0.00000,0.00000,0.00000
163.50125,0.99750,1.00000,0.00000,0.00000,0.00000
163.60126,0.99750,1.00000,0.00000,0.00000,0.00000
163.70125,0.99750,1.00000,0.00000,0.00000,0.00000
163.80125,0.99750,1.00000,0.00000,0.00000,0.00000
163.90125,0.99750,1.00000,0.00000,0.00000,0.00000
164.00125,0.99750,1.00000,0.00000,0.00000,0.00000
164.10126,0.99750,1.00000,0.00000,0.00000,0.00000
164.20125,0.99750,0.99998,0.00002,0.00000,0.00000
164.30125,0.99750,0.99994,0.00006,0.00000,0.00000
164.40125,0.99750,0.99998,0.00002,0.00000,0.00000
164.50125,0.99750,1.00000,0.00000,0.00000,0.00000
164.60126,0.99750,1.00000,0.00000,0.00000,0.00000
164.70125,0.99750,1.00000,0.00000,0.00000,0.00000
164.80125,0.99750,1.00000,0.00000,0.00000,0.00000
164.90125,0.99750,1.00000,0.00000,0.00000,0.00000
165.00125,0.99750,1.00000,0.00000,0.00000,0.00000
165.10126,0.99750,1.00000,0.00000,0.00000,0.00000
165.20125,0.99750,1.00000,0.00000,0.00000,0.00000
165.30125,0.99750,1.00000,0.00000,0.00000,0.00000
165.40125,0.99750,1.00000,0.00000,0.00000,0.00000
165.50125,0.99750,1.00000,0.00000,0.00000,0.00000
165.60126,0.99750,1.00000,0.00000,0.00000,0.00000
165.70125,0.99750,0.99999,0.00001,0.00000,0.00000
165.80125,0.99750,0.99999,0.00001,0.00000,0.00000
165.90125,0.99750,0.99999,0.00000,0.00000,0.00000
166.00125,0.99750,0.99999,0.00000,0.00001,0.00000
166.10126,0.99750,0.99998,0.00000,0.00001,0.00002
166.20125,0.99750,0.99988,0.00000,0.00001,0.00010
166.30125,0.99750,0.99983,0.00000,0.00001,0.00016
166.40125,0.99750,0.99986,0.00000,0.00001,0.00013
166.50125,0.99750,0.99993,0.00000,0.00001,0.00006
166.60126,0.99750,0.99998,0.00000,0.00000,0.00002
166.70125,0.99750,0.99998,0.00000,0.00000,0.00002
166.80125,0.99750,0.99999,0.00000,0.00000,0.00000
166.90125,0.99750,1.00000,0.00000,0.00000,0.00000
167.00125,0.99750,1.00000,0.00000,0.00000,0.00000
167.10126,0.99750,1.00000,0.00000,0.00000,0.00000
167.20125,0.99750,1.00000,0.00000,0.00000,0.00000
167.30125,0.99750,0.99999,0.00001,0.00000,0.00000
167.40125,0.99750,0.99999,0.00000,0.00000,0.00000
167.50125,0.99750,1.00000,0.00000,0.00000,0.00000
167.60126,0.99750,1.00000,0.00000,0.00000,0.00000
167.70125,0.99750,1.00000,0.00000,0.00000,0.00000
167.80125,0.99750,0.99999,0.00000,0.00001,0.00000
167.90125,0.99750,0.99998,0.00000,0.00002,0.00000
168.00125,0.99750,0.99999,0.00000,0.00001,0.00000
168.10126,0.99750,0.99998,0.00000,0.00002,0.00000
168.20125,0.99750,0.99998,0.00000,0.00002,0.00000
168.30125,0.99750,0.99998,0.00000,0.00002,0.00000
168.40125,0.99750,0.99998,0.00000,0.00002,0.00000
168.50125,0.99750,0.99998,0.00000,0.00001,0.00000
168.60126,0.99750,0.99999,0.00000,0.00001,0.00000
168.70125,0.99750,1.00000,0.00000,0.00000,0.00000
168.80125,0.99750,1.00000,0.00000,0.00000,0.00000
168.90125,0.99750,1.00000,0.00000,0.00000,0.00000
169.00125,0.99750,0.99999,0.00000,0.00000,0.00000
169.10126,0.99750,0.99998,0.00001,0.00000,0.00000
169.20125,0.99750,0.99999,0.00000,0.00000,0.00000
169.30125,0.99750,0.99999,0.00000,0.00000,0.00001
169.40125,0.99750,0.99998,0.00000,0.00000,0.00002
169.50125,0.99750,0.99993,0.00000,0.00000,0.00007
169.60126,0.99750,0.99978,0.00000,0.00000,0.00022
169.70125,0.99750,0.99994,0.00000,0.00000,0.00006
169.80125,0.99750,0.99999,0.00000,0.00000,0.00001
169.90125,0.99750,0.99999,0.00000,0.00000,0.00001
170.00125,0.99750,0.99996,0.00000,0.00000,0.00004
170.10126,0.99750,0.99983,0.00000,0.00000,0.00017
170.20125,0.99750,0.99945,0.00000,0.00000,0.00055
170.30125,0.99750,0.99963,0.00000,0.00000,0.00037
170.40125,0.99750,0.99938,0.00000,0.00000,0.00062
170.50125,0.99750,0.99979,0.00000,0.00000,0.00021
170.60126,0.99750,0.99979,0.00000,0.00000,0.00021
170.70125,0.99750,0.99985,0.00000,0.00000,0.00015
170.80125,0.99750,0.99994,0.00000,0.00000,0.00006
170.90125,0.99750,0.99998,0.00000,0.00000,0.00002
171.00125,0.99750,1.00000,0.00000,0.00000,0.00000
171.10126,0.99750,1.00000,0.00000,0.00000,0.00000
171.20125,0.99750,1.00000,0.00000,0.00000,0.00000
171.30125,0.99750,0.99999,0.00000,0.00000,0.00001
171.40125,0.99750,0.99999,0.00000,0.00000,0.00001
171.50125,0.99750,0.99999,0.00000,0.00000,0.00001
171.60126,0.99750,0.99995,0.00000,0.00000,0.00005
171.70125,0.99750,0.99988,0.00000,0.00000,0.00012
171.80125,0.99750,0.99977,0.00000,0.00000,0.00023
171.90125,0.99750,0.99973,0.00000,0.00000,0.00027
172.00125,0.99750,0.99965,0.00000,0.00000,0.00035
172.10126,0.99750,0.99975,0.00000,0.00000,0.00025
172.20125,0.99750,0.99976,0.00000,0.00000,0.00024
172.30125,0.99750,0.99984,0.00000,0.00000,0.00016
172.40125,0.99750,0.99990,0.00000,0.00000,0.00010
172.50125,0.99750,0.99995,0.00000,0.00000,0.00005
172.60126,0.99750,0.99988,0.00000,0.00000,0.00012
172.70125,0.99750,0.99986,0.00000,0.00000,0.00014
172.80125,0.99750,0.99983,0.00000,0.00000,0.00017
172.90125,0.99750,0.99980,0.00000,0.00000,0.00020
173.00125,0.99750,0.99968,0.00000,0.00000,0.00032
173.10126,0.99750,0.99966,0.00000,0.00000,0.00034
173.20125,0.99750,0.99922,0.00000,0.00000,0.00078
173.30125,0.99750,0.99746,0.00000,0.00000,0.00254
173.40125,0.99750,0.99323,0.00000,0.00000,0.00677
173.50125,0.99750,0.99583,0.00000,0.00000,0.00417
173.60126,0.99750,0.99091,0.00000,0.00001,0.00908
173.70125,0.99750,0.97621,0.00000,0.00004,0.02375
173.80125,0.99750,0.98694,0.00000,0.00003,0.01303
173.90125,0.99750,0.98979,0.00000,0.00005,0.01016
174.00125,0.99750,0.99190,0.00000,0.00008,0.00802
174.10126,0.99750,0.99791,0.00000,0.00005,0.00204
174.20125,0.99750,0.99969,0.00000,0.00004,0.00027
174.30125,0.99750,0.99996,0.00000,0.00001,0.00002
174.40125,0.99750,0.99999,0.00000,0.00001,0.00000
174.50125,0.99750,0.99999,0.00000,0.00001,0.00000
174.60126,0.99750,0.99999,0.00000,0.00001,0.00000
174.70125,0.99750,0.99998,0.00000,0.00002,0.00000
174.80125,0.99750,0.99995,0.00000,0.00005,0.00000
174.90125,0.99750,0.99981,0.00000,0.00018,0.00001
175.00125,0.99750,0.99936,0.00000,0.00063,0.00001
175.10126,0.99750,0.99824,0.00000,0.00176,0.00000
175.20125,0.99750,0.99603,0.00000,0.00396,0.00001
175.30125,0.99750,0.99919,0.00000,0.00080,0.00000
175.40125,0.99750,0.99986,0.00000,0.00013,0.00001
175.50125,0.99750,0.99993,0.00000,0.00005,0.00002
175.60126,0.99750,0.99992,0.00000,0.00007,0.00001
175.70125,0.99750,0.99998,0.00000,0.00002,0.00000
175.80125,0.99750,0.99999,0.00000,0.00001,0.00000
175.90125,0.99750,0.99998,0.00000,0.00002,0.00000
176.00125,0.99750,1.00000,0.00000,0.00000,0.00000
176.10126,0.99750,1.00000,0.00000,0.00000,0.00000
176.20125,0.99750,1.00000,0.00000,0.00000,0.00000
176.30125,0.99750,1.00000,0.00000,0.00000,0.00000
176.40125,0.99750,1.00000,0.00000,0.00000,0.00000
176.50125,0.99750,1.00000,0.00000,0.00000,0.00000
176.60126,0.99750,1.00000,0.00000,0.00000,0.00000
176.70125,0.99750,1.00000,0.00000,0.00000,0.00000
176.80125,0.99750,1.00000,0.00000,0.00000,0.00000
176.90125,0.99750,1.00000,0.00000,0.00000,0.00000
177.00125,0.99750,1.00000,0.00000,0.00000,0.00000
177.10126,0.99750,1.00000,0.00000,0.00000,0.00000
177.20125,0.99750,1.00000,0.00000,0.00000,0.00000
177.30125,0.99750,1.00000,0.00000,0.00000,0.00000
177.40125,0.99750,1.00000,0.00000,0.00000,0.00000
177.50125,0.99750,1.00000,0.00000,0.00000,0.00000
177.60126,0.99750,1.00000,0.00000,0.00000,0.00000
177.70125,0.99750,1.00000,0.00000,0.00000,0.00000
177.80125,0.99750,1.00000,0.00000,0.00000,0.00000
177.90125,0.99750,0.99999,0.00000,0.00000,0.00000
178.00125,0.99750,1.00000,0.00000,0.00000,0.00000
178.10126,0.99750,1.00000,0.00000,0.00000,0.00000
178.20125,0.99750,1.00000,0.00000,0.00000,0.00000
178.30125,0.99750,0.99999,0.00000,0.00000,0.00001
178.40125,0.99750,0.99997,0.00000,0.00000,0.00003
178.50125,0.99750,0.99994,0.00000,0.00000,0.00006
178.60126,0.99750,0.99998,0.00000,0.00000,0.00002
178.70125,0.99750,1.00000,0.00000,0.00000,0.00000
178.80125,0.99750,1.00000,0.00000,0.00000,0.00000
178.90125,0.99750,1.00000,0.00000,0.00000,0.00000
179.00125,0.99750,1.00000,0.00000,0.00000,0.00000
179.10126,0.99750,1.00000,0.00000,0.00000,0.00000
179.20125,0.99750,1.00000,0.00000,0.00000,0.00000
179.30125,0.99750,1.00000,0.00000,0.00000,0.00000
179.40125,0.99750,1.00000,0.00000,0.00000,0.00000
179.50125,0.99750,1.00000,0.00000,0.00000,0.00000
179.60126,0.99750,1.00000,0.00000,0.00000,0.00000
179.70125,0.99750,1.00000,0.00000,0.00000,0.00000
179.80125,0.99750,1.00000,0.00000,0.00000,0.00000
179.90125,0.99750,1.00000,0.00000,0.00000,0.00000
180.00125,0.99750,0.99999,0.00000,0.00000,0.00001
180.10126,0.99750,0.99999,0.00000,0.00000,0.00000
180.20125,0.99750,1.00000,0.00000,0.00000,0.00000
180.30125,0.99750,1.00000,0.00000,0.00000,0.00000
180.40125,0.99750,1.00000,0.00000,0.00000,0.00000
180.50125,0.99750,1.00000,0.00000,0.00000,0.00000
180.60126,0.99750,1.00000,0.00000,0.00000,0.00000
180.70125,0.99750,1.00000,0.00000,0.00000,0.00000
180.80125,0.99750,0.99998,0.00002,0.00000,0.00000
180.90125,0.99750,0.99994,0.00006,0.00000,0.00000
181.00125,0.99750,0.99999,0.00001,0.00000,0.00000
181.10126,0.99750,0.99999,0.00001,0.00000,0.00000
181.20125,0.99750,1.00000,0.00000,0.00000,0.00000
181.30125,0.99750,1.00000,0.00000,0.00000,0.00000
181.40125,0.99750,1.00000,0.00000,0.00000,0.00000
181.50125,0.99750,1.00000,0.00000,0.00000,0.00000
181.60126,0.99750,1.00000,0.00000,0.00000,0.00000
181.70125,0.99750,1.00000,0.00000,0.00000,0.00000
181.80125,0.99750,1.00000,0.00000,0.00000,0.00000
181.90125,0.99750,1.00000,0.00000,0.00000,0.00000
182.00125,0.99750,1.00000,0.00000,0.00000,0.00000
182.10126,0.99750,1.00000,0.00000,0.00000,0.00000
182.20125,0.99750,1.00000,0.00000,0.00000,0.00000
182.30125,0.99750,1.00000,0.00000,0.00000,0.00000
182.40125,0.99750,1.00000,0.00000,0.00000,0.00000
182.50125,0.99750,1.00000,0.00000,0.00000,0.00000
182.60126,0.99750,1.00000,0.00000,0.00000,0.00000
182.70125,0.99750,1.00000,0.00000,0.00000,0.00000
182.80125,0.99750,1.00000,0.00000,0.00000,0.00000
182.90125,0.99750,1.00000,0.00000,0.00000,0.00000
183.00125,0.99750,1.00000,0.00000,0.00000,0.00000
183.10126,0.99750,0.99999,0.00000,0.00000,0.00001
183.20125,0.99750,0.99998,0.00000,0.00000,0.00002
183.30125,0.99750,0.99999,0.00000,0.00000,0.00001
183.40125,0.99750,1.00000,0.00000,0.00000,0.00000
183.50125,0.99750,1.00000,0.00000,0.00000,0.00000
183.60126,0.99750,1.00000,0.00000,0.00000,0.00000
183.70125,0.99750,1.00000,0.00000,0.00000,0.00000
183.80125,0.99750,1.00000,0.00000,0.00000,0.00000
183.90125,0.99750,1.00000,0.00000,0.00000,0.00000
184.00125,0.99750,1.00000,0.00000,0.00000,0.00000
184.10126,0.99750,0.99999,0.00000,0.00001,0.00000
184.20125,0.99750,0.99998,0.00000,0.00002,0.00000
184.30125,0.99750,0.99998,0.00000,0.00002,0.00000
184.40125,0.99750,0.99999,0.00000,0.00001,0.00000
184.50125,0.99750,0.99999,0.00000,0.00001,0.00000
184.60126,0.99750,0.99999,0.00000,0.00001,0.00000
184.70125,0.99750,0.99998,0.00000,0.00002,0.00001
184.80125,0.99750,0.99998,0.00000,0.00002,0.00000
184.90125,0.99750,0.99999,0.00000,0.00001,0.00000
185.00125,0.99750,1.00000,0.00000,0.00000,0.00000
185.10126,0.99750,1.00000,0.00000,0.00000,0.00000
185.20125,0.99750,1.00000,0.00000,0.00000,0.00000
185.30125,0.99750,1.00000,0.00000,0.00000,0.00000
185.40125,0.99750,1.00000,0.00000,0.00000,0.00000
185.50125,0.99750,1.00000,0.00000,0.00000,0.00000
185.60126,0.99750,1.00000,0.00000,0.00000,0.00000
185.70125,0.99750,1.00000,0.00000,0.00000,0.00000
185.80125,0.99750,1.00000,0.00000,0.00000,0.00000
185.90125,0.99750,1.00000,0.00000,0.00000,0.00000
186.00125,0.99750,1.00000,0.00000,0.00000,0.00000
186.10126,0.99750,1.00000,0.00000,0.00000,0.00000
186.20125,0.99750,1.00000,0.00000,0.00000,0.00000
186.30125,0.99750,1.00000,0.00000,0.00000,0.00000
186.40125,0.99750,1.00000,0.00000,0.00000,0.00000
186.50125,0.99750,1.00000,0.00000,0.00000,0.00000
186.60126,0.99750,1.00000,0.00000,0.00000,0.00000
186.70125,0.99750,1.00000,0.00000,0.00000,0.00000
186.80125,0.99750,1.00000,0.00000,0.00000,0.00000
186.90125,0.99750,1.00000,0.00000,0.00000,0.00000
187.00125,0.99750,1.00000,0.00000,0.00000,0.00000
187.10126,0.99750,1.00000,0.00000,0.00000,0.00000
187.20125,0.99750,1.00000,0.00000,0.00000,0.00000
187.30125,0.99750,1.00000,0.00000,0.00000,0.00000
187.40125,0.99750,1.00000,0.00000,0.00000,0.00000
187.50125,0.99750,1.00000,0.00000,0.00000,0.00000
187.60126,0.99750,1.00000,0.00000,0.00000,0.00000
187.70125,0.99750,1.00000,0.00000,0.00000,0.00000
187.80125,0.99750,1.00000,0.00000,0.00000,0.00000
187.90125,0.99750,1.00000,0.00000,0.00000,0.00000
188.00125,0.99750,1.00000,0.00000,0.00000,0.00000
188.10126,0.99750,1.00000,0.00000,0.00000,0.00000
188.20125,0.99750,1.00000,0.00000,0.00000,0.00000
188.30125,0.99750,1.00000,0.00000,0.00000,0.00000
188.40125,0.99750,1.00000,0.00000,0.00000,0.00000
188.50125,0.99750,1.00000,0.00000,0.00000,0.00000
188.60126,0.99750,1.00000,0.00000,0.00000,0.00000
188.70125,0.99750,1.00000,0.00000,0.00000,0.00000
188.80125,0.99750,1.00000,0.00000,0.00000,0.00000
188.90125,0.99750,1.00000,0.00000,0.00000,0.00000
189.00125,0.99750,1.00000,0.00000,0.00000,0.00000
189.10126,0.99750,1.00000,0.00000,0.00000,0.00000
189.20125,0.99750,1.00000,0.00000,0.00000,0.00000
189.30125,0.99750,1.00000,0.00000,0.00000,0.00000
189.40125,0.99750,1.00000,0.00000,0.00000,0.00000
189.50125,0.99750,1.00000,0.00000,0.00000,0.00000
189.60126,0.99750,0.99999,0.00000,0.00001,0.00000
189.70125,0.99750,0.99998,0.00000,0.00001,0.00000
189.80125,0.99750,0.99998,0.00000,0.00002,0.00000
189.90125,0.99750,0.99998,0.00000,0.00001,0.00001
190.00125,0.99750,0.99994,0.00000,0.00001,0.00005
190.10126,0.99750,0.99960,0.00000,0.00002,0.00038
190.20125,0.99750,0.99975,0.00000,0.00001,0.00024
190.30125,0.99750,0.99991,0.00000,0.00000,0.00008
190.40125,0.99750,0.99998,0.00000,0.00000,0.00001
190.50125,0.99750,0.99999,0.00000,0.00000,0.00001
190.60126,0.99750,0.99998,0.00000,0.00000,0.00002
190.70125,0.99750,0.99998,0.00000,0.00001,0.00002
190.80125,0.99750,0.99999,0.00000,0.00000,0.00001
190.90125,0.99750,0.99999,0.00000,0.00000,0.00000
191.00125,0.99750,0.99999,0.00000,0.00001,0.00000
191.10126,0.99750,0.99997,0.00001,0.00002,0.00000
191.20125,0.99750,0.99996,0.00000,0.00004,0.00000
191.30125,0.99750,0.99994,0.00000,0.00005,0.00000
191.40125,0.99750,0.99997,0.00000,0.00003,0.00000
191.50125,0.99750,1.00000,0.00000,0.00000,0.00000
191.60126,0.99750,1.00000,0.00000,0.00000,0.00000
191.70125,0.99750,1.00000,0.00000,0.00000,0.00000
191.80125,0.99750,1.00000,0.00000,0.00000,0.00000
191.90125,0.99750,0.99999,0.00000,0.00000,0.00000
192.00125,0.99750,1.00000,0.00000,0.00000,0.00000
192.10126,0.99750,1.00000,0.00000,0.00000,0.00000
192.20125,0.99750,1.00000,0.00000,0.00000,0.00000
192.30125,0.99750,1.00000,0.00000,0.00000,0.00000
192.40125,0.99750,1.00000,0.00000,0.00000,0.00000
192.50125,0.99750,1.00000,0.00000,0.00000,0.00000
192.60126,0.99750,1.00000,0.00000,0.00000,0.00000
192.70125,0.99750,1.00000,0.00000,0.00000,0.00000
192.80125,0.99750,1.00000,0.00000,0.00000,0.00000
192.90125,0.99750,1.00000,0.00000,0.00000,0.00000
193.00125,0.99750,1.00000,0.00000,0.00000,0.00000
193.10126,0.99750,1.00000,0.00000,0.00000,0.00000
193.20125,0.99750,1.00000,0.00000,0.00000,0.00000
193.30125,0.99750,1.00000,0.00000,0.00000,0.00000
193.40125,0.99750,1.00000,0.00000,0.00000,0.00000
193.50125,0.99750,1.00000,0.00000,0.00000,0.00000
193.60126,0.99750,1.00000,0.00000,0.00000,0.00000
193.70125,0.99750,1.00000,0.00000,0.00000,0.00000
193.80125,0.99750,1.00000,0.00000,0.00000,0.00000
193.90125,0.99750,0.99999,0.00000,0.00000,0.00001
194.00125,0.99750,0.99997,0.00000,0.00000,0.00002
194.10126,0.99750,0.99995,0.00000,0.00000,0.00005
194.20125,0.99750,0.99995,0.00000,0.00000,0.00004
194.30125,0.99750,0.99997,0.00000,0.00000,0.00003
194.40125,0.99750,0.99996,0.00000,0.00001,0.00003
194.50125,0.99750,0.99997,0.00000,0.00001,0.00002
194.60126,0.99750,0.99997,0.00000,0.00002,0.00001
194.70125,0.99750,0.99999,0.00000,0.00001,0.00000
194.80125,0.99750,0.99999,0.00000,0.00001,0.00000
194.90125,0.99750,1.00000,0.00000,0.00000,0.00000
195.00125,0.99750,1.00000,0.00000,0.00000,0.00000
195.10126,0.99750,1.00000,0.00000,0.00000,0.00000
195.20125,0.99750,1.00000,0.00000,0.00000,0.00000
195.30125,0.99750,1.00000,0.00000,0.00000,0.00000
195.40125,0.99750,1.00000,0.00000,0.00000,0.00000
195.50125,0.99750,1.00000,0.00000,0.00000,0.00000
195.60126,0.99750,1.00000,0.00000,0.00000,0.00000
195.70125,0.99750,1.00000,0.00000,0.00000,0.00000
195.80125,0.99750,1.00000,0.00000,0.00000,0.00000
195.90125,0.99750,0.99999,0.00000,0.00000,0.00001
196.00125,0.99750,0.99999,0.00000,0.00000,0.00000
196.10126,0.99750,0.99999,0.00000,0.00000,0.00001
196.20125,0.99750,1.00000,0.00000,0.00000,0.00000
196.30125,0.99750,1.00000,0.00000,0.00000,0.00000
196.40125,0.99750,0.99999,0.00000,0.00000,0.00001
196.50125,0.99750,0.99998,0.00000,0.00000,0.00002
196.60126,0.99750,1.00000,0.00000,0.00000,0.00000
196.70125,0.99750,1.00000,0.00000,0.00000,0.00000
196.80125,0.99750,1.00000,0.00000,0.00000,0.00000
196.90125,0.99750,1.00000,0.00000,0.00000,0.00000
197.00125,0.99750,0.99990,0.00010,0.00000,0.00000
197.10126,0.99750,0.98259,0.01736,0.00005,0.00000
197.20125,0.99750,0.99948,0.00051,0.00000,0.00000
197.30125,0.99750,0.99993,0.00006,0.00000,0.00000
197.40125,0.99750,0.99990,0.00010,0.00000,0.00000
197.50125,0.99750,0.99995,0.00004,0.00000,0.00001
197.60126,0.99750,0.99994,0.00004,0.00000,0.00002
197.70125,0.99750,0.99996,0.00002,0.00000,0.00002
197.80125,0.99750,0.99999,0.00000,0.00000,0.00001
197.90125,0.99750,0.99999,0.00000,0.00000,0.00001
198.00125,0.99750,0.99998,0.00000,0.00000,0.00002
198.10126,0.99750,0.99994,0.00000,0.00000,0.00006
198.20125,0.99750,0.99986,0.00000,0.00000,0.00014
198.30125,0.99750,0.99997,0.00000,0.00000,0.00003
198.40125,0.99750,0.99998,0.00000,0.00000,0.00002
198.50125,0.99750,0.99999,0.00000,0.00000,0.00001
198.60126,0.99750,0.99999,0.00000,0.00000,0.00001
198.70125,0.99750,0.99998,0.00000,0.00000,0.00002
198.80125,0.99750,0.99990,0.00000,0.00000,0.00010
198.90125,0.99750,0.99993,0.00000,0.00000,0.00007
199.00125,0.99750,0.99989,0.00000,0.00000,0.00011
199.10126,0.99750,0.99988,0.00000,0.00000,0.00012
199.20125,0.99750,0.99947,0.00000,0.00000,0.00053
199.30125,0.99750,0.99981,0.00000,0.00000,0.00019
199.40125,0.99750,0.99981,0.00000,0.00000,0.00019
199.50125,0.99750,0.99986,0.00000,0.00000,0.00014
199.60126,0.99750,0.99997,0.00000,0.00000,0.00003
199.70125,0.99750,0.99999,0.00000,0.00000,0.00001
199.80125,0.99750,1.00000,0.00000,0.00000,0.00000
199.90125,0.99750,1.00000,0.00000,0.00000,0.00000
200.00125,0.99750,1.00000,0.00000,0.00000,0.00000
200.10126,0.99750,1.00000,0.00000,0.00000,0.00000
200.20125,0.99750,0.99999,0.00000,0.00000,0.00000
200.30125,0.99750,0.99998,0.00000,0.00001,0.00000
200.40125,0.99750,0.99999,0.00000,0.00000,0.00000
200.50125,0.99750,1.00000,0.00000,0.00000,0.00000
200.60126,0.99750,0.99999,0.00000,0.00000,0.00000
200.70125,0.99750,1.00000,0.00000,0.00000,0.00000
200.80125,0.99750,1.00000,0.00000,0.00000,0.00000
200.90125,0.99750,1.00000,0.00000,0.00000,0.00000
201.00125,0.99750,0.99999,0.00000,0.00000,0.00001
201.10126,0.99750,0.99999,0.00000,0.00000,0.00000
201.20125,0.99750,0.99999,0.00000,0.00000,0.00000
201.30125,0.99750,0.99999,0.00000,0.00000,0.00001
201.40125,0.99750,0.99998,0.00000,0.00000,0.00002
201.50125,0.99750,0.99993,0.00000,0.00000,0.00007
201.60126,0.99750,0.99981,0.00000,0.00001,0.00018
201.70125,0.99750,0.99997,0.00000,0.00001,0.00003
201.80125,0.99750,0.99999,0.00000,0.00000,0.00000
201.90125,0.99750,0.99999,0.00000,0.00000,0.00000
202.00125,0.99750,0.99999,0.00000,0.00000,0.00001
202.10126,0.99750,1.00000,0.00000,0.00000,0.00000
202.20125,0.99750,1.00000,0.00000,0.00000,0.00000
202.30125,0.99750,1.00000,0.00000,0.00000,0.00000
202.40125,0.99750,1.00000,0.00000,0.00000,0.00000
202.50125,0.99750,1.00000,0.00000,0.00000,0.00000
202.60126,0.99750,1.00000,0.00000,0.00000,0.00000
202.70125,0.99750,1.00000,0.00000,0.00000,0.00000
202.80125,0.99750,1.00000,0.00000,0.00000,0.00000
202.90125,0.99750,0.99999,0.00000,0.00000,0.00001
203.00125,0.99750,0.99998,0.00000,0.00000,0.00002
203.10126,0.99750,0.99996,0.00000,0.00000,0.00004
203.20125,0.99750,0.99990,0.00000,0.00000,0.00010
203.30125,0.99750,0.99977,0.00000,0.00000,0.00023
203.40125,0.99750,0.99982,0.00000,0.00000,0.00018
203.50125,0.99750,0.99995,0.00000,0.00000,0.00005
203.60126,0.99750,0.99997,0.00000,0.00000,0.00003
203.70125,0.99750,0.99999,0.00000,0.00000,0.00001
203.80125,0.99750,0.99998,0.00001,0.00000,0.00000
203.90125,0.99750,0.99999,0.00001,0.00000,0.00000
204.00125,0.99750,1.00000,0.00000,0.00000,0.00000
204.10126,0.99750,1.00000,0.00000,0.00000,0.00000
204.20125,0.99750,1.00000,0.00000,0.00000,0.00000
204.30125,0.99750,0.99999,0.00000,0.00000,0.00000
204.40125,0.99750,0.99999,0.00000,0.00000,0.00001
204.50125,0.99750,0.99999,0.00000,0.00000,0.00001
204.60126,0.99750,0.99999,0.00000,0.00000,0.00000
204.70125,0.99750,0.99999,0.00000,0.00001,0.00001
204.80125,0.99750,0.99999,0.00000,0.00000,0.00000
204.90125,0.99750,0.99999,0.00000,0.00001,0.00000
205.00125,0.99750,0.99999,0.00000,0.00001,0.00000
205.10126,0.99750,1.00000,0.00000,0.00000,0.00000
205.20125,0.99750,1.00000,0.00000,0.00000,0.00000
205.30125,0.99750,1.00000,0.00000,0.00000,0.00000
205.40125,0.99750,1.00000,0.00000,0.00000,0.00000
205.50125,0.99750,1.00000,0.00000,0.00000,0.00000
205.60126,0.99750,1.00000,0.00000,0.00000,0.00000
205.70125,0.99750,1.00000,0.00000,0.00000,0.00000
205.80125,0.99750,1.00000,0.00000,0.00000,0.00000
205.90125,0.99750,1.00000,0.00000,0.00000,0.00000
206.00125,0.99750,0.99998,0.00000,0.00000,0.00001
206.10126,0.99750,0.99994,0.00000,0.00000,0.00005
206.20125,0.99750,0.99997,0.00000,0.00000,0.00003
206.30125,0.99750,0.99989,0.00000,0.00000,0.00011
206.40125,0.99750,0.99997,0.00000,0.00000,0.00003
206.50125,0.99750,0.99999,0.00000,0.00000,0.00001
206.60126,0.99750,1.00000,0.00000,0.00000,0.00000
206.70125,0.99750,1.00000,0.00000,0.00000,0.00000
206.80125,0.99750,0.99995,0.00000,0.00000,0.00005
206.90125,0.99750,0.99986,0.00000,0.00000,0.00014
207.00125,0.99750,0.99972,0.00000,0.00000,0.00028
207.10126,0.99750,0.99998,0.00000,0.00000,0.00002
207.20125,0.99750,0.99991,0.00000,0.00000,0.00009
207.30125,0.99750,0.99991,0.00000,0.00000,0.00009
207.40125,0.99750,0.99981,0.00000,0.00000,0.00019
207.50125,0.99750,0.99992,0.00000,0.00000,0.00008
207.60126,0.99750,0.99984,0.00000,0.00000,0.00016
207.70125,0.99750,0.99993,0.00000,0.00000,0.00007
207.80125,0.99750,0.99998,0.00000,0.00000,0.00002
207.90125,0.99750,0.99998,0.00000,0.00000,0.00002
208.00125,0.99750,0.99998,0.00000,0.00000,0.00002
208.10126,0.99750,0.99997,0.00000,0.00000,0.00003
208.20125,0.99750,0.99988,0.00000,0.00000,0.00012
208.30125,0.99750,0.99988,0.00000,0.00000,0.00012
208.40125,0.99750,0.99957,0.00000,0.00000,0.00043
208.50125,0.99750,0.99994,0.00000,0.00000,0.00006
208.60126,0.99750,0.99994,0.00000,0.00000,0.00006
208.70125,0.99750,0.99997,0.00000,0.00000,0.00003
208.80125,0.99750,0.99981,0.00000,0.00000,0.00019
208.90125,0.99750,0.99997,0.00000,0.00000,0.00003
209.00125,0.99750,0.99999,0.00000,0.00000,0.00001
209.10126,0.99750,1.00000,0.00000,0.00000,0.00000
209.20125,0.99750,0.99999,0.00000,0.00000,0.00001
209.30125,0.99750,1.00000,0.00000,0.00000,0.00000
209.40125,0.99750,1.00000,0.00000,0.00000,0.00000
209.50125,0.99750,1.00000,0.00000,0.00000,0.00000
209.60126,0.99750,1.00000,0.00000,0.00000,0.00000
209.70125,0.99750,1.00000,0.00000,0.00000,0.00000
209.80125,0.99750,1.00000,0.00000,0.00000,0.00000
209.90125,0.99750,1.00000,0.00000,0.00000,0.00000
210.00125,0.99750,1.00000,0.00000,0.00000,0.00000
210.10126,0.99750,1.00000,0.00000,0.00000,0.00000
210.20125,0.99750,0.99999,0.00000,0.00000,0.00001
210.30125,0.99750,0.99999,0.00000,0.00000,0.00001
210.40125,0.99750,0.99999,0.00000,0.00000,0.00001
210.50125,0.99750,0.99992,0.00000,0.00000,0.00008
210.60126,0.99750,0.99995,0.00000,0.00000,0.00005
210.70125,0.99750,0.99998,0.00000,0.00000,0.00002
210.80125,0.99750,0.99987,0.00000,0.00000,0.00013
210.90125,0.99750,0.99931,0.00000,0.00000,0.00069
211.00125,0.99750,0.99911,0.00000,0.00000,0.00089
211.10126,0.99750,0.99924,0.00000,0.00000,0.00076
211.20125,0.99750,0.99961,0.00000,0.00000,0.00039
211.30125,0.99750,0.99992,0.00000,0.00000,0.00008
211.40125,0.99750,0.99971,0.00000,0.00000,0.00028
211.50125,0.99750,0.99847,0.00000,0.00016,0.00137
211.60126,0.99750,0.99910,0.00000,0.00026,0.00064
211.70125,0.99750,0.99806,0.00000,0.00148,0.00045
211.80125,0.99750,0.99459,0.00000,0.00462,0.00078
211.90125,0.99750,0.99825,0.00000,0.00146,0.00029
212.00125,0.99750,0.99877,0.00003,0.00085,0.00035
212.10126,0.99750,0.99352,0.00160,0.00263,0.00225
212.20125,0.99750,0.98535,0.00961,0.00190,0.00314
212.30125,0.99750,0.99135,0.00648,0.00087,0.00130
212.40125,0.99750,0.99807,0.00078,0.00058,0.00057
212.50125,0.99750,0.99911,0.00004,0.00023,0.00062
212.60126,0.99750,0.99850,0.00000,0.00009,0.00140
212.70125,0.99750,0.99578,0.00000,0.00006,0.00416
212.80125,0.99750,0.98252,0.00001,0.00066,0.01681
212.90125,0.99750,0.96709,0.00005,0.00348,0.02939
213.00125,0.99750,0.99676,0.00004,0.00189,0.00130
213.10126,0.99750,0.99676,0.00003,0.00316,0.00005
213.20125,0.99750,0.99586,0.00000,0.00408,0.00006
213.30125,0.99750,0.99700,0.00000,0.00240,0.00059
213.40125,0.99750,0.99748,0.00000,0.00092,0.00160
213.50125,0.99750,0.99767,0.00005,0.00051,0.00178
213.60126,0.99750,0.99738,0.00051,0.00019,0.00193
213.70125,0.99750,0.99739,0.00091,0.00020,0.00150
213.80125,0.99750,0.99803,0.00017,0.00031,0.00149
213.90125,0.99750,0.98555,0.00030,0.00069,0.01347
214.00125,0.99750,0.95736,0.00005,0.00004,0.04254
214.10126,0.99750,0.91412,0.00012,0.00000,0.08576
214.20125,0.99750,0.98681,0.00104,0.00000,0.01215
214.30125,0.99750,0.99757,0.00036,0.00000,0.00207
214.40125,0.99750,0.99946,0.00000,0.00000,0.00053
214.50125,0.99750,0.99945,0.00000,0.00000,0.00055
214.60126,0.99750,0.99957,0.00000,0.00000,0.00043
214.70125,0.99750,0.99946,0.00000,0.00000,0.00054
214.80125,0.99750,0.99960,0.00000,0.00000,0.00040
214.90125,0.99750,0.99940,0.00000,0.00000,0.00059
215.00125,0.99750,0.99877,0.00001,0.00000,0.00122
215.10126,0.99750,0.99404,0.00002,0.00000,0.00594
215.20125,0.99750,0.96069,0.00008,0.00000,0.03923
215.30125,0.99750,0.90715,0.00028,0.00000,0.09257
215.40125,0.99750,0.97754,0.00033,0.00000,0.02213
215.50125,0.99750,0.98980,0.00018,0.00000,0.01002
215.60126,0.99750,0.99377,0.00170,0.00002,0.00451
215.70125,0.99750,0.95085,0.04568,0.00040,0.00307
215.80125,0.99750,0.97944,0.01908,0.00008,0.00140
215.90125,0.99750,0.99865,0.00083,0.00000,0.00052
216.00125,0.99750,0.99944,0.00003,0.00000,0.00054
216.10126,0.99750,0.99898,0.00001,0.00000,0.00101
216.20125,0.99750,0.99756,0.00000,0.00000,0.00243
216.30125,0.99750,0.99630,0.00000,0.00000,0.00370
216.40125,0.99750,0.99874,0.00000,0.00000,0.00126
216.50125,0.99750,0.99962,0.00000,0.00000,0.00038
216.60126,0.99750,0.99918,0.00000,0.00000,0.00081
216.70125,0.99750,0.99872,0.00000,0.00000,0.00127
216.80125,0.99750,0.99809,0.00000,0.00000,0.00191
216.90125,0.99750,0.99793,0.00001,0.00000,0.00206
217.00125,0.99750,0.99941,0.00002,0.00000,0.00058
217.10126,0.99750,0.99990,0.00002,0.00000,0.00009
217.20125,0.99750,0.99993,0.00006,0.00000,0.00001
217.30125,0.99750,0.99965,0.00034,0.00000,0.00000
217.40125,0.99750,0.99990,0.00010,0.00000,0.00000
217.50125,0.99750,0.99998,0.00002,0.00000,0.00000
217.60126,0.99750,0.99998,0.00002,0.00000,0.00000
217.70125,0.99750,0.99997,0.00003,0.00000,0.00000
217.80125,0.99750,0.99995,0.00005,0.00000,0.00000
217.90125,0.99750,0.99998,0.00002,0.00000,0.00000
218.00125,0.99750,1.00000,0.00000,0.00000,0.00000
218.10126,0.99750,1.00000,0.00000,0.00000,0.00000
218.20125,0.99750,1.00000,0.00000,0.00000,0.00000
218.30125,0.99750,1.00000,0.00000,0.00000,0.00000
218.40125,0.99750,1.00000,0.00000,0.00000,0.00000
218.50125,0.99750,1.00000,0.00000,0.00000,0.00000
218.60126,0.99750,1.00000,0.00000,0.00000,0.00000
218.70125,0.99750,0.99999,0.00000,0.00001,0.00000
218.80125,0.99750,1.00000,0.00000,0.00000,0.00000
218.90125,0.99750,1.00000,0.00000,0.00000,0.00000
219.00125,0.99750,1.00000,0.00000,0.00000,0.00000
219.10126,0.99750,0.99999,0.00000,0.00000,0.00001
219.20125,0.99750,0.99990,0.00000,0.00000,0.00009
219.30125,0.99750,0.99926,0.00000,0.00000,0.00074
219.40125,0.99750,0.99609,0.00000,0.00000,0.00391
219.50125,0.99750,0.98224,0.00000,0.00000,0.01776
219.60126,0.99750,0.84785,0.00000,0.00000,0.15215
219.70125,0.99750,0.49002,0.00000,0.00000,0.50998
219.80125,0.99750,0.82672,0.00000,0.00000,0.17327
219.90125,0.99750,0.98060,0.00001,0.00000,0.01940
220.00125,0.99750,0.99882,0.00000,0.00000,0.00118
220.10126,0.99750,0.99956,0.00000,0.00000,0.00044
220.20125,0.99750,0.99958,0.00000,0.00000,0.00042
220.30125,0.99750,0.99958,0.00000,0.00002,0.00039
220.40125,0.99750,0.99982,0.00000,0.00003,0.00015
220.50125,0.99750,0.99992,0.00000,0.00001,0.00007
220.60126,0.99750,0.99998,0.00000,0.00000,0.00001
220.70125,0.99750,0.99998,0.00000,0.00000,0.00002
220.80125,0.99750,0.99993,0.00000,0.00000,0.00007
220.90125,0.99750,0.99960,0.00000,0.00000,0.00040
221.00125,0.99750,0.99946,0.00000,0.00000,0.00054
221.10126,0.99750,0.99963,0.00000,0.00000,0.00036
221.20125,0.99750,0.99976,0.00005,0.00000,0.00018
221.30125,0.99750,0.99838,0.00150,0.00000,0.00013
221.40125,0.99750,0.99961,0.00034,0.00000,0.00005
221.50125,0.99750,0.99981,0.00010,0.00000,0.00009
221.60126,0.99750,0.99991,0.00004,0.00000,0.00005
221.70125,0.99750,0.99998,0.00001,0.00000,0.00001
221.80125,0.99750,0.99999,0.00001,0.00000,0.00000
221.90125,0.99750,0.99999,0.00001,0.00000,0.00000
222.00125,0.99750,0.99999,0.00001,0.00000,0.00000
222.10126,0.99750,0.99999,0.00001,0.00000,0.00000
222.20125,0.99750,1.00000,0.00000,0.00000,0.00000
222.30125,0.99750,1.00000,0.00000,0.00000,0.00000
222.40125,0.99750,1.00000,0.00000,0.00000,0.00000
222.50125,0.99750,0.99999,0.00001,0.00000,0.00000
222.60126,0.99750,0.99997,0.00003,0.00000,0.00000
222.70125,0.99750,0.99999,0.00000,0.00000,0.00000
222.80125,0.99750,1.00000,0.00000,0.00000,0.00000
222.90125,0.99750,1.00000,0.00000,0.00000,0.00000
223.00125,0.99750,1.00000,0.00000,0.00000,0.00000
223.10126,0.99750,0.99999,0.00000,0.00000,0.00001
223.20125,0.99750,0.99995,0.00000,0.00000,0.00005
223.30125,0.99750,0.99962,0.00000,0.00000,0.00038
223.40125,0.99750,0.99798,0.00000,0.00000,0.00202
223.50125,0.99750,0.98894,0.00000,0.00000,0.01106
223.60126,0.99750,0.96907,0.00000,0.00000,0.03093
223.70125,0.99750,0.94706,0.00000,0.00000,0.05294
223.80125,0.99750,0.99563,0.00000,0.00000,0.00437
223.90125,0.99750,0.99962,0.00000,0.00000,0.00038
224.00125,0.99750,0.99996,0.00000,0.00000,0.00004
224.10126,0.99750,0.99999,0.00000,0.00000,0.00001
224.20125,0.99750,1.00000,0.00000,0.00000,0.00000
224.30125,0.99750,1.00000,0.00000,0.00000,0.00000
224.40125,0.99750,1.00000,0.00000,0.00000,0.00000
224.50125,0.99750,1.00000,0.00000,0.00000,0.00000
224.60126,0.99750,0.99999,0.00001,0.00000,0.00000
224.70125,0.99750,0.99997,0.00003,0.00000,0.00000
224.80125,0.99750,0.99999,0.00001,0.00000,0.00000
224.90125,0.99750,1.00000,0.00000,0.00000,0.00000
225.00125,0.99750,1.00000,0.00000,0.00000,0.00000
225.10126,0.99750,1.00000,0.00000,0.00000,0.00000
225.20125,0.99750,1.00000,0.00000,0.00000,0.00000
225.30125,0.99750,0.99998,0.00000,0.00000,0.00002
225.40125,0.99750,0.99991,0.00000,0.00000,0.00009
225.50125,0.99750,0.99973,0.00000,0.00000,0.00027
225.60126,0.99750,0.99976,0.00000,0.00000,0.00024
225.70125,0.99750,0.99977,0.00000,0.00000,0.00023
225.80125,0.99750,0.99962,0.00000,0.00000,0.00038
225.90125,0.99750,0.99988,0.00000,0.00000,0.00012
226.00125,0.99750,0.99997,0.00000,0.00000,0.00003
226.10126,0.99750,0.99999,0.00000,0.00000,0.00001
226.20125,0.99750,1.00000,0.00000,0.00000,0.00000
226.30125,0.99750,1.00000,0.00000,0.00000,0.00000
226.40125,0.99750,0.99999,0.00000,0.00000,0.00000
226.50125,0.99750,0.99999,0.00001,0.00000,0.00000
226.60126,0.99750,0.99999,0.00001,0.00000,0.00000
226.70125,0.99750,1.00000,0.00000,0.00000,0.00000
226.80125,0.99750,1.00000,0.00000,0.00000,0.00000
226.90125,0.99750,0.99999,0.00001,0.00000,0.00000
227.00125,0.99750,0.99999,0.00001,0.00000,0.00000
227.10126,0.99750,0.99999,0.00001,0.00000,0.00000
227.20125,0.99750,0.99999,0.00001,0.00000,0.00000
227.30125,0.99750,0.99999,0.00001,0.00000,0.00000
227.40125,0.99750,0.99998,0.00002,0.00000,0.00000
227.50125,0.99750,0.99998,0.00002,0.00000,0.00000
227.60126,0.99750,0.99998,0.00002,0.00000,0.00000
227.70125,0.99750,0.99999,0.00001,0.00000,0.00000
227.80125,0.99750,1.00000,0.00000,0.00000,0.00000
227.90125,0.99750,0.99999,0.00001,0.00000,0.00000
228.00125,0.99750,0.99995,0.00005,0.00000,0.00000
228.10126,0.99750,0.99982,0.00018,0.00000,0.00000
228.20125,0.99750,0.99984,0.00016,0.00000,0.00000
228.30125,0.99750,0.99996,0.00004,0.00000,0.00000
228.40125,0.99750,1.00000,0.00000,0.00000,0.00000
228.50125,0.99750,0.99999,0.00001,0.00000,0.00000
228.60126,0.99750,0.99983,0.00016,0.00000,0.00000
228.70125,0.99750,0.99987,0.00012,0.00000,0.00000
228.80125,0.99750,0.99997,0.00003,0.00000,0.00000
228.90125,0.99750,0.99994,0.00004,0.00001,0.00000
229.00125,0.99750,0.99994,0.00004,0.00003,0.00000
229.10126,0.99750,0.99991,0.00006,0.00004,0.00000
229.20125,0.99750,0.99993,0.00003,0.00005,0.00000
229.30125,0.99750,0.99980,0.00012,0.00008,0.00000
229.40125,0.99750,0.99959,0.00040,0.00001,0.00000
229.50125,0.99750,0.99979,0.00021,0.00000,0.00000
229.60126,0.99750,0.99982,0.00017,0.00001,0.00000
229.70125,0.99750,0.99973,0.00023,0.00003,0.00000
229.80125,0.99750,0.99994,0.00005,0.00001,0.00000
229.90125,0.99750,0.99992,0.00008,0.00000,0.00000
230.00125,0.99750,0.99991,0.00009,0.00000,0.00000
230.10126,0.99750,0.99984,0.00016,0.00000,0.00000
230.20125,0.99750,0.99999,0.00001,0.00000,0.00000
230.30125,0.99750,0.99998,0.00002,0.00000,0.00000
230.40125,0.99750,0.99999,0.00001,0.00000,0.00000
230.50125,0.99750,0.99999,0.00001,0.00000,0.00000
230.60126,0.99750,1.00000,0.00000,0.00000,0.00000
230.70125,0.99750,1.00000,0.00000,0.00000,0.00000
230.80125,0.99750,1.00000,0.00000,0.00000,0.00000
230.90125,0.99750,1.00000,0.00000,0.00000,0.00000
231.00125,0.99750,1.00000,0.00000,0.00000,0.00000
231.10126,0.99750,1.00000,0.00000,0.00000,0.00000
231.20125,0.99750,1.00000,0.00000,0.00000,0.00000
231.30125,0.99750,1.00000,0.00000,0.00000,0.00000
231.40125,0.99750,1.00000,0.00000,0.00000,0.00000
231.50125,0.99750,1.00000,0.00000,0.00000,0.00000
231.60126,0.99750,1.00000,0.00000,0.00000,0.00000
231.70125,0.99750,1.00000,0.00000,0.00000,0.00000
231.80125,0.99750,1.00000,0.00000,0.00000,0.00000
231.90125,0.99750,1.00000,0.00000,0.00000,0.00000
232.00125,0.99750,1.00000,0.00000,0.00000,0.00000
232.10126,0.99750,1.00000,0.00000,0.00000,0.00000
232.20125,0.99750,1.00000,0.00000,0.00000,0.00000
232.30125,0.99750,1.00000,0.00000,0.00000,0.00000
232.40125,0.99750,1.00000,0.00000,0.00000,0.00000
232.50125,0.99750,1.00000,0.00000,0.00000,0.00000
232.60126,0.99750,1.00000,0.00000,0.00000,0.00000
232.70125,0.99750,1.00000,0.00000,0.00000,0.00000
232.80125,0.99750,1.00000,0.00000,0.00000,0.00000
232.90125,0.99750,1.00000,0.00000,0.00000,0.00000
233.00125,0.99750,1.00000,0.00000,0.00000,0.00000
233.10126,0.99750,1.00000,0.00000,0.00000,0.00000
233.20125,0.99750,1.00000,0.00000,0.00000,0.00000
233.30125,0.99750,1.00000,0.00000,0.00000,0.00000
233.40125,0.99750,1.00000,0.00000,0.00000,0.00000
233.50125,0.99750,0.99999,0.00001,0.00000,0.00000
233.60126,0.99750,0.99999,0.00001,0.00000,0.00000
233.70125,0.99750,0.99999,0.00001,0.00000,0.00000
233.80125,0.99750,0.99998,0.00002,0.00000,0.00000
233.90125,0.99750,0.99995,0.00003,0.00000,0.00002
234.00125,0.99750,0.99986,0.00001,0.00000,0.00013
234.10126,0.99750,0.99867,0.00001,0.00000,0.00132
234.20125,0.99750,0.99922,0.00000,0.00000,0.00078
234.30125,0.99750,0.99963,0.00000,0.00000,0.00036
234.40125,0.99750,0.99992,0.00001,0.00000,0.00007
234.50125,0.99750,0.99980,0.00009,0.00000,0.00011
234.60126,0.99750,0.99996,0.00002,0.00000,0.00001
234.70125,0.99750,0.99999,0.00000,0.00000,0.00000
234.80125,0.99750,1.00000,0.00000,0.00000,0.00000
234.90125,0.99750,0.99998,0.00000,0.00002,0.00000
235.00125,0.99750,0.99997,0.00002,0.00001,0.00000
235.10126,0.99750,0.99993,0.00007,0.00000,0.00000
235.20125,0.99750,0.99998,0.00002,0.00000,0.00000
235.30125,0.99750,0.99998,0.00002,0.00000,0.00000
235.40125,0.99750,0.99999,0.00001,0.00000,0.00000
235.50125,0.99750,0.99996,0.00003,0.00000,0.00000
235.60126,0.99750,0.99992,0.00007,0.00000,0.00000
235.70125,0.99750,0.99977,0.00022,0.00000,0.00000
235.80125,0.99750,0.99927,0.00073,0.00000,0.00000
235.90125,0.99750,0.99906,0.00093,0.00000,0.00001
236.00125,0.99750,0.99852,0.00147,0.00000,0.00001
236.10126,0.99750,0.99911,0.00087,0.00001,0.00001
236.20125,0.99750,0.99978,0.00019,0.00002,0.00002
236.30125,0.99750,0.99985,0.00005,0.00002,0.00009
236.40125,0.99750,0.99993,0.00000,0.00001,0.00006
236.50125,0.99750,0.99993,0.00000,0.00000,0.00007
236.60126,0.99750,0.99993,0.00000,0.00000,0.00007
236.70125,0.99750,0.99994,0.00000,0.00000,0.00006
236.80125,0.99750,0.99992,0.00000,0.00000,0.00008
236.90125,0.99750,0.99993,0.00000,0.00000,0.00007
237.00125,0.99750,0.99985,0.00000,0.00000,0.00015
237.10126,0.99750,0.99975,0.00000,0.00000,0.00025
237.20125,0.99750,0.99854,0.00000,0.00001,0.00146
237.30125,0.99750,0.99515,0.00000,0.00001,0.00484
237.40125,0.99750,0.99511,0.00000,0.00001,0.00488
237.50125,0.99750,0.99550,0.00000,0.00000,0.00449
237.60126,0.99750,0.99606,0.00000,0.00000,0.00394
237.70125,0.99750,0.99543,0.00000,0.00000,0.00457
237.80125,0.99750,0.99848,0.00000,0.00000,0.00152
237.90125,0.99750,0.99959,0.00000,0.00000,0.00041
238.00125,0.99750,0.99981,0.00000,0.00000,0.00019
238.10126,0.99750,0.99987,0.00000,0.00000,0.00013
238.20125,0.99750,0.99978,0.00000,0.00000,0.00022
238.30125,0.99750,0.99945,0.00000,0.00000,0.00055
238.40125,0.99750,0.99877,0.00000,0.00000,0.00123
238.50125,0.99750,0.99851,0.00000,0.00000,0.00148
238.60126,0.99750,0.99847,0.00001,0.00000,0.00153
238.70125,0.99750,0.99774,0.00009,0.00000,0.00218
238.80125,0.99750,0.99520,0.00054,0.00000,0.00426
238.90125,0.99750,0.99559,0.00060,0.00000,0.00380
239.00125,0.99750,0.99382,0.00103,0.00000,0.00515
239.10126,0.99750,0.99760,0.00035,0.00000,0.00204
239.20125,0.99750,0.99855,0.00018,0.00000,0.00127
239.30125,0.99750,0.99962,0.00011,0.00000,0.00026
239.40125,0.99750,0.99982,0.00012,0.00000,0.00006
239.50125,0.99750,0.99981,0.00017,0.00000,0.00003
239.60126,0.99750,0.99972,0.00027,0.00000,0.00002
239.70125,0.99750,0.99951,0.00048,0.00000,0.00001
239.80125,0.99750,0.99871,0.00128,0.00000,0.00001
239.90125,0.99750,0.99817,0.00183,0.00000,0.00000
240.00125,0.99750,0.99810,0.00190,0.00000,0.00000
240.10126,0.99750,0.99966,0.00033,0.00000,0.00000
240.20125,0.99750,0.99959,0.00038,0.00003,0.00000
240.30125,0.99750,0.99916,0.00059,0.00024,0.00001
240.40125,0.99750,0.99925,0.00041,0.00033,0.00001
240.50125,0.99750,0.99969,0.00014,0.00015,0.00001
240.60126,0.99750,0.99986,0.00005,0.00007,0.00001
240.70125,0.99750,0.99991,0.00003,0.00002,0.00004
240.80125,0.99750,0.99976,0.00005,0.00000,0.00019
240.90125,0.99750,0.99903,0.00008,0.00000,0.00089
241.00125,0.99750,0.99700,0.00018,0.00000,0.00282
241.10126,0.99750,0.99815,0.00005,0.00000,0.00181
241.20125,0.99750,0.99896,0.00011,0.00000,0.00092
241.30125,0.99750,0.99925,0.00022,0.00000,0.00054
241.40125,0.99750,0.99929,0.00056,0.00000,0.00014
241.50125,0.99750,0.99816,0.00183,0.00000,0.00001
241.60126,0.99750,0.99623,0.00377,0.00000,0.00000
241.70125,0.99750,0.99847,0.00153,0.00000,0.00000
241.80125,0.99750,0.99906,0.00094,0.00000,0.00000
241.90125,0.99750,0.99995,0.00005,0.00000,0.00000
242.00125,0.99750,0.99990,0.00010,0.00000,0.00000
242.10126,0.99750,0.99106,0.00894,0.00000,0.00000
242.20125,0.99750,0.99325,0.00675,0.00000,0.00000
242.30125,0.99750,0.99464,0.00536,0.00000,0.00000
242.40125,0.99750,0.99954,0.00046,0.00000,0.00000
242.50125,0.99750,0.99987,0.00013,0.00000,0.00000
242.60126,0.99750,0.99980,0.00020,0.00000,0.00001
242.70125,0.99750,0.99930,0.00061,0.00000,0.00009
242.80125,0.99750,0.99922,0.00065,0.00000,0.00013
242.90125,0.99750,0.99980,0.00017,0.00000,0.00003
243.00125,0.99750,0.99988,0.00005,0.00005,0.00002
243.10126,0.99750,0.99940,0.00018,0.00036,0.00006
243.20125,0.99750,0.99979,0.00000,0.00019,0.00002
243.30125,0.99750,0.99953,0.00000,0.00040,0.00006
243.40125,0.99750,0.99960,0.00000,0.00038,0.00002
243.50125,0.99750,0.99991,0.00000,0.00008,0.00001
243.60126,0.99750,0.99997,0.00000,0.00001,0.00002
243.70125,0.99750,0.99994,0.00000,0.00001,0.00005
243.80125,0.99750,0.99992,0.00000,0.00001,0.00006
243.90125,0.99750,0.99994,0.00000,0.00001,0.00005
244.00125,0.99750,0.99993,0.00000,0.00001,0.00006
244.10126,0.99750,0.99998,0.00000,0.00000,0.00002
244.20125,0.99750,0.99999,0.00000,0.00000,0.00001
244.30125,0.99750,1.00000,0.00000,0.00000,0.00000
244.40125,0.99750,1.00000,0.00000,0.00000,0.00000
244.50125,0.99750,0.99998,0.00002,0.00000,0.00000
244.60126,0.99750,0.99995,0.00005,0.00000,0.00000
244.70125,0.99750,1.00000,0.00000,0.00000,0.00000
244.80125,0.99750,0.99999,0.00001,0.00000,0.00000
244.90125,0.99750,0.99999,0.00001,0.00000,0.00000
245.00125,0.99750,0.99999,0.00001,0.00000,0.00000
245.10126,0.99750,0.99998,0.00001,0.00000,0.00000
245.20125,0.99750,0.99998,0.00000,0.00000,0.00001
245.30125,0.99750,0.99997,0.00000,0.00000,0.00003
245.40125,0.99750,0.99984,0.00000,0.00000,0.00016
245.50125,0.99750,0.99869,0.00000,0.00000,0.00131
245.60126,0.99750,0.99515,0.00000,0.00000,0.00485
245.70125,0.99750,0.99996,0.00000,0.00000,0.00004
245.80125,0.99750,1.00000,0.00000,0.00000,0.00000
245.90125,0.99750,1.00000,0.00000,0.00000,0.00000
246.00125,0.99750,1.00000,0.00000,0.00000,0.00000
246.10126,0.99750,1.00000,0.00000,0.00000,0.00000
246.20125,0.99750,1.00000,0.00000,0.00000,0.00000
246.30125,0.99750,0.99999,0.00000,0.00000,0.00001
246.40125,0.99750,0.99998,0.00000,0.00000,0.00002
246.50125,0.99750,0.99995,0.00000,0.00000,0.00005
246.60126,0.99750,0.99907,0.00000,0.00000,0.00092
246.70125,0.99750,0.98655,0.00004,0.00001,0.01340
246.80125,0.99750,0.90595,0.00006,0.00016,0.09384
246.90125,0.99750,0.66104,0.00002,0.00103,0.33792
247.00125,0.99750,0.72329,0.00003,0.00068,0.27600
247.10126,0.99750,0.98228,0.00011,0.00006,0.01755
247.20125,0.99750,0.99768,0.00088,0.00002,0.00142
247.30125,0.99750,0.99781,0.00195,0.00001,0.00023
247.40125,0.99750,0.99954,0.00043,0.00000,0.00002
247.50125,0.99750,0.99999,0.00000,0.00000,0.00000
247.60126,0.99750,1.00000,0.00000,0.00000,0.00000
247.70125,0.99750,1.00000,0.00000,0.00000,0.00000
247.80125,0.99750,1.00000,0.00000,0.00000,0.00000
247.90125,0.99750,1.00000,0.00000,0.00000,0.00000
248.00125,0.99750,1.00000,0.00000,0.00000,0.00000
248.10126,0.99750,0.99999,0.00000,0.00000,0.00001
248.20125,0.99750,0.99977,0.00000,0.00000,0.00022
248.30125,0.99750,0.99762,0.00000,0.00000,0.00238
248.40125,0.99750,0.98675,0.00000,0.00000,0.01324
248.50125,0.99750,0.99626,0.00001,0.00000,0.00373
248.60126,0.99750,0.99925,0.00006,0.00000,0.00069
248.70125,0.99750,0.99855,0.00125,0.00004,0.00017
248.80125,0.99750,0.98432,0.01541,0.00016,0.00011
248.90125,0.99750,0.99847,0.00119,0.00005,0.00029
249.00125,0.99750,0.99876,0.00012,0.00001,0.00111
249.10126,0.99750,0.99743,0.00006,0.00000,0.00251
249.20125,0.99750,0.99323,0.00004,0.00000,0.00673
249.30125,0.99750,0.99469,0.00002,0.00000,0.00529
249.40125,0.99750,0.99879,0.00000,0.00000,0.00120
249.50125,0.99750,0.99962,0.00000,0.00000,0.00038
249.60126,0.99750,0.99986,0.00000,0.00001,0.00013
249.70125,0.99750,0.99979,0.00003,0.00007,0.00012
249.80125,0.99750,0.99981,0.00005,0.00008,0.00007
249.90125,0.99750,0.99992,0.00004,0.00004,0.00001
250.00125,0.99750,0.99988,0.00001,0.00011,0.00000
250.10126,0.99750,0.99916,0.00001,0.00084,0.00000
250.20125,0.99750,0.99746,0.00003,0.00251,0.00000
250.30125,0.99750,0.99622,0.00003,0.00375,0.00000
250.40125,0.99750,0.99734,0.00000,0.00265,0.00000
250.50125,0.99750,0.99886,0.00000,0.00114,0.00000
250.60126,0.99750,0.99963,0.00000,0.00037,0.00000
250.70125,0.99750,0.99984,0.00000,0.00015,0.00000
250.80125,0.99750,0.99980,0.00000,0.00020,0.00000
250.90125,0.99750,0.99990,0.00001,0.00009,0.00000
251.00125,0.99750,0.99999,0.00000,0.00001,0.00000
251.10126,0.99750,1.00000,0.00000,0.00000,0.00000
251.20125,0.99750,1.00000,0.00000,0.00000,0.00000
251.30125,0.99750,1.00000,0.00000,0.00000,0.00000
251.40125,0.99750,1.00000,0.00000,0.00000,0.00000
251.50125,0.99750,1.00000,0.00000,0.00000,0.00000
251.60126,0.99750,1.00000,0.00000,0.00000,0.00000
251.70125,0.99750,0.99999,0.00000,0.00000,0.00001
251.80125,0.99750,0.99996,0.00000,0.00000,0.00004
251.90125,0.99750,0.99996,0.00000,0.00000,0.00004
252.00125,0.99750,0.99998,0.00000,0.00000,0.00001
252.10126,0.99750,1.00000,0.00000,0.00000,0.00000
252.20125,0.99750,1.00000,0.00000,0.00000,0.00000
252.30125,0.99750,0.99999,0.00000,0.00001,0.00000
252.40125,0.99750,1.00000,0.00000,0.00000,0.00000
252.50125,0.99750,1.00000,0.00000,0.00000,0.00000
252.60126,0.99750,0.99999,0.00000,0.00001,0.00000
252.70125,0.99750,0.99998,0.00000,0.00001,0.00001
252.80125,0.99750,0.99997,0.00000,0.00001,0.00002
252.90125,0.99750,0.99998,0.00000,0.00000,0.00002
253.00125,0.99750,0.99998,0.00000,0.00000,0.00002
253.10126,0.99750,0.99998,0.00000,0.00000,0.00002
253.20125,0.99750,0.99996,0.00000,0.00000,0.00004
253.30125,0.99750,0.99995,0.00000,0.00000,0.00005
253.40125,0.99750,0.99999,0.00000,0.00000,0.00001
253.50125,0.99750,0.99999,0.00000,0.00000,0.00001
253.60126,0.99750,0.99999,0.00000,0.00000,0.00001
253.70125,0.99750,1.00000,0.00000,0.00000,0.00000
253.80125,0.99750,0.99998,0.00000,0.00002,0.00000
253.90125,0.99750,0.99997,0.00000,0.00003,0.00000
254.00125,0.99750,1.00000,0.00000,0.00000,0.00000
254.10126,0.99750,1.00000,0.00000,0.00000,0.00000
254.20125,0.99750,1.00000,0.00000,0.00000,0.00000
254.30125,0.99750,0.99998,0.00000,0.00000,0.00002
254.40125,0.99750,0.99999,0.00000,0.00000,0.00001
254.50125,0.99750,0.99999,0.00000,0.00000,0.00000
254.60126,0.99750,0.99999,0.00000,0.00001,0.00000
254.70125,0.99750,1.00000,0.00000,0.00000,0.00000
254.80125,0.99750,1.00000,0.00000,0.00000,0.00000
254.90125,0.99750,0.99999,0.00000,0.00000,0.00001
255.00125,0.99750,0.99999,0.00000,0.00000,0.00001
255.10126,0.99750,0.99999,0.00000,0.00000,0.00000
255.20125,0.99751,0.99998,0.00000,0.00002,0.00000
255.30125,0.99748,0.99979,0.00000,0.00021,0.00000
255.40125,0.99750,0.99995,0.00000,0.00005,0.00000
255.50125,0.99750,0.99997,0.00000,0.00003,0.00000
255.60126,0.99750,0.99994,0.00000,0.00006,0.00000
255.70125,0.99751,0.99986,0.00000,0.00014,0.00000
255.80125,0.99748,0.99983,0.00000,0.00017,0.00001
255.90125,0.99750,0.99992,0.00000,0.00008,0.00000
256.00125,0.99750,0.99994,0.00000,0.00006,0.00000
256.10126,0.99750,0.99998,0.00000,0.00002,0.00000
256.20126,0.99750,0.99999,0.00000,0.00000,0.00000
256.30124,0.99750,0.99999,0.00000,0.00000,0.00000
256.40125,0.99750,0.99999,0.00000,0.00000,0.00000
256.50125,0.99750,1.00000,0.00000,0.00000,0.00000
256.60126,0.99750,1.00000,0.00000,0.00000,0.00000
256.70126,0.99750,0.99999,0.00001,0.00000,0.00000
256.80124,0.99750,0.99996,0.00004,0.00000,0.00000
256.90125,0.99750,0.99975,0.00025,0.00000,0.00000
257.00125,0.99750,0.99981,0.00019,0.00000,0.00000
257.10126,0.99750,0.99995,0.00005,0.00000,0.00000
257.20126,0.99750,0.99997,0.00003,0.00000,0.00000
257.30124,0.99750,0.99997,0.00003,0.00000,0.00000
257.40125,0.99750,0.99999,0.00001,0.00000,0.00000
257.50125,0.99750,1.00000,0.00000,0.00000,0.00000
257.60126,0.99750,1.00000,0.00000,0.00000,0.00000
257.70126,0.99750,0.99999,0.00000,0.00000,0.00000
257.80124,0.99750,1.00000,0.00000,0.00000,0.00000
257.90125,0.99750,1.00000,0.00000,0.00000,0.00000
258.00125,0.99750,1.00000,0.00000,0.00000,0.00000
258.10126,0.99750,1.00000,0.00000,0.00000,0.00000
258.20126,0.99750,1.00000,0.00000,0.00000,0.00000
258.30124,0.99750,1.00000,0.00000,0.00000,0.00000
258.40125,0.99750,1.00000,0.00000,0.00000,0.00000
258.50125,0.99750,1.00000,0.00000,0.00000,0.00000
258.60126,0.99750,1.00000,0.00000,0.00000,0.00000
258.70126,0.99750,1.00000,0.00000,0.00000,0.00000
258.80124,0.99750,1.00000,0.00000,0.00000,0.00000
258.90125,0.99750,1.00000,0.00000,0.00000,0.00000
259.00125,0.99750,1.00000,0.00000,0.00000,0.00000
259.10126,0.99750,0.99998,0.00000,0.00000,0.00001
259.20126,0.99750,0.99997,0.00000,0.00000,0.00002
259.30124,0.99750,0.99997,0.00000,0.00001,0.00003
259.40125,0.99750,0.99999,0.00000,0.00001,0.00001
259.50125,0.99750,1.00000,0.00000,0.00000,0.00000
259.60126,0.99750,1.00000,0.00000,0.00000,0.00000
259.70126,0.99750,0.99999,0.00001,0.00000,0.00000
259.80124,0.99750,0.99998,0.00002,0.00000,0.00000
259.90125,0.99750,0.99990,0.00009,0.00000,0.00000
260.00125,0.99750,0.99981,0.00019,0.00000,0.00000
260.10126,0.99750,0.99988,0.00011,0.00000,0.00000
260.20126,0.99750,0.99994,0.00005,0.00000,0.00000
260.30124,0.99750,0.99999,0.00001,0.00000,0.00000
260.40125,0.99750,1.00000,0.00000,0.00000,0.00000
260.50125,0.99750,1.00000,0.00000,0.00000,0.00000
260.60126,0.99750,1.00000,0.00000,0.00000,0.00000
260.70126,0.99750,0.99999,0.00000,0.00000,0.00000
260.80124,0.99750,0.99999,0.00000,0.00000,0.00000
260.90125,0.99750,1.00000,0.00000,0.00000,0.00000
261.00125,0.99750,1.00000,0.00000,0.00000,0.00000
261.10126,0.99750,1.00000,0.00000,0.00000,0.00000
261.20126,0.99750,1.00000,0.00000,0.00000,0.00000
261.30124,0.99750,1.00000,0.00000,0.00000,0.00000
261.40125,0.99750,0.99999,0.00000,0.00000,0.00000
261.50125,0.99750,0.99999,0.00001,0.00000,0.00000
261.60126,0.99750,0.99999,0.00001,0.00000,0.00000
261.70126,0.99750,1.00000,0.00000,0.00000,0.00000
261.80124,0.99750,1.00000,0.00000,0.00000,0.00000
261.90125,0.99750,1.00000,0.00000,0.00000,0.00000
262.00125,0.99750,1.00000,0.00000,0.00000,0.00000
262.10126,0.99750,1.00000,0.00000,0.00000,0.00000
262.20126,0.99750,1.00000,0.00000,0.00000,0.00000
262.30124,0.99750,1.00000,0.00000,0.00000,0.00000
262.40125,0.99750,1.00000,0.00000,0.00000,0.00000
262.50125,0.99750,1.00000,0.00000,0.00000,0.00000
262.60126,0.99750,1.00000,0.00000,0.00000,0.00000
262.70126,0.99750,1.00000,0.00000,0.00000,0.00000
262.80124,0.99750,1.00000,0.00000,0.00000,0.00000
262.90125,0.99750,1.00000,0.00000,0.00000,0.00000
263.00125,0.99750,1.00000,0.00000,0.00000,0.00000
263.10126,0.99750,1.00000,0.00000,0.00000,0.00000
263.20126,0.99750,1.00000,0.00000,0.00000,0.00000
263.30124,0.99750,1.00000,0.00000,0.00000,0.00000
263.40125,0.99750,1.00000,0.00000,0.00000,0.00000
263.50125,0.99750,1.00000,0.00000,0.00000,0.00000
263.60126,0.99750,0.99999,0.00000,0.00000,0.00000
263.70126,0.99750,0.99998,0.00000,0.00001,0.00001
263.80124,0.99750,0.99998,0.00000,0.00002,0.00001
263.90125,0.99750,0.99998,0.00000,0.00001,0.00001
264.00125,0.99750,0.99999,0.00000,0.00000,0.00001
264.10126,0.99750,0.99999,0.00000,0.00001,0.00000
264.20126,0.99750,0.99999,0.00000,0.00001,0.00000
264.30124,0.99750,0.99999,0.00000,0.00000,0.00000
264.40125,0.99750,0.99998,0.00002,0.00000,0.00000
264.50125,0.99750,0.99996,0.00004,0.00000,0.00000
264.60126,0.99750,0.99996,0.00004,0.00000,0.00000
264.70126,0.99750,0.99997,0.00003,0.00000,0.00000
264.80124,0.99750,0.99999,0.00000,0.00000,0.00000
264.90125,0.99750,1.00000,0.00000,0.00000,0.00000
265.00125,0.99750,1.00000,0.00000,0.00000,0.00000
265.10126,0.99750,1.00000,0.00000,0.00000,0.00000
265.20126,0.99750,1.00000,0.00000,0.00000,0.00000
265.30124,0.99750,1.00000,0.00000,0.00000,0.00000
265.40125,0.99750,1.00000,0.00000,0.00000,0.00000
265.50125,0.99750,1.00000,0.00000,0.00000,0.00000
265.60126,0.99750,1.00000,0.00000,0.00000,0.00000
265.70126,0.99750,0.99999,0.00000,0.00001,0.00000
265.80124,0.99750,0.99999,0.00000,0.00001,0.00000
265.90125,0.99750,0.99999,0.00000,0.00001,0.00000
266.00125,0.99750,0.99999,0.00000,0.00001,0.00000
266.10126,0.99750,0.99998,0.00000,0.00002,0.00000
266.20126,0.99750,0.99996,0.00000,0.00003,0.00000
266.30124,0.99750,0.99995,0.00000,0.00005,0.00000
266.40125,0.99750,0.99996,0.00000,0.00003,0.00001
266.50125,0.99750,0.99999,0.00000,0.00001,0.00001
266.60126,0.99750,0.99998,0.00000,0.00000,0.00002
266.70126,0.99750,0.99993,0.00000,0.00000,0.00007
266.80124,0.99750,0.99994,0.00000,0.00000,0.00006
266.90125,0.99750,0.99999,0.00000,0.00000,0.00001
267.00125,0.99750,1.00000,0.00000,0.00000,0.00000
267.10126,0.99750,1.00000,0.00000,0.00000,0.00000
267.20126,0.99750,1.00000,0.00000,0.00000,0.00000
267.30124,0.99750,1.00000,0.00000,0.00000,0.00000
267.40125,0.99750,1.00000,0.00000,0.00000,0.00000
267.50125,0.99750,1.00000,0.00000,0.00000,0.00000
267.60126,0.99750,1.00000,0.00000,0.00000,0.00000
267.70126,0.99750,0.99999,0.00000,0.00000,0.00001
267.80124,0.99750,0.99998,0.00000,0.00000,0.00002
267.90125,0.99750,0.99998,0.00000,0.00000,0.00002
268.00125,0.99750,0.99992,0.00000,0.00000,0.00008
268.10126,0.99750,0.99963,0.00000,0.00000,0.00037
268.20126,0.99750,0.99977,0.00000,0.00000,0.00023
268.30124,0.99750,0.99994,0.00000,0.00000,0.00006
268.40125,0.99750,0.99998,0.00000,0.00000,0.00002
268.50125,0.99750,0.99999,0.00000,0.00000,0.00001
268.60126,0.99750,0.99998,0.00000,0.00000,0.00002
268.70126,0.99750,0.99998,0.00000,0.00000,0.00001
268.80124,0.99750,0.99999,0.00000,0.00000,0.00001
268.90125,0.99750,1.00000,0.00000,0.00000,0.00000
269.00125,0.99750,0.99999,0.00001,0.00000,0.00000
269.10126,0.99750,0.99999,0.00001,0.00000,0.00000
269.20126,0.99750,1.00000,0.00000,0.00000,0.00000
269.30124,0.99750,1.00000,0.00000,0.00000,0.00000
269.40125,0.99750,1.00000,0.00000,0.00000,0.00000
269.50125,0.99750,0.99998,0.00002,0.00000,0.00000
269.60126,0.99750,0.99995,0.00005,0.00000,0.00000
269.70126,0.99750,0.99987,0.00013,0.00000,0.00000
269.80124,0.99750,0.99983,0.00017,0.00000,0.00000
269.90125,0.99750,0.99965,0.00035,0.00000,0.00000
270.00125,0.99750,0.99935,0.00065,0.00000,0.00000
270.10126,0.99750,0.99718,0.00282,0.00000,0.00000
270.20126,0.99750,0.99227,0.00772,0.00001,0.00000
270.30124,0.99750,0.99946,0.00054,0.00000,0.00000
270.40125,0.99750,0.99979,0.00021,0.00000,0.00000
270.50125,0.99750,0.99994,0.00006,0.00000,0.00000
270.60126,0.99750,0.99993,0.00007,0.00000,0.00000
270.70126,0.99750,0.99996,0.00004,0.00000,0.00000
270.80124,0.99750,0.99999,0.00001,0.00000,0.00000
270.90125,0.99750,0.99998,0.00002,0.00000,0.00000
271.00125,0.99750,0.99998,0.00002,0.00000,0.00000
271.10126,0.99750,0.99998,0.00001,0.00000,0.00000
271.20126,0.99750,0.99997,0.00003,0.00000,0.00000
271.30124,0.99750,0.99996,0.00004,0.00000,0.00000
271.40125,0.99750,0.99997,0.00003,0.00000,0.00000
271.50125,0.99750,0.99995,0.00004,0.00000,0.00000
271.60126,0.99750,0.99991,0.00009,0.00000,0.00000
271.70126,0.99750,0.99984,0.00016,0.00000,0.00000
271.80124,0.99750,0.99984,0.00016,0.00000,0.00000
271.90125,0.99750,0.99990,0.00010,0.00000,0.00000
272.00125,0.99750,0.99998,0.00002,0.00000,0.00000
272.10126,0.99750,0.99999,0.00001,0.00000,0.00000
272.20126,0.99750,1.00000,0.00000,0.00000,0.00000
272.30124,0.99750,1.00000,0.00000,0.00000,0.00000
272.40125,0.99750,1.00000,0.00000,0.00000,0.00000
272.50125,0.99750,1.00000,0.00000,0.00000,0.00000
272.60126,0.99750,1.00000,0.00000,0.00000,0.00000
272.70126,0.99750,1.00000,0.00000,0.00000,0.00000
272.80124,0.99750,0.99999,0.00000,0.00000,0.00000
272.90125,0.99750,0.99998,0.00000,0.00002,0.00000
273.00125,0.99750,0.99995,0.00000,0.00005,0.00000
273.10126,0.99750,0.99921,0.00000,0.00079,0.00000
273.20126,0.99750,0.99830,0.00000,0.00170,0.00000
273.30124,0.99750,0.99715,0.00000,0.00285,0.00000
273.40125,0.99750,0.99959,0.00000,0.00040,0.00000
273.50125,0.99750,0.99793,0.00000,0.00205,0.00002
273.60126,0.99750,0.99933,0.00000,0.00065,0.00002
273.70126,0.99750,0.99984,0.00000,0.00012,0.00004
273.80124,0.99750,0.99996,0.00000,0.00003,0.00001
273.90125,0.99750,0.99997,0.00000,0.00003,0.00000
274.00125,0.99750,0.99995,0.00000,0.00004,0.00002
274.10126,0.99750,0.99989,0.00000,0.00006,0.00005
274.20126,0.99750,0.99997,0.00000,0.00002,0.00001
274.30124,0.99750,0.99999,0.00000,0.00001,0.00000
274.40125,0.99750,0.99999,0.00000,0.00001,0.00000
274.50125,0.99750,0.99998,0.00000,0.00002,0.00000
274.60126,0.99750,0.99996,0.00001,0.00003,0.00000
274.70126,0.99750,0.99997,0.00001,0.00002,0.00000
274.80124,0.99750,1.00000,0.00000,0.00000,0.00000
274.90125,0.99750,1.00000,0.00000,0.00000,0.00000
275.00125,0.99750,1.00000,0.00000,0.00000,0.00000
275.10126,0.99750,1.00000,0.00000,0.00000,0.00000
275.20126,0.99750,1.00000,0.00000,0.00000,0.00000
275.30124,0.99750,1.00000,0.00000,0.00000,0.00000
275.40125,0.99750,1.00000,0.00000,0.00000,0.00000
275.50125,0.99750,1.00000,0.00000,0.00000,0.00000
275.60126,0.99750,1.00000,0.00000,0.00000,0.00000
275.70126,0.99750,1.00000,0.00000,0.00000,0.00000
275.80124,0.99750,1.00000,0.00000,0.00000,0.00000
275.90125,0.99750,1.00000,0.00000,0.00000,0.00000
276.00125,0.99750,0.99999,0.00000,0.00000,0.00001
276.10126,0.99750,0.99995,0.00000,0.00000,0.00005
276.20126,0.99750,0.99998,0.00000,0.00000,0.00002
276.30124,0.99750,0.99998,0.00000,0.00000,0.00002
276.40125,0.99750,0.99996,0.00000,0.00000,0.00004
276.50125,0.99750,0.99967,0.00000,0.00000,0.00033
276.60126,0.99750,0.99981,0.00000,0.00000,0.00019
276.70126,0.99750,0.99981,0.00000,0.00000,0.00019
276.80124,0.99750,0.99959,0.00000,0.00000,0.00041
276.90125,0.99750,0.99964,0.00000,0.00000,0.00036
277.00125,0.99750,0.99994,0.00000,0.00000,0.00006
277.10126,0.99750,0.99990,0.00000,0.00000,0.00010
277.20126,0.99750,0.99999,0.00000,0.00000,0.00001
277.30124,0.99750,0.99999,0.00000,0.00000,0.00001
277.40125,0.99750,1.00000,0.00000,0.00000,0.00000
277.50125,0.99750,1.00000,0.00000,0.00000,0.00000
277.60126,0.99750,1.00000,0.00000,0.00000,0.00000
277.70126,0.99750,1.00000,0.00000,0.00000,0.00000
277.80124,0.99750,1.00000,0.00000,0.00000,0.00000
277.90125,0.99750,1.00000,0.00000,0.00000,0.00000
278.00125,0.99750,1.00000,0.00000,0.00000,0.00000
278.10126,0.99750,0.99999,0.00000,0.00000,0.00001
278.20126,0.99750,0.99997,0.00000,0.00000,0.00002
278.30124,0.99750,0.99998,0.00000,0.00000,0.00002
278.40125,0.99750,0.99998,0.00000,0.00000,0.00002
278.50125,0.99750,0.99998,0.00000,0.00000,0.00002
278.60126,0.99750,0.99997,0.00000,0.00000,0.00003
278.70126,0.99750,0.99999,0.00000,0.00000,0.00001
278.80124,0.99750,1.00000,0.00000,0.00000,0.00000
278.90125,0.99750,1.00000,0.00000,0.00000,0.00000
279.00125,0.99750,0.99999,0.00001,0.00000,0.00000
279.10126,0.99750,0.99998,0.00002,0.00000,0.00000
279.20126,0.99750,1.00000,0.00000,0.00000,0.00000
279.30124,0.99750,1.00000,0.00000,0.00000,0.00000
279.40125,0.99750,0.99998,0.00000,0.00000,0.00002
279.50125,0.99750,0.99996,0.00000,0.00001,0.00003
279.60126,0.99750,0.99994,0.00000,0.00005,0.00001
279.70126,0.99750,0.99995,0.00000,0.00005,0.00001
279.80124,0.99750,0.99995,0.00000,0.00004,0.00001
279.90125,0.99750,0.99992,0.00000,0.00008,0.00001
280.00125,0.99750,0.99992,0.00000,0.00007,0.00001
280.10126,0.99750,0.99992,0.00000,0.00008,0.00001
280.20126,0.99750,0.99997,0.00000,0.00003,0.00000
280.30124,0.99750,0.99999,0.00000,0.00001,0.00000
280.40125,0.99750,0.99996,0.00004,0.00001,0.00000
280.50125,0.99750,0.99999,0.00000,0.00000,0.00000
280.60126,0.99750,1.00000,0.00000,0.00000,0.00000
280.70126,0.99750,1.00000,0.00000,0.00000,0.00000
280.80124,0.99750,1.00000,0.00000,0.00000,0.00000
280.90125,0.99750,1.00000,0.00000,0.00000,0.00000
281.00125,0.99750,0.99999,0.00000,0.00000,0.00001
281.10126,0.99750,0.99998,0.00000,0.00000,0.00002
281.20126,0.99750,0.99997,0.00000,0.00000,0.00003
281.30124,0.99750,0.99998,0.00000,0.00000,0.00002
281.40125,0.99750,0.99998,0.00000,0.00000,0.00002
281.50125,0.99750,0.99999,0.00000,0.00000,0.00001
281.60126,0.99750,0.99999,0.00000,0.00001,0.00000
281.70126,0.99750,0.99995,0.00000,0.00005,0.00000
281.80124,0.99750,0.99994,0.00000,0.00006,0.00000
281.90125,0.99750,0.99996,0.00000,0.00004,0.00000
282.00125,0.99750,0.99993,0.00000,0.00007,0.00000
282.10126,0.99750,0.99993,0.00000,0.00007,0.00000
282.20126,0.99750,0.99992,0.00000,0.00008,0.00000
282.30124,0.99750,0.99998,0.00000,0.00002,0.00000
282.40125,0.99750,0.99999,0.00000,0.00001,0.00000
282.50125,0.99750,1.00000,0.00000,0.00000,0.00000
282.60126,0.99750,1.00000,0.00000,0.00000,0.00000
282.70126,0.99750,1.00000,0.00000,0.00000,0.00000
282.80124,0.99750,1.00000,0.00000,0.00000,0.00000
282.90125,0.99750,1.00000,0.00000,0.00000,0.00000
283.00125,0.99750,1.00000,0.00000,0.00000,0.00000
283.10126,0.99750,1.00000,0.00000,0.00000,0.00000
283.20126,0.99750,1.00000,0.00000,0.00000,0.00000
283.30124,0.99750,1.00000,0.00000,0.00000,0.00000
283.40125,0.99750,1.00000,0.00000,0.00000,0.00000
283.50125,0.99750,1.00000,0.00000,0.00000,0.00000
283.60126,0.99750,1.00000,0.00000,0.00000,0.00000
283.70126,0.99750,1.00000,0.00000,0.00000,0.00000
283.80124,0.99750,0.99999,0.00000,0.00000,0.00000
283.90125,0.99750,0.99998,0.00000,0.00000,0.00002
