Time (seconds), Duration (seconds),pred_(unlabeled),pred_Jab_R,pred_Sidehook_R,pred_Uppercut_R
0.00125,0.49750,0.78807,0.19840,0.01346,0.00008
0.10125,0.49750,0.62078,0.32905,0.04970,0.00047
0.20125,0.49750,0.73407,0.17128,0.09245,0.00220
0.30125,0.49750,0.90064,0.04887,0.04834,0.00215
0.40125,0.49750,0.88330,0.06232,0.04771,0.00666
0.50125,0.49750,0.96833,0.01081,0.00917,0.01170
0.60125,0.49750,0.99171,0.00223,0.00111,0.00495
0.70125,0.49750,0.99771,0.00077,0.00036,0.00117
0.80125,0.49750,0.99753,0.00167,0.00057,0.00023
0.90125,0.49750,0.99818,0.00121,0.00052,0.00009
1.00125,0.49750,0.99898,0.00052,0.00048,0.00002
1.10125,0.49750,0.99914,0.00036,0.00049,0.00001
1.20125,0.49750,0.99884,0.00046,0.00070,0.00001
1.30125,0.49750,0.99962,0.00007,0.00030,0.00001
1.40125,0.49750,0.99975,0.00005,0.00018,0.00002
1.50125,0.49750,0.99964,0.00012,0.00019,0.00006
1.60125,0.49750,0.99925,0.00041,0.00025,0.00009
1.70125,0.49750,0.99927,0.00046,0.00017,0.00010
1.80125,0.49750,0.99799,0.00159,0.00031,0.00011
1.90125,0.49750,0.99895,0.00066,0.00024,0.00014
2.00125,0.49750,0.99941,0.00036,0.00016,0.00007
2.10125,0.49750,0.99954,0.00026,0.00015,0.00004
2.20125,0.49750,0.99963,0.00017,0.00014,0.00006
2.30125,0.49750,0.99973,0.00010,0.00010,0.00007
2.40125,0.49750,0.99955,0.00021,0.00013,0.00010
2.50125,0.49750,0.99939,0.00018,0.00013,0.00029
2.60125,0.49750,0.99888,0.00022,0.00015,0.00076
2.70125,0.49750,0.99817,0.00043,0.00020,0.00120
2.80125,0.49750,0.99768,0.00037,0.00016,0.00178
2.90125,0.49750,0.99768,0.00027,0.00012,0.00192
3.00125,0.49750,0.99848,0.00018,0.00008,0.00126
3.10125,0.49750,0.99912,0.00010,0.00006,0.00072
3.20125,0.49750,0.99955,0.00006,0.00005,0.00035
3.30125,0.49750,0.99957,0.00021,0.00012,0.00010
3.40125,0.49750,0.99903,0.00067,0.00027,0.00003
3.50125,0.49750,0.99832,0.00127,0.00040,0.00002
3.60125,0.49750,0.99749,0.00205,0.00045,0.00001
3.70125,0.49750,0.99527,0.00412,0.00059,0.00001
3.80125,0.49750,0.99135,0.00800,0.00053,0.00012
3.90125,0.49750,0.98590,0.01301,0.00026,0.00083
4.00125,0.49750,0.95904,0.03960,0.00085,0.00051
4.10125,0.49750,0.88288,0.11359,0.00292,0.00060
4.20125,0.49750,0.71625,0.28116,0.00039,0.00221
4.30125,0.49750,0.89672,0.10232,0.00068,0.00028
4.40125,0.49750,0.95161,0.04707,0.00126,0.00006
4.50125,0.49750,0.94540,0.05290,0.00035,0.00135
4.60125,0.49750,0.93457,0.06214,0.00011,0.00318
4.70125,0.49750,0.98892,0.01038,0.00036,0.00034
4.80125,0.49750,0.98856,0.01050,0.00028,0.00066
4.90125,0.49750,0.98854,0.01073,0.00018,0.00055
5.00125,0.49750,0.99644,0.00324,0.00028,0.00005
5.10125,0.49750,0.99829,0.00127,0.00043,0.00001
5.20125,0.49750,0.99805,0.00152,0.00042,0.00001
5.30125,0.49750,0.99582,0.00343,0.00074,0.00001
5.40125,0.49750,0.98966,0.00882,0.00152,0.00001
5.50125,0.49750,0.95840,0.03719,0.00440,0.00001
5.60125,0.49750,0.97042,0.02610,0.00344,0.00005
5.70125,0.49750,0.98552,0.01196,0.00228,0.00024
5.80125,0.49750,0.99425,0.00386,0.00119,0.00069
5.90125,0.49750,0.99725,0.00077,0.00043,0.00154
6.00125,0.49750,0.99814,0.00022,0.00018,0.00146
6.10125,0.49750,0.99887,0.00023,0.00016,0.00074
6.20125,0.49750,0.99929,0.00029,0.00013,0.00030
6.30125,0.49750,0.99935,0.00039,0.00012,0.00014
6.40125,0.49750,0.99913,0.00066,0.00014,0.00008
6.50125,0.49750,0.99853,0.00122,0.00020,0.00006
6.60125,0.49750,0.99779,0.00188,0.00027,0.00006
6.70125,0.49750,0.99713,0.00244,0.00033,0.00010
6.80125,0.49750,0.99604,0.00334,0.00045,0.00017
6.90125,0.49750,0.99527,0.00387,0.00052,0.00034
7.00125,0.49750,0.99476,0.00414,0.00055,0.00055
7.10125,0.49750,0.99282,0.00535,0.00076,0.00106
7.20125,0.49750,0.99174,0.00515,0.00087,0.00224
7.30125,0.49750,0.99083,0.00416,0.00096,0.00405
7.40125,0.49750,0.98959,0.00264,0.00101,0.00676
7.50125,0.49750,0.97195,0.00307,0.00208,0.02291
7.60125,0.49750,0.94326,0.00581,0.00563,0.04530
7.70125,0.49750,0.84333,0.00665,0.01240,0.13762
7.80125,0.49750,0.68140,0.00368,0.01824,0.29668
7.90125,0.49750,0.73016,0.00276,0.01384,0.25324
8.00125,0.49750,0.96351,0.00227,0.00951,0.02471
8.10125,0.49750,0.99360,0.00013,0.00137,0.00490
8.20125,0.49750,0.99897,0.00007,0.00053,0.00043
8.30125,0.49750,0.99897,0.00078,0.00016,0.00009
8.40125,0.49750,0.99821,0.00163,0.00008,0.00008
8.50125,0.49750,0.99655,0.00322,0.00017,0.00007
8.60125,0.49750,0.96384,0.03504,0.00091,0.00021
8.70125,0.49750,0.82609,0.17239,0.00057,0.00095
8.80125,0.49750,0.99129,0.00678,0.00163,0.00030
8.90125,0.49750,0.99226,0.00536,0.00208,0.00029
9.00125,0.49750,0.98083,0.01722,0.00020,0.00174
9.10125,0.49750,0.98855,0.01054,0.00012,0.00078
9.20125,0.49750,0.99814,0.00161,0.00017,0.00009
9.30125,0.49750,0.99866,0.00111,0.00014,0.00009
9.40125,0.49750,0.99966,0.00017,0.00013,0.00004
9.50125,0.49750,0.99951,0.00001,0.00045,0.00003
9.60125,0.49750,0.99790,0.00004,0.00195,0.00011
9.70125,0.49750,0.99798,0.00043,0.00079,0.00079
9.80125,0.49750,0.98768,0.00839,0.00159,0.00234
9.90125,0.49750,0.80924,0.18301,0.00653,0.00122
10.00125,0.49750,0.44124,0.55121,0.00715,0.00040
10.10125,0.49750,0.64095,0.35571,0.00314,0.00020
10.20125,0.49750,0.91572,0.07152,0.01217,0.00059
10.30125,0.49750,0.93158,0.06467,0.00206,0.00170
10.40125,0.49750,0.97818,0.01594,0.00045,0.00543
10.50125,0.49750,0.99287,0.00581,0.00044,0.00089
10.60125,0.49750,0.99241,0.00435,0.00102,0.00222
10.70125,0.49750,0.99592,0.00053,0.00038,0.00317
10.80125,0.49750,0.99720,0.00009,0.00031,0.00239
10.90125,0.49750,0.99712,0.00010,0.00028,0.00251
11.00125,0.49750,0.99670,0.00016,0.00033,0.00282
11.10125,0.49750,0.99692,0.00066,0.00018,0.00224
11.20125,0.49750,0.96837,0.03079,0.00011,0.00073
11.30125,0.49750,0.95420,0.04498,0.00023,0.00059
11.40125,0.49750,0.98864,0.01090,0.00016,0.00031
11.50125,0.49750,0.97533,0.02271,0.00016,0.00180
11.60125,0.49750,0.94449,0.05421,0.00038,0.00092
11.70125,0.49750,0.95928,0.03175,0.00717,0.00180
11.80125,0.49750,0.95747,0.01647,0.02049,0.00557
11.90125,0.49750,0.84090,0.03913,0.08218,0.03779
12.00125,0.49750,0.69374,0.00621,0.12363,0.17642
12.10125,0.49750,0.79300,0.00091,0.06487,0.14123
12.20125,0.49750,0.95124,0.00041,0.03723,0.01113
12.30125,0.49750,0.96444,0.00062,0.03421,0.00073
12.40125,0.49750,0.99602,0.00027,0.00345,0.00026
12.50125,0.49750,0.99659,0.00317,0.00018,0.00006
12.60125,0.49750,0.98758,0.01164,0.00073,0.00004
12.70125,0.49750,0.91197,0.08743,0.00044,0.00016
12.80125,0.49750,0.53891,0.46040,0.00003,0.00066
12.90125,0.49750,0.11353,0.88616,0.00001,0.00030
13.00125,0.49750,0.08476,0.91507,0.00002,0.00015
13.10125,0.49750,0.18926,0.80905,0.00001,0.00168
13.20125,0.49750,0.63382,0.32756,0.00010,0.03851
13.30125,0.49750,0.77293,0.20079,0.00060,0.02567
13.40125,0.49750,0.88359,0.09436,0.00208,0.01998
13.50125,0.49750,0.86427,0.06387,0.00034,0.07152
13.60125,0.49750,0.74698,0.17969,0.00058,0.07275
13.70125,0.49750,0.29015,0.69318,0.00065,0.01602
13.80125,0.49750,0.57583,0.36706,0.00351,0.05360
13.90125,0.49750,0.78377,0.03683,0.00232,0.17708
14.00125,0.49750,0.94038,0.00271,0.02954,0.02737
14.10125,0.49750,0.96925,0.00131,0.01395,0.01549
14.20125,0.49750,0.99070,0.00191,0.00050,0.00688
14.30125,0.49750,0.99487,0.00379,0.00019,0.00116
14.40125,0.49750,0.98122,0.01816,0.00058,0.00003
14.50125,0.49750,0.97775,0.02200,0.00022,0.00003
14.60125,0.49750,0.97753,0.02215,0.00031,0.00001
14.70125,0.49750,0.99854,0.00057,0.00089,0.00001
14.80125,0.49750,0.99920,0.00022,0.00057,0.00001
14.90125,0.49750,0.99972,0.00004,0.00019,0.00005
15.00125,0.49750,0.99980,0.00001,0.00010,0.00009
15.10125,0.49750,0.99984,0.00000,0.00005,0.00011
15.20125,0.49750,0.99977,0.00002,0.00007,0.00014
15.30125,0.49750,0.99967,0.00004,0.00007,0.00022
15.40125,0.49750,0.99967,0.00005,0.00008,0.00021
15.50125,0.49750,0.99965,0.00008,0.00008,0.00019
15.60125,0.49750,0.99973,0.00005,0.00007,0.00015
15.70125,0.49750,0.99982,0.00002,0.00005,0.00011
15.80125,0.49750,0.99980,0.00001,0.00005,0.00014
15.90125,0.49750,0.99979,0.00001,0.00004,0.00017
16.00125,0.49750,0.99980,0.00000,0.00003,0.00017
16.10125,0.49750,0.99982,0.00001,0.00005,0.00011
16.20125,0.49750,0.99976,0.00005,0.00013,0.00005
16.30125,0.49750,0.99966,0.00011,0.00023,0.00001
16.40125,0.49750,0.99952,0.00017,0.00030,0.00001
16.50125,0.49750,0.99738,0.00118,0.00139,0.00006
16.60125,0.49750,0.99338,0.00538,0.00079,0.00044
16.70125,0.49750,0.99773,0.00092,0.00035,0.00100
16.80125,0.49750,0.99578,0.00046,0.00021,0.00355
16.90125,0.49750,0.98847,0.00121,0.00033,0.00999
17.00125,0.49750,0.99630,0.00062,0.00014,0.00294
17.10125,0.49750,0.99886,0.00013,0.00013,0.00088
17.20125,0.49750,0.99772,0.00045,0.00016,0.00167
17.30125,0.49750,0.99796,0.00034,0.00013,0.00156
17.40125,0.49750,0.99919,0.00009,0.00007,0.00066
17.50125,0.49750,0.99952,0.00003,0.00004,0.00041
17.60125,0.49750,0.99961,0.00001,0.00004,0.00034
17.70125,0.49750,0.99982,0.00002,0.00007,0.00009
17.80125,0.49750,0.99964,0.00011,0.00023,0.00002
17.90125,0.49750,0.99825,0.00094,0.00080,0.00001
18.00125,0.49750,0.99324,0.00490,0.00186,0.00000
18.10125,0.49750,0.99414,0.00442,0.00144,0.00000
18.20125,0.49750,0.99194,0.00675,0.00127,0.00005
18.30125,0.49750,0.97505,0.02203,0.00170,0.00122
18.40125,0.49750,0.96352,0.02207,0.00157,0.01285
18.50125,0.49750,0.95750,0.01450,0.00104,0.02696
18.60125,0.49750,0.94576,0.02608,0.00121,0.02694
18.70125,0.49750,0.97919,0.00809,0.00057,0.01215
18.80125,0.49750,0.99694,0.00088,0.00018,0.00200
18.90125,0.49750,0.99862,0.00075,0.00021,0.00042
19.00125,0.49750,0.99729,0.00205,0.00049,0.00017
19.10125,0.49750,0.99046,0.00816,0.00132,0.00006
19.20125,0.49750,0.96849,0.02856,0.00294,0.00001
19.30125,0.49750,0.87161,0.12139,0.00700,0.00000
19.40125,0.49750,0.82462,0.16788,0.00750,0.00000
19.50125,0.49750,0.94250,0.05380,0.00370,0.00000
19.60125,0.49750,0.99403,0.00503,0.00093,0.00001
19.70125,0.49750,0.99648,0.00281,0.00071,0.00001
19.80125,0.49750,0.99904,0.00068,0.00027,0.00001
19.90125,0.49750,0.99980,0.00009,0.00008,0.00003
20.00125,0.49750,0.99968,0.00017,0.00012,0.00003
20.10125,0.49750,0.99794,0.00154,0.00050,0.00002
20.20125,0.49750,0.99787,0.00155,0.00055,0.00003
20.30125,0.49750,0.99865,0.00090,0.00043,0.00002
20.40125,0.49750,0.99721,0.00212,0.00064,0.00002
20.50125,0.49750,0.99836,0.00122,0.00038,0.00004
20.60125,0.49750,0.99926,0.00053,0.00018,0.00004
20.70125,0.49750,0.99921,0.00057,0.00017,0.00004
20.80125,0.49750,0.99866,0.00105,0.00024,0.00005
20.90125,0.49750,0.99860,0.00106,0.00027,0.00007
21.00125,0.49750,0.99836,0.00115,0.00037,0.00011
21.10125,0.49750,0.99858,0.00070,0.00042,0.00029
21.20125,0.49750,0.99640,0.00076,0.00151,0.00133
21.30125,0.49750,0.99180,0.00123,0.00280,0.00416
21.40125,0.49750,0.96825,0.00339,0.00651,0.02184
21.50125,0.49750,0.87638,0.00606,0.00904,0.10853
21.60125,0.49750,0.73690,0.00232,0.00565,0.25513
21.70125,0.49750,0.62496,0.00212,0.00222,0.37071
21.80125,0.49750,0.77661,0.00190,0.00187,0.21962
21.90125,0.49750,0.76539,0.00250,0.00036,0.23174
22.00125,0.49750,0.92129,0.00350,0.00015,0.07506
22.10125,0.49750,0.98949,0.00553,0.00017,0.00480
22.20125,0.49750,0.98561,0.01189,0.00006,0.00244
22.30125,0.49750,0.94284,0.05411,0.00004,0.00301
22.40125,0.49750,0.98664,0.01292,0.00014,0.00030
22.50125,0.49750,0.99185,0.00772,0.00020,0.00023
22.60125,0.49750,0.97067,0.02864,0.00029,0.00041
22.70125,0.49750,0.98655,0.01257,0.00082,0.00005
22.80125,0.49750,0.99821,0.00103,0.00074,0.00002
22.90125,0.49750,0.99909,0.00046,0.00042,0.00002
23.00125,0.49750,0.99916,0.00041,0.00042,0.00001
23.10125,0.49750,0.99965,0.00012,0.00023,0.00000
23.20125,0.49750,0.99960,0.00010,0.00030,0.00000
23.30125,0.49750,0.99870,0.00058,0.00073,0.00000
23.40125,0.49750,0.99584,0.00260,0.00156,0.00000
23.50125,0.49750,0.99518,0.00309,0.00173,0.00000
23.60125,0.49750,0.99729,0.00170,0.00101,0.00001
23.70125,0.49750,0.99471,0.00384,0.00127,0.00019
23.80125,0.49750,0.98832,0.00492,0.00132,0.00544
23.90125,0.49750,0.94857,0.00304,0.00238,0.04601
24.00125,0.49750,0.83895,0.01738,0.00431,0.13936
24.10125,0.49750,0.61212,0.14520,0.00917,0.23351
24.20125,0.49750,0.62134,0.30103,0.01243,0.06520
24.30125,0.49750,0.69571,0.24531,0.03293,0.02604
24.40125,0.49750,0.63491,0.31696,0.02241,0.02573
24.50125,0.49750,0.82735,0.10636,0.01540,0.05090
24.60125,0.49750,0.96863,0.00979,0.00579,0.01579
24.70125,0.49750,0.99034,0.00057,0.00105,0.00804
24.80125,0.49750,0.99607,0.00023,0.00023,0.00346
24.90125,0.49750,0.99790,0.00015,0.00014,0.00181
25.00125,0.49750,0.99854,0.00008,0.00013,0.00124
25.10125,0.49750,0.99789,0.00013,0.00014,0.00184
25.20125,0.49750,0.99706,0.00072,0.00034,0.00188
25.30125,0.49750,0.99690,0.00138,0.00043,0.00128
25.40125,0.49750,0.99790,0.00108,0.00028,0.00074
25.50125,0.49750,0.99744,0.00160,0.00032,0.00064
25.60125,0.49750,0.99215,0.00651,0.00098,0.00037
25.70125,0.49750,0.97626,0.02145,0.00189,0.00039
25.80125,0.49750,0.91345,0.08136,0.00477,0.00043
25.90125,0.49750,0.87889,0.11460,0.00620,0.00031
26.00125,0.49750,0.71836,0.27019,0.00991,0.00154
26.10125,0.49750,0.73362,0.23795,0.00671,0.02171
26.20125,0.49750,0.76179,0.14348,0.00489,0.08985
26.30125,0.49750,0.79738,0.02302,0.00157,0.17803
26.40125,0.49750,0.83053,0.01246,0.00093,0.15607
26.50125,0.49750,0.97088,0.00251,0.00038,0.02623
26.60125,0.49750,0.99609,0.00174,0.00038,0.00179
26.70125,0.49750,0.99645,0.00275,0.00062,0.00019
26.80125,0.49750,0.98199,0.01601,0.00195,0.00005
26.90125,0.49750,0.92392,0.07035,0.00572,0.00002
27.00125,0.49750,0.80074,0.18904,0.01020,0.00001
27.10125,0.49750,0.86122,0.12502,0.01363,0.00013
27.20125,0.49750,0.86340,0.11797,0.01669,0.00194
27.30125,0.49750,0.92395,0.03729,0.01971,0.01905
27.40125,0.49750,0.80504,0.01960,0.01551,0.15985
27.50125,0.49750,0.87767,0.01707,0.01166,0.09361
27.60125,0.49750,0.97315,0.00946,0.00431,0.01308
27.70125,0.49750,0.99490,0.00232,0.00126,0.00152
27.80125,0.49750,0.99698,0.00223,0.00047,0.00032
27.90125,0.49750,0.99881,0.00090,0.00021,0.00008
28.00125,0.49750,0.99906,0.00066,0.00017,0.00011
28.10125,0.49750,0.99904,0.00068,0.00018,0.00010
28.20125,0.49750,0.99902,0.00069,0.00019,0.00010
28.30125,0.49750,0.99902,0.00069,0.00020,0.00010
28.40125,0.49750,0.99908,0.00063,0.00019,0.00010
28.50125,0.49750,0.99915,0.00056,0.00017,0.00012
28.60125,0.49750,0.99919,0.00053,0.00016,0.00013
28.70125,0.49750,0.99918,0.00053,0.00016,0.00012
28.80125,0.49750,0.99921,0.00051,0.00016,0.00012
28.90125,0.49750,0.99924,0.00048,0.00015,0.00012
29.00125,0.49750,0.99933,0.00040,0.00014,0.00013
29.10125,0.49750,0.99949,0.00024,0.00011,0.00015
29.20125,0.49750,0.99962,0.00012,0.00009,0.00017
29.30125,0.49750,0.99971,0.00007,0.00008,0.00014
29.40125,0.49750,0.99974,0.00007,0.00009,0.00010
29.50125,0.49750,0.99973,0.00009,0.00012,0.00006
29.60125,0.49750,0.99965,0.00014,0.00017,0.00004
29.70125,0.49750,0.99948,0.00026,0.00023,0.00003
29.80125,0.49750,0.99935,0.00037,0.00023,0.00005
29.90125,0.49750,0.99938,0.00036,0.00019,0.00008
30.00125,0.49750,0.99937,0.00035,0.00016,0.00012
30.10125,0.49750,0.99933,0.00031,0.00012,0.00024
30.20125,0.49750,0.99874,0.00039,0.00013,0.00074
30.30125,0.49750,0.99486,0.00364,0.00005,0.00145
30.40125,0.49750,0.99593,0.00279,0.00005,0.00123
30.50125,0.49750,0.99736,0.00212,0.00007,0.00045
30.60125,0.49750,0.99796,0.00175,0.00008,0.00020
30.70125,0.49750,0.99224,0.00733,0.00007,0.00036
30.80125,0.49750,0.99786,0.00173,0.00016,0.00025
30.90125,0.49750,0.99752,0.00193,0.00014,0.00040
31.00125,0.49750,0.99695,0.00166,0.00009,0.00130
31.10125,0.49750,0.98325,0.01158,0.00006,0.00511
31.20125,0.49750,0.98368,0.01413,0.00007,0.00212
31.30125,0.49750,0.98842,0.01040,0.00009,0.00110
31.40125,0.49750,0.98724,0.01108,0.00009,0.00160
31.50125,0.49750,0.98080,0.01617,0.00010,0.00294
31.60125,0.49750,0.99316,0.00464,0.00024,0.00195
31.70125,0.49750,0.99781,0.00052,0.00024,0.00143
31.80125,0.49750,0.99296,0.00322,0.00046,0.00336
31.90125,0.49750,0.98038,0.01611,0.00132,0.00218
32.00125,0.49750,0.98820,0.00985,0.00150,0.00046
32.10125,0.49750,0.99683,0.00194,0.00101,0.00022
32.20125,0.49750,0.99612,0.00236,0.00145,0.00006
32.30125,0.49750,0.99849,0.00063,0.00087,0.00002
32.40125,0.49750,0.99945,0.00019,0.00033,0.00003
32.50125,0.49750,0.99813,0.00105,0.00057,0.00026
32.60125,0.49750,0.97949,0.01626,0.00171,0.00254
32.70125,0.49750,0.95672,0.01994,0.00161,0.02174
32.80125,0.49750,0.94593,0.03353,0.00227,0.01827
32.90125,0.49750,0.92228,0.06918,0.00373,0.00482
33.00125,0.49750,0.98085,0.01646,0.00190,0.00079
33.10125,0.49750,0.99559,0.00354,0.00073,0.00014
33.20125,0.49750,0.99538,0.00386,0.00072,0.00003
33.30125,0.49750,0.99782,0.00176,0.00038,0.00004
33.40125,0.49750,0.99918,0.00056,0.00016,0.00009
33.50125,0.49750,0.99905,0.00065,0.00014,0.00015
33.60125,0.49750,0.99917,0.00053,0.00013,0.00018
33.70125,0.49750,0.99928,0.00035,0.00010,0.00027
33.80125,0.49750,0.99911,0.00053,0.00015,0.00022
33.90125,0.49750,0.99861,0.00106,0.00025,0.00008
34.00125,0.49750,0.99694,0.00254,0.00048,0.00004
34.10125,0.49750,0.98624,0.01235,0.00139,0.00002
34.20125,0.49750,0.96195,0.03465,0.00338,0.00003
34.30125,0.49750,0.96532,0.03016,0.00443,0.00009
34.40125,0.49750,0.93227,0.05468,0.01171,0.00133
34.50125,0.49750,0.92033,0.04609,0.01851,0.01507
34.60125,0.49750,0.84469,0.02714,0.01604,0.11213
34.70125,0.49750,0.89200,0.00859,0.00587,0.09355
34.80125,0.49750,0.96792,0.00654,0.00295,0.02259
34.90125,0.49750,0.99541,0.00119,0.00061,0.00279
35.00125,0.49750,0.99917,0.00036,0.00019,0.00028
35.10125,0.49750,0.99955,0.00026,0.00015,0.00003
35.20125,0.49750,0.99949,0.00027,0.00021,0.00003
35.30125,0.49750,0.99943,0.00027,0.00028,0.00002
35.40125,0.49750,0.99859,0.00083,0.00057,0.00001
35.50125,0.49750,0.99670,0.00234,0.00096,0.00001
35.60125,0.49750,0.99699,0.00216,0.00084,0.00001
35.70125,0.49750,0.99779,0.00164,0.00055,0.00001
35.80125,0.49750,0.99836,0.00127,0.00032,0.00004
35.90125,0.49750,0.99857,0.00102,0.00024,0.00017
36.00125,0.49750,0.99818,0.00070,0.00019,0.00093
36.10125,0.49750,0.99793,0.00069,0.00017,0.00121
36.20125,0.49750,0.99787,0.00109,0.00023,0.00081
36.30125,0.49750,0.99748,0.00180,0.00034,0.00038
36.40125,0.49750,0.99768,0.00188,0.00033,0.00011
36.50125,0.49750,0.99764,0.00199,0.00034,0.00003
36.60125,0.49750,0.99804,0.00161,0.00031,0.00004
36.70125,0.49750,0.99870,0.00101,0.00023,0.00005
36.80125,0.49750,0.99913,0.00062,0.00017,0.00009
36.90125,0.49750,0.99930,0.00045,0.00013,0.00012
37.00125,0.49750,0.99933,0.00041,0.00012,0.00014
37.10125,0.49750,0.99926,0.00049,0.00013,0.00012
37.20125,0.49750,0.99917,0.00058,0.00015,0.00010
37.30125,0.49750,0.99907,0.00068,0.00017,0.00008
37.40125,0.49750,0.99905,0.00070,0.00018,0.00008
37.50125,0.49750,0.99909,0.00066,0.00017,0.00008
37.60125,0.49750,0.99916,0.00059,0.00016,0.00009
37.70125,0.49750,0.99916,0.00059,0.00016,0.00009
37.80125,0.49750,0.99917,0.00058,0.00016,0.00009
37.90125,0.49750,0.99917,0.00058,0.00016,0.00009
38.00125,0.49750,0.99916,0.00059,0.00016,0.00009
38.10125,0.49750,0.99916,0.00059,0.00016,0.00009
38.20125,0.49750,0.99920,0.00055,0.00015,0.00010
38.30125,0.49750,0.99921,0.00054,0.00015,0.00010
38.40125,0.49750,0.99921,0.00055,0.00015,0.00010
38.50125,0.49750,0.99919,0.00056,0.00015,0.00010
38.60125,0.49750,0.99917,0.00058,0.00015,0.00009
38.70125,0.49750,0.99913,0.00062,0.00016,0.00009
38.80125,0.49750,0.99913,0.00062,0.00016,0.00009
38.90125,0.49750,0.99912,0.00063,0.00017,0.00008
39.00125,0.49750,0.99915,0.00060,0.00016,0.00009
39.10125,0.49750,0.99916,0.00059,0.00016,0.00009
39.20125,0.49750,0.99919,0.00056,0.00015,0.00010
39.30125,0.49750,0.99919,0.00056,0.00015,0.00010
39.40125,0.49750,0.99921,0.00054,0.00015,0.00010
39.50125,0.49750,0.99918,0.00057,0.00015,0.00010
39.60125,0.49750,0.99918,0.00057,0.00015,0.00010
39.70125,0.49750,0.99918,0.00058,0.00015,0.00010
39.80125,0.49750,0.99918,0.00058,0.00015,0.00009
39.90125,0.49750,0.99919,0.00057,0.00015,0.00010
40.00125,0.49750,0.99919,0.00056,0.00015,0.00010
40.10125,0.49750,0.99918,0.00058,0.00015,0.00009
40.20125,0.49750,0.99921,0.00055,0.00015,0.00010
40.30125,0.49750,0.99921,0.00054,0.00015,0.00010
40.40125,0.49750,0.99919,0.00056,0.00015,0.00010
40.50125,0.49750,0.99920,0.00055,0.00015,0.00010
40.60125,0.49750,0.99918,0.00057,0.00015,0.00010
40.70125,0.49750,0.99915,0.00060,0.00016,0.00009
40.80125,0.49750,0.99915,0.00060,0.00016,0.00009
40.90125,0.49750,0.99917,0.00058,0.00016,0.00009
41.00125,0.49750,0.99917,0.00058,0.00016,0.00009
41.10125,0.49750,0.99918,0.00057,0.00015,0.00010
41.20125,0.49750,0.99917,0.00058,0.00015,0.00010
41.30125,0.49750,0.99919,0.00056,0.00015,0.00010
41.40125,0.49750,0.99919,0.00056,0.00015,0.00010
41.50125,0.49750,0.99920,0.00054,0.00015,0.00010
41.60125,0.49750,0.99919,0.00056,0.00015,0.00010
41.70125,0.49750,0.99917,0.00058,0.00015,0.00010
41.80125,0.49750,0.99916,0.00059,0.00015,0.00010
41.90125,0.49750,0.99915,0.00060,0.00016,0.00009
42.00125,0.49750,0.99913,0.00062,0.00016,0.00009
42.10125,0.49750,0.99915,0.00060,0.00016,0.00009
42.20125,0.49750,0.99912,0.00063,0.00016,0.00009
42.30125,0.49750,0.99913,0.00062,0.00016,0.00009
42.40125,0.49750,0.99913,0.00062,0.00016,0.00009
42.50125,0.49750,0.99917,0.00058,0.00016,0.00009
42.60125,0.49750,0.99920,0.00055,0.00015,0.00010
42.70125,0.49750,0.99921,0.00053,0.00015,0.00010
42.80125,0.49750,0.99922,0.00053,0.00015,0.00010
42.90125,0.49750,0.99921,0.00054,0.00015,0.00010
43.00125,0.49750,0.99918,0.00057,0.00015,0.00010
43.10125,0.49750,0.99917,0.00058,0.00015,0.00010
43.20125,0.49750,0.99917,0.00058,0.00015,0.00010
43.30125,0.49750,0.99916,0.00059,0.00016,0.00010
43.40125,0.49750,0.99917,0.00058,0.00015,0.00009
43.50125,0.49750,0.99916,0.00059,0.00016,0.00009
43.60125,0.49750,0.99918,0.00057,0.00016,0.00009
43.70125,0.49750,0.99919,0.00056,0.00016,0.00009
43.80125,0.49750,0.99922,0.00053,0.00015,0.00010
43.90125,0.49750,0.99925,0.00050,0.00015,0.00011
44.00125,0.49750,0.99927,0.00048,0.00014,0.00011
44.10125,0.49750,0.99925,0.00049,0.00014,0.00011
44.20125,0.49750,0.99926,0.00048,0.00014,0.00012
44.30125,0.49750,0.99929,0.00045,0.00014,0.00012
44.40125,0.49750,0.99930,0.00044,0.00014,0.00013
44.50125,0.49750,0.99933,0.00041,0.00013,0.00013
44.60125,0.49750,0.99937,0.00035,0.00012,0.00015
44.70125,0.49750,0.99941,0.00031,0.00012,0.00016
44.80125,0.49750,0.99947,0.00025,0.00011,0.00017
44.90125,0.49750,0.99957,0.00017,0.00010,0.00016
45.00125,0.49750,0.99966,0.00011,0.00009,0.00014
45.10125,0.49750,0.99976,0.00006,0.00007,0.00011
45.20125,0.49750,0.99980,0.00003,0.00006,0.00012
45.30125,0.49750,0.99980,0.00002,0.00007,0.00011
45.40125,0.49750,0.99975,0.00001,0.00007,0.00017
45.50125,0.49750,0.99896,0.00009,0.00012,0.00083
45.60125,0.49750,0.99678,0.00100,0.00014,0.00208
45.70125,0.49750,0.99815,0.00057,0.00018,0.00109
45.80125,0.49750,0.99900,0.00048,0.00027,0.00025
45.90125,0.49750,0.99853,0.00105,0.00032,0.00010
46.00125,0.49750,0.99911,0.00041,0.00045,0.00002
46.10125,0.49750,0.99891,0.00024,0.00084,0.00000
46.20125,0.49750,0.99686,0.00196,0.00118,0.00000
46.30125,0.49750,0.99095,0.00764,0.00141,0.00000
46.40125,0.49750,0.98774,0.01048,0.00178,0.00000
46.50125,0.49750,0.98977,0.00877,0.00146,0.00000
46.60125,0.49750,0.99408,0.00504,0.00087,0.00000
46.70125,0.49750,0.99745,0.00209,0.00046,0.00000
46.80125,0.49750,0.99860,0.00115,0.00025,0.00001
46.90125,0.49750,0.99884,0.00095,0.00019,0.00001
47.00125,0.49750,0.99841,0.00108,0.00044,0.00008
47.10125,0.49750,0.99299,0.00218,0.00404,0.00079
47.20125,0.49750,0.96003,0.00408,0.02999,0.00590
47.30125,0.49750,0.79125,0.00483,0.16014,0.04378
47.40125,0.49750,0.42139,0.00239,0.38605,0.19017
47.50125,0.49750,0.32868,0.00081,0.31025,0.36027
47.60125,0.49750,0.41046,0.00055,0.17991,0.40909
47.70125,0.49750,0.63395,0.00050,0.08997,0.27559
47.80125,0.49750,0.93184,0.00049,0.01997,0.04770
47.90125,0.49750,0.99102,0.00045,0.00384,0.00470
48.00125,0.49750,0.99837,0.00048,0.00077,0.00038
48.10125,0.49750,0.99931,0.00043,0.00022,0.00004
48.20125,0.49750,0.99939,0.00046,0.00013,0.00001
48.30125,0.49750,0.99927,0.00055,0.00016,0.00001
48.40125,0.49750,0.99888,0.00086,0.00023,0.00003
48.50125,0.49750,0.99863,0.00097,0.00029,0.00012
48.60125,0.49750,0.99875,0.00078,0.00024,0.00023
48.70125,0.49750,0.99873,0.00057,0.00017,0.00053
48.80125,0.49750,0.99829,0.00049,0.00015,0.00108
48.90125,0.49750,0.99710,0.00049,0.00014,0.00228
49.00125,0.49750,0.99728,0.00035,0.00013,0.00225
49.10125,0.49750,0.99788,0.00029,0.00015,0.00168
49.20125,0.49750,0.99797,0.00109,0.00038,0.00056
49.30125,0.49750,0.99732,0.00194,0.00059,0.00014
49.40125,0.49750,0.99848,0.00108,0.00040,0.00003
49.50125,0.49750,0.99828,0.00132,0.00038,0.00002
49.60125,0.49750,0.99832,0.00133,0.00028,0.00006
49.70125,0.49750,0.99903,0.00058,0.00014,0.00025
49.80125,0.49750,0.99899,0.00054,0.00014,0.00034
49.90125,0.49750,0.99779,0.00170,0.00030,0.00021
50.00125,0.49750,0.99156,0.00740,0.00094,0.00010
50.10125,0.49750,0.98049,0.01694,0.00248,0.00010
50.20125,0.49750,0.96934,0.02452,0.00588,0.00026
50.30125,0.49750,0.96121,0.02482,0.01241,0.00155
50.40125,0.49750,0.97921,0.00796,0.00703,0.00581
50.50125,0.49750,0.98051,0.00225,0.00271,0.01453
50.60125,0.49750,0.98787,0.00096,0.00108,0.01009
50.70125,0.49750,0.99690,0.00088,0.00056,0.00166
50.80125,0.49750,0.99832,0.00111,0.00029,0.00029
50.90125,0.49750,0.99766,0.00187,0.00036,0.00012
51.00125,0.49750,0.99766,0.00192,0.00035,0.00007
51.10125,0.49750,0.99773,0.00187,0.00034,0.00005
51.20125,0.49750,0.99887,0.00082,0.00021,0.00010
51.30125,0.49750,0.99931,0.00039,0.00014,0.00017
51.40125,0.49750,0.99938,0.00031,0.00012,0.00019
51.50125,0.49750,0.99927,0.00044,0.00015,0.00014
51.60125,0.49750,0.99899,0.00071,0.00020,0.00011
51.70125,0.49750,0.99891,0.00080,0.00020,0.00009
51.80125,0.49750,0.99912,0.00061,0.00017,0.00010
51.90125,0.49750,0.99882,0.00087,0.00023,0.00008
52.00125,0.49750,0.99600,0.00326,0.00068,0.00005
52.10125,0.49750,0.97069,0.02287,0.00633,0.00010
52.20125,0.49750,0.69632,0.24517,0.05840,0.00011
52.30125,0.49750,0.29288,0.67745,0.02954,0.00013
52.40125,0.49750,0.24482,0.73168,0.02272,0.00077
52.50125,0.49750,0.30810,0.66151,0.02542,0.00498
52.60125,0.49750,0.26270,0.72310,0.00837,0.00583
52.70125,0.49750,0.48997,0.47324,0.00361,0.03318
52.80125,0.49750,0.77408,0.18315,0.00698,0.03579
52.90125,0.49750,0.64786,0.32935,0.00278,0.02001
53.00125,0.49750,0.84755,0.14135,0.00133,0.00977
53.10125,0.49750,0.99164,0.00395,0.00040,0.00401
53.20125,0.49750,0.99833,0.00082,0.00037,0.00048
53.30125,0.49750,0.99426,0.00404,0.00139,0.00031
53.40125,0.49750,0.99413,0.00499,0.00068,0.00019
53.50125,0.49750,0.98962,0.00939,0.00064,0.00034
53.60125,0.49750,0.90800,0.09043,0.00121,0.00035
53.70125,0.49750,0.32604,0.67284,0.00080,0.00032
53.80125,0.49750,0.50931,0.48929,0.00043,0.00098
53.90125,0.49750,0.92198,0.07586,0.00106,0.00111
54.00125,0.49750,0.97747,0.02116,0.00058,0.00079
54.10125,0.49750,0.99206,0.00654,0.00028,0.00112
54.20125,0.49750,0.99808,0.00131,0.00028,0.00033
54.30125,0.49750,0.99813,0.00128,0.00053,0.00005
54.40125,0.49750,0.99376,0.00482,0.00141,0.00001
54.50125,0.49750,0.97416,0.02222,0.00361,0.00001
54.60125,0.49750,0.97744,0.01971,0.00285,0.00001
54.70125,0.49750,0.96917,0.02871,0.00204,0.00008
54.80125,0.49750,0.97632,0.02158,0.00145,0.00065
54.90125,0.49750,0.99093,0.00595,0.00056,0.00256
55.00125,0.49750,0.99154,0.00225,0.00028,0.00593
55.10125,0.49750,0.99578,0.00074,0.00016,0.00332
55.20125,0.49750,0.99875,0.00017,0.00010,0.00099
55.30125,0.49750,0.99945,0.00022,0.00013,0.00021
55.40125,0.49750,0.99855,0.00101,0.00037,0.00006
55.50125,0.49750,0.99293,0.00587,0.00117,0.00002
55.60125,0.49750,0.94792,0.04808,0.00399,0.00001
55.70125,0.49750,0.95074,0.04484,0.00441,0.00000
55.80125,0.49750,0.99038,0.00757,0.00205,0.00000
55.90125,0.49750,0.99223,0.00516,0.00260,0.00001
56.00125,0.49750,0.99498,0.00293,0.00208,0.00002
56.10125,0.49750,0.99693,0.00153,0.00151,0.00003
56.20125,0.49750,0.99665,0.00202,0.00129,0.00004
56.30125,0.49750,0.99194,0.00581,0.00216,0.00009
56.40125,0.49750,0.99659,0.00258,0.00071,0.00011
56.50125,0.49750,0.99300,0.00535,0.00098,0.00066
56.60125,0.49750,0.98220,0.01424,0.00103,0.00253
56.70125,0.49750,0.82340,0.16654,0.00139,0.00868
56.80125,0.49750,0.38009,0.60909,0.00098,0.00985
56.90125,0.49750,0.33130,0.64973,0.00040,0.01858
57.00125,0.49750,0.23714,0.75771,0.00007,0.00508
57.10125,0.49750,0.78837,0.20829,0.00015,0.00319
57.20125,0.49750,0.97355,0.02480,0.00016,0.00149
57.30125,0.49750,0.98929,0.00823,0.00011,0.00237
57.40125,0.49750,0.99265,0.00582,0.00022,0.00131
57.50125,0.49750,0.99877,0.00045,0.00032,0.00046
57.60125,0.49750,0.99329,0.00426,0.00105,0.00140
57.70125,0.49750,0.96574,0.02927,0.00278,0.00221
57.80125,0.49750,0.97138,0.02376,0.00386,0.00101
57.90125,0.49750,0.96146,0.03209,0.00524,0.00122
58.00125,0.49750,0.74725,0.23390,0.00958,0.00927
58.10125,0.49750,0.91408,0.06511,0.00279,0.01801
58.20125,0.49750,0.97637,0.00618,0.00064,0.01681
58.30125,0.49750,0.98279,0.00267,0.00037,0.01417
58.40125,0.49750,0.98894,0.00151,0.00025,0.00930
58.50125,0.49750,0.99751,0.00075,0.00019,0.00155
58.60125,0.49750,0.99507,0.00362,0.00071,0.00060
58.70125,0.49750,0.96038,0.03500,0.00421,0.00041
58.80125,0.49750,0.81042,0.17492,0.01453,0.00012
58.90125,0.49750,0.50280,0.46086,0.03628,0.00005
59.00125,0.49750,0.29895,0.55526,0.14570,0.00009
59.10125,0.49750,0.21689,0.61483,0.16817,0.00010
59.20125,0.49750,0.32003,0.34363,0.33589,0.00045
59.30125,0.49750,0.43994,0.26217,0.29698,0.00091
59.40125,0.49750,0.61145,0.14764,0.23883,0.00208
59.50125,0.49750,0.85318,0.07675,0.06812,0.00195
59.60125,0.49750,0.97464,0.01111,0.01265,0.00160
59.70125,0.49750,0.99231,0.00504,0.00230,0.00036
59.80125,0.49750,0.99774,0.00132,0.00066,0.00028
59.90125,0.49750,0.99953,0.00024,0.00015,0.00008
60.00125,0.49750,0.99976,0.00012,0.00008,0.00004
60.10125,0.49750,0.99916,0.00031,0.00044,0.00009
60.20125,0.49750,0.99727,0.00051,0.00182,0.00040
60.30125,0.49750,0.99665,0.00050,0.00221,0.00064
60.40125,0.49750,0.99417,0.00149,0.00337,0.00096
60.50125,0.49750,0.98316,0.00573,0.00671,0.00439
60.60125,0.49750,0.97646,0.01227,0.00156,0.00972
60.70125,0.49750,0.93244,0.05032,0.00080,0.01644
60.80125,0.49750,0.73823,0.19046,0.00162,0.06969
60.90125,0.49750,0.67657,0.19335,0.00170,0.12837
61.00125,0.49750,0.88505,0.06994,0.00082,0.04419
61.10125,0.49750,0.97868,0.01190,0.00057,0.00885
61.20125,0.49750,0.99589,0.00221,0.00038,0.00152
61.30125,0.49750,0.99834,0.00112,0.00029,0.00026
61.40125,0.49750,0.99804,0.00148,0.00036,0.00011
61.50125,0.49750,0.99807,0.00145,0.00038,0.00010
61.60125,0.49750,0.99759,0.00189,0.00046,0.00007
61.70125,0.49750,0.99604,0.00329,0.00064,0.00004
61.80125,0.49750,0.99661,0.00278,0.00057,0.00003
61.90125,0.49750,0.99697,0.00242,0.00056,0.00004
62.00125,0.49750,0.99730,0.00204,0.00059,0.00007
62.10125,0.49750,0.99758,0.00178,0.00055,0.00009
62.20125,0.49750,0.99680,0.00247,0.00066,0.00007
62.30125,0.49750,0.99249,0.00632,0.00115,0.00004
62.40125,0.49750,0.98824,0.01037,0.00137,0.00002
62.50125,0.49750,0.98462,0.01408,0.00128,0.00001
62.60125,0.49750,0.98966,0.00943,0.00088,0.00003
62.70125,0.49750,0.99613,0.00332,0.00043,0.00011
62.80125,0.49750,0.99846,0.00104,0.00019,0.00031
62.90125,0.49750,0.99881,0.00063,0.00013,0.00043
63.00125,0.49750,0.99860,0.00096,0.00017,0.00027
63.10125,0.49750,0.99817,0.00147,0.00023,0.00013
63.20125,0.49750,0.99780,0.00189,0.00026,0.00005
63.30125,0.49750,0.99679,0.00282,0.00036,0.00003
63.40125,0.49750,0.99651,0.00305,0.00040,0.00004
63.50125,0.49750,0.99750,0.00216,0.00030,0.00005
63.60125,0.49750,0.99810,0.00159,0.00025,0.00006
63.70125,0.49751,0.99780,0.00188,0.00026,0.00005
63.80125,0.49750,0.99774,0.00196,0.00026,0.00005
63.90125,0.49750,0.99830,0.00143,0.00022,0.00005
64.00125,0.49750,0.99879,0.00097,0.00017,0.00006
64.10125,0.49750,0.99896,0.00079,0.00015,0.00010
64.20125,0.49751,0.99892,0.00058,0.00015,0.00035
64.30125,0.49751,0.99872,0.00040,0.00013,0.00075
64.40125,0.49750,0.99875,0.00051,0.00015,0.00059
64.50125,0.49750,0.99866,0.00074,0.00019,0.00041
64.60125,0.49750,0.99884,0.00062,0.00017,0.00037
64.70125,0.49751,0.99897,0.00056,0.00016,0.00031
64.80125,0.49751,0.99867,0.00073,0.00021,0.00039
64.90125,0.49750,0.99850,0.00058,0.00022,0.00070
65.00125,0.49750,0.99763,0.00144,0.00043,0.00049
65.10125,0.49750,0.99118,0.00736,0.00127,0.00020
65.20125,0.49751,0.97165,0.02553,0.00277,0.00005
65.30125,0.49751,0.93920,0.05624,0.00455,0.00001
65.40125,0.49750,0.93901,0.05682,0.00415,0.00002
65.50125,0.49750,0.95276,0.04405,0.00309,0.00010
65.60125,0.49750,0.97866,0.01919,0.00172,0.00044
65.70125,0.49751,0.99214,0.00540,0.00069,0.00178
65.80125,0.49751,0.99001,0.00339,0.00048,0.00612
65.90125,0.49750,0.99349,0.00208,0.00038,0.00405
66.00125,0.49750,0.99738,0.00137,0.00038,0.00087
66.10125,0.49750,0.99581,0.00330,0.00073,0.00016
66.20125,0.49751,0.98799,0.01035,0.00163,0.00003
66.30125,0.49751,0.96375,0.03268,0.00356,0.00001
66.40125,0.49750,0.89357,0.10022,0.00621,0.00000
66.50125,0.49750,0.94808,0.04884,0.00308,0.00001
66.60125,0.49750,0.98845,0.01048,0.00105,0.00002
66.70125,0.49751,0.99689,0.00265,0.00042,0.00004
66.80125,0.49751,0.99929,0.00048,0.00012,0.00011
66.90125,0.49750,0.99942,0.00020,0.00007,0.00031
67.00125,0.49750,0.99869,0.00053,0.00013,0.00065
67.10125,0.49750,0.99899,0.00029,0.00012,0.00060
67.20125,0.49751,0.99920,0.00016,0.00009,0.00055
67.30125,0.49751,0.99878,0.00052,0.00023,0.00047
67.40125,0.49750,0.99775,0.00160,0.00051,0.00015
67.50125,0.49750,0.99873,0.00082,0.00039,0.00007
67.60125,0.49750,0.99702,0.00228,0.00061,0.00009
67.70125,0.49751,0.99703,0.00217,0.00069,0.00011
67.80125,0.49751,0.99868,0.00082,0.00031,0.00019
67.90125,0.49750,0.99803,0.00056,0.00024,0.00117
68.00125,0.49750,0.99657,0.00077,0.00029,0.00237
68.10125,0.49750,0.99691,0.00100,0.00030,0.00179
68.20125,0.49751,0.99540,0.00330,0.00060,0.00070
68.30125,0.49751,0.99265,0.00606,0.00114,0.00015
68.40125,0.49750,0.98725,0.01098,0.00175,0.00002
68.50125,0.49750,0.96219,0.03402,0.00379,0.00000
68.60125,0.49750,0.95001,0.04523,0.00476,0.00001
68.70125,0.49751,0.96706,0.02658,0.00631,0.00006
68.80125,0.49751,0.97749,0.01185,0.00977,0.00090
68.90125,0.49750,0.98209,0.00291,0.00832,0.00668
69.00125,0.49750,0.97466,0.00075,0.00315,0.02144
69.10125,0.49750,0.97799,0.00038,0.00171,0.01992
69.20125,0.49751,0.99521,0.00028,0.00056,0.00395
69.30125,0.49751,0.99891,0.00038,0.00019,0.00051
69.40125,0.49750,0.99892,0.00083,0.00015,0.00010
69.50125,0.49750,0.99850,0.00126,0.00019,0.00005
69.60125,0.49750,0.99802,0.00171,0.00024,0.00003
69.70125,0.49751,0.99802,0.00170,0.00025,0.00003
69.80125,0.49751,0.99851,0.00123,0.00022,0.00004
69.90125,0.49750,0.99906,0.00072,0.00016,0.00006
70.00125,0.49750,0.99930,0.00049,0.00012,0.00009
70.10125,0.49750,0.99935,0.00042,0.00011,0.00011
70.20125,0.49751,0.99938,0.00038,0.00011,0.00013
70.30125,0.49751,0.99940,0.00035,0.00010,0.00015
70.40125,0.49750,0.99937,0.00037,0.00011,0.00014
70.50125,0.49750,0.99931,0.00044,0.00013,0.00012
70.60125,0.49750,0.99930,0.00045,0.00013,0.00011
70.70125,0.49751,0.99931,0.00044,0.00014,0.00011
70.80125,0.49751,0.99930,0.00045,0.00014,0.00012
70.90125,0.49750,0.99932,0.00043,0.00014,0.00011
71.00125,0.49750,0.99937,0.00038,0.00013,0.00011
71.10125,0.49750,0.99930,0.00047,0.00015,0.00009
71.20125,0.49751,0.99909,0.00066,0.00018,0.00006
71.30125,0.49751,0.99892,0.00081,0.00021,0.00005
71.40125,0.49750,0.99883,0.00089,0.00021,0.00006
71.50125,0.49750,0.99863,0.00108,0.00022,0.00006
71.60125,0.49750,0.99650,0.00288,0.00053,0.00009
71.70125,0.49751,0.98213,0.01634,0.00132,0.00022
71.80125,0.49751,0.94819,0.04881,0.00285,0.00015
71.90125,0.49750,0.94436,0.05228,0.00317,0.00018
72.00125,0.49750,0.93663,0.05287,0.00970,0.00080
72.10125,0.49750,0.95568,0.01766,0.02125,0.00540
72.20125,0.49751,0.95174,0.00297,0.02840,0.01689
72.30125,0.49751,0.75044,0.00168,0.08283,0.16505
72.40125,0.49750,0.34411,0.00209,0.39787,0.25593
72.50125,0.49750,0.31599,0.00303,0.52535,0.15563
72.60125,0.49750,0.64878,0.00455,0.25752,0.08916
72.70125,0.49751,0.89325,0.00404,0.07904,0.02367
72.80125,0.49751,0.97749,0.00136,0.01174,0.00942
72.90125,0.49750,0.99014,0.00080,0.00151,0.00755
73.00125,0.49750,0.99418,0.00076,0.00048,0.00457
73.10125,0.49750,0.99282,0.00420,0.00130,0.00168
73.20125,0.49751,0.97140,0.01966,0.00676,0.00219
73.30125,0.49751,0.94202,0.03237,0.01744,0.00818
73.40125,0.49750,0.94399,0.01788,0.02539,0.01273
73.50125,0.49750,0.91234,0.01381,0.03704,0.03681
73.60125,0.49750,0.87179,0.00207,0.00945,0.11668
73.70125,0.49751,0.90013,0.00054,0.00158,0.09775
73.80125,0.49751,0.95739,0.00113,0.00090,0.04058
73.90125,0.49750,0.98753,0.00075,0.00035,0.01136
74.00125,0.49750,0.99651,0.00117,0.00034,0.00199
74.10125,0.49750,0.98977,0.00806,0.00105,0.00111
74.20125,0.49751,0.94495,0.05005,0.00450,0.00050
74.30125,0.49751,0.91840,0.07410,0.00739,0.00010
74.40125,0.49750,0.85123,0.13914,0.00960,0.00003
74.50125,0.49750,0.88787,0.10522,0.00681,0.00009
74.60125,0.49750,0.86068,0.13397,0.00519,0.00016
74.70125,0.49751,0.83551,0.16075,0.00316,0.00058
74.80125,0.49751,0.92928,0.06671,0.00183,0.00218
74.90125,0.49750,0.96458,0.02978,0.00120,0.00444
75.00125,0.49750,0.97058,0.02658,0.00123,0.00160
75.10125,0.49750,0.98825,0.01016,0.00098,0.00061
75.20125,0.49751,0.99182,0.00683,0.00123,0.00012
75.30125,0.49751,0.98130,0.01643,0.00224,0.00003
75.40125,0.49750,0.97333,0.02306,0.00360,0.00001
75.50125,0.49750,0.98800,0.00882,0.00318,0.00001
75.60125,0.49750,0.99610,0.00208,0.00182,0.00000
75.70125,0.49751,0.99859,0.00058,0.00082,0.00001
75.80125,0.49751,0.99879,0.00050,0.00064,0.00007
75.90125,0.49750,0.99624,0.00197,0.00086,0.00092
76.00125,0.49750,0.99328,0.00350,0.00072,0.00249
76.10125,0.49750,0.98569,0.01116,0.00101,0.00214
76.20125,0.49751,0.98132,0.01675,0.00116,0.00077
76.30125,0.49751,0.98980,0.00922,0.00080,0.00017
76.40125,0.49750,0.99552,0.00389,0.00056,0.00003
76.50125,0.49750,0.99699,0.00253,0.00045,0.00003
76.60125,0.49750,0.99848,0.00118,0.00029,0.00005
76.70125,0.49751,0.99905,0.00066,0.00021,0.00008
76.80125,0.49751,0.99920,0.00053,0.00017,0.00011
76.90125,0.49750,0.99922,0.00050,0.00015,0.00012
77.00125,0.49750,0.99922,0.00050,0.00015,0.00013
77.10125,0.49750,0.99925,0.00047,0.00014,0.00013
77.20125,0.49751,0.99927,0.00046,0.00014,0.00013
77.30125,0.49751,0.99920,0.00053,0.00016,0.00011
77.40125,0.49750,0.99925,0.00048,0.00015,0.00012
77.50125,0.49750,0.99920,0.00053,0.00016,0.00011
77.60125,0.49750,0.99919,0.00054,0.00016,0.00011
77.70125,0.49751,0.99923,0.00051,0.00015,0.00011
77.80125,0.49751,0.99933,0.00040,0.00014,0.00014
77.90125,0.49750,0.99933,0.00039,0.00014,0.00014
78.00125,0.49750,0.99934,0.00039,0.00014,0.00014
78.10125,0.49750,0.99935,0.00037,0.00013,0.00015
78.20125,0.49751,0.99933,0.00039,0.00013,0.00015
78.30125,0.49751,0.99929,0.00042,0.00014,0.00014
78.40125,0.49750,0.99928,0.00044,0.00015,0.00013
78.50125,0.49750,0.99922,0.00049,0.00017,0.00011
78.60125,0.49750,0.99921,0.00049,0.00018,0.00012
78.70125,0.49751,0.99926,0.00045,0.00016,0.00012
78.80125,0.49751,0.99924,0.00048,0.00016,0.00012
78.90125,0.49750,0.99925,0.00048,0.00014,0.00013
79.00125,0.49750,0.99848,0.00110,0.00020,0.00022
79.10125,0.49750,0.99087,0.00853,0.00008,0.00053
79.20125,0.49751,0.99107,0.00820,0.00008,0.00065
79.30125,0.49751,0.98742,0.01220,0.00016,0.00022
79.40125,0.49750,0.97401,0.02514,0.00023,0.00063
79.50125,0.49750,0.93846,0.06009,0.00041,0.00104
79.60125,0.49750,0.97158,0.02567,0.00241,0.00034
79.70125,0.49751,0.94614,0.05047,0.00303,0.00035
79.80125,0.49751,0.95650,0.04030,0.00192,0.00127
79.90125,0.49750,0.97648,0.02081,0.00173,0.00098
80.00125,0.49750,0.99483,0.00330,0.00084,0.00103
80.10125,0.49750,0.99572,0.00104,0.00045,0.00279
80.20125,0.49751,0.99686,0.00061,0.00034,0.00219
80.30125,0.49751,0.99799,0.00076,0.00038,0.00087
80.40125,0.49750,0.99805,0.00114,0.00045,0.00037
80.50125,0.49750,0.99861,0.00092,0.00027,0.00019
80.60125,0.49750,0.99829,0.00126,0.00027,0.00018
80.70125,0.49751,0.99690,0.00213,0.00035,0.00062
80.80125,0.49751,0.99699,0.00209,0.00044,0.00048
80.90125,0.49750,0.99074,0.00781,0.00107,0.00037
81.00125,0.49750,0.94002,0.05479,0.00495,0.00024
81.10125,0.49750,0.85837,0.13099,0.01055,0.00009
81.20125,0.49751,0.89630,0.09472,0.00894,0.00005
81.30125,0.49751,0.83769,0.14847,0.01311,0.00073
81.40125,0.49750,0.81357,0.16750,0.01148,0.00745
81.50125,0.49750,0.84069,0.08674,0.00294,0.06963
81.60125,0.49750,0.57461,0.06326,0.00157,0.36056
81.70125,0.49751,0.44722,0.04623,0.00105,0.50550
81.80125,0.49751,0.83593,0.02195,0.00050,0.14161
81.90125,0.49750,0.97964,0.00596,0.00034,0.01406
82.00125,0.49750,0.99642,0.00218,0.00035,0.00105
82.10125,0.49750,0.99750,0.00202,0.00040,0.00008
82.20125,0.49751,0.99132,0.00752,0.00114,0.00002
82.30125,0.49751,0.97137,0.02571,0.00291,0.00001
82.40125,0.49750,0.89931,0.09378,0.00690,0.00001
82.50125,0.49750,0.83935,0.15205,0.00859,0.00000
82.60125,0.49750,0.94819,0.04786,0.00394,0.00001
82.70125,0.49751,0.97763,0.02005,0.00224,0.00007
82.80125,0.49751,0.98099,0.01599,0.00212,0.00090
82.90125,0.49750,0.97351,0.01502,0.00208,0.00939
83.00125,0.49750,0.95130,0.00671,0.00133,0.04066
83.10125,0.49750,0.93675,0.00770,0.00144,0.05410
83.20125,0.49751,0.97790,0.00395,0.00069,0.01747
83.30125,0.49751,0.99621,0.00136,0.00027,0.00215
83.40125,0.49750,0.99876,0.00081,0.00021,0.00023
83.50125,0.49750,0.99767,0.00192,0.00035,0.00006
83.60125,0.49750,0.99703,0.00245,0.00050,0.00002
83.70125,0.49751,0.99622,0.00305,0.00072,0.00001
83.80125,0.49751,0.99017,0.00838,0.00144,0.00001
83.90125,0.49750,0.98071,0.01702,0.00227,0.00001
84.00125,0.49750,0.97882,0.01888,0.00230,0.00001
84.10125,0.49750,0.95611,0.04086,0.00303,0.00000
84.20125,0.49751,0.96859,0.02918,0.00223,0.00000
84.30125,0.49751,0.99429,0.00501,0.00069,0.00001
84.40125,0.49750,0.99876,0.00088,0.00035,0.00001
84.50125,0.49750,0.99946,0.00033,0.00019,0.00002
84.60125,0.49750,0.99965,0.00018,0.00013,0.00003
84.70125,0.49751,0.99963,0.00020,0.00014,0.00002
84.80125,0.49751,0.99964,0.00021,0.00013,0.00002
84.90125,0.49750,0.99932,0.00053,0.00013,0.00002
85.00125,0.49750,0.99937,0.00049,0.00012,0.00001
85.10125,0.49750,0.99932,0.00054,0.00013,0.00001
85.20125,0.49751,0.99836,0.00140,0.00024,0.00000
85.30125,0.49751,0.99713,0.00252,0.00035,0.00000
85.40125,0.49750,0.99756,0.00212,0.00031,0.00000
85.50125,0.49750,0.99780,0.00191,0.00028,0.00001
85.60125,0.49750,0.99846,0.00131,0.00022,0.00001
85.70125,0.49751,0.99902,0.00081,0.00016,0.00002
85.80125,0.49751,0.99875,0.00099,0.00024,0.00003
85.90125,0.49750,0.99661,0.00221,0.00107,0.00010
86.00125,0.49750,0.99445,0.00377,0.00166,0.00011
86.10125,0.49750,0.99598,0.00219,0.00177,0.00007
86.20125,0.49751,0.99643,0.00149,0.00202,0.00006
86.30125,0.49751,0.99842,0.00065,0.00089,0.00005
86.40125,0.49750,0.99716,0.00087,0.00191,0.00006
86.50125,0.49750,0.99625,0.00065,0.00276,0.00034
86.60125,0.49750,0.99124,0.00397,0.00111,0.00369
86.70125,0.49751,0.92392,0.06462,0.00277,0.00869
86.80125,0.49751,0.55871,0.42802,0.01037,0.00289
86.90125,0.49750,0.47652,0.51753,0.00304,0.00291
87.00125,0.49750,0.28653,0.70803,0.00146,0.00398
87.10125,0.49750,0.20986,0.78404,0.00244,0.00366
87.20125,0.49751,0.79080,0.19564,0.00273,0.01082
87.30125,0.49751,0.85034,0.12840,0.00189,0.01938
87.40125,0.49750,0.92339,0.06979,0.00148,0.00534
87.50125,0.49750,0.98956,0.00804,0.00139,0.00101
87.60125,0.49750,0.99532,0.00253,0.00208,0.00006
87.70125,0.49751,0.99393,0.00361,0.00240,0.00006
87.80125,0.49751,0.99878,0.00054,0.00060,0.00008
87.90125,0.49750,0.99857,0.00066,0.00056,0.00020
88.00125,0.49750,0.99285,0.00557,0.00080,0.00078
88.10125,0.49750,0.98770,0.00574,0.00041,0.00615
88.20125,0.49751,0.99403,0.00233,0.00029,0.00336
88.30125,0.49751,0.98375,0.00926,0.00070,0.00629
88.40125,0.49750,0.96209,0.02161,0.00022,0.01608
88.50125,0.49750,0.97876,0.01012,0.00012,0.01100
88.60125,0.49750,0.98974,0.00671,0.00014,0.00341
88.70125,0.49751,0.95355,0.02921,0.00021,0.01703
88.80125,0.49751,0.96953,0.02691,0.00026,0.00330
88.90125,0.49750,0.98192,0.01666,0.00127,0.00015
89.00125,0.49750,0.94664,0.04957,0.00375,0.00004
89.10125,0.49750,0.94228,0.05202,0.00550,0.00020
89.20125,0.49751,0.98990,0.00843,0.00094,0.00072
89.30125,0.49751,0.98305,0.01112,0.00069,0.00514
89.40125,0.49750,0.98205,0.00814,0.00063,0.00918
89.50125,0.49750,0.96278,0.01143,0.00091,0.02487
89.60125,0.49750,0.94385,0.04759,0.00193,0.00663
89.70125,0.49751,0.85120,0.13995,0.00861,0.00024
89.80125,0.49751,0.90557,0.08554,0.00885,0.00004
89.90125,0.49750,0.94278,0.04713,0.00962,0.00047
90.00125,0.49750,0.98401,0.01200,0.00196,0.00203
90.10125,0.49750,0.97471,0.01760,0.00219,0.00551
90.20125,0.49751,0.95213,0.02160,0.00212,0.02414
90.30125,0.49751,0.86595,0.05039,0.00160,0.08206
90.40125,0.49750,0.80979,0.17332,0.00256,0.01433
90.50125,0.49750,0.84748,0.14613,0.00590,0.00049
90.60125,0.49750,0.88985,0.10446,0.00546,0.00023
90.70125,0.49751,0.96349,0.03096,0.00432,0.00122
90.80125,0.49751,0.98372,0.01149,0.00162,0.00317
90.90125,0.49750,0.96833,0.02632,0.00226,0.00309
91.00125,0.49750,0.92056,0.00454,0.00361,0.07128
91.10125,0.49750,0.75551,0.00774,0.00052,0.23623
91.20125,0.49751,0.98527,0.00660,0.00101,0.00712
91.30125,0.49751,0.99603,0.00154,0.00226,0.00017
91.40125,0.49750,0.99797,0.00031,0.00110,0.00062
91.50125,0.49750,0.99882,0.00026,0.00041,0.00052
91.60125,0.49750,0.99926,0.00007,0.00058,0.00008
91.70125,0.49751,0.99667,0.00054,0.00244,0.00035
91.80125,0.49751,0.98659,0.00014,0.00194,0.01133
91.90125,0.49750,0.98393,0.00081,0.00042,0.01484
92.00125,0.49750,0.99642,0.00203,0.00088,0.00067
92.10125,0.49750,0.99620,0.00155,0.00137,0.00088
92.20125,0.49751,0.99188,0.00024,0.00033,0.00755
92.30125,0.49751,0.99600,0.00125,0.00020,0.00255
92.40125,0.49750,0.99850,0.00044,0.00069,0.00037
92.50125,0.49750,0.99609,0.00048,0.00045,0.00298
92.60125,0.49750,0.99642,0.00038,0.00027,0.00293
92.70125,0.49751,0.99932,0.00019,0.00033,0.00016
92.80125,0.49751,0.99855,0.00017,0.00101,0.00026
92.90125,0.49750,0.99636,0.00005,0.00092,0.00266
93.00125,0.49750,0.99354,0.00049,0.00042,0.00555
93.10125,0.49750,0.99747,0.00032,0.00066,0.00155
93.20125,0.49751,0.98410,0.00334,0.00068,0.01189
93.30125,0.49751,0.97158,0.02273,0.00009,0.00561
93.40125,0.49750,0.96144,0.03800,0.00011,0.00044
93.50125,0.49750,0.98273,0.01658,0.00052,0.00017
93.60125,0.49750,0.95838,0.04002,0.00020,0.00140
93.70125,0.49751,0.98826,0.01111,0.00023,0.00041
93.80125,0.49751,0.99133,0.00699,0.00127,0.00041
93.90125,0.49750,0.92825,0.06940,0.00059,0.00177
94.00125,0.49750,0.91794,0.07971,0.00030,0.00205
94.10125,0.49750,0.95226,0.04673,0.00075,0.00026
94.20125,0.49751,0.97679,0.02191,0.00126,0.00004
94.30125,0.49751,0.99187,0.00699,0.00113,0.00001
94.40125,0.49750,0.99784,0.00040,0.00175,0.00000
94.50125,0.49750,0.99872,0.00012,0.00116,0.00000
94.60125,0.49750,0.99920,0.00020,0.00060,0.00001
94.70125,0.49751,0.99830,0.00085,0.00074,0.00011
94.80125,0.49751,0.99332,0.00408,0.00239,0.00021
94.90125,0.49750,0.97577,0.01850,0.00542,0.00032
95.00125,0.49750,0.97434,0.01814,0.00694,0.00058
95.10125,0.49750,0.95002,0.02483,0.02318,0.00198
95.20125,0.49751,0.88428,0.10670,0.00517,0.00385
95.30125,0.49751,0.92777,0.06484,0.00138,0.00601
95.40125,0.49750,0.94346,0.04525,0.00080,0.01048
95.50125,0.49750,0.87960,0.08076,0.00051,0.03913
95.60125,0.49750,0.91516,0.03087,0.00011,0.05386
95.70125,0.49751,0.98001,0.00333,0.00042,0.01624
95.80125,0.49751,0.99721,0.00055,0.00036,0.00188
95.90125,0.49750,0.99575,0.00113,0.00027,0.00284
96.00125,0.49750,0.99600,0.00286,0.00008,0.00106
96.10125,0.49750,0.99234,0.00710,0.00027,0.00028
96.20125,0.49751,0.99769,0.00183,0.00036,0.00012
96.30125,0.49751,0.99357,0.00516,0.00077,0.00050
96.40125,0.49750,0.99457,0.00261,0.00158,0.00124
96.50125,0.49750,0.99169,0.00037,0.00565,0.00228
96.60125,0.49750,0.98619,0.00040,0.00285,0.01056
96.70125,0.49751,0.95522,0.00495,0.00310,0.03673
96.80125,0.49751,0.96833,0.00567,0.00184,0.02416
96.90125,0.49750,0.98513,0.00507,0.00180,0.00800
97.00125,0.49750,0.99183,0.00581,0.00126,0.00110
97.10125,0.49750,0.99390,0.00509,0.00090,0.00010
97.20125,0.49751,0.98898,0.00955,0.00134,0.00014
97.30125,0.49751,0.95986,0.03660,0.00349,0.00005
97.40125,0.49750,0.91232,0.08016,0.00749,0.00002
97.50125,0.49750,0.88975,0.10206,0.00817,0.00002
97.60125,0.49750,0.92367,0.07030,0.00600,0.00003
97.70125,0.49751,0.98511,0.01168,0.00302,0.00018
97.80125,0.49751,0.99232,0.00350,0.00110,0.00308
97.90125,0.49750,0.98504,0.00342,0.00056,0.01098
98.00125,0.49750,0.97052,0.00512,0.00146,0.02291
98.10125,0.49750,0.93374,0.01824,0.00047,0.04756
98.20125,0.49751,0.83147,0.14382,0.00013,0.02458
98.30125,0.49751,0.93862,0.05832,0.00012,0.00293
98.40125,0.49750,0.98237,0.01614,0.00010,0.00139
98.50125,0.49750,0.98516,0.01271,0.00005,0.00208
98.60125,0.49750,0.99327,0.00533,0.00018,0.00121
98.70125,0.49751,0.99863,0.00058,0.00026,0.00053
98.80125,0.49751,0.99815,0.00089,0.00027,0.00070
98.90125,0.49750,0.99879,0.00054,0.00017,0.00050
99.00125,0.49750,0.99960,0.00013,0.00010,0.00018
99.10125,0.49750,0.99975,0.00005,0.00007,0.00014
99.20125,0.49751,0.99980,0.00003,0.00007,0.00010
99.30125,0.49751,0.99985,0.00001,0.00007,0.00007
99.40125,0.49750,0.99973,0.00003,0.00020,0.00004
99.50125,0.49750,0.99868,0.00024,0.00104,0.00004
99.60125,0.49750,0.99801,0.00084,0.00097,0.00018
99.70125,0.49751,0.98093,0.01788,0.00053,0.00066
99.80125,0.49751,0.97411,0.02445,0.00063,0.00081
99.90125,0.49750,0.98953,0.00890,0.00029,0.00128
100.00125,0.49750,0.99625,0.00220,0.00007,0.00148
100.10125,0.49750,0.99843,0.00075,0.00009,0.00072
100.20125,0.49751,0.99957,0.00003,0.00011,0.00029
100.30125,0.49751,0.99939,0.00011,0.00011,0.00039
100.40125,0.49750,0.99914,0.00013,0.00011,0.00062
100.50125,0.49750,0.99950,0.00004,0.00008,0.00038
100.60125,0.49750,0.99974,0.00002,0.00006,0.00017
100.70125,0.49751,0.99981,0.00003,0.00006,0.00010
100.80125,0.49751,0.99982,0.00001,0.00004,0.00013
100.90125,0.49750,0.99982,0.00002,0.00007,0.00010
101.00125,0.49750,0.99956,0.00017,0.00023,0.00004
101.10125,0.49750,0.99789,0.00131,0.00076,0.00004
101.20125,0.49751,0.99191,0.00645,0.00161,0.00002
101.30125,0.49751,0.98236,0.01591,0.00172,0.00002
101.40125,0.49750,0.98554,0.01303,0.00135,0.00008
101.50125,0.49750,0.98168,0.01656,0.00093,0.00083
101.60125,0.49750,0.98663,0.00979,0.00051,0.00308
101.70125,0.49751,0.99269,0.00228,0.00025,0.00478
101.80125,0.49751,0.99174,0.00401,0.00036,0.00388
101.90125,0.49750,0.99715,0.00115,0.00020,0.00151
102.00125,0.49750,0.99946,0.00012,0.00009,0.00032
102.10125,0.49750,0.99962,0.00013,0.00011,0.00014
102.20125,0.49751,0.99904,0.00056,0.00031,0.00009
102.30125,0.49751,0.99948,0.00020,0.00028,0.00003
102.40125,0.49750,0.99951,0.00018,0.00027,0.00004
102.50125,0.49750,0.99817,0.00097,0.00067,0.00020
102.60125,0.49750,0.99853,0.00068,0.00051,0.00028
102.70125,0.49751,0.99829,0.00091,0.00061,0.00020
102.80125,0.49751,0.99557,0.00331,0.00088,0.00023
102.90125,0.49750,0.99277,0.00601,0.00103,0.00019
103.00125,0.49750,0.99697,0.00239,0.00060,0.00004
103.10125,0.49750,0.99812,0.00143,0.00041,0.00003
103.20125,0.49751,0.99927,0.00046,0.00017,0.00011
103.30125,0.49751,0.99861,0.00081,0.00019,0.00039
103.40125,0.49750,0.99437,0.00378,0.00043,0.00143
103.50125,0.49750,0.99174,0.00415,0.00049,0.00361
103.60125,0.49750,0.99355,0.00129,0.00030,0.00486
103.70125,0.49751,0.99432,0.00164,0.00037,0.00367
103.80125,0.49751,0.99639,0.00236,0.00055,0.00070
103.90125,0.49750,0.99660,0.00255,0.00076,0.00009
104.00125,0.49750,0.99218,0.00632,0.00148,0.00002
104.10125,0.49750,0.98325,0.01410,0.00264,0.00001
104.20125,0.49751,0.99483,0.00361,0.00154,0.00001
104.30125,0.49751,0.99933,0.00024,0.00041,0.00001
104.40125,0.49750,0.99983,0.00002,0.00013,0.00002
104.50125,0.49750,0.99987,0.00001,0.00007,0.00005
104.60125,0.49750,0.99984,0.00001,0.00007,0.00007
104.70125,0.49751,0.99976,0.00003,0.00008,0.00013
104.80125,0.49751,0.99959,0.00009,0.00010,0.00022
104.90125,0.49750,0.99872,0.00046,0.00015,0.00066
105.00125,0.49750,0.99812,0.00037,0.00012,0.00139
105.10125,0.49750,0.99861,0.00032,0.00010,0.00097
105.20125,0.49751,0.99906,0.00015,0.00010,0.00070
105.30125,0.49751,0.99919,0.00028,0.00019,0.00033
105.40125,0.49750,0.99929,0.00037,0.00029,0.00005
105.50125,0.49750,0.99937,0.00027,0.00034,0.00002
105.60125,0.49750,0.99958,0.00013,0.00026,0.00003
105.70125,0.49751,0.99946,0.00018,0.00033,0.00003
105.80125,0.49751,0.99950,0.00018,0.00029,0.00004
105.90125,0.49750,0.99921,0.00031,0.00041,0.00007
106.00125,0.49750,0.99709,0.00183,0.00101,0.00008
106.10125,0.49750,0.99714,0.00164,0.00118,0.00004
106.20125,0.49751,0.99772,0.00130,0.00091,0.00006
106.30125,0.49751,0.99913,0.00034,0.00041,0.00012
106.40125,0.49750,0.99966,0.00004,0.00012,0.00017
106.50125,0.49750,0.99952,0.00002,0.00006,0.00040
106.60125,0.49750,0.99896,0.00008,0.00009,0.00087
106.70125,0.49751,0.99923,0.00007,0.00009,0.00061
106.80125,0.49751,0.99949,0.00002,0.00007,0.00042
106.90125,0.49750,0.99960,0.00010,0.00013,0.00017
107.00125,0.49750,0.99923,0.00040,0.00032,0.00005
107.10125,0.49750,0.99793,0.00127,0.00078,0.00001
107.20125,0.49751,0.98884,0.00902,0.00213,0.00001
107.30125,0.49751,0.93184,0.06349,0.00467,0.00000
107.40125,0.49750,0.96029,0.03659,0.00311,0.00001
107.50125,0.49750,0.98987,0.00885,0.00126,0.00002
107.60125,0.49750,0.99615,0.00315,0.00058,0.00011
107.70125,0.49751,0.99540,0.00278,0.00042,0.00140
107.80125,0.49751,0.98904,0.00342,0.00046,0.00708
107.90125,0.49750,0.98517,0.00537,0.00068,0.00878
108.00125,0.49750,0.97585,0.01782,0.00153,0.00480
108.10125,0.49750,0.98625,0.01072,0.00103,0.00200
108.20125,0.49751,0.99643,0.00251,0.00051,0.00055
108.30125,0.49751,0.99846,0.00104,0.00034,0.00017
108.40125,0.49750,0.99912,0.00047,0.00021,0.00019
108.50125,0.49750,0.99908,0.00056,0.00024,0.00012
108.60125,0.49750,0.99618,0.00299,0.00078,0.00005
108.70125,0.49751,0.96261,0.03310,0.00425,0.00004
108.80125,0.49751,0.85908,0.13021,0.01069,0.00002
108.90125,0.49750,0.79284,0.19325,0.01385,0.00006
109.00125,0.49750,0.86928,0.10760,0.02232,0.00079
109.10125,0.49750,0.88063,0.04944,0.06197,0.00796
109.20125,0.49751,0.80246,0.02055,0.13516,0.04183
109.30125,0.49751,0.68067,0.01578,0.20786,0.09569
109.40125,0.49750,0.51004,0.02951,0.43269,0.02775
109.50125,0.49750,0.26210,0.04535,0.68532,0.00724
109.60125,0.49750,0.17240,0.12717,0.69934,0.00110
109.70125,0.49751,0.16810,0.37212,0.45958,0.00020
109.80125,0.49751,0.26406,0.40345,0.33235,0.00014
109.90125,0.49750,0.56398,0.20468,0.23098,0.00036
110.00125,0.49750,0.79031,0.12165,0.08765,0.00039
110.10125,0.49750,0.97254,0.01565,0.01123,0.00057
110.20125,0.49751,0.99740,0.00079,0.00095,0.00087
110.30125,0.49751,0.99841,0.00015,0.00032,0.00112
110.40125,0.49750,0.99901,0.00008,0.00015,0.00076
110.50125,0.49750,0.99945,0.00003,0.00005,0.00046
110.60125,0.49750,0.99950,0.00002,0.00003,0.00044
110.70125,0.49751,0.99927,0.00003,0.00005,0.00065
110.80125,0.49751,0.99914,0.00004,0.00004,0.00077
110.90125,0.49750,0.99932,0.00003,0.00003,0.00063
111.00125,0.49750,0.99932,0.00002,0.00002,0.00064
111.10125,0.49750,0.99929,0.00001,0.00002,0.00068
111.20125,0.49751,0.99915,0.00001,0.00002,0.00082
111.30125,0.49751,0.99843,0.00002,0.00003,0.00152
111.40125,0.49750,0.99470,0.00034,0.00015,0.00481
111.50125,0.49750,0.98255,0.00681,0.00040,0.01024
111.60125,0.49750,0.86752,0.11916,0.00168,0.01163
111.70125,0.49751,0.36528,0.62251,0.00131,0.01090
111.80125,0.49751,0.10135,0.89264,0.00022,0.00579
111.90125,0.49750,0.31033,0.65348,0.00039,0.03579
112.00125,0.49750,0.31322,0.64919,0.00036,0.03724
112.10125,0.49750,0.74144,0.21851,0.00038,0.03966
112.20125,0.49751,0.97045,0.02078,0.00043,0.00834
112.30125,0.49751,0.99406,0.00301,0.00053,0.00240
112.40125,0.49750,0.99139,0.00715,0.00055,0.00091
112.50125,0.49750,0.99658,0.00219,0.00052,0.00071
112.60125,0.49750,0.99743,0.00161,0.00037,0.00058
112.70125,0.49751,0.99757,0.00096,0.00025,0.00122
112.80125,0.49751,0.99800,0.00060,0.00021,0.00120
112.90125,0.49750,0.99893,0.00034,0.00020,0.00053
113.00125,0.49750,0.99949,0.00011,0.00013,0.00026
113.10125,0.49750,0.99938,0.00025,0.00017,0.00020
113.20125,0.49751,0.99916,0.00046,0.00024,0.00015
113.30125,0.49751,0.99936,0.00025,0.00035,0.00003
113.40125,0.49750,0.99866,0.00061,0.00071,0.00002
113.50125,0.49750,0.99648,0.00207,0.00144,0.00001
113.60125,0.49750,0.99208,0.00518,0.00273,0.00001
113.70125,0.49751,0.94744,0.04503,0.00753,0.00001
113.80125,0.49751,0.78169,0.20911,0.00920,0.00001
113.90125,0.49750,0.93076,0.06380,0.00543,0.00000
114.00125,0.49750,0.98768,0.01001,0.00231,0.00000
114.10125,0.49750,0.99562,0.00328,0.00110,0.00000
114.20125,0.49751,0.99866,0.00087,0.00047,0.00000
114.30125,0.49751,0.99870,0.00083,0.00046,0.00001
114.40125,0.49750,0.98888,0.00826,0.00284,0.00001
114.50125,0.49750,0.90816,0.08839,0.00340,0.00005
114.60125,0.49750,0.68589,0.31294,0.00101,0.00015
114.70125,0.49751,0.29467,0.70474,0.00020,0.00038
114.80125,0.49751,0.32369,0.67493,0.00016,0.00121
114.90125,0.49750,0.79387,0.20212,0.00007,0.00394
115.00125,0.49750,0.92737,0.06930,0.00009,0.00324
115.10125,0.49750,0.98307,0.01478,0.00021,0.00194
115.20125,0.49751,0.99761,0.00153,0.00024,0.00062
115.30125,0.49751,0.99909,0.00057,0.00013,0.00021
115.40125,0.49750,0.99916,0.00062,0.00014,0.00008
115.50125,0.49750,0.99966,0.00017,0.00008,0.00008
115.60125,0.49750,0.99950,0.00016,0.00016,0.00019
115.70125,0.49751,0.99841,0.00022,0.00051,0.00086
115.80125,0.49751,0.99501,0.00012,0.00051,0.00436
115.90125,0.49750,0.98339,0.00008,0.00057,0.01596
116.00125,0.49750,0.96724,0.00019,0.00097,0.03160
116.10125,0.49750,0.95183,0.00039,0.00109,0.04669
116.20125,0.49751,0.93356,0.00102,0.00146,0.06396
116.30125,0.49751,0.88987,0.00268,0.00305,0.10440
116.40125,0.49750,0.89949,0.00370,0.00324,0.09358
116.50125,0.49750,0.94988,0.00215,0.00157,0.04639
116.60125,0.49750,0.98620,0.00107,0.00060,0.01213
116.70125,0.49751,0.99556,0.00081,0.00031,0.00332
116.80125,0.49751,0.99712,0.00064,0.00022,0.00201
116.90125,0.49750,0.99144,0.00149,0.00090,0.00618
117.00125,0.49750,0.96814,0.00948,0.00935,0.01303
117.10125,0.49750,0.88036,0.05197,0.05504,0.01263
117.20125,0.49751,0.87519,0.05106,0.06032,0.01342
117.30125,0.49751,0.83141,0.09048,0.07614,0.00197
117.40125,0.49750,0.74462,0.20188,0.05333,0.00017
117.50125,0.49750,0.92201,0.06814,0.00977,0.00008
117.60125,0.49750,0.96772,0.02876,0.00347,0.00004
117.70125,0.49751,0.94482,0.05023,0.00493,0.00002
117.80125,0.49751,0.90992,0.08454,0.00546,0.00008
117.90125,0.49750,0.91323,0.08161,0.00511,0.00005
118.00125,0.49750,0.91116,0.08294,0.00588,0.00002
118.10125,0.49750,0.98879,0.00913,0.00205,0.00003
118.20125,0.49751,0.99714,0.00192,0.00090,0.00004
118.30125,0.49751,0.99919,0.00043,0.00033,0.00006
118.40125,0.49750,0.99952,0.00016,0.00016,0.00016
118.50125,0.49750,0.99914,0.00011,0.00011,0.00065
118.60125,0.49750,0.99901,0.00012,0.00010,0.00076
118.70125,0.49751,0.99932,0.00007,0.00008,0.00053
118.80125,0.49751,0.99968,0.00003,0.00006,0.00024
118.90125,0.49750,0.99982,0.00003,0.00008,0.00007
119.00125,0.49750,0.99976,0.00007,0.00015,0.00002
119.10125,0.49750,0.99958,0.00012,0.00029,0.00001
119.20125,0.49751,0.99956,0.00012,0.00031,0.00001
119.30125,0.49751,0.99897,0.00038,0.00060,0.00005
119.40125,0.49750,0.99923,0.00024,0.00040,0.00014
119.50125,0.49750,0.99929,0.00015,0.00025,0.00032
119.60125,0.49750,0.99879,0.00051,0.00030,0.00040
119.70125,0.49751,0.99692,0.00205,0.00047,0.00056
119.80125,0.49751,0.99726,0.00194,0.00038,0.00042
119.90125,0.49750,0.99768,0.00144,0.00031,0.00057
120.00125,0.49750,0.99799,0.00099,0.00021,0.00081
120.10125,0.49750,0.99786,0.00035,0.00013,0.00166
120.20125,0.49751,0.99868,0.00010,0.00009,0.00113
120.30125,0.49751,0.99960,0.00003,0.00004,0.00033
120.40125,0.49750,0.99969,0.00002,0.00004,0.00025
120.50125,0.49750,0.99976,0.00002,0.00006,0.00016
120.60125,0.49750,0.99982,0.00002,0.00007,0.00009
120.70125,0.49751,0.99981,0.00001,0.00008,0.00010
120.80125,0.49751,0.99970,0.00002,0.00009,0.00020
120.90125,0.49750,0.99871,0.00009,0.00037,0.00083
121.00125,0.49750,0.99629,0.00084,0.00019,0.00267
121.10125,0.49750,0.98740,0.00598,0.00058,0.00604
121.20125,0.49751,0.96925,0.02763,0.00173,0.00138
121.30125,0.49751,0.97502,0.02261,0.00187,0.00050
121.40125,0.49750,0.98751,0.01137,0.00091,0.00021
121.50125,0.49750,0.99787,0.00102,0.00102,0.00009
121.60125,0.49750,0.99793,0.00115,0.00065,0.00026
121.70125,0.49751,0.99567,0.00139,0.00040,0.00254
121.80125,0.49751,0.99541,0.00173,0.00036,0.00251
121.90125,0.49750,0.99773,0.00102,0.00027,0.00099
122.00125,0.49750,0.99886,0.00054,0.00027,0.00033
122.10125,0.49750,0.99938,0.00031,0.00028,0.00004
122.20125,0.49751,0.99893,0.00055,0.00052,0.00001
122.30125,0.49751,0.99776,0.00121,0.00103,0.00000
122.40125,0.49750,0.99469,0.00339,0.00192,0.00000
122.50125,0.49750,0.98869,0.00869,0.00262,0.00000
122.60125,0.49750,0.98795,0.00975,0.00230,0.00000
122.70125,0.49751,0.98830,0.00978,0.00192,0.00000
122.80125,0.49751,0.99585,0.00328,0.00087,0.00001
122.90125,0.49750,0.99831,0.00105,0.00059,0.00004
123.00125,0.49750,0.99804,0.00088,0.00094,0.00015
123.10125,0.49750,0.98743,0.00525,0.00696,0.00036
123.20125,0.49751,0.99116,0.00229,0.00578,0.00077
123.30125,0.49751,0.98162,0.00629,0.01104,0.00105
123.40125,0.49750,0.96021,0.02140,0.01800,0.00039
123.50125,0.49750,0.98185,0.01286,0.00516,0.00013
123.60125,0.49750,0.99774,0.00156,0.00057,0.00013
123.70125,0.49751,0.99564,0.00314,0.00097,0.00025
123.80125,0.49751,0.98862,0.00717,0.00319,0.00101
123.90125,0.49750,0.95844,0.02573,0.01157,0.00426
124.00125,0.49750,0.87915,0.07850,0.03229,0.01007
124.10125,0.49750,0.72477,0.18929,0.08038,0.00556
124.20125,0.49751,0.82522,0.12744,0.04429,0.00305
124.30125,0.49751,0.94819,0.02723,0.02110,0.00348
124.40125,0.49750,0.99032,0.00222,0.00517,0.00228
124.50125,0.49750,0.99422,0.00147,0.00331,0.00100
124.60125,0.49750,0.99662,0.00090,0.00181,0.00067
124.70125,0.49751,0.99645,0.00109,0.00168,0.00078
124.80125,0.49751,0.99614,0.00242,0.00100,0.00044
124.90125,0.49750,0.97814,0.01985,0.00153,0.00048
125.00125,0.49750,0.92882,0.06915,0.00090,0.00113
125.10125,0.49750,0.82221,0.17144,0.00059,0.00576
125.20125,0.49751,0.55510,0.43751,0.00055,0.00683
125.30125,0.49751,0.53158,0.46410,0.00072,0.00360
125.40125,0.49750,0.86157,0.13360,0.00057,0.00426
125.50125,0.49750,0.96820,0.02221,0.00069,0.00890
125.60125,0.49750,0.98918,0.00604,0.00076,0.00402
125.70125,0.49751,0.99665,0.00172,0.00047,0.00115
125.80125,0.49751,0.99796,0.00034,0.00019,0.00152
125.90125,0.49750,0.99860,0.00019,0.00017,0.00104
126.00125,0.49750,0.99924,0.00036,0.00024,0.00016
126.10125,0.49750,0.99903,0.00057,0.00037,0.00003
126.20125,0.49751,0.99963,0.00012,0.00023,0.00002
126.30125,0.49751,0.99973,0.00007,0.00017,0.00002
126.40125,0.49750,0.99965,0.00014,0.00019,0.00002
126.50125,0.49750,0.99981,0.00005,0.00011,0.00003
126.60125,0.49750,0.99981,0.00005,0.00011,0.00004
126.70125,0.49751,0.99943,0.00031,0.00023,0.00003
126.80125,0.49751,0.99417,0.00430,0.00141,0.00011
126.90125,0.49750,0.98534,0.01162,0.00268,0.00037
127.00125,0.49750,0.99604,0.00207,0.00162,0.00027
127.10125,0.49750,0.99850,0.00033,0.00070,0.00047
127.20125,0.49751,0.99848,0.00025,0.00055,0.00072
127.30125,0.49751,0.99908,0.00007,0.00020,0.00065
127.40125,0.49750,0.99873,0.00004,0.00015,0.00108
127.50125,0.49750,0.99495,0.00030,0.00024,0.00450
127.60125,0.49751,0.99369,0.00080,0.00031,0.00521
127.70125,0.49750,0.99681,0.00065,0.00029,0.00225
127.80125,0.49751,0.99912,0.00012,0.00012,0.00063
127.90125,0.49749,0.99974,0.00003,0.00007,0.00017
128.00125,0.49750,0.99987,0.00001,0.00008,0.00004
128.10126,0.49750,0.99989,0.00001,0.00009,0.00002
128.20125,0.49750,0.99989,0.00000,0.00008,0.00003
128.30125,0.49750,0.99978,0.00002,0.00014,0.00006
128.40125,0.49750,0.99947,0.00014,0.00033,0.00006
128.50125,0.49750,0.99935,0.00021,0.00028,0.00016
128.60126,0.49750,0.99921,0.00020,0.00023,0.00036
128.70125,0.49750,0.99823,0.00089,0.00050,0.00038
128.80125,0.49750,0.99703,0.00168,0.00038,0.00090
128.90125,0.49750,0.99812,0.00111,0.00041,0.00036
129.00125,0.49750,0.99152,0.00723,0.00089,0.00036
129.10126,0.49750,0.90130,0.09702,0.00067,0.00100
129.20125,0.49750,0.97945,0.01957,0.00067,0.00031
129.30125,0.49750,0.99605,0.00322,0.00070,0.00003
129.40125,0.49750,0.99148,0.00729,0.00101,0.00022
129.50125,0.49750,0.99288,0.00446,0.00183,0.00084
129.60126,0.49750,0.99246,0.00412,0.00270,0.00073
129.70125,0.49750,0.98872,0.00653,0.00326,0.00150
129.80125,0.49750,0.98801,0.00628,0.00454,0.00117
129.90125,0.49750,0.99773,0.00053,0.00143,0.00031
130.00125,0.49750,0.99925,0.00017,0.00052,0.00006
130.10126,0.49750,0.99964,0.00003,0.00030,0.00002
130.20125,0.49750,0.99943,0.00011,0.00027,0.00019
130.30125,0.49750,0.99756,0.00043,0.00027,0.00174
130.40125,0.49750,0.99318,0.00197,0.00042,0.00443
130.50125,0.49750,0.99392,0.00073,0.00028,0.00506
130.60126,0.49750,0.99610,0.00157,0.00048,0.00185
130.70125,0.49750,0.99712,0.00199,0.00064,0.00026
130.80125,0.49750,0.99664,0.00233,0.00097,0.00006
130.90125,0.49750,0.99624,0.00229,0.00146,0.00001
131.00125,0.49750,0.98860,0.00804,0.00334,0.00001
131.10126,0.49750,0.99415,0.00273,0.00305,0.00007
131.20125,0.49750,0.99693,0.00128,0.00148,0.00032
131.30125,0.49750,0.99115,0.00257,0.00174,0.00454
131.40125,0.49750,0.92507,0.00692,0.00288,0.06513
131.50125,0.49750,0.90437,0.00680,0.00275,0.08609
131.60126,0.49750,0.96738,0.01263,0.00213,0.01786
131.70125,0.49750,0.98448,0.01140,0.00205,0.00207
131.80125,0.49750,0.99660,0.00241,0.00078,0.00022
131.90125,0.49750,0.99921,0.00047,0.00029,0.00004
132.00125,0.49750,0.99970,0.00014,0.00014,0.00002
132.10126,0.49750,0.99980,0.00006,0.00009,0.00005
132.20125,0.49750,0.99981,0.00002,0.00006,0.00011
132.30125,0.49750,0.99983,0.00001,0.00005,0.00010
132.40125,0.49750,0.99978,0.00004,0.00009,0.00009
132.50125,0.49750,0.99937,0.00028,0.00029,0.00006
132.60126,0.49750,0.99855,0.00083,0.00060,0.00002
132.70125,0.49750,0.99830,0.00106,0.00062,0.00002
132.80125,0.49750,0.99730,0.00205,0.00062,0.00003
132.90125,0.49750,0.99729,0.00211,0.00052,0.00008
133.00125,0.49750,0.99881,0.00070,0.00024,0.00024
133.10126,0.49750,0.99898,0.00031,0.00013,0.00058
133.20125,0.49750,0.99826,0.00043,0.00013,0.00118
133.30125,0.49750,0.99703,0.00073,0.00018,0.00206
133.40125,0.49750,0.99788,0.00043,0.00013,0.00155
133.50125,0.49750,0.99881,0.00055,0.00017,0.00047
133.60126,0.49750,0.99828,0.00121,0.00033,0.00018
133.70125,0.49750,0.99779,0.00164,0.00054,0.00004
133.80125,0.49750,0.99668,0.00248,0.00084,0.00001
133.90125,0.49750,0.99130,0.00698,0.00172,0.00000
134.00125,0.49750,0.99480,0.00405,0.00114,0.00001
134.10126,0.49750,0.99782,0.00158,0.00056,0.00003
134.20125,0.49750,0.99750,0.00179,0.00048,0.00023
134.30125,0.49750,0.99801,0.00088,0.00025,0.00086
134.40125,0.49750,0.99692,0.00042,0.00015,0.00252
134.50125,0.49750,0.99733,0.00045,0.00016,0.00206
134.60126,0.49750,0.99821,0.00104,0.00026,0.00049
134.70125,0.49750,0.99816,0.00145,0.00030,0.00010
134.80125,0.49750,0.99859,0.00107,0.00027,0.00007
134.90125,0.49750,0.99898,0.00074,0.00023,0.00005
135.00125,0.49750,0.99883,0.00089,0.00024,0.00005
135.10126,0.49750,0.99932,0.00044,0.00016,0.00008
135.20125,0.49750,0.99953,0.00023,0.00012,0.00012
135.30125,0.49750,0.99938,0.00038,0.00015,0.00009
135.40125,0.49750,0.99917,0.00056,0.00019,0.00008
135.50125,0.49750,0.99938,0.00036,0.00015,0.00011
135.60126,0.49750,0.99937,0.00037,0.00015,0.00011
135.70125,0.49750,0.99932,0.00042,0.00016,0.00010
135.80125,0.49750,0.99946,0.00028,0.00013,0.00012
135.90125,0.49750,0.99946,0.00028,0.00013,0.00014
136.00125,0.49750,0.99950,0.00023,0.00011,0.00016
136.10126,0.49750,0.99950,0.00015,0.00009,0.00025
136.20125,0.49750,0.99940,0.00031,0.00013,0.00017
136.30125,0.49750,0.99924,0.00047,0.00017,0.00012
136.40125,0.49750,0.99949,0.00026,0.00014,0.00012
136.50125,0.49750,0.99943,0.00033,0.00016,0.00008
136.60126,0.49750,0.99935,0.00041,0.00019,0.00005
136.70125,0.49750,0.99963,0.00018,0.00012,0.00008
136.80125,0.49750,0.99966,0.00016,0.00011,0.00008
136.90125,0.49750,0.99961,0.00020,0.00013,0.00006
137.00125,0.49750,0.99964,0.00016,0.00012,0.00008
137.10126,0.49750,0.99955,0.00015,0.00013,0.00017
137.20125,0.49750,0.99947,0.00015,0.00014,0.00024
137.30125,0.49750,0.99947,0.00010,0.00012,0.00032
137.40125,0.49750,0.99929,0.00013,0.00011,0.00047
137.50125,0.49750,0.99924,0.00034,0.00015,0.00027
137.60126,0.49750,0.99916,0.00054,0.00019,0.00011
137.70125,0.49750,0.99920,0.00053,0.00019,0.00008
137.80125,0.49750,0.99886,0.00081,0.00026,0.00007
137.90125,0.49750,0.99893,0.00070,0.00034,0.00004
138.00125,0.49750,0.99952,0.00021,0.00023,0.00004
138.10126,0.49750,0.99979,0.00004,0.00013,0.00004
138.20125,0.49750,0.99984,0.00002,0.00010,0.00004
138.30125,0.49750,0.99984,0.00002,0.00007,0.00007
138.40125,0.49750,0.99979,0.00001,0.00004,0.00016
138.50125,0.49750,0.99972,0.00001,0.00004,0.00023
138.60126,0.49750,0.99973,0.00004,0.00008,0.00015
138.70125,0.49750,0.99969,0.00008,0.00015,0.00008
138.80125,0.49750,0.99939,0.00026,0.00032,0.00003
138.90125,0.49750,0.99809,0.00107,0.00083,0.00001
139.00125,0.49750,0.99747,0.00156,0.00097,0.00001
139.10126,0.49750,0.99765,0.00156,0.00078,0.00001
139.20125,0.49750,0.99775,0.00164,0.00059,0.00003
139.30125,0.49750,0.99903,0.00063,0.00027,0.00007
139.40125,0.49750,0.99922,0.00036,0.00016,0.00027
139.50125,0.49750,0.99736,0.00069,0.00022,0.00173
139.60126,0.49750,0.99329,0.00144,0.00031,0.00496
139.70125,0.49750,0.99533,0.00053,0.00023,0.00390
139.80125,0.49750,0.99693,0.00014,0.00021,0.00271
139.90125,0.49750,0.99896,0.00003,0.00016,0.00085
140.00125,0.49750,0.99976,0.00000,0.00007,0.00016
140.10126,0.49750,0.99974,0.00001,0.00017,0.00009
140.20125,0.49750,0.99929,0.00003,0.00023,0.00045
140.30125,0.49750,0.99456,0.00127,0.00030,0.00388
140.40125,0.49750,0.99286,0.00273,0.00078,0.00363
140.50125,0.49750,0.99008,0.00630,0.00160,0.00201
140.60126,0.49750,0.99698,0.00139,0.00056,0.00108
140.70125,0.49750,0.99838,0.00085,0.00059,0.00018
140.80125,0.49750,0.99953,0.00006,0.00039,0.00002
140.90125,0.49750,0.99969,0.00008,0.00017,0.00005
141.00125,0.49750,0.99969,0.00008,0.00010,0.00013
141.10126,0.49750,0.99931,0.00033,0.00023,0.00012
141.20125,0.49750,0.99732,0.00146,0.00086,0.00036
141.30125,0.49750,0.99559,0.00083,0.00094,0.00264
141.40125,0.49750,0.98075,0.00663,0.00105,0.01157
141.50125,0.49750,0.99330,0.00222,0.00187,0.00261
141.60126,0.49750,0.98271,0.00115,0.00261,0.01353
141.70125,0.49750,0.97251,0.00146,0.00027,0.02576
141.80125,0.49750,0.99598,0.00111,0.00049,0.00242
141.90125,0.49750,0.99744,0.00049,0.00136,0.00071
142.00125,0.49750,0.97525,0.00883,0.00025,0.01567
142.10126,0.49750,0.98363,0.01243,0.00015,0.00379
142.20125,0.49750,0.99403,0.00505,0.00075,0.00017
142.30125,0.49750,0.94810,0.04979,0.00044,0.00167
142.40125,0.49750,0.83967,0.15834,0.00046,0.00154
142.50125,0.49750,0.78872,0.20040,0.01026,0.00061
142.60126,0.49750,0.69502,0.28926,0.01530,0.00042
142.70125,0.49750,0.90678,0.07839,0.01377,0.00106
142.80125,0.49750,0.92547,0.04416,0.03015,0.00022
142.90125,0.49750,0.95147,0.01230,0.03580,0.00043
143.00125,0.49750,0.99282,0.00135,0.00409,0.00174
143.10126,0.49750,0.98752,0.00358,0.00133,0.00758
143.20125,0.49750,0.94147,0.05247,0.00394,0.00212
143.30125,0.49750,0.93304,0.05962,0.00441,0.00293
143.40125,0.49750,0.87986,0.11238,0.00547,0.00229
143.50125,0.49750,0.66967,0.31403,0.01568,0.00061
143.60126,0.49750,0.85814,0.10821,0.03354,0.00011
143.70125,0.49750,0.87431,0.09826,0.02673,0.00070
143.80125,0.49750,0.94087,0.03707,0.01757,0.00449
143.90125,0.49750,0.95674,0.03085,0.00282,0.00959
144.00125,0.49750,0.92746,0.05791,0.00285,0.01177
144.10126,0.49750,0.87811,0.06339,0.00255,0.05595
144.20125,0.49750,0.81912,0.12903,0.00162,0.05022
144.30125,0.49750,0.55172,0.44094,0.00240,0.00494
144.40125,0.49750,0.49616,0.49803,0.00554,0.00026
144.50125,0.49750,0.71155,0.27951,0.00783,0.00111
144.60126,0.49750,0.62770,0.36296,0.00674,0.00260
144.70125,0.49750,0.86209,0.12533,0.00758,0.00500
144.80125,0.49750,0.90536,0.06098,0.00590,0.02776
144.90125,0.49750,0.84267,0.05878,0.00504,0.09351
145.00125,0.49750,0.81517,0.14939,0.00391,0.03153
145.10126,0.49750,0.90346,0.08810,0.00477,0.00367
145.20125,0.49750,0.94407,0.05066,0.00498,0.00029
145.30125,0.49750,0.95992,0.03297,0.00685,0.00026
145.40125,0.49750,0.99112,0.00382,0.00413,0.00093
145.50125,0.49750,0.99326,0.00135,0.00307,0.00232
145.60126,0.49750,0.95924,0.00299,0.00905,0.02871
145.70125,0.49750,0.77874,0.01470,0.03812,0.16844
145.80125,0.49750,0.88508,0.03776,0.04051,0.03665
145.90125,0.49750,0.78058,0.16599,0.05171,0.00171
146.00125,0.49750,0.70890,0.22540,0.06513,0.00058
146.10126,0.49750,0.95358,0.02806,0.01726,0.00109
146.20125,0.49750,0.99018,0.00384,0.00252,0.00346
146.30125,0.49750,0.95155,0.00373,0.00459,0.04013
146.40125,0.49750,0.73310,0.00471,0.02325,0.23895
146.50125,0.49750,0.67027,0.00966,0.00909,0.31098
146.60126,0.49750,0.94192,0.01405,0.01580,0.02823
146.70125,0.49750,0.96734,0.01182,0.01809,0.00276
146.80125,0.49750,0.98486,0.00249,0.00918,0.00347
146.90125,0.49750,0.99027,0.00026,0.00103,0.00844
147.00125,0.49750,0.98664,0.00005,0.00116,0.01214
147.10126,0.49750,0.92867,0.00046,0.00205,0.06882
147.20125,0.49750,0.88816,0.00160,0.00320,0.10704
147.30125,0.49750,0.97355,0.00754,0.00462,0.01429
147.40125,0.49750,0.95511,0.03627,0.00802,0.00061
147.50125,0.49750,0.95715,0.02541,0.01716,0.00028
147.60126,0.49750,0.98376,0.00692,0.00845,0.00087
147.70125,0.49750,0.98340,0.00656,0.00873,0.00131
147.80125,0.49750,0.95733,0.02369,0.01823,0.00075
147.90125,0.49750,0.93302,0.04110,0.00462,0.02127
148.00125,0.49750,0.75340,0.22320,0.00169,0.02171
148.10126,0.49750,0.85931,0.13703,0.00283,0.00082
148.20125,0.49750,0.82778,0.16779,0.00322,0.00122
148.30125,0.49750,0.91970,0.06030,0.00038,0.01961
148.40125,0.49750,0.97946,0.01784,0.00078,0.00192
148.50125,0.49750,0.99341,0.00452,0.00125,0.00082
148.60126,0.49750,0.95612,0.03271,0.00031,0.01086
148.70125,0.49750,0.98239,0.01267,0.00017,0.00477
148.80125,0.49750,0.98471,0.01407,0.00099,0.00023
148.90125,0.49750,0.98023,0.01763,0.00083,0.00131
149.00125,0.49750,0.97941,0.01877,0.00042,0.00140
149.10126,0.49750,0.99593,0.00289,0.00092,0.00026
149.20125,0.49750,0.99767,0.00145,0.00038,0.00050
149.30125,0.49750,0.99646,0.00100,0.00024,0.00230
149.40125,0.49750,0.99411,0.00406,0.00106,0.00077
149.50125,0.49750,0.99000,0.00820,0.00155,0.00024
149.60126,0.49750,0.98562,0.01166,0.00259,0.00013
149.70125,0.49750,0.98411,0.01241,0.00336,0.00012
149.80125,0.49750,0.96650,0.02935,0.00400,0.00015
149.90125,0.49750,0.95346,0.04299,0.00312,0.00043
150.00125,0.49750,0.96521,0.02935,0.00207,0.00337
150.10126,0.49750,0.97707,0.01433,0.00157,0.00703
150.20125,0.49750,0.98921,0.00525,0.00117,0.00438
150.30125,0.49750,0.99002,0.00122,0.00132,0.00744
150.40125,0.49750,0.99314,0.00024,0.00037,0.00625
150.50125,0.49750,0.98374,0.00125,0.00011,0.01490
150.60126,0.49750,0.97836,0.01091,0.00036,0.01038
150.70125,0.49750,0.98685,0.01036,0.00061,0.00218
150.80125,0.49750,0.97887,0.02014,0.00052,0.00047
150.90125,0.49750,0.97455,0.02384,0.00135,0.00027
151.00125,0.49750,0.98721,0.00804,0.00467,0.00008
151.10126,0.49750,0.96463,0.03232,0.00274,0.00032
151.20125,0.49750,0.85916,0.12572,0.00633,0.00879
151.30125,0.49750,0.70699,0.27508,0.00059,0.01734
151.40125,0.49750,0.74304,0.24279,0.00033,0.01384
151.50125,0.49750,0.80035,0.19651,0.00044,0.00269
151.60126,0.49750,0.96875,0.02931,0.00043,0.00150
151.70125,0.49750,0.96967,0.02989,0.00031,0.00013
151.80125,0.49750,0.98972,0.00831,0.00195,0.00002
151.90125,0.49750,0.98715,0.01039,0.00245,0.00001
152.00125,0.49750,0.99527,0.00363,0.00109,0.00002
152.10126,0.49750,0.99668,0.00254,0.00074,0.00004
152.20125,0.49750,0.99667,0.00253,0.00053,0.00027
152.30125,0.49750,0.99742,0.00131,0.00031,0.00097
152.40125,0.49750,0.99751,0.00063,0.00019,0.00167
152.50125,0.49750,0.99797,0.00107,0.00026,0.00070
152.60126,0.49750,0.99779,0.00177,0.00033,0.00011
152.70125,0.49750,0.99707,0.00252,0.00040,0.00002
152.80125,0.49750,0.99658,0.00284,0.00057,0.00001
152.90125,0.49750,0.99760,0.00178,0.00061,0.00001
153.00125,0.49750,0.99884,0.00070,0.00042,0.00003
153.10126,0.49750,0.99886,0.00066,0.00039,0.00008
153.20125,0.49750,0.99918,0.00035,0.00033,0.00013
153.30125,0.49750,0.99913,0.00033,0.00049,0.00004
153.40125,0.49750,0.99780,0.00068,0.00143,0.00009
153.50125,0.49750,0.99462,0.00466,0.00053,0.00019
153.60126,0.49750,0.99688,0.00248,0.00029,0.00035
153.70125,0.49750,0.99711,0.00240,0.00036,0.00012
153.80125,0.49750,0.99680,0.00266,0.00025,0.00030
153.90125,0.49750,0.99199,0.00748,0.00035,0.00018
154.00125,0.49750,0.99852,0.00073,0.00069,0.00006
154.10126,0.49750,0.99856,0.00073,0.00061,0.00010
154.20125,0.49750,0.99748,0.00128,0.00050,0.00073
154.30125,0.49750,0.99662,0.00110,0.00043,0.00185
154.40125,0.49750,0.99838,0.00015,0.00016,0.00131
154.50125,0.49750,0.99838,0.00067,0.00037,0.00058
154.60126,0.49750,0.99617,0.00280,0.00086,0.00018
154.70125,0.49750,0.99661,0.00220,0.00116,0.00003
154.80125,0.49750,0.99786,0.00068,0.00146,0.00001
154.90125,0.49750,0.99836,0.00032,0.00132,0.00000
155.00125,0.49750,0.99770,0.00011,0.00215,0.00003
155.10126,0.49750,0.99827,0.00002,0.00152,0.00020
155.20125,0.49750,0.99792,0.00008,0.00102,0.00098
155.30125,0.49750,0.99433,0.00145,0.00197,0.00224
155.40125,0.49750,0.98566,0.00704,0.00312,0.00418
155.50125,0.49750,0.98965,0.00714,0.00155,0.00165
155.60126,0.49750,0.91998,0.07643,0.00329,0.00029
155.70125,0.49750,0.85169,0.13782,0.01032,0.00017
155.80125,0.49750,0.88715,0.09710,0.01536,0.00039
155.90125,0.49750,0.86045,0.09614,0.04142,0.00198
156.00125,0.49750,0.71310,0.27691,0.00576,0.00423
156.10126,0.49750,0.93652,0.05590,0.00268,0.00491
156.20125,0.49750,0.98098,0.00989,0.00199,0.00714
156.30125,0.49750,0.95157,0.02796,0.00029,0.02018
156.40125,0.49750,0.94834,0.04483,0.00011,0.00672
156.50125,0.49750,0.99450,0.00432,0.00019,0.00099
156.60126,0.49750,0.99248,0.00660,0.00016,0.00076
156.70125,0.49750,0.99843,0.00135,0.00004,0.00018
156.80125,0.49750,0.99981,0.00008,0.00009,0.00002
156.90125,0.49750,0.99987,0.00002,0.00010,0.00000
157.00125,0.49750,0.99984,0.00002,0.00014,0.00000
157.10126,0.49750,0.99988,0.00000,0.00011,0.00000
157.20125,0.49750,0.99973,0.00001,0.00025,0.00000
157.30125,0.49750,0.99925,0.00010,0.00065,0.00000
157.40125,0.49750,0.99798,0.00077,0.00125,0.00000
157.50125,0.49750,0.99694,0.00180,0.00126,0.00000
157.60126,0.49750,0.97209,0.02412,0.00379,0.00000
157.70125,0.49750,0.98319,0.01461,0.00220,0.00000
157.80125,0.49750,0.99578,0.00323,0.00099,0.00001
157.90125,0.49750,0.99811,0.00131,0.00057,0.00000
158.00125,0.49750,0.99955,0.00020,0.00024,0.00001
158.10126,0.49750,0.99964,0.00016,0.00019,0.00001
158.20125,0.49750,0.99794,0.00155,0.00046,0.00005
158.30125,0.49750,0.97480,0.02398,0.00107,0.00015
158.40125,0.49750,0.80626,0.19270,0.00034,0.00070
158.50125,0.49750,0.19998,0.79901,0.00007,0.00094
158.60126,0.49750,0.38994,0.60762,0.00008,0.00237
158.70125,0.49750,0.61119,0.38754,0.00012,0.00116
158.80125,0.49750,0.91630,0.08314,0.00015,0.00042
158.90125,0.49750,0.96897,0.02994,0.00104,0.00005
159.00125,0.49750,0.99458,0.00375,0.00166,0.00000
159.10126,0.49750,0.99498,0.00294,0.00207,0.00000
159.20125,0.49750,0.99410,0.00198,0.00390,0.00001
159.30125,0.49750,0.97489,0.00709,0.01791,0.00011
159.40125,0.49750,0.96260,0.00565,0.03097,0.00078
159.50125,0.49750,0.95342,0.01231,0.03272,0.00155
159.60126,0.49750,0.87716,0.05446,0.06754,0.00085
159.70125,0.49750,0.81747,0.15450,0.02779,0.00024
159.80125,0.49750,0.83068,0.15648,0.01266,0.00018
159.90125,0.49750,0.80173,0.18843,0.00968,0.00016
160.00125,0.49750,0.59741,0.37866,0.02315,0.00078
160.10126,0.49750,0.84925,0.10094,0.03093,0.01889
160.20125,0.49750,0.79977,0.03126,0.07745,0.09151
160.30125,0.49750,0.66511,0.02776,0.07996,0.22717
160.40125,0.49750,0.58235,0.12406,0.09848,0.19512
160.50125,0.49750,0.64564,0.13198,0.02913,0.19325
160.60126,0.49750,0.55499,0.38365,0.01713,0.04423
160.70125,0.49750,0.36599,0.62042,0.00827,0.00533
160.80125,0.49750,0.54075,0.45416,0.00449,0.00060
160.90125,0.49750,0.91736,0.07868,0.00368,0.00029
161.00125,0.49750,0.97867,0.01793,0.00336,0.00004
161.10126,0.49750,0.99641,0.00249,0.00109,0.00001
161.20125,0.49750,0.99944,0.00025,0.00030,0.00001
161.30125,0.49750,0.99980,0.00004,0.00014,0.00002
161.40125,0.49750,0.99986,0.00002,0.00008,0.00003
161.50125,0.49750,0.99986,0.00001,0.00006,0.00006
161.60126,0.49750,0.99984,0.00001,0.00005,0.00010
161.70125,0.49750,0.99985,0.00001,0.00005,0.00009
161.80125,0.49750,0.99985,0.00002,0.00007,0.00006
161.90125,0.49750,0.99977,0.00007,0.00012,0.00004
162.00125,0.49750,0.99962,0.00018,0.00016,0.00005
162.10126,0.49750,0.99960,0.00019,0.00016,0.00005
162.20125,0.49750,0.99962,0.00018,0.00013,0.00007
162.30125,0.49750,0.99965,0.00012,0.00009,0.00013
162.40125,0.49750,0.99961,0.00006,0.00006,0.00027
162.50125,0.49750,0.99952,0.00005,0.00006,0.00036
162.60126,0.49750,0.99934,0.00009,0.00007,0.00050
162.70125,0.49750,0.99936,0.00008,0.00008,0.00048
162.80125,0.49750,0.99949,0.00012,0.00013,0.00026
162.90125,0.49750,0.99943,0.00025,0.00024,0.00009
163.00125,0.49750,0.99886,0.00065,0.00046,0.00003
163.10126,0.49750,0.99519,0.00346,0.00134,0.00001
163.20125,0.49750,0.98118,0.01592,0.00290,0.00000
163.30125,0.49750,0.98804,0.00993,0.00203,0.00001
163.40125,0.49750,0.99386,0.00496,0.00117,0.00002
163.50125,0.49750,0.99514,0.00390,0.00089,0.00007
163.60126,0.49750,0.99788,0.00140,0.00043,0.00029
163.70125,0.49750,0.99804,0.00063,0.00023,0.00110
163.80125,0.49750,0.99735,0.00067,0.00020,0.00179
163.90125,0.49750,0.99863,0.00023,0.00011,0.00102
164.00125,0.49750,0.99959,0.00004,0.00006,0.00032
164.10126,0.49750,0.99979,0.00004,0.00007,0.00010
164.20125,0.49750,0.99972,0.00008,0.00017,0.00003
164.30125,0.49750,0.99917,0.00033,0.00049,0.00001
164.40125,0.49750,0.99832,0.00076,0.00091,0.00001
164.50125,0.49750,0.99769,0.00127,0.00104,0.00001
164.60126,0.49750,0.99881,0.00059,0.00058,0.00001
164.70125,0.49750,0.99969,0.00008,0.00020,0.00002
164.80125,0.49750,0.99984,0.00002,0.00008,0.00006
164.90125,0.49750,0.99982,0.00002,0.00008,0.00007
165.00125,0.49750,0.99981,0.00003,0.00007,0.00009
165.10126,0.49750,0.99971,0.00004,0.00007,0.00018
165.20125,0.49750,0.99959,0.00010,0.00008,0.00024
165.30125,0.49750,0.99944,0.00015,0.00008,0.00033
165.40125,0.49750,0.99942,0.00006,0.00005,0.00047
165.50125,0.49750,0.99950,0.00004,0.00004,0.00042
165.60126,0.49750,0.99970,0.00004,0.00004,0.00022
165.70125,0.49750,0.99977,0.00006,0.00007,0.00011
165.80125,0.49750,0.99965,0.00017,0.00015,0.00003
165.90125,0.49750,0.99950,0.00023,0.00025,0.00001
166.00125,0.49750,0.99920,0.00037,0.00042,0.00001
166.10126,0.49750,0.99538,0.00342,0.00119,0.00001
166.20125,0.49750,0.98536,0.01403,0.00055,0.00006
166.30125,0.49750,0.99425,0.00526,0.00037,0.00012
166.40125,0.49750,0.98382,0.01549,0.00057,0.00012
166.50125,0.49750,0.95844,0.04023,0.00062,0.00071
166.60126,0.49750,0.99102,0.00677,0.00037,0.00183
166.70125,0.49750,0.99809,0.00091,0.00033,0.00067
166.80125,0.49750,0.99722,0.00120,0.00024,0.00133
166.90125,0.49750,0.99771,0.00047,0.00012,0.00170
167.00125,0.49750,0.99950,0.00010,0.00007,0.00033
167.10126,0.49750,0.99977,0.00005,0.00007,0.00011
167.20125,0.49750,0.99977,0.00007,0.00012,0.00004
167.30125,0.49750,0.99973,0.00007,0.00018,0.00001
167.40125,0.49750,0.99969,0.00007,0.00024,0.00001
167.50125,0.49750,0.99962,0.00008,0.00030,0.00001
167.60126,0.49750,0.99955,0.00012,0.00031,0.00001
167.70125,0.49750,0.99974,0.00005,0.00017,0.00005
167.80125,0.49750,0.99980,0.00002,0.00009,0.00010
167.90125,0.49750,0.99975,0.00002,0.00006,0.00017
168.00125,0.49750,0.99960,0.00002,0.00005,0.00032
168.10126,0.49750,0.99964,0.00002,0.00005,0.00028
168.20125,0.49750,0.99967,0.00010,0.00012,0.00011
168.30125,0.49750,0.99822,0.00129,0.00044,0.00005
168.40125,0.49750,0.99563,0.00365,0.00070,0.00003
168.50125,0.49750,0.99507,0.00425,0.00065,0.00003
168.60126,0.49750,0.99643,0.00302,0.00051,0.00004
168.70125,0.49750,0.99943,0.00035,0.00015,0.00007
168.80125,0.49750,0.99978,0.00007,0.00006,0.00009
168.90125,0.49750,0.99983,0.00005,0.00007,0.00005
169.00125,0.49750,0.99985,0.00003,0.00010,0.00002
169.10126,0.49750,0.99983,0.00002,0.00014,0.00001
169.20125,0.49750,0.99963,0.00004,0.00032,0.00000
169.30125,0.49750,0.99947,0.00007,0.00044,0.00001
169.40125,0.49750,0.99877,0.00039,0.00074,0.00010
169.50125,0.49750,0.99256,0.00610,0.00069,0.00065
169.60126,0.49750,0.96464,0.03206,0.00122,0.00208
169.70125,0.49750,0.94874,0.04594,0.00100,0.00432
169.80125,0.49750,0.96205,0.03284,0.00069,0.00442
169.90125,0.49750,0.99122,0.00746,0.00041,0.00090
170.00125,0.49750,0.99807,0.00132,0.00035,0.00026
170.10126,0.49750,0.99880,0.00067,0.00019,0.00033
170.20125,0.49750,0.99885,0.00070,0.00016,0.00028
170.30125,0.49750,0.99815,0.00105,0.00022,0.00058
170.40125,0.49750,0.99161,0.00314,0.00058,0.00467
170.50125,0.49750,0.96878,0.00669,0.00108,0.02344
170.60126,0.49750,0.88973,0.02821,0.00266,0.07940
170.70125,0.49750,0.85995,0.04251,0.00345,0.09409
170.80125,0.49750,0.92155,0.02651,0.00217,0.04977
170.90125,0.49750,0.97577,0.01193,0.00101,0.01128
171.00125,0.49750,0.99320,0.00438,0.00044,0.00199
171.10126,0.49750,0.99837,0.00097,0.00018,0.00048
171.20125,0.49750,0.99909,0.00053,0.00012,0.00026
171.30125,0.49750,0.99937,0.00027,0.00009,0.00028
171.40125,0.49750,0.99950,0.00011,0.00005,0.00035
171.50125,0.49750,0.99924,0.00007,0.00004,0.00065
171.60126,0.49750,0.99804,0.00016,0.00007,0.00173
171.70125,0.49750,0.99209,0.00052,0.00018,0.00721
171.80125,0.49750,0.98406,0.00132,0.00036,0.01426
171.90125,0.49750,0.96731,0.00257,0.00068,0.02944
172.00125,0.49750,0.95615,0.00296,0.00088,0.04001
172.10126,0.49750,0.96207,0.00191,0.00092,0.03509
172.20125,0.49750,0.96787,0.00106,0.00089,0.03018
172.30125,0.49750,0.96371,0.00101,0.00113,0.03415
172.40125,0.49750,0.96357,0.00100,0.00137,0.03406
172.50125,0.49750,0.96397,0.00104,0.00157,0.03341
172.60126,0.49750,0.96436,0.00096,0.00169,0.03299
172.70125,0.49750,0.97496,0.00050,0.00109,0.02345
172.80125,0.49750,0.98579,0.00021,0.00053,0.01347
172.90125,0.49750,0.99174,0.00010,0.00027,0.00789
173.00125,0.49750,0.99087,0.00005,0.00026,0.00881
173.10126,0.49750,0.99028,0.00003,0.00028,0.00941
173.20125,0.49750,0.98768,0.00004,0.00036,0.01192
173.30125,0.49750,0.96959,0.00007,0.00112,0.02921
173.40125,0.49750,0.94733,0.00013,0.00222,0.05031
173.50125,0.49750,0.94716,0.00022,0.00215,0.05047
173.60126,0.49750,0.94501,0.00042,0.00225,0.05232
173.70125,0.49750,0.89841,0.00088,0.00475,0.09596
173.80125,0.49750,0.87075,0.00148,0.00660,0.12116
173.90125,0.49750,0.83017,0.00922,0.02500,0.13560
174.00125,0.49750,0.78066,0.06250,0.08381,0.07302
174.10126,0.49750,0.67676,0.18057,0.12034,0.02233
174.20125,0.49750,0.81077,0.13773,0.04484,0.00666
174.30125,0.49750,0.90725,0.07846,0.01267,0.00162
174.40125,0.49750,0.98710,0.01024,0.00177,0.00090
174.50125,0.49750,0.99786,0.00140,0.00030,0.00044
174.60126,0.49750,0.99905,0.00058,0.00016,0.00021
174.70125,0.49750,0.99825,0.00134,0.00031,0.00010
174.80125,0.49750,0.99244,0.00655,0.00098,0.00003
174.90125,0.49750,0.94805,0.04712,0.00481,0.00002
175.00125,0.49750,0.81122,0.17384,0.01491,0.00003
175.10126,0.49750,0.82991,0.15789,0.01216,0.00005
175.20125,0.49750,0.81147,0.17527,0.01266,0.00059
175.30125,0.49750,0.72710,0.25097,0.01262,0.00932
175.40125,0.49750,0.76880,0.17623,0.00698,0.04799
175.50125,0.49750,0.88572,0.06170,0.00278,0.04979
175.60126,0.49750,0.77628,0.19405,0.00671,0.02296
175.70125,0.49750,0.85179,0.14083,0.00510,0.00228
175.80125,0.49750,0.97763,0.02022,0.00188,0.00027
175.90125,0.49750,0.99481,0.00425,0.00088,0.00006
176.00125,0.49750,0.99818,0.00124,0.00048,0.00010
176.10126,0.49750,0.99960,0.00016,0.00014,0.00011
176.20125,0.49750,0.99973,0.00006,0.00008,0.00013
176.30125,0.49750,0.99972,0.00007,0.00011,0.00009
176.40125,0.49750,0.99978,0.00005,0.00011,0.00006
176.50125,0.49750,0.99976,0.00006,0.00013,0.00005
176.60126,0.49750,0.99976,0.00004,0.00016,0.00004
176.70125,0.49750,0.99983,0.00001,0.00013,0.00003
176.80125,0.49750,0.99988,0.00000,0.00009,0.00003
176.90125,0.49750,0.99971,0.00002,0.00021,0.00006
177.00125,0.49750,0.99935,0.00006,0.00049,0.00010
177.10126,0.49750,0.99939,0.00008,0.00036,0.00017
177.20125,0.49750,0.99941,0.00008,0.00027,0.00024
177.30125,0.49750,0.99941,0.00006,0.00035,0.00018
177.40125,0.49750,0.99983,0.00001,0.00010,0.00006
177.50125,0.49750,0.99992,0.00000,0.00004,0.00004
177.60126,0.49750,0.99993,0.00000,0.00003,0.00004
177.70125,0.49750,0.99990,0.00000,0.00004,0.00005
177.80125,0.49750,0.99986,0.00002,0.00008,0.00005
177.90125,0.49750,0.99965,0.00014,0.00018,0.00003
178.00125,0.49750,0.99942,0.00027,0.00029,0.00002
178.10126,0.49750,0.99938,0.00024,0.00037,0.00002
178.20125,0.49750,0.99934,0.00022,0.00040,0.00003
178.30125,0.49750,0.99917,0.00029,0.00045,0.00009
178.40125,0.49750,0.99925,0.00018,0.00040,0.00018
178.50125,0.49750,0.99917,0.00016,0.00030,0.00037
178.60126,0.49750,0.99880,0.00045,0.00031,0.00044
178.70125,0.49750,0.99920,0.00029,0.00019,0.00032
178.80125,0.49750,0.99927,0.00015,0.00011,0.00046
178.90125,0.49750,0.99811,0.00027,0.00013,0.00149
179.00125,0.49750,0.99818,0.00032,0.00012,0.00138
179.10126,0.49750,0.99864,0.00043,0.00017,0.00076
179.20125,0.49750,0.99828,0.00103,0.00034,0.00035
179.30125,0.49750,0.99774,0.00165,0.00055,0.00006
179.40125,0.49750,0.99730,0.00185,0.00084,0.00001
179.50125,0.49750,0.99578,0.00295,0.00126,0.00001
179.60126,0.49750,0.99753,0.00154,0.00092,0.00001
179.70125,0.49750,0.99937,0.00027,0.00035,0.00001
179.80125,0.49750,0.99977,0.00006,0.00013,0.00004
179.90125,0.49750,0.99975,0.00004,0.00008,0.00013
180.00125,0.49750,0.99970,0.00006,0.00008,0.00015
180.10126,0.49750,0.99962,0.00015,0.00010,0.00014
180.20125,0.49750,0.99927,0.00040,0.00013,0.00020
180.30125,0.49750,0.99817,0.00112,0.00021,0.00050
180.40125,0.49750,0.99801,0.00093,0.00020,0.00086
180.50125,0.49750,0.99854,0.00037,0.00015,0.00094
180.60126,0.49750,0.99864,0.00033,0.00017,0.00086
180.70125,0.49750,0.99867,0.00068,0.00031,0.00034
180.80125,0.49750,0.99866,0.00088,0.00039,0.00007
180.90125,0.49750,0.99755,0.00180,0.00062,0.00003
181.00125,0.49750,0.98964,0.00887,0.00147,0.00001
181.10126,0.49750,0.99281,0.00568,0.00150,0.00001
181.20125,0.49750,0.99840,0.00081,0.00077,0.00001
181.30125,0.49750,0.99929,0.00021,0.00049,0.00001
181.40125,0.49750,0.99962,0.00007,0.00030,0.00001
181.50125,0.49750,0.99979,0.00003,0.00016,0.00003
181.60126,0.49750,0.99981,0.00002,0.00009,0.00009
181.70125,0.49750,0.99973,0.00003,0.00008,0.00015
181.80125,0.49750,0.99956,0.00004,0.00006,0.00033
181.90125,0.49750,0.99953,0.00004,0.00005,0.00038
182.00125,0.49750,0.99970,0.00003,0.00004,0.00023
182.10126,0.49750,0.99976,0.00005,0.00006,0.00014
182.20125,0.49750,0.99975,0.00010,0.00009,0.00007
182.30125,0.49750,0.99964,0.00018,0.00014,0.00004
182.40125,0.49750,0.99951,0.00025,0.00021,0.00002
182.50125,0.49750,0.99944,0.00026,0.00029,0.00001
182.60126,0.49750,0.99907,0.00049,0.00043,0.00001
182.70125,0.49750,0.99924,0.00037,0.00038,0.00001
182.80125,0.49750,0.99950,0.00022,0.00026,0.00003
182.90125,0.49750,0.99937,0.00033,0.00023,0.00007
183.00125,0.49750,0.99914,0.00046,0.00019,0.00021
183.10126,0.49750,0.99914,0.00038,0.00014,0.00034
183.20125,0.49750,0.99873,0.00082,0.00019,0.00026
183.30125,0.49750,0.99744,0.00213,0.00031,0.00012
183.40125,0.49750,0.99767,0.00198,0.00027,0.00008
183.50125,0.49750,0.99718,0.00239,0.00033,0.00011
183.60126,0.49750,0.99782,0.00174,0.00026,0.00018
183.70125,0.49750,0.99867,0.00074,0.00016,0.00043
183.80125,0.49750,0.99893,0.00048,0.00015,0.00044
183.90125,0.49750,0.99806,0.00143,0.00038,0.00013
184.00125,0.49750,0.99457,0.00451,0.00089,0.00004
184.10126,0.49750,0.98324,0.01463,0.00212,0.00001
184.20125,0.49750,0.96700,0.02958,0.00341,0.00001
184.30125,0.49750,0.97181,0.02565,0.00252,0.00001
184.40125,0.49750,0.97584,0.02180,0.00221,0.00016
184.50125,0.49750,0.97300,0.02345,0.00189,0.00165
184.60126,0.49750,0.97787,0.01111,0.00121,0.00981
184.70125,0.49750,0.97760,0.01036,0.00106,0.01097
184.80125,0.49750,0.98262,0.01125,0.00106,0.00507
184.90125,0.49750,0.99440,0.00444,0.00050,0.00066
185.00125,0.49750,0.99672,0.00277,0.00045,0.00006
185.10126,0.49750,0.99278,0.00639,0.00082,0.00001
185.20125,0.49750,0.99076,0.00819,0.00104,0.00001
185.30125,0.49750,0.99418,0.00492,0.00089,0.00001
185.40125,0.49750,0.99632,0.00301,0.00064,0.00003
185.50125,0.49750,0.99854,0.00105,0.00031,0.00010
185.60126,0.49750,0.99926,0.00028,0.00013,0.00033
185.70125,0.49750,0.99924,0.00015,0.00009,0.00052
185.80125,0.49750,0.99920,0.00028,0.00012,0.00040
185.90125,0.49750,0.99917,0.00050,0.00017,0.00016
186.00125,0.49750,0.99907,0.00064,0.00020,0.00008
186.10126,0.49750,0.99887,0.00083,0.00024,0.00006
186.20125,0.49750,0.99867,0.00102,0.00025,0.00006
186.30125,0.49750,0.99886,0.00084,0.00021,0.00009
186.40125,0.49750,0.99927,0.00045,0.00014,0.00015
186.50125,0.49750,0.99935,0.00036,0.00011,0.00018
186.60126,0.49750,0.99930,0.00041,0.00012,0.00017
186.70125,0.49750,0.99927,0.00045,0.00014,0.00014
186.80125,0.49750,0.99919,0.00054,0.00016,0.00011
186.90125,0.49750,0.99907,0.00065,0.00019,0.00009
187.00125,0.49750,0.99900,0.00071,0.00020,0.00008
187.10126,0.49750,0.99910,0.00062,0.00018,0.00009
187.20125,0.49750,0.99914,0.00059,0.00017,0.00010
187.30125,0.49750,0.99915,0.00058,0.00017,0.00010
187.40125,0.49750,0.99909,0.00064,0.00018,0.00010
187.50125,0.49750,0.99906,0.00067,0.00019,0.00009
187.60126,0.49750,0.99907,0.00065,0.00019,0.00009
187.70125,0.49750,0.99914,0.00058,0.00017,0.00010
187.80125,0.49750,0.99923,0.00050,0.00016,0.00012
187.90125,0.49750,0.99929,0.00044,0.00014,0.00013
188.00125,0.49750,0.99931,0.00042,0.00014,0.00013
188.10126,0.49750,0.99927,0.00046,0.00015,0.00012
188.20125,0.49750,0.99918,0.00055,0.00017,0.00010
188.30125,0.49750,0.99911,0.00061,0.00019,0.00009
188.40125,0.49750,0.99911,0.00061,0.00018,0.00010
188.50125,0.49750,0.99919,0.00053,0.00017,0.00011
188.60126,0.49750,0.99926,0.00046,0.00015,0.00012
188.70125,0.49750,0.99929,0.00044,0.00014,0.00013
188.80125,0.49750,0.99927,0.00046,0.00015,0.00012
188.90125,0.49750,0.99924,0.00048,0.00016,0.00012
189.00125,0.49750,0.99926,0.00046,0.00015,0.00013
189.10126,0.49750,0.99932,0.00038,0.00014,0.00016
189.20125,0.49750,0.99938,0.00030,0.00012,0.00020
189.30125,0.49750,0.99940,0.00026,0.00011,0.00023
189.40125,0.49750,0.99936,0.00031,0.00013,0.00020
189.50125,0.49750,0.99930,0.00039,0.00015,0.00016
189.60126,0.49750,0.99946,0.00025,0.00013,0.00016
189.70125,0.49750,0.99961,0.00013,0.00011,0.00015
189.80125,0.49750,0.99975,0.00004,0.00008,0.00013
189.90125,0.49750,0.99971,0.00002,0.00005,0.00022
190.00125,0.49750,0.99927,0.00012,0.00024,0.00037
190.10126,0.49750,0.99678,0.00134,0.00101,0.00087
190.20125,0.49750,0.99565,0.00195,0.00191,0.00049
190.30125,0.49750,0.99411,0.00296,0.00222,0.00072
190.40125,0.49750,0.97660,0.01693,0.00379,0.00268
190.50125,0.49750,0.96920,0.01431,0.00148,0.01501
190.60126,0.49750,0.97292,0.00589,0.00064,0.02055
190.70125,0.49750,0.96111,0.01359,0.00066,0.02465
190.80125,0.49750,0.96198,0.02443,0.00085,0.01274
190.90125,0.49750,0.98475,0.01280,0.00077,0.00168
191.00125,0.49750,0.98968,0.00908,0.00115,0.00010
191.10126,0.49750,0.98479,0.01341,0.00179,0.00001
191.20125,0.49750,0.99257,0.00613,0.00128,0.00002
191.30125,0.49750,0.99750,0.00177,0.00070,0.00003
191.40125,0.49750,0.99949,0.00022,0.00026,0.00004
191.50125,0.49750,0.99984,0.00002,0.00007,0.00007
191.60126,0.49750,0.99978,0.00001,0.00003,0.00018
191.70125,0.49750,0.99972,0.00001,0.00003,0.00025
191.80125,0.49750,0.99969,0.00001,0.00003,0.00027
191.90125,0.49750,0.99972,0.00000,0.00003,0.00025
192.00125,0.49750,0.99977,0.00000,0.00003,0.00020
192.10126,0.49750,0.99985,0.00001,0.00005,0.00009
192.20125,0.49750,0.99979,0.00004,0.00013,0.00005
192.30125,0.49750,0.99907,0.00039,0.00049,0.00004
192.40125,0.49750,0.99395,0.00454,0.00148,0.00004
192.50125,0.49750,0.99165,0.00657,0.00176,0.00002
192.60126,0.49750,0.99800,0.00118,0.00079,0.00003
192.70125,0.49750,0.99920,0.00032,0.00042,0.00005
192.80125,0.49750,0.99965,0.00008,0.00018,0.00009
192.90125,0.49750,0.99969,0.00003,0.00008,0.00021
193.00125,0.49750,0.99944,0.00005,0.00007,0.00044
193.10126,0.49750,0.99877,0.00023,0.00012,0.00088
193.20125,0.49750,0.99860,0.00022,0.00011,0.00107
193.30125,0.49750,0.99905,0.00016,0.00008,0.00071
193.40125,0.49750,0.99922,0.00022,0.00010,0.00046
193.50125,0.49750,0.99907,0.00051,0.00021,0.00020
193.60126,0.49750,0.99887,0.00074,0.00035,0.00004
193.70125,0.49750,0.99660,0.00250,0.00089,0.00001
193.80125,0.49750,0.98812,0.00972,0.00213,0.00003
193.90125,0.49750,0.99300,0.00513,0.00184,0.00003
194.00125,0.49750,0.99831,0.00091,0.00071,0.00006
194.10126,0.49750,0.99900,0.00037,0.00034,0.00029
194.20125,0.49750,0.99835,0.00026,0.00022,0.00117
194.30125,0.49750,0.99834,0.00011,0.00012,0.00144
194.40125,0.49750,0.99664,0.00021,0.00014,0.00301
194.50125,0.49750,0.99730,0.00020,0.00012,0.00237
194.60126,0.49750,0.99862,0.00009,0.00010,0.00119
194.70125,0.49750,0.99935,0.00004,0.00007,0.00054
194.80125,0.49750,0.99960,0.00003,0.00007,0.00030
194.90125,0.49750,0.99954,0.00011,0.00015,0.00020
195.00125,0.49750,0.99813,0.00119,0.00057,0.00011
195.10126,0.49750,0.98719,0.01099,0.00175,0.00007
195.20125,0.49750,0.96326,0.03311,0.00361,0.00002
195.30125,0.49750,0.98711,0.00945,0.00343,0.00001
195.40125,0.49750,0.99821,0.00052,0.00126,0.00001
195.50125,0.49750,0.99960,0.00002,0.00037,0.00001
195.60126,0.49750,0.99984,0.00000,0.00015,0.00001
195.70125,0.49750,0.99977,0.00001,0.00022,0.00001
195.80125,0.49750,0.99931,0.00009,0.00059,0.00002
195.90125,0.49750,0.99604,0.00200,0.00194,0.00002
196.00125,0.49750,0.97756,0.01821,0.00419,0.00005
196.10126,0.49750,0.90240,0.09214,0.00532,0.00014
196.20125,0.49750,0.85691,0.13823,0.00403,0.00083
196.30125,0.49750,0.95158,0.04102,0.00229,0.00510
196.40125,0.49750,0.94460,0.01879,0.00051,0.03609
196.50125,0.49750,0.89489,0.04248,0.00024,0.06238
196.60126,0.49750,0.98835,0.00640,0.00028,0.00496
196.70125,0.49750,0.99424,0.00387,0.00035,0.00153
196.80125,0.49750,0.97412,0.02502,0.00040,0.00046
196.90125,0.49750,0.90483,0.09273,0.00229,0.00014
197.00125,0.49750,0.91824,0.07691,0.00478,0.00007
197.10126,0.49750,0.65980,0.33636,0.00367,0.00016
197.20125,0.49750,0.79215,0.20388,0.00386,0.00011
197.30125,0.49750,0.93638,0.05815,0.00541,0.00006
197.40125,0.49750,0.92891,0.06246,0.00861,0.00002
197.50125,0.49750,0.95349,0.03947,0.00702,0.00002
197.60126,0.49750,0.98322,0.01298,0.00378,0.00003
197.70125,0.49750,0.99095,0.00683,0.00220,0.00002
197.80125,0.49750,0.99277,0.00539,0.00180,0.00003
197.90125,0.49750,0.99834,0.00098,0.00054,0.00014
198.00125,0.49750,0.99880,0.00059,0.00034,0.00027
198.10126,0.49750,0.99815,0.00091,0.00045,0.00049
198.20125,0.49750,0.99708,0.00142,0.00068,0.00082
198.30125,0.49750,0.99706,0.00139,0.00068,0.00087
198.40125,0.49750,0.99706,0.00111,0.00087,0.00096
198.50125,0.49750,0.98919,0.00241,0.00582,0.00258
198.60126,0.49750,0.98079,0.00223,0.01232,0.00465
198.70125,0.49750,0.97390,0.00088,0.01245,0.01277
198.80125,0.49750,0.98104,0.00032,0.00706,0.01158
198.90125,0.49750,0.98835,0.00065,0.00651,0.00448
199.00125,0.49750,0.99671,0.00049,0.00155,0.00125
199.10126,0.49750,0.99651,0.00057,0.00142,0.00150
199.20125,0.49750,0.98902,0.00346,0.00516,0.00236
199.30125,0.49750,0.91344,0.05896,0.02663,0.00097
199.40125,0.49750,0.90877,0.07202,0.01532,0.00389
199.50125,0.49750,0.85753,0.10934,0.00535,0.02778
199.60126,0.49750,0.78808,0.18592,0.00236,0.02364
199.70125,0.49750,0.98375,0.01234,0.00045,0.00346
199.80125,0.49750,0.99722,0.00087,0.00016,0.00175
199.90125,0.49750,0.99743,0.00174,0.00034,0.00048
200.00125,0.49750,0.99310,0.00423,0.00259,0.00008
200.10126,0.49750,0.99059,0.00567,0.00373,0.00001
200.20125,0.49750,0.99236,0.00548,0.00210,0.00005
200.30125,0.49750,0.99675,0.00214,0.00095,0.00016
200.40125,0.49750,0.99923,0.00035,0.00035,0.00007
200.50125,0.49750,0.99978,0.00005,0.00009,0.00008
200.60126,0.49750,0.99969,0.00003,0.00006,0.00022
200.70125,0.49750,0.99950,0.00008,0.00008,0.00034
200.80125,0.49750,0.99952,0.00008,0.00009,0.00032
200.90125,0.49750,0.99953,0.00002,0.00006,0.00038
201.00125,0.49750,0.99965,0.00004,0.00010,0.00021
201.10126,0.49750,0.99980,0.00002,0.00012,0.00006
201.20125,0.49750,0.99981,0.00001,0.00016,0.00002
201.30125,0.49750,0.99913,0.00009,0.00072,0.00006
201.40125,0.49750,0.99765,0.00136,0.00076,0.00022
201.50125,0.49750,0.99192,0.00663,0.00081,0.00064
201.60126,0.49750,0.99147,0.00674,0.00058,0.00120
201.70125,0.49750,0.98344,0.01027,0.00050,0.00579
201.80125,0.49750,0.99025,0.00648,0.00020,0.00307
201.90125,0.49750,0.99688,0.00093,0.00021,0.00198
202.00125,0.49750,0.99826,0.00008,0.00009,0.00158
202.10126,0.49750,0.99849,0.00008,0.00008,0.00136
202.20125,0.49750,0.99948,0.00004,0.00005,0.00043
202.30125,0.49750,0.99974,0.00001,0.00004,0.00021
202.40125,0.49750,0.99983,0.00001,0.00005,0.00011
202.50125,0.49750,0.99977,0.00004,0.00014,0.00004
202.60126,0.49750,0.99912,0.00038,0.00048,0.00002
202.70125,0.49750,0.99775,0.00134,0.00090,0.00001
202.80125,0.49750,0.99693,0.00207,0.00098,0.00001
202.90125,0.49750,0.99694,0.00227,0.00076,0.00002
203.00125,0.49750,0.99847,0.00103,0.00040,0.00010
203.10126,0.49750,0.99908,0.00030,0.00017,0.00045
203.20125,0.49750,0.99823,0.00023,0.00011,0.00143
203.30125,0.49750,0.99638,0.00063,0.00018,0.00282
203.40125,0.49750,0.99761,0.00030,0.00013,0.00195
203.50125,0.49750,0.99880,0.00009,0.00008,0.00103
203.60126,0.49750,0.99917,0.00005,0.00008,0.00070
203.70125,0.49750,0.99915,0.00005,0.00008,0.00073
203.80125,0.49750,0.99941,0.00007,0.00009,0.00042
203.90125,0.49750,0.99842,0.00094,0.00039,0.00025
204.00125,0.49750,0.98954,0.00904,0.00131,0.00011
204.10126,0.49750,0.97472,0.02266,0.00259,0.00003
204.20125,0.49750,0.98265,0.01356,0.00379,0.00001
204.30125,0.49750,0.99635,0.00177,0.00187,0.00000
204.40125,0.49750,0.99908,0.00027,0.00064,0.00001
204.50125,0.49750,0.99956,0.00010,0.00032,0.00003
204.60126,0.49750,0.99952,0.00010,0.00022,0.00017
204.70125,0.49750,0.99781,0.00046,0.00029,0.00144
204.80125,0.49750,0.99246,0.00199,0.00045,0.00510
204.90125,0.49750,0.99334,0.00162,0.00037,0.00468
205.00125,0.49750,0.99631,0.00152,0.00035,0.00182
205.10126,0.49750,0.99745,0.00174,0.00041,0.00041
205.20125,0.49750,0.99797,0.00155,0.00043,0.00005
205.30125,0.49750,0.99735,0.00198,0.00066,0.00001
205.40125,0.49750,0.99485,0.00386,0.00129,0.00000
205.50125,0.49750,0.99598,0.00265,0.00137,0.00000
205.60126,0.49750,0.99747,0.00154,0.00099,0.00001
205.70125,0.49750,0.99880,0.00069,0.00050,0.00001
205.80125,0.49750,0.99904,0.00053,0.00035,0.00008
205.90125,0.49750,0.99815,0.00087,0.00035,0.00064
206.00125,0.49750,0.99642,0.00122,0.00031,0.00204
206.10126,0.49750,0.99424,0.00114,0.00028,0.00434
206.20125,0.49750,0.98448,0.00886,0.00231,0.00436
206.30125,0.49750,0.95632,0.03756,0.00296,0.00316
206.40125,0.49750,0.98581,0.01142,0.00160,0.00117
206.50125,0.49750,0.98764,0.01010,0.00187,0.00039
206.60126,0.49750,0.98732,0.00727,0.00391,0.00150
206.70125,0.49750,0.98839,0.00515,0.00026,0.00620
206.80125,0.49750,0.99422,0.00146,0.00027,0.00405
206.90125,0.49750,0.99803,0.00071,0.00052,0.00075
207.00125,0.49750,0.99430,0.00298,0.00145,0.00127
207.10126,0.49750,0.97596,0.02180,0.00150,0.00074
207.20125,0.49750,0.98060,0.00962,0.00932,0.00046
207.30125,0.49750,0.97144,0.01669,0.00679,0.00508
207.40125,0.49750,0.67177,0.20840,0.00436,0.11547
207.50125,0.49750,0.76041,0.06116,0.00293,0.17550
207.60126,0.49750,0.72659,0.05009,0.00091,0.22241
207.70125,0.49750,0.85323,0.06700,0.00023,0.07954
207.80125,0.49750,0.98036,0.01184,0.00009,0.00770
207.90125,0.49750,0.99813,0.00099,0.00005,0.00083
208.00125,0.49750,0.99834,0.00133,0.00006,0.00027
208.10126,0.49750,0.99958,0.00015,0.00020,0.00007
208.20125,0.49750,0.99948,0.00011,0.00035,0.00006
208.30125,0.49750,0.99480,0.00114,0.00370,0.00037
208.40125,0.49750,0.99056,0.00330,0.00420,0.00194
208.50125,0.49750,0.98299,0.00840,0.00360,0.00501
208.60126,0.49750,0.96093,0.01980,0.00989,0.00938
208.70125,0.49750,0.94140,0.02487,0.00651,0.02722
208.80125,0.49750,0.94932,0.02827,0.00099,0.02142
208.90125,0.49750,0.98545,0.01182,0.00145,0.00128
209.00125,0.49750,0.98243,0.01454,0.00236,0.00066
209.10126,0.49750,0.97923,0.01701,0.00253,0.00123
209.20125,0.49750,0.98977,0.00715,0.00220,0.00088
209.30125,0.49750,0.99687,0.00105,0.00196,0.00012
209.40125,0.49750,0.99773,0.00076,0.00119,0.00032
209.50125,0.49750,0.99608,0.00010,0.00088,0.00293
209.60126,0.49750,0.99469,0.00043,0.00017,0.00471
209.70125,0.49750,0.99918,0.00009,0.00017,0.00056
209.80125,0.49750,0.99817,0.00017,0.00024,0.00143
209.90125,0.49750,0.98403,0.00014,0.00025,0.01558
210.00125,0.49750,0.99515,0.00044,0.00017,0.00424
210.10126,0.49750,0.99956,0.00002,0.00023,0.00019
210.20125,0.49750,0.99575,0.00004,0.00053,0.00369
210.30125,0.49750,0.97762,0.00028,0.00023,0.02187
210.40125,0.49750,0.99847,0.00014,0.00047,0.00092
210.50125,0.49750,0.99928,0.00006,0.00047,0.00020
210.60126,0.49750,0.99855,0.00015,0.00049,0.00081
210.70125,0.49750,0.99860,0.00065,0.00035,0.00039
210.80125,0.49750,0.99890,0.00005,0.00047,0.00059
210.90125,0.49750,0.97879,0.00147,0.00032,0.01941
211.00125,0.49750,0.97999,0.00084,0.00049,0.01867
211.10126,0.49750,0.97904,0.00098,0.00080,0.01917
211.20125,0.49750,0.95209,0.00060,0.00318,0.04414
211.30125,0.49750,0.95851,0.00092,0.01342,0.02714
211.40125,0.49750,0.94677,0.00021,0.03356,0.01946
211.50125,0.49750,0.63605,0.00118,0.09248,0.27029
211.60126,0.49750,0.50014,0.00104,0.12149,0.37734
211.70125,0.49750,0.73531,0.00247,0.09317,0.16904
211.80125,0.49750,0.69015,0.01415,0.23911,0.05659
211.90125,0.49750,0.67308,0.01183,0.28843,0.02665
212.00125,0.49750,0.65464,0.01005,0.31953,0.01579
212.10126,0.49750,0.43557,0.02261,0.53720,0.00463
212.20125,0.49750,0.43185,0.04766,0.51930,0.00119
212.30125,0.49750,0.67251,0.03512,0.29101,0.00135
212.40125,0.49750,0.66318,0.09574,0.24003,0.00105
212.50125,0.49750,0.65199,0.18698,0.16018,0.00085
212.60126,0.49750,0.75009,0.12145,0.12608,0.00237
212.70125,0.49750,0.69227,0.10639,0.19124,0.01010
212.80125,0.49750,0.77460,0.09004,0.13111,0.00425
212.90125,0.49750,0.89479,0.05750,0.04559,0.00212
213.00125,0.49750,0.92779,0.04728,0.02145,0.00348
213.10126,0.49750,0.92746,0.04701,0.01252,0.01301
213.20125,0.49750,0.87466,0.06348,0.00843,0.05343
213.30125,0.49750,0.58362,0.08105,0.01526,0.32007
213.40125,0.49750,0.51688,0.19856,0.03466,0.24989
213.50125,0.49750,0.74672,0.17609,0.03032,0.04687
213.60126,0.49750,0.79916,0.17108,0.02543,0.00433
213.70125,0.49750,0.89327,0.06838,0.03567,0.00268
213.80125,0.49750,0.91771,0.04766,0.02912,0.00550
213.90125,0.49750,0.92035,0.04642,0.01577,0.01746
214.00125,0.49750,0.74713,0.13688,0.01142,0.10456
214.10126,0.49750,0.38691,0.26444,0.00174,0.34692
214.20125,0.49750,0.12510,0.82289,0.00015,0.05186
214.30125,0.49750,0.31428,0.67815,0.00035,0.00722
214.40125,0.49750,0.81947,0.17773,0.00134,0.00146
214.50125,0.49750,0.96127,0.03413,0.00430,0.00031
214.60126,0.49750,0.97336,0.00709,0.01952,0.00003
214.70125,0.49750,0.97195,0.00068,0.02736,0.00001
214.80125,0.49750,0.98656,0.00159,0.01183,0.00002
214.90125,0.49750,0.98757,0.00643,0.00581,0.00018
215.00125,0.49750,0.97795,0.01550,0.00454,0.00201
215.10126,0.49750,0.96733,0.00366,0.00244,0.02657
215.20125,0.49750,0.80968,0.00024,0.00067,0.18940
215.30125,0.49750,0.46594,0.00003,0.00047,0.53356
215.40125,0.49750,0.54425,0.00004,0.00160,0.45411
215.50125,0.49750,0.93956,0.00014,0.00374,0.05656
215.60126,0.49750,0.98452,0.00110,0.00788,0.00650
215.70125,0.49750,0.95681,0.01676,0.02558,0.00085
215.80125,0.49750,0.84014,0.12157,0.03811,0.00018
215.90125,0.49750,0.83874,0.13848,0.02261,0.00016
216.00125,0.49750,0.73155,0.24034,0.02718,0.00093
216.10126,0.49750,0.53611,0.42578,0.03460,0.00351
216.20125,0.49750,0.38551,0.55635,0.04966,0.00849
216.30125,0.49750,0.34229,0.60730,0.03872,0.01168
216.40125,0.49750,0.41850,0.53883,0.02078,0.02189
216.50125,0.49750,0.74177,0.17937,0.01485,0.06401
216.60126,0.49750,0.83819,0.04095,0.00600,0.11486
216.70125,0.49750,0.74599,0.01848,0.00334,0.23219
216.80125,0.49750,0.55646,0.00333,0.00570,0.43451
216.90125,0.49750,0.66832,0.00455,0.04015,0.28698
217.00125,0.49750,0.76670,0.02031,0.14350,0.06948
217.10126,0.49750,0.75657,0.03784,0.19980,0.00579
217.20125,0.49750,0.79423,0.03168,0.17338,0.00071
217.30125,0.49750,0.85028,0.06455,0.08508,0.00009
217.40125,0.49750,0.96321,0.02151,0.01524,0.00004
217.50125,0.49750,0.98632,0.00678,0.00686,0.00004
217.60126,0.49750,0.99482,0.00196,0.00319,0.00003
217.70125,0.49750,0.99843,0.00063,0.00091,0.00003
217.80125,0.49750,0.99912,0.00046,0.00039,0.00004
217.90125,0.49750,0.99939,0.00037,0.00022,0.00003
218.00125,0.49750,0.99957,0.00027,0.00014,0.00002
218.10126,0.49750,0.99897,0.00076,0.00026,0.00002
218.20125,0.49750,0.99652,0.00278,0.00069,0.00002
218.30125,0.49750,0.99622,0.00302,0.00075,0.00001
218.40125,0.49750,0.99677,0.00250,0.00071,0.00001
218.50125,0.49750,0.99694,0.00178,0.00119,0.00010
218.60126,0.49750,0.99636,0.00097,0.00224,0.00043
218.70125,0.49750,0.99569,0.00109,0.00244,0.00078
218.80125,0.49750,0.99654,0.00096,0.00183,0.00067
218.90125,0.49750,0.99581,0.00156,0.00233,0.00030
219.00125,0.49750,0.99531,0.00294,0.00169,0.00006
219.10126,0.49750,0.99362,0.00534,0.00104,0.00001
219.20125,0.49750,0.99369,0.00522,0.00108,0.00001
219.30125,0.49750,0.98948,0.00717,0.00317,0.00018
219.40125,0.49750,0.98932,0.00365,0.00440,0.00264
219.50125,0.49750,0.96495,0.00133,0.00587,0.02785
219.60126,0.49750,0.76155,0.00023,0.00419,0.23403
219.70125,0.49750,0.41941,0.00005,0.00322,0.57731
219.80125,0.49750,0.36263,0.00002,0.00248,0.63487
219.90125,0.49750,0.38392,0.00002,0.00513,0.61093
220.00125,0.49750,0.37532,0.00004,0.01225,0.61238
220.10126,0.49750,0.37756,0.00012,0.05668,0.56565
220.20125,0.49750,0.46052,0.00048,0.17589,0.36312
220.30125,0.49750,0.75724,0.00264,0.17901,0.06110
220.40125,0.49750,0.89267,0.00642,0.09416,0.00676
220.50125,0.49750,0.96664,0.00820,0.02433,0.00083
220.60126,0.49750,0.98269,0.00972,0.00731,0.00027
220.70125,0.49750,0.98860,0.00426,0.00654,0.00061
220.80125,0.49750,0.97771,0.00204,0.01657,0.00369
220.90125,0.49750,0.96491,0.00157,0.02664,0.00688
221.00125,0.49750,0.96143,0.00193,0.03448,0.00216
221.10126,0.49750,0.97875,0.00172,0.01936,0.00018
221.20125,0.49750,0.98965,0.00274,0.00759,0.00001
221.30125,0.49750,0.98272,0.00885,0.00842,0.00001
221.40125,0.49750,0.97776,0.00441,0.01781,0.00001
221.50125,0.49750,0.96191,0.00455,0.03350,0.00005
221.60126,0.49750,0.85341,0.01571,0.13029,0.00059
221.70125,0.49750,0.82756,0.01465,0.15603,0.00176
221.80125,0.49750,0.94777,0.00626,0.04536,0.00062
221.90125,0.49750,0.98202,0.00711,0.01021,0.00065
222.00125,0.49750,0.98663,0.00448,0.00729,0.00160
222.10126,0.49750,0.99801,0.00076,0.00086,0.00037
222.20125,0.49750,0.99847,0.00077,0.00056,0.00021
222.30125,0.49750,0.99781,0.00139,0.00069,0.00011
222.40125,0.49750,0.99610,0.00289,0.00097,0.00004
222.50125,0.49750,0.99540,0.00395,0.00064,0.00001
222.60126,0.49750,0.99316,0.00591,0.00092,0.00001
222.70125,0.49750,0.99546,0.00379,0.00073,0.00002
222.80125,0.49750,0.99513,0.00392,0.00088,0.00006
222.90125,0.49750,0.99480,0.00423,0.00089,0.00008
223.00125,0.49750,0.99593,0.00327,0.00074,0.00006
223.10126,0.49750,0.99591,0.00316,0.00090,0.00003
223.20125,0.49750,0.99274,0.00579,0.00144,0.00002
223.30125,0.49750,0.99403,0.00310,0.00274,0.00013
223.40125,0.49750,0.99556,0.00090,0.00222,0.00132
223.50125,0.49750,0.97762,0.00025,0.00193,0.02019
223.60126,0.49750,0.79053,0.00013,0.00213,0.20721
223.70125,0.49750,0.36879,0.00007,0.00117,0.62998
223.80125,0.49750,0.25434,0.00008,0.00034,0.74524
223.90125,0.49750,0.22931,0.00020,0.00048,0.77001
224.00125,0.49750,0.35888,0.00115,0.00162,0.63836
224.10126,0.49750,0.47320,0.00467,0.00601,0.51611
224.20125,0.49750,0.86895,0.00658,0.00737,0.11710
224.30125,0.49750,0.97921,0.00660,0.00840,0.00580
224.40125,0.49750,0.98116,0.01023,0.00826,0.00036
224.50125,0.49750,0.97681,0.01711,0.00599,0.00008
224.60126,0.49750,0.99306,0.00589,0.00102,0.00003
224.70125,0.49750,0.99732,0.00217,0.00048,0.00003
224.80125,0.49750,0.99851,0.00105,0.00042,0.00002
224.90125,0.49750,0.99929,0.00034,0.00036,0.00001
225.00125,0.49750,0.99937,0.00014,0.00049,0.00000
225.10126,0.49750,0.99847,0.00026,0.00127,0.00000
225.20125,0.49750,0.99675,0.00055,0.00270,0.00000
225.30125,0.49750,0.99555,0.00110,0.00335,0.00000
225.40125,0.49750,0.99625,0.00159,0.00215,0.00000
225.50125,0.49750,0.99261,0.00555,0.00180,0.00004
225.60126,0.49750,0.98642,0.00938,0.00289,0.00131
225.70125,0.49750,0.96097,0.00565,0.00407,0.02930
225.80125,0.49750,0.69670,0.00229,0.00675,0.29426
225.90125,0.49750,0.38333,0.00108,0.01456,0.60104
226.00125,0.49750,0.70703,0.00037,0.01075,0.28185
226.10126,0.49750,0.97513,0.00033,0.00646,0.01809
226.20125,0.49750,0.99470,0.00050,0.00400,0.00079
226.30125,0.49750,0.99665,0.00124,0.00207,0.00005
226.40125,0.49750,0.99628,0.00287,0.00084,0.00000
226.50125,0.49750,0.99164,0.00685,0.00151,0.00000
226.60126,0.49750,0.99229,0.00563,0.00207,0.00000
226.70125,0.49750,0.99172,0.00552,0.00276,0.00000
226.80125,0.49750,0.98743,0.00857,0.00400,0.00001
226.90125,0.49750,0.99435,0.00301,0.00264,0.00000
227.00125,0.49750,0.99728,0.00116,0.00156,0.00000
227.10126,0.49750,0.99810,0.00091,0.00099,0.00000
227.20125,0.49750,0.99815,0.00105,0.00080,0.00000
227.30125,0.49750,0.99855,0.00085,0.00060,0.00000
227.40125,0.49750,0.99635,0.00281,0.00084,0.00000
227.50125,0.49750,0.99562,0.00365,0.00073,0.00000
227.60126,0.49750,0.99695,0.00256,0.00049,0.00000
227.70125,0.49750,0.99814,0.00155,0.00031,0.00001
227.80125,0.49750,0.99836,0.00136,0.00028,0.00001
227.90125,0.49750,0.99843,0.00125,0.00032,0.00000
228.00125,0.49750,0.99679,0.00264,0.00057,0.00000
228.10126,0.49750,0.99489,0.00420,0.00091,0.00000
228.20125,0.49750,0.99388,0.00499,0.00114,0.00000
228.30125,0.49750,0.99352,0.00519,0.00129,0.00000
228.40125,0.49750,0.98452,0.01296,0.00252,0.00000
228.50125,0.49750,0.96997,0.02423,0.00580,0.00000
228.60126,0.49750,0.96957,0.02392,0.00650,0.00001
228.70125,0.49750,0.98978,0.00688,0.00332,0.00001
228.80125,0.49750,0.99522,0.00261,0.00211,0.00006
228.90125,0.49750,0.99576,0.00091,0.00281,0.00052
229.00125,0.49750,0.99311,0.00189,0.00347,0.00154
229.10126,0.49750,0.99406,0.00160,0.00260,0.00174
229.20125,0.49750,0.99429,0.00101,0.00184,0.00286
229.30125,0.49750,0.98333,0.00696,0.00640,0.00330
229.40125,0.49750,0.97691,0.01779,0.00427,0.00103
229.50125,0.49750,0.99465,0.00334,0.00151,0.00050
229.60126,0.49750,0.99539,0.00291,0.00113,0.00057
229.70125,0.49750,0.99352,0.00444,0.00124,0.00081
229.80125,0.49750,0.99718,0.00138,0.00068,0.00076
229.90125,0.49750,0.99875,0.00025,0.00018,0.00082
230.00125,0.49750,0.99832,0.00015,0.00014,0.00140
230.10126,0.49750,0.99664,0.00067,0.00050,0.00219
230.20125,0.49750,0.99232,0.00327,0.00183,0.00258
230.30125,0.49750,0.99059,0.00474,0.00228,0.00239
230.40125,0.49750,0.98752,0.00686,0.00322,0.00240
230.50125,0.49750,0.98990,0.00529,0.00266,0.00215
230.60126,0.49750,0.99582,0.00126,0.00088,0.00204
230.70125,0.49750,0.99749,0.00019,0.00021,0.00211
230.80125,0.49750,0.99744,0.00007,0.00011,0.00238
230.90125,0.49750,0.99743,0.00005,0.00008,0.00244
231.00125,0.49750,0.99739,0.00005,0.00008,0.00249
231.10126,0.49750,0.99736,0.00005,0.00008,0.00251
231.20125,0.49750,0.99725,0.00006,0.00009,0.00260
231.30125,0.49750,0.99713,0.00008,0.00011,0.00268
231.40125,0.49750,0.99673,0.00011,0.00015,0.00301
231.50125,0.49750,0.99637,0.00014,0.00018,0.00331
231.60126,0.49750,0.99584,0.00018,0.00022,0.00375
231.70125,0.49750,0.99601,0.00016,0.00020,0.00362
231.80125,0.49750,0.99645,0.00010,0.00015,0.00331
231.90125,0.49750,0.99696,0.00007,0.00011,0.00286
232.00125,0.49750,0.99743,0.00005,0.00008,0.00245
232.10126,0.49750,0.99758,0.00004,0.00007,0.00231
232.20125,0.49750,0.99752,0.00004,0.00007,0.00236
232.30125,0.49750,0.99739,0.00005,0.00008,0.00248
232.40125,0.49750,0.99716,0.00006,0.00009,0.00269
232.50125,0.49750,0.99686,0.00007,0.00011,0.00296
232.60126,0.49750,0.99682,0.00008,0.00011,0.00299
232.70125,0.49750,0.99702,0.00006,0.00010,0.00282
232.80125,0.49750,0.99735,0.00005,0.00008,0.00252
232.90125,0.49750,0.99758,0.00004,0.00007,0.00231
233.00125,0.49750,0.99769,0.00004,0.00006,0.00221
233.10126,0.49750,0.99767,0.00004,0.00006,0.00223
233.20125,0.49750,0.99771,0.00004,0.00006,0.00219
233.30125,0.49750,0.99738,0.00005,0.00008,0.00249
233.40125,0.49750,0.99709,0.00006,0.00010,0.00275
233.50125,0.49750,0.99714,0.00006,0.00009,0.00271
233.60126,0.49750,0.99728,0.00005,0.00009,0.00258
233.70125,0.49750,0.99735,0.00006,0.00009,0.00250
233.80125,0.49750,0.99824,0.00012,0.00012,0.00152
233.90125,0.49750,0.99854,0.00050,0.00027,0.00070
234.00125,0.49750,0.99915,0.00042,0.00028,0.00015
234.10126,0.49750,0.99753,0.00153,0.00083,0.00011
234.20125,0.49750,0.98923,0.00678,0.00380,0.00019
234.30125,0.49750,0.97949,0.01389,0.00549,0.00113
234.40125,0.49750,0.96718,0.02231,0.00381,0.00670
234.50125,0.49750,0.80346,0.16002,0.00642,0.03010
234.60126,0.49750,0.84187,0.12938,0.00324,0.02551
234.70125,0.49750,0.90848,0.08102,0.00129,0.00921
234.80125,0.49750,0.87068,0.12582,0.00168,0.00182
234.90125,0.49750,0.86614,0.13028,0.00333,0.00024
235.00125,0.49750,0.93799,0.05834,0.00362,0.00005
235.10126,0.49750,0.96967,0.02642,0.00390,0.00001
235.20125,0.49750,0.98353,0.01322,0.00325,0.00001
235.30125,0.49750,0.99284,0.00493,0.00222,0.00001
235.40125,0.49750,0.99881,0.00046,0.00071,0.00002
235.50125,0.49750,0.99887,0.00049,0.00060,0.00004
235.60126,0.49750,0.99868,0.00062,0.00064,0.00007
235.70125,0.49750,0.99838,0.00083,0.00075,0.00005
235.80125,0.49750,0.99624,0.00234,0.00141,0.00002
235.90125,0.49750,0.95986,0.03228,0.00782,0.00005
236.00125,0.49750,0.90361,0.07161,0.02450,0.00028
236.10126,0.49750,0.55636,0.35996,0.08276,0.00092
236.20125,0.49750,0.37153,0.43948,0.18457,0.00442
236.30125,0.49750,0.52242,0.17692,0.26194,0.03872
236.40125,0.49750,0.75179,0.03812,0.14841,0.06168
236.50125,0.49750,0.85292,0.01480,0.07897,0.05331
236.60126,0.49750,0.93372,0.00399,0.02184,0.04045
236.70125,0.49750,0.96673,0.00312,0.01021,0.01993
236.80125,0.49750,0.98051,0.00316,0.00540,0.01094
236.90125,0.49750,0.98889,0.00227,0.00247,0.00637
237.00125,0.49750,0.99458,0.00075,0.00074,0.00392
237.10126,0.49750,0.99519,0.00047,0.00050,0.00384
237.20125,0.49750,0.99382,0.00018,0.00029,0.00571
237.30125,0.49750,0.98846,0.00022,0.00051,0.01081
237.40125,0.49750,0.97711,0.00067,0.00157,0.02065
237.50125,0.49750,0.94832,0.00311,0.00653,0.04204
237.60126,0.49750,0.90424,0.01076,0.02042,0.06458
237.70125,0.49750,0.85698,0.02155,0.04306,0.07840
237.80125,0.49750,0.82080,0.02208,0.07090,0.08622
237.90125,0.49750,0.84608,0.01032,0.06472,0.07888
238.00125,0.49750,0.85496,0.00480,0.05222,0.08802
238.10126,0.49750,0.87435,0.00218,0.03894,0.08453
238.20125,0.49750,0.91994,0.00072,0.02009,0.05925
238.30125,0.49750,0.96632,0.00044,0.00730,0.02594
238.40125,0.49750,0.98649,0.00039,0.00358,0.00955
238.50125,0.49750,0.99501,0.00032,0.00194,0.00274
238.60126,0.49750,0.99714,0.00061,0.00157,0.00068
238.70125,0.49750,0.99404,0.00339,0.00242,0.00015
238.80125,0.49750,0.97277,0.02089,0.00629,0.00006
238.90125,0.49750,0.91853,0.07083,0.01061,0.00003
239.00125,0.49750,0.87143,0.11810,0.01046,0.00001
239.10126,0.49750,0.87758,0.11331,0.00910,0.00001
239.20125,0.49750,0.91980,0.07255,0.00761,0.00004
239.30125,0.49750,0.96035,0.03433,0.00521,0.00012
239.40125,0.49750,0.97819,0.01747,0.00395,0.00038
239.50125,0.49750,0.97903,0.01519,0.00455,0.00123
239.60126,0.49750,0.97974,0.01355,0.00465,0.00206
239.70125,0.49750,0.96249,0.02755,0.00807,0.00190
239.80125,0.49750,0.96528,0.02704,0.00681,0.00086
239.90125,0.49750,0.94993,0.04110,0.00852,0.00045
240.00125,0.49750,0.89472,0.08912,0.01577,0.00038
240.10126,0.49750,0.83956,0.13820,0.02180,0.00044
240.20125,0.49750,0.87892,0.10009,0.02040,0.00059
240.30125,0.49750,0.80533,0.15449,0.03892,0.00126
240.40125,0.49750,0.81580,0.13540,0.04643,0.00237
240.50125,0.49750,0.95601,0.02455,0.01633,0.00312
240.60126,0.49750,0.98754,0.00471,0.00418,0.00358
240.70125,0.49750,0.98744,0.00284,0.00235,0.00737
240.80125,0.49750,0.98358,0.00170,0.00144,0.01327
240.90125,0.49750,0.99018,0.00094,0.00058,0.00830
241.00125,0.49750,0.98894,0.00368,0.00117,0.00622
241.10126,0.49750,0.96827,0.01529,0.00252,0.01393
241.20125,0.49750,0.94684,0.02468,0.00113,0.02735
241.30125,0.49750,0.84251,0.07894,0.00013,0.07842
241.40125,0.49750,0.40369,0.17238,0.00000,0.42393
241.50125,0.49750,0.12649,0.13291,0.00000,0.74060
241.60126,0.49750,0.12937,0.10203,0.00000,0.76860
241.70125,0.49750,0.30029,0.16596,0.00000,0.53375
241.80125,0.49750,0.66950,0.18603,0.00002,0.14445
241.90125,0.49750,0.73094,0.24986,0.00085,0.01835
242.00125,0.49750,0.76243,0.22339,0.01191,0.00227
242.10126,0.49750,0.64034,0.34637,0.01293,0.00036
242.20125,0.49750,0.37257,0.61473,0.01263,0.00007
242.30125,0.49750,0.44254,0.54536,0.01200,0.00009
242.40125,0.49750,0.70767,0.28311,0.00863,0.00059
242.50125,0.49750,0.63566,0.36053,0.00071,0.00310
242.60126,0.49750,0.73154,0.26519,0.00043,0.00284
242.70125,0.49750,0.79466,0.19713,0.00027,0.00794
242.80125,0.49750,0.83316,0.15846,0.00017,0.00820
242.90125,0.49750,0.95119,0.04648,0.00015,0.00219
243.00125,0.49750,0.96917,0.02853,0.00114,0.00115
243.10126,0.49750,0.91613,0.07835,0.00288,0.00264
243.20125,0.49750,0.92525,0.06630,0.00583,0.00262
243.30125,0.49750,0.96842,0.02483,0.00583,0.00092
243.40125,0.49750,0.94865,0.04198,0.00870,0.00067
243.50125,0.49750,0.97802,0.01616,0.00539,0.00044
243.60126,0.49750,0.99415,0.00371,0.00150,0.00064
243.70125,0.49750,0.99734,0.00110,0.00056,0.00100
243.80125,0.49750,0.99608,0.00167,0.00044,0.00181
243.90125,0.49750,0.99761,0.00066,0.00022,0.00152
244.00125,0.49750,0.99915,0.00007,0.00008,0.00070
244.10126,0.49750,0.99972,0.00001,0.00003,0.00024
244.20125,0.49750,0.99982,0.00000,0.00003,0.00015
244.30125,0.49750,0.99979,0.00000,0.00003,0.00018
244.40125,0.49750,0.99961,0.00000,0.00006,0.00033
244.50125,0.49750,0.99915,0.00001,0.00010,0.00073
244.60126,0.49750,0.99904,0.00005,0.00011,0.00080
244.70125,0.49750,0.99849,0.00068,0.00036,0.00047
244.80125,0.49750,0.98697,0.01156,0.00086,0.00061
244.90125,0.49750,0.95659,0.04110,0.00211,0.00020
245.00125,0.49750,0.90514,0.09049,0.00432,0.00006
245.10126,0.49750,0.88109,0.11268,0.00619,0.00003
245.20125,0.49750,0.91994,0.07533,0.00459,0.00014
245.30125,0.49750,0.97868,0.01616,0.00425,0.00091
245.40125,0.49750,0.98970,0.00132,0.00178,0.00721
245.50125,0.49750,0.91887,0.00031,0.00217,0.07865
245.60126,0.49750,0.53091,0.00020,0.00357,0.46533
245.70125,0.49750,0.60187,0.00013,0.00527,0.39273
245.80125,0.49750,0.94061,0.00006,0.00235,0.05699
245.90125,0.49750,0.99116,0.00015,0.00211,0.00658
246.00125,0.49750,0.99743,0.00045,0.00178,0.00035
246.10126,0.49750,0.99896,0.00014,0.00088,0.00002
246.20125,0.49750,0.99878,0.00011,0.00111,0.00000
246.30125,0.49750,0.99413,0.00145,0.00441,0.00001
246.40125,0.49750,0.98637,0.00986,0.00370,0.00006
246.50125,0.49750,0.96967,0.02727,0.00222,0.00084
246.60126,0.49750,0.84462,0.14571,0.00179,0.00787
246.70125,0.49750,0.63077,0.29370,0.00181,0.07373
246.80125,0.49750,0.44550,0.28730,0.00310,0.26410
246.90125,0.49750,0.45218,0.32845,0.00520,0.21417
247.00125,0.49750,0.35706,0.48817,0.00276,0.15201
247.10126,0.49750,0.18016,0.71806,0.00065,0.10112
247.20125,0.49750,0.08346,0.88426,0.00006,0.03221
247.30125,0.49750,0.04259,0.95171,0.00002,0.00568
247.40125,0.49750,0.38098,0.61430,0.00038,0.00433
247.50125,0.49750,0.89823,0.09856,0.00224,0.00097
247.60126,0.49750,0.95864,0.03446,0.00682,0.00008
247.70125,0.49750,0.95836,0.01315,0.02848,0.00001
247.80125,0.49750,0.98763,0.00187,0.01050,0.00000
247.90125,0.49750,0.99147,0.00413,0.00439,0.00000
248.00125,0.49750,0.98894,0.00910,0.00193,0.00002
248.10126,0.49750,0.98943,0.00799,0.00200,0.00058
248.20125,0.49750,0.98876,0.00091,0.00125,0.00908
248.30125,0.49750,0.88717,0.00012,0.00095,0.11176
248.40125,0.49750,0.50339,0.00002,0.00124,0.49535
248.50125,0.49750,0.56165,0.00005,0.00574,0.43256
248.60126,0.49750,0.90976,0.00024,0.01467,0.07533
248.70125,0.49750,0.91601,0.00369,0.05456,0.02573
248.80125,0.49750,0.76684,0.06151,0.16350,0.00816
248.90125,0.49750,0.35099,0.46416,0.18271,0.00214
249.00125,0.49750,0.28896,0.61542,0.09247,0.00316
249.10126,0.49750,0.25113,0.66169,0.07853,0.00865
249.20125,0.49750,0.30158,0.62844,0.05749,0.01249
249.30125,0.49750,0.38880,0.55624,0.03825,0.01671
249.40125,0.49750,0.62464,0.33601,0.02054,0.01881
249.50125,0.49750,0.69854,0.27264,0.00633,0.02249
249.60126,0.49750,0.56545,0.41233,0.00080,0.02142
249.70125,0.49750,0.41932,0.56663,0.00027,0.01379
249.80125,0.49750,0.66927,0.32035,0.00022,0.01016
249.90125,0.49750,0.86055,0.13298,0.00014,0.00633
250.00125,0.49750,0.83631,0.16013,0.00054,0.00303
250.10126,0.49750,0.86334,0.12899,0.00662,0.00105
250.20125,0.49750,0.93354,0.05561,0.01060,0.00025
250.30125,0.49750,0.89418,0.09207,0.01362,0.00014
250.40125,0.49750,0.93145,0.05853,0.00989,0.00013
250.50125,0.49750,0.97455,0.02187,0.00341,0.00017
250.60126,0.49750,0.99085,0.00777,0.00102,0.00036
250.70125,0.49750,0.99539,0.00289,0.00052,0.00120
250.80125,0.49750,0.99611,0.00168,0.00037,0.00183
250.90125,0.49750,0.99531,0.00300,0.00047,0.00122
251.00125,0.49750,0.99505,0.00409,0.00065,0.00021
251.10126,0.49750,0.99476,0.00437,0.00083,0.00004
251.20125,0.49750,0.99385,0.00487,0.00127,0.00001
251.30125,0.49750,0.98838,0.00891,0.00271,0.00000
251.40125,0.49750,0.99158,0.00602,0.00240,0.00000
251.50125,0.49750,0.99746,0.00153,0.00101,0.00001
251.60126,0.49750,0.99847,0.00086,0.00062,0.00004
251.70125,0.49750,0.99827,0.00085,0.00043,0.00044
251.80125,0.49750,0.99590,0.00123,0.00037,0.00250
251.90125,0.49750,0.99292,0.00152,0.00039,0.00517
252.00125,0.49750,0.99391,0.00221,0.00043,0.00346
252.10126,0.49750,0.99744,0.00108,0.00023,0.00126
252.20125,0.49750,0.99850,0.00069,0.00016,0.00065
252.30125,0.49750,0.99910,0.00045,0.00012,0.00033
252.40125,0.49750,0.99895,0.00074,0.00018,0.00013
252.50125,0.49750,0.99781,0.00178,0.00036,0.00005
252.60126,0.49750,0.99081,0.00801,0.00116,0.00002
252.70125,0.49750,0.95609,0.04019,0.00370,0.00001
252.80125,0.49750,0.90931,0.08493,0.00575,0.00000
252.90125,0.49750,0.92198,0.07164,0.00633,0.00005
253.00125,0.49750,0.91722,0.07255,0.00905,0.00118
253.10126,0.49750,0.93016,0.04585,0.00850,0.01548
253.20125,0.49750,0.92905,0.01086,0.00303,0.05706
253.30125,0.49750,0.89944,0.00478,0.00168,0.09410
253.40125,0.49750,0.98161,0.00223,0.00064,0.01551
253.50125,0.49750,0.99642,0.00200,0.00042,0.00116
253.60126,0.49750,0.99585,0.00352,0.00051,0.00012
253.70125,0.49750,0.99052,0.00848,0.00096,0.00004
253.80125,0.49750,0.98699,0.01179,0.00120,0.00002
253.90125,0.49750,0.99135,0.00773,0.00088,0.00004
254.00125,0.49750,0.99587,0.00352,0.00047,0.00014
254.10126,0.49750,0.99833,0.00114,0.00021,0.00031
254.20125,0.49750,0.99848,0.00099,0.00019,0.00034
254.30125,0.49750,0.99647,0.00287,0.00043,0.00023
254.40125,0.49750,0.99187,0.00719,0.00083,0.00011
254.50125,0.49750,0.99302,0.00619,0.00074,0.00005
254.60126,0.49750,0.99356,0.00571,0.00067,0.00006
254.70125,0.49750,0.99458,0.00447,0.00066,0.00030
254.80125,0.49750,0.99713,0.00171,0.00032,0.00085
254.90125,0.49750,0.99736,0.00146,0.00029,0.00090
255.00125,0.49750,0.99479,0.00412,0.00063,0.00046
255.10126,0.49750,0.99364,0.00539,0.00078,0.00019
255.20125,0.49750,0.99695,0.00252,0.00045,0.00007
255.30125,0.49750,0.99758,0.00192,0.00043,0.00007
255.40125,0.49750,0.99824,0.00117,0.00035,0.00023
255.50125,0.49750,0.99926,0.00020,0.00015,0.00039
255.60126,0.49750,0.99893,0.00036,0.00023,0.00049
255.70125,0.49751,0.99665,0.00228,0.00084,0.00023
255.80125,0.49748,0.99063,0.00755,0.00174,0.00008
255.90125,0.49750,0.99265,0.00562,0.00171,0.00002
256.00125,0.49750,0.99334,0.00519,0.00144,0.00004
256.10126,0.49750,0.99500,0.00389,0.00100,0.00011
256.20126,0.49750,0.99715,0.00192,0.00049,0.00044
256.30124,0.49750,0.99807,0.00051,0.00018,0.00123
256.40125,0.49750,0.99736,0.00082,0.00018,0.00163
256.50125,0.49750,0.99804,0.00075,0.00017,0.00103
256.60126,0.49750,0.99955,0.00011,0.00007,0.00027
256.70126,0.49750,0.99984,0.00002,0.00004,0.00010
256.80124,0.49750,0.99988,0.00001,0.00004,0.00007
256.90125,0.49750,0.99988,0.00001,0.00006,0.00005
257.00125,0.49750,0.99969,0.00007,0.00021,0.00002
257.10126,0.49750,0.99828,0.00089,0.00082,0.00001
257.20126,0.49750,0.99453,0.00380,0.00166,0.00001
257.30124,0.49750,0.99620,0.00253,0.00126,0.00001
257.40125,0.49750,0.99891,0.00057,0.00051,0.00002
257.50125,0.49750,0.99967,0.00012,0.00019,0.00003
257.60126,0.49750,0.99986,0.00002,0.00007,0.00005
257.70126,0.49750,0.99985,0.00001,0.00004,0.00011
257.80124,0.49750,0.99983,0.00001,0.00004,0.00012
257.90125,0.49750,0.99978,0.00002,0.00005,0.00014
258.00125,0.49750,0.99967,0.00002,0.00005,0.00026
258.10126,0.49750,0.99957,0.00002,0.00004,0.00037
258.20126,0.49750,0.99962,0.00003,0.00004,0.00031
258.30124,0.49750,0.99969,0.00007,0.00006,0.00018
258.40125,0.49750,0.99964,0.00016,0.00013,0.00007
258.50125,0.49750,0.99935,0.00032,0.00031,0.00002
258.60126,0.49750,0.99872,0.00060,0.00068,0.00000
258.70126,0.49750,0.99597,0.00246,0.00157,0.00000
258.80124,0.49750,0.99446,0.00370,0.00183,0.00000
258.90125,0.49750,0.99747,0.00164,0.00088,0.00001
259.00125,0.49750,0.99711,0.00213,0.00067,0.00009
259.10126,0.49750,0.99191,0.00634,0.00080,0.00095
259.20126,0.49750,0.99175,0.00353,0.00051,0.00422
259.30124,0.49750,0.99093,0.00429,0.00052,0.00426
259.40125,0.49750,0.99078,0.00682,0.00063,0.00176
259.50125,0.49750,0.99723,0.00182,0.00031,0.00063
259.60126,0.49750,0.99952,0.00021,0.00011,0.00016
259.70126,0.49750,0.99976,0.00007,0.00008,0.00009
259.80124,0.49750,0.99979,0.00002,0.00005,0.00013
259.90125,0.49750,0.99978,0.00004,0.00008,0.00010
260.00125,0.49750,0.99946,0.00024,0.00026,0.00003
260.10126,0.49750,0.99795,0.00127,0.00077,0.00001
260.20126,0.49750,0.99715,0.00174,0.00110,0.00001
260.30124,0.49750,0.99824,0.00088,0.00087,0.00001
260.40125,0.49750,0.99952,0.00013,0.00034,0.00001
260.50125,0.49750,0.99985,0.00001,0.00011,0.00002
260.60126,0.49750,0.99989,0.00001,0.00006,0.00005
260.70126,0.49750,0.99986,0.00001,0.00005,0.00008
260.80124,0.49750,0.99982,0.00001,0.00006,0.00011
260.90125,0.49750,0.99972,0.00003,0.00006,0.00019
261.00125,0.49750,0.99947,0.00007,0.00007,0.00038
261.10126,0.49750,0.99936,0.00009,0.00008,0.00048
261.20126,0.49750,0.99948,0.00004,0.00006,0.00042
261.30124,0.49750,0.99960,0.00002,0.00005,0.00033
261.40125,0.49750,0.99972,0.00003,0.00007,0.00018
261.50125,0.49750,0.99979,0.00004,0.00010,0.00006
261.60126,0.49750,0.99966,0.00011,0.00021,0.00002
261.70126,0.49750,0.99924,0.00032,0.00042,0.00002
261.80124,0.49750,0.99835,0.00095,0.00069,0.00002
261.90125,0.49750,0.99843,0.00089,0.00066,0.00001
262.00125,0.49750,0.99949,0.00021,0.00028,0.00003
262.10126,0.49750,0.99970,0.00009,0.00014,0.00006
262.20126,0.49750,0.99971,0.00007,0.00012,0.00010
262.30124,0.49750,0.99970,0.00004,0.00008,0.00019
262.40125,0.49750,0.99964,0.00006,0.00008,0.00022
262.50125,0.49750,0.99952,0.00012,0.00009,0.00028
262.60126,0.49750,0.99950,0.00011,0.00008,0.00031
262.70126,0.49750,0.99960,0.00009,0.00006,0.00026
262.80124,0.49750,0.99973,0.00007,0.00006,0.00014
262.90125,0.49750,0.99980,0.00004,0.00007,0.00009
263.00125,0.49750,0.99984,0.00003,0.00008,0.00005
263.10126,0.49750,0.99985,0.00002,0.00011,0.00003
263.20126,0.49750,0.99981,0.00002,0.00014,0.00002
263.30124,0.49750,0.99977,0.00004,0.00017,0.00002
263.40125,0.49750,0.99980,0.00003,0.00014,0.00004
263.50125,0.49750,0.99971,0.00006,0.00014,0.00009
263.60126,0.49750,0.99945,0.00016,0.00014,0.00025
263.70126,0.49750,0.99916,0.00031,0.00015,0.00039
263.80124,0.49750,0.99872,0.00081,0.00023,0.00024
263.90125,0.49750,0.99753,0.00198,0.00034,0.00015
264.00125,0.49750,0.99719,0.00228,0.00038,0.00015
264.10126,0.49750,0.99699,0.00238,0.00044,0.00019
264.20126,0.49750,0.99873,0.00072,0.00026,0.00029
264.30124,0.49750,0.99911,0.00017,0.00014,0.00058
264.40125,0.49750,0.99912,0.00008,0.00011,0.00069
264.50125,0.49750,0.99944,0.00014,0.00015,0.00028
264.60126,0.49750,0.99890,0.00060,0.00042,0.00008
264.70126,0.49750,0.99444,0.00423,0.00130,0.00003
264.80124,0.49750,0.99144,0.00662,0.00193,0.00001
264.90125,0.49750,0.99378,0.00425,0.00197,0.00001
265.00125,0.49750,0.99830,0.00077,0.00092,0.00001
265.10126,0.49750,0.99945,0.00015,0.00038,0.00002
265.20126,0.49750,0.99974,0.00004,0.00016,0.00006
265.30124,0.49750,0.99961,0.00004,0.00012,0.00023
265.40125,0.49750,0.99925,0.00010,0.00012,0.00052
265.50125,0.49750,0.99883,0.00017,0.00013,0.00087
265.60126,0.49750,0.99900,0.00013,0.00009,0.00078
265.70126,0.49750,0.99927,0.00011,0.00007,0.00054
265.80124,0.49750,0.99940,0.00008,0.00007,0.00045
265.90125,0.49750,0.99954,0.00009,0.00009,0.00028
266.00125,0.49750,0.99918,0.00047,0.00025,0.00010
266.10126,0.49750,0.99623,0.00288,0.00084,0.00004
266.20126,0.49750,0.98539,0.01248,0.00211,0.00002
266.30124,0.49750,0.97497,0.02253,0.00249,0.00001
266.40125,0.49750,0.94537,0.05164,0.00291,0.00008
266.50125,0.49750,0.91908,0.07658,0.00306,0.00128
266.60126,0.49750,0.94093,0.04656,0.00224,0.01027
266.70126,0.49750,0.94862,0.02496,0.00158,0.02484
266.80124,0.49750,0.94515,0.03265,0.00185,0.02035
266.90125,0.49750,0.98801,0.00567,0.00063,0.00569
267.00125,0.49750,0.99827,0.00087,0.00022,0.00064
267.10126,0.49750,0.99934,0.00035,0.00017,0.00015
267.20126,0.49750,0.99970,0.00007,0.00009,0.00015
267.30124,0.49750,0.99977,0.00002,0.00008,0.00013
267.40125,0.49750,0.99974,0.00005,0.00013,0.00009
267.50125,0.49750,0.99958,0.00013,0.00024,0.00005
267.60126,0.49750,0.99932,0.00029,0.00035,0.00004
267.70126,0.49750,0.99950,0.00017,0.00030,0.00003
267.80124,0.49750,0.99949,0.00018,0.00030,0.00003
267.90125,0.49750,0.99880,0.00065,0.00047,0.00009
268.00125,0.49750,0.99763,0.00195,0.00008,0.00035
268.10126,0.49750,0.99618,0.00292,0.00004,0.00086
268.20126,0.49750,0.98433,0.01531,0.00010,0.00025
268.30124,0.49750,0.95878,0.04090,0.00017,0.00015
268.40125,0.49750,0.99172,0.00802,0.00009,0.00016
268.50125,0.49750,0.99734,0.00196,0.00051,0.00019
268.60126,0.49750,0.99885,0.00059,0.00039,0.00017
268.70126,0.49750,0.99879,0.00042,0.00019,0.00061
268.80124,0.49750,0.99833,0.00093,0.00026,0.00047
268.90125,0.49750,0.99830,0.00122,0.00040,0.00008
269.00125,0.49750,0.99902,0.00055,0.00041,0.00001
269.10126,0.49750,0.99796,0.00120,0.00083,0.00001
269.20126,0.49750,0.99863,0.00048,0.00089,0.00000
269.30124,0.49750,0.99898,0.00014,0.00088,0.00000
269.40125,0.49750,0.99882,0.00013,0.00105,0.00000
269.50125,0.49750,0.99875,0.00014,0.00110,0.00000
269.60126,0.49750,0.99922,0.00007,0.00071,0.00000
269.70126,0.49750,0.99939,0.00006,0.00055,0.00000
269.80124,0.49750,0.99904,0.00031,0.00065,0.00000
269.90125,0.49750,0.99658,0.00155,0.00187,0.00000
270.00125,0.49750,0.98341,0.01121,0.00537,0.00001
270.10126,0.49750,0.92974,0.06017,0.01006,0.00003
270.20126,0.49750,0.87379,0.11636,0.00981,0.00004
270.30124,0.49750,0.92713,0.06506,0.00779,0.00002
270.40125,0.49750,0.97264,0.02403,0.00331,0.00001
270.50125,0.49750,0.98123,0.01600,0.00273,0.00004
270.60126,0.49750,0.96837,0.02697,0.00462,0.00004
270.70126,0.49750,0.94351,0.04925,0.00721,0.00004
270.80124,0.49750,0.95477,0.03945,0.00572,0.00006
270.90125,0.49750,0.98815,0.01009,0.00172,0.00003
271.00125,0.49750,0.99626,0.00313,0.00059,0.00002
271.10126,0.49750,0.99909,0.00071,0.00017,0.00002
271.20126,0.49750,0.99961,0.00026,0.00008,0.00006
271.30124,0.49750,0.99961,0.00023,0.00008,0.00008
271.40125,0.49750,0.99942,0.00036,0.00011,0.00011
271.50125,0.49750,0.99924,0.00051,0.00016,0.00009
271.60126,0.49750,0.99834,0.00124,0.00034,0.00008
271.70126,0.49750,0.99644,0.00277,0.00074,0.00005
271.80124,0.49750,0.99697,0.00208,0.00093,0.00003
271.90125,0.49750,0.99723,0.00159,0.00117,0.00001
272.00125,0.49750,0.99792,0.00113,0.00095,0.00000
272.10126,0.49750,0.99920,0.00036,0.00044,0.00001
272.20126,0.49750,0.99964,0.00014,0.00021,0.00001
272.30124,0.49750,0.99972,0.00014,0.00014,0.00001
272.40125,0.49750,0.99963,0.00020,0.00013,0.00004
272.50125,0.49750,0.99928,0.00040,0.00019,0.00013
272.60126,0.49750,0.99536,0.00376,0.00033,0.00055
272.70126,0.49750,0.97943,0.01692,0.00051,0.00314
272.80124,0.49750,0.93224,0.02795,0.00086,0.03895
272.90125,0.49750,0.86106,0.07742,0.00133,0.06020
273.00125,0.49750,0.92195,0.05107,0.00162,0.02536
273.10126,0.49750,0.98630,0.00802,0.00214,0.00355
273.20126,0.49750,0.98853,0.00798,0.00318,0.00032
273.30124,0.49750,0.97122,0.02421,0.00450,0.00006
273.40125,0.49750,0.94029,0.04810,0.01148,0.00014
273.50125,0.49750,0.67761,0.28844,0.03381,0.00014
273.60126,0.49750,0.41517,0.55712,0.02761,0.00010
273.70126,0.49750,0.68498,0.29426,0.02018,0.00058
273.80124,0.49750,0.72372,0.26102,0.01302,0.00223
273.90125,0.49750,0.73083,0.26063,0.00257,0.00597
274.00125,0.49750,0.83766,0.13593,0.00096,0.02546
274.10126,0.49750,0.86375,0.06193,0.00057,0.07375
274.20126,0.49750,0.91706,0.04663,0.00044,0.03587
274.30124,0.49750,0.97806,0.01884,0.00035,0.00276
274.40125,0.49750,0.98996,0.00900,0.00084,0.00019
274.50125,0.49750,0.98604,0.01252,0.00140,0.00003
274.60126,0.49750,0.98440,0.01341,0.00219,0.00001
274.70126,0.49750,0.99447,0.00394,0.00159,0.00001
274.80124,0.49750,0.99815,0.00101,0.00082,0.00002
274.90125,0.49750,0.99945,0.00020,0.00031,0.00004
275.00125,0.49750,0.99979,0.00002,0.00010,0.00009
275.10126,0.49750,0.99977,0.00001,0.00006,0.00016
275.20126,0.49750,0.99972,0.00004,0.00009,0.00015
275.30124,0.49750,0.99970,0.00006,0.00012,0.00013
275.40125,0.49750,0.99975,0.00005,0.00011,0.00009
275.50125,0.49750,0.99975,0.00006,0.00010,0.00009
275.60126,0.49750,0.99977,0.00004,0.00007,0.00013
275.70126,0.49750,0.99979,0.00001,0.00005,0.00015
275.80124,0.49750,0.99981,0.00001,0.00003,0.00015
275.90125,0.49750,0.99988,0.00001,0.00007,0.00005
276.00125,0.49750,0.99988,0.00000,0.00009,0.00002
276.10126,0.49750,0.99981,0.00001,0.00016,0.00002
276.20126,0.49750,0.99906,0.00007,0.00075,0.00012
276.30124,0.49750,0.99906,0.00017,0.00043,0.00034
276.40125,0.49750,0.99241,0.00194,0.00007,0.00559
276.50125,0.49750,0.94455,0.02765,0.00011,0.02769
276.60126,0.49750,0.97756,0.01886,0.00018,0.00341
276.70126,0.49750,0.95762,0.04183,0.00013,0.00042
276.80124,0.49750,0.87173,0.12720,0.00008,0.00099
276.90125,0.49750,0.95065,0.04816,0.00052,0.00067
277.00125,0.49750,0.93210,0.06429,0.00051,0.00310
277.10126,0.49750,0.67140,0.25151,0.00042,0.07667
277.20126,0.49750,0.67264,0.14431,0.00044,0.18261
277.30124,0.49750,0.93513,0.02005,0.00093,0.04389
277.40125,0.49750,0.98625,0.00435,0.00045,0.00895
277.50125,0.49750,0.99703,0.00168,0.00041,0.00089
277.60126,0.49750,0.99719,0.00214,0.00059,0.00009
277.70126,0.49750,0.99694,0.00220,0.00084,0.00002
277.80124,0.49750,0.99614,0.00257,0.00128,0.00001
277.90125,0.49750,0.98712,0.01041,0.00245,0.00001
278.00125,0.49750,0.99040,0.00768,0.00191,0.00001
278.10126,0.49750,0.99828,0.00107,0.00063,0.00002
278.20126,0.49750,0.99848,0.00101,0.00043,0.00008
278.30124,0.49750,0.99758,0.00172,0.00043,0.00027
278.40125,0.49750,0.99802,0.00071,0.00025,0.00102
278.50125,0.49750,0.99761,0.00046,0.00017,0.00176
278.60126,0.49750,0.99614,0.00100,0.00024,0.00262
278.70126,0.49750,0.99823,0.00032,0.00013,0.00132
278.80124,0.49750,0.99927,0.00009,0.00008,0.00056
278.90125,0.49750,0.99949,0.00006,0.00008,0.00038
279.00125,0.49750,0.99952,0.00006,0.00010,0.00032
279.10126,0.49750,0.99961,0.00009,0.00012,0.00019
279.20126,0.49750,0.99873,0.00076,0.00038,0.00013
279.30124,0.49750,0.99241,0.00626,0.00126,0.00006
279.40125,0.49750,0.98098,0.01672,0.00227,0.00002
279.50125,0.49750,0.98395,0.01312,0.00292,0.00001
279.60126,0.49750,0.99567,0.00254,0.00179,0.00001
279.70126,0.49750,0.99804,0.00102,0.00093,0.00001
279.80124,0.49750,0.99755,0.00168,0.00064,0.00013
279.90125,0.49750,0.99745,0.00146,0.00049,0.00060
280.00125,0.49750,0.99678,0.00169,0.00034,0.00118
280.10126,0.49750,0.98789,0.01054,0.00064,0.00094
280.20126,0.49750,0.99260,0.00648,0.00054,0.00039
280.30124,0.49750,0.99927,0.00043,0.00022,0.00008
280.40125,0.49750,0.99968,0.00014,0.00014,0.00004
280.50125,0.49750,0.99971,0.00011,0.00013,0.00005
280.60126,0.49750,0.99970,0.00011,0.00015,0.00005
280.70126,0.49750,0.99941,0.00025,0.00032,0.00002
280.80124,0.49750,0.99682,0.00209,0.00108,0.00001
280.90125,0.49750,0.97873,0.01789,0.00337,0.00001
281.00125,0.49750,0.96930,0.02713,0.00357,0.00001
281.10126,0.49750,0.97365,0.02375,0.00256,0.00004
281.20126,0.49750,0.95285,0.04365,0.00270,0.00081
281.30124,0.49750,0.96619,0.02602,0.00179,0.00601
281.40125,0.49750,0.96915,0.00623,0.00071,0.02392
281.50125,0.49750,0.95504,0.00397,0.00057,0.04041
281.60126,0.49750,0.98216,0.00140,0.00026,0.01619
281.70126,0.49750,0.99794,0.00033,0.00012,0.00160
281.80124,0.49750,0.99888,0.00064,0.00022,0.00025
281.90125,0.49750,0.99606,0.00320,0.00067,0.00007
282.00125,0.49750,0.97879,0.01888,0.00232,0.00002
282.10126,0.49750,0.90839,0.08540,0.00620,0.00001
282.20126,0.49750,0.81805,0.17314,0.00881,0.00001
282.30124,0.49750,0.93205,0.06355,0.00438,0.00002
282.40125,0.49750,0.97292,0.02410,0.00286,0.00011
282.50125,0.49750,0.99255,0.00585,0.00119,0.00040
282.60126,0.49750,0.99793,0.00094,0.00031,0.00082
282.70126,0.49750,0.99844,0.00037,0.00017,0.00102
282.80124,0.49750,0.99909,0.00036,0.00017,0.00038
282.90125,0.49750,0.99968,0.00014,0.00009,0.00009
283.00125,0.49750,0.99976,0.00012,0.00009,0.00004
283.10126,0.49750,0.99976,0.00010,0.00010,0.00003
283.20126,0.49750,0.99981,0.00007,0.00009,0.00004
283.30124,0.49750,0.99979,0.00006,0.00008,0.00006
283.40125,0.49750,0.99969,0.00013,0.00011,0.00007
283.50125,0.49750,0.99956,0.00022,0.00014,0.00007
283.60126,0.49750,0.99915,0.00057,0.00023,0.00005
283.70126,0.49750,0.99793,0.00168,0.00036,0.00003
283.80124,0.49750,0.99534,0.00412,0.00053,0.00001
283.90125,0.49750,0.99351,0.00588,0.00060,0.00001
284.00125,0.49750,0.99319,0.00617,0.00062,0.00001
284.10126,0.49750,0.99468,0.00443,0.00083,0.00007
284.20126,0.49750,0.99554,0.00251,0.00147,0.00048
284.30124,0.49750,0.99306,0.00113,0.00229,0.00353
284.40125,0.49750,0.98246,0.00092,0.00212,0.01450
