Time (seconds), Duration (seconds),pred_(unlabeled),pred_Jab_R,pred_Sidehook_R,pred_Uppercut_R
0.00125,0.99750,0.99999,0.00000,0.00000,0.00001
0.10125,0.99750,1.00000,0.00000,0.00000,0.00000
0.20125,0.99750,1.00000,0.00000,0.00000,0.00000
0.30125,0.99750,1.00000,0.00000,0.00000,0.00000
0.40125,0.99750,1.00000,0.00000,0.00000,0.00000
0.50125,0.99750,1.00000,0.00000,0.00000,0.00000
0.60125,0.99750,1.00000,0.00000,0.00000,0.00000
0.70125,0.99750,1.00000,0.00000,0.00000,0.00000
0.80125,0.99750,1.00000,0.00000,0.00000,0.00000
0.90125,0.99750,1.00000,0.00000,0.00000,0.00000
1.00125,0.99750,1.00000,0.00000,0.00000,0.00000
1.10125,0.99750,0.99999,0.00000,0.00000,0.00001
1.20125,0.99750,1.00000,0.00000,0.00000,0.00000
1.30125,0.99750,0.99999,0.00000,0.00000,0.00001
1.40125,0.99750,0.99997,0.00002,0.00000,0.00001
1.50125,0.99750,0.99973,0.00026,0.00000,0.00001
1.60125,0.99750,0.99675,0.00323,0.00000,0.00001
1.70125,0.99750,0.96266,0.03728,0.00003,0.00003
1.80125,0.99750,0.71424,0.28538,0.00031,0.00007
1.90125,0.99750,0.51258,0.48678,0.00055,0.00008
2.00125,0.99750,0.68113,0.31852,0.00029,0.00007
2.10125,0.99750,0.96564,0.03430,0.00003,0.00003
2.20125,0.99750,0.99792,0.00201,0.00000,0.00007
2.30125,0.99750,0.99987,0.00011,0.00000,0.00002
2.40125,0.99750,0.99995,0.00001,0.00000,0.00004
2.50125,0.99750,0.99997,0.00000,0.00000,0.00003
2.60125,0.99750,0.99999,0.00000,0.00000,0.00001
2.70125,0.99750,0.99999,0.00000,0.00000,0.00001
2.80125,0.99750,1.00000,0.00000,0.00000,0.00000
2.90125,0.99750,1.00000,0.00000,0.00000,0.00000
3.00125,0.99750,1.00000,0.00000,0.00000,0.00000
3.10125,0.99750,1.00000,0.00000,0.00000,0.00000
3.20125,0.99750,0.99999,0.00000,0.00000,0.00001
3.30125,0.99750,1.00000,0.00000,0.00000,0.00000
3.40125,0.99750,0.99998,0.00001,0.00000,0.00001
3.50125,0.99750,0.99992,0.00007,0.00000,0.00000
3.60125,0.99750,0.99898,0.00101,0.00000,0.00001
3.70125,0.99750,0.98796,0.01202,0.00000,0.00002
3.80125,0.99750,0.86963,0.13027,0.00006,0.00005
3.90125,0.99750,0.37179,0.62778,0.00036,0.00007
4.00125,0.99750,0.10519,0.89418,0.00059,0.00004
4.10125,0.99750,0.25498,0.74457,0.00039,0.00006
4.20125,0.99750,0.74273,0.25704,0.00016,0.00007
4.30125,0.99750,0.98195,0.01774,0.00001,0.00030
4.40125,0.99750,0.99893,0.00094,0.00003,0.00009
4.50125,0.99750,0.99974,0.00008,0.00001,0.00018
4.60125,0.99750,0.99989,0.00001,0.00000,0.00010
4.70125,0.99750,0.99996,0.00000,0.00000,0.00004
4.80125,0.99750,0.99999,0.00000,0.00000,0.00001
4.90125,0.99750,1.00000,0.00000,0.00000,0.00000
5.00125,0.99750,0.99999,0.00000,0.00000,0.00001
5.10125,0.99750,0.99998,0.00000,0.00000,0.00002
5.20125,0.99750,1.00000,0.00000,0.00000,0.00000
5.30125,0.99750,0.99997,0.00002,0.00000,0.00001
5.40125,0.99750,0.99974,0.00026,0.00000,0.00000
5.50125,0.99750,0.99643,0.00357,0.00000,0.00001
5.60125,0.99750,0.94863,0.05135,0.00001,0.00001
5.70125,0.99750,0.57276,0.42713,0.00010,0.00002
5.80125,0.99750,0.10994,0.88976,0.00029,0.00001
5.90125,0.99750,0.11568,0.88403,0.00028,0.00001
6.00125,0.99750,0.55286,0.44696,0.00015,0.00002
6.10125,0.99750,0.94948,0.05048,0.00003,0.00001
6.20125,0.99750,0.99780,0.00215,0.00000,0.00005
6.30125,0.99750,0.99981,0.00017,0.00000,0.00002
6.40125,0.99750,0.99994,0.00001,0.00000,0.00004
6.50125,0.99750,0.99997,0.00000,0.00000,0.00003
6.60125,0.99750,0.99999,0.00000,0.00000,0.00001
6.70125,0.99750,0.99999,0.00000,0.00000,0.00001
6.80125,0.99750,0.99999,0.00000,0.00000,0.00001
6.90125,0.99750,0.99998,0.00000,0.00000,0.00002
7.00125,0.99750,0.99998,0.00000,0.00000,0.00001
7.10125,0.99750,0.99994,0.00002,0.00000,0.00004
7.20125,0.99750,0.99965,0.00034,0.00000,0.00002
7.30125,0.99750,0.99499,0.00497,0.00000,0.00004
7.40125,0.99750,0.93593,0.06394,0.00004,0.00010
7.50125,0.99750,0.51565,0.48372,0.00048,0.00015
7.60125,0.99750,0.12088,0.87794,0.00108,0.00010
7.70125,0.99750,0.20921,0.78979,0.00089,0.00011
7.80125,0.99750,0.71172,0.28784,0.00031,0.00012
7.90125,0.99750,0.97675,0.02314,0.00004,0.00007
8.00125,0.99750,0.99885,0.00107,0.00001,0.00007
8.10125,0.99750,0.99989,0.00007,0.00001,0.00003
8.20125,0.99750,0.99994,0.00001,0.00000,0.00006
8.30125,0.99750,0.99997,0.00000,0.00000,0.00003
8.40125,0.99750,0.99999,0.00000,0.00000,0.00001
8.50125,0.99750,1.00000,0.00000,0.00000,0.00000
8.60125,0.99750,0.99999,0.00000,0.00000,0.00001
8.70125,0.99750,0.99998,0.00000,0.00000,0.00002
8.80125,0.99750,0.99998,0.00000,0.00000,0.00001
8.90125,0.99750,0.99993,0.00003,0.00000,0.00004
9.00125,0.99750,0.99977,0.00022,0.00000,0.00001
9.10125,0.99750,0.99702,0.00297,0.00000,0.00001
9.20125,0.99750,0.96038,0.03959,0.00000,0.00002
9.30125,0.99750,0.62149,0.37840,0.00008,0.00003
9.40125,0.99750,0.11850,0.88115,0.00034,0.00001
9.50125,0.99750,0.03651,0.96298,0.00050,0.00001
9.60125,0.99750,0.05993,0.93945,0.00061,0.00001
9.70125,0.99750,0.28011,0.71944,0.00044,0.00002
9.80125,0.99750,0.87800,0.12180,0.00008,0.00012
9.90125,0.99750,0.99410,0.00565,0.00021,0.00004
10.00125,0.99750,0.99896,0.00081,0.00006,0.00016
10.10125,0.99750,0.99976,0.00006,0.00001,0.00017
10.20125,0.99750,0.99992,0.00000,0.00000,0.00007
10.30125,0.99750,0.99997,0.00000,0.00000,0.00003
10.40125,0.99750,0.99999,0.00000,0.00000,0.00001
10.50125,0.99750,1.00000,0.00000,0.00000,0.00000
10.60125,0.99750,1.00000,0.00000,0.00000,0.00000
10.70125,0.99750,1.00000,0.00000,0.00000,0.00000
10.80125,0.99750,1.00000,0.00000,0.00000,0.00000
10.90125,0.99750,1.00000,0.00000,0.00000,0.00000
11.00125,0.99750,0.99999,0.00000,0.00000,0.00001
11.10125,0.99750,1.00000,0.00000,0.00000,0.00000
11.20125,0.99750,0.99999,0.00000,0.00000,0.00001
11.30125,0.99750,0.99997,0.00003,0.00000,0.00000
11.40125,0.99750,0.99966,0.00033,0.00000,0.00000
11.50125,0.99750,0.99687,0.00313,0.00000,0.00000
11.60125,0.99750,0.96060,0.03939,0.00000,0.00000
11.70125,0.99750,0.64427,0.35568,0.00005,0.00001
11.80125,0.99750,0.15872,0.84115,0.00013,0.00000
11.90125,0.99750,0.08727,0.91249,0.00024,0.00000
12.00125,0.99750,0.49193,0.50792,0.00014,0.00001
12.10125,0.99750,0.93885,0.06105,0.00002,0.00007
12.20125,0.99750,0.99297,0.00688,0.00013,0.00003
12.30125,0.99750,0.99855,0.00124,0.00007,0.00014
12.40125,0.99750,0.99980,0.00010,0.00000,0.00009
12.50125,0.99750,0.99995,0.00001,0.00000,0.00005
12.60125,0.99750,0.99997,0.00000,0.00000,0.00003
12.70125,0.99750,0.99999,0.00000,0.00000,0.00001
12.80125,0.99750,0.99999,0.00000,0.00000,0.00001
12.90125,0.99750,0.99999,0.00000,0.00000,0.00001
13.00125,0.99750,1.00000,0.00000,0.00000,0.00000
13.10125,0.99750,1.00000,0.00000,0.00000,0.00000
13.20125,0.99750,0.99999,0.00000,0.00000,0.00001
13.30125,0.99750,0.99998,0.00000,0.00000,0.00002
13.40125,0.99750,0.99999,0.00000,0.00000,0.00001
13.50125,0.99750,0.99994,0.00003,0.00000,0.00003
13.60125,0.99750,0.99975,0.00024,0.00000,0.00001
13.70125,0.99750,0.99690,0.00309,0.00000,0.00001
13.80125,0.99750,0.95677,0.04319,0.00002,0.00002
13.90125,0.99750,0.60829,0.39142,0.00026,0.00003
14.00125,0.99750,0.10508,0.89406,0.00085,0.00001
14.10125,0.99750,0.04858,0.95050,0.00092,0.00001
14.20125,0.99750,0.24905,0.75044,0.00049,0.00002
14.30125,0.99750,0.80288,0.19699,0.00011,0.00002
14.40125,0.99750,0.98833,0.01162,0.00001,0.00005
14.50125,0.99750,0.99883,0.00113,0.00001,0.00003
14.60125,0.99750,0.99976,0.00014,0.00001,0.00009
14.70125,0.99750,0.99989,0.00002,0.00000,0.00010
14.80125,0.99750,0.99995,0.00000,0.00000,0.00005
14.90125,0.99750,0.99997,0.00000,0.00000,0.00003
15.00125,0.99750,0.99999,0.00000,0.00000,0.00001
15.10125,0.99750,0.99999,0.00000,0.00000,0.00001
15.20125,0.99750,1.00000,0.00000,0.00000,0.00000
15.30125,0.99750,1.00000,0.00000,0.00000,0.00000
15.40125,0.99750,0.99999,0.00000,0.00000,0.00001
15.50125,0.99750,0.99999,0.00000,0.00000,0.00001
15.60125,0.99750,1.00000,0.00000,0.00000,0.00000
15.70125,0.99750,1.00000,0.00000,0.00000,0.00000
15.80125,0.99750,0.99999,0.00000,0.00000,0.00001
15.90125,0.99750,0.99999,0.00000,0.00000,0.00001
16.00125,0.99750,0.99999,0.00000,0.00000,0.00001
16.10125,0.99750,0.99999,0.00000,0.00000,0.00001
16.20125,0.99750,0.99999,0.00000,0.00000,0.00001
16.30125,0.99750,0.99998,0.00000,0.00000,0.00002
16.40125,0.99750,0.99998,0.00000,0.00000,0.00002
16.50125,0.99750,0.99998,0.00000,0.00000,0.00002
16.60125,0.99750,0.99995,0.00000,0.00000,0.00005
16.70125,0.99750,0.99989,0.00000,0.00000,0.00011
16.80125,0.99750,0.99993,0.00002,0.00000,0.00004
16.90125,0.99750,0.99956,0.00031,0.00000,0.00013
17.00125,0.99750,0.99713,0.00282,0.00000,0.00005
17.10125,0.99750,0.97571,0.02421,0.00001,0.00007
17.20125,0.99750,0.87163,0.12817,0.00013,0.00007
17.30125,0.99750,0.46849,0.53053,0.00092,0.00006
17.40125,0.99750,0.09068,0.90653,0.00276,0.00003
17.50125,0.99750,0.08814,0.90953,0.00230,0.00003
17.60125,0.99750,0.55148,0.44781,0.00065,0.00006
17.70125,0.99750,0.93448,0.06542,0.00006,0.00005
17.80125,0.99750,0.99406,0.00579,0.00001,0.00014
17.90125,0.99750,0.99932,0.00060,0.00001,0.00006
18.00125,0.99750,0.99972,0.00010,0.00000,0.00018
18.10125,0.99750,0.99986,0.00001,0.00000,0.00013
18.20125,0.99750,0.99994,0.00000,0.00000,0.00006
18.30125,0.99750,0.99997,0.00000,0.00000,0.00003
18.40125,0.99750,0.99999,0.00000,0.00000,0.00001
18.50125,0.99750,0.99999,0.00000,0.00000,0.00001
18.60125,0.99750,0.99999,0.00000,0.00000,0.00001
18.70125,0.99750,0.99999,0.00000,0.00000,0.00001
18.80125,0.99750,0.99998,0.00000,0.00000,0.00002
18.90125,0.99750,0.99999,0.00000,0.00000,0.00001
19.00125,0.99750,0.99999,0.00001,0.00000,0.00001
19.10125,0.99750,0.99994,0.00005,0.00000,0.00000
19.20125,0.99750,0.99918,0.00082,0.00000,0.00001
19.30125,0.99750,0.98848,0.01150,0.00001,0.00002
19.40125,0.99750,0.85954,0.14031,0.00012,0.00003
19.50125,0.99750,0.31991,0.67925,0.00081,0.00003
19.60125,0.99750,0.10323,0.89552,0.00123,0.00002
19.70125,0.99750,0.38727,0.61207,0.00063,0.00003
19.80125,0.99750,0.87723,0.12265,0.00009,0.00002
19.90125,0.99750,0.99073,0.00916,0.00001,0.00010
20.00125,0.99750,0.99895,0.00097,0.00002,0.00005
20.10125,0.99750,0.99936,0.00036,0.00001,0.00027
20.20125,0.99750,0.99959,0.00006,0.00000,0.00034
20.30125,0.99750,0.99983,0.00001,0.00000,0.00017
20.40125,0.99750,0.99992,0.00000,0.00000,0.00008
20.50125,0.99750,0.99996,0.00000,0.00000,0.00004
20.60125,0.99750,0.99997,0.00000,0.00000,0.00003
20.70125,0.99750,0.99998,0.00000,0.00000,0.00002
20.80125,0.99750,0.99998,0.00000,0.00000,0.00002
20.90125,0.99750,0.99999,0.00000,0.00000,0.00001
21.00125,0.99750,0.99999,0.00000,0.00000,0.00001
21.10125,0.99750,1.00000,0.00000,0.00000,0.00000
21.20125,0.99750,0.99999,0.00000,0.00000,0.00001
21.30125,0.99750,1.00000,0.00000,0.00000,0.00000
21.40125,0.99750,0.99999,0.00000,0.00000,0.00001
21.50125,0.99750,0.99999,0.00001,0.00000,0.00001
21.60125,0.99750,0.99986,0.00013,0.00000,0.00001
21.70125,0.99750,0.99824,0.00175,0.00000,0.00002
21.80125,0.99750,0.97865,0.02130,0.00002,0.00004
21.90125,0.99750,0.80518,0.19456,0.00021,0.00006
22.00125,0.99750,0.36944,0.62966,0.00082,0.00007
22.10125,0.99750,0.32967,0.66962,0.00064,0.00008
22.20125,0.99750,0.74131,0.25844,0.00017,0.00008
22.30125,0.99750,0.94448,0.05519,0.00004,0.00029
22.40125,0.99750,0.99186,0.00763,0.00003,0.00048
22.50125,0.99750,0.99691,0.00216,0.00004,0.00089
22.60125,0.99750,0.99879,0.00022,0.00000,0.00098
22.70125,0.99750,0.99956,0.00002,0.00000,0.00042
22.80125,0.99750,0.99981,0.00000,0.00000,0.00019
22.90125,0.99750,0.99991,0.00000,0.00000,0.00009
23.00125,0.99750,0.99994,0.00000,0.00000,0.00006
23.10125,0.99750,0.99995,0.00000,0.00000,0.00005
23.20125,0.99750,0.99995,0.00000,0.00000,0.00005
23.30125,0.99750,0.99994,0.00000,0.00000,0.00006
23.40125,0.99750,0.99994,0.00000,0.00000,0.00006
23.50125,0.99750,0.99992,0.00000,0.00000,0.00008
23.60125,0.99750,0.99988,0.00000,0.00000,0.00012
23.70125,0.99750,0.99984,0.00000,0.00000,0.00016
23.80125,0.99750,0.99985,0.00000,0.00000,0.00015
23.90125,0.99750,0.99986,0.00000,0.00000,0.00014
24.00125,0.99750,0.99982,0.00000,0.00000,0.00018
24.10125,0.99750,0.99955,0.00000,0.00000,0.00044
24.20125,0.99750,0.99984,0.00004,0.00000,0.00012
24.30125,0.99750,0.99959,0.00026,0.00000,0.00015
24.40125,0.99750,0.99898,0.00099,0.00000,0.00003
24.50125,0.99750,0.99701,0.00298,0.00000,0.00001
24.60125,0.99750,0.98344,0.01654,0.00000,0.00002
24.70125,0.99750,0.86808,0.13182,0.00008,0.00003
24.80125,0.99750,0.47234,0.52723,0.00040,0.00003
24.90125,0.99750,0.30766,0.69185,0.00044,0.00005
25.00125,0.99750,0.54521,0.45453,0.00022,0.00005
25.10125,0.99750,0.88208,0.11782,0.00006,0.00004
25.20125,0.99750,0.99178,0.00812,0.00001,0.00009
25.30125,0.99750,0.99913,0.00082,0.00001,0.00004
25.40125,0.99750,0.99979,0.00010,0.00000,0.00011
25.50125,0.99750,0.99987,0.00001,0.00000,0.00012
25.60125,0.99750,0.99994,0.00000,0.00000,0.00006
25.70125,0.99750,0.99997,0.00000,0.00000,0.00003
25.80125,0.99750,0.99999,0.00000,0.00000,0.00001
25.90125,0.99750,0.99999,0.00000,0.00000,0.00001
26.00125,0.99750,0.99999,0.00000,0.00000,0.00001
26.10125,0.99750,0.99998,0.00000,0.00000,0.00002
26.20125,0.99750,0.99999,0.00000,0.00000,0.00001
26.30125,0.99750,0.99996,0.00001,0.00000,0.00003
26.40125,0.99750,0.99993,0.00006,0.00000,0.00001
26.50125,0.99750,0.99921,0.00078,0.00000,0.00001
26.60125,0.99750,0.99166,0.00831,0.00001,0.00002
26.70125,0.99750,0.91597,0.08390,0.00009,0.00004
26.80125,0.99750,0.50427,0.49495,0.00072,0.00006
26.90125,0.99750,0.33919,0.65986,0.00088,0.00007
27.00125,0.99750,0.50306,0.49640,0.00046,0.00008
27.10125,0.99750,0.83898,0.16077,0.00015,0.00010
27.20125,0.99750,0.97289,0.02681,0.00002,0.00028
27.30125,0.99750,0.99739,0.00244,0.00004,0.00012
27.40125,0.99750,0.99943,0.00023,0.00001,0.00033
27.50125,0.99750,0.99974,0.00002,0.00000,0.00024
27.60125,0.99750,0.99990,0.00000,0.00000,0.00010
27.70125,0.99750,0.99995,0.00000,0.00000,0.00005
27.80125,0.99750,0.99998,0.00000,0.00000,0.00002
27.90125,0.99750,0.99998,0.00000,0.00000,0.00002
28.00125,0.99750,0.99999,0.00000,0.00000,0.00001
28.10125,0.99750,0.99999,0.00000,0.00000,0.00001
28.20125,0.99750,0.99999,0.00000,0.00000,0.00001
28.30125,0.99750,0.99999,0.00000,0.00000,0.00001
28.40125,0.99750,0.99997,0.00002,0.00000,0.00001
28.50125,0.99750,0.99976,0.00024,0.00000,0.00000
28.60125,0.99750,0.99661,0.00338,0.00000,0.00001
28.70125,0.99750,0.95642,0.04354,0.00002,0.00002
28.80125,0.99750,0.64725,0.35250,0.00021,0.00003
28.90125,0.99750,0.18263,0.81679,0.00056,0.00002
29.00125,0.99750,0.29788,0.70170,0.00039,0.00003
29.10125,0.99750,0.67397,0.32586,0.00013,0.00004
29.20125,0.99750,0.96026,0.03964,0.00002,0.00009
29.30125,0.99750,0.99732,0.00259,0.00000,0.00009
29.40125,0.99750,0.99963,0.00029,0.00000,0.00007
29.50125,0.99750,0.99977,0.00003,0.00000,0.00019
29.60125,0.99750,0.99989,0.00000,0.00000,0.00010
29.70125,0.99750,0.99995,0.00000,0.00000,0.00005
29.80125,0.99750,0.99998,0.00000,0.00000,0.00002
29.90125,0.99750,0.99999,0.00000,0.00000,0.00001
30.00125,0.99750,0.99999,0.00000,0.00000,0.00001
30.10125,0.99750,0.99999,0.00000,0.00000,0.00001
30.20125,0.99750,0.99999,0.00000,0.00000,0.00001
30.30125,0.99750,0.99999,0.00000,0.00000,0.00001
30.40125,0.99750,0.99997,0.00000,0.00000,0.00002
30.50125,0.99750,0.99994,0.00004,0.00000,0.00001
30.60125,0.99750,0.99947,0.00051,0.00000,0.00001
30.70125,0.99750,0.99431,0.00566,0.00000,0.00003
30.80125,0.99750,0.93199,0.06789,0.00007,0.00006
30.90125,0.99750,0.51285,0.48631,0.00077,0.00007
31.00125,0.99750,0.10925,0.88897,0.00174,0.00004
31.10125,0.99750,0.14624,0.85240,0.00130,0.00006
31.20125,0.99750,0.25842,0.74064,0.00084,0.00011
31.30125,0.99750,0.61518,0.38401,0.00032,0.00049
31.40125,0.99750,0.96007,0.03893,0.00059,0.00041
31.50125,0.99750,0.99479,0.00423,0.00016,0.00082
31.60125,0.99750,0.99877,0.00036,0.00001,0.00086
31.70125,0.99750,0.99955,0.00003,0.00000,0.00042
31.80125,0.99750,0.99981,0.00000,0.00000,0.00019
31.90125,0.99750,0.99992,0.00000,0.00000,0.00008
32.00125,0.99750,0.99996,0.00000,0.00000,0.00004
32.10125,0.99750,0.99998,0.00000,0.00000,0.00002
32.20125,0.99750,1.00000,0.00000,0.00000,0.00000
32.30125,0.99750,1.00000,0.00000,0.00000,0.00000
32.40125,0.99750,1.00000,0.00000,0.00000,0.00000
32.50125,0.99750,1.00000,0.00000,0.00000,0.00000
32.60125,0.99750,1.00000,0.00000,0.00000,0.00000
32.70125,0.99750,1.00000,0.00000,0.00000,0.00000
32.80125,0.99750,1.00000,0.00000,0.00000,0.00000
32.90125,0.99750,0.99999,0.00000,0.00000,0.00001
33.00125,0.99750,1.00000,0.00000,0.00000,0.00000
33.10125,0.99750,0.99998,0.00001,0.00000,0.00002
33.20125,0.99750,0.99993,0.00006,0.00000,0.00001
33.30125,0.99750,0.99913,0.00087,0.00000,0.00001
33.40125,0.99750,0.99097,0.00901,0.00001,0.00001
33.50125,0.99750,0.91175,0.08812,0.00011,0.00002
33.60125,0.99750,0.49870,0.50030,0.00097,0.00003
33.70125,0.99750,0.17207,0.82596,0.00195,0.00003
33.80125,0.99750,0.34903,0.64987,0.00106,0.00003
33.90125,0.99750,0.84933,0.15044,0.00019,0.00004
34.00125,0.99750,0.98497,0.01486,0.00002,0.00015
34.10125,0.99750,0.99707,0.00276,0.00006,0.00011
34.20125,0.99750,0.99909,0.00048,0.00001,0.00042
34.30125,0.99750,0.99966,0.00004,0.00000,0.00030
34.40125,0.99750,0.99985,0.00000,0.00000,0.00014
34.50125,0.99750,0.99994,0.00000,0.00000,0.00006
34.60125,0.99750,0.99997,0.00000,0.00000,0.00003
34.70125,0.99750,0.99998,0.00000,0.00000,0.00002
34.80125,0.99750,0.99999,0.00000,0.00000,0.00001
34.90125,0.99750,0.99999,0.00000,0.00000,0.00001
35.00125,0.99750,0.99999,0.00000,0.00000,0.00001
35.10125,0.99750,0.99999,0.00000,0.00000,0.00001
35.20125,0.99750,0.99999,0.00000,0.00000,0.00001
35.30125,0.99750,0.99997,0.00002,0.00000,0.00001
35.40125,0.99750,0.99973,0.00026,0.00000,0.00001
35.50125,0.99750,0.99643,0.00355,0.00000,0.00001
35.60125,0.99750,0.95644,0.04350,0.00003,0.00003
35.70125,0.99750,0.64488,0.35470,0.00036,0.00006
35.80125,0.99750,0.16311,0.83560,0.00124,0.00005
35.90125,0.99750,0.16109,0.83770,0.00115,0.00005
36.00125,0.99750,0.61803,0.38147,0.00040,0.00010
36.10125,0.99750,0.96077,0.03906,0.00004,0.00013
36.20125,0.99750,0.99805,0.00185,0.00002,0.00008
36.30125,0.99750,0.99973,0.00015,0.00001,0.00010
36.40125,0.99750,0.99987,0.00001,0.00000,0.00012
36.50125,0.99750,0.99994,0.00000,0.00000,0.00006
36.60125,0.99750,0.99998,0.00000,0.00000,0.00002
36.70125,0.99750,0.99999,0.00000,0.00000,0.00001
36.80125,0.99750,1.00000,0.00000,0.00000,0.00000
36.90125,0.99750,1.00000,0.00000,0.00000,0.00000
37.00125,0.99750,1.00000,0.00000,0.00000,0.00000
37.10125,0.99750,0.99999,0.00000,0.00000,0.00001
37.20125,0.99750,0.99999,0.00000,0.00000,0.00001
37.30125,0.99750,0.99997,0.00001,0.00000,0.00003
37.40125,0.99750,0.99989,0.00010,0.00000,0.00001
37.50125,0.99750,0.99893,0.00107,0.00000,0.00000
37.60125,0.99750,0.98534,0.01465,0.00000,0.00001
37.70125,0.99750,0.82170,0.17821,0.00007,0.00002
37.80125,0.99750,0.25417,0.74535,0.00047,0.00001
37.90125,0.99750,0.05719,0.94200,0.00080,0.00001
38.00125,0.99750,0.13136,0.86790,0.00073,0.00001
38.10125,0.99750,0.45897,0.54049,0.00052,0.00002
38.20125,0.99750,0.92478,0.07510,0.00006,0.00006
38.30125,0.99750,0.99472,0.00518,0.00007,0.00003
38.40125,0.99750,0.99922,0.00064,0.00002,0.00012
38.50125,0.99750,0.99960,0.00009,0.00000,0.00032
38.60125,0.99750,0.99984,0.00001,0.00000,0.00015
38.70125,0.99750,0.99992,0.00000,0.00000,0.00007
38.80125,0.99750,0.99997,0.00000,0.00000,0.00003
38.90125,0.99750,0.99999,0.00000,0.00000,0.00001
39.00125,0.99750,0.99999,0.00000,0.00000,0.00001
39.10125,0.99750,0.99999,0.00000,0.00000,0.00001
39.20125,0.99750,0.99999,0.00000,0.00000,0.00001
39.30125,0.99750,0.99999,0.00000,0.00000,0.00001
39.40125,0.99750,0.99997,0.00001,0.00000,0.00002
39.50125,0.99750,0.99992,0.00007,0.00000,0.00000
39.60125,0.99750,0.99916,0.00083,0.00000,0.00000
39.70125,0.99750,0.98960,0.01039,0.00000,0.00001
39.80125,0.99750,0.87872,0.12117,0.00009,0.00002
39.90125,0.99750,0.35488,0.64439,0.00070,0.00003
40.00125,0.99750,0.11518,0.88371,0.00109,0.00002
40.10125,0.99750,0.48929,0.51012,0.00055,0.00004
40.20125,0.99750,0.93162,0.06828,0.00006,0.00004
40.30125,0.99750,0.99520,0.00474,0.00000,0.00006
40.40125,0.99750,0.99953,0.00043,0.00001,0.00003
40.50125,0.99750,0.99986,0.00004,0.00000,0.00009
40.60125,0.99750,0.99992,0.00000,0.00000,0.00008
40.70125,0.99750,0.99997,0.00000,0.00000,0.00003
40.80125,0.99750,0.99999,0.00000,0.00000,0.00001
40.90125,0.99750,1.00000,0.00000,0.00000,0.00000
41.00125,0.99750,1.00000,0.00000,0.00000,0.00000
41.10125,0.99750,1.00000,0.00000,0.00000,0.00000
41.20125,0.99750,0.99999,0.00000,0.00000,0.00001
41.30125,0.99750,0.99999,0.00000,0.00000,0.00001
41.40125,0.99750,0.99998,0.00000,0.00000,0.00002
41.50125,0.99750,0.99997,0.00002,0.00000,0.00001
41.60125,0.99750,0.99968,0.00031,0.00000,0.00001
41.70125,0.99750,0.99566,0.00433,0.00000,0.00002
41.80125,0.99750,0.94354,0.05639,0.00004,0.00003
41.90125,0.99750,0.55943,0.44002,0.00052,0.00004
42.00125,0.99750,0.12239,0.87635,0.00124,0.00002
42.10125,0.99750,0.26057,0.73838,0.00102,0.00003
42.20125,0.99750,0.76712,0.23255,0.00025,0.00007
42.30125,0.99750,0.97698,0.02293,0.00002,0.00007
42.40125,0.99750,0.99776,0.00218,0.00003,0.00003
42.50125,0.99750,0.99952,0.00034,0.00001,0.00013
42.60125,0.99750,0.99980,0.00004,0.00000,0.00017
42.70125,0.99750,0.99992,0.00000,0.00000,0.00008
42.80125,0.99750,0.99996,0.00000,0.00000,0.00004
42.90125,0.99750,0.99998,0.00000,0.00000,0.00002
43.00125,0.99750,0.99999,0.00000,0.00000,0.00001
43.10125,0.99750,0.99999,0.00000,0.00000,0.00001
43.20125,0.99750,0.99999,0.00000,0.00000,0.00001
43.30125,0.99750,0.99999,0.00000,0.00000,0.00001
43.40125,0.99750,0.99999,0.00000,0.00000,0.00001
43.50125,0.99750,0.99999,0.00000,0.00000,0.00001
43.60125,0.99750,0.99999,0.00000,0.00000,0.00001
43.70125,0.99750,0.99999,0.00000,0.00000,0.00001
43.80125,0.99750,0.99999,0.00000,0.00000,0.00001
43.90125,0.99750,0.99999,0.00000,0.00000,0.00001
44.00125,0.99750,0.99996,0.00000,0.00000,0.00004
44.10125,0.99750,0.99996,0.00000,0.00000,0.00004
44.20125,0.99750,0.99994,0.00001,0.00000,0.00005
44.30125,0.99750,0.99987,0.00008,0.00000,0.00004
44.40125,0.99750,0.99914,0.00083,0.00000,0.00003
44.50125,0.99750,0.99129,0.00867,0.00000,0.00004
44.60125,0.99750,0.91024,0.08965,0.00003,0.00007
44.70125,0.99750,0.45622,0.54342,0.00029,0.00007
44.80125,0.99750,0.08890,0.91021,0.00086,0.00002
44.90125,0.99750,0.13076,0.86807,0.00114,0.00002
45.00125,0.99750,0.58414,0.41524,0.00058,0.00003
45.10125,0.99750,0.94957,0.05029,0.00008,0.00006
45.20125,0.99750,0.99675,0.00319,0.00003,0.00003
45.30125,0.99750,0.99967,0.00027,0.00002,0.00004
45.40125,0.99750,0.99993,0.00002,0.00000,0.00005
45.50125,0.99750,0.99997,0.00000,0.00000,0.00003
45.60125,0.99750,0.99999,0.00000,0.00000,0.00001
45.70125,0.99750,0.99999,0.00000,0.00000,0.00001
45.80125,0.99750,0.99998,0.00000,0.00000,0.00002
45.90125,0.99750,0.99999,0.00000,0.00000,0.00001
46.00125,0.99750,0.99997,0.00000,0.00000,0.00002
46.10125,0.99750,0.99997,0.00002,0.00000,0.00001
46.20125,0.99750,0.99967,0.00032,0.00000,0.00001
46.30125,0.99750,0.99618,0.00380,0.00000,0.00002
46.40125,0.99750,0.95679,0.04316,0.00002,0.00003
46.50125,0.99750,0.68098,0.31878,0.00018,0.00006
46.60125,0.99750,0.18980,0.80972,0.00043,0.00005
46.70125,0.99750,0.25353,0.74605,0.00036,0.00006
46.80125,0.99750,0.73892,0.26085,0.00014,0.00008
46.90125,0.99750,0.98108,0.01876,0.00001,0.00015
47.00125,0.99750,0.99845,0.00149,0.00001,0.00006
47.10125,0.99750,0.99961,0.00022,0.00001,0.00016
47.20125,0.99750,0.99976,0.00002,0.00000,0.00021
47.30125,0.99750,0.99990,0.00000,0.00000,0.00010
47.40125,0.99750,0.99996,0.00000,0.00000,0.00004
47.50125,0.99750,0.99998,0.00000,0.00000,0.00002
47.60125,0.99750,0.99999,0.00000,0.00000,0.00001
47.70125,0.99750,0.99999,0.00000,0.00000,0.00001
47.80125,0.99750,0.99998,0.00000,0.00000,0.00002
47.90125,0.99750,0.99995,0.00000,0.00000,0.00005
48.00125,0.99750,0.99990,0.00000,0.00000,0.00010
48.10125,0.99750,0.99986,0.00000,0.00000,0.00014
48.20125,0.99750,0.99977,0.00000,0.00000,0.00023
48.30125,0.99750,0.99959,0.00000,0.00000,0.00041
48.40125,0.99750,0.99926,0.00000,0.00000,0.00074
48.50125,0.99750,0.99869,0.00000,0.00000,0.00131
48.60125,0.99750,0.99874,0.00000,0.00000,0.00126
48.70125,0.99750,0.99931,0.00000,0.00000,0.00069
48.80125,0.99750,0.99954,0.00000,0.00000,0.00046
48.90125,0.99750,0.99960,0.00000,0.00000,0.00040
49.00125,0.99750,0.99977,0.00003,0.00000,0.00020
49.10125,0.99750,0.99913,0.00050,0.00000,0.00037
49.20125,0.99750,0.99815,0.00181,0.00000,0.00004
49.30125,0.99750,0.99328,0.00671,0.00000,0.00001
49.40125,0.99750,0.96807,0.03191,0.00000,0.00002
49.50125,0.99750,0.85435,0.14561,0.00003,0.00001
49.60125,0.99750,0.37648,0.62322,0.00030,0.00001
49.70125,0.99750,0.21124,0.78805,0.00070,0.00001
49.80125,0.99750,0.40212,0.59726,0.00062,0.00001
49.90125,0.99750,0.84627,0.15353,0.00019,0.00001
50.00125,0.99750,0.98201,0.01795,0.00002,0.00002
50.10125,0.99750,0.99881,0.00112,0.00007,0.00001
50.20125,0.99750,0.99977,0.00016,0.00002,0.00004
50.30125,0.99750,0.99992,0.00002,0.00000,0.00007
50.40125,0.99750,0.99998,0.00000,0.00000,0.00002
50.50125,0.99750,0.99999,0.00000,0.00000,0.00001
50.60125,0.99750,0.99999,0.00000,0.00000,0.00001
50.70125,0.99750,0.99999,0.00000,0.00000,0.00001
50.80125,0.99750,0.99998,0.00000,0.00000,0.00002
50.90125,0.99750,0.99998,0.00000,0.00000,0.00002
51.00125,0.99750,0.99997,0.00000,0.00000,0.00003
51.10125,0.99750,0.99995,0.00004,0.00000,0.00001
51.20125,0.99750,0.99945,0.00053,0.00000,0.00001
51.30125,0.99750,0.99194,0.00802,0.00000,0.00004
51.40125,0.99750,0.90614,0.09372,0.00006,0.00007
51.50125,0.99750,0.43088,0.56849,0.00056,0.00007
51.60125,0.99750,0.17662,0.82234,0.00099,0.00005
51.70125,0.99750,0.50055,0.49863,0.00074,0.00008
51.80125,0.99750,0.90462,0.09518,0.00013,0.00007
51.90125,0.99750,0.99218,0.00774,0.00001,0.00007
52.00125,0.99750,0.99904,0.00090,0.00003,0.00004
52.10125,0.99750,0.99979,0.00010,0.00001,0.00011
52.20125,0.99750,0.99992,0.00001,0.00000,0.00007
52.30125,0.99750,0.99997,0.00000,0.00000,0.00003
52.40125,0.99750,0.99999,0.00000,0.00000,0.00001
52.50125,0.99750,0.99999,0.00000,0.00000,0.00001
52.60125,0.99750,0.99998,0.00000,0.00000,0.00002
52.70125,0.99750,0.99998,0.00000,0.00000,0.00002
52.80125,0.99750,0.99997,0.00001,0.00000,0.00002
52.90125,0.99750,0.99993,0.00005,0.00000,0.00002
53.00125,0.99750,0.99944,0.00055,0.00000,0.00001
53.10125,0.99750,0.99513,0.00484,0.00000,0.00002
53.20125,0.99750,0.94019,0.05974,0.00002,0.00004
53.30125,0.99750,0.55390,0.44582,0.00022,0.00006
53.40125,0.99750,0.09511,0.90428,0.00058,0.00003
53.50125,0.99750,0.05709,0.94209,0.00079,0.00003
53.60125,0.99750,0.36701,0.63240,0.00052,0.00007
53.70125,0.99750,0.87905,0.12065,0.00011,0.00019
53.80125,0.99750,0.99055,0.00925,0.00003,0.00017
53.90125,0.99750,0.99825,0.00146,0.00008,0.00021
54.00125,0.99750,0.99950,0.00016,0.00001,0.00033
54.10125,0.99750,0.99983,0.00001,0.00000,0.00015
54.20125,0.99750,0.99992,0.00000,0.00000,0.00007
54.30125,0.99750,0.99997,0.00000,0.00000,0.00003
54.40125,0.99750,0.99999,0.00000,0.00000,0.00001
54.50125,0.99750,0.99999,0.00000,0.00000,0.00001
54.60125,0.99750,1.00000,0.00000,0.00000,0.00000
54.70125,0.99750,0.99999,0.00000,0.00000,0.00001
54.80125,0.99750,0.99998,0.00000,0.00000,0.00002
54.90125,0.99750,0.99998,0.00000,0.00000,0.00001
55.00125,0.99750,0.99999,0.00001,0.00000,0.00001
55.10125,0.99750,0.99992,0.00008,0.00000,0.00000
55.20125,0.99750,0.99914,0.00084,0.00000,0.00001
55.30125,0.99750,0.98861,0.01136,0.00001,0.00002
55.40125,0.99750,0.85920,0.14052,0.00024,0.00004
55.50125,0.99750,0.36097,0.63776,0.00123,0.00004
55.60125,0.99750,0.27170,0.72708,0.00117,0.00004
55.70125,0.99750,0.63714,0.36227,0.00054,0.00005
55.80125,0.99750,0.95670,0.04318,0.00007,0.00004
55.90125,0.99750,0.99727,0.00267,0.00001,0.00004
56.00125,0.99750,0.99945,0.00040,0.00004,0.00012
56.10125,0.99750,0.99982,0.00003,0.00000,0.00015
56.20125,0.99750,0.99994,0.00000,0.00000,0.00006
56.30125,0.99750,0.99997,0.00000,0.00000,0.00003
56.40125,0.99750,0.99999,0.00000,0.00000,0.00001
56.50125,0.99750,0.99999,0.00000,0.00000,0.00001
56.60125,0.99750,0.99999,0.00000,0.00000,0.00001
56.70125,0.99750,0.99997,0.00000,0.00000,0.00003
56.80125,0.99750,0.99997,0.00000,0.00000,0.00003
56.90125,0.99750,0.99993,0.00003,0.00000,0.00004
57.00125,0.99750,0.99976,0.00021,0.00000,0.00002
57.10125,0.99750,0.99864,0.00135,0.00000,0.00001
57.20125,0.99750,0.98387,0.01610,0.00000,0.00002
57.30125,0.99750,0.82300,0.17693,0.00003,0.00003
57.40125,0.99750,0.28933,0.71051,0.00014,0.00002
57.50125,0.99750,0.08022,0.91947,0.00031,0.00001
57.60125,0.99750,0.19758,0.80197,0.00044,0.00001
57.70125,0.99750,0.71888,0.28092,0.00019,0.00001
57.80125,0.99750,0.97945,0.02052,0.00001,0.00002
57.90125,0.99750,0.99901,0.00097,0.00002,0.00001
58.00125,0.99750,0.99984,0.00013,0.00001,0.00002
58.10125,0.99750,0.99995,0.00002,0.00000,0.00003
58.20125,0.99750,0.99998,0.00000,0.00000,0.00001
58.30125,0.99750,0.99999,0.00000,0.00000,0.00001
58.40125,0.99750,0.99999,0.00000,0.00000,0.00001
58.50125,0.99750,0.99999,0.00000,0.00000,0.00001
58.60125,0.99750,0.99996,0.00000,0.00000,0.00003
58.70125,0.99750,0.99996,0.00000,0.00000,0.00003
58.80125,0.99750,0.99983,0.00005,0.00000,0.00012
58.90125,0.99750,0.99944,0.00054,0.00000,0.00002
59.00125,0.99750,0.99359,0.00637,0.00000,0.00004
59.10125,0.99750,0.93520,0.06467,0.00003,0.00010
59.20125,0.99750,0.55166,0.44785,0.00034,0.00015
59.30125,0.99750,0.13899,0.86004,0.00086,0.00011
59.40125,0.99750,0.40843,0.59099,0.00043,0.00015
59.50125,0.99750,0.89484,0.10500,0.00005,0.00010
59.60125,0.99750,0.99155,0.00840,0.00001,0.00004
59.70125,0.99750,0.99948,0.00048,0.00000,0.00004
59.80125,0.99750,0.99995,0.00004,0.00000,0.00002
59.90125,0.99750,0.99993,0.00000,0.00000,0.00007
60.00125,0.99750,0.99997,0.00000,0.00000,0.00003
60.10125,0.99750,0.99999,0.00000,0.00000,0.00001
60.20125,0.99750,1.00000,0.00000,0.00000,0.00000
60.30125,0.99750,1.00000,0.00000,0.00000,0.00000
60.40125,0.99750,0.99999,0.00000,0.00000,0.00001
60.50125,0.99750,0.99998,0.00000,0.00000,0.00002
60.60125,0.99750,0.99997,0.00000,0.00000,0.00002
60.70125,0.99750,0.99992,0.00005,0.00000,0.00003
60.80125,0.99750,0.99929,0.00069,0.00000,0.00002
60.90125,0.99750,0.99092,0.00901,0.00001,0.00006
61.00125,0.99750,0.88798,0.11175,0.00015,0.00013
61.10125,0.99750,0.36165,0.63694,0.00130,0.00011
61.20125,0.99750,0.03965,0.95753,0.00279,0.00003
61.30125,0.99750,0.08392,0.91359,0.00243,0.00006
61.40125,0.99750,0.48711,0.51164,0.00112,0.00013
61.50125,0.99750,0.92068,0.07904,0.00015,0.00013
61.60125,0.99750,0.99491,0.00493,0.00006,0.00011
61.70125,0.99750,0.99940,0.00043,0.00003,0.00013
61.80125,0.99750,0.99981,0.00004,0.00000,0.00015
61.90125,0.99750,0.99993,0.00000,0.00000,0.00007
62.00125,0.99750,0.99997,0.00000,0.00000,0.00003
62.10125,0.99750,0.99999,0.00000,0.00000,0.00001
62.20125,0.99750,0.99999,0.00000,0.00000,0.00001
62.30125,0.99750,0.99999,0.00000,0.00000,0.00001
62.40125,0.99750,0.99998,0.00000,0.00000,0.00002
62.50125,0.99750,0.99998,0.00000,0.00000,0.00001
62.60125,0.99750,0.99994,0.00002,0.00000,0.00004
62.70125,0.99750,0.99977,0.00022,0.00000,0.00001
62.80125,0.99750,0.99756,0.00243,0.00000,0.00002
62.90125,0.99750,0.97253,0.02742,0.00002,0.00003
63.00125,0.99750,0.73236,0.26731,0.00027,0.00006
63.10125,0.99750,0.18156,0.81715,0.00126,0.00004
63.20125,0.99751,0.05765,0.94076,0.00156,0.00002
63.30125,0.99750,0.30528,0.69389,0.00078,0.00005
63.40125,0.99750,0.78080,0.21891,0.00019,0.00010
63.50125,0.99750,0.97976,0.02005,0.00002,0.00016
63.60125,0.99750,0.99837,0.00150,0.00005,0.00008
63.70125,0.99751,0.99949,0.00016,0.00001,0.00034
63.80125,0.99750,0.99983,0.00001,0.00000,0.00015
63.90125,0.99750,0.99993,0.00000,0.00000,0.00007
64.00125,0.99750,0.99997,0.00000,0.00000,0.00003
64.10125,0.99750,0.99999,0.00000,0.00000,0.00001
64.20125,0.99751,0.99999,0.00000,0.00000,0.00001
64.30125,0.99751,0.99999,0.00000,0.00000,0.00001
64.40125,0.99750,0.99999,0.00000,0.00000,0.00001
64.50125,0.99750,0.99997,0.00000,0.00000,0.00003
64.60125,0.99750,0.99998,0.00000,0.00000,0.00002
64.70125,0.99751,0.99993,0.00002,0.00000,0.00005
64.80125,0.99751,0.99975,0.00024,0.00000,0.00001
64.90125,0.99750,0.99701,0.00296,0.00000,0.00003
65.00125,0.99750,0.96553,0.03437,0.00003,0.00007
65.10125,0.99750,0.69189,0.30762,0.00039,0.00011
65.20125,0.99751,0.17190,0.82641,0.00164,0.00005
65.30125,0.99751,0.06797,0.93008,0.00191,0.00004
65.40125,0.99750,0.23921,0.75979,0.00092,0.00007
65.50125,0.99750,0.76624,0.23342,0.00022,0.00013
65.60125,0.99750,0.98034,0.01940,0.00002,0.00024
65.70125,0.99751,0.99814,0.00169,0.00006,0.00011
65.80125,0.99751,0.99953,0.00017,0.00001,0.00029
65.90125,0.99750,0.99984,0.00001,0.00000,0.00015
66.00125,0.99750,0.99994,0.00000,0.00000,0.00006
66.10125,0.99750,0.99997,0.00000,0.00000,0.00003
66.20125,0.99751,0.99998,0.00000,0.00000,0.00002
66.30125,0.99751,0.99998,0.00000,0.00000,0.00002
66.40125,0.99750,0.99999,0.00000,0.00000,0.00001
66.50125,0.99750,0.99997,0.00001,0.00000,0.00002
66.60125,0.99750,0.99991,0.00008,0.00000,0.00001
66.70125,0.99751,0.99918,0.00080,0.00000,0.00001
66.80125,0.99751,0.99153,0.00843,0.00001,0.00003
66.90125,0.99750,0.91550,0.08430,0.00013,0.00007
67.00125,0.99750,0.57882,0.42043,0.00063,0.00013
67.10125,0.99750,0.34919,0.64999,0.00067,0.00015
67.20125,0.99751,0.66770,0.33183,0.00032,0.00015
67.30125,0.99751,0.95203,0.04778,0.00004,0.00015
67.40125,0.99750,0.99607,0.00371,0.00000,0.00022
67.50125,0.99750,0.99942,0.00042,0.00001,0.00015
67.60125,0.99750,0.99967,0.00004,0.00000,0.00029
67.70125,0.99751,0.99986,0.00000,0.00000,0.00014
67.80125,0.99751,0.99994,0.00000,0.00000,0.00006
67.90125,0.99750,0.99998,0.00000,0.00000,0.00002
68.00125,0.99750,0.99997,0.00000,0.00000,0.00003
68.10125,0.99750,0.99997,0.00000,0.00000,0.00003
68.20125,0.99751,0.99996,0.00001,0.00000,0.00004
68.30125,0.99751,0.99994,0.00004,0.00000,0.00002
68.40125,0.99750,0.99958,0.00041,0.00000,0.00001
68.50125,0.99750,0.99556,0.00442,0.00000,0.00002
68.60125,0.99750,0.95514,0.04477,0.00004,0.00004
68.70125,0.99751,0.66401,0.33540,0.00054,0.00005
68.80125,0.99751,0.22163,0.77690,0.00143,0.00004
68.90125,0.99750,0.24403,0.75488,0.00104,0.00005
69.00125,0.99750,0.56880,0.43082,0.00032,0.00007
69.10125,0.99750,0.91570,0.08417,0.00004,0.00010
69.20125,0.99751,0.99233,0.00756,0.00001,0.00010
69.30125,0.99751,0.99879,0.00102,0.00002,0.00017
69.40125,0.99750,0.99956,0.00010,0.00000,0.00033
69.50125,0.99750,0.99985,0.00001,0.00000,0.00014
69.60125,0.99750,0.99994,0.00000,0.00000,0.00006
69.70125,0.99751,0.99996,0.00000,0.00000,0.00004
69.80125,0.99751,0.99997,0.00000,0.00000,0.00003
69.90125,0.99750,0.99994,0.00000,0.00000,0.00006
70.00125,0.99750,0.99997,0.00000,0.00000,0.00003
70.10125,0.99750,0.99992,0.00001,0.00000,0.00007
70.20125,0.99751,0.99989,0.00009,0.00000,0.00002
70.30125,0.99751,0.99908,0.00090,0.00000,0.00003
70.40125,0.99750,0.98994,0.00999,0.00001,0.00006
70.50125,0.99750,0.89517,0.10454,0.00018,0.00012
70.60125,0.99750,0.42125,0.57761,0.00100,0.00015
70.70125,0.99751,0.16480,0.83400,0.00104,0.00016
70.80125,0.99751,0.44263,0.55672,0.00042,0.00022
70.90125,0.99750,0.86329,0.13641,0.00008,0.00022
71.00125,0.99750,0.98633,0.01328,0.00001,0.00039
71.10125,0.99750,0.99804,0.00175,0.00001,0.00020
71.20125,0.99751,0.99920,0.00023,0.00000,0.00057
71.30125,0.99751,0.99965,0.00002,0.00000,0.00033
71.40125,0.99750,0.99986,0.00000,0.00000,0.00014
71.50125,0.99750,0.99994,0.00000,0.00000,0.00006
71.60125,0.99750,0.99997,0.00000,0.00000,0.00003
71.70125,0.99751,0.99997,0.00000,0.00000,0.00003
71.80125,0.99751,0.99998,0.00000,0.00000,0.00002
71.90125,0.99750,0.99997,0.00001,0.00000,0.00003
72.00125,0.99750,0.99995,0.00004,0.00000,0.00001
72.10125,0.99750,0.99963,0.00035,0.00000,0.00001
72.20125,0.99751,0.99741,0.00255,0.00000,0.00003
72.30125,0.99751,0.98201,0.01788,0.00002,0.00008
72.40125,0.99750,0.86489,0.13472,0.00024,0.00015
72.50125,0.99750,0.70963,0.28978,0.00036,0.00024
72.60125,0.99750,0.78707,0.21250,0.00017,0.00026
72.70125,0.99751,0.89500,0.10473,0.00006,0.00022
72.80125,0.99751,0.96529,0.03411,0.00001,0.00059
72.90125,0.99750,0.99422,0.00496,0.00002,0.00080
73.00125,0.99750,0.99771,0.00064,0.00001,0.00164
73.10125,0.99750,0.99822,0.00007,0.00000,0.00172
73.20125,0.99751,0.99913,0.00001,0.00000,0.00086
73.30125,0.99751,0.99945,0.00000,0.00000,0.00054
73.40125,0.99750,0.99964,0.00000,0.00000,0.00036
73.50125,0.99750,0.99964,0.00000,0.00000,0.00036
73.60125,0.99750,0.99951,0.00000,0.00000,0.00049
73.70125,0.99751,0.99987,0.00001,0.00000,0.00011
73.80125,0.99751,0.99988,0.00003,0.00000,0.00009
73.90125,0.99750,0.99977,0.00021,0.00000,0.00001
74.00125,0.99750,0.99813,0.00184,0.00000,0.00002
74.10125,0.99750,0.98205,0.01791,0.00001,0.00004
74.20125,0.99751,0.87024,0.12957,0.00013,0.00005
74.30125,0.99751,0.46979,0.52938,0.00077,0.00006
74.40125,0.99750,0.20018,0.79860,0.00117,0.00005
74.50125,0.99750,0.23276,0.76642,0.00076,0.00005
74.60125,0.99750,0.73150,0.26821,0.00019,0.00011
74.70125,0.99751,0.98205,0.01768,0.00001,0.00025
74.80125,0.99751,0.99813,0.00162,0.00005,0.00020
74.90125,0.99750,0.99943,0.00014,0.00000,0.00043
75.00125,0.99750,0.99977,0.00001,0.00000,0.00022
75.10125,0.99750,0.99989,0.00000,0.00000,0.00011
75.20125,0.99751,0.99995,0.00000,0.00000,0.00005
75.30125,0.99751,0.99998,0.00000,0.00000,0.00002
75.40125,0.99750,0.99999,0.00000,0.00000,0.00001
75.50125,0.99750,0.99999,0.00000,0.00000,0.00001
75.60125,0.99750,0.99998,0.00000,0.00000,0.00002
75.70125,0.99751,0.99998,0.00000,0.00000,0.00002
75.80125,0.99751,0.99997,0.00000,0.00000,0.00003
75.90125,0.99750,0.99994,0.00005,0.00000,0.00001
76.00125,0.99750,0.99945,0.00053,0.00000,0.00003
76.10125,0.99750,0.99434,0.00559,0.00001,0.00006
76.20125,0.99751,0.93968,0.06008,0.00009,0.00015
76.30125,0.99751,0.81547,0.18398,0.00032,0.00023
76.40125,0.99750,0.79088,0.20861,0.00026,0.00025
76.50125,0.99750,0.89708,0.10264,0.00008,0.00020
76.60125,0.99750,0.98813,0.01175,0.00001,0.00011
76.70125,0.99751,0.99918,0.00073,0.00000,0.00009
76.80125,0.99751,0.99979,0.00012,0.00000,0.00009
76.90125,0.99750,0.99981,0.00001,0.00000,0.00018
77.00125,0.99750,0.99991,0.00000,0.00000,0.00009
77.10125,0.99750,0.99996,0.00000,0.00000,0.00004
77.20125,0.99751,0.99998,0.00000,0.00000,0.00002
77.30125,0.99751,0.99999,0.00000,0.00000,0.00001
77.40125,0.99750,0.99999,0.00000,0.00000,0.00001
77.50125,0.99750,0.99999,0.00000,0.00000,0.00001
77.60125,0.99750,0.99999,0.00000,0.00000,0.00001
77.70125,0.99751,0.99999,0.00000,0.00000,0.00001
77.80125,0.99751,0.99999,0.00000,0.00000,0.00001
77.90125,0.99750,0.99999,0.00000,0.00000,0.00001
78.00125,0.99750,0.99999,0.00000,0.00000,0.00001
78.10125,0.99750,0.99999,0.00000,0.00000,0.00001
78.20125,0.99751,0.99999,0.00000,0.00000,0.00001
78.30125,0.99751,0.99998,0.00000,0.00000,0.00002
78.40125,0.99750,0.99994,0.00000,0.00000,0.00006
78.50125,0.99750,0.99996,0.00001,0.00000,0.00003
78.60125,0.99750,0.99986,0.00007,0.00000,0.00007
78.70125,0.99751,0.99937,0.00061,0.00000,0.00002
78.80125,0.99751,0.99329,0.00668,0.00000,0.00003
78.90125,0.99750,0.93299,0.06692,0.00003,0.00006
79.00125,0.99750,0.60676,0.39279,0.00038,0.00007
79.10125,0.99750,0.21223,0.78646,0.00126,0.00005
79.20125,0.99751,0.26966,0.72925,0.00103,0.00006
79.30125,0.99751,0.68417,0.31552,0.00023,0.00008
79.40125,0.99750,0.95066,0.04925,0.00003,0.00006
79.50125,0.99750,0.99640,0.00349,0.00000,0.00011
79.60125,0.99750,0.99958,0.00035,0.00000,0.00007
79.70125,0.99751,0.99976,0.00004,0.00000,0.00020
79.80125,0.99751,0.99985,0.00000,0.00000,0.00015
79.90125,0.99750,0.99991,0.00000,0.00000,0.00009
80.00125,0.99750,0.99996,0.00000,0.00000,0.00004
80.10125,0.99750,0.99997,0.00000,0.00000,0.00003
80.20125,0.99751,0.99997,0.00000,0.00000,0.00003
80.30125,0.99751,0.99997,0.00000,0.00000,0.00003
80.40125,0.99750,0.99997,0.00000,0.00000,0.00003
80.50125,0.99750,0.99997,0.00000,0.00000,0.00003
80.60125,0.99750,0.99996,0.00000,0.00000,0.00004
80.70125,0.99751,0.99996,0.00000,0.00000,0.00004
80.80125,0.99751,0.99996,0.00000,0.00000,0.00004
80.90125,0.99750,0.99995,0.00000,0.00000,0.00005
81.00125,0.99750,0.99995,0.00000,0.00000,0.00005
81.10125,0.99750,0.99996,0.00000,0.00000,0.00004
81.20125,0.99751,0.99996,0.00000,0.00000,0.00004
81.30125,0.99751,0.99996,0.00000,0.00000,0.00004
81.40125,0.99750,0.99997,0.00000,0.00000,0.00003
81.50125,0.99750,0.99997,0.00000,0.00000,0.00003
81.60125,0.99750,0.99996,0.00000,0.00000,0.00004
81.70125,0.99751,0.99993,0.00000,0.00000,0.00006
81.80125,0.99751,0.99995,0.00003,0.00000,0.00003
81.90125,0.99750,0.99974,0.00024,0.00000,0.00003
82.00125,0.99750,0.99827,0.00168,0.00000,0.00005
82.10125,0.99750,0.98282,0.01709,0.00001,0.00008
82.20125,0.99751,0.88169,0.11811,0.00010,0.00010
82.30125,0.99751,0.55989,0.43940,0.00056,0.00014
82.40125,0.99750,0.51676,0.48257,0.00052,0.00015
82.50125,0.99750,0.83122,0.16851,0.00014,0.00014
82.60125,0.99750,0.98000,0.01984,0.00001,0.00014
82.70125,0.99751,0.99839,0.00152,0.00000,0.00008
82.80125,0.99751,0.99955,0.00023,0.00001,0.00022
82.90125,0.99750,0.99978,0.00003,0.00000,0.00020
83.00125,0.99750,0.99990,0.00000,0.00000,0.00010
83.10125,0.99750,0.99993,0.00000,0.00000,0.00007
83.20125,0.99751,0.99995,0.00000,0.00000,0.00005
83.30125,0.99751,0.99996,0.00000,0.00000,0.00004
83.40125,0.99750,0.99995,0.00000,0.00000,0.00005
83.50125,0.99750,0.99995,0.00000,0.00000,0.00005
83.60125,0.99750,0.99991,0.00000,0.00000,0.00009
83.70125,0.99751,0.99989,0.00000,0.00000,0.00011
83.80125,0.99751,0.99990,0.00000,0.00000,0.00010
83.90125,0.99750,0.99988,0.00000,0.00000,0.00012
84.00125,0.99750,0.99984,0.00000,0.00000,0.00016
84.10125,0.99750,0.99982,0.00000,0.00000,0.00018
84.20125,0.99751,0.99980,0.00000,0.00000,0.00020
84.30125,0.99751,0.99978,0.00000,0.00000,0.00022
84.40125,0.99750,0.99975,0.00000,0.00000,0.00025
84.50125,0.99750,0.99954,0.00000,0.00000,0.00046
84.60125,0.99750,0.99944,0.00000,0.00000,0.00056
84.70125,0.99751,0.99882,0.00000,0.00000,0.00118
84.80125,0.99751,0.99867,0.00000,0.00000,0.00133
84.90125,0.99750,0.99897,0.00000,0.00000,0.00103
85.00125,0.99750,0.99931,0.00000,0.00000,0.00069
85.10125,0.99750,0.99963,0.00000,0.00000,0.00037
85.20125,0.99751,0.99968,0.00000,0.00000,0.00031
85.30125,0.99751,0.99941,0.00001,0.00000,0.00058
85.40125,0.99750,0.99926,0.00006,0.00000,0.00068
85.50125,0.99750,0.99895,0.00004,0.00000,0.00101
85.60125,0.99750,0.99967,0.00002,0.00000,0.00030
85.70125,0.99751,0.99977,0.00011,0.00000,0.00012
85.80125,0.99751,0.99954,0.00027,0.00000,0.00018
85.90125,0.99750,0.99947,0.00043,0.00000,0.00010
86.00125,0.99750,0.99896,0.00095,0.00000,0.00008
86.10125,0.99750,0.99603,0.00387,0.00000,0.00010
86.20125,0.99751,0.98531,0.01460,0.00001,0.00008
86.30125,0.99751,0.98619,0.01379,0.00001,0.00002
86.40125,0.99750,0.98839,0.01158,0.00002,0.00001
86.50125,0.99750,0.98156,0.01840,0.00004,0.00000
86.60125,0.99750,0.99179,0.00818,0.00002,0.00001
86.70125,0.99751,0.99612,0.00382,0.00003,0.00003
86.80125,0.99751,0.99032,0.00954,0.00009,0.00005
86.90125,0.99750,0.99311,0.00671,0.00005,0.00013
87.00125,0.99750,0.99554,0.00422,0.00002,0.00021
87.10125,0.99750,0.99195,0.00746,0.00008,0.00051
87.20125,0.99751,0.98421,0.01427,0.00020,0.00132
87.30125,0.99751,0.97554,0.02128,0.00033,0.00285
87.40125,0.99750,0.96100,0.03403,0.00008,0.00489
87.50125,0.99750,0.92404,0.07385,0.00001,0.00210
87.60125,0.99750,0.81059,0.18842,0.00005,0.00094
87.70125,0.99751,0.74958,0.24965,0.00012,0.00065
87.80125,0.99751,0.56482,0.43429,0.00041,0.00048
87.90125,0.99750,0.11340,0.88510,0.00142,0.00008
88.00125,0.99750,0.04531,0.95352,0.00113,0.00004
88.10125,0.99750,0.22357,0.77556,0.00077,0.00010
88.20125,0.99751,0.63616,0.36333,0.00037,0.00014
88.30125,0.99751,0.93769,0.06209,0.00006,0.00016
88.40125,0.99750,0.99480,0.00507,0.00005,0.00008
88.50125,0.99750,0.99939,0.00044,0.00004,0.00013
88.60125,0.99750,0.99981,0.00007,0.00000,0.00012
88.70125,0.99751,0.99994,0.00001,0.00000,0.00005
88.80125,0.99751,0.99996,0.00000,0.00000,0.00004
88.90125,0.99750,0.99995,0.00000,0.00000,0.00005
89.00125,0.99750,0.99997,0.00000,0.00000,0.00003
89.10125,0.99750,0.99998,0.00000,0.00000,0.00002
89.20125,0.99751,0.99998,0.00000,0.00000,0.00002
89.30125,0.99751,0.99999,0.00000,0.00000,0.00001
89.40125,0.99750,0.99997,0.00000,0.00000,0.00003
89.50125,0.99750,0.99994,0.00000,0.00000,0.00006
89.60125,0.99750,0.99995,0.00001,0.00000,0.00004
89.70125,0.99751,0.99981,0.00013,0.00000,0.00006
89.80125,0.99751,0.99908,0.00090,0.00000,0.00002
89.90125,0.99750,0.99197,0.00799,0.00000,0.00005
90.00125,0.99750,0.92126,0.07866,0.00002,0.00007
90.10125,0.99750,0.55413,0.44563,0.00017,0.00006
90.20125,0.99751,0.11936,0.88001,0.00060,0.00003
90.30125,0.99751,0.09366,0.90563,0.00068,0.00003
90.40125,0.99750,0.48268,0.51675,0.00052,0.00006
90.50125,0.99750,0.91022,0.08964,0.00008,0.00007
90.60125,0.99750,0.99357,0.00631,0.00001,0.00010
90.70125,0.99751,0.99929,0.00058,0.00003,0.00010
90.80125,0.99751,0.99976,0.00007,0.00000,0.00017
90.90125,0.99750,0.99991,0.00001,0.00000,0.00008
91.00125,0.99750,0.99995,0.00000,0.00000,0.00005
91.10125,0.99750,0.99997,0.00000,0.00000,0.00003
91.20125,0.99751,0.99998,0.00000,0.00000,0.00002
91.30125,0.99751,0.99998,0.00000,0.00000,0.00002
91.40125,0.99750,0.99998,0.00000,0.00000,0.00002
91.50125,0.99750,0.99998,0.00000,0.00000,0.00002
91.60125,0.99750,0.99999,0.00000,0.00000,0.00001
91.70125,0.99751,0.99996,0.00003,0.00000,0.00001
91.80125,0.99751,0.99970,0.00029,0.00000,0.00000
91.90125,0.99750,0.99719,0.00280,0.00000,0.00001
92.00125,0.99750,0.97607,0.02391,0.00001,0.00001
92.10125,0.99750,0.83280,0.16706,0.00012,0.00002
92.20125,0.99751,0.51373,0.48591,0.00032,0.00003
92.30125,0.99751,0.31207,0.68741,0.00048,0.00004
92.40125,0.99750,0.48040,0.51919,0.00037,0.00004
92.50125,0.99750,0.91006,0.08979,0.00007,0.00008
92.60125,0.99750,0.99511,0.00471,0.00001,0.00016
92.70125,0.99751,0.99915,0.00060,0.00005,0.00020
92.80125,0.99751,0.99967,0.00004,0.00000,0.00029
92.90125,0.99750,0.99988,0.00000,0.00000,0.00011
93.00125,0.99750,0.99995,0.00000,0.00000,0.00005
93.10125,0.99750,0.99995,0.00000,0.00000,0.00005
93.20125,0.99751,0.99993,0.00000,0.00000,0.00007
93.30125,0.99751,0.99988,0.00000,0.00000,0.00012
93.40125,0.99750,0.99993,0.00005,0.00000,0.00002
93.50125,0.99750,0.99946,0.00049,0.00000,0.00005
93.60125,0.99750,0.99466,0.00532,0.00000,0.00002
93.70125,0.99751,0.94064,0.05931,0.00000,0.00004
93.80125,0.99751,0.52597,0.47393,0.00006,0.00004
93.90125,0.99750,0.07824,0.92160,0.00014,0.00001
94.00125,0.99750,0.03168,0.96816,0.00015,0.00001
94.10125,0.99750,0.07269,0.92707,0.00023,0.00001
94.20125,0.99751,0.25799,0.74175,0.00023,0.00002
94.30125,0.99751,0.76304,0.23684,0.00007,0.00005
94.40125,0.99750,0.97337,0.02631,0.00001,0.00030
94.50125,0.99750,0.99674,0.00304,0.00005,0.00016
94.60125,0.99750,0.99933,0.00031,0.00001,0.00036
94.70125,0.99751,0.99979,0.00003,0.00000,0.00018
94.80125,0.99751,0.99990,0.00000,0.00000,0.00010
94.90125,0.99750,0.99994,0.00000,0.00000,0.00006
95.00125,0.99750,0.99998,0.00000,0.00000,0.00002
95.10125,0.99750,0.99999,0.00000,0.00000,0.00001
95.20125,0.99751,0.99999,0.00000,0.00000,0.00001
95.30125,0.99751,0.99998,0.00000,0.00000,0.00002
95.40125,0.99750,0.99998,0.00000,0.00000,0.00002
95.50125,0.99750,0.99997,0.00001,0.00000,0.00002
95.60125,0.99750,0.99988,0.00011,0.00000,0.00001
95.70125,0.99751,0.99900,0.00097,0.00000,0.00003
95.80125,0.99751,0.99124,0.00870,0.00001,0.00006
95.90125,0.99750,0.91975,0.08007,0.00006,0.00012
96.00125,0.99750,0.83797,0.16172,0.00011,0.00021
96.10125,0.99750,0.64681,0.35250,0.00028,0.00040
96.20125,0.99751,0.86321,0.13633,0.00012,0.00034
96.30125,0.99751,0.98428,0.01549,0.00001,0.00022
96.40125,0.99750,0.99838,0.00140,0.00000,0.00022
96.50125,0.99750,0.99963,0.00017,0.00001,0.00020
96.60125,0.99750,0.99968,0.00002,0.00000,0.00030
96.70125,0.99751,0.99986,0.00000,0.00000,0.00014
96.80125,0.99751,0.99994,0.00000,0.00000,0.00006
96.90125,0.99750,0.99997,0.00000,0.00000,0.00003
97.00125,0.99750,0.99998,0.00000,0.00000,0.00002
97.10125,0.99750,0.99999,0.00000,0.00000,0.00001
97.20125,0.99751,0.99998,0.00000,0.00000,0.00002
97.30125,0.99751,0.99999,0.00000,0.00000,0.00001
97.40125,0.99750,0.99998,0.00001,0.00000,0.00001
97.50125,0.99750,0.99992,0.00007,0.00000,0.00000
97.60125,0.99750,0.99911,0.00089,0.00000,0.00000
97.70125,0.99751,0.98902,0.01097,0.00000,0.00001
97.80125,0.99751,0.89030,0.10964,0.00004,0.00002
97.90125,0.99750,0.53284,0.46700,0.00013,0.00003
98.00125,0.99750,0.42366,0.57617,0.00014,0.00003
98.10125,0.99750,0.68491,0.31498,0.00007,0.00004
98.20125,0.99751,0.93388,0.06608,0.00001,0.00003
98.30125,0.99751,0.99282,0.00704,0.00000,0.00014
98.40125,0.99750,0.99955,0.00040,0.00001,0.00005
98.50125,0.99750,0.99974,0.00006,0.00000,0.00021
98.60125,0.99750,0.99986,0.00001,0.00000,0.00013
98.70125,0.99751,0.99994,0.00000,0.00000,0.00006
98.80125,0.99751,0.99997,0.00000,0.00000,0.00003
98.90125,0.99750,0.99999,0.00000,0.00000,0.00001
99.00125,0.99750,0.99999,0.00000,0.00000,0.00001
99.10125,0.99750,0.99999,0.00000,0.00000,0.00001
99.20125,0.99751,1.00000,0.00000,0.00000,0.00000
99.30125,0.99751,0.99999,0.00000,0.00000,0.00000
99.40125,0.99750,0.99999,0.00000,0.00000,0.00001
99.50125,0.99750,0.99998,0.00000,0.00000,0.00001
99.60125,0.99750,0.99998,0.00001,0.00000,0.00001
99.70125,0.99751,0.99984,0.00015,0.00000,0.00001
99.80125,0.99751,0.99799,0.00199,0.00000,0.00002
99.90125,0.99750,0.97596,0.02399,0.00001,0.00004
100.00125,0.99750,0.85731,0.14252,0.00008,0.00009
100.10125,0.99750,0.82886,0.17095,0.00009,0.00010
100.20125,0.99751,0.87256,0.12726,0.00008,0.00010
100.30125,0.99751,0.96850,0.03141,0.00002,0.00007
100.40125,0.99750,0.99695,0.00294,0.00000,0.00010
100.50125,0.99750,0.99977,0.00019,0.00000,0.00004
100.60125,0.99750,0.99976,0.00005,0.00000,0.00019
100.70125,0.99751,0.99978,0.00001,0.00000,0.00021
100.80125,0.99751,0.99987,0.00000,0.00000,0.00013
100.90125,0.99750,0.99994,0.00000,0.00000,0.00006
101.00125,0.99750,0.99997,0.00000,0.00000,0.00003
101.10125,0.99750,0.99996,0.00000,0.00000,0.00004
101.20125,0.99751,0.99992,0.00000,0.00000,0.00008
101.30125,0.99751,0.99995,0.00001,0.00000,0.00004
101.40125,0.99750,0.99977,0.00013,0.00000,0.00010
101.50125,0.99750,0.99907,0.00091,0.00000,0.00002
101.60125,0.99750,0.99586,0.00412,0.00000,0.00003
101.70125,0.99751,0.96857,0.03138,0.00001,0.00004
101.80125,0.99751,0.77166,0.22821,0.00008,0.00005
101.90125,0.99750,0.33566,0.66397,0.00033,0.00005
102.00125,0.99750,0.19872,0.80082,0.00042,0.00004
102.10125,0.99750,0.48836,0.51132,0.00024,0.00007
102.20125,0.99751,0.86689,0.13296,0.00005,0.00010
102.30125,0.99751,0.98436,0.01541,0.00001,0.00022
102.40125,0.99750,0.99863,0.00124,0.00003,0.00011
102.50125,0.99750,0.99956,0.00015,0.00000,0.00029
102.60125,0.99750,0.99978,0.00002,0.00000,0.00020
102.70125,0.99751,0.99988,0.00000,0.00000,0.00011
102.80125,0.99751,0.99993,0.00000,0.00000,0.00007
102.90125,0.99750,0.99996,0.00000,0.00000,0.00004
103.00125,0.99750,0.99997,0.00000,0.00000,0.00003
103.10125,0.99750,0.99998,0.00000,0.00000,0.00002
103.20125,0.99751,0.99997,0.00000,0.00000,0.00003
103.30125,0.99751,0.99998,0.00000,0.00000,0.00001
103.40125,0.99750,0.99996,0.00003,0.00000,0.00001
103.50125,0.99750,0.99978,0.00022,0.00000,0.00001
103.60125,0.99750,0.99820,0.00179,0.00000,0.00001
103.70125,0.99751,0.98069,0.01928,0.00001,0.00002
103.80125,0.99751,0.85343,0.14644,0.00010,0.00003
103.90125,0.99750,0.41645,0.58310,0.00041,0.00004
104.00125,0.99750,0.23308,0.76640,0.00049,0.00004
104.10125,0.99750,0.23901,0.76049,0.00045,0.00005
104.20125,0.99751,0.44270,0.55678,0.00031,0.00020
104.30125,0.99751,0.75906,0.23876,0.00035,0.00183
104.40125,0.99750,0.94592,0.04855,0.00201,0.00352
104.50125,0.99750,0.98322,0.01020,0.00032,0.00626
104.60125,0.99750,0.99641,0.00088,0.00002,0.00269
104.70125,0.99751,0.99868,0.00007,0.00000,0.00125
104.80125,0.99751,0.99939,0.00001,0.00000,0.00061
104.90125,0.99750,0.99926,0.00001,0.00000,0.00073
105.00125,0.99750,0.99922,0.00001,0.00000,0.00077
105.10125,0.99750,0.99978,0.00000,0.00000,0.00022
105.20125,0.99751,0.99992,0.00000,0.00000,0.00008
105.30125,0.99751,0.99995,0.00000,0.00000,0.00005
105.40125,0.99750,0.99995,0.00000,0.00000,0.00005
105.50125,0.99750,0.99995,0.00000,0.00000,0.00005
105.60125,0.99750,0.99995,0.00000,0.00000,0.00005
105.70125,0.99751,0.99994,0.00000,0.00000,0.00006
105.80125,0.99751,0.99996,0.00000,0.00000,0.00004
105.90125,0.99750,0.99998,0.00000,0.00000,0.00002
106.00125,0.99750,0.99998,0.00000,0.00000,0.00002
106.10125,0.99750,0.99998,0.00000,0.00000,0.00002
106.20125,0.99751,0.99999,0.00000,0.00000,0.00001
106.30125,0.99751,0.99999,0.00000,0.00000,0.00001
106.40125,0.99750,0.99998,0.00000,0.00000,0.00002
106.50125,0.99750,0.99998,0.00000,0.00000,0.00002
106.60125,0.99750,0.99998,0.00000,0.00000,0.00002
106.70125,0.99751,0.99998,0.00000,0.00000,0.00002
106.80125,0.99751,0.99995,0.00000,0.00000,0.00005
106.90125,0.99750,0.99993,0.00000,0.00000,0.00007
107.00125,0.99750,0.99991,0.00002,0.00000,0.00007
107.10125,0.99750,0.99971,0.00020,0.00000,0.00009
107.20125,0.99751,0.99828,0.00167,0.00000,0.00005
107.30125,0.99751,0.98916,0.01077,0.00001,0.00006
107.40125,0.99750,0.91829,0.08150,0.00012,0.00010
107.50125,0.99750,0.47723,0.52114,0.00157,0.00006
107.60125,0.99750,0.10822,0.88796,0.00380,0.00002
107.70125,0.99751,0.09128,0.90508,0.00362,0.00002
107.80125,0.99751,0.33402,0.66412,0.00182,0.00004
107.90125,0.99750,0.80482,0.19465,0.00044,0.00009
108.00125,0.99750,0.98192,0.01788,0.00009,0.00010
108.10125,0.99750,0.99792,0.00178,0.00020,0.00010
108.20125,0.99751,0.99970,0.00016,0.00001,0.00013
108.30125,0.99751,0.99988,0.00002,0.00000,0.00010
108.40125,0.99750,0.99995,0.00000,0.00000,0.00005
108.50125,0.99750,0.99996,0.00000,0.00000,0.00004
108.60125,0.99750,0.99998,0.00000,0.00000,0.00002
108.70125,0.99751,0.99998,0.00000,0.00000,0.00002
108.80125,0.99751,0.99998,0.00000,0.00000,0.00002
108.90125,0.99750,0.99999,0.00000,0.00000,0.00001
109.00125,0.99750,0.99999,0.00000,0.00000,0.00001
109.10125,0.99750,0.99999,0.00000,0.00000,0.00001
109.20125,0.99751,0.99999,0.00000,0.00000,0.00001
109.30125,0.99751,0.99999,0.00000,0.00000,0.00001
109.40125,0.99750,0.99999,0.00000,0.00000,0.00001
109.50125,0.99750,0.99997,0.00000,0.00000,0.00003
109.60125,0.99750,0.99997,0.00003,0.00000,0.00001
109.70125,0.99751,0.99981,0.00018,0.00000,0.00001
109.80125,0.99751,0.99821,0.00177,0.00000,0.00001
109.90125,0.99750,0.98323,0.01674,0.00002,0.00001
110.00125,0.99750,0.84896,0.15079,0.00024,0.00001
110.10125,0.99750,0.46869,0.53034,0.00095,0.00002
110.20125,0.99751,0.43333,0.56580,0.00085,0.00002
110.30125,0.99751,0.84673,0.15302,0.00024,0.00002
110.40125,0.99750,0.98987,0.01009,0.00002,0.00002
110.50125,0.99750,0.99934,0.00061,0.00004,0.00001
110.60125,0.99750,0.99988,0.00008,0.00001,0.00003
110.70125,0.99751,0.99996,0.00001,0.00000,0.00002
110.80125,0.99751,0.99998,0.00000,0.00000,0.00002
110.90125,0.99750,0.99994,0.00000,0.00000,0.00005
111.00125,0.99750,0.99993,0.00000,0.00000,0.00007
111.10125,0.99750,0.99996,0.00001,0.00000,0.00003
111.20125,0.99751,0.99980,0.00013,0.00000,0.00007
111.30125,0.99751,0.99861,0.00137,0.00000,0.00002
111.40125,0.99750,0.98361,0.01635,0.00001,0.00003
111.50125,0.99750,0.82778,0.17202,0.00015,0.00006
111.60125,0.99750,0.38905,0.61016,0.00075,0.00004
111.70125,0.99751,0.07252,0.92591,0.00155,0.00001
111.80125,0.99751,0.07384,0.92454,0.00161,0.00002
111.90125,0.99750,0.51705,0.48212,0.00079,0.00003
112.00125,0.99750,0.93091,0.06895,0.00011,0.00003
112.10125,0.99750,0.99536,0.00457,0.00001,0.00006
112.20125,0.99751,0.99945,0.00049,0.00003,0.00003
112.30125,0.99751,0.99988,0.00004,0.00000,0.00008
112.40125,0.99750,0.99995,0.00000,0.00000,0.00004
112.50125,0.99750,0.99998,0.00000,0.00000,0.00002
112.60125,0.99750,0.99999,0.00000,0.00000,0.00001
112.70125,0.99751,1.00000,0.00000,0.00000,0.00000
112.80125,0.99751,0.99999,0.00000,0.00000,0.00001
112.90125,0.99750,0.99998,0.00000,0.00000,0.00002
113.00125,0.99750,0.99999,0.00000,0.00000,0.00001
113.10125,0.99750,0.99995,0.00001,0.00000,0.00004
113.20125,0.99751,0.99991,0.00008,0.00000,0.00001
113.30125,0.99751,0.99891,0.00108,0.00000,0.00001
113.40125,0.99750,0.98723,0.01275,0.00001,0.00002
113.50125,0.99750,0.85718,0.14268,0.00010,0.00004
113.60125,0.99750,0.32790,0.67143,0.00063,0.00004
113.70125,0.99751,0.11388,0.88532,0.00076,0.00003
113.80125,0.99751,0.28446,0.71492,0.00058,0.00004
113.90125,0.99750,0.65142,0.34827,0.00025,0.00006
114.00125,0.99750,0.96108,0.03874,0.00004,0.00014
114.10125,0.99750,0.99560,0.00414,0.00019,0.00007
114.20125,0.99751,0.99859,0.00089,0.00005,0.00047
114.30125,0.99751,0.99957,0.00008,0.00000,0.00035
114.40125,0.99750,0.99982,0.00001,0.00000,0.00017
114.50125,0.99750,0.99992,0.00000,0.00000,0.00008
114.60125,0.99750,0.99996,0.00000,0.00000,0.00004
114.70125,0.99751,0.99998,0.00000,0.00000,0.00002
114.80125,0.99751,0.99999,0.00000,0.00000,0.00001
114.90125,0.99750,0.99999,0.00000,0.00000,0.00001
115.00125,0.99750,0.99999,0.00000,0.00000,0.00001
115.10125,0.99750,0.99999,0.00000,0.00000,0.00001
115.20125,0.99751,0.99999,0.00000,0.00000,0.00001
115.30125,0.99751,0.99999,0.00000,0.00000,0.00001
115.40125,0.99750,0.99997,0.00002,0.00000,0.00002
115.50125,0.99750,0.99981,0.00019,0.00000,0.00000
115.60125,0.99750,0.99847,0.00152,0.00000,0.00001
115.70125,0.99751,0.98319,0.01676,0.00003,0.00002
115.80125,0.99751,0.81900,0.18042,0.00055,0.00003
115.90125,0.99750,0.24069,0.75584,0.00345,0.00002
116.00125,0.99750,0.05233,0.94151,0.00615,0.00001
116.10125,0.99750,0.11689,0.87450,0.00859,0.00002
116.20125,0.99751,0.56313,0.43207,0.00474,0.00006
116.30125,0.99751,0.94741,0.05136,0.00113,0.00010
116.40125,0.99750,0.99158,0.00615,0.00214,0.00013
116.50125,0.99750,0.99906,0.00051,0.00013,0.00031
116.60125,0.99750,0.99978,0.00007,0.00001,0.00014
116.70125,0.99751,0.99993,0.00001,0.00000,0.00007
116.80125,0.99751,0.99996,0.00000,0.00000,0.00004
116.90125,0.99750,0.99998,0.00000,0.00000,0.00002
117.00125,0.99750,0.99999,0.00000,0.00000,0.00001
117.10125,0.99750,1.00000,0.00000,0.00000,0.00000
117.20125,0.99751,1.00000,0.00000,0.00000,0.00000
117.30125,0.99751,1.00000,0.00000,0.00000,0.00000
117.40125,0.99750,0.99999,0.00000,0.00000,0.00001
117.50125,0.99750,0.99999,0.00000,0.00000,0.00001
117.60125,0.99750,0.99995,0.00001,0.00000,0.00004
117.70125,0.99751,0.99990,0.00009,0.00000,0.00001
117.80125,0.99751,0.99877,0.00121,0.00000,0.00002
117.90125,0.99750,0.98481,0.01515,0.00001,0.00003
118.00125,0.99750,0.83720,0.16255,0.00019,0.00007
118.10125,0.99750,0.30012,0.69873,0.00108,0.00007
118.20125,0.99751,0.10627,0.89246,0.00121,0.00006
118.30125,0.99751,0.34007,0.65892,0.00091,0.00010
118.40125,0.99750,0.79213,0.20741,0.00035,0.00011
118.50125,0.99750,0.97682,0.02285,0.00004,0.00028
118.60125,0.99750,0.99810,0.00169,0.00012,0.00010
118.70125,0.99751,0.99932,0.00021,0.00001,0.00046
118.80125,0.99751,0.99975,0.00002,0.00000,0.00023
118.90125,0.99750,0.99989,0.00000,0.00000,0.00011
119.00125,0.99750,0.99995,0.00000,0.00000,0.00005
119.10125,0.99750,0.99997,0.00000,0.00000,0.00003
119.20125,0.99751,0.99998,0.00000,0.00000,0.00002
119.30125,0.99751,0.99999,0.00000,0.00000,0.00001
119.40125,0.99750,0.99999,0.00000,0.00000,0.00001
119.50125,0.99750,0.99999,0.00000,0.00000,0.00001
119.60125,0.99750,0.99999,0.00000,0.00000,0.00001
119.70125,0.99751,0.99999,0.00000,0.00000,0.00001
119.80125,0.99751,0.99999,0.00000,0.00000,0.00001
119.90125,0.99750,0.99999,0.00000,0.00000,0.00001
120.00125,0.99750,0.99998,0.00000,0.00000,0.00002
120.10125,0.99750,0.99997,0.00000,0.00000,0.00003
120.20125,0.99751,0.99998,0.00000,0.00000,0.00002
120.30125,0.99751,0.99990,0.00004,0.00000,0.00005
120.40125,0.99750,0.99953,0.00046,0.00000,0.00001
120.50125,0.99750,0.99265,0.00733,0.00000,0.00002
120.60125,0.99750,0.91017,0.08975,0.00006,0.00002
120.70125,0.99751,0.46947,0.52995,0.00055,0.00002
120.80125,0.99751,0.05985,0.93872,0.00142,0.00001
120.90125,0.99750,0.04323,0.95515,0.00161,0.00001
121.00125,0.99750,0.24393,0.75521,0.00084,0.00002
121.10125,0.99750,0.76402,0.23572,0.00023,0.00004
121.20125,0.99751,0.98265,0.01725,0.00003,0.00007
121.30125,0.99751,0.99883,0.00109,0.00005,0.00003
121.40125,0.99750,0.99978,0.00009,0.00001,0.00011
121.50125,0.99750,0.99992,0.00001,0.00000,0.00007
121.60125,0.99750,0.99996,0.00000,0.00000,0.00004
121.70125,0.99751,0.99998,0.00000,0.00000,0.00002
121.80125,0.99751,1.00000,0.00000,0.00000,0.00000
121.90125,0.99750,1.00000,0.00000,0.00000,0.00000
122.00125,0.99750,1.00000,0.00000,0.00000,0.00000
122.10125,0.99750,1.00000,0.00000,0.00000,0.00000
122.20125,0.99751,0.99999,0.00000,0.00000,0.00001
122.30125,0.99751,0.99999,0.00000,0.00000,0.00001
122.40125,0.99750,0.99997,0.00001,0.00000,0.00003
122.50125,0.99750,0.99989,0.00010,0.00000,0.00002
122.60125,0.99750,0.99842,0.00155,0.00000,0.00003
122.70125,0.99751,0.97855,0.02138,0.00002,0.00005
122.80125,0.99751,0.75376,0.24587,0.00030,0.00008
122.90125,0.99750,0.17671,0.82161,0.00163,0.00004
123.00125,0.99750,0.06887,0.92904,0.00207,0.00003
123.10125,0.99750,0.35028,0.64866,0.00100,0.00006
123.20125,0.99751,0.83900,0.16069,0.00025,0.00006
123.30125,0.99751,0.98603,0.01386,0.00002,0.00009
123.40125,0.99750,0.99917,0.00076,0.00004,0.00003
123.50125,0.99750,0.99979,0.00012,0.00001,0.00008
123.60125,0.99750,0.99992,0.00001,0.00000,0.00007
123.70125,0.99751,0.99996,0.00000,0.00000,0.00004
123.80125,0.99751,0.99997,0.00000,0.00000,0.00003
123.90125,0.99750,0.99998,0.00000,0.00000,0.00002
124.00125,0.99750,0.99999,0.00000,0.00000,0.00001
124.10125,0.99750,0.99999,0.00000,0.00000,0.00001
124.20125,0.99751,0.99999,0.00000,0.00000,0.00001
124.30125,0.99751,0.99999,0.00000,0.00000,0.00001
124.40125,0.99750,0.99999,0.00000,0.00000,0.00001
124.50125,0.99750,0.99999,0.00000,0.00000,0.00001
124.60125,0.99750,0.99998,0.00000,0.00000,0.00002
124.70125,0.99751,0.99998,0.00000,0.00000,0.00002
124.80125,0.99751,0.99996,0.00001,0.00000,0.00003
124.90125,0.99750,0.99987,0.00012,0.00000,0.00001
125.00125,0.99750,0.99846,0.00151,0.00000,0.00003
125.10125,0.99750,0.98257,0.01736,0.00001,0.00005
125.20125,0.99751,0.83724,0.16250,0.00018,0.00008
125.30125,0.99751,0.34807,0.65101,0.00084,0.00008
125.40125,0.99750,0.15220,0.84667,0.00107,0.00006
125.50125,0.99750,0.53066,0.46857,0.00067,0.00010
125.60125,0.99750,0.93212,0.06771,0.00011,0.00007
125.70125,0.99751,0.99484,0.00507,0.00001,0.00007
125.80125,0.99751,0.99939,0.00052,0.00004,0.00006
125.90125,0.99750,0.99986,0.00004,0.00000,0.00009
126.00125,0.99750,0.99996,0.00000,0.00000,0.00004
126.10125,0.99750,0.99998,0.00000,0.00000,0.00002
126.20125,0.99751,0.99999,0.00000,0.00000,0.00001
126.30125,0.99751,0.99999,0.00000,0.00000,0.00001
126.40125,0.99750,0.99999,0.00000,0.00000,0.00001
126.50125,0.99750,0.99996,0.00001,0.00000,0.00004
126.60125,0.99750,0.99995,0.00004,0.00000,0.00001
126.70125,0.99751,0.99963,0.00037,0.00000,0.00001
126.80125,0.99751,0.99614,0.00384,0.00000,0.00002
126.90125,0.99750,0.95424,0.04567,0.00006,0.00003
127.00125,0.99750,0.62224,0.37696,0.00074,0.00006
127.10125,0.99751,0.17000,0.82833,0.00162,0.00005
127.20125,0.99750,0.31758,0.68132,0.00103,0.00006
127.30125,0.99751,0.82830,0.17138,0.00026,0.00006
127.40125,0.99749,0.98486,0.01503,0.00002,0.00009
127.50125,0.99750,0.99915,0.00078,0.00005,0.00002
127.60125,0.99751,0.99978,0.00010,0.00001,0.00011
127.70125,0.99750,0.99989,0.00001,0.00000,0.00010
127.80125,0.99751,0.99996,0.00000,0.00000,0.00004
127.90125,0.99749,0.99998,0.00000,0.00000,0.00002
128.00125,0.99750,0.99999,0.00000,0.00000,0.00001
128.10126,0.99750,1.00000,0.00000,0.00000,0.00000
128.20125,0.99750,0.99999,0.00000,0.00000,0.00001
128.30125,0.99750,0.99999,0.00000,0.00000,0.00001
128.40125,0.99750,0.99995,0.00000,0.00000,0.00004
128.50125,0.99750,0.99994,0.00003,0.00000,0.00003
128.60126,0.99750,0.99951,0.00045,0.00000,0.00004
128.70125,0.99750,0.99393,0.00598,0.00000,0.00008
128.80125,0.99750,0.92446,0.07532,0.00008,0.00013
128.90125,0.99750,0.47590,0.52301,0.00095,0.00014
129.00125,0.99750,0.07316,0.92423,0.00257,0.00005
129.10126,0.99750,0.06383,0.93218,0.00394,0.00005
129.20125,0.99750,0.42245,0.57477,0.00267,0.00011
129.30125,0.99750,0.91183,0.08763,0.00034,0.00020
129.40125,0.99750,0.99354,0.00603,0.00036,0.00006
129.50125,0.99750,0.99897,0.00077,0.00016,0.00010
129.60126,0.99750,0.99985,0.00006,0.00001,0.00008
129.70125,0.99750,0.99995,0.00000,0.00000,0.00004
129.80125,0.99750,0.99998,0.00000,0.00000,0.00002
129.90125,0.99750,0.99999,0.00000,0.00000,0.00001
130.00125,0.99750,1.00000,0.00000,0.00000,0.00000
130.10126,0.99750,1.00000,0.00000,0.00000,0.00000
130.20125,0.99750,0.99999,0.00000,0.00000,0.00001
130.30125,0.99750,0.99998,0.00000,0.00000,0.00002
130.40125,0.99750,0.99999,0.00000,0.00000,0.00001
130.50125,0.99750,0.99994,0.00002,0.00000,0.00004
130.60126,0.99750,0.99983,0.00016,0.00000,0.00001
130.70125,0.99750,0.99793,0.00206,0.00000,0.00001
130.80125,0.99750,0.97514,0.02482,0.00001,0.00003
130.90125,0.99750,0.75380,0.24594,0.00022,0.00004
131.00125,0.99750,0.21854,0.78044,0.00100,0.00003
131.10126,0.99750,0.08477,0.91401,0.00120,0.00002
131.20125,0.99750,0.34344,0.65568,0.00084,0.00003
131.30125,0.99750,0.72956,0.26993,0.00046,0.00005
131.40125,0.99750,0.86356,0.13572,0.00037,0.00035
131.50125,0.99750,0.97268,0.02408,0.00299,0.00024
131.60126,0.99750,0.99464,0.00347,0.00043,0.00145
131.70125,0.99750,0.99894,0.00029,0.00002,0.00075
131.80125,0.99750,0.99969,0.00002,0.00000,0.00029
131.90125,0.99750,0.99981,0.00000,0.00000,0.00018
132.00125,0.99750,0.99989,0.00000,0.00000,0.00011
132.10126,0.99750,0.99987,0.00000,0.00000,0.00013
132.20125,0.99750,0.99970,0.00001,0.00000,0.00029
132.30125,0.99750,0.99965,0.00002,0.00000,0.00034
132.40125,0.99750,0.99985,0.00004,0.00000,0.00011
132.50125,0.99750,0.99920,0.00052,0.00000,0.00027
132.60126,0.99750,0.99593,0.00398,0.00000,0.00009
132.70125,0.99750,0.94044,0.05939,0.00002,0.00016
132.80125,0.99750,0.52941,0.47013,0.00026,0.00019
132.90125,0.99750,0.15223,0.84700,0.00070,0.00007
133.00125,0.99750,0.03169,0.96711,0.00118,0.00002
133.10126,0.99750,0.04753,0.95119,0.00125,0.00003
133.20125,0.99750,0.14280,0.85614,0.00101,0.00005
133.30125,0.99750,0.49819,0.50123,0.00047,0.00011
133.40125,0.99750,0.89187,0.10772,0.00009,0.00033
133.50125,0.99750,0.98494,0.01453,0.00036,0.00017
133.60126,0.99750,0.99762,0.00175,0.00009,0.00054
133.70125,0.99750,0.99944,0.00016,0.00001,0.00040
133.80125,0.99750,0.99983,0.00001,0.00000,0.00016
133.90125,0.99750,0.99992,0.00000,0.00000,0.00008
134.00125,0.99750,0.99994,0.00000,0.00000,0.00006
134.10126,0.99750,0.99995,0.00000,0.00000,0.00005
134.20125,0.99750,0.99994,0.00000,0.00000,0.00006
134.30125,0.99750,0.99987,0.00000,0.00000,0.00012
134.40125,0.99750,0.99991,0.00001,0.00000,0.00007
134.50125,0.99750,0.99967,0.00014,0.00000,0.00019
134.60126,0.99750,0.99905,0.00091,0.00000,0.00004
134.70125,0.99750,0.98827,0.01165,0.00001,0.00007
134.80125,0.99750,0.85212,0.14763,0.00011,0.00013
134.90125,0.99750,0.34789,0.65122,0.00079,0.00009
135.00125,0.99750,0.10209,0.89640,0.00147,0.00004
135.10126,0.99750,0.10243,0.89619,0.00133,0.00005
135.20125,0.99750,0.49964,0.49944,0.00083,0.00009
135.30125,0.99750,0.92554,0.07427,0.00012,0.00006
135.40125,0.99750,0.99513,0.00480,0.00001,0.00006
135.50125,0.99750,0.99962,0.00033,0.00003,0.00002
135.60126,0.99750,0.99989,0.00004,0.00000,0.00007
135.70125,0.99750,0.99996,0.00000,0.00000,0.00003
135.80125,0.99750,0.99998,0.00000,0.00000,0.00002
135.90125,0.99750,0.99999,0.00000,0.00000,0.00001
136.00125,0.99750,0.99999,0.00000,0.00000,0.00001
136.10126,0.99750,0.99998,0.00000,0.00000,0.00002
136.20125,0.99750,0.99994,0.00000,0.00000,0.00006
136.30125,0.99750,0.99986,0.00003,0.00000,0.00011
136.40125,0.99750,0.99964,0.00031,0.00000,0.00005
136.50125,0.99750,0.99561,0.00430,0.00000,0.00009
136.60126,0.99750,0.95242,0.04738,0.00001,0.00019
136.70125,0.99750,0.63622,0.36338,0.00013,0.00027
136.80125,0.99750,0.14068,0.85866,0.00052,0.00014
136.90125,0.99750,0.07223,0.92676,0.00091,0.00010
137.00125,0.99750,0.41645,0.58271,0.00061,0.00023
137.10126,0.99750,0.88827,0.11141,0.00015,0.00016
137.20125,0.99750,0.98809,0.01179,0.00002,0.00010
137.30125,0.99750,0.99906,0.00085,0.00004,0.00005
137.40125,0.99750,0.99969,0.00014,0.00001,0.00017
137.50125,0.99750,0.99988,0.00001,0.00000,0.00011
137.60126,0.99750,0.99994,0.00000,0.00000,0.00005
137.70125,0.99750,0.99997,0.00000,0.00000,0.00003
137.80125,0.99750,0.99998,0.00000,0.00000,0.00002
137.90125,0.99750,0.99999,0.00000,0.00000,0.00001
138.00125,0.99750,0.99998,0.00000,0.00000,0.00002
138.10126,0.99750,0.99995,0.00000,0.00000,0.00005
138.20125,0.99750,0.99991,0.00000,0.00000,0.00009
138.30125,0.99750,0.99988,0.00002,0.00000,0.00009
138.40125,0.99750,0.99980,0.00014,0.00000,0.00006
138.50125,0.99750,0.99837,0.00159,0.00000,0.00004
138.60126,0.99750,0.98422,0.01571,0.00002,0.00005
138.70125,0.99750,0.87516,0.12455,0.00021,0.00008
138.80125,0.99750,0.41729,0.58065,0.00200,0.00006
138.90125,0.99750,0.17076,0.82636,0.00284,0.00005
139.00125,0.99750,0.50063,0.49809,0.00122,0.00006
139.10126,0.99750,0.92057,0.07920,0.00019,0.00003
139.20125,0.99750,0.99363,0.00633,0.00001,0.00002
139.30125,0.99750,0.99961,0.00037,0.00000,0.00002
139.40125,0.99750,0.99989,0.00007,0.00001,0.00004
139.50125,0.99750,0.99996,0.00001,0.00000,0.00004
139.60126,0.99750,0.99998,0.00000,0.00000,0.00002
139.70125,0.99750,0.99999,0.00000,0.00000,0.00001
139.80125,0.99750,0.99999,0.00000,0.00000,0.00001
139.90125,0.99750,1.00000,0.00000,0.00000,0.00000
140.00125,0.99750,1.00000,0.00000,0.00000,0.00000
140.10126,0.99750,1.00000,0.00000,0.00000,0.00000
140.20125,0.99750,0.99999,0.00000,0.00000,0.00001
140.30125,0.99750,0.99999,0.00000,0.00000,0.00001
140.40125,0.99750,0.99998,0.00000,0.00000,0.00002
140.50125,0.99750,0.99997,0.00001,0.00000,0.00002
140.60126,0.99750,0.99979,0.00019,0.00000,0.00002
140.70125,0.99750,0.99769,0.00227,0.00000,0.00004
140.80125,0.99750,0.97275,0.02718,0.00001,0.00006
140.90125,0.99750,0.76731,0.23241,0.00019,0.00009
141.00125,0.99750,0.26631,0.73245,0.00117,0.00006
141.10126,0.99750,0.15992,0.83870,0.00132,0.00006
141.20125,0.99750,0.56526,0.43397,0.00069,0.00008
141.30125,0.99750,0.93203,0.06775,0.00011,0.00012
141.40125,0.99750,0.99576,0.00410,0.00007,0.00006
141.50125,0.99750,0.99960,0.00029,0.00004,0.00007
141.60126,0.99750,0.99991,0.00002,0.00000,0.00006
141.70125,0.99750,0.99997,0.00000,0.00000,0.00003
141.80125,0.99750,0.99998,0.00000,0.00000,0.00002
141.90125,0.99750,0.99999,0.00000,0.00000,0.00001
142.00125,0.99750,1.00000,0.00000,0.00000,0.00000
142.10126,0.99750,1.00000,0.00000,0.00000,0.00000
142.20125,0.99750,0.99999,0.00000,0.00000,0.00001
142.30125,0.99750,0.99999,0.00000,0.00000,0.00000
142.40125,0.99750,0.99998,0.00000,0.00000,0.00002
142.50125,0.99750,0.99995,0.00004,0.00000,0.00000
142.60126,0.99750,0.99945,0.00055,0.00000,0.00001
142.70125,0.99750,0.99364,0.00634,0.00000,0.00001
142.80125,0.99750,0.92913,0.07079,0.00007,0.00002
142.90125,0.99750,0.60630,0.39320,0.00046,0.00004
143.00125,0.99750,0.50854,0.49096,0.00046,0.00004
143.10126,0.99750,0.65693,0.34284,0.00020,0.00004
143.20125,0.99750,0.93434,0.06560,0.00003,0.00003
143.30125,0.99750,0.99281,0.00709,0.00000,0.00009
143.40125,0.99750,0.99906,0.00088,0.00001,0.00005
143.50125,0.99750,0.99971,0.00010,0.00000,0.00019
143.60126,0.99750,0.99986,0.00001,0.00000,0.00013
143.70125,0.99750,0.99993,0.00000,0.00000,0.00007
143.80125,0.99750,0.99997,0.00000,0.00000,0.00003
143.90125,0.99750,0.99998,0.00000,0.00000,0.00002
144.00125,0.99750,0.99998,0.00000,0.00000,0.00002
144.10126,0.99750,0.99999,0.00000,0.00000,0.00001
144.20125,0.99750,0.99998,0.00000,0.00000,0.00002
144.30125,0.99750,0.99997,0.00000,0.00000,0.00002
144.40125,0.99750,0.99997,0.00000,0.00000,0.00002
144.50125,0.99750,0.99994,0.00004,0.00000,0.00001
144.60126,0.99750,0.99949,0.00050,0.00000,0.00001
144.70125,0.99750,0.99526,0.00472,0.00001,0.00002
144.80125,0.99750,0.94608,0.05376,0.00012,0.00004
144.90125,0.99750,0.64953,0.34937,0.00106,0.00004
145.00125,0.99750,0.16956,0.82802,0.00240,0.00002
145.10126,0.99750,0.07195,0.92554,0.00249,0.00002
145.20125,0.99750,0.33908,0.65900,0.00187,0.00005
145.30125,0.99750,0.86765,0.13188,0.00040,0.00007
145.40125,0.99750,0.98804,0.01178,0.00010,0.00008
145.50125,0.99750,0.99836,0.00134,0.00014,0.00016
145.60126,0.99750,0.99954,0.00014,0.00001,0.00031
145.70125,0.99750,0.99987,0.00001,0.00000,0.00011
145.80125,0.99750,0.99995,0.00000,0.00000,0.00004
145.90125,0.99750,0.99998,0.00000,0.00000,0.00002
146.00125,0.99750,0.99997,0.00000,0.00000,0.00003
146.10126,0.99750,0.99996,0.00000,0.00000,0.00004
146.20125,0.99750,0.99997,0.00000,0.00000,0.00002
146.30125,0.99750,0.99993,0.00004,0.00000,0.00003
146.40125,0.99750,0.99963,0.00036,0.00000,0.00001
146.50125,0.99750,0.99624,0.00373,0.00000,0.00003
146.60126,0.99750,0.96305,0.03682,0.00008,0.00005
146.70125,0.99750,0.64340,0.35540,0.00113,0.00007
146.80125,0.99750,0.20227,0.79528,0.00240,0.00006
146.90125,0.99750,0.25115,0.74722,0.00156,0.00007
147.00125,0.99750,0.63624,0.36324,0.00044,0.00009
147.10126,0.99750,0.93111,0.06876,0.00005,0.00009
147.20125,0.99750,0.99400,0.00584,0.00001,0.00015
147.30125,0.99750,0.99901,0.00079,0.00002,0.00018
147.40125,0.99750,0.99956,0.00008,0.00000,0.00036
147.50125,0.99750,0.99981,0.00001,0.00000,0.00018
147.60126,0.99750,0.99992,0.00000,0.00000,0.00008
147.70125,0.99750,0.99996,0.00000,0.00000,0.00004
147.80125,0.99750,0.99998,0.00000,0.00000,0.00002
147.90125,0.99750,0.99998,0.00000,0.00000,0.00002
148.00125,0.99750,0.99999,0.00000,0.00000,0.00001
148.10126,0.99750,0.99999,0.00000,0.00000,0.00001
148.20125,0.99750,0.99999,0.00000,0.00000,0.00001
148.30125,0.99750,0.99999,0.00000,0.00000,0.00001
148.40125,0.99750,1.00000,0.00000,0.00000,0.00000
148.50125,0.99750,1.00000,0.00000,0.00000,0.00000
148.60126,0.99750,1.00000,0.00000,0.00000,0.00000
148.70125,0.99750,1.00000,0.00000,0.00000,0.00000
148.80125,0.99750,1.00000,0.00000,0.00000,0.00000
148.90125,0.99750,0.99999,0.00000,0.00000,0.00001
149.00125,0.99750,0.99998,0.00000,0.00000,0.00002
149.10126,0.99750,0.99995,0.00000,0.00000,0.00005
149.20125,0.99750,0.99993,0.00001,0.00000,0.00005
149.30125,0.99750,0.99969,0.00012,0.00000,0.00019
149.40125,0.99750,0.99864,0.00132,0.00000,0.00004
149.50125,0.99750,0.98279,0.01712,0.00000,0.00009
149.60126,0.99750,0.82572,0.17404,0.00008,0.00015
149.70125,0.99750,0.27684,0.72252,0.00053,0.00010
149.80125,0.99750,0.05167,0.94743,0.00087,0.00003
149.90125,0.99750,0.06433,0.93483,0.00080,0.00004
150.00125,0.99750,0.14471,0.85423,0.00099,0.00007
150.10126,0.99750,0.41104,0.58748,0.00135,0.00014
150.20125,0.99750,0.89111,0.10836,0.00020,0.00034
150.30125,0.99750,0.98715,0.01173,0.00096,0.00016
150.40125,0.99750,0.99615,0.00245,0.00030,0.00111
150.50125,0.99750,0.99919,0.00023,0.00002,0.00056
150.60126,0.99750,0.99975,0.00002,0.00000,0.00023
150.70125,0.99750,0.99979,0.00001,0.00000,0.00020
150.80125,0.99750,0.99967,0.00000,0.00000,0.00033
150.90125,0.99750,0.99984,0.00002,0.00000,0.00014
151.00125,0.99750,0.99987,0.00007,0.00000,0.00006
151.10126,0.99750,0.99956,0.00042,0.00000,0.00002
151.20125,0.99750,0.99498,0.00499,0.00000,0.00002
151.30125,0.99750,0.97134,0.02862,0.00002,0.00002
151.40125,0.99750,0.82247,0.17732,0.00018,0.00003
151.50125,0.99750,0.31704,0.68184,0.00110,0.00002
151.60126,0.99750,0.09052,0.90804,0.00143,0.00001
151.70125,0.99750,0.24320,0.75584,0.00095,0.00002
151.80125,0.99750,0.71115,0.28844,0.00040,0.00002
151.90125,0.99750,0.96570,0.03421,0.00004,0.00006
152.00125,0.99750,0.99787,0.00203,0.00006,0.00005
152.10126,0.99750,0.99961,0.00026,0.00001,0.00012
152.20125,0.99750,0.99986,0.00002,0.00000,0.00011
152.30125,0.99750,0.99994,0.00000,0.00000,0.00005
152.40125,0.99750,0.99997,0.00000,0.00000,0.00003
152.50125,0.99750,0.99999,0.00000,0.00000,0.00001
152.60126,0.99750,0.99999,0.00000,0.00000,0.00001
152.70125,0.99750,0.99999,0.00000,0.00000,0.00001
152.80125,0.99750,0.99999,0.00000,0.00000,0.00001
152.90125,0.99750,0.99998,0.00000,0.00000,0.00002
153.00125,0.99750,0.99998,0.00000,0.00000,0.00002
153.10126,0.99750,0.99993,0.00002,0.00000,0.00005
153.20125,0.99750,0.99982,0.00017,0.00000,0.00001
153.30125,0.99750,0.99800,0.00198,0.00000,0.00002
153.40125,0.99750,0.97865,0.02129,0.00002,0.00004
153.50125,0.99750,0.78618,0.21350,0.00027,0.00005
153.60126,0.99750,0.27700,0.72154,0.00141,0.00004
153.70125,0.99750,0.12869,0.86945,0.00183,0.00003
153.80125,0.99750,0.46238,0.53630,0.00127,0.00005
153.90125,0.99750,0.90006,0.09968,0.00022,0.00004
154.00125,0.99750,0.99074,0.00917,0.00002,0.00008
154.10126,0.99750,0.99905,0.00088,0.00004,0.00004
154.20125,0.99750,0.99972,0.00011,0.00001,0.00016
154.30125,0.99750,0.99989,0.00001,0.00000,0.00010
154.40125,0.99750,0.99995,0.00000,0.00000,0.00005
154.50125,0.99750,0.99997,0.00000,0.00000,0.00003
154.60126,0.99750,0.99998,0.00000,0.00000,0.00002
154.70125,0.99750,0.99999,0.00000,0.00000,0.00001
154.80125,0.99750,0.99999,0.00000,0.00000,0.00001
154.90125,0.99750,0.99999,0.00000,0.00000,0.00001
155.00125,0.99750,0.99998,0.00000,0.00000,0.00002
155.10126,0.99750,0.99998,0.00000,0.00000,0.00002
155.20125,0.99750,0.99996,0.00002,0.00000,0.00002
155.30125,0.99750,0.99974,0.00025,0.00000,0.00001
155.40125,0.99750,0.99747,0.00250,0.00000,0.00003
155.50125,0.99750,0.97282,0.02711,0.00002,0.00005
155.60126,0.99750,0.79728,0.20249,0.00016,0.00007
155.70125,0.99750,0.31994,0.67932,0.00067,0.00007
155.80125,0.99750,0.11560,0.88322,0.00113,0.00005
155.90125,0.99750,0.11236,0.88527,0.00230,0.00007
156.00125,0.99750,0.14213,0.85384,0.00389,0.00014
156.10126,0.99750,0.40084,0.58869,0.00977,0.00071
156.20125,0.99750,0.78882,0.16046,0.04823,0.00250
156.30125,0.99750,0.96068,0.02889,0.00652,0.00391
156.40125,0.99750,0.99538,0.00244,0.00027,0.00191
156.50125,0.99750,0.99887,0.00018,0.00001,0.00094
156.60126,0.99750,0.99951,0.00001,0.00000,0.00047
156.70125,0.99750,0.99979,0.00000,0.00000,0.00021
156.80125,0.99750,0.99992,0.00000,0.00000,0.00008
156.90125,0.99750,0.99998,0.00000,0.00000,0.00002
157.00125,0.99750,0.99999,0.00000,0.00000,0.00001
157.10126,0.99750,1.00000,0.00000,0.00000,0.00000
157.20125,0.99750,1.00000,0.00000,0.00000,0.00000
157.30125,0.99750,1.00000,0.00000,0.00000,0.00000
157.40125,0.99750,1.00000,0.00000,0.00000,0.00000
157.50125,0.99750,1.00000,0.00000,0.00000,0.00000
157.60126,0.99750,1.00000,0.00000,0.00000,0.00000
157.70125,0.99750,1.00000,0.00000,0.00000,0.00000
157.80125,0.99750,1.00000,0.00000,0.00000,0.00000
157.90125,0.99750,1.00000,0.00000,0.00000,0.00000
158.00125,0.99750,1.00000,0.00000,0.00000,0.00000
158.10126,0.99750,1.00000,0.00000,0.00000,0.00000
158.20125,0.99750,0.99999,0.00000,0.00000,0.00001
158.30125,0.99750,0.99999,0.00000,0.00000,0.00001
158.40125,0.99750,0.99999,0.00000,0.00000,0.00001
158.50125,0.99750,0.99997,0.00002,0.00000,0.00001
158.60126,0.99750,0.99986,0.00014,0.00000,0.00000
158.70125,0.99750,0.99826,0.00174,0.00000,0.00000
158.80125,0.99750,0.97953,0.02046,0.00001,0.00001
158.90125,0.99750,0.77014,0.22976,0.00009,0.00001
159.00125,0.99750,0.20708,0.79244,0.00047,0.00000
159.10126,0.99750,0.03384,0.96552,0.00064,0.00000
159.20125,0.99750,0.08260,0.91664,0.00076,0.00000
159.30125,0.99750,0.39761,0.60192,0.00045,0.00002
159.40125,0.99750,0.89934,0.10041,0.00016,0.00009
159.50125,0.99750,0.99064,0.00896,0.00032,0.00007
159.60126,0.99750,0.99821,0.00120,0.00009,0.00051
159.70125,0.99750,0.99966,0.00010,0.00000,0.00023
159.80125,0.99750,0.99989,0.00001,0.00000,0.00010
159.90125,0.99750,0.99994,0.00000,0.00000,0.00005
160.00125,0.99750,0.99996,0.00000,0.00000,0.00004
160.10126,0.99750,0.99998,0.00000,0.00000,0.00002
160.20125,0.99750,0.99999,0.00000,0.00000,0.00001
160.30125,0.99750,0.99999,0.00000,0.00000,0.00001
160.40125,0.99750,0.99999,0.00000,0.00000,0.00001
160.50125,0.99750,1.00000,0.00000,0.00000,0.00000
160.60126,0.99750,0.99999,0.00000,0.00000,0.00001
160.70125,0.99750,0.99997,0.00000,0.00000,0.00003
160.80125,0.99750,0.99998,0.00000,0.00000,0.00001
160.90125,0.99750,0.99989,0.00005,0.00000,0.00005
161.00125,0.99750,0.99972,0.00028,0.00000,0.00000
161.10126,0.99750,0.99792,0.00208,0.00000,0.00000
161.20125,0.99750,0.97480,0.02519,0.00000,0.00001
161.30125,0.99750,0.74609,0.25388,0.00002,0.00001
161.40125,0.99750,0.16661,0.83329,0.00010,0.00000
161.50125,0.99750,0.03164,0.96818,0.00018,0.00000
161.60126,0.99750,0.11645,0.88329,0.00026,0.00000
161.70125,0.99750,0.63312,0.36672,0.00015,0.00001
161.80125,0.99750,0.97725,0.02271,0.00002,0.00002
161.90125,0.99750,0.99867,0.00125,0.00007,0.00001
162.00125,0.99750,0.99979,0.00014,0.00002,0.00005
162.10126,0.99750,0.99996,0.00001,0.00000,0.00003
162.20125,0.99750,0.99998,0.00000,0.00000,0.00001
162.30125,0.99750,0.99999,0.00000,0.00000,0.00001
162.40125,0.99750,1.00000,0.00000,0.00000,0.00000
162.50125,0.99750,1.00000,0.00000,0.00000,0.00000
162.60126,0.99750,1.00000,0.00000,0.00000,0.00000
162.70125,0.99750,1.00000,0.00000,0.00000,0.00000
162.80125,0.99750,1.00000,0.00000,0.00000,0.00000
162.90125,0.99750,0.99999,0.00000,0.00000,0.00001
163.00125,0.99750,0.99999,0.00000,0.00000,0.00001
163.10126,0.99750,0.99999,0.00000,0.00000,0.00001
163.20125,0.99750,0.99995,0.00002,0.00000,0.00003
163.30125,0.99750,0.99967,0.00032,0.00000,0.00001
163.40125,0.99750,0.99547,0.00451,0.00000,0.00002
163.50125,0.99750,0.94132,0.05860,0.00004,0.00003
163.60126,0.99750,0.53982,0.45962,0.00053,0.00004
163.70125,0.99750,0.08773,0.91055,0.00171,0.00001
163.80125,0.99750,0.02824,0.96918,0.00257,0.00001
163.90125,0.99750,0.19639,0.80157,0.00201,0.00002
164.00125,0.99750,0.81266,0.18687,0.00042,0.00004
164.10126,0.99750,0.98907,0.01082,0.00005,0.00006
164.20125,0.99750,0.99881,0.00103,0.00011,0.00004
164.30125,0.99750,0.99984,0.00008,0.00001,0.00007
164.40125,0.99750,0.99995,0.00001,0.00000,0.00004
164.50125,0.99750,0.99998,0.00000,0.00000,0.00002
164.60126,0.99750,0.99999,0.00000,0.00000,0.00001
164.70125,0.99750,1.00000,0.00000,0.00000,0.00000
164.80125,0.99750,1.00000,0.00000,0.00000,0.00000
164.90125,0.99750,1.00000,0.00000,0.00000,0.00000
165.00125,0.99750,1.00000,0.00000,0.00000,0.00000
165.10126,0.99750,1.00000,0.00000,0.00000,0.00000
165.20125,0.99750,1.00000,0.00000,0.00000,0.00000
165.30125,0.99750,0.99999,0.00000,0.00000,0.00001
165.40125,0.99750,0.99999,0.00000,0.00000,0.00001
165.50125,0.99750,0.99999,0.00000,0.00000,0.00001
165.60126,0.99750,0.99996,0.00002,0.00000,0.00001
165.70125,0.99750,0.99962,0.00037,0.00000,0.00001
165.80125,0.99750,0.99517,0.00481,0.00000,0.00002
165.90125,0.99750,0.93618,0.06372,0.00007,0.00004
166.00125,0.99750,0.52925,0.46986,0.00082,0.00006
166.10126,0.99750,0.10633,0.89166,0.00196,0.00005
166.20125,0.99750,0.13321,0.86530,0.00143,0.00006
166.30125,0.99750,0.65411,0.34540,0.00039,0.00009
166.40125,0.99750,0.97318,0.02669,0.00004,0.00010
166.50125,0.99750,0.99852,0.00138,0.00001,0.00009
166.60126,0.99750,0.99982,0.00010,0.00001,0.00008
166.70125,0.99750,0.99990,0.00001,0.00000,0.00010
166.80125,0.99750,0.99995,0.00000,0.00000,0.00005
166.90125,0.99750,0.99998,0.00000,0.00000,0.00002
167.00125,0.99750,0.99999,0.00000,0.00000,0.00001
167.10126,0.99750,1.00000,0.00000,0.00000,0.00000
167.20125,0.99750,1.00000,0.00000,0.00000,0.00000
167.30125,0.99750,1.00000,0.00000,0.00000,0.00000
167.40125,0.99750,1.00000,0.00000,0.00000,0.00000
167.50125,0.99750,1.00000,0.00000,0.00000,0.00000
167.60126,0.99750,1.00000,0.00000,0.00000,0.00000
167.70125,0.99750,1.00000,0.00000,0.00000,0.00000
167.80125,0.99750,1.00000,0.00000,0.00000,0.00000
167.90125,0.99750,1.00000,0.00000,0.00000,0.00000
168.00125,0.99750,1.00000,0.00000,0.00000,0.00000
168.10126,0.99750,1.00000,0.00000,0.00000,0.00000
168.20125,0.99750,1.00000,0.00000,0.00000,0.00000
168.30125,0.99750,0.99999,0.00000,0.00000,0.00001
168.40125,0.99750,0.99998,0.00000,0.00000,0.00002
168.50125,0.99750,0.99997,0.00000,0.00000,0.00003
168.60126,0.99750,0.99981,0.00004,0.00000,0.00015
168.70125,0.99750,0.99947,0.00048,0.00000,0.00005
168.80125,0.99750,0.99332,0.00662,0.00000,0.00006
168.90125,0.99750,0.90959,0.09023,0.00005,0.00012
169.00125,0.99750,0.39462,0.60465,0.00063,0.00010
169.10126,0.99750,0.05244,0.94600,0.00153,0.00003
169.20125,0.99750,0.02677,0.97107,0.00215,0.00001
169.30125,0.99750,0.03190,0.96546,0.00263,0.00002
169.40125,0.99750,0.16524,0.83260,0.00210,0.00006
169.50125,0.99750,0.77538,0.22378,0.00067,0.00017
169.60126,0.99750,0.98458,0.01270,0.00267,0.00004
169.70125,0.99750,0.99854,0.00103,0.00029,0.00013
169.80125,0.99750,0.99982,0.00007,0.00001,0.00010
169.90125,0.99750,0.99995,0.00000,0.00000,0.00004
170.00125,0.99750,0.99998,0.00000,0.00000,0.00002
170.10126,0.99750,0.99997,0.00000,0.00000,0.00003
170.20125,0.99750,0.99996,0.00000,0.00000,0.00004
170.30125,0.99750,0.99996,0.00000,0.00000,0.00004
170.40125,0.99750,0.99988,0.00000,0.00000,0.00011
170.50125,0.99750,0.99971,0.00000,0.00000,0.00029
170.60126,0.99750,0.99977,0.00001,0.00000,0.00022
170.70125,0.99750,0.99968,0.00016,0.00000,0.00016
170.80125,0.99750,0.99859,0.00122,0.00000,0.00018
170.90125,0.99750,0.99487,0.00476,0.00001,0.00036
171.00125,0.99750,0.99303,0.00659,0.00001,0.00037
171.10126,0.99750,0.99627,0.00353,0.00000,0.00020
171.20125,0.99750,0.99661,0.00313,0.00000,0.00026
171.30125,0.99750,0.99786,0.00177,0.00000,0.00037
171.40125,0.99750,0.99744,0.00217,0.00000,0.00039
171.50125,0.99750,0.99544,0.00393,0.00000,0.00063
171.60126,0.99750,0.99595,0.00222,0.00000,0.00183
171.70125,0.99750,0.99638,0.00064,0.00000,0.00299
171.80125,0.99750,0.99762,0.00036,0.00000,0.00202
171.90125,0.99750,0.99884,0.00035,0.00000,0.00082
172.00125,0.99750,0.99915,0.00051,0.00000,0.00034
172.10126,0.99750,0.99971,0.00013,0.00000,0.00016
172.20125,0.99750,0.99990,0.00002,0.00000,0.00007
172.30125,0.99750,0.99997,0.00001,0.00000,0.00003
172.40125,0.99750,0.99999,0.00000,0.00000,0.00001
172.50125,0.99750,0.99999,0.00000,0.00000,0.00000
172.60126,0.99750,0.99999,0.00000,0.00000,0.00000
172.70125,0.99750,0.99999,0.00000,0.00001,0.00001
172.80125,0.99750,0.99998,0.00000,0.00000,0.00001
172.90125,0.99750,0.99996,0.00000,0.00000,0.00004
173.00125,0.99750,0.99985,0.00000,0.00000,0.00015
173.10126,0.99750,0.99985,0.00000,0.00000,0.00015
173.20125,0.99750,0.99992,0.00000,0.00000,0.00008
173.30125,0.99750,0.99995,0.00000,0.00000,0.00004
173.40125,0.99750,0.99995,0.00001,0.00000,0.00003
173.50125,0.99750,0.99991,0.00007,0.00000,0.00002
173.60126,0.99750,0.99974,0.00025,0.00000,0.00001
173.70125,0.99750,0.99954,0.00046,0.00000,0.00001
173.80125,0.99750,0.99900,0.00099,0.00000,0.00000
173.90125,0.99750,0.99764,0.00236,0.00000,0.00000
174.00125,0.99750,0.99549,0.00450,0.00000,0.00000
174.10126,0.99750,0.99426,0.00574,0.00000,0.00001
174.20125,0.99750,0.99686,0.00313,0.00000,0.00001
174.30125,0.99750,0.99892,0.00106,0.00000,0.00001
174.40125,0.99750,0.99848,0.00146,0.00000,0.00006
174.50125,0.99750,0.99753,0.00240,0.00000,0.00007
174.60126,0.99750,0.99185,0.00810,0.00000,0.00005
174.70125,0.99750,0.98273,0.01724,0.00000,0.00002
174.80125,0.99750,0.95859,0.04139,0.00000,0.00002
174.90125,0.99750,0.91305,0.08692,0.00001,0.00003
175.00125,0.99750,0.71483,0.28510,0.00005,0.00002
175.10126,0.99750,0.28699,0.71282,0.00018,0.00001
175.20125,0.99750,0.10461,0.89462,0.00077,0.00001
175.30125,0.99750,0.15309,0.84607,0.00084,0.00001
175.40125,0.99750,0.66305,0.33632,0.00062,0.00001
175.50125,0.99750,0.96137,0.03854,0.00006,0.00003
175.60126,0.99750,0.99733,0.00260,0.00003,0.00004
175.70125,0.99750,0.99929,0.00050,0.00010,0.00011
175.80125,0.99750,0.99965,0.00018,0.00002,0.00015
175.90125,0.99750,0.99964,0.00016,0.00001,0.00020
176.00125,0.99750,0.99958,0.00016,0.00000,0.00026
176.10126,0.99750,0.99965,0.00024,0.00000,0.00010
176.20125,0.99750,0.99924,0.00059,0.00000,0.00017
176.30125,0.99750,0.99529,0.00467,0.00000,0.00004
176.40125,0.99750,0.95037,0.04957,0.00000,0.00005
176.50125,0.99750,0.65637,0.34349,0.00007,0.00006
176.60126,0.99750,0.19837,0.80135,0.00026,0.00003
176.70125,0.99750,0.05027,0.94931,0.00041,0.00001
176.80125,0.99750,0.03731,0.96185,0.00083,0.00001
176.90125,0.99750,0.13436,0.86425,0.00137,0.00001
177.00125,0.99750,0.72154,0.27747,0.00096,0.00004
177.10126,0.99750,0.98041,0.01944,0.00008,0.00008
177.20125,0.99750,0.99794,0.00178,0.00025,0.00003
177.30125,0.99750,0.99975,0.00014,0.00003,0.00008
177.40125,0.99750,0.99994,0.00001,0.00000,0.00005
177.50125,0.99750,0.99998,0.00000,0.00000,0.00002
177.60126,0.99750,0.99999,0.00000,0.00000,0.00001
177.70125,0.99750,0.99999,0.00000,0.00000,0.00001
177.80125,0.99750,1.00000,0.00000,0.00000,0.00000
177.90125,0.99750,0.99999,0.00000,0.00000,0.00001
178.00125,0.99750,0.99999,0.00000,0.00000,0.00001
178.10126,0.99750,0.99997,0.00000,0.00000,0.00003
178.20125,0.99750,0.99993,0.00006,0.00000,0.00001
178.30125,0.99750,0.99920,0.00078,0.00000,0.00002
178.40125,0.99750,0.98899,0.01097,0.00001,0.00003
178.50125,0.99750,0.87618,0.12366,0.00010,0.00006
178.60126,0.99750,0.40862,0.59068,0.00063,0.00007
178.70125,0.99750,0.22655,0.77248,0.00089,0.00008
178.80125,0.99750,0.33293,0.66548,0.00143,0.00016
178.90125,0.99750,0.67329,0.32464,0.00142,0.00065
179.00125,0.99750,0.94343,0.05428,0.00029,0.00199
179.10126,0.99750,0.98773,0.00971,0.00095,0.00160
179.20125,0.99750,0.99175,0.00172,0.00012,0.00640
179.30125,0.99750,0.99409,0.00026,0.00001,0.00564
179.40125,0.99750,0.99601,0.00003,0.00000,0.00396
179.50125,0.99750,0.99668,0.00000,0.00000,0.00332
179.60126,0.99750,0.99744,0.00000,0.00000,0.00256
179.70125,0.99750,0.99841,0.00000,0.00000,0.00159
179.80125,0.99750,0.99953,0.00000,0.00000,0.00047
179.90125,0.99750,0.99980,0.00000,0.00000,0.00020
180.00125,0.99750,0.99986,0.00000,0.00000,0.00014
180.10126,0.99750,0.99991,0.00000,0.00000,0.00009
180.20125,0.99750,0.99992,0.00000,0.00000,0.00008
180.30125,0.99750,0.99991,0.00000,0.00000,0.00009
180.40125,0.99750,0.99983,0.00000,0.00000,0.00017
180.50125,0.99750,0.99982,0.00000,0.00000,0.00018
180.60126,0.99750,0.99989,0.00000,0.00000,0.00011
180.70125,0.99750,0.99990,0.00000,0.00000,0.00010
180.80125,0.99750,0.99991,0.00000,0.00000,0.00009
180.90125,0.99750,0.99992,0.00000,0.00000,0.00008
181.00125,0.99750,0.99993,0.00000,0.00000,0.00007
181.10126,0.99750,0.99994,0.00000,0.00000,0.00006
181.20125,0.99750,0.99995,0.00000,0.00000,0.00005
181.30125,0.99750,0.99997,0.00000,0.00000,0.00003
181.40125,0.99750,0.99999,0.00000,0.00000,0.00001
181.50125,0.99750,0.99999,0.00000,0.00000,0.00001
181.60126,0.99750,0.99998,0.00000,0.00000,0.00002
181.70125,0.99750,0.99997,0.00000,0.00000,0.00003
181.80125,0.99750,0.99998,0.00000,0.00000,0.00002
181.90125,0.99750,0.99996,0.00000,0.00000,0.00004
182.00125,0.99750,0.99996,0.00000,0.00000,0.00004
182.10126,0.99750,0.99990,0.00002,0.00000,0.00008
182.20125,0.99750,0.99981,0.00016,0.00000,0.00002
182.30125,0.99750,0.99843,0.00155,0.00000,0.00002
182.40125,0.99750,0.98490,0.01507,0.00001,0.00003
182.50125,0.99750,0.91173,0.08819,0.00006,0.00002
182.60126,0.99750,0.68378,0.31584,0.00036,0.00002
182.70125,0.99750,0.35572,0.64287,0.00139,0.00001
182.80125,0.99750,0.43675,0.56219,0.00105,0.00002
182.90125,0.99750,0.85874,0.14098,0.00026,0.00002
183.00125,0.99750,0.98286,0.01710,0.00002,0.00002
183.10126,0.99750,0.99836,0.00157,0.00005,0.00001
183.20125,0.99750,0.99954,0.00037,0.00001,0.00008
183.30125,0.99750,0.99982,0.00005,0.00000,0.00012
183.40125,0.99750,0.99991,0.00001,0.00000,0.00008
183.50125,0.99750,0.99993,0.00000,0.00000,0.00007
183.60126,0.99750,0.99996,0.00000,0.00000,0.00004
183.70125,0.99750,0.99996,0.00000,0.00000,0.00004
183.80125,0.99750,0.99989,0.00000,0.00000,0.00011
183.90125,0.99750,0.99990,0.00000,0.00000,0.00010
184.00125,0.99750,0.99993,0.00000,0.00000,0.00007
184.10126,0.99750,0.99990,0.00000,0.00000,0.00010
184.20125,0.99750,0.99992,0.00000,0.00000,0.00008
184.30125,0.99750,0.99989,0.00006,0.00000,0.00005
184.40125,0.99750,0.99959,0.00040,0.00000,0.00002
184.50125,0.99750,0.99555,0.00444,0.00000,0.00001
184.60126,0.99750,0.95355,0.04641,0.00001,0.00003
184.70125,0.99750,0.80742,0.19251,0.00005,0.00002
184.80125,0.99750,0.62263,0.37716,0.00020,0.00001
184.90125,0.99750,0.16844,0.83072,0.00084,0.00000
185.00125,0.99750,0.06548,0.93296,0.00156,0.00000
185.10126,0.99750,0.23425,0.76394,0.00181,0.00001
185.20125,0.99750,0.70411,0.29516,0.00070,0.00003
185.30125,0.99750,0.96614,0.03307,0.00073,0.00006
185.40125,0.99750,0.99502,0.00373,0.00104,0.00021
185.50125,0.99750,0.99912,0.00044,0.00010,0.00034
185.60126,0.99750,0.99983,0.00004,0.00001,0.00013
185.70125,0.99750,0.99993,0.00000,0.00000,0.00007
185.80125,0.99750,0.99991,0.00000,0.00000,0.00009
185.90125,0.99750,0.99984,0.00000,0.00000,0.00016
186.00125,0.99750,0.99996,0.00000,0.00000,0.00004
186.10126,0.99750,0.99986,0.00004,0.00000,0.00010
186.20125,0.99750,0.99982,0.00016,0.00000,0.00001
186.30125,0.99750,0.99839,0.00160,0.00000,0.00001
186.40125,0.99750,0.98130,0.01868,0.00000,0.00002
186.50125,0.99750,0.84600,0.15395,0.00003,0.00002
186.60126,0.99750,0.29708,0.70271,0.00020,0.00001
186.70125,0.99750,0.06504,0.93468,0.00027,0.00001
186.80125,0.99750,0.33607,0.66369,0.00023,0.00001
186.90125,0.99750,0.84731,0.15260,0.00007,0.00001
187.00125,0.99750,0.98766,0.01229,0.00001,0.00003
187.10126,0.99750,0.99837,0.00154,0.00008,0.00002
187.20125,0.99750,0.99955,0.00033,0.00003,0.00010
187.30125,0.99750,0.99986,0.00003,0.00000,0.00010
187.40125,0.99750,0.99981,0.00003,0.00000,0.00016
187.50125,0.99750,0.99971,0.00003,0.00000,0.00026
187.60126,0.99750,0.99955,0.00003,0.00000,0.00042
187.70125,0.99750,0.99969,0.00019,0.00000,0.00012
187.80125,0.99750,0.99712,0.00264,0.00000,0.00024
187.90125,0.99750,0.97267,0.02725,0.00000,0.00007
188.00125,0.99750,0.85582,0.14402,0.00003,0.00012
188.10126,0.99750,0.56207,0.43774,0.00014,0.00005
188.20125,0.99750,0.13259,0.86672,0.00067,0.00001
188.30125,0.99750,0.03463,0.96428,0.00109,0.00000
188.40125,0.99750,0.03312,0.96596,0.00092,0.00000
188.50125,0.99750,0.13854,0.86083,0.00062,0.00001
188.60126,0.99750,0.59372,0.40590,0.00037,0.00001
188.70125,0.99750,0.96764,0.03227,0.00005,0.00004
188.80125,0.99750,0.99713,0.00262,0.00023,0.00002
188.90125,0.99750,0.99965,0.00024,0.00004,0.00007
189.00125,0.99750,0.99994,0.00003,0.00000,0.00003
189.10126,0.99750,0.99997,0.00000,0.00000,0.00002
189.20125,0.99750,0.99998,0.00000,0.00000,0.00002
189.30125,0.99750,0.99999,0.00000,0.00000,0.00001
189.40125,0.99750,0.99999,0.00000,0.00000,0.00001
189.50125,0.99750,0.99999,0.00000,0.00000,0.00001
189.60126,0.99750,0.99999,0.00000,0.00000,0.00001
189.70125,0.99750,0.99996,0.00000,0.00000,0.00004
189.80125,0.99750,0.99997,0.00001,0.00000,0.00003
189.90125,0.99750,0.99980,0.00008,0.00000,0.00011
190.00125,0.99750,0.99921,0.00075,0.00000,0.00004
190.10126,0.99750,0.99163,0.00831,0.00000,0.00006
190.20125,0.99750,0.91275,0.08713,0.00002,0.00009
190.30125,0.99750,0.40243,0.59724,0.00023,0.00009
190.40125,0.99750,0.07283,0.92662,0.00052,0.00003
190.50125,0.99750,0.04851,0.95069,0.00078,0.00003
190.60126,0.99750,0.21891,0.78034,0.00068,0.00007
190.70125,0.99750,0.77793,0.22179,0.00017,0.00010
190.80125,0.99750,0.98443,0.01539,0.00001,0.00017
190.90125,0.99750,0.99855,0.00134,0.00006,0.00005
191.00125,0.99750,0.99971,0.00015,0.00001,0.00012
191.10126,0.99750,0.99991,0.00001,0.00000,0.00007
191.20125,0.99750,0.99996,0.00000,0.00000,0.00003
191.30125,0.99750,0.99996,0.00000,0.00000,0.00004
191.40125,0.99750,0.99995,0.00000,0.00000,0.00005
191.50125,0.99750,0.99996,0.00000,0.00000,0.00003
191.60126,0.99750,0.99995,0.00001,0.00000,0.00004
191.70125,0.99750,0.99974,0.00017,0.00000,0.00010
191.80125,0.99750,0.99807,0.00189,0.00000,0.00004
191.90125,0.99750,0.97816,0.02176,0.00000,0.00008
192.00125,0.99750,0.78297,0.21685,0.00005,0.00013
192.10126,0.99750,0.23404,0.76567,0.00024,0.00006
192.20125,0.99750,0.04382,0.95573,0.00044,0.00001
192.30125,0.99750,0.05744,0.94189,0.00065,0.00002
192.40125,0.99750,0.41363,0.58593,0.00040,0.00004
192.50125,0.99750,0.90913,0.09072,0.00007,0.00008
192.60126,0.99750,0.99322,0.00672,0.00001,0.00006
192.70125,0.99750,0.99927,0.00064,0.00005,0.00003
192.80125,0.99750,0.99988,0.00005,0.00001,0.00006
192.90125,0.99750,0.99996,0.00001,0.00000,0.00003
193.00125,0.99750,0.99996,0.00001,0.00000,0.00004
193.10126,0.99750,0.99991,0.00001,0.00000,0.00009
193.20125,0.99750,0.99993,0.00001,0.00000,0.00006
193.30125,0.99750,0.99979,0.00004,0.00000,0.00017
193.40125,0.99750,0.99949,0.00047,0.00000,0.00004
193.50125,0.99750,0.99565,0.00428,0.00000,0.00007
193.60126,0.99750,0.95185,0.04801,0.00002,0.00013
193.70125,0.99750,0.61878,0.38087,0.00022,0.00013
193.80125,0.99750,0.11329,0.88581,0.00085,0.00005
193.90125,0.99750,0.04117,0.95756,0.00124,0.00003
194.00125,0.99750,0.29581,0.70298,0.00114,0.00006
194.10126,0.99750,0.84574,0.15385,0.00034,0.00007
194.20125,0.99750,0.98716,0.01274,0.00004,0.00007
194.30125,0.99750,0.99873,0.00112,0.00012,0.00003
194.40125,0.99750,0.99982,0.00009,0.00001,0.00008
194.50125,0.99750,0.99996,0.00001,0.00000,0.00004
194.60126,0.99750,0.99998,0.00000,0.00000,0.00002
194.70125,0.99750,0.99999,0.00000,0.00000,0.00001
194.80125,0.99750,0.99998,0.00000,0.00000,0.00002
194.90125,0.99750,0.99998,0.00000,0.00000,0.00002
195.00125,0.99750,0.99998,0.00001,0.00000,0.00002
195.10126,0.99750,0.99990,0.00008,0.00000,0.00002
195.20125,0.99750,0.99912,0.00087,0.00000,0.00001
195.30125,0.99750,0.99032,0.00965,0.00000,0.00003
195.40125,0.99750,0.88024,0.11967,0.00004,0.00005
195.50125,0.99750,0.36660,0.63304,0.00031,0.00004
195.60126,0.99750,0.10616,0.89332,0.00050,0.00002
195.70125,0.99750,0.10304,0.89646,0.00047,0.00003
195.80125,0.99750,0.27470,0.72473,0.00053,0.00005
195.90125,0.99750,0.81619,0.18356,0.00012,0.00013
196.00125,0.99750,0.98584,0.01386,0.00009,0.00021
196.10126,0.99750,0.99851,0.00114,0.00011,0.00025
196.20125,0.99750,0.99964,0.00009,0.00001,0.00027
196.30125,0.99750,0.99988,0.00001,0.00000,0.00011
196.40125,0.99750,0.99995,0.00000,0.00000,0.00005
196.50125,0.99750,0.99998,0.00000,0.00000,0.00002
196.60126,0.99750,0.99999,0.00000,0.00000,0.00001
196.70125,0.99750,0.99999,0.00000,0.00000,0.00001
196.80125,0.99750,0.99999,0.00000,0.00000,0.00001
196.90125,0.99750,0.99999,0.00000,0.00000,0.00001
197.00125,0.99750,0.99998,0.00001,0.00000,0.00001
197.10126,0.99750,0.99992,0.00007,0.00000,0.00001
197.20125,0.99750,0.99901,0.00098,0.00000,0.00001
197.30125,0.99750,0.98647,0.01349,0.00000,0.00003
197.40125,0.99750,0.84542,0.15443,0.00008,0.00006
197.50125,0.99750,0.48269,0.51685,0.00037,0.00009
197.60126,0.99750,0.41930,0.58024,0.00037,0.00009
197.70125,0.99750,0.79171,0.20802,0.00018,0.00009
197.80125,0.99750,0.97661,0.02329,0.00003,0.00007
197.90125,0.99750,0.99864,0.00130,0.00000,0.00006
198.00125,0.99750,0.99982,0.00012,0.00001,0.00005
198.10126,0.99750,0.99992,0.00001,0.00000,0.00007
198.20125,0.99750,0.99996,0.00000,0.00000,0.00003
198.30125,0.99750,0.99998,0.00000,0.00000,0.00002
198.40125,0.99750,0.99999,0.00000,0.00000,0.00001
198.50125,0.99750,0.99999,0.00000,0.00000,0.00001
198.60126,0.99750,0.99999,0.00000,0.00000,0.00001
198.70125,0.99750,0.99997,0.00000,0.00000,0.00003
198.80125,0.99750,0.99995,0.00000,0.00000,0.00005
198.90125,0.99750,0.99993,0.00000,0.00000,0.00007
199.00125,0.99750,0.99988,0.00000,0.00000,0.00012
199.10126,0.99750,0.99985,0.00000,0.00000,0.00015
199.20125,0.99750,0.99981,0.00000,0.00000,0.00019
199.30125,0.99750,0.99976,0.00001,0.00000,0.00023
199.40125,0.99750,0.99976,0.00001,0.00000,0.00024
199.50125,0.99750,0.99987,0.00000,0.00000,0.00012
199.60126,0.99750,0.99994,0.00000,0.00000,0.00006
199.70125,0.99750,0.99997,0.00000,0.00000,0.00003
199.80125,0.99750,0.99997,0.00000,0.00000,0.00003
199.90125,0.99750,0.99998,0.00000,0.00000,0.00002
200.00125,0.99750,0.99998,0.00000,0.00000,0.00002
200.10126,0.99750,0.99999,0.00000,0.00000,0.00001
200.20125,0.99750,0.99997,0.00000,0.00000,0.00003
200.30125,0.99750,0.99995,0.00000,0.00000,0.00005
200.40125,0.99750,0.99993,0.00001,0.00000,0.00006
200.50125,0.99750,0.99988,0.00007,0.00000,0.00005
200.60126,0.99750,0.99931,0.00065,0.00000,0.00005
200.70125,0.99750,0.99278,0.00714,0.00000,0.00008
200.80125,0.99750,0.94423,0.05565,0.00001,0.00010
200.90125,0.99750,0.70115,0.29865,0.00012,0.00008
201.00125,0.99750,0.31966,0.67981,0.00045,0.00008
201.10126,0.99750,0.35818,0.64135,0.00040,0.00007
201.20125,0.99750,0.73277,0.26691,0.00024,0.00008
201.30125,0.99750,0.95730,0.04257,0.00004,0.00009
201.40125,0.99750,0.99681,0.00306,0.00002,0.00010
201.50125,0.99750,0.99944,0.00039,0.00004,0.00013
201.60126,0.99750,0.99987,0.00003,0.00000,0.00010
201.70125,0.99750,0.99995,0.00000,0.00000,0.00005
201.80125,0.99750,0.99995,0.00000,0.00000,0.00005
201.90125,0.99750,0.99989,0.00000,0.00000,0.00011
202.00125,0.99750,0.99981,0.00000,0.00000,0.00019
202.10126,0.99750,0.99972,0.00004,0.00000,0.00024
202.20125,0.99750,0.99954,0.00023,0.00000,0.00023
202.30125,0.99750,0.99759,0.00230,0.00000,0.00011
202.40125,0.99750,0.98187,0.01799,0.00001,0.00014
202.50125,0.99750,0.83132,0.16836,0.00009,0.00022
202.60126,0.99750,0.28527,0.71404,0.00055,0.00014
202.70125,0.99750,0.05293,0.94604,0.00098,0.00005
202.80125,0.99750,0.12938,0.86979,0.00074,0.00009
202.90125,0.99750,0.54574,0.45367,0.00043,0.00015
203.00125,0.99750,0.90398,0.09578,0.00008,0.00016
203.10126,0.99750,0.99287,0.00699,0.00002,0.00011
203.20125,0.99750,0.99919,0.00068,0.00005,0.00007
203.30125,0.99750,0.99984,0.00005,0.00000,0.00010
203.40125,0.99750,0.99994,0.00000,0.00000,0.00005
203.50125,0.99750,0.99997,0.00000,0.00000,0.00003
203.60126,0.99750,0.99998,0.00000,0.00000,0.00002
203.70125,0.99750,0.99998,0.00000,0.00000,0.00002
203.80125,0.99750,0.99998,0.00000,0.00000,0.00002
203.90125,0.99750,0.99995,0.00001,0.00000,0.00004
204.00125,0.99750,0.99995,0.00004,0.00000,0.00001
204.10126,0.99750,0.99956,0.00042,0.00000,0.00001
204.20125,0.99750,0.99478,0.00519,0.00000,0.00003
204.30125,0.99750,0.93101,0.06890,0.00004,0.00006
204.40125,0.99750,0.57246,0.42715,0.00032,0.00007
204.50125,0.99750,0.15639,0.84275,0.00081,0.00004
204.60126,0.99750,0.15022,0.84895,0.00077,0.00005
204.70125,0.99750,0.65231,0.34722,0.00038,0.00008
204.80125,0.99750,0.96495,0.03488,0.00004,0.00013
204.90125,0.99750,0.99746,0.00239,0.00011,0.00004
205.00125,0.99750,0.99961,0.00024,0.00002,0.00013
205.10126,0.99750,0.99990,0.00002,0.00000,0.00009
205.20125,0.99750,0.99995,0.00000,0.00000,0.00005
205.30125,0.99750,0.99997,0.00000,0.00000,0.00003
205.40125,0.99750,0.99995,0.00000,0.00000,0.00005
205.50125,0.99750,0.99996,0.00000,0.00000,0.00004
205.60126,0.99750,0.99994,0.00001,0.00000,0.00006
205.70125,0.99750,0.99993,0.00005,0.00000,0.00002
205.80125,0.99750,0.99946,0.00053,0.00000,0.00001
205.90125,0.99750,0.99445,0.00552,0.00000,0.00002
206.00125,0.99750,0.92492,0.07497,0.00007,0.00005
206.10126,0.99750,0.52361,0.47571,0.00062,0.00006
206.20125,0.99750,0.14950,0.84904,0.00143,0.00003
206.30125,0.99750,0.43188,0.56725,0.00082,0.00004
206.40125,0.99750,0.89359,0.10621,0.00017,0.00003
206.50125,0.99750,0.99070,0.00926,0.00001,0.00002
206.60126,0.99750,0.99950,0.00049,0.00001,0.00001
206.70125,0.99750,0.99989,0.00006,0.00001,0.00003
206.80125,0.99750,0.99996,0.00000,0.00000,0.00003
206.90125,0.99750,0.99998,0.00000,0.00000,0.00002
207.00125,0.99750,0.99999,0.00000,0.00000,0.00001
207.10126,0.99750,0.99999,0.00000,0.00000,0.00001
207.20125,0.99750,0.99997,0.00000,0.00000,0.00003
207.30125,0.99750,0.99996,0.00000,0.00000,0.00004
207.40125,0.99750,0.99993,0.00003,0.00000,0.00004
207.50125,0.99750,0.99972,0.00027,0.00000,0.00002
207.60126,0.99750,0.99704,0.00291,0.00000,0.00004
207.70125,0.99750,0.95925,0.04061,0.00002,0.00011
207.80125,0.99750,0.63981,0.35968,0.00031,0.00019
207.90125,0.99750,0.13200,0.86685,0.00103,0.00012
208.00125,0.99750,0.07228,0.92645,0.00117,0.00011
208.10126,0.99750,0.26775,0.73111,0.00090,0.00025
208.20125,0.99750,0.81922,0.18025,0.00021,0.00032
208.30125,0.99750,0.98658,0.01309,0.00005,0.00028
208.40125,0.99750,0.99877,0.00091,0.00011,0.00021
208.50125,0.99750,0.99948,0.00009,0.00001,0.00043
208.60126,0.99750,0.99984,0.00001,0.00000,0.00015
208.70125,0.99750,0.99995,0.00000,0.00000,0.00005
208.80125,0.99750,0.99997,0.00000,0.00000,0.00003
208.90125,0.99750,0.99997,0.00000,0.00000,0.00003
209.00125,0.99750,0.99998,0.00000,0.00000,0.00002
209.10126,0.99750,0.99995,0.00000,0.00000,0.00005
209.20125,0.99750,0.99996,0.00002,0.00000,0.00002
209.30125,0.99750,0.99969,0.00029,0.00000,0.00002
209.40125,0.99750,0.99622,0.00373,0.00000,0.00005
209.50125,0.99750,0.94983,0.05000,0.00007,0.00010
209.60126,0.99750,0.57636,0.42252,0.00095,0.00016
209.70125,0.99750,0.11807,0.87931,0.00253,0.00009
209.80125,0.99750,0.29113,0.70682,0.00196,0.00010
209.90125,0.99750,0.75081,0.24839,0.00066,0.00014
210.00125,0.99750,0.97873,0.02111,0.00007,0.00010
210.10126,0.99750,0.99841,0.00130,0.00025,0.00003
210.20125,0.99750,0.99971,0.00015,0.00004,0.00010
210.30125,0.99750,0.99991,0.00001,0.00000,0.00007
210.40125,0.99750,0.99992,0.00001,0.00000,0.00007
210.50125,0.99750,0.99994,0.00001,0.00000,0.00006
210.60126,0.99750,0.99996,0.00001,0.00000,0.00003
210.70125,0.99750,0.99994,0.00004,0.00000,0.00003
210.80125,0.99750,0.99961,0.00037,0.00000,0.00002
210.90125,0.99750,0.99652,0.00345,0.00000,0.00003
211.00125,0.99750,0.95931,0.04062,0.00002,0.00005
211.10126,0.99750,0.70543,0.29427,0.00022,0.00008
211.20125,0.99750,0.24122,0.75807,0.00063,0.00008
211.30125,0.99750,0.12021,0.87907,0.00065,0.00007
211.40125,0.99750,0.47419,0.52530,0.00038,0.00013
211.50125,0.99750,0.93033,0.06940,0.00007,0.00020
211.60126,0.99750,0.99586,0.00397,0.00003,0.00015
211.70125,0.99750,0.99953,0.00031,0.00003,0.00014
211.80125,0.99750,0.99987,0.00002,0.00000,0.00011
211.90125,0.99750,0.99994,0.00000,0.00000,0.00006
212.00125,0.99750,0.99997,0.00000,0.00000,0.00003
212.10126,0.99750,0.99997,0.00000,0.00000,0.00003
212.20125,0.99750,0.99995,0.00000,0.00000,0.00005
212.30125,0.99750,0.99997,0.00000,0.00000,0.00003
212.40125,0.99750,0.99994,0.00001,0.00000,0.00005
212.50125,0.99750,0.99984,0.00012,0.00000,0.00003
212.60126,0.99750,0.99846,0.00149,0.00000,0.00004
212.70125,0.99750,0.97891,0.02098,0.00002,0.00009
212.80125,0.99750,0.77460,0.22488,0.00039,0.00014
212.90125,0.99750,0.19762,0.80038,0.00193,0.00007
213.00125,0.99750,0.04659,0.95001,0.00337,0.00002
213.10126,0.99750,0.07793,0.91767,0.00437,0.00003
213.20125,0.99750,0.32540,0.66935,0.00519,0.00006
213.30125,0.99750,0.87111,0.12764,0.00107,0.00018
213.40125,0.99750,0.99228,0.00624,0.00139,0.00008
213.50125,0.99750,0.99881,0.00081,0.00024,0.00014
213.60126,0.99750,0.99984,0.00006,0.00001,0.00009
213.70125,0.99750,0.99995,0.00000,0.00000,0.00005
213.80125,0.99750,0.99998,0.00000,0.00000,0.00002
213.90125,0.99750,0.99999,0.00000,0.00000,0.00001
214.00125,0.99750,0.99999,0.00000,0.00000,0.00001
214.10126,0.99750,0.99998,0.00000,0.00000,0.00002
214.20125,0.99750,0.99999,0.00000,0.00000,0.00001
214.30125,0.99750,0.99997,0.00001,0.00000,0.00002
214.40125,0.99750,0.99986,0.00014,0.00000,0.00001
214.50125,0.99750,0.99818,0.00181,0.00000,0.00001
214.60126,0.99750,0.97196,0.02801,0.00001,0.00002
214.70125,0.99750,0.71432,0.28557,0.00008,0.00003
214.80125,0.99750,0.17362,0.82596,0.00041,0.00001
214.90125,0.99750,0.05930,0.94015,0.00055,0.00001
215.00125,0.99750,0.35446,0.64510,0.00042,0.00001
215.10126,0.99750,0.72771,0.27198,0.00028,0.00002
215.20125,0.99750,0.96048,0.03934,0.00007,0.00011
215.30125,0.99750,0.99720,0.00254,0.00023,0.00004
215.40125,0.99750,0.99913,0.00053,0.00013,0.00021
215.50125,0.99750,0.99961,0.00015,0.00002,0.00021
215.60126,0.99750,0.99989,0.00001,0.00000,0.00010
215.70125,0.99750,0.99986,0.00001,0.00000,0.00013
215.80125,0.99750,0.99994,0.00001,0.00000,0.00005
215.90125,0.99750,0.99975,0.00012,0.00000,0.00014
216.00125,0.99750,0.99937,0.00061,0.00000,0.00002
216.10126,0.99750,0.99729,0.00269,0.00000,0.00002
216.20125,0.99750,0.98038,0.01958,0.00001,0.00003
216.30125,0.99750,0.80886,0.19084,0.00027,0.00003
216.40125,0.99750,0.55463,0.44456,0.00079,0.00002
216.50125,0.99750,0.22770,0.77053,0.00176,0.00002
216.60126,0.99750,0.27978,0.71867,0.00153,0.00002
216.70125,0.99750,0.77404,0.22542,0.00053,0.00002
216.80125,0.99750,0.98413,0.01575,0.00005,0.00007
216.90125,0.99750,0.99872,0.00109,0.00018,0.00002
217.00125,0.99750,0.99978,0.00013,0.00002,0.00008
217.10126,0.99750,0.99994,0.00001,0.00000,0.00005
217.20125,0.99750,0.99998,0.00000,0.00000,0.00002
217.30125,0.99750,0.99999,0.00000,0.00000,0.00001
217.40125,0.99750,0.99999,0.00000,0.00000,0.00001
217.50125,0.99750,1.00000,0.00000,0.00000,0.00000
217.60126,0.99750,1.00000,0.00000,0.00000,0.00000
217.70125,0.99750,1.00000,0.00000,0.00000,0.00000
217.80125,0.99750,0.99999,0.00000,0.00000,0.00001
217.90125,0.99750,0.99999,0.00000,0.00000,0.00001
218.00125,0.99750,0.99998,0.00000,0.00000,0.00001
218.10126,0.99750,0.99994,0.00005,0.00000,0.00001
218.20125,0.99750,0.99941,0.00058,0.00000,0.00001
218.30125,0.99750,0.99269,0.00728,0.00000,0.00003
218.40125,0.99750,0.90999,0.08992,0.00005,0.00004
218.50125,0.99750,0.46550,0.53400,0.00046,0.00004
218.60126,0.99750,0.08808,0.91080,0.00110,0.00002
218.70125,0.99750,0.05065,0.94668,0.00266,0.00001
218.80125,0.99750,0.09030,0.90444,0.00521,0.00004
218.90125,0.99750,0.63901,0.35139,0.00940,0.00021
219.00125,0.99750,0.89479,0.06236,0.04249,0.00036
219.10126,0.99750,0.99069,0.00554,0.00306,0.00071
219.20125,0.99750,0.99908,0.00049,0.00014,0.00029
219.30125,0.99750,0.99983,0.00003,0.00001,0.00013
219.40125,0.99750,0.99980,0.00001,0.00000,0.00019
219.50125,0.99750,0.99965,0.00002,0.00000,0.00033
219.60126,0.99750,0.99980,0.00003,0.00000,0.00016
219.70125,0.99750,0.99981,0.00006,0.00000,0.00013
219.80125,0.99750,0.99979,0.00018,0.00000,0.00003
219.90125,0.99750,0.99766,0.00228,0.00000,0.00005
220.00125,0.99750,0.98332,0.01660,0.00001,0.00007
220.10126,0.99750,0.81182,0.18789,0.00021,0.00009
220.20125,0.99750,0.25731,0.74135,0.00130,0.00004
220.30125,0.99750,0.03721,0.96025,0.00253,0.00001
220.40125,0.99750,0.10680,0.88987,0.00331,0.00002
220.50125,0.99750,0.53931,0.45845,0.00221,0.00003
220.60126,0.99750,0.91080,0.08847,0.00066,0.00007
220.70125,0.99750,0.99172,0.00688,0.00138,0.00003
220.80125,0.99750,0.99894,0.00078,0.00019,0.00009
220.90125,0.99750,0.99987,0.00007,0.00001,0.00005
221.00125,0.99750,0.99997,0.00001,0.00000,0.00002
221.10126,0.99750,0.99996,0.00000,0.00000,0.00004
221.20125,0.99750,0.99991,0.00000,0.00000,0.00009
221.30125,0.99750,0.99995,0.00001,0.00000,0.00004
221.40125,0.99750,0.99980,0.00008,0.00000,0.00012
221.50125,0.99750,0.99938,0.00059,0.00000,0.00003
221.60126,0.99750,0.99549,0.00448,0.00000,0.00003
221.70125,0.99750,0.95138,0.04856,0.00001,0.00006
221.80125,0.99750,0.66859,0.33128,0.00008,0.00005
221.90125,0.99750,0.16442,0.83526,0.00029,0.00003
222.00125,0.99750,0.06742,0.93221,0.00035,0.00002
222.10126,0.99750,0.27704,0.72254,0.00038,0.00005
222.20125,0.99750,0.80835,0.19143,0.00017,0.00005
222.30125,0.99750,0.98059,0.01927,0.00002,0.00012
222.40125,0.99750,0.99860,0.00130,0.00007,0.00003
222.50125,0.99750,0.99976,0.00013,0.00001,0.00009
222.60126,0.99750,0.99993,0.00001,0.00000,0.00006
222.70125,0.99750,0.99996,0.00000,0.00000,0.00003
222.80125,0.99750,0.99993,0.00000,0.00000,0.00006
222.90125,0.99750,0.99990,0.00000,0.00000,0.00010
223.00125,0.99750,0.99992,0.00001,0.00000,0.00007
223.10126,0.99750,0.99970,0.00007,0.00000,0.00024
223.20125,0.99750,0.99967,0.00028,0.00000,0.00004
223.30125,0.99750,0.99725,0.00267,0.00000,0.00008
223.40125,0.99750,0.97492,0.02496,0.00001,0.00011
223.50125,0.99750,0.78947,0.21020,0.00017,0.00015
223.60126,0.99750,0.36397,0.63531,0.00056,0.00016
223.70125,0.99750,0.49612,0.50328,0.00045,0.00016
223.80125,0.99750,0.92346,0.07631,0.00012,0.00010
223.90125,0.99750,0.99065,0.00924,0.00004,0.00007
224.00125,0.99750,0.99912,0.00078,0.00001,0.00009
224.10126,0.99750,0.99966,0.00019,0.00008,0.00007
224.20125,0.99750,0.99949,0.00003,0.00002,0.00045
224.30125,0.99750,0.99957,0.00000,0.00000,0.00042
224.40125,0.99750,0.99957,0.00000,0.00000,0.00043
224.50125,0.99750,0.99954,0.00000,0.00000,0.00046
224.60126,0.99750,0.99955,0.00000,0.00000,0.00045
224.70125,0.99750,0.99943,0.00000,0.00000,0.00057
224.80125,0.99750,0.99914,0.00000,0.00000,0.00086
224.90125,0.99750,0.99894,0.00000,0.00000,0.00106
225.00125,0.99750,0.99890,0.00000,0.00000,0.00110
225.10126,0.99750,0.99912,0.00000,0.00000,0.00088
225.20125,0.99750,0.99949,0.00000,0.00000,0.00050
225.30125,0.99750,0.99952,0.00000,0.00000,0.00048
225.40125,0.99750,0.99957,0.00000,0.00000,0.00043
225.50125,0.99750,0.99965,0.00000,0.00000,0.00035
225.60126,0.99750,0.99963,0.00000,0.00000,0.00037
225.70125,0.99750,0.99969,0.00000,0.00000,0.00031
225.80125,0.99750,0.99984,0.00000,0.00000,0.00016
225.90125,0.99750,0.99991,0.00000,0.00000,0.00009
226.00125,0.99750,0.99995,0.00000,0.00000,0.00005
226.10126,0.99750,0.99994,0.00000,0.00000,0.00006
226.20125,0.99750,0.99993,0.00000,0.00000,0.00007
226.30125,0.99750,0.99992,0.00000,0.00000,0.00008
226.40125,0.99750,0.99989,0.00000,0.00000,0.00011
226.50125,0.99750,0.99989,0.00000,0.00000,0.00011
226.60126,0.99750,0.99982,0.00000,0.00000,0.00018
226.70125,0.99750,0.99970,0.00000,0.00000,0.00030
226.80125,0.99750,0.99962,0.00000,0.00000,0.00038
226.90125,0.99750,0.99955,0.00000,0.00000,0.00045
227.00125,0.99750,0.99936,0.00000,0.00000,0.00064
227.10126,0.99750,0.99928,0.00000,0.00000,0.00072
227.20125,0.99750,0.99885,0.00000,0.00000,0.00115
227.30125,0.99750,0.99861,0.00000,0.00000,0.00139
227.40125,0.99750,0.99831,0.00000,0.00000,0.00168
227.50125,0.99750,0.99884,0.00000,0.00000,0.00116
227.60126,0.99750,0.99921,0.00001,0.00000,0.00078
227.70125,0.99750,0.99950,0.00001,0.00000,0.00049
227.80125,0.99750,0.99906,0.00008,0.00000,0.00086
227.90125,0.99750,0.99817,0.00055,0.00000,0.00128
228.00125,0.99750,0.99457,0.00442,0.00000,0.00101
228.10126,0.99750,0.96829,0.02972,0.00000,0.00199
228.20125,0.99750,0.95671,0.04318,0.00000,0.00011
228.30125,0.99750,0.86024,0.13965,0.00001,0.00010
228.40125,0.99750,0.71455,0.28532,0.00007,0.00006
228.50125,0.99750,0.56876,0.43087,0.00035,0.00003
228.60126,0.99750,0.24984,0.74830,0.00185,0.00001
228.70125,0.99750,0.16643,0.82900,0.00454,0.00002
228.80125,0.99750,0.28887,0.70650,0.00459,0.00003
228.90125,0.99750,0.79862,0.19954,0.00181,0.00004
229.00125,0.99750,0.98135,0.01843,0.00018,0.00004
229.10126,0.99750,0.99648,0.00229,0.00121,0.00002
229.20125,0.99750,0.99939,0.00033,0.00016,0.00012
229.30125,0.99750,0.99986,0.00005,0.00001,0.00008
229.40125,0.99750,0.99994,0.00001,0.00000,0.00005
229.50125,0.99750,0.99993,0.00000,0.00000,0.00007
229.60126,0.99750,0.99991,0.00000,0.00000,0.00009
229.70125,0.99750,0.99992,0.00000,0.00000,0.00008
229.80125,0.99750,0.99987,0.00000,0.00000,0.00013
229.90125,0.99750,0.99988,0.00003,0.00000,0.00010
230.00125,0.99750,0.99919,0.00046,0.00000,0.00035
230.10126,0.99750,0.99792,0.00205,0.00000,0.00002
230.20125,0.99750,0.98314,0.01682,0.00000,0.00004
230.30125,0.99750,0.87500,0.12494,0.00002,0.00004
230.40125,0.99750,0.41011,0.58967,0.00019,0.00002
230.50125,0.99750,0.06513,0.93437,0.00049,0.00001
230.60126,0.99750,0.08920,0.91026,0.00054,0.00001
230.70125,0.99750,0.46966,0.52991,0.00041,0.00001
230.80125,0.99750,0.85309,0.14676,0.00014,0.00001
230.90125,0.99750,0.98752,0.01244,0.00001,0.00002
231.00125,0.99750,0.99922,0.00071,0.00006,0.00001
231.10126,0.99750,0.99981,0.00010,0.00002,0.00007
231.20125,0.99750,0.99996,0.00001,0.00000,0.00003
231.30125,0.99750,0.99998,0.00000,0.00000,0.00002
231.40125,0.99750,0.99998,0.00000,0.00000,0.00002
231.50125,0.99750,0.99995,0.00000,0.00000,0.00005
231.60126,0.99750,0.99997,0.00000,0.00000,0.00002
231.70125,0.99750,0.99991,0.00003,0.00000,0.00007
231.80125,0.99750,0.99984,0.00014,0.00000,0.00002
231.90125,0.99750,0.99832,0.00166,0.00000,0.00001
232.00125,0.99750,0.98247,0.01750,0.00000,0.00003
232.10126,0.99750,0.81650,0.18340,0.00006,0.00003
232.20125,0.99750,0.24179,0.75775,0.00044,0.00002
232.30125,0.99750,0.03277,0.96631,0.00092,0.00000
232.40125,0.99750,0.04883,0.95046,0.00071,0.00000
232.50125,0.99750,0.23595,0.76321,0.00083,0.00001
232.60126,0.99750,0.84721,0.15255,0.00018,0.00006
232.70125,0.99750,0.99120,0.00802,0.00077,0.00002
232.80125,0.99750,0.99898,0.00082,0.00017,0.00004
232.90125,0.99750,0.99988,0.00006,0.00001,0.00004
233.00125,0.99750,0.99997,0.00000,0.00000,0.00002
233.10126,0.99750,0.99999,0.00000,0.00000,0.00001
233.20125,0.99750,0.99998,0.00000,0.00000,0.00002
233.30125,0.99750,0.99997,0.00000,0.00000,0.00003
233.40125,0.99750,0.99999,0.00000,0.00000,0.00001
233.50125,0.99750,0.99998,0.00001,0.00000,0.00001
233.60126,0.99750,0.99985,0.00014,0.00000,0.00001
233.70125,0.99750,0.99797,0.00202,0.00000,0.00001
233.80125,0.99750,0.97286,0.02711,0.00001,0.00002
233.90125,0.99750,0.73394,0.26593,0.00009,0.00003
234.00125,0.99750,0.18137,0.81817,0.00045,0.00002
234.10126,0.99750,0.06476,0.93467,0.00056,0.00001
234.20125,0.99750,0.32693,0.67262,0.00043,0.00002
234.30125,0.99750,0.82511,0.17473,0.00012,0.00004
234.40125,0.99750,0.99016,0.00974,0.00004,0.00006
234.50125,0.99750,0.99869,0.00117,0.00007,0.00006
234.60126,0.99750,0.99979,0.00010,0.00001,0.00010
234.70125,0.99750,0.99994,0.00001,0.00000,0.00005
234.80125,0.99750,0.99998,0.00000,0.00000,0.00002
234.90125,0.99750,0.99997,0.00000,0.00000,0.00003
235.00125,0.99750,0.99997,0.00000,0.00000,0.00003
235.10126,0.99750,0.99996,0.00001,0.00000,0.00003
235.20125,0.99750,0.99993,0.00005,0.00000,0.00002
235.30125,0.99750,0.99972,0.00027,0.00000,0.00000
235.40125,0.99750,0.99643,0.00356,0.00000,0.00001
235.50125,0.99750,0.95534,0.04463,0.00001,0.00001
235.60126,0.99750,0.61714,0.38266,0.00018,0.00002
235.70125,0.99750,0.12182,0.87756,0.00062,0.00001
235.80125,0.99750,0.14356,0.85590,0.00053,0.00001
235.90125,0.99750,0.62607,0.37361,0.00030,0.00002
236.00125,0.99750,0.95985,0.04008,0.00006,0.00001
236.10126,0.99750,0.99806,0.00188,0.00005,0.00001
236.20125,0.99750,0.99981,0.00017,0.00001,0.00001
236.30125,0.99750,0.99990,0.00003,0.00000,0.00007
236.40125,0.99750,0.99997,0.00000,0.00000,0.00003
236.50125,0.99750,0.99998,0.00000,0.00000,0.00002
236.60126,0.99750,0.99999,0.00000,0.00000,0.00001
236.70125,0.99750,0.99999,0.00000,0.00000,0.00001
236.80125,0.99750,0.99999,0.00000,0.00000,0.00001
236.90125,0.99750,0.99998,0.00000,0.00000,0.00002
237.00125,0.99750,0.99996,0.00000,0.00000,0.00003
237.10126,0.99750,0.99992,0.00002,0.00000,0.00006
237.20125,0.99750,0.99986,0.00013,0.00000,0.00001
237.30125,0.99750,0.99845,0.00154,0.00000,0.00001
237.40125,0.99750,0.97241,0.02757,0.00001,0.00002
237.50125,0.99750,0.73854,0.26135,0.00009,0.00002
237.60126,0.99750,0.18029,0.81920,0.00050,0.00001
237.70125,0.99750,0.14636,0.85301,0.00062,0.00001
237.80125,0.99750,0.62507,0.37466,0.00026,0.00001
237.90125,0.99750,0.96522,0.03474,0.00003,0.00001
238.00125,0.99750,0.99820,0.00178,0.00000,0.00001
238.10126,0.99750,0.99983,0.00016,0.00001,0.00000
238.20125,0.99750,0.99996,0.00002,0.00000,0.00002
238.30125,0.99750,0.99999,0.00000,0.00000,0.00001
238.40125,0.99750,0.99999,0.00000,0.00000,0.00001
238.50125,0.99750,1.00000,0.00000,0.00000,0.00000
238.60126,0.99750,1.00000,0.00000,0.00000,0.00000
238.70125,0.99750,1.00000,0.00000,0.00000,0.00000
238.80125,0.99750,1.00000,0.00000,0.00000,0.00000
238.90125,0.99750,0.99998,0.00000,0.00000,0.00002
239.00125,0.99750,0.99999,0.00001,0.00000,0.00001
239.10126,0.99750,0.99986,0.00013,0.00000,0.00001
239.20125,0.99750,0.99825,0.00174,0.00000,0.00001
239.30125,0.99750,0.97789,0.02208,0.00001,0.00002
239.40125,0.99750,0.78563,0.21420,0.00013,0.00004
239.50125,0.99750,0.27480,0.72453,0.00064,0.00004
239.60126,0.99750,0.16454,0.83475,0.00068,0.00003
239.70125,0.99750,0.66277,0.33685,0.00032,0.00005
239.80125,0.99750,0.97279,0.02710,0.00004,0.00007
239.90125,0.99750,0.99874,0.00118,0.00007,0.00002
240.00125,0.99750,0.99978,0.00014,0.00002,0.00006
240.10126,0.99750,0.99994,0.00001,0.00000,0.00005
240.20125,0.99750,0.99997,0.00000,0.00000,0.00002
240.30125,0.99750,0.99998,0.00000,0.00000,0.00002
240.40125,0.99750,0.99998,0.00000,0.00000,0.00002
240.50125,0.99750,0.99999,0.00000,0.00000,0.00001
240.60126,0.99750,0.99998,0.00000,0.00000,0.00001
240.70125,0.99750,0.99997,0.00003,0.00000,0.00000
240.80125,0.99750,0.99956,0.00044,0.00000,0.00001
240.90125,0.99750,0.99453,0.00546,0.00000,0.00001
241.00125,0.99750,0.92500,0.07491,0.00007,0.00002
241.10126,0.99750,0.48443,0.51484,0.00071,0.00002
241.20125,0.99750,0.07288,0.92539,0.00172,0.00001
241.30125,0.99750,0.08536,0.91249,0.00213,0.00001
241.40125,0.99750,0.55628,0.44236,0.00133,0.00002
241.50125,0.99750,0.96407,0.03572,0.00013,0.00008
241.60126,0.99750,0.99814,0.00160,0.00025,0.00002
241.70125,0.99750,0.99960,0.00026,0.00007,0.00008
241.80125,0.99750,0.99992,0.00002,0.00000,0.00006
241.90125,0.99750,0.99997,0.00000,0.00000,0.00003
242.00125,0.99750,0.99997,0.00000,0.00000,0.00003
242.10126,0.99750,0.99997,0.00000,0.00000,0.00003
242.20125,0.99750,0.99999,0.00000,0.00000,0.00001
242.30125,0.99750,0.99997,0.00001,0.00000,0.00002
242.40125,0.99750,0.99993,0.00006,0.00000,0.00001
242.50125,0.99750,0.99903,0.00096,0.00000,0.00001
242.60126,0.99750,0.98714,0.01284,0.00000,0.00001
242.70125,0.99750,0.84738,0.15257,0.00003,0.00002
242.80125,0.99750,0.29458,0.70522,0.00018,0.00001
242.90125,0.99750,0.07692,0.92278,0.00030,0.00001
243.00125,0.99750,0.35290,0.64685,0.00024,0.00001
243.10126,0.99750,0.76659,0.23324,0.00015,0.00001
243.20125,0.99750,0.98401,0.01596,0.00001,0.00002
243.30125,0.99750,0.99888,0.00108,0.00002,0.00001
243.40125,0.99750,0.99974,0.00019,0.00001,0.00006
243.50125,0.99750,0.99989,0.00002,0.00000,0.00009
243.60126,0.99750,0.99995,0.00000,0.00000,0.00005
243.70125,0.99750,0.99998,0.00000,0.00000,0.00002
243.80125,0.99750,0.99997,0.00000,0.00000,0.00003
243.90125,0.99750,0.99992,0.00000,0.00000,0.00008
244.00125,0.99750,0.99995,0.00001,0.00000,0.00004
244.10126,0.99750,0.99988,0.00006,0.00000,0.00005
244.20125,0.99750,0.99930,0.00066,0.00000,0.00004
244.30125,0.99750,0.99390,0.00607,0.00000,0.00003
244.40125,0.99750,0.93464,0.06530,0.00001,0.00005
244.50125,0.99750,0.67250,0.32738,0.00008,0.00003
244.60126,0.99750,0.14567,0.85396,0.00036,0.00001
244.70125,0.99750,0.03022,0.96932,0.00046,0.00000
244.80125,0.99750,0.16385,0.83575,0.00038,0.00001
244.90125,0.99750,0.58231,0.41748,0.00019,0.00002
245.00125,0.99750,0.96068,0.03923,0.00002,0.00007
245.10126,0.99750,0.99677,0.00316,0.00003,0.00005
245.20125,0.99750,0.99954,0.00036,0.00002,0.00008
245.30125,0.99750,0.99991,0.00003,0.00000,0.00006
245.40125,0.99750,0.99997,0.00000,0.00000,0.00003
245.50125,0.99750,0.99995,0.00000,0.00000,0.00005
245.60126,0.99750,0.99991,0.00000,0.00000,0.00009
245.70125,0.99750,0.99988,0.00001,0.00000,0.00011
245.80125,0.99750,0.99978,0.00008,0.00000,0.00013
245.90125,0.99750,0.99925,0.00059,0.00000,0.00016
246.00125,0.99750,0.99484,0.00509,0.00000,0.00007
246.10126,0.99750,0.95461,0.04527,0.00000,0.00012
246.20125,0.99750,0.62489,0.37496,0.00005,0.00010
246.30125,0.99750,0.12347,0.87631,0.00019,0.00003
246.40125,0.99750,0.05551,0.94433,0.00015,0.00001
246.50125,0.99750,0.11071,0.88910,0.00017,0.00002
246.60126,0.99750,0.52307,0.47676,0.00012,0.00004
246.70125,0.99750,0.92640,0.07352,0.00002,0.00005
246.80125,0.99750,0.99493,0.00503,0.00000,0.00003
246.90125,0.99750,0.99938,0.00059,0.00001,0.00003
247.00125,0.99750,0.99986,0.00008,0.00000,0.00006
247.10126,0.99750,0.99996,0.00001,0.00000,0.00003
247.20125,0.99750,0.99998,0.00000,0.00000,0.00002
247.30125,0.99750,0.99998,0.00000,0.00000,0.00002
247.40125,0.99750,0.99998,0.00000,0.00000,0.00002
247.50125,0.99750,0.99998,0.00000,0.00000,0.00002
247.60126,0.99750,0.99998,0.00000,0.00000,0.00002
247.70125,0.99750,0.99998,0.00000,0.00000,0.00002
247.80125,0.99750,0.99998,0.00000,0.00000,0.00002
247.90125,0.99750,0.99998,0.00000,0.00000,0.00002
248.00125,0.99750,0.99998,0.00000,0.00000,0.00002
248.10126,0.99750,0.99998,0.00000,0.00000,0.00002
248.20125,0.99750,0.99998,0.00000,0.00000,0.00002
248.30125,0.99750,0.99994,0.00000,0.00000,0.00006
248.40125,0.99750,0.99993,0.00000,0.00000,0.00007
248.50125,0.99750,0.99994,0.00000,0.00000,0.00006
248.60126,0.99750,0.99991,0.00000,0.00000,0.00009
248.70125,0.99750,0.99974,0.00000,0.00000,0.00025
248.80125,0.99750,0.99939,0.00003,0.00000,0.00058
248.90125,0.99750,0.99919,0.00040,0.00000,0.00041
249.00125,0.99750,0.99214,0.00639,0.00000,0.00147
249.10126,0.99750,0.95727,0.04246,0.00000,0.00027
249.20125,0.99750,0.84136,0.15844,0.00001,0.00020
249.30125,0.99750,0.66468,0.33517,0.00003,0.00012
249.40125,0.99750,0.31011,0.68973,0.00011,0.00005
249.50125,0.99750,0.03815,0.96156,0.00028,0.00001
249.60126,0.99750,0.02343,0.97616,0.00040,0.00001
249.70125,0.99750,0.08856,0.91087,0.00056,0.00001
249.80125,0.99750,0.55605,0.44336,0.00057,0.00003
249.90125,0.99750,0.92833,0.07150,0.00009,0.00008
250.00125,0.99750,0.99479,0.00471,0.00047,0.00002
250.10126,0.99750,0.99925,0.00055,0.00009,0.00011
250.20125,0.99750,0.99989,0.00004,0.00000,0.00007
250.30125,0.99750,0.99996,0.00000,0.00000,0.00004
250.40125,0.99750,0.99998,0.00000,0.00000,0.00002
250.50125,0.99750,0.99998,0.00000,0.00000,0.00002
250.60126,0.99750,0.99998,0.00000,0.00000,0.00002
250.70125,0.99750,0.99999,0.00000,0.00000,0.00001
250.80125,0.99750,0.99995,0.00002,0.00000,0.00003
250.90125,0.99750,0.99988,0.00012,0.00000,0.00000
251.00125,0.99750,0.99871,0.00128,0.00000,0.00001
251.10126,0.99750,0.98275,0.01723,0.00001,0.00001
251.20125,0.99750,0.81766,0.18218,0.00015,0.00001
251.30125,0.99750,0.30289,0.69630,0.00080,0.00001
251.40125,0.99750,0.05476,0.94300,0.00224,0.00000
251.50125,0.99750,0.15593,0.84155,0.00251,0.00001
251.60126,0.99750,0.54422,0.45441,0.00136,0.00002
251.70125,0.99750,0.89964,0.09997,0.00030,0.00008
251.80125,0.99750,0.98086,0.01679,0.00232,0.00004
251.90125,0.99750,0.99627,0.00310,0.00039,0.00025
252.00125,0.99750,0.99953,0.00028,0.00002,0.00016
252.10126,0.99750,0.99990,0.00002,0.00000,0.00008
252.20125,0.99750,0.99995,0.00000,0.00000,0.00004
252.30125,0.99750,0.99996,0.00000,0.00000,0.00004
252.40125,0.99750,0.99992,0.00000,0.00000,0.00008
252.50125,0.99750,0.99986,0.00001,0.00000,0.00014
252.60126,0.99750,0.99988,0.00004,0.00000,0.00007
252.70125,0.99750,0.99973,0.00021,0.00000,0.00006
252.80125,0.99750,0.99869,0.00129,0.00000,0.00002
252.90125,0.99750,0.98929,0.01066,0.00000,0.00004
253.00125,0.99750,0.87642,0.12344,0.00008,0.00006
253.10126,0.99750,0.34907,0.65033,0.00058,0.00002
253.20125,0.99750,0.04761,0.95114,0.00125,0.00000
253.30125,0.99750,0.04510,0.95274,0.00216,0.00000
253.40125,0.99750,0.20339,0.79424,0.00237,0.00001
253.50125,0.99750,0.38115,0.61517,0.00365,0.00002
253.60126,0.99750,0.88636,0.11235,0.00123,0.00006
253.70125,0.99750,0.97619,0.01808,0.00564,0.00009
253.80125,0.99750,0.99798,0.00150,0.00037,0.00014
253.90125,0.99750,0.99980,0.00012,0.00001,0.00007
254.00125,0.99750,0.99995,0.00001,0.00000,0.00004
254.10126,0.99750,0.99993,0.00000,0.00000,0.00007
254.20125,0.99750,0.99992,0.00000,0.00000,0.00008
254.30125,0.99750,0.99986,0.00000,0.00000,0.00013
254.40125,0.99750,0.99996,0.00001,0.00000,0.00003
254.50125,0.99750,0.99991,0.00003,0.00000,0.00006
254.60126,0.99750,0.99968,0.00031,0.00000,0.00002
254.70125,0.99750,0.99715,0.00283,0.00000,0.00002
254.80125,0.99750,0.96573,0.03421,0.00001,0.00005
254.90125,0.99750,0.65593,0.34380,0.00020,0.00007
255.00125,0.99750,0.17676,0.82264,0.00057,0.00003
255.10126,0.99750,0.06624,0.93300,0.00074,0.00002
255.20125,0.99751,0.20708,0.79225,0.00064,0.00003
255.30125,0.99748,0.77547,0.22429,0.00019,0.00005
255.40125,0.99750,0.97748,0.02236,0.00001,0.00014
255.50125,0.99750,0.99831,0.00158,0.00007,0.00004
255.60126,0.99750,0.99969,0.00016,0.00001,0.00014
255.70125,0.99751,0.99990,0.00002,0.00000,0.00008
255.80125,0.99748,0.99996,0.00000,0.00000,0.00004
255.90125,0.99750,0.99998,0.00000,0.00000,0.00002
256.00125,0.99750,0.99999,0.00000,0.00000,0.00001
256.10126,0.99750,0.99999,0.00000,0.00000,0.00001
256.20126,0.99750,0.99999,0.00000,0.00000,0.00001
256.30124,0.99750,0.99999,0.00000,0.00000,0.00001
256.40125,0.99750,0.99998,0.00000,0.00000,0.00002
256.50125,0.99750,0.99998,0.00000,0.00000,0.00001
256.60126,0.99750,0.99991,0.00003,0.00000,0.00006
256.70126,0.99750,0.99974,0.00025,0.00000,0.00001
256.80124,0.99750,0.99706,0.00292,0.00000,0.00001
256.90125,0.99750,0.95922,0.04075,0.00001,0.00003
257.00125,0.99750,0.66878,0.33104,0.00016,0.00002
257.10126,0.99750,0.21228,0.78723,0.00048,0.00001
257.20126,0.99750,0.14468,0.85488,0.00043,0.00001
257.30124,0.99750,0.50139,0.49827,0.00032,0.00002
257.40125,0.99750,0.82747,0.17240,0.00010,0.00003
257.50125,0.99750,0.98673,0.01321,0.00001,0.00004
257.60126,0.99750,0.99873,0.00118,0.00007,0.00002
257.70126,0.99750,0.99979,0.00012,0.00001,0.00008
257.80124,0.99750,0.99994,0.00001,0.00000,0.00005
257.90125,0.99750,0.99997,0.00000,0.00000,0.00003
258.00125,0.99750,0.99998,0.00000,0.00000,0.00002
258.10126,0.99750,0.99999,0.00000,0.00000,0.00001
258.20126,0.99750,0.99999,0.00000,0.00000,0.00001
258.30124,0.99750,0.99998,0.00000,0.00000,0.00002
258.40125,0.99750,0.99997,0.00000,0.00000,0.00003
258.50125,0.99750,0.99998,0.00000,0.00000,0.00001
258.60126,0.99750,0.99990,0.00005,0.00000,0.00005
258.70126,0.99750,0.99943,0.00055,0.00000,0.00002
258.80124,0.99750,0.99314,0.00683,0.00000,0.00003
258.90125,0.99750,0.92844,0.07149,0.00001,0.00005
259.00125,0.99750,0.50214,0.49766,0.00017,0.00003
259.10126,0.99750,0.07107,0.92859,0.00032,0.00001
259.20126,0.99750,0.07214,0.92762,0.00023,0.00002
259.30124,0.99750,0.28853,0.71122,0.00022,0.00003
259.40125,0.99750,0.69900,0.30082,0.00013,0.00006
259.50125,0.99750,0.97255,0.02726,0.00002,0.00018
259.60126,0.99750,0.99636,0.00347,0.00010,0.00007
259.70126,0.99750,0.99930,0.00048,0.00002,0.00021
259.80124,0.99750,0.99979,0.00005,0.00000,0.00016
259.90125,0.99750,0.99990,0.00001,0.00000,0.00009
260.00125,0.99750,0.99988,0.00000,0.00000,0.00012
260.10126,0.99750,0.99995,0.00000,0.00000,0.00005
260.20126,0.99750,0.99996,0.00000,0.00000,0.00004
260.30124,0.99750,0.99991,0.00000,0.00000,0.00008
260.40125,0.99750,0.99986,0.00002,0.00000,0.00012
260.50125,0.99750,0.99967,0.00021,0.00000,0.00011
260.60126,0.99750,0.99833,0.00147,0.00000,0.00020
260.70126,0.99750,0.98718,0.01275,0.00000,0.00007
260.80124,0.99750,0.87350,0.12642,0.00000,0.00008
260.90125,0.99750,0.54800,0.45193,0.00002,0.00006
261.00125,0.99750,0.29746,0.70250,0.00002,0.00001
261.10126,0.99750,0.07430,0.92566,0.00003,0.00001
261.20126,0.99750,0.18291,0.81704,0.00003,0.00002
261.30124,0.99750,0.57559,0.42436,0.00003,0.00003
261.40125,0.99750,0.93308,0.06688,0.00001,0.00003
261.50125,0.99750,0.99231,0.00765,0.00000,0.00003
261.60126,0.99750,0.99939,0.00059,0.00001,0.00001
261.70126,0.99750,0.99991,0.00005,0.00000,0.00003
261.80124,0.99750,0.99997,0.00000,0.00000,0.00002
261.90125,0.99750,0.99999,0.00000,0.00000,0.00001
262.00125,0.99750,0.99998,0.00000,0.00000,0.00002
262.10126,0.99750,0.99999,0.00000,0.00000,0.00001
262.20126,0.99750,0.99998,0.00000,0.00000,0.00002
262.30124,0.99750,0.99997,0.00000,0.00000,0.00003
262.40125,0.99750,0.99998,0.00000,0.00000,0.00002
262.50125,0.99750,0.99993,0.00002,0.00000,0.00004
262.60126,0.99750,0.99971,0.00027,0.00000,0.00002
262.70126,0.99750,0.99648,0.00349,0.00000,0.00003
262.80124,0.99750,0.95385,0.04608,0.00002,0.00004
262.90125,0.99750,0.62033,0.37937,0.00028,0.00003
263.00125,0.99750,0.10397,0.89487,0.00115,0.00001
263.10126,0.99750,0.03266,0.96548,0.00186,0.00000
263.20126,0.99750,0.19932,0.79938,0.00129,0.00001
263.30124,0.99750,0.64204,0.35747,0.00047,0.00002
263.40125,0.99750,0.95076,0.04909,0.00010,0.00006
263.50125,0.99750,0.99573,0.00390,0.00035,0.00002
263.60126,0.99750,0.99960,0.00030,0.00005,0.00005
263.70126,0.99750,0.99994,0.00002,0.00000,0.00003
263.80124,0.99750,0.99996,0.00001,0.00000,0.00003
263.90125,0.99750,0.99990,0.00001,0.00000,0.00009
264.00125,0.99750,0.99993,0.00001,0.00000,0.00006
264.10126,0.99750,0.99983,0.00005,0.00000,0.00012
264.20126,0.99750,0.99961,0.00037,0.00000,0.00002
264.30124,0.99750,0.99787,0.00211,0.00000,0.00002
264.40125,0.99750,0.98319,0.01677,0.00001,0.00003
264.50125,0.99750,0.83938,0.16045,0.00013,0.00004
264.60126,0.99750,0.73129,0.26831,0.00033,0.00006
264.70126,0.99750,0.37467,0.62420,0.00105,0.00008
264.80124,0.99750,0.41955,0.57843,0.00193,0.00010
264.90125,0.99750,0.47940,0.51802,0.00243,0.00015
265.00125,0.99750,0.67885,0.31717,0.00329,0.00069
265.10126,0.99750,0.72293,0.16719,0.10842,0.00146
265.20126,0.99750,0.70484,0.15470,0.12721,0.01325
265.30124,0.99750,0.72169,0.19073,0.06041,0.02716
265.40125,0.99750,0.83411,0.12694,0.00334,0.03561
265.50125,0.99750,0.88046,0.07208,0.00021,0.04725
265.60126,0.99750,0.88589,0.07827,0.00011,0.03573
265.70126,0.99750,0.95818,0.02468,0.00004,0.01709
265.80124,0.99750,0.98466,0.01169,0.00003,0.00362
265.90125,0.99750,0.99528,0.00388,0.00001,0.00083
266.00125,0.99750,0.99858,0.00116,0.00000,0.00025
266.10126,0.99750,0.99963,0.00025,0.00000,0.00011
266.20126,0.99750,0.99989,0.00004,0.00000,0.00007
266.30124,0.99750,0.99996,0.00001,0.00000,0.00004
266.40125,0.99750,0.99997,0.00000,0.00000,0.00003
266.50125,0.99750,0.99997,0.00000,0.00000,0.00003
266.60126,0.99750,0.99997,0.00000,0.00000,0.00003
