Time (seconds), Duration (seconds),pred_(unlabeled),pred_Jab_R,pred_Sidehook_R,pred_Uppercut_R
0.00125,0.49750,0.97170,0.00039,0.00295,0.02496
0.10125,0.49750,0.96167,0.00038,0.00493,0.03302
0.20125,0.49750,0.96098,0.00038,0.00601,0.03263
0.30125,0.49750,0.96989,0.00037,0.00483,0.02491
0.40125,0.49750,0.99108,0.00012,0.00102,0.00778
0.50125,0.49750,0.99642,0.00008,0.00035,0.00316
0.60125,0.49750,0.99742,0.00008,0.00021,0.00229
0.70125,0.49750,0.99748,0.00010,0.00020,0.00223
0.80125,0.49750,0.99789,0.00032,0.00038,0.00141
0.90125,0.49750,0.99738,0.00128,0.00078,0.00055
1.00125,0.49750,0.99661,0.00223,0.00086,0.00029
1.10125,0.49750,0.99747,0.00161,0.00065,0.00026
1.20125,0.49750,0.99763,0.00126,0.00074,0.00037
1.30125,0.49750,0.99766,0.00104,0.00072,0.00058
1.40125,0.49750,0.99739,0.00096,0.00073,0.00092
1.50125,0.49750,0.99675,0.00116,0.00091,0.00117
1.60125,0.49750,0.99654,0.00129,0.00091,0.00126
1.70125,0.49750,0.99464,0.00159,0.00159,0.00218
1.80125,0.49750,0.98138,0.00180,0.00555,0.01127
1.90125,0.49750,0.92911,0.00319,0.05503,0.01267
2.00125,0.49750,0.41801,0.01004,0.56855,0.00340
2.10125,0.49750,0.02526,0.00073,0.97377,0.00024
2.20125,0.49750,0.00512,0.00013,0.99470,0.00005
2.30125,0.49750,0.00492,0.00008,0.99495,0.00004
2.40125,0.49750,0.00640,0.00011,0.99337,0.00012
2.50125,0.49750,0.00987,0.00015,0.98960,0.00037
2.60125,0.49750,0.02122,0.00459,0.97382,0.00037
2.70125,0.49750,0.02418,0.03687,0.93876,0.00018
2.80125,0.49750,0.06988,0.16073,0.76925,0.00014
2.90125,0.49750,0.35697,0.26756,0.37511,0.00036
3.00125,0.49750,0.87159,0.07405,0.05352,0.00085
3.10125,0.49750,0.98846,0.00676,0.00347,0.00131
3.20125,0.49750,0.99751,0.00073,0.00043,0.00133
3.30125,0.49750,0.99810,0.00023,0.00017,0.00151
3.40125,0.49750,0.99744,0.00015,0.00014,0.00226
3.50125,0.49750,0.99543,0.00020,0.00027,0.00410
3.60125,0.49750,0.98409,0.00047,0.00185,0.01359
3.70125,0.49750,0.94307,0.00210,0.03871,0.01612
3.80125,0.49750,0.52390,0.00872,0.46143,0.00594
3.90125,0.49750,0.03345,0.00420,0.96214,0.00021
4.00125,0.49750,0.00480,0.00013,0.99504,0.00004
4.10125,0.49750,0.00535,0.00030,0.99433,0.00002
4.20125,0.49750,0.00768,0.00055,0.99173,0.00005
4.30125,0.49750,0.01050,0.00078,0.98861,0.00012
4.40125,0.49750,0.02777,0.00229,0.96950,0.00043
4.50125,0.49750,0.05423,0.11234,0.83321,0.00022
4.60125,0.49750,0.15397,0.13537,0.71036,0.00031
4.70125,0.49750,0.45852,0.19141,0.34964,0.00042
4.80125,0.49750,0.75977,0.15541,0.08443,0.00039
4.90125,0.49750,0.97226,0.02061,0.00659,0.00054
5.00125,0.49750,0.99618,0.00220,0.00095,0.00067
5.10125,0.49750,0.99759,0.00092,0.00053,0.00095
5.20125,0.49750,0.99778,0.00019,0.00018,0.00185
5.30125,0.49750,0.99649,0.00008,0.00012,0.00330
5.40125,0.49750,0.98563,0.00027,0.00084,0.01326
5.50125,0.49750,0.95639,0.00092,0.01018,0.03251
5.60125,0.49750,0.77788,0.00467,0.19368,0.02377
5.70125,0.49750,0.10092,0.00984,0.88799,0.00125
5.80125,0.49750,0.00680,0.00068,0.99249,0.00003
5.90125,0.49750,0.00359,0.00044,0.99597,0.00001
6.00125,0.49750,0.00444,0.00238,0.99318,0.00000
6.10125,0.49750,0.00650,0.00757,0.98593,0.00001
6.20125,0.49750,0.01698,0.00591,0.97707,0.00005
6.30125,0.49750,0.04410,0.07387,0.88187,0.00016
6.40125,0.49750,0.07307,0.17649,0.75025,0.00019
6.50125,0.49750,0.36603,0.08629,0.54651,0.00117
6.60125,0.49750,0.83362,0.02883,0.13470,0.00285
6.70125,0.49750,0.97673,0.00863,0.01223,0.00241
6.80125,0.49750,0.99498,0.00186,0.00104,0.00212
6.90125,0.49750,0.99738,0.00039,0.00031,0.00192
7.00125,0.49750,0.99723,0.00021,0.00019,0.00237
7.10125,0.49750,0.99713,0.00012,0.00015,0.00261
7.20125,0.49750,0.99647,0.00011,0.00021,0.00322
7.30125,0.49750,0.99595,0.00009,0.00024,0.00372
7.40125,0.49750,0.99395,0.00009,0.00038,0.00558
7.50125,0.49750,0.97493,0.00029,0.00249,0.02229
7.60125,0.49750,0.92220,0.00201,0.04736,0.02842
7.70125,0.49750,0.55355,0.00945,0.42782,0.00918
7.80125,0.49750,0.05905,0.01150,0.92895,0.00050
7.90125,0.49750,0.00445,0.00037,0.99514,0.00004
8.00125,0.49750,0.00222,0.00019,0.99758,0.00001
8.10125,0.49750,0.00370,0.00065,0.99564,0.00002
8.20125,0.49750,0.00771,0.00203,0.99021,0.00005
8.30125,0.49750,0.01071,0.00365,0.98555,0.00009
8.40125,0.49750,0.02739,0.08110,0.89138,0.00013
8.50125,0.49750,0.01688,0.11639,0.86668,0.00006
8.60125,0.49750,0.07417,0.11649,0.80909,0.00025
8.70125,0.49750,0.36249,0.11003,0.52673,0.00075
8.80125,0.49750,0.80761,0.05255,0.13837,0.00147
8.90125,0.49750,0.96626,0.01692,0.01548,0.00134
9.00125,0.49750,0.99559,0.00155,0.00127,0.00159
9.10125,0.49750,0.99732,0.00046,0.00055,0.00166
9.20125,0.49750,0.99674,0.00016,0.00032,0.00278
9.30125,0.49750,0.99641,0.00008,0.00021,0.00330
9.40125,0.49750,0.99665,0.00010,0.00019,0.00306
9.50125,0.49750,0.99714,0.00011,0.00016,0.00259
9.60125,0.49750,0.99519,0.00012,0.00027,0.00441
9.70125,0.49750,0.98226,0.00039,0.00210,0.01524
9.80125,0.49750,0.94061,0.00189,0.03930,0.01820
9.90125,0.49750,0.54142,0.00792,0.44278,0.00788
10.00125,0.49750,0.03458,0.00646,0.95861,0.00035
10.10125,0.49750,0.00354,0.00011,0.99631,0.00003
10.20125,0.49750,0.00262,0.00011,0.99725,0.00002
10.30125,0.49750,0.00537,0.00020,0.99436,0.00007
10.40125,0.49750,0.00868,0.00025,0.99086,0.00022
10.50125,0.49750,0.01274,0.00037,0.98649,0.00040
10.60125,0.49750,0.03025,0.01633,0.95282,0.00060
10.70125,0.49750,0.02005,0.02861,0.95116,0.00018
10.80125,0.49750,0.14762,0.04529,0.80648,0.00062
10.90125,0.49750,0.53680,0.06742,0.39468,0.00110
11.00125,0.49750,0.90734,0.02601,0.06508,0.00157
11.10125,0.49750,0.98462,0.00815,0.00588,0.00135
11.20125,0.49750,0.99716,0.00066,0.00063,0.00155
11.30125,0.49750,0.99720,0.00048,0.00047,0.00185
11.40125,0.49750,0.99699,0.00012,0.00019,0.00270
11.50125,0.49750,0.99661,0.00008,0.00014,0.00317
11.60125,0.49750,0.99689,0.00007,0.00013,0.00291
11.70125,0.49750,0.99694,0.00006,0.00012,0.00288
11.80125,0.49750,0.99213,0.00009,0.00038,0.00739
11.90125,0.49750,0.96896,0.00039,0.00406,0.02659
12.00125,0.49750,0.90133,0.00201,0.07149,0.02517
12.10125,0.49750,0.34096,0.00719,0.64546,0.00639
12.20125,0.49750,0.02051,0.00680,0.97251,0.00018
12.30125,0.49750,0.00262,0.00023,0.99713,0.00002
12.40125,0.49750,0.00274,0.00032,0.99693,0.00001
12.50125,0.49750,0.00423,0.00073,0.99502,0.00002
12.60125,0.49750,0.00805,0.00232,0.98957,0.00006
12.70125,0.49750,0.01167,0.00499,0.98325,0.00010
12.80125,0.49750,0.02158,0.19594,0.78241,0.00006
12.90125,0.49750,0.00707,0.12612,0.86679,0.00002
13.00125,0.49750,0.01253,0.22114,0.76632,0.00002
13.10125,0.49750,0.13051,0.20945,0.65989,0.00015
13.20125,0.49750,0.64220,0.10861,0.24841,0.00078
13.30125,0.49750,0.95037,0.02503,0.02356,0.00103
13.40125,0.49750,0.99500,0.00243,0.00124,0.00133
13.50125,0.49750,0.99783,0.00034,0.00026,0.00157
13.60125,0.49750,0.99755,0.00021,0.00021,0.00203
13.70125,0.49750,0.99708,0.00012,0.00016,0.00264
13.80125,0.49750,0.99699,0.00008,0.00013,0.00280
13.90125,0.49750,0.99723,0.00007,0.00011,0.00258
14.00125,0.49750,0.99702,0.00006,0.00011,0.00280
14.10125,0.49750,0.98915,0.00015,0.00073,0.00998
14.20125,0.49750,0.95617,0.00047,0.00634,0.03702
14.30125,0.49750,0.83761,0.00297,0.12118,0.03824
14.40125,0.49750,0.28144,0.00764,0.70074,0.01019
14.50125,0.49750,0.02056,0.00785,0.97127,0.00032
14.60125,0.49750,0.00431,0.00027,0.99538,0.00004
14.70125,0.49750,0.00722,0.00055,0.99216,0.00007
14.80125,0.49750,0.02710,0.00169,0.97069,0.00051
14.90125,0.49750,0.04254,0.00323,0.95350,0.00074
15.00125,0.49750,0.04083,0.00337,0.95458,0.00121
15.10125,0.49750,0.07904,0.12513,0.79490,0.00093
15.20125,0.49750,0.01773,0.11089,0.87132,0.00006
15.30125,0.49750,0.07039,0.10321,0.82626,0.00014
15.40125,0.49750,0.52758,0.08422,0.38746,0.00074
15.50125,0.49750,0.94651,0.01836,0.03405,0.00108
15.60125,0.49750,0.99341,0.00326,0.00221,0.00111
15.70125,0.49750,0.99821,0.00024,0.00018,0.00137
15.80125,0.49750,0.99827,0.00019,0.00014,0.00141
15.90125,0.49750,0.99772,0.00016,0.00013,0.00199
16.00125,0.49750,0.99718,0.00014,0.00014,0.00253
16.10125,0.49750,0.99723,0.00010,0.00013,0.00254
16.20125,0.49750,0.99418,0.00012,0.00032,0.00539
16.30125,0.49750,0.97758,0.00048,0.00365,0.01828
16.40125,0.49750,0.91536,0.00247,0.06262,0.01955
16.50125,0.49750,0.36730,0.00872,0.61874,0.00524
16.60125,0.49750,0.04039,0.00775,0.95151,0.00036
16.70125,0.49750,0.00385,0.00115,0.99497,0.00003
16.80125,0.49750,0.00191,0.00009,0.99798,0.00002
16.90125,0.49750,0.00568,0.00035,0.99387,0.00010
17.00125,0.49750,0.01045,0.00067,0.98855,0.00033
17.10125,0.49750,0.00984,0.00041,0.98915,0.00060
17.20125,0.49750,0.02320,0.00276,0.97331,0.00074
17.30125,0.49750,0.02348,0.02725,0.94901,0.00026
17.40125,0.49750,0.07883,0.01521,0.90526,0.00069
17.50125,0.49750,0.45564,0.01750,0.52415,0.00272
17.60125,0.49750,0.88047,0.01445,0.10228,0.00281
17.70125,0.49750,0.98658,0.00411,0.00743,0.00188
17.80125,0.49750,0.99720,0.00059,0.00053,0.00167
17.90125,0.49750,0.99759,0.00053,0.00036,0.00151
18.00125,0.49750,0.99787,0.00039,0.00027,0.00148
18.10125,0.49750,0.99832,0.00013,0.00011,0.00144
18.20125,0.49750,0.99820,0.00010,0.00011,0.00160
18.30125,0.49750,0.99751,0.00009,0.00015,0.00225
18.40125,0.49750,0.99089,0.00021,0.00090,0.00800
18.50125,0.49750,0.96931,0.00074,0.01382,0.01613
18.60125,0.49750,0.65460,0.00570,0.32955,0.01015
18.70125,0.49750,0.09720,0.01063,0.89149,0.00068
18.80125,0.49750,0.00469,0.00159,0.99370,0.00002
18.90125,0.49750,0.00174,0.00025,0.99801,0.00000
19.00125,0.49750,0.00459,0.00074,0.99466,0.00002
19.10125,0.49750,0.01214,0.00164,0.98614,0.00008
19.20125,0.49750,0.01219,0.00104,0.98659,0.00018
19.30125,0.49750,0.03310,0.00475,0.96147,0.00069
19.40125,0.49750,0.02250,0.03336,0.94394,0.00020
19.50125,0.49750,0.02986,0.05295,0.91705,0.00013
19.60125,0.49750,0.27960,0.06952,0.65014,0.00074
19.70125,0.49750,0.86437,0.03550,0.09869,0.00144
19.80125,0.49750,0.98261,0.00829,0.00788,0.00123
19.90125,0.49750,0.99731,0.00063,0.00052,0.00154
20.00125,0.49750,0.99809,0.00012,0.00013,0.00166
20.10125,0.49750,0.99736,0.00009,0.00013,0.00243
20.20125,0.49750,0.99593,0.00008,0.00017,0.00381
20.30125,0.49750,0.98765,0.00018,0.00081,0.01136
20.40125,0.49750,0.96086,0.00058,0.00833,0.03023
20.50125,0.49750,0.79730,0.00311,0.16328,0.03630
20.60125,0.49750,0.25117,0.00544,0.72466,0.01873
20.70125,0.49750,0.01187,0.00269,0.98516,0.00028
20.80125,0.49750,0.00385,0.00007,0.99605,0.00004
20.90125,0.49750,0.00537,0.00028,0.99432,0.00004
21.00125,0.49750,0.00660,0.00082,0.99254,0.00003
21.10125,0.49750,0.00603,0.00109,0.99285,0.00002
21.20125,0.49750,0.01764,0.00216,0.98009,0.00011
21.30125,0.49750,0.01947,0.10070,0.87976,0.00007
21.40125,0.49750,0.01110,0.08432,0.90455,0.00003
21.50125,0.49750,0.08383,0.11718,0.79885,0.00014
21.60125,0.49750,0.63880,0.09357,0.26688,0.00075
21.70125,0.49750,0.94794,0.02443,0.02666,0.00097
21.80125,0.49750,0.99398,0.00295,0.00190,0.00117
21.90125,0.49750,0.99822,0.00018,0.00015,0.00144
22.00125,0.49750,0.99796,0.00011,0.00011,0.00182
22.10125,0.49750,0.99699,0.00011,0.00014,0.00276
22.20125,0.49750,0.99244,0.00016,0.00043,0.00697
22.30125,0.49750,0.97490,0.00063,0.00555,0.01892
22.40125,0.49750,0.86541,0.00331,0.11409,0.01719
22.50125,0.49750,0.23028,0.00843,0.75830,0.00299
22.60125,0.49750,0.00875,0.00394,0.98724,0.00007
22.70125,0.49750,0.00166,0.00016,0.99817,0.00001
22.80125,0.49750,0.00240,0.00058,0.99701,0.00001
22.90125,0.49750,0.00475,0.00116,0.99406,0.00003
23.00125,0.49750,0.00677,0.00113,0.99199,0.00011
23.10125,0.49750,0.01764,0.00276,0.97933,0.00027
23.20125,0.49750,0.02417,0.05812,0.91751,0.00020
23.30125,0.49750,0.01375,0.04582,0.94035,0.00008
23.40125,0.49750,0.04029,0.10035,0.85926,0.00010
23.50125,0.49750,0.26573,0.18499,0.54870,0.00058
23.60125,0.49750,0.77579,0.08416,0.13791,0.00215
23.70125,0.49750,0.97116,0.01582,0.01065,0.00238
23.80125,0.49750,0.99522,0.00066,0.00071,0.00341
23.90125,0.49750,0.99596,0.00017,0.00026,0.00361
24.00125,0.49750,0.99596,0.00009,0.00020,0.00375
24.10125,0.49750,0.99622,0.00009,0.00019,0.00350
24.20125,0.49750,0.99750,0.00018,0.00024,0.00208
24.30125,0.49750,0.99787,0.00032,0.00028,0.00153
24.40125,0.49750,0.99783,0.00032,0.00028,0.00156
24.50125,0.49750,0.99546,0.00045,0.00074,0.00334
24.60125,0.49750,0.98079,0.00099,0.00578,0.01244
24.70125,0.49750,0.88943,0.00356,0.08322,0.02379
24.80125,0.49750,0.30308,0.00916,0.68150,0.00627
24.90125,0.49750,0.01271,0.00520,0.98198,0.00011
25.00125,0.49750,0.00175,0.00012,0.99811,0.00002
25.10125,0.49750,0.00139,0.00020,0.99840,0.00001
25.20125,0.49750,0.00309,0.00017,0.99669,0.00005
25.30125,0.49750,0.00481,0.00016,0.99486,0.00017
25.40125,0.49750,0.01073,0.00032,0.98842,0.00053
25.50125,0.49750,0.02170,0.02347,0.95462,0.00021
25.60125,0.49750,0.01172,0.03126,0.95695,0.00007
25.70125,0.49750,0.01361,0.13985,0.84652,0.00002
25.80125,0.49750,0.13611,0.27572,0.58799,0.00018
25.90125,0.49750,0.72053,0.12732,0.15121,0.00094
26.00125,0.49750,0.97575,0.01307,0.00976,0.00143
26.10125,0.49750,0.99691,0.00055,0.00056,0.00197
26.20125,0.49750,0.99751,0.00007,0.00011,0.00231
26.30125,0.49750,0.99725,0.00006,0.00010,0.00259
26.40125,0.49750,0.99649,0.00006,0.00014,0.00330
26.50125,0.49750,0.98903,0.00011,0.00064,0.01022
26.60125,0.49750,0.95438,0.00047,0.00685,0.03831
26.70125,0.49750,0.83669,0.00234,0.11158,0.04940
26.80125,0.49750,0.31127,0.00611,0.66402,0.01860
26.90125,0.49750,0.02483,0.00953,0.96501,0.00062
27.00125,0.49750,0.00457,0.00074,0.99464,0.00006
27.10125,0.49750,0.00313,0.00029,0.99655,0.00003
27.20125,0.49750,0.00603,0.00052,0.99336,0.00009
27.30125,0.49750,0.00843,0.00049,0.99093,0.00015
27.40125,0.49750,0.00934,0.00054,0.98986,0.00027
27.50125,0.49750,0.01398,0.01030,0.97555,0.00017
27.60125,0.49750,0.00648,0.03388,0.95960,0.00003
27.70125,0.49750,0.00593,0.08948,0.90458,0.00001
27.80125,0.49750,0.02269,0.26891,0.70838,0.00002
27.90125,0.49750,0.24815,0.26078,0.49075,0.00033
28.00125,0.49750,0.82772,0.09886,0.07236,0.00106
28.10125,0.49750,0.98857,0.00572,0.00401,0.00170
28.20125,0.49750,0.99678,0.00029,0.00032,0.00261
28.30125,0.49750,0.99693,0.00008,0.00013,0.00286
28.40125,0.49750,0.99291,0.00011,0.00031,0.00668
28.50125,0.49750,0.97730,0.00050,0.00470,0.01750
28.60125,0.49750,0.88970,0.00279,0.09235,0.01517
28.70125,0.49750,0.28368,0.00840,0.70546,0.00246
28.80125,0.49750,0.00997,0.00154,0.98840,0.00009
28.90125,0.49750,0.00247,0.00004,0.99748,0.00001
29.00125,0.49750,0.00957,0.00033,0.99004,0.00006
29.10125,0.49750,0.01745,0.00192,0.98054,0.00009
29.20125,0.49750,0.02936,0.00781,0.96266,0.00017
29.30125,0.49750,0.10075,0.05261,0.84631,0.00033
29.40125,0.49750,0.05191,0.51435,0.43359,0.00015
29.50125,0.49750,0.02537,0.20920,0.76539,0.00003
29.60125,0.49750,0.13118,0.14060,0.72805,0.00017
29.70125,0.49750,0.59117,0.05980,0.34828,0.00076
29.80125,0.49750,0.92651,0.01674,0.05547,0.00128
29.90125,0.49750,0.98981,0.00432,0.00472,0.00116
30.00125,0.49750,0.99824,0.00031,0.00024,0.00121
30.10125,0.49750,0.99786,0.00018,0.00017,0.00179
30.20125,0.49750,0.99618,0.00010,0.00018,0.00354
30.30125,0.49750,0.98875,0.00014,0.00070,0.01041
30.40125,0.49750,0.95726,0.00038,0.00673,0.03563
30.50125,0.49750,0.82825,0.00194,0.12076,0.04904
30.60125,0.49750,0.22022,0.00513,0.76535,0.00929
30.70125,0.49750,0.01685,0.00484,0.97801,0.00030
30.80125,0.49750,0.00295,0.00016,0.99685,0.00005
30.90125,0.49750,0.00191,0.00005,0.99802,0.00002
31.00125,0.49750,0.01146,0.00016,0.98810,0.00028
31.10125,0.49750,0.02821,0.00018,0.97021,0.00140
31.20125,0.49750,0.04281,0.00043,0.95360,0.00316
31.30125,0.49750,0.06913,0.02487,0.90472,0.00127
31.40125,0.49750,0.03515,0.14626,0.81836,0.00023
31.50125,0.49750,0.01028,0.21528,0.77442,0.00002
31.60125,0.49750,0.02141,0.48239,0.49618,0.00002
31.70125,0.49750,0.23794,0.34903,0.41278,0.00025
31.80125,0.49750,0.78637,0.13425,0.07847,0.00090
31.90125,0.49750,0.98360,0.00828,0.00649,0.00163
32.00125,0.49750,0.99701,0.00034,0.00037,0.00228
32.10125,0.49750,0.99726,0.00008,0.00012,0.00254
32.20125,0.49750,0.99704,0.00007,0.00011,0.00278
32.30125,0.49750,0.99318,0.00010,0.00032,0.00641
32.40125,0.49750,0.97848,0.00052,0.00493,0.01607
32.50125,0.49750,0.89864,0.00284,0.08266,0.01586
32.60125,0.49750,0.30889,0.00941,0.67829,0.00341
32.70125,0.49750,0.01156,0.00451,0.98387,0.00006
32.80125,0.49750,0.00237,0.00013,0.99749,0.00001
32.90125,0.49750,0.00480,0.00045,0.99473,0.00003
33.00125,0.49750,0.01253,0.00029,0.98695,0.00023
33.10125,0.49750,0.02658,0.00023,0.97197,0.00122
33.20125,0.49750,0.09317,0.00105,0.90171,0.00406
33.30125,0.49750,0.14779,0.11527,0.73424,0.00270
33.40125,0.49750,0.06494,0.11533,0.81942,0.00032
33.50125,0.49750,0.18582,0.35649,0.45735,0.00034
33.60125,0.49750,0.62380,0.25877,0.11666,0.00076
33.70125,0.49750,0.96941,0.01853,0.01047,0.00158
33.80125,0.49750,0.99620,0.00099,0.00087,0.00194
33.90125,0.49750,0.99730,0.00007,0.00010,0.00253
34.00125,0.49750,0.99746,0.00006,0.00008,0.00241
34.10125,0.49750,0.99739,0.00006,0.00008,0.00247
34.20125,0.49750,0.99667,0.00006,0.00011,0.00316
34.30125,0.49750,0.98696,0.00020,0.00079,0.01205
34.40125,0.49750,0.95894,0.00108,0.01152,0.02846
34.50125,0.49750,0.77400,0.00587,0.19944,0.02068
34.60125,0.49750,0.12350,0.01099,0.86351,0.00200
34.70125,0.49750,0.00525,0.00507,0.98965,0.00003
34.80125,0.49750,0.00172,0.00011,0.99816,0.00000
34.90125,0.49750,0.00283,0.00026,0.99691,0.00001
35.00125,0.49750,0.00548,0.00025,0.99422,0.00005
35.10125,0.49750,0.00934,0.00046,0.99008,0.00013
35.20125,0.49750,0.03180,0.00176,0.96601,0.00042
35.30125,0.49750,0.04153,0.14577,0.81247,0.00023
35.40125,0.49750,0.02846,0.20610,0.76536,0.00008
35.50125,0.49750,0.07131,0.48830,0.44031,0.00008
35.60125,0.49750,0.49769,0.29902,0.20267,0.00062
35.70125,0.49750,0.92477,0.04811,0.02561,0.00151
35.80125,0.49750,0.99230,0.00385,0.00190,0.00196
35.90125,0.49750,0.99722,0.00020,0.00020,0.00238
36.00125,0.49750,0.99738,0.00006,0.00009,0.00246
36.10125,0.49750,0.99743,0.00006,0.00008,0.00243
36.20125,0.49750,0.99724,0.00005,0.00009,0.00263
36.30125,0.49750,0.99494,0.00006,0.00019,0.00480
36.40125,0.49750,0.97965,0.00024,0.00184,0.01827
36.50125,0.49750,0.93743,0.00188,0.03892,0.02177
36.60125,0.49750,0.45834,0.00860,0.52581,0.00725
36.70125,0.49750,0.02993,0.00765,0.96221,0.00021
36.80125,0.49750,0.00327,0.00075,0.99597,0.00001
36.90125,0.49750,0.00223,0.00036,0.99740,0.00001
37.00125,0.49750,0.00657,0.00045,0.99292,0.00006
37.10125,0.49750,0.01058,0.00040,0.98881,0.00021
37.20125,0.49750,0.02247,0.00123,0.97573,0.00057
37.30125,0.49750,0.05261,0.04647,0.90032,0.00060
37.40125,0.49750,0.03451,0.18024,0.78515,0.00010
37.50125,0.49750,0.02716,0.47352,0.49929,0.00004
37.60125,0.49750,0.14406,0.65953,0.19628,0.00013
37.70125,0.49750,0.74774,0.18860,0.06268,0.00099
37.80125,0.49750,0.97960,0.01258,0.00606,0.00177
37.90125,0.49750,0.99642,0.00070,0.00057,0.00232
38.00125,0.49750,0.99742,0.00007,0.00009,0.00242
38.10125,0.49750,0.99743,0.00005,0.00008,0.00244
38.20125,0.49750,0.99739,0.00005,0.00008,0.00248
38.30125,0.49750,0.99740,0.00006,0.00008,0.00246
38.40125,0.49750,0.99743,0.00006,0.00008,0.00243
38.50125,0.49750,0.99735,0.00006,0.00009,0.00250
38.60125,0.49750,0.99603,0.00007,0.00015,0.00375
38.70125,0.49750,0.98266,0.00032,0.00143,0.01558
38.80125,0.49750,0.94939,0.00236,0.03459,0.01366
38.90125,0.49750,0.56682,0.00950,0.41896,0.00472
39.00125,0.49750,0.03075,0.00506,0.96403,0.00016
39.10125,0.49750,0.00209,0.00017,0.99770,0.00004
39.20125,0.49750,0.00185,0.00035,0.99779,0.00001
39.30125,0.49750,0.00296,0.00127,0.99575,0.00002
39.40125,0.49750,0.00310,0.00235,0.99450,0.00005
39.50125,0.49750,0.01110,0.00834,0.98041,0.00015
39.60125,0.49750,0.02866,0.32241,0.64888,0.00005
39.70125,0.49750,0.02774,0.37611,0.59610,0.00005
39.80125,0.49750,0.13263,0.33273,0.53440,0.00024
39.90125,0.49750,0.58866,0.20106,0.20910,0.00118
40.00125,0.49750,0.93443,0.04261,0.02117,0.00179
40.10125,0.49750,0.99174,0.00404,0.00228,0.00194
40.20125,0.49750,0.99730,0.00018,0.00018,0.00234
40.30125,0.49750,0.99773,0.00008,0.00010,0.00209
40.40125,0.49750,0.99777,0.00005,0.00007,0.00210
40.50125,0.49750,0.99762,0.00005,0.00007,0.00226
40.60125,0.49750,0.99744,0.00005,0.00008,0.00243
40.70125,0.49750,0.99469,0.00006,0.00020,0.00505
40.80125,0.49750,0.98287,0.00035,0.00292,0.01386
40.90125,0.49750,0.91085,0.00318,0.07718,0.00879
41.00125,0.49750,0.29436,0.01138,0.69259,0.00168
41.10125,0.49750,0.00944,0.00366,0.98686,0.00003
41.20125,0.49750,0.00125,0.00009,0.99865,0.00000
41.30125,0.49750,0.00392,0.00031,0.99575,0.00003
41.40125,0.49750,0.00665,0.00027,0.99297,0.00011
41.50125,0.49750,0.01222,0.00046,0.98697,0.00035
41.60125,0.49750,0.03410,0.00138,0.96359,0.00093
41.70125,0.49750,0.03423,0.03554,0.92986,0.00036
41.80125,0.49750,0.01124,0.02695,0.96176,0.00005
41.90125,0.49750,0.08955,0.07899,0.83122,0.00024
42.00125,0.49750,0.53549,0.06315,0.39988,0.00148
42.10125,0.49750,0.93392,0.01826,0.04493,0.00290
42.20125,0.49750,0.99213,0.00332,0.00244,0.00210
42.30125,0.49750,0.99757,0.00063,0.00034,0.00147
42.40125,0.49750,0.99800,0.00056,0.00027,0.00117
42.50125,0.49750,0.99828,0.00040,0.00021,0.00111
42.60125,0.49750,0.99854,0.00028,0.00017,0.00101
42.70125,0.49750,0.99815,0.00015,0.00014,0.00157
42.80125,0.49750,0.99684,0.00009,0.00015,0.00292
42.90125,0.49750,0.98825,0.00018,0.00078,0.01080
43.00125,0.49750,0.96584,0.00120,0.01519,0.01777
43.10125,0.49750,0.71762,0.00669,0.26593,0.00976
43.20125,0.49750,0.07674,0.01120,0.91163,0.00043
43.30125,0.49750,0.00633,0.00028,0.99336,0.00003
43.40125,0.49750,0.00324,0.00019,0.99656,0.00001
43.50125,0.49750,0.01063,0.00040,0.98892,0.00005
43.60125,0.49750,0.01759,0.00028,0.98195,0.00018
43.70125,0.49750,0.03147,0.00029,0.96762,0.00061
43.80125,0.49750,0.04377,0.03040,0.92546,0.00038
43.90125,0.49750,0.02184,0.03593,0.94215,0.00009
44.00125,0.49750,0.05691,0.05800,0.88494,0.00014
44.10125,0.49750,0.41860,0.14953,0.43126,0.00062
44.20125,0.49750,0.90251,0.04840,0.04791,0.00119
44.30125,0.49750,0.99160,0.00282,0.00346,0.00212
44.40125,0.49750,0.99654,0.00033,0.00033,0.00280
44.50125,0.49750,0.99706,0.00017,0.00018,0.00258
44.60125,0.49750,0.99725,0.00010,0.00013,0.00252
44.70125,0.49750,0.99723,0.00007,0.00010,0.00260
44.80125,0.49750,0.99755,0.00006,0.00009,0.00231
44.90125,0.49750,0.99766,0.00006,0.00008,0.00220
45.00125,0.49750,0.99708,0.00005,0.00009,0.00278
45.10125,0.49750,0.99055,0.00013,0.00048,0.00884
45.20125,0.49750,0.96712,0.00063,0.00607,0.02617
45.30125,0.49750,0.85002,0.00377,0.12400,0.02222
45.40125,0.49750,0.20690,0.01063,0.77902,0.00344
45.50125,0.49750,0.00928,0.00550,0.98515,0.00007
45.60125,0.49750,0.00253,0.00010,0.99735,0.00001
45.70125,0.49750,0.00508,0.00021,0.99466,0.00005
45.80125,0.49750,0.01648,0.00015,0.98278,0.00059
45.90125,0.49750,0.02614,0.00016,0.97178,0.00193
46.00125,0.49750,0.05219,0.00044,0.94387,0.00350
46.10125,0.49750,0.09781,0.07026,0.83019,0.00173
46.20125,0.49750,0.05491,0.12635,0.81843,0.00031
46.30125,0.49750,0.20936,0.31134,0.47889,0.00041
46.40125,0.49750,0.74510,0.14975,0.10388,0.00128
46.50125,0.49750,0.97828,0.01305,0.00655,0.00212
46.60125,0.49750,0.99602,0.00069,0.00056,0.00274
46.70125,0.49750,0.99712,0.00007,0.00011,0.00270
46.80125,0.49750,0.99717,0.00007,0.00010,0.00266
46.90125,0.49750,0.99741,0.00006,0.00009,0.00243
47.00125,0.49750,0.99737,0.00007,0.00010,0.00246
47.10125,0.49750,0.99707,0.00007,0.00012,0.00274
47.20125,0.49750,0.99260,0.00014,0.00039,0.00687
47.30125,0.49750,0.97584,0.00065,0.00601,0.01750
47.40125,0.49750,0.85742,0.00384,0.12555,0.01318
47.50125,0.49750,0.22250,0.01019,0.76523,0.00207
47.60125,0.49750,0.00841,0.00416,0.98738,0.00005
47.70125,0.49750,0.00182,0.00018,0.99799,0.00001
47.80125,0.49750,0.00164,0.00028,0.99807,0.00002
47.90125,0.49750,0.00399,0.00017,0.99567,0.00018
48.00125,0.49750,0.00583,0.00021,0.99352,0.00044
48.10125,0.49750,0.01191,0.00044,0.98681,0.00085
48.20125,0.49750,0.02300,0.02072,0.95604,0.00025
48.30125,0.49750,0.01725,0.04356,0.93910,0.00009
48.40125,0.49750,0.09285,0.18242,0.72457,0.00016
48.50125,0.49750,0.52042,0.17021,0.30846,0.00090
48.60125,0.49750,0.91794,0.04828,0.03221,0.00157
48.70125,0.49750,0.99172,0.00356,0.00240,0.00232
48.80125,0.49750,0.99665,0.00020,0.00021,0.00294
48.90125,0.49750,0.99683,0.00015,0.00018,0.00284
49.00125,0.49750,0.99693,0.00008,0.00013,0.00287
49.10125,0.49750,0.99435,0.00007,0.00024,0.00534
49.20125,0.49750,0.98021,0.00018,0.00156,0.01806
49.30125,0.49750,0.93673,0.00089,0.02132,0.04107
49.40125,0.49750,0.62478,0.00492,0.34501,0.02530
49.50125,0.49750,0.09194,0.00706,0.89770,0.00330
49.60125,0.49750,0.00648,0.00379,0.98964,0.00008
49.70125,0.49750,0.00184,0.00020,0.99791,0.00004
49.80125,0.49750,0.00334,0.00043,0.99616,0.00008
49.90125,0.49750,0.01346,0.00028,0.98500,0.00125
50.00125,0.49750,0.01775,0.00033,0.98002,0.00190
50.10125,0.49750,0.03469,0.00122,0.96124,0.00285
50.20125,0.49750,0.06935,0.04850,0.88150,0.00065
50.30125,0.49750,0.02718,0.06635,0.90634,0.00012
50.40125,0.49750,0.06634,0.28031,0.65328,0.00007
50.50125,0.49750,0.44221,0.25246,0.30489,0.00044
50.60125,0.49750,0.91585,0.04575,0.03712,0.00128
50.70125,0.49750,0.99168,0.00386,0.00262,0.00184
50.80125,0.49750,0.99734,0.00018,0.00017,0.00232
50.90125,0.49750,0.99727,0.00008,0.00011,0.00253
51.00125,0.49750,0.99719,0.00006,0.00009,0.00265
51.10125,0.49750,0.99721,0.00005,0.00009,0.00266
51.20125,0.49750,0.99554,0.00005,0.00016,0.00424
51.30125,0.49750,0.98385,0.00026,0.00175,0.01415
51.40125,0.49750,0.93861,0.00232,0.04755,0.01153
51.50125,0.49750,0.42296,0.01018,0.56350,0.00336
51.60125,0.49750,0.01993,0.00728,0.97272,0.00007
51.70125,0.49750,0.00260,0.00036,0.99704,0.00001
51.80125,0.49750,0.00157,0.00027,0.99816,0.00001
51.90125,0.49750,0.00415,0.00035,0.99546,0.00004
52.00125,0.49750,0.00733,0.00027,0.99222,0.00019
52.10125,0.49750,0.01623,0.00062,0.98265,0.00050
52.20125,0.49750,0.02052,0.01816,0.96108,0.00024
52.30125,0.49750,0.01090,0.01805,0.97098,0.00007
52.40125,0.49750,0.01924,0.04153,0.93914,0.00009
52.50125,0.49750,0.18260,0.10169,0.71513,0.00058
52.60125,0.49750,0.78679,0.03724,0.17267,0.00330
52.70125,0.49750,0.97770,0.00436,0.01277,0.00517
52.80125,0.49750,0.99400,0.00063,0.00072,0.00465
52.90125,0.49750,0.99680,0.00027,0.00025,0.00268
53.00125,0.49750,0.99806,0.00030,0.00020,0.00144
53.10125,0.49750,0.99878,0.00027,0.00015,0.00080
53.20125,0.49750,0.99906,0.00022,0.00012,0.00061
53.30125,0.49750,0.99917,0.00012,0.00009,0.00062
53.40125,0.49750,0.99735,0.00014,0.00025,0.00226
53.50125,0.49750,0.98355,0.00040,0.00274,0.01331
53.60125,0.49750,0.91344,0.00241,0.06641,0.01773
53.70125,0.49750,0.27258,0.00763,0.71630,0.00350
53.80125,0.49750,0.01278,0.00243,0.98470,0.00009
53.90125,0.49750,0.00317,0.00019,0.99661,0.00002
54.00125,0.49750,0.00371,0.00053,0.99575,0.00002
54.10125,0.49750,0.00687,0.00046,0.99258,0.00009
54.20125,0.49750,0.01026,0.00124,0.98830,0.00021
54.30125,0.49750,0.01401,0.00369,0.98190,0.00040
54.40125,0.49750,0.01322,0.04698,0.93972,0.00009
54.50125,0.49750,0.00837,0.06295,0.92865,0.00003
54.60125,0.49750,0.01632,0.30632,0.67734,0.00002
54.70125,0.49750,0.13444,0.33616,0.52917,0.00023
54.80125,0.49750,0.64395,0.22070,0.13430,0.00104
54.90125,0.49750,0.96835,0.02029,0.00945,0.00192
55.00125,0.49750,0.99553,0.00106,0.00078,0.00262
55.10125,0.49750,0.99721,0.00012,0.00016,0.00251
55.20125,0.49750,0.99716,0.00006,0.00010,0.00268
55.30125,0.49750,0.99698,0.00005,0.00011,0.00286
55.40125,0.49750,0.99687,0.00006,0.00012,0.00296
55.50125,0.49750,0.99690,0.00006,0.00012,0.00292
55.60125,0.49750,0.99365,0.00008,0.00029,0.00598
55.70125,0.49750,0.97877,0.00032,0.00327,0.01765
55.80125,0.49750,0.90900,0.00236,0.07387,0.01476
55.90125,0.49750,0.30725,0.00982,0.67994,0.00300
56.00125,0.49750,0.01200,0.00354,0.98439,0.00007
56.10125,0.49750,0.00190,0.00012,0.99796,0.00001
56.20125,0.49750,0.00275,0.00034,0.99688,0.00002
56.30125,0.49750,0.00473,0.00034,0.99484,0.00009
56.40125,0.49750,0.00664,0.00047,0.99268,0.00020
56.50125,0.49750,0.01633,0.00097,0.98202,0.00068
56.60125,0.49750,0.03969,0.05936,0.90061,0.00034
56.70125,0.49750,0.07521,0.07146,0.85295,0.00038
56.80125,0.49750,0.31217,0.14980,0.53725,0.00077
56.90125,0.49750,0.84030,0.05459,0.10309,0.00203
57.00125,0.49750,0.97959,0.01103,0.00729,0.00208
57.10125,0.49750,0.99578,0.00085,0.00077,0.00260
57.20125,0.49750,0.99758,0.00024,0.00025,0.00193
57.30125,0.49750,0.99769,0.00008,0.00010,0.00214
57.40125,0.49750,0.99728,0.00007,0.00010,0.00256
57.50125,0.49750,0.99709,0.00006,0.00011,0.00275
57.60125,0.49750,0.99174,0.00011,0.00044,0.00771
57.70125,0.49750,0.97514,0.00064,0.00676,0.01746
57.80125,0.49750,0.84058,0.00417,0.14588,0.00937
57.90125,0.49750,0.17645,0.00945,0.81303,0.00107
58.00125,0.49750,0.00900,0.00125,0.98971,0.00004
58.10125,0.49750,0.00245,0.00024,0.99730,0.00001
58.20125,0.49750,0.00630,0.00029,0.99334,0.00007
58.30125,0.49750,0.01014,0.00060,0.98909,0.00018
58.40125,0.49750,0.01933,0.00218,0.97812,0.00037
58.50125,0.49750,0.02921,0.02182,0.94864,0.00033
58.60125,0.49750,0.02143,0.16788,0.81064,0.00005
58.70125,0.49750,0.02091,0.40817,0.57090,0.00002
58.80125,0.49750,0.20749,0.38104,0.41128,0.00019
58.90125,0.49750,0.83603,0.07101,0.09174,0.00122
59.00125,0.49750,0.98583,0.00678,0.00555,0.00184
59.10125,0.49750,0.99693,0.00031,0.00033,0.00242
59.20125,0.49750,0.99736,0.00006,0.00009,0.00249
59.30125,0.49750,0.99729,0.00007,0.00009,0.00255
59.40125,0.49750,0.99715,0.00006,0.00009,0.00270
59.50125,0.49750,0.99557,0.00007,0.00016,0.00420
59.60125,0.49750,0.98238,0.00025,0.00134,0.01603
59.70125,0.49750,0.94436,0.00155,0.02664,0.02745
59.80125,0.49750,0.57596,0.00777,0.40251,0.01376
59.90125,0.49750,0.05528,0.01047,0.93342,0.00084
60.00125,0.49750,0.00614,0.00135,0.99241,0.00010
60.10125,0.49750,0.00267,0.00010,0.99720,0.00003
60.20125,0.49750,0.00781,0.00014,0.99186,0.00019
60.30125,0.49750,0.01549,0.00009,0.98321,0.00120
60.40125,0.49750,0.01760,0.00012,0.98066,0.00162
60.50125,0.49750,0.01981,0.00114,0.97843,0.00061
60.60125,0.49750,0.02116,0.02887,0.94977,0.00021
60.70125,0.49750,0.01461,0.10501,0.88034,0.00004
60.80125,0.49750,0.10408,0.34342,0.55237,0.00013
60.90125,0.49750,0.67350,0.15735,0.16814,0.00101
61.00125,0.49750,0.97086,0.01686,0.01057,0.00171
61.10125,0.49750,0.99618,0.00088,0.00082,0.00212
61.20125,0.49750,0.99738,0.00005,0.00008,0.00248
61.30125,0.49750,0.99741,0.00004,0.00007,0.00247
61.40125,0.49750,0.99736,0.00005,0.00008,0.00252
61.50125,0.49750,0.99734,0.00005,0.00008,0.00252
61.60125,0.49750,0.99723,0.00005,0.00009,0.00263
61.70125,0.49750,0.99583,0.00005,0.00016,0.00396
61.80125,0.49750,0.98496,0.00017,0.00110,0.01377
61.90125,0.49750,0.95677,0.00118,0.01877,0.02327
62.00125,0.49750,0.63763,0.00768,0.34407,0.01062
62.10125,0.49750,0.05283,0.00955,0.93725,0.00037
62.20125,0.49750,0.00447,0.00070,0.99479,0.00004
62.30125,0.49750,0.00200,0.00021,0.99778,0.00001
62.40125,0.49750,0.00491,0.00017,0.99486,0.00006
62.50125,0.49750,0.00707,0.00020,0.99258,0.00015
62.60125,0.49750,0.01437,0.00058,0.98464,0.00041
62.70125,0.49750,0.02134,0.01550,0.96299,0.00018
62.80125,0.49750,0.01672,0.08257,0.90066,0.00005
62.90125,0.49750,0.04557,0.26877,0.68559,0.00007
63.00125,0.49750,0.35085,0.28426,0.36435,0.00053
63.10125,0.49750,0.91512,0.03756,0.04536,0.00195
63.20125,0.49750,0.99138,0.00328,0.00276,0.00257
63.30125,0.49750,0.99641,0.00016,0.00022,0.00321
63.40125,0.49750,0.99721,0.00007,0.00011,0.00261
63.50125,0.49750,0.99752,0.00006,0.00008,0.00234
63.60125,0.49750,0.99728,0.00006,0.00009,0.00257
63.70125,0.49751,0.99729,0.00007,0.00010,0.00254
63.80125,0.49750,0.99735,0.00006,0.00010,0.00249
63.90125,0.49750,0.99728,0.00006,0.00010,0.00256
64.00125,0.49750,0.99600,0.00006,0.00015,0.00379
64.10125,0.49750,0.98358,0.00025,0.00114,0.01502
64.20125,0.49751,0.94907,0.00124,0.01529,0.03440
64.30125,0.49751,0.67249,0.00843,0.29918,0.01990
64.40125,0.49750,0.06618,0.01086,0.92194,0.00102
64.50125,0.49750,0.00498,0.00146,0.99351,0.00004
64.60125,0.49750,0.00156,0.00012,0.99831,0.00001
64.70125,0.49751,0.00286,0.00016,0.99695,0.00003
64.80125,0.49751,0.00470,0.00010,0.99507,0.00013
64.90125,0.49750,0.00745,0.00016,0.99209,0.00030
65.00125,0.49750,0.01307,0.00216,0.98448,0.00029
65.10125,0.49750,0.02800,0.05922,0.91264,0.00014
65.20125,0.49751,0.05825,0.17024,0.77137,0.00015
65.30125,0.49751,0.38091,0.29459,0.32397,0.00052
65.40125,0.49750,0.92013,0.04520,0.03318,0.00149
65.50125,0.49750,0.99265,0.00319,0.00195,0.00220
65.60125,0.49750,0.99696,0.00016,0.00021,0.00267
65.70125,0.49751,0.99749,0.00004,0.00007,0.00240
65.80125,0.49751,0.99762,0.00004,0.00007,0.00227
65.90125,0.49750,0.99755,0.00005,0.00008,0.00232
66.00125,0.49750,0.99749,0.00006,0.00009,0.00236
66.10125,0.49750,0.99737,0.00007,0.00010,0.00246
66.20125,0.49751,0.99725,0.00008,0.00012,0.00256
66.30125,0.49751,0.99717,0.00008,0.00013,0.00261
66.40125,0.49750,0.99709,0.00009,0.00014,0.00268
66.50125,0.49750,0.99709,0.00010,0.00015,0.00266
66.60125,0.49750,0.99716,0.00010,0.00015,0.00260
66.70125,0.49751,0.99723,0.00009,0.00013,0.00255
66.80125,0.49751,0.99726,0.00008,0.00011,0.00254
66.90125,0.49750,0.99738,0.00007,0.00010,0.00245
67.00125,0.49750,0.99742,0.00007,0.00008,0.00243
67.10125,0.49750,0.99744,0.00006,0.00008,0.00241
67.20125,0.49751,0.99746,0.00006,0.00008,0.00240
67.30125,0.49751,0.99754,0.00006,0.00008,0.00232
67.40125,0.49750,0.99749,0.00005,0.00008,0.00238
67.50125,0.49750,0.99425,0.00008,0.00023,0.00544
67.60125,0.49750,0.97567,0.00040,0.00248,0.02146
67.70125,0.49751,0.92628,0.00288,0.04939,0.02145
67.80125,0.49751,0.39852,0.01046,0.58441,0.00660
67.90125,0.49750,0.01561,0.00310,0.98114,0.00015
68.00125,0.49750,0.00356,0.00014,0.99626,0.00003
68.10125,0.49750,0.00389,0.00042,0.99567,0.00002
68.20125,0.49751,0.00620,0.00047,0.99328,0.00005
68.30125,0.49751,0.00878,0.00093,0.99018,0.00012
68.40125,0.49750,0.01791,0.00440,0.97740,0.00030
68.50125,0.49750,0.02501,0.13695,0.83794,0.00011
68.60125,0.49750,0.01190,0.09898,0.88909,0.00003
68.70125,0.49751,0.03866,0.28304,0.67824,0.00005
68.80125,0.49751,0.35700,0.26796,0.37457,0.00047
68.90125,0.49750,0.88832,0.06207,0.04830,0.00131
69.00125,0.49750,0.99027,0.00388,0.00384,0.00201
69.10125,0.49750,0.99706,0.00016,0.00021,0.00257
69.20125,0.49751,0.99750,0.00005,0.00009,0.00237
69.30125,0.49751,0.99729,0.00004,0.00008,0.00259
69.40125,0.49750,0.99736,0.00004,0.00008,0.00252
69.50125,0.49750,0.99655,0.00004,0.00011,0.00329
69.60125,0.49750,0.98688,0.00015,0.00074,0.01223
69.70125,0.49751,0.96407,0.00105,0.01460,0.02028
69.80125,0.49751,0.69111,0.00748,0.29140,0.01001
69.90125,0.49750,0.05659,0.01125,0.93185,0.00032
70.00125,0.49750,0.00321,0.00040,0.99637,0.00002
70.10125,0.49750,0.00139,0.00026,0.99834,0.00001
70.20125,0.49751,0.00332,0.00014,0.99649,0.00004
70.30125,0.49751,0.00560,0.00013,0.99413,0.00014
70.40125,0.49750,0.00930,0.00014,0.99008,0.00048
70.50125,0.49750,0.01681,0.00531,0.97762,0.00026
70.60125,0.49750,0.01523,0.01813,0.96654,0.00010
70.70125,0.49751,0.06802,0.09025,0.84155,0.00018
70.80125,0.49751,0.52087,0.13094,0.34706,0.00113
70.90125,0.49750,0.94380,0.02659,0.02760,0.00201
71.00125,0.49750,0.99394,0.00223,0.00140,0.00242
71.10125,0.49750,0.99699,0.00014,0.00014,0.00274
71.20125,0.49751,0.99728,0.00009,0.00010,0.00254
71.30125,0.49751,0.99751,0.00006,0.00008,0.00235
71.40125,0.49750,0.99751,0.00006,0.00008,0.00235
71.50125,0.49750,0.99748,0.00006,0.00009,0.00238
71.60125,0.49750,0.99732,0.00005,0.00009,0.00254
71.70125,0.49751,0.99532,0.00006,0.00018,0.00444
71.80125,0.49751,0.98041,0.00029,0.00158,0.01773
71.90125,0.49750,0.94096,0.00234,0.04010,0.01660
72.00125,0.49750,0.48531,0.00937,0.49884,0.00648
72.10125,0.49750,0.02977,0.00877,0.96128,0.00017
72.20125,0.49751,0.00267,0.00039,0.99693,0.00001
72.30125,0.49751,0.00130,0.00018,0.99852,0.00001
72.40125,0.49750,0.00251,0.00026,0.99721,0.00002
72.50125,0.49750,0.00306,0.00032,0.99658,0.00004
72.60125,0.49750,0.00494,0.00036,0.99459,0.00011
72.70125,0.49751,0.01226,0.00660,0.98095,0.00019
72.80125,0.49751,0.00818,0.01466,0.97711,0.00005
72.90125,0.49750,0.01152,0.04443,0.94401,0.00004
73.00125,0.49750,0.13870,0.11105,0.74993,0.00032
73.10125,0.49750,0.69806,0.08801,0.21252,0.00141
73.20125,0.49751,0.95959,0.02175,0.01723,0.00143
73.30125,0.49751,0.99599,0.00116,0.00088,0.00197
73.40125,0.49750,0.99755,0.00010,0.00012,0.00223
73.50125,0.49750,0.99718,0.00006,0.00010,0.00266
73.60125,0.49750,0.99728,0.00005,0.00008,0.00259
73.70125,0.49751,0.99725,0.00005,0.00008,0.00262
73.80125,0.49751,0.99567,0.00006,0.00015,0.00413
73.90125,0.49750,0.98352,0.00031,0.00152,0.01465
74.00125,0.49750,0.94731,0.00233,0.03798,0.01238
74.10125,0.49750,0.47328,0.01117,0.51162,0.00393
74.20125,0.49751,0.01963,0.00478,0.97550,0.00009
74.30125,0.49751,0.00167,0.00012,0.99819,0.00002
74.40125,0.49750,0.00343,0.00025,0.99627,0.00005
74.50125,0.49750,0.00604,0.00027,0.99353,0.00016
74.60125,0.49750,0.01016,0.00039,0.98898,0.00047
74.70125,0.49751,0.02545,0.00141,0.97182,0.00132
74.80125,0.49751,0.04752,0.07339,0.87873,0.00036
74.90125,0.49750,0.02643,0.08520,0.88829,0.00008
75.00125,0.49750,0.19214,0.15823,0.64926,0.00037
75.10125,0.49750,0.78892,0.06765,0.14201,0.00142
75.20125,0.49751,0.98122,0.00743,0.00916,0.00219
75.30125,0.49751,0.99627,0.00049,0.00063,0.00262
75.40125,0.49750,0.99712,0.00006,0.00012,0.00269
75.50125,0.49750,0.99737,0.00005,0.00008,0.00250
75.60125,0.49750,0.99721,0.00005,0.00009,0.00265
75.70125,0.49751,0.99730,0.00005,0.00009,0.00255
75.80125,0.49751,0.99736,0.00005,0.00009,0.00250
75.90125,0.49750,0.99729,0.00005,0.00010,0.00256
76.00125,0.49750,0.99633,0.00006,0.00014,0.00347
76.10125,0.49750,0.98557,0.00022,0.00106,0.01315
76.20125,0.49751,0.95878,0.00165,0.02235,0.01722
76.30125,0.49751,0.61764,0.00900,0.36581,0.00754
76.40125,0.49750,0.04827,0.00846,0.94302,0.00025
76.50125,0.49750,0.00218,0.00013,0.99765,0.00005
76.60125,0.49750,0.00197,0.00019,0.99780,0.00004
76.70125,0.49751,0.00395,0.00010,0.99574,0.00021
76.80125,0.49751,0.00518,0.00010,0.99415,0.00056
76.90125,0.49750,0.01020,0.00029,0.98823,0.00128
77.00125,0.49750,0.03073,0.03564,0.93328,0.00036
77.10125,0.49750,0.01065,0.05166,0.93765,0.00004
77.20125,0.49751,0.01839,0.28389,0.69769,0.00002
77.30125,0.49751,0.18878,0.43924,0.37180,0.00018
77.40125,0.49750,0.82696,0.10423,0.06772,0.00109
77.50125,0.49750,0.98630,0.00696,0.00495,0.00179
77.60125,0.49750,0.99666,0.00035,0.00039,0.00259
77.70125,0.49751,0.99711,0.00007,0.00010,0.00272
77.80125,0.49751,0.99710,0.00006,0.00009,0.00275
77.90125,0.49750,0.99702,0.00006,0.00010,0.00282
78.00125,0.49750,0.99710,0.00008,0.00011,0.00271
78.10125,0.49750,0.99712,0.00007,0.00011,0.00271
78.20125,0.49751,0.99299,0.00012,0.00031,0.00657
78.30125,0.49751,0.97760,0.00070,0.00400,0.01770
78.40125,0.49750,0.88747,0.00482,0.09441,0.01330
78.50125,0.49750,0.30330,0.01090,0.68230,0.00350
78.60125,0.49750,0.01018,0.00457,0.98518,0.00006
78.70125,0.49751,0.00187,0.00007,0.99805,0.00001
78.80125,0.49751,0.00424,0.00018,0.99555,0.00002
78.90125,0.49750,0.00911,0.00010,0.99061,0.00017
79.00125,0.49750,0.01118,0.00012,0.98836,0.00034
79.10125,0.49750,0.02630,0.00023,0.97246,0.00102
79.20125,0.49751,0.03418,0.01700,0.94824,0.00058
79.30125,0.49751,0.03497,0.02815,0.93656,0.00032
79.40125,0.49750,0.23105,0.11092,0.65717,0.00086
79.50125,0.49750,0.83649,0.05609,0.10507,0.00235
79.60125,0.49750,0.98422,0.00758,0.00566,0.00254
79.70125,0.49751,0.99646,0.00060,0.00035,0.00258
79.80125,0.49751,0.99768,0.00007,0.00009,0.00216
79.90125,0.49750,0.99762,0.00005,0.00008,0.00225
80.00125,0.49750,0.99716,0.00005,0.00009,0.00270
80.10125,0.49750,0.99707,0.00005,0.00010,0.00278
80.20125,0.49751,0.99554,0.00005,0.00018,0.00423
80.30125,0.49751,0.98634,0.00013,0.00091,0.01263
80.40125,0.49750,0.95533,0.00066,0.01293,0.03108
80.50125,0.49750,0.70697,0.00550,0.27233,0.01520
80.60125,0.49750,0.09415,0.01128,0.89358,0.00098
80.70125,0.49751,0.00462,0.00152,0.99383,0.00003
80.80125,0.49751,0.00145,0.00013,0.99842,0.00001
80.90125,0.49750,0.00407,0.00017,0.99572,0.00003
81.00125,0.49750,0.00674,0.00015,0.99292,0.00018
81.10125,0.49750,0.00889,0.00020,0.99052,0.00039
81.20125,0.49751,0.02499,0.00122,0.97282,0.00098
81.30125,0.49751,0.02207,0.01104,0.96653,0.00036
81.40125,0.49750,0.02450,0.03757,0.93780,0.00012
81.50125,0.49750,0.25308,0.08322,0.66297,0.00073
81.60125,0.49750,0.84007,0.02842,0.12853,0.00299
81.70125,0.49751,0.97810,0.00821,0.01098,0.00272
81.80125,0.49751,0.99536,0.00080,0.00068,0.00316
81.90125,0.49750,0.99668,0.00009,0.00013,0.00310
82.00125,0.49750,0.99627,0.00008,0.00014,0.00351
82.10125,0.49750,0.99632,0.00009,0.00016,0.00343
82.20125,0.49751,0.99636,0.00009,0.00019,0.00337
82.30125,0.49751,0.99636,0.00009,0.00021,0.00333
82.40125,0.49750,0.99639,0.00009,0.00023,0.00328
82.50125,0.49750,0.99636,0.00009,0.00024,0.00331
82.60125,0.49750,0.99655,0.00007,0.00021,0.00318
82.70125,0.49751,0.99657,0.00007,0.00019,0.00318
82.80125,0.49751,0.99687,0.00006,0.00017,0.00290
82.90125,0.49750,0.99713,0.00007,0.00015,0.00265
83.00125,0.49750,0.99710,0.00007,0.00014,0.00269
83.10125,0.49750,0.99707,0.00007,0.00014,0.00273
83.20125,0.49751,0.99717,0.00007,0.00013,0.00263
83.30125,0.49751,0.99733,0.00006,0.00011,0.00250
83.40125,0.49750,0.99566,0.00006,0.00020,0.00409
83.50125,0.49750,0.98542,0.00022,0.00212,0.01224
83.60125,0.49750,0.94087,0.00176,0.04549,0.01188
83.70125,0.49751,0.40811,0.00866,0.58055,0.00268
83.80125,0.49751,0.02080,0.00156,0.97752,0.00012
83.90125,0.49750,0.00256,0.00010,0.99732,0.00002
84.00125,0.49750,0.00282,0.00021,0.99695,0.00001
84.10125,0.49750,0.00367,0.00021,0.99609,0.00002
84.20125,0.49751,0.00527,0.00028,0.99439,0.00006
84.30125,0.49751,0.00841,0.00180,0.98970,0.00010
84.40125,0.49750,0.00807,0.02389,0.96801,0.00003
84.50125,0.49750,0.01383,0.02292,0.96319,0.00006
84.60125,0.49750,0.09381,0.04071,0.86504,0.00044
84.70125,0.49751,0.72196,0.02866,0.24696,0.00242
84.80125,0.49751,0.97573,0.00449,0.01662,0.00315
84.90125,0.49750,0.99486,0.00031,0.00091,0.00392
85.00125,0.49750,0.99706,0.00011,0.00021,0.00262
85.10125,0.49750,0.99798,0.00010,0.00012,0.00180
85.20125,0.49751,0.99794,0.00010,0.00012,0.00184
85.30125,0.49751,0.99733,0.00009,0.00015,0.00243
85.40125,0.49750,0.99037,0.00025,0.00092,0.00846
85.50125,0.49750,0.97144,0.00110,0.01375,0.01371
85.60125,0.49750,0.75061,0.00440,0.23449,0.01050
85.70125,0.49751,0.06395,0.00539,0.93009,0.00057
85.80125,0.49751,0.00554,0.00010,0.99430,0.00006
85.90125,0.49750,0.00297,0.00010,0.99691,0.00002
86.00125,0.49750,0.00326,0.00040,0.99633,0.00001
86.10125,0.49750,0.00443,0.00144,0.99410,0.00002
86.20125,0.49751,0.01205,0.00417,0.98372,0.00006
86.30125,0.49751,0.02061,0.12886,0.85045,0.00007
86.40125,0.49750,0.01603,0.06521,0.91871,0.00005
86.50125,0.49750,0.06652,0.07359,0.85963,0.00027
86.60125,0.49750,0.59418,0.03198,0.37180,0.00203
86.70125,0.49751,0.95770,0.00431,0.03461,0.00338
86.80125,0.49751,0.99341,0.00120,0.00289,0.00250
86.90125,0.49750,0.99759,0.00025,0.00023,0.00193
87.00125,0.49750,0.99830,0.00007,0.00009,0.00154
87.10125,0.49750,0.99736,0.00008,0.00013,0.00243
87.20125,0.49751,0.99695,0.00008,0.00016,0.00280
87.30125,0.49751,0.99624,0.00008,0.00021,0.00347
87.40125,0.49750,0.98663,0.00016,0.00109,0.01212
87.50125,0.49750,0.95287,0.00079,0.01987,0.02646
87.60125,0.49750,0.66123,0.00450,0.32020,0.01406
87.70125,0.49751,0.06890,0.00696,0.92348,0.00066
87.80125,0.49751,0.00320,0.00041,0.99636,0.00003
87.90125,0.49750,0.00144,0.00010,0.99844,0.00002
88.00125,0.49750,0.00428,0.00018,0.99546,0.00008
88.10125,0.49750,0.00623,0.00019,0.99337,0.00022
88.20125,0.49751,0.01317,0.00047,0.98572,0.00064
88.30125,0.49751,0.03207,0.01199,0.95544,0.00050
88.40125,0.49750,0.02206,0.09609,0.88177,0.00009
88.50125,0.49750,0.04079,0.24460,0.71453,0.00008
88.60125,0.49750,0.30867,0.30388,0.38696,0.00049
88.70125,0.49751,0.87982,0.05558,0.06275,0.00184
88.80125,0.49751,0.98793,0.00530,0.00420,0.00258
88.90125,0.49750,0.99599,0.00027,0.00035,0.00339
89.00125,0.49750,0.99686,0.00007,0.00013,0.00294
89.10125,0.49750,0.99720,0.00007,0.00011,0.00262
89.20125,0.49751,0.99721,0.00007,0.00011,0.00261
89.30125,0.49751,0.99665,0.00006,0.00013,0.00316
89.40125,0.49750,0.98657,0.00019,0.00081,0.01243
89.50125,0.49750,0.96254,0.00108,0.01457,0.02181
89.60125,0.49750,0.76517,0.00456,0.21481,0.01546
89.70125,0.49751,0.11718,0.00780,0.87398,0.00104
89.80125,0.49751,0.00571,0.00063,0.99362,0.00004
89.90125,0.49750,0.00233,0.00013,0.99752,0.00001
90.00125,0.49750,0.00808,0.00029,0.99159,0.00004
90.10125,0.49750,0.01283,0.00027,0.98677,0.00013
90.20125,0.49751,0.01762,0.00044,0.98164,0.00031
90.30125,0.49751,0.06022,0.01718,0.92208,0.00052
90.40125,0.49750,0.11208,0.11293,0.77460,0.00039
90.50125,0.49750,0.38837,0.14500,0.46604,0.00058
90.60125,0.49750,0.83938,0.08918,0.07057,0.00086
90.70125,0.49751,0.98706,0.00790,0.00382,0.00122
90.80125,0.49751,0.99789,0.00034,0.00023,0.00154
90.90125,0.49750,0.99821,0.00009,0.00009,0.00162
91.00125,0.49750,0.99803,0.00008,0.00009,0.00180
91.10125,0.49750,0.99776,0.00007,0.00009,0.00208
91.20125,0.49751,0.99206,0.00018,0.00049,0.00727
91.30125,0.49751,0.97515,0.00108,0.00738,0.01639
91.40125,0.49750,0.86019,0.00516,0.12154,0.01312
91.50125,0.49750,0.18209,0.00877,0.80756,0.00157
91.60125,0.49750,0.02421,0.00203,0.97370,0.00006
91.70125,0.49751,0.01464,0.00102,0.98432,0.00001
91.80125,0.49751,0.03387,0.00499,0.96113,0.00002
91.90125,0.49750,0.04218,0.00373,0.95403,0.00006
92.00125,0.49750,0.07277,0.00850,0.91854,0.00019
92.10125,0.49750,0.05106,0.03091,0.91772,0.00031
92.20125,0.49751,0.03463,0.10863,0.85662,0.00011
92.30125,0.49751,0.03557,0.13343,0.83089,0.00012
92.40125,0.49750,0.24547,0.28379,0.47029,0.00045
92.50125,0.49750,0.82424,0.08307,0.09084,0.00184
92.60125,0.49750,0.98124,0.01098,0.00557,0.00220
92.70125,0.49751,0.99586,0.00066,0.00046,0.00301
92.80125,0.49751,0.99712,0.00006,0.00009,0.00273
92.90125,0.49750,0.99745,0.00005,0.00008,0.00243
93.00125,0.49750,0.99727,0.00004,0.00008,0.00261
93.10125,0.49750,0.99230,0.00008,0.00031,0.00731
93.20125,0.49751,0.97093,0.00042,0.00361,0.02504
93.30125,0.49751,0.89721,0.00291,0.08080,0.01909
93.40125,0.49750,0.29577,0.00988,0.69065,0.00371
93.50125,0.49750,0.01978,0.00443,0.97564,0.00015
93.60125,0.49750,0.00431,0.00011,0.99555,0.00003
93.70125,0.49751,0.00899,0.00022,0.99071,0.00008
93.80125,0.49751,0.01863,0.00013,0.98073,0.00051
93.90125,0.49750,0.04704,0.00027,0.95051,0.00219
94.00125,0.49750,0.10304,0.00212,0.89149,0.00334
94.10125,0.49750,0.32262,0.21105,0.46347,0.00286
94.20125,0.49751,0.55471,0.14550,0.29769,0.00211
94.30125,0.49751,0.84057,0.11011,0.04779,0.00154
94.40125,0.49750,0.98003,0.01317,0.00495,0.00185
94.50125,0.49750,0.99615,0.00078,0.00045,0.00262
94.60125,0.49750,0.99724,0.00006,0.00009,0.00260
94.70125,0.49751,0.99724,0.00006,0.00008,0.00262
94.80125,0.49751,0.99739,0.00006,0.00008,0.00248
94.90125,0.49750,0.99595,0.00006,0.00014,0.00385
95.00125,0.49750,0.98377,0.00023,0.00115,0.01485
95.10125,0.49750,0.95638,0.00186,0.02818,0.01358
95.20125,0.49751,0.60890,0.00956,0.37627,0.00528
95.30125,0.49751,0.04157,0.00874,0.94956,0.00013
95.40125,0.49750,0.00492,0.00065,0.99441,0.00002
95.50125,0.49750,0.00499,0.00081,0.99419,0.00001
95.60125,0.49750,0.01984,0.00062,0.97939,0.00016
95.70125,0.49751,0.03395,0.00124,0.96429,0.00052
95.80125,0.49751,0.09705,0.00175,0.89815,0.00305
95.90125,0.49750,0.21713,0.08704,0.69372,0.00210
96.00125,0.49750,0.19479,0.14853,0.65529,0.00138
96.10125,0.49750,0.47025,0.26841,0.26027,0.00107
96.20125,0.49751,0.90405,0.04923,0.04463,0.00209
96.30125,0.49751,0.98786,0.00663,0.00291,0.00259
96.40125,0.49750,0.99601,0.00045,0.00038,0.00316
96.50125,0.49750,0.99714,0.00005,0.00009,0.00272
96.60125,0.49750,0.99709,0.00005,0.00009,0.00277
96.70125,0.49751,0.99707,0.00006,0.00011,0.00276
96.80125,0.49751,0.99696,0.00006,0.00012,0.00287
96.90125,0.49750,0.99395,0.00009,0.00029,0.00568
97.00125,0.49750,0.97338,0.00044,0.00284,0.02334
97.10125,0.49750,0.91684,0.00220,0.04878,0.03217
97.20125,0.49751,0.56330,0.00496,0.40304,0.02870
97.30125,0.49751,0.04141,0.00561,0.95206,0.00092
97.40125,0.49750,0.00533,0.00041,0.99422,0.00005
97.50125,0.49750,0.00215,0.00008,0.99775,0.00002
97.60125,0.49750,0.00448,0.00008,0.99538,0.00007
97.70125,0.49751,0.00554,0.00007,0.99427,0.00012
97.80125,0.49751,0.01137,0.00011,0.98808,0.00044
97.90125,0.49750,0.02146,0.00352,0.97458,0.00043
98.00125,0.49750,0.03448,0.03542,0.92989,0.00021
98.10125,0.49750,0.09470,0.15456,0.75049,0.00025
98.20125,0.49751,0.46643,0.26017,0.27270,0.00071
98.30125,0.49751,0.93030,0.04020,0.02770,0.00181
98.40125,0.49750,0.99090,0.00313,0.00290,0.00306
98.50125,0.49750,0.99588,0.00015,0.00027,0.00370
98.60125,0.49750,0.99636,0.00006,0.00015,0.00342
98.70125,0.49751,0.99624,0.00006,0.00017,0.00353
98.80125,0.49751,0.99622,0.00009,0.00025,0.00343
98.90125,0.49750,0.99689,0.00016,0.00026,0.00269
99.00125,0.49750,0.99735,0.00027,0.00032,0.00207
99.10125,0.49750,0.99782,0.00030,0.00028,0.00159
99.20125,0.49751,0.99795,0.00033,0.00023,0.00148
99.30125,0.49751,0.99818,0.00022,0.00015,0.00144
99.40125,0.49750,0.99820,0.00014,0.00011,0.00155
99.50125,0.49750,0.99807,0.00009,0.00009,0.00175
99.60125,0.49750,0.99782,0.00011,0.00010,0.00198
99.70125,0.49751,0.99793,0.00008,0.00008,0.00191
99.80125,0.49751,0.99797,0.00007,0.00008,0.00189
99.90125,0.49750,0.99785,0.00006,0.00007,0.00202
100.00125,0.49750,0.99757,0.00005,0.00007,0.00231
100.10125,0.49750,0.99732,0.00004,0.00008,0.00256
100.20125,0.49751,0.99712,0.00005,0.00010,0.00274
100.30125,0.49751,0.99703,0.00005,0.00011,0.00282
100.40125,0.49750,0.99693,0.00005,0.00011,0.00291
100.50125,0.49750,0.99674,0.00005,0.00013,0.00308
100.60125,0.49750,0.99501,0.00006,0.00022,0.00472
100.70125,0.49751,0.98412,0.00012,0.00100,0.01477
100.80125,0.49751,0.94208,0.00052,0.00977,0.04763
100.90125,0.49750,0.76014,0.00356,0.20111,0.03519
101.00125,0.49750,0.11767,0.00627,0.87376,0.00230
101.10125,0.49750,0.00763,0.00105,0.99123,0.00008
101.20125,0.49751,0.00228,0.00013,0.99758,0.00002
101.30125,0.49751,0.00545,0.00018,0.99433,0.00004
101.40125,0.49750,0.01722,0.00009,0.98224,0.00045
101.50125,0.49750,0.03306,0.00016,0.96513,0.00166
101.60125,0.49750,0.05582,0.00133,0.94086,0.00199
101.70125,0.49751,0.08177,0.02813,0.88932,0.00078
101.80125,0.49751,0.18016,0.04838,0.77035,0.00111
101.90125,0.49750,0.49036,0.14015,0.36811,0.00138
102.00125,0.49750,0.93112,0.03167,0.03521,0.00201
102.10125,0.49750,0.99276,0.00282,0.00195,0.00247
102.20125,0.49751,0.99667,0.00019,0.00022,0.00292
102.30125,0.49751,0.99766,0.00016,0.00014,0.00204
102.40125,0.49750,0.99819,0.00014,0.00012,0.00155
102.50125,0.49750,0.99756,0.00009,0.00010,0.00224
102.60125,0.49750,0.99757,0.00008,0.00011,0.00225
102.70125,0.49751,0.99622,0.00009,0.00020,0.00349
102.80125,0.49751,0.98083,0.00034,0.00153,0.01729
102.90125,0.49750,0.94761,0.00147,0.02642,0.02450
103.00125,0.49750,0.62121,0.00662,0.36051,0.01166
103.10125,0.49750,0.04171,0.00575,0.95219,0.00034
103.20125,0.49751,0.00430,0.00011,0.99555,0.00004
103.30125,0.49751,0.00261,0.00015,0.99724,0.00001
103.40125,0.49750,0.00307,0.00027,0.99665,0.00001
103.50125,0.49750,0.00465,0.00042,0.99491,0.00003
103.60125,0.49750,0.02114,0.00087,0.97780,0.00019
103.70125,0.49751,0.03963,0.07433,0.88592,0.00011
103.80125,0.49751,0.13977,0.06803,0.79176,0.00043
103.90125,0.49750,0.63582,0.04555,0.31697,0.00166
104.00125,0.49750,0.94880,0.01250,0.03644,0.00226
104.10125,0.49750,0.99177,0.00215,0.00321,0.00286
104.20125,0.49751,0.99681,0.00016,0.00018,0.00285
104.30125,0.49751,0.99727,0.00014,0.00015,0.00244
104.40125,0.49750,0.99735,0.00012,0.00014,0.00239
104.50125,0.49750,0.99714,0.00013,0.00016,0.00258
104.60125,0.49750,0.99730,0.00013,0.00018,0.00239
104.70125,0.49751,0.99670,0.00011,0.00021,0.00298
104.80125,0.49751,0.99295,0.00011,0.00042,0.00653
104.90125,0.49750,0.97165,0.00039,0.00378,0.02417
105.00125,0.49750,0.90951,0.00193,0.06147,0.02710
105.10125,0.49750,0.41390,0.00684,0.57163,0.00763
105.20125,0.49751,0.01916,0.00462,0.97610,0.00012
105.30125,0.49751,0.00339,0.00016,0.99644,0.00001
105.40125,0.49750,0.00317,0.00051,0.99631,0.00001
105.50125,0.49750,0.00728,0.00041,0.99228,0.00003
105.60125,0.49750,0.01794,0.00031,0.98155,0.00020
105.70125,0.49751,0.10393,0.00175,0.89238,0.00194
105.80125,0.49751,0.11054,0.08331,0.80526,0.00089
105.90125,0.49750,0.25472,0.04366,0.69931,0.00231
106.00125,0.49750,0.67041,0.08079,0.24631,0.00250
106.10125,0.49750,0.93061,0.03594,0.03132,0.00213
106.20125,0.49751,0.99199,0.00190,0.00298,0.00313
106.30125,0.49751,0.99641,0.00013,0.00018,0.00327
106.40125,0.49750,0.99708,0.00007,0.00012,0.00273
106.50125,0.49750,0.99715,0.00006,0.00010,0.00269
106.60125,0.49750,0.99681,0.00006,0.00012,0.00302
106.70125,0.49751,0.99603,0.00006,0.00016,0.00375
106.80125,0.49751,0.98929,0.00012,0.00060,0.00998
106.90125,0.49750,0.96008,0.00055,0.00704,0.03233
107.00125,0.49750,0.84928,0.00254,0.10832,0.03986
107.10125,0.49750,0.23122,0.00661,0.75588,0.00629
107.20125,0.49751,0.01156,0.00308,0.98528,0.00009
107.30125,0.49751,0.00432,0.00018,0.99549,0.00001
107.40125,0.49750,0.00558,0.00051,0.99390,0.00001
107.50125,0.49750,0.01002,0.00035,0.98960,0.00003
107.60125,0.49750,0.01846,0.00046,0.98098,0.00010
107.70125,0.49751,0.03269,0.00151,0.96544,0.00036
107.80125,0.49751,0.05715,0.06812,0.87449,0.00024
107.90125,0.49750,0.16375,0.06569,0.76975,0.00081
108.00125,0.49750,0.55358,0.14705,0.29813,0.00124
108.10125,0.49750,0.94234,0.02949,0.02618,0.00199
108.20125,0.49751,0.99356,0.00248,0.00138,0.00258
108.30125,0.49751,0.99662,0.00015,0.00019,0.00304
108.40125,0.49750,0.99721,0.00009,0.00013,0.00258
108.50125,0.49750,0.99731,0.00007,0.00011,0.00251
108.60125,0.49750,0.99705,0.00007,0.00013,0.00275
108.70125,0.49751,0.99692,0.00007,0.00014,0.00287
108.80125,0.49751,0.99611,0.00007,0.00018,0.00365
108.90125,0.49750,0.98823,0.00013,0.00075,0.01090
109.00125,0.49750,0.95001,0.00037,0.00549,0.04413
109.10125,0.49750,0.85867,0.00166,0.07702,0.06264
109.20125,0.49751,0.36209,0.00604,0.61256,0.01931
109.30125,0.49751,0.02404,0.00592,0.96963,0.00041
109.40125,0.49750,0.00549,0.00019,0.99428,0.00004
109.50125,0.49750,0.00378,0.00025,0.99596,0.00001
109.60125,0.49750,0.01285,0.00011,0.98691,0.00013
109.70125,0.49751,0.02144,0.00009,0.97812,0.00035
109.80125,0.49751,0.07663,0.00031,0.92146,0.00159
109.90125,0.49750,0.11414,0.03898,0.84592,0.00096
110.00125,0.49750,0.09260,0.06824,0.83856,0.00061
110.10125,0.49750,0.28551,0.25285,0.46102,0.00062
110.20125,0.49751,0.80540,0.12223,0.07101,0.00136
110.30125,0.49751,0.98565,0.00681,0.00531,0.00224
110.40125,0.49750,0.99610,0.00034,0.00036,0.00320
110.50125,0.49750,0.99722,0.00006,0.00009,0.00263
110.60125,0.49750,0.99746,0.00006,0.00009,0.00240
110.70125,0.49751,0.99717,0.00005,0.00010,0.00267
110.80125,0.49751,0.99683,0.00004,0.00012,0.00300
110.90125,0.49750,0.99294,0.00007,0.00035,0.00665
111.00125,0.49750,0.97514,0.00037,0.00398,0.02050
111.10125,0.49750,0.89259,0.00253,0.08423,0.02065
111.20125,0.49751,0.31403,0.00860,0.67184,0.00552
111.30125,0.49751,0.01688,0.00808,0.97492,0.00012
111.40125,0.49750,0.00230,0.00029,0.99740,0.00001
111.50125,0.49750,0.00296,0.00036,0.99665,0.00002
111.60125,0.49750,0.00820,0.00018,0.99143,0.00019
111.70125,0.49751,0.02040,0.00026,0.97867,0.00067
111.80125,0.49751,0.07912,0.00114,0.91633,0.00341
111.90125,0.49750,0.17829,0.10690,0.71267,0.00214
112.00125,0.49750,0.21787,0.15609,0.62482,0.00122
112.10125,0.49750,0.47638,0.31240,0.21037,0.00084
112.20125,0.49751,0.87533,0.08733,0.03600,0.00133
112.30125,0.49751,0.99039,0.00439,0.00340,0.00182
112.40125,0.49750,0.99696,0.00021,0.00028,0.00256
112.50125,0.49750,0.99759,0.00006,0.00011,0.00225
112.60125,0.49750,0.99753,0.00005,0.00011,0.00231
112.70125,0.49751,0.99719,0.00006,0.00013,0.00262
112.80125,0.49751,0.99684,0.00007,0.00015,0.00293
112.90125,0.49750,0.99681,0.00007,0.00017,0.00295
113.00125,0.49750,0.99676,0.00008,0.00018,0.00298
113.10125,0.49750,0.99698,0.00007,0.00015,0.00280
113.20125,0.49751,0.99699,0.00007,0.00015,0.00280
113.30125,0.49751,0.99703,0.00008,0.00016,0.00274
113.40125,0.49750,0.99700,0.00008,0.00016,0.00276
113.50125,0.49750,0.99680,0.00008,0.00016,0.00296
113.60125,0.49750,0.99610,0.00008,0.00019,0.00363
113.70125,0.49751,0.99516,0.00009,0.00032,0.00443
113.80125,0.49751,0.99530,0.00009,0.00035,0.00426
113.90125,0.49750,0.99627,0.00009,0.00029,0.00335
114.00125,0.49750,0.99700,0.00010,0.00024,0.00267
114.10125,0.49750,0.99762,0.00010,0.00017,0.00210
114.20125,0.49751,0.99802,0.00008,0.00010,0.00180
114.30125,0.49751,0.99774,0.00007,0.00011,0.00209
114.40125,0.49750,0.99546,0.00006,0.00021,0.00427
114.50125,0.49750,0.98029,0.00016,0.00148,0.01807
114.60125,0.49750,0.93715,0.00081,0.02205,0.03999
114.70125,0.49751,0.61398,0.00522,0.36243,0.01837
114.80125,0.49751,0.06082,0.00838,0.92996,0.00084
114.90125,0.49750,0.00429,0.00074,0.99491,0.00006
115.00125,0.49750,0.00122,0.00010,0.99867,0.00001
115.10125,0.49750,0.00450,0.00010,0.99530,0.00010
115.20125,0.49751,0.01097,0.00005,0.98819,0.00078
115.30125,0.49751,0.01704,0.00004,0.98039,0.00253
115.40125,0.49750,0.03516,0.00094,0.96214,0.00176
115.50125,0.49750,0.04943,0.01452,0.93528,0.00077
115.60125,0.49750,0.11928,0.04685,0.83308,0.00079
115.70125,0.49751,0.53571,0.10793,0.35453,0.00183
115.80125,0.49751,0.95037,0.02124,0.02558,0.00281
115.90125,0.49750,0.99370,0.00137,0.00133,0.00359
116.00125,0.49750,0.99629,0.00009,0.00014,0.00348
116.10125,0.49750,0.99705,0.00006,0.00010,0.00278
116.20125,0.49751,0.99722,0.00005,0.00009,0.00263
116.30125,0.49751,0.99720,0.00006,0.00010,0.00264
116.40125,0.49750,0.99718,0.00006,0.00012,0.00264
116.50125,0.49750,0.99708,0.00007,0.00015,0.00270
116.60125,0.49750,0.99710,0.00008,0.00016,0.00266
116.70125,0.49751,0.99714,0.00008,0.00016,0.00262
116.80125,0.49751,0.99710,0.00007,0.00015,0.00268
116.90125,0.49750,0.99345,0.00009,0.00036,0.00610
117.00125,0.49750,0.97423,0.00031,0.00263,0.02284
117.10125,0.49750,0.91907,0.00211,0.05679,0.02204
117.20125,0.49751,0.44670,0.00859,0.53673,0.00799
117.30125,0.49751,0.01910,0.00485,0.97585,0.00020
117.40125,0.49750,0.00260,0.00015,0.99720,0.00005
117.50125,0.49750,0.00266,0.00029,0.99701,0.00003
117.60125,0.49750,0.00524,0.00025,0.99436,0.00016
117.70125,0.49751,0.00665,0.00026,0.99282,0.00028
117.80125,0.49751,0.01530,0.00072,0.98332,0.00066
117.90125,0.49750,0.02779,0.02791,0.94405,0.00025
118.00125,0.49750,0.04077,0.04530,0.91368,0.00024
118.10125,0.49750,0.31680,0.10186,0.58045,0.00089
118.20125,0.49751,0.87268,0.03279,0.09213,0.00240
118.30125,0.49751,0.98627,0.00361,0.00665,0.00348
118.40125,0.49750,0.99581,0.00033,0.00041,0.00345
118.50125,0.49750,0.99688,0.00006,0.00014,0.00293
118.60125,0.49750,0.99670,0.00005,0.00012,0.00313
118.70125,0.49751,0.99685,0.00006,0.00013,0.00296
118.80125,0.49751,0.99704,0.00007,0.00013,0.00276
118.90125,0.49750,0.99695,0.00007,0.00014,0.00284
119.00125,0.49750,0.99603,0.00007,0.00018,0.00371
119.10125,0.49750,0.98602,0.00021,0.00110,0.01268
119.20125,0.49751,0.95755,0.00108,0.01749,0.02388
119.30125,0.49751,0.73596,0.00435,0.24334,0.01635
119.40125,0.49750,0.08698,0.00655,0.90567,0.00081
119.50125,0.49750,0.00500,0.00067,0.99429,0.00003
119.60125,0.49750,0.00150,0.00016,0.99833,0.00001
119.70125,0.49751,0.00435,0.00027,0.99534,0.00003
119.80125,0.49751,0.00729,0.00018,0.99239,0.00014
119.90125,0.49750,0.01747,0.00030,0.98157,0.00066
120.00125,0.49750,0.04446,0.00762,0.94706,0.00085
120.10125,0.49750,0.07810,0.02695,0.89417,0.00079
120.20125,0.49751,0.25584,0.04371,0.69873,0.00172
120.30125,0.49751,0.77564,0.05178,0.16972,0.00285
120.40125,0.49750,0.97464,0.00675,0.01430,0.00431
120.50125,0.49750,0.99345,0.00035,0.00081,0.00539
120.60125,0.49750,0.99598,0.00009,0.00015,0.00378
120.70125,0.49751,0.99671,0.00007,0.00012,0.00309
120.80125,0.49751,0.99687,0.00006,0.00011,0.00295
120.90125,0.49750,0.99750,0.00005,0.00010,0.00234
121.00125,0.49750,0.99721,0.00006,0.00016,0.00257
121.10125,0.49750,0.99742,0.00006,0.00019,0.00233
121.20125,0.49751,0.99809,0.00007,0.00016,0.00168
121.30125,0.49751,0.99822,0.00008,0.00016,0.00155
121.40125,0.49750,0.99783,0.00010,0.00019,0.00188
121.50125,0.49750,0.99817,0.00009,0.00014,0.00160
121.60125,0.49750,0.99830,0.00010,0.00012,0.00148
121.70125,0.49751,0.99786,0.00011,0.00014,0.00189
121.80125,0.49751,0.99715,0.00015,0.00019,0.00251
121.90125,0.49750,0.99731,0.00012,0.00015,0.00242
122.00125,0.49750,0.99704,0.00011,0.00014,0.00270
122.10125,0.49750,0.99633,0.00010,0.00015,0.00342
122.20125,0.49751,0.99649,0.00007,0.00012,0.00332
122.30125,0.49751,0.99689,0.00006,0.00010,0.00296
122.40125,0.49750,0.99706,0.00005,0.00009,0.00280
122.50125,0.49750,0.99603,0.00004,0.00012,0.00380
122.60125,0.49750,0.98493,0.00020,0.00086,0.01401
122.70125,0.49751,0.96293,0.00189,0.01846,0.01672
122.80125,0.49751,0.67537,0.00959,0.30644,0.00860
122.90125,0.49750,0.06501,0.01224,0.92236,0.00039
123.00125,0.49750,0.00551,0.00044,0.99401,0.00003
123.10125,0.49750,0.00387,0.00022,0.99589,0.00002
123.20125,0.49751,0.01537,0.00126,0.98326,0.00011
123.30125,0.49751,0.01890,0.00222,0.97871,0.00017
123.40125,0.49750,0.05216,0.00168,0.94499,0.00117
123.50125,0.49750,0.09022,0.04679,0.86165,0.00133
123.60125,0.49750,0.09790,0.12269,0.77892,0.00050
123.70125,0.49751,0.36967,0.03874,0.58976,0.00184
123.80125,0.49751,0.89018,0.01338,0.09182,0.00462
123.90125,0.49750,0.98511,0.00393,0.00766,0.00331
124.00125,0.49750,0.99556,0.00075,0.00062,0.00307
124.10125,0.49750,0.99684,0.00009,0.00014,0.00293
124.20125,0.49751,0.99698,0.00008,0.00013,0.00281
124.30125,0.49751,0.99716,0.00006,0.00011,0.00267
124.40125,0.49750,0.99699,0.00007,0.00013,0.00282
124.50125,0.49750,0.99694,0.00005,0.00012,0.00289
124.60125,0.49750,0.99036,0.00012,0.00050,0.00902
124.70125,0.49751,0.96015,0.00047,0.00459,0.03479
124.80125,0.49751,0.86672,0.00208,0.06206,0.06914
124.90125,0.49750,0.37585,0.00681,0.59289,0.02445
125.00125,0.49750,0.02412,0.00684,0.96837,0.00068
125.10125,0.49750,0.00778,0.00087,0.99129,0.00006
125.20125,0.49751,0.00268,0.00012,0.99717,0.00002
125.30125,0.49751,0.00757,0.00015,0.99218,0.00010
125.40125,0.49750,0.01429,0.00012,0.98516,0.00043
125.50125,0.49750,0.02953,0.00019,0.96901,0.00126
125.60125,0.49750,0.02957,0.00246,0.96704,0.00094
125.70125,0.49751,0.07840,0.03343,0.88743,0.00074
125.80125,0.49751,0.12636,0.04935,0.82347,0.00082
125.90125,0.49750,0.52179,0.10482,0.37146,0.00194
126.00125,0.49750,0.96434,0.01066,0.02230,0.00270
126.10125,0.49750,0.99453,0.00098,0.00154,0.00296
126.20125,0.49751,0.99693,0.00016,0.00033,0.00258
126.30125,0.49751,0.99826,0.00010,0.00014,0.00150
126.40125,0.49750,0.99842,0.00006,0.00009,0.00144
126.50125,0.49750,0.99733,0.00009,0.00015,0.00244
126.60125,0.49750,0.99751,0.00009,0.00014,0.00227
126.70125,0.49751,0.99778,0.00008,0.00012,0.00201
126.80125,0.49751,0.99687,0.00008,0.00014,0.00291
126.90125,0.49750,0.98589,0.00020,0.00107,0.01284
127.00125,0.49750,0.96117,0.00099,0.01695,0.02090
127.10125,0.49750,0.70580,0.00575,0.27725,0.01120
127.20125,0.49751,0.05104,0.00486,0.94368,0.00042
127.30125,0.49751,0.00330,0.00009,0.99655,0.00006
127.40125,0.49750,0.00188,0.00014,0.99795,0.00003
127.50125,0.49750,0.00292,0.00009,0.99689,0.00009
127.60125,0.49751,0.00539,0.00006,0.99409,0.00046
127.70125,0.49750,0.01875,0.00009,0.97824,0.00292
127.80125,0.49751,0.04221,0.00340,0.95232,0.00207
127.90125,0.49749,0.07949,0.00859,0.90975,0.00217
128.00125,0.49750,0.30810,0.02164,0.66572,0.00454
128.10126,0.49750,0.87578,0.01701,0.10278,0.00443
128.20125,0.49750,0.98561,0.00317,0.00724,0.00397
128.30125,0.49750,0.99533,0.00055,0.00068,0.00343
128.40125,0.49750,0.99714,0.00010,0.00018,0.00258
128.50125,0.49750,0.99771,0.00006,0.00010,0.00213
128.60126,0.49750,0.99668,0.00008,0.00015,0.00309
128.70125,0.49750,0.99686,0.00010,0.00017,0.00287
128.80125,0.49750,0.99715,0.00010,0.00018,0.00257
128.90125,0.49750,0.99689,0.00008,0.00021,0.00281
129.00125,0.49750,0.99525,0.00007,0.00032,0.00435
129.10126,0.49750,0.98696,0.00011,0.00116,0.01177
129.20125,0.49750,0.94936,0.00033,0.00948,0.04083
129.30125,0.49750,0.80418,0.00168,0.14136,0.05278
129.40125,0.49750,0.17746,0.00598,0.81164,0.00492
129.50125,0.49750,0.00818,0.00064,0.99100,0.00018
129.60126,0.49750,0.00238,0.00019,0.99737,0.00005
129.70125,0.49750,0.00349,0.00058,0.99590,0.00003
129.80125,0.49750,0.00514,0.00042,0.99436,0.00008
129.90125,0.49750,0.00994,0.00053,0.98925,0.00028
130.00125,0.49750,0.02844,0.00582,0.96527,0.00048
130.10126,0.49750,0.02433,0.02213,0.95336,0.00018
130.20125,0.49750,0.08239,0.02791,0.88908,0.00062
130.30125,0.49750,0.49524,0.05411,0.44884,0.00182
130.40125,0.49750,0.94461,0.00903,0.04308,0.00328
130.50125,0.49750,0.99289,0.00123,0.00242,0.00346
130.60126,0.49750,0.99662,0.00011,0.00019,0.00309
130.70125,0.49750,0.99770,0.00006,0.00010,0.00215
130.80125,0.49750,0.99721,0.00005,0.00010,0.00263
130.90125,0.49750,0.99691,0.00007,0.00013,0.00289
131.00125,0.49750,0.99727,0.00008,0.00013,0.00253
131.10126,0.49750,0.99723,0.00006,0.00013,0.00258
131.20125,0.49750,0.99272,0.00010,0.00040,0.00679
131.30125,0.49750,0.97043,0.00026,0.00281,0.02649
131.40125,0.49750,0.91709,0.00115,0.04346,0.03829
131.50125,0.49750,0.47326,0.00507,0.50634,0.01533
131.60126,0.49750,0.02423,0.00413,0.97140,0.00025
131.70125,0.49750,0.00292,0.00013,0.99690,0.00005
131.80125,0.49750,0.00227,0.00039,0.99732,0.00002
131.90125,0.49750,0.00346,0.00035,0.99613,0.00006
132.00125,0.49750,0.00580,0.00022,0.99356,0.00041
132.10126,0.49750,0.01815,0.00024,0.97778,0.00382
132.20125,0.49750,0.03476,0.00803,0.95598,0.00124
132.30125,0.49750,0.01683,0.00373,0.97890,0.00054
132.40125,0.49750,0.03885,0.02573,0.93500,0.00042
132.50125,0.49750,0.31659,0.07678,0.60530,0.00134
132.60126,0.49750,0.86133,0.04543,0.09107,0.00217
132.70125,0.49750,0.98690,0.00585,0.00496,0.00229
132.80125,0.49750,0.99652,0.00052,0.00046,0.00249
132.90125,0.49750,0.99778,0.00008,0.00011,0.00203
133.00125,0.49750,0.99747,0.00006,0.00010,0.00237
133.10126,0.49750,0.99706,0.00006,0.00011,0.00277
133.20125,0.49750,0.99736,0.00007,0.00011,0.00246
133.30125,0.49750,0.99787,0.00006,0.00010,0.00197
133.40125,0.49750,0.99621,0.00006,0.00019,0.00354
133.50125,0.49750,0.98469,0.00020,0.00160,0.01351
133.60126,0.49750,0.95291,0.00110,0.03107,0.01492
133.70125,0.49750,0.54324,0.00482,0.44452,0.00743
133.80125,0.49750,0.03994,0.00670,0.95310,0.00026
133.90125,0.49750,0.00790,0.00303,0.98906,0.00001
134.00125,0.49750,0.00528,0.00051,0.99420,0.00000
134.10126,0.49750,0.01332,0.00118,0.98548,0.00002
134.20125,0.49750,0.02697,0.00224,0.97073,0.00006
134.30125,0.49750,0.05761,0.00160,0.94051,0.00027
134.40125,0.49750,0.03713,0.00427,0.95812,0.00048
134.50125,0.49750,0.03367,0.06129,0.90485,0.00018
134.60126,0.49750,0.06260,0.09362,0.84358,0.00020
134.70125,0.49750,0.30841,0.11171,0.57900,0.00087
134.80125,0.49750,0.82397,0.06123,0.11307,0.00173
134.90125,0.49750,0.98164,0.01039,0.00638,0.00159
135.00125,0.49750,0.99632,0.00054,0.00058,0.00256
135.10126,0.49750,0.99693,0.00020,0.00024,0.00263
135.20125,0.49750,0.99766,0.00011,0.00014,0.00210
135.30125,0.49750,0.99707,0.00008,0.00014,0.00271
135.40125,0.49750,0.99648,0.00009,0.00017,0.00326
135.50125,0.49750,0.99718,0.00008,0.00015,0.00259
135.60126,0.49750,0.99715,0.00007,0.00016,0.00262
135.70125,0.49750,0.99388,0.00007,0.00037,0.00568
135.80125,0.49750,0.97723,0.00015,0.00197,0.02065
135.90125,0.49750,0.91979,0.00051,0.01841,0.06129
136.00125,0.49750,0.67463,0.00271,0.27630,0.04635
136.10126,0.49750,0.10714,0.00586,0.88312,0.00388
136.20125,0.49750,0.00687,0.00311,0.98996,0.00006
136.30125,0.49750,0.00165,0.00009,0.99825,0.00001
136.40125,0.49750,0.00355,0.00021,0.99622,0.00002
136.50125,0.49750,0.00933,0.00011,0.99037,0.00019
136.60126,0.49750,0.01564,0.00009,0.98364,0.00062
136.70125,0.49750,0.04016,0.00022,0.95733,0.00230
136.80125,0.49750,0.04805,0.01154,0.93954,0.00087
136.90125,0.49750,0.02062,0.02138,0.95782,0.00018
137.00125,0.49750,0.08984,0.13683,0.77297,0.00036
137.10126,0.49750,0.51207,0.16667,0.31958,0.00168
137.20125,0.49750,0.93794,0.03464,0.02492,0.00251
137.30125,0.49750,0.99251,0.00285,0.00140,0.00323
137.40125,0.49750,0.99639,0.00018,0.00018,0.00325
137.50125,0.49750,0.99715,0.00010,0.00012,0.00264
137.60126,0.49750,0.99729,0.00007,0.00010,0.00253
137.70125,0.49750,0.99665,0.00008,0.00013,0.00314
137.80125,0.49750,0.99682,0.00009,0.00016,0.00294
137.90125,0.49750,0.99751,0.00011,0.00017,0.00221
138.00125,0.49750,0.99769,0.00013,0.00021,0.00196
138.10126,0.49750,0.99760,0.00015,0.00024,0.00201
138.20125,0.49750,0.99753,0.00018,0.00026,0.00202
138.30125,0.49750,0.99746,0.00015,0.00022,0.00216
138.40125,0.49750,0.99698,0.00012,0.00020,0.00270
138.50125,0.49750,0.99704,0.00010,0.00016,0.00271
138.60126,0.49750,0.99729,0.00008,0.00013,0.00250
138.70125,0.49750,0.99703,0.00006,0.00014,0.00277
138.80125,0.49750,0.99502,0.00006,0.00027,0.00465
138.90125,0.49750,0.98926,0.00010,0.00092,0.00973
139.00125,0.49750,0.98431,0.00016,0.00190,0.01364
139.10126,0.49750,0.98776,0.00046,0.00354,0.00824
139.20125,0.49750,0.98076,0.00369,0.01186,0.00370
139.30125,0.49750,0.96187,0.01892,0.01811,0.00110
139.40125,0.49750,0.93599,0.05122,0.01251,0.00029
139.50125,0.49750,0.94582,0.04509,0.00887,0.00022
139.60126,0.49750,0.98512,0.01104,0.00338,0.00046
139.70125,0.49750,0.99704,0.00146,0.00071,0.00079
139.80125,0.49750,0.99800,0.00024,0.00021,0.00154
139.90125,0.49750,0.99544,0.00008,0.00018,0.00430
140.00125,0.49750,0.98134,0.00018,0.00117,0.01731
140.10126,0.49750,0.95247,0.00076,0.01454,0.03222
140.20125,0.49750,0.74013,0.00356,0.23456,0.02176
140.30125,0.49750,0.10422,0.00637,0.88777,0.00164
140.40125,0.49750,0.00513,0.00085,0.99397,0.00005
140.50125,0.49750,0.00177,0.00007,0.99815,0.00001
140.60126,0.49750,0.00248,0.00033,0.99718,0.00001
140.70125,0.49750,0.00359,0.00027,0.99611,0.00003
140.80125,0.49750,0.00681,0.00021,0.99284,0.00013
140.90125,0.49750,0.02688,0.00138,0.97135,0.00039
141.00125,0.49750,0.04255,0.02666,0.93050,0.00029
141.10126,0.49750,0.15180,0.03010,0.81646,0.00165
141.20125,0.49750,0.57137,0.04203,0.38275,0.00385
141.30125,0.49750,0.95432,0.01229,0.02998,0.00341
141.40125,0.49750,0.99247,0.00265,0.00209,0.00279
141.50125,0.49750,0.99640,0.00027,0.00028,0.00305
141.60126,0.49750,0.99756,0.00010,0.00014,0.00221
141.70125,0.49750,0.99808,0.00006,0.00007,0.00179
141.80125,0.49750,0.99703,0.00007,0.00011,0.00279
141.90125,0.49750,0.99712,0.00006,0.00010,0.00273
142.00125,0.49750,0.99747,0.00006,0.00009,0.00238
142.10126,0.49750,0.99497,0.00006,0.00020,0.00477
142.20125,0.49750,0.97723,0.00022,0.00199,0.02056
142.30125,0.49750,0.93519,0.00129,0.03556,0.02796
142.40125,0.49750,0.48940,0.00744,0.49515,0.00801
142.50125,0.49750,0.02418,0.00494,0.97072,0.00016
142.60126,0.49750,0.00482,0.00011,0.99505,0.00002
142.70125,0.49750,0.00570,0.00021,0.99407,0.00001
142.80125,0.49750,0.01675,0.00021,0.98296,0.00008
142.90125,0.49750,0.03263,0.00014,0.96677,0.00045
143.00125,0.49750,0.09853,0.00024,0.89877,0.00246
143.10126,0.49750,0.09042,0.01123,0.89616,0.00219
143.20125,0.49750,0.03163,0.01366,0.95436,0.00035
143.30125,0.49750,0.16071,0.04140,0.79700,0.00090
143.40125,0.49750,0.71210,0.05606,0.22974,0.00211
143.50125,0.49750,0.97156,0.00815,0.01748,0.00281
143.60126,0.49750,0.99492,0.00107,0.00113,0.00288
143.70125,0.49750,0.99683,0.00011,0.00015,0.00291
143.80125,0.49750,0.99736,0.00007,0.00012,0.00244
143.90125,0.49750,0.99702,0.00007,0.00013,0.00278
144.00125,0.49750,0.99709,0.00007,0.00014,0.00270
144.10126,0.49750,0.99742,0.00007,0.00012,0.00238
144.20125,0.49750,0.99749,0.00007,0.00011,0.00233
144.30125,0.49750,0.99693,0.00007,0.00014,0.00286
144.40125,0.49750,0.99378,0.00008,0.00030,0.00585
144.50125,0.49750,0.97887,0.00014,0.00167,0.01933
144.60126,0.49750,0.94023,0.00062,0.02672,0.03243
144.70125,0.49750,0.56399,0.00427,0.42063,0.01112
144.80125,0.49750,0.03246,0.00361,0.96369,0.00024
144.90125,0.49750,0.00339,0.00011,0.99647,0.00003
145.00125,0.49750,0.00242,0.00033,0.99724,0.00001
145.10126,0.49750,0.00587,0.00027,0.99382,0.00003
145.20125,0.49750,0.01405,0.00020,0.98553,0.00023
145.30125,0.49750,0.04539,0.00028,0.95256,0.00177
145.40125,0.49750,0.07997,0.02027,0.89869,0.00107
145.50125,0.49750,0.06636,0.02431,0.90865,0.00068
145.60126,0.49750,0.22919,0.09922,0.67061,0.00098
145.70125,0.49750,0.67333,0.12110,0.20394,0.00164
145.80125,0.49750,0.96151,0.02327,0.01360,0.00161
145.90125,0.49750,0.99547,0.00165,0.00092,0.00196
146.00125,0.49750,0.99762,0.00018,0.00017,0.00203
146.10126,0.49750,0.99776,0.00008,0.00011,0.00205
146.20125,0.49750,0.99735,0.00005,0.00009,0.00251
146.30125,0.49750,0.99684,0.00006,0.00012,0.00298
146.40125,0.49750,0.99696,0.00006,0.00012,0.00286
146.50125,0.49750,0.99705,0.00007,0.00013,0.00275
146.60126,0.49750,0.99708,0.00008,0.00013,0.00271
146.70125,0.49750,0.99720,0.00008,0.00012,0.00260
146.80125,0.49750,0.99729,0.00007,0.00012,0.00252
146.90125,0.49750,0.99744,0.00007,0.00011,0.00238
147.00125,0.49750,0.99740,0.00008,0.00011,0.00241
147.10126,0.49750,0.99757,0.00009,0.00010,0.00224
147.20125,0.49750,0.99665,0.00009,0.00014,0.00311
147.30125,0.49750,0.98768,0.00025,0.00094,0.01114
147.40125,0.49750,0.95764,0.00111,0.01470,0.02655
147.50125,0.49750,0.76227,0.00461,0.21571,0.01741
147.60126,0.49750,0.09263,0.00726,0.89919,0.00093
147.70125,0.49750,0.00865,0.00089,0.99042,0.00004
147.80125,0.49750,0.00244,0.00008,0.99746,0.00001
147.90125,0.49750,0.01075,0.00020,0.98899,0.00006
148.00125,0.49750,0.02144,0.00012,0.97806,0.00038
148.10126,0.49750,0.04818,0.00023,0.94982,0.00177
148.20125,0.49750,0.09172,0.00576,0.89991,0.00261
148.30125,0.49750,0.11319,0.11290,0.77306,0.00084
148.40125,0.49750,0.14866,0.19472,0.65602,0.00060
148.50125,0.49750,0.42399,0.30446,0.27060,0.00095
148.60126,0.49750,0.90987,0.05438,0.03359,0.00217
148.70125,0.49750,0.98981,0.00387,0.00344,0.00288
148.80125,0.49750,0.99576,0.00022,0.00034,0.00368
148.90125,0.49750,0.99690,0.00009,0.00016,0.00284
149.00125,0.49750,0.99770,0.00009,0.00012,0.00209
149.10126,0.49750,0.99812,0.00014,0.00013,0.00161
149.20125,0.49750,0.99836,0.00016,0.00013,0.00135
149.30125,0.49750,0.99863,0.00014,0.00010,0.00114
149.40125,0.49750,0.99853,0.00015,0.00010,0.00122
149.50125,0.49750,0.99836,0.00012,0.00010,0.00143
149.60126,0.49750,0.99803,0.00009,0.00008,0.00180
149.70125,0.49750,0.99765,0.00006,0.00008,0.00220
149.80125,0.49750,0.99709,0.00006,0.00010,0.00275
149.90125,0.49750,0.99628,0.00006,0.00014,0.00351
150.00125,0.49750,0.99504,0.00008,0.00026,0.00462
150.10126,0.49750,0.99500,0.00009,0.00030,0.00461
150.20125,0.49750,0.99559,0.00012,0.00030,0.00399
150.30125,0.49750,0.99599,0.00014,0.00027,0.00360
150.40125,0.49750,0.99697,0.00014,0.00018,0.00270
150.50125,0.49750,0.99771,0.00013,0.00011,0.00205
150.60126,0.49750,0.99761,0.00010,0.00010,0.00219
150.70125,0.49750,0.99648,0.00010,0.00014,0.00329
150.80125,0.49750,0.99172,0.00017,0.00044,0.00766
150.90125,0.49750,0.96816,0.00045,0.00300,0.02840
151.00125,0.49750,0.89156,0.00243,0.05920,0.04681
151.10126,0.49750,0.35668,0.01122,0.61973,0.01238
151.20125,0.49750,0.01758,0.00619,0.97603,0.00020
151.30125,0.49750,0.00260,0.00014,0.99723,0.00003
151.40125,0.49750,0.00297,0.00055,0.99647,0.00001
151.50125,0.49750,0.00661,0.00028,0.99305,0.00005
151.60126,0.49750,0.01050,0.00017,0.98911,0.00022
151.70125,0.49750,0.03935,0.00056,0.95931,0.00078
151.80125,0.49750,0.05144,0.04508,0.90322,0.00025
151.90125,0.49750,0.02329,0.04709,0.92952,0.00010
152.00125,0.49750,0.10006,0.21214,0.68762,0.00018
152.10126,0.49750,0.54638,0.26342,0.18960,0.00059
152.20125,0.49750,0.96304,0.02197,0.01360,0.00138
152.30125,0.49750,0.99510,0.00122,0.00100,0.00268
152.40125,0.49750,0.99645,0.00007,0.00012,0.00335
152.50125,0.49750,0.99727,0.00005,0.00008,0.00261
152.60126,0.49750,0.99715,0.00004,0.00009,0.00272
152.70125,0.49750,0.99679,0.00005,0.00012,0.00304
152.80125,0.49750,0.99682,0.00006,0.00014,0.00298
152.90125,0.49750,0.99694,0.00006,0.00015,0.00286
153.00125,0.49750,0.99664,0.00006,0.00016,0.00314
153.10126,0.49750,0.98809,0.00017,0.00074,0.01100
153.20125,0.49750,0.95851,0.00071,0.00599,0.03479
153.30125,0.49750,0.84611,0.00366,0.10733,0.04290
153.40125,0.49750,0.23573,0.00967,0.74559,0.00902
153.50125,0.49750,0.00762,0.00415,0.98812,0.00011
153.60126,0.49750,0.00133,0.00013,0.99852,0.00002
153.70125,0.49750,0.00358,0.00038,0.99597,0.00007
153.80125,0.49750,0.00899,0.00026,0.99037,0.00038
153.90125,0.49750,0.01257,0.00029,0.98636,0.00078
154.00125,0.49750,0.07285,0.00191,0.92090,0.00434
154.10126,0.49750,0.11421,0.08712,0.79774,0.00093
154.20125,0.49750,0.05056,0.14591,0.80338,0.00014
154.30125,0.49750,0.18581,0.40293,0.41103,0.00023
154.40125,0.49750,0.77145,0.16045,0.06725,0.00084
154.50125,0.49750,0.98218,0.00966,0.00638,0.00177
154.60126,0.49750,0.99629,0.00064,0.00045,0.00262
154.70125,0.49750,0.99712,0.00007,0.00010,0.00270
154.80125,0.49750,0.99724,0.00006,0.00009,0.00261
154.90125,0.49750,0.99695,0.00006,0.00010,0.00288
155.00125,0.49750,0.99691,0.00007,0.00011,0.00291
155.10126,0.49750,0.99698,0.00008,0.00012,0.00282
155.20125,0.49750,0.99716,0.00008,0.00012,0.00264
155.30125,0.49750,0.99724,0.00008,0.00012,0.00256
155.40125,0.49750,0.99735,0.00008,0.00011,0.00246
155.50125,0.49750,0.99667,0.00007,0.00014,0.00312
155.60126,0.49750,0.98789,0.00020,0.00078,0.01114
155.70125,0.49750,0.96136,0.00089,0.01034,0.02741
155.80125,0.49750,0.77786,0.00532,0.20102,0.01580
155.90125,0.49750,0.10719,0.00887,0.88302,0.00092
156.00125,0.49750,0.00904,0.00045,0.99047,0.00004
156.10126,0.49750,0.00401,0.00018,0.99580,0.00001
156.20125,0.49750,0.00496,0.00023,0.99480,0.00001
156.30125,0.49750,0.00694,0.00029,0.99275,0.00002
156.40125,0.49750,0.02208,0.00042,0.97734,0.00015
156.50125,0.49750,0.04434,0.01662,0.93878,0.00025
156.60126,0.49750,0.02815,0.05686,0.91491,0.00009
156.70125,0.49750,0.11001,0.14439,0.74537,0.00024
156.80125,0.49750,0.62250,0.11963,0.25677,0.00110
156.90125,0.49750,0.93553,0.02898,0.03358,0.00192
157.00125,0.49750,0.99277,0.00229,0.00242,0.00253
157.10126,0.49750,0.99684,0.00012,0.00016,0.00288
157.20125,0.49750,0.99718,0.00005,0.00009,0.00268
157.30125,0.49750,0.99698,0.00006,0.00009,0.00287
157.40125,0.49750,0.99710,0.00006,0.00009,0.00275
157.50125,0.49750,0.99704,0.00006,0.00010,0.00280
157.60126,0.49750,0.99684,0.00007,0.00012,0.00296
157.70125,0.49750,0.99698,0.00007,0.00012,0.00283
157.80125,0.49750,0.99703,0.00007,0.00012,0.00278
157.90125,0.49750,0.99719,0.00006,0.00011,0.00264
158.00125,0.49750,0.99730,0.00005,0.00009,0.00255
158.10126,0.49750,0.99642,0.00005,0.00012,0.00341
158.20125,0.49750,0.98198,0.00024,0.00065,0.01714
158.30125,0.49750,0.95833,0.00142,0.00980,0.03045
158.40125,0.49750,0.83030,0.00624,0.14063,0.02282
158.50125,0.49750,0.13712,0.01445,0.84688,0.00155
158.60126,0.49750,0.01062,0.00056,0.98874,0.00008
158.70125,0.49750,0.00773,0.00041,0.99179,0.00008
158.80125,0.49750,0.01465,0.00024,0.98480,0.00031
158.90125,0.49750,0.01846,0.00063,0.98049,0.00042
159.00125,0.49750,0.04381,0.00116,0.95329,0.00175
159.10126,0.49750,0.08653,0.02031,0.89020,0.00295
159.20125,0.49750,0.03188,0.02764,0.94027,0.00021
159.30125,0.49750,0.13153,0.09272,0.77530,0.00045
159.40125,0.49750,0.62092,0.04144,0.33478,0.00286
159.50125,0.49750,0.95552,0.00832,0.03152,0.00463
159.60126,0.49750,0.99238,0.00197,0.00213,0.00352
159.70125,0.49750,0.99605,0.00012,0.00017,0.00366
159.80125,0.49750,0.99677,0.00010,0.00013,0.00300
159.90125,0.49750,0.99693,0.00010,0.00012,0.00285
160.00125,0.49750,0.99678,0.00010,0.00012,0.00300
160.10126,0.49750,0.99704,0.00009,0.00011,0.00276
160.20125,0.49750,0.99472,0.00011,0.00023,0.00494
160.30125,0.49750,0.97821,0.00035,0.00191,0.01954
160.40125,0.49750,0.93790,0.00141,0.03023,0.03047
160.50125,0.49750,0.55996,0.00658,0.42249,0.01097
160.60126,0.49750,0.02851,0.00441,0.96681,0.00027
160.70125,0.49750,0.00367,0.00027,0.99601,0.00005
160.80125,0.49750,0.00378,0.00035,0.99583,0.00004
160.90125,0.49750,0.00894,0.00025,0.99062,0.00019
161.00125,0.49750,0.01497,0.00039,0.98418,0.00046
161.10126,0.49750,0.04259,0.00100,0.95471,0.00170
161.20125,0.49750,0.05182,0.01474,0.93292,0.00052
161.30125,0.49750,0.10250,0.03123,0.86576,0.00051
161.40125,0.49750,0.33274,0.08821,0.57817,0.00088
161.50125,0.49750,0.87199,0.03349,0.09224,0.00227
161.60126,0.49750,0.98873,0.00332,0.00497,0.00298
161.70125,0.49750,0.99639,0.00026,0.00026,0.00309
161.80125,0.49750,0.99711,0.00013,0.00016,0.00260
161.90125,0.49750,0.99742,0.00008,0.00010,0.00240
162.00125,0.49750,0.99719,0.00007,0.00011,0.00263
162.10126,0.49750,0.99699,0.00008,0.00014,0.00280
162.20125,0.49750,0.99692,0.00008,0.00014,0.00286
162.30125,0.49750,0.99394,0.00011,0.00032,0.00564
162.40125,0.49750,0.97366,0.00033,0.00251,0.02351
162.50125,0.49750,0.91497,0.00113,0.02806,0.05584
162.60126,0.49750,0.60228,0.00502,0.36717,0.02554
162.70125,0.49750,0.04643,0.00568,0.94715,0.00074
162.80125,0.49750,0.00545,0.00023,0.99427,0.00006
162.90125,0.49750,0.00239,0.00013,0.99746,0.00002
163.00125,0.49750,0.00747,0.00007,0.99233,0.00013
163.10126,0.49750,0.01153,0.00005,0.98795,0.00047
163.20125,0.49750,0.02519,0.00011,0.97289,0.00181
163.30125,0.49750,0.06146,0.00765,0.92970,0.00119
163.40125,0.49750,0.10095,0.02643,0.87164,0.00098
163.50125,0.49750,0.28650,0.10862,0.60401,0.00087
163.60126,0.49750,0.83659,0.06786,0.09356,0.00199
163.70125,0.49750,0.98615,0.00490,0.00603,0.00292
163.80125,0.49750,0.99525,0.00029,0.00038,0.00408
163.90125,0.49750,0.99631,0.00008,0.00013,0.00348
164.00125,0.49750,0.99664,0.00008,0.00013,0.00315
164.10126,0.49750,0.99668,0.00009,0.00016,0.00308
164.20125,0.49750,0.99669,0.00010,0.00018,0.00302
164.30125,0.49750,0.99677,0.00013,0.00022,0.00288
164.40125,0.49750,0.99696,0.00015,0.00023,0.00266
164.50125,0.49750,0.99699,0.00016,0.00025,0.00260
164.60126,0.49750,0.99725,0.00015,0.00024,0.00236
164.70125,0.49750,0.99759,0.00012,0.00018,0.00210
164.80125,0.49750,0.99766,0.00010,0.00015,0.00210
164.90125,0.49750,0.99759,0.00009,0.00014,0.00219
165.00125,0.49750,0.99769,0.00008,0.00011,0.00213
165.10126,0.49750,0.99780,0.00010,0.00012,0.00198
165.20125,0.49750,0.99805,0.00024,0.00020,0.00152
165.30125,0.49750,0.99824,0.00046,0.00026,0.00103
165.40125,0.49750,0.99833,0.00054,0.00026,0.00087
165.50125,0.49750,0.99844,0.00050,0.00023,0.00083
165.60126,0.49750,0.99860,0.00027,0.00016,0.00097
165.70125,0.49750,0.99849,0.00011,0.00009,0.00132
165.80125,0.49750,0.99811,0.00005,0.00006,0.00178
165.90125,0.49750,0.99783,0.00005,0.00006,0.00206
166.00125,0.49750,0.99773,0.00004,0.00006,0.00216
166.10126,0.49750,0.99766,0.00005,0.00007,0.00222
166.20125,0.49750,0.99764,0.00005,0.00007,0.00224
166.30125,0.49750,0.99777,0.00005,0.00007,0.00212
166.40125,0.49750,0.99784,0.00004,0.00006,0.00206
166.50125,0.49750,0.99776,0.00004,0.00007,0.00213
166.60126,0.49750,0.99739,0.00004,0.00009,0.00248
166.70125,0.49750,0.99708,0.00004,0.00011,0.00277
166.80125,0.49750,0.99682,0.00006,0.00013,0.00299
166.90125,0.49750,0.99698,0.00008,0.00014,0.00280
167.00125,0.49750,0.99736,0.00011,0.00015,0.00238
167.10126,0.49750,0.99776,0.00009,0.00011,0.00204
167.20125,0.49750,0.99345,0.00020,0.00035,0.00600
167.30125,0.49750,0.97322,0.00090,0.00308,0.02281
167.40125,0.49750,0.92280,0.00396,0.05387,0.01937
167.50125,0.49750,0.42835,0.01681,0.54973,0.00510
167.60126,0.49750,0.01861,0.00406,0.97704,0.00030
167.70125,0.49750,0.00529,0.00057,0.99406,0.00007
167.80125,0.49750,0.00656,0.00093,0.99246,0.00005
167.90125,0.49750,0.01066,0.00053,0.98857,0.00024
168.00125,0.49750,0.02115,0.00096,0.97726,0.00064
168.10126,0.49750,0.04853,0.00625,0.94451,0.00070
168.20125,0.49750,0.03809,0.03713,0.92452,0.00026
168.30125,0.49750,0.06048,0.09518,0.84402,0.00033
168.40125,0.49750,0.32757,0.25939,0.41218,0.00086
168.50125,0.49750,0.91242,0.03724,0.04767,0.00268
168.60126,0.49750,0.98912,0.00416,0.00364,0.00309
168.70125,0.49750,0.99659,0.00039,0.00025,0.00277
168.80125,0.49750,0.99764,0.00006,0.00008,0.00223
168.90125,0.49750,0.99755,0.00004,0.00007,0.00233
169.00125,0.49750,0.99728,0.00004,0.00008,0.00260
169.10126,0.49750,0.99747,0.00005,0.00008,0.00241
169.20125,0.49750,0.99748,0.00005,0.00008,0.00240
169.30125,0.49750,0.99751,0.00005,0.00008,0.00235
169.40125,0.49750,0.99781,0.00007,0.00009,0.00202
169.50125,0.49750,0.99821,0.00010,0.00009,0.00160
169.60126,0.49750,0.99832,0.00011,0.00009,0.00148
169.70125,0.49750,0.99833,0.00012,0.00009,0.00147
169.80125,0.49750,0.99831,0.00011,0.00009,0.00150
169.90125,0.49750,0.99775,0.00008,0.00009,0.00207
170.00125,0.49750,0.99161,0.00014,0.00038,0.00788
170.10126,0.49750,0.96085,0.00049,0.00313,0.03553
170.20125,0.49750,0.89215,0.00183,0.04483,0.06119
170.30125,0.49750,0.41711,0.00795,0.55819,0.01675
170.40125,0.49750,0.01746,0.00203,0.98012,0.00039
170.50125,0.49750,0.00320,0.00014,0.99648,0.00017
170.60126,0.49750,0.00500,0.00014,0.99468,0.00018
170.70125,0.49750,0.00639,0.00011,0.99317,0.00034
170.80125,0.49750,0.00854,0.00015,0.99061,0.00071
170.90125,0.49750,0.02913,0.00109,0.96812,0.00165
171.00125,0.49750,0.02779,0.01759,0.95439,0.00023
171.10126,0.49750,0.03258,0.07221,0.89510,0.00011
171.20125,0.49750,0.24039,0.18693,0.57224,0.00044
171.30125,0.49750,0.87019,0.05722,0.07119,0.00140
171.40125,0.49750,0.98951,0.00413,0.00419,0.00217
171.50125,0.49750,0.99661,0.00027,0.00028,0.00283
171.60126,0.49750,0.99736,0.00005,0.00009,0.00250
171.70125,0.49750,0.99737,0.00004,0.00008,0.00251
171.80125,0.49750,0.99672,0.00005,0.00010,0.00313
171.90125,0.49750,0.99697,0.00006,0.00010,0.00287
172.00125,0.49750,0.99761,0.00006,0.00009,0.00224
172.10126,0.49750,0.99774,0.00007,0.00010,0.00209
172.20125,0.49750,0.99748,0.00010,0.00012,0.00230
172.30125,0.49750,0.99763,0.00010,0.00012,0.00215
172.40125,0.49750,0.99767,0.00010,0.00013,0.00209
172.50125,0.49750,0.99746,0.00011,0.00014,0.00229
172.60126,0.49750,0.99756,0.00008,0.00011,0.00224
172.70125,0.49750,0.99504,0.00011,0.00023,0.00462
172.80125,0.49750,0.97861,0.00043,0.00184,0.01911
172.90125,0.49750,0.93978,0.00164,0.02643,0.03215
173.00125,0.49750,0.52905,0.00904,0.44912,0.01279
173.10126,0.49750,0.02023,0.00304,0.97645,0.00029
173.20125,0.49750,0.00256,0.00007,0.99731,0.00005
173.30125,0.49750,0.00232,0.00011,0.99754,0.00002
173.40125,0.49750,0.00314,0.00009,0.99673,0.00005
173.50125,0.49750,0.00461,0.00012,0.99516,0.00011
173.60126,0.49750,0.01419,0.00051,0.98495,0.00035
173.70125,0.49750,0.01877,0.01340,0.96770,0.00013
173.80125,0.49750,0.01713,0.02175,0.96105,0.00008
173.90125,0.49750,0.12319,0.07716,0.79928,0.00037
174.00125,0.49750,0.70481,0.05862,0.23458,0.00198
174.10126,0.49750,0.97666,0.00828,0.01251,0.00255
174.20125,0.49750,0.99604,0.00075,0.00055,0.00266
174.30125,0.49750,0.99701,0.00016,0.00015,0.00268
174.40125,0.49750,0.99758,0.00010,0.00010,0.00223
174.50125,0.49750,0.99763,0.00007,0.00008,0.00222
174.60126,0.49750,0.99740,0.00007,0.00009,0.00244
174.70125,0.49750,0.99754,0.00008,0.00009,0.00229
174.80125,0.49750,0.99751,0.00009,0.00011,0.00229
174.90125,0.49750,0.99321,0.00012,0.00032,0.00634
175.00125,0.49750,0.97109,0.00056,0.00393,0.02441
175.10126,0.49750,0.90651,0.00257,0.06040,0.03053
175.20125,0.49750,0.38406,0.00815,0.60003,0.00776
175.30125,0.49750,0.01673,0.00398,0.97915,0.00013
175.40125,0.49750,0.00387,0.00029,0.99583,0.00002
175.50125,0.49750,0.00359,0.00069,0.99572,0.00001
175.60126,0.49750,0.00473,0.00079,0.99446,0.00002
175.70125,0.49750,0.00760,0.00101,0.99133,0.00006
175.80125,0.49750,0.02686,0.00479,0.96811,0.00024
175.90125,0.49750,0.02303,0.11637,0.86052,0.00008
176.00125,0.49750,0.02141,0.19547,0.78307,0.00005
176.10126,0.49750,0.12340,0.41332,0.46311,0.00017
176.20125,0.49750,0.63836,0.24246,0.11840,0.00079
176.30125,0.49750,0.97398,0.01499,0.00930,0.00173
176.40125,0.49750,0.99581,0.00097,0.00072,0.00251
176.50125,0.49750,0.99743,0.00007,0.00010,0.00240
176.60126,0.49750,0.99784,0.00005,0.00007,0.00204
176.70125,0.49750,0.99751,0.00005,0.00008,0.00237
176.80125,0.49750,0.99761,0.00005,0.00008,0.00226
176.90125,0.49750,0.99770,0.00005,0.00008,0.00217
177.00125,0.49750,0.99723,0.00005,0.00010,0.00262
177.10126,0.49750,0.99698,0.00005,0.00012,0.00285
177.20125,0.49750,0.99703,0.00006,0.00012,0.00279
177.30125,0.49750,0.99606,0.00007,0.00016,0.00372
177.40125,0.49750,0.98331,0.00025,0.00097,0.01547
177.50125,0.49750,0.95072,0.00126,0.01147,0.03656
177.60126,0.49750,0.78607,0.00578,0.18217,0.02598
177.70125,0.49750,0.12090,0.01054,0.86690,0.00166
177.80125,0.49750,0.00727,0.00046,0.99221,0.00006
177.90125,0.49750,0.00298,0.00015,0.99685,0.00002
178.00125,0.49750,0.00489,0.00019,0.99489,0.00003
178.10126,0.49750,0.00625,0.00020,0.99347,0.00008
178.20125,0.49750,0.01352,0.00030,0.98582,0.00036
178.30125,0.49750,0.02979,0.01239,0.95741,0.00040
178.40125,0.49750,0.01965,0.04582,0.93444,0.00009
178.50125,0.49750,0.05060,0.14355,0.80570,0.00015
178.60126,0.49750,0.28707,0.30237,0.40999,0.00056
178.70125,0.49750,0.83820,0.09245,0.06768,0.00167
178.80125,0.49750,0.98723,0.00739,0.00327,0.00211
178.90125,0.49750,0.99685,0.00039,0.00028,0.00248
179.00125,0.49750,0.99766,0.00011,0.00011,0.00212
179.10126,0.49750,0.99788,0.00008,0.00008,0.00196
179.20125,0.49750,0.99767,0.00008,0.00009,0.00216
179.30125,0.49750,0.99732,0.00007,0.00010,0.00250
179.40125,0.49750,0.99714,0.00008,0.00011,0.00266
179.50125,0.49750,0.99718,0.00008,0.00012,0.00261
179.60126,0.49750,0.99725,0.00009,0.00012,0.00253
179.70125,0.49750,0.99728,0.00009,0.00011,0.00252
179.80125,0.49750,0.99725,0.00009,0.00011,0.00255
179.90125,0.49750,0.99728,0.00008,0.00011,0.00253
180.00125,0.49750,0.99681,0.00006,0.00011,0.00302
180.10126,0.49750,0.98715,0.00016,0.00054,0.01215
180.20125,0.49750,0.95372,0.00066,0.00565,0.03997
180.30125,0.49750,0.85793,0.00347,0.10429,0.03431
180.40125,0.49750,0.21426,0.01160,0.77000,0.00414
180.50125,0.49750,0.00847,0.00235,0.98910,0.00009
180.60126,0.49750,0.00256,0.00035,0.99706,0.00004
180.70125,0.49750,0.00273,0.00052,0.99673,0.00002
180.80125,0.49750,0.00493,0.00036,0.99460,0.00010
180.90125,0.49750,0.00999,0.00033,0.98903,0.00066
181.00125,0.49750,0.02465,0.00192,0.97173,0.00170
181.10126,0.49750,0.03458,0.02069,0.94433,0.00040
181.20125,0.49750,0.08586,0.04859,0.86469,0.00085
181.30125,0.49750,0.42816,0.13245,0.43758,0.00181
181.40125,0.49750,0.89553,0.05001,0.05237,0.00209
181.50125,0.49750,0.99014,0.00466,0.00281,0.00239
181.60126,0.49750,0.99669,0.00030,0.00024,0.00277
181.70125,0.49750,0.99714,0.00012,0.00012,0.00262
181.80125,0.49750,0.99750,0.00006,0.00008,0.00235
181.90125,0.49750,0.99701,0.00008,0.00010,0.00282
182.00125,0.49750,0.99691,0.00008,0.00011,0.00290
182.10126,0.49750,0.99717,0.00008,0.00010,0.00265
182.20125,0.49750,0.99753,0.00005,0.00008,0.00233
182.30125,0.49750,0.99670,0.00006,0.00011,0.00313
182.40125,0.49750,0.98754,0.00015,0.00055,0.01176
182.50125,0.49750,0.95701,0.00065,0.00600,0.03634
182.60126,0.49750,0.85280,0.00344,0.11134,0.03242
182.70125,0.49750,0.20755,0.01169,0.77615,0.00461
182.80125,0.49750,0.00692,0.00315,0.98984,0.00009
182.90125,0.49750,0.00247,0.00029,0.99723,0.00001
183.00125,0.49750,0.00353,0.00073,0.99573,0.00001
183.10126,0.49750,0.00491,0.00084,0.99422,0.00002
183.20125,0.49750,0.00758,0.00066,0.99168,0.00008
183.30125,0.49750,0.03791,0.00183,0.95966,0.00060
183.40125,0.49750,0.01999,0.01240,0.96736,0.00025
183.50125,0.49750,0.01730,0.02097,0.96158,0.00014
183.60126,0.49750,0.15563,0.06068,0.78277,0.00091
183.70125,0.49750,0.75667,0.05045,0.18965,0.00323
183.80125,0.49750,0.97219,0.01016,0.01511,0.00253
183.90125,0.49750,0.99574,0.00102,0.00072,0.00251
184.00125,0.49750,0.99729,0.00009,0.00010,0.00252
184.10126,0.49750,0.99741,0.00006,0.00008,0.00244
184.20125,0.49750,0.99744,0.00005,0.00007,0.00244
184.30125,0.49750,0.99734,0.00006,0.00008,0.00253
184.40125,0.49750,0.99742,0.00005,0.00008,0.00244
184.50125,0.49750,0.99752,0.00005,0.00007,0.00236
184.60126,0.49750,0.99745,0.00005,0.00008,0.00243
184.70125,0.49750,0.99738,0.00006,0.00009,0.00248
184.80125,0.49750,0.99730,0.00005,0.00009,0.00255
184.90125,0.49750,0.99579,0.00008,0.00015,0.00398
185.00125,0.49750,0.98309,0.00028,0.00109,0.01554
185.10126,0.49750,0.93491,0.00098,0.01048,0.05363
185.20125,0.49750,0.80493,0.00367,0.11986,0.07154
185.30125,0.49750,0.17149,0.00763,0.81273,0.00815
185.40125,0.49750,0.01242,0.00181,0.98566,0.00011
185.50125,0.49750,0.00798,0.00053,0.99147,0.00003
185.60126,0.49750,0.01021,0.00104,0.98874,0.00002
185.70125,0.49750,0.01193,0.00144,0.98661,0.00002
185.80125,0.49750,0.02351,0.00360,0.97283,0.00006
185.90125,0.49750,0.04828,0.03821,0.91328,0.00023
186.00125,0.49750,0.02307,0.14677,0.83011,0.00005
186.10126,0.49750,0.03307,0.25860,0.70826,0.00006
186.20125,0.49750,0.21963,0.38345,0.39660,0.00032
186.30125,0.49750,0.83941,0.09035,0.06907,0.00117
186.40125,0.49750,0.98951,0.00418,0.00430,0.00201
186.50125,0.49750,0.99699,0.00025,0.00026,0.00251
186.60126,0.49750,0.99798,0.00005,0.00007,0.00189
186.70125,0.49750,0.99793,0.00004,0.00006,0.00198
186.80125,0.49750,0.99736,0.00004,0.00008,0.00252
186.90125,0.49750,0.99742,0.00005,0.00008,0.00246
187.00125,0.49750,0.99739,0.00006,0.00009,0.00247
187.10126,0.49750,0.99722,0.00006,0.00009,0.00263
187.20125,0.49750,0.99736,0.00006,0.00009,0.00249
187.30125,0.49750,0.99738,0.00007,0.00009,0.00246
187.40125,0.49750,0.99742,0.00006,0.00009,0.00243
187.50125,0.49750,0.99750,0.00006,0.00008,0.00236
187.60126,0.49750,0.99754,0.00005,0.00008,0.00232
187.70125,0.49750,0.99757,0.00005,0.00008,0.00230
187.80125,0.49750,0.99756,0.00005,0.00008,0.00232
187.90125,0.49750,0.99759,0.00005,0.00008,0.00228
188.00125,0.49750,0.99766,0.00004,0.00007,0.00222
188.10126,0.49750,0.99769,0.00004,0.00007,0.00219
188.20125,0.49750,0.99775,0.00005,0.00007,0.00214
188.30125,0.49750,0.99780,0.00005,0.00007,0.00209
188.40125,0.49750,0.99771,0.00005,0.00007,0.00217
188.50125,0.49750,0.99767,0.00005,0.00007,0.00220
188.60126,0.49750,0.99764,0.00006,0.00008,0.00223
188.70125,0.49750,0.99754,0.00006,0.00008,0.00232
188.80125,0.49750,0.99746,0.00006,0.00009,0.00239
188.90125,0.49750,0.99748,0.00006,0.00009,0.00238
189.00125,0.49750,0.99741,0.00006,0.00009,0.00243
189.10126,0.49750,0.99737,0.00006,0.00010,0.00247
189.20125,0.49750,0.99737,0.00007,0.00010,0.00247
189.30125,0.49750,0.99738,0.00007,0.00010,0.00245
189.40125,0.49750,0.99741,0.00007,0.00010,0.00242
189.50125,0.49750,0.99746,0.00006,0.00009,0.00239
189.60126,0.49750,0.99746,0.00006,0.00009,0.00239
189.70125,0.49750,0.99746,0.00006,0.00009,0.00239
189.80125,0.49750,0.99744,0.00006,0.00009,0.00241
189.90125,0.49750,0.99740,0.00006,0.00009,0.00245
190.00125,0.49750,0.99735,0.00006,0.00010,0.00249
190.10126,0.49750,0.99734,0.00007,0.00010,0.00250
190.20125,0.49750,0.99733,0.00007,0.00011,0.00249
190.30125,0.49750,0.99730,0.00008,0.00011,0.00251
190.40125,0.49750,0.99733,0.00007,0.00011,0.00248
190.50125,0.49750,0.99736,0.00007,0.00011,0.00246
190.60126,0.49750,0.99740,0.00007,0.00010,0.00243
190.70125,0.49750,0.99741,0.00006,0.00010,0.00243
190.80125,0.49750,0.99743,0.00006,0.00009,0.00242
190.90125,0.49750,0.99744,0.00006,0.00009,0.00241
191.00125,0.49750,0.99746,0.00006,0.00009,0.00239
191.10126,0.49750,0.99748,0.00006,0.00009,0.00237
191.20125,0.49750,0.99755,0.00005,0.00008,0.00231
191.30125,0.49750,0.99757,0.00005,0.00008,0.00230
191.40125,0.49750,0.99756,0.00005,0.00008,0.00231
191.50125,0.49750,0.99754,0.00005,0.00008,0.00233
191.60126,0.49750,0.99747,0.00006,0.00009,0.00238
191.70125,0.49750,0.99745,0.00006,0.00009,0.00241
191.80125,0.49750,0.99742,0.00006,0.00009,0.00242
191.90125,0.49750,0.99744,0.00006,0.00009,0.00241
192.00125,0.49750,0.99746,0.00006,0.00009,0.00239
192.10126,0.49750,0.99749,0.00005,0.00009,0.00237
192.20125,0.49750,0.99748,0.00006,0.00009,0.00238
192.30125,0.49750,0.99746,0.00006,0.00009,0.00239
192.40125,0.49750,0.99742,0.00006,0.00010,0.00243
192.50125,0.49750,0.99740,0.00006,0.00010,0.00244
192.60126,0.49750,0.99739,0.00007,0.00010,0.00245
192.70125,0.49750,0.99736,0.00007,0.00010,0.00248
192.80125,0.49750,0.99737,0.00006,0.00010,0.00247
192.90125,0.49750,0.99739,0.00006,0.00010,0.00245
193.00125,0.49750,0.99738,0.00006,0.00010,0.00246
193.10126,0.49750,0.99737,0.00006,0.00010,0.00247
193.20125,0.49750,0.99737,0.00007,0.00010,0.00246
193.30125,0.49750,0.99737,0.00007,0.00010,0.00246
193.40125,0.49750,0.99735,0.00007,0.00011,0.00248
193.50125,0.49750,0.99734,0.00007,0.00011,0.00248
193.60126,0.49750,0.99731,0.00007,0.00011,0.00250
193.70125,0.49750,0.99731,0.00008,0.00011,0.00250
193.80125,0.49750,0.99731,0.00008,0.00011,0.00251
193.90125,0.49750,0.99733,0.00007,0.00010,0.00249
194.00125,0.49750,0.99734,0.00007,0.00010,0.00249
194.10126,0.49750,0.99738,0.00007,0.00009,0.00246
194.20125,0.49750,0.99736,0.00006,0.00009,0.00249
194.30125,0.49750,0.99591,0.00007,0.00014,0.00389
194.40125,0.49750,0.98386,0.00023,0.00095,0.01497
194.50125,0.49750,0.94464,0.00103,0.01201,0.04232
194.60126,0.49750,0.72940,0.00629,0.22707,0.03724
194.70125,0.49750,0.14380,0.01514,0.83425,0.00680
194.80125,0.49750,0.00822,0.00616,0.98544,0.00018
194.90125,0.49750,0.00303,0.00077,0.99617,0.00004
195.00125,0.49750,0.00412,0.00071,0.99512,0.00005
195.10126,0.49750,0.00553,0.00071,0.99368,0.00008
195.20125,0.49750,0.00460,0.00046,0.99487,0.00008
195.30125,0.49750,0.01072,0.00146,0.98766,0.00016
195.40125,0.49750,0.01134,0.02081,0.96779,0.00006
195.50125,0.49750,0.05050,0.07033,0.87901,0.00016
195.60126,0.49750,0.36645,0.14816,0.48471,0.00068
195.70125,0.49750,0.88047,0.05902,0.05944,0.00107
195.80125,0.49750,0.99096,0.00507,0.00280,0.00117
195.90125,0.49750,0.99822,0.00025,0.00020,0.00133
196.00125,0.49750,0.99857,0.00012,0.00012,0.00119
196.10126,0.49750,0.99815,0.00007,0.00008,0.00170
196.20125,0.49750,0.99762,0.00005,0.00007,0.00226
196.30125,0.49750,0.99730,0.00005,0.00008,0.00256
196.40125,0.49750,0.99734,0.00005,0.00009,0.00252
196.50125,0.49750,0.99738,0.00006,0.00009,0.00247
196.60126,0.49750,0.99744,0.00005,0.00008,0.00243
196.70125,0.49750,0.99741,0.00005,0.00008,0.00246
196.80125,0.49750,0.99731,0.00005,0.00008,0.00256
196.90125,0.49750,0.99489,0.00006,0.00017,0.00488
197.00125,0.49750,0.97787,0.00026,0.00124,0.02063
197.10126,0.49750,0.91728,0.00106,0.01364,0.06802
197.20125,0.49750,0.68993,0.00664,0.24774,0.05570
197.30125,0.49750,0.07814,0.01383,0.90542,0.00260
197.40125,0.49750,0.00686,0.00152,0.99148,0.00015
197.50125,0.49750,0.00385,0.00111,0.99498,0.00006
197.60126,0.49750,0.00571,0.00124,0.99300,0.00005
197.70125,0.49750,0.00780,0.00114,0.99095,0.00011
197.80125,0.49750,0.01499,0.00220,0.98252,0.00028
197.90125,0.49750,0.02720,0.01887,0.95363,0.00030
198.00125,0.49750,0.01566,0.03324,0.95103,0.00007
198.10126,0.49750,0.08159,0.08712,0.83109,0.00021
198.20125,0.49750,0.63440,0.09955,0.26527,0.00078
198.30125,0.49750,0.97010,0.00888,0.01959,0.00144
198.40125,0.49750,0.99668,0.00098,0.00104,0.00130
198.50125,0.49750,0.99867,0.00006,0.00006,0.00120
198.60126,0.49750,0.99843,0.00005,0.00006,0.00146
198.70125,0.49750,0.99768,0.00005,0.00007,0.00220
198.80125,0.49750,0.99742,0.00006,0.00008,0.00245
198.90125,0.49750,0.99724,0.00006,0.00010,0.00260
199.00125,0.49750,0.99707,0.00007,0.00012,0.00274
199.10126,0.49750,0.99710,0.00007,0.00012,0.00271
199.20125,0.49750,0.99704,0.00006,0.00011,0.00278
199.30125,0.49750,0.99483,0.00008,0.00022,0.00487
199.40125,0.49750,0.98016,0.00029,0.00156,0.01799
199.50125,0.49750,0.93469,0.00125,0.01894,0.04512
199.60126,0.49750,0.64531,0.00828,0.31920,0.02720
199.70125,0.49750,0.06577,0.01467,0.91817,0.00139
199.80125,0.49750,0.00591,0.00115,0.99287,0.00006
199.90125,0.49750,0.00504,0.00120,0.99371,0.00005
200.00125,0.49750,0.00858,0.00090,0.99041,0.00010
200.10126,0.49750,0.01186,0.00089,0.98707,0.00018
200.20125,0.49750,0.01878,0.00067,0.97989,0.00066
200.30125,0.49750,0.04073,0.00810,0.95010,0.00107
200.40125,0.49750,0.01947,0.01371,0.96668,0.00015
200.50125,0.49750,0.14814,0.04494,0.80631,0.00061
200.60126,0.49750,0.74556,0.03677,0.21551,0.00216
200.70125,0.49750,0.97304,0.00818,0.01657,0.00221
200.80125,0.49750,0.99628,0.00100,0.00084,0.00189
200.90125,0.49750,0.99789,0.00008,0.00009,0.00194
201.00125,0.49750,0.99777,0.00007,0.00009,0.00208
201.10126,0.49750,0.99734,0.00005,0.00008,0.00253
201.20125,0.49750,0.99730,0.00006,0.00009,0.00255
201.30125,0.49750,0.99722,0.00006,0.00009,0.00263
201.40125,0.49750,0.99646,0.00006,0.00012,0.00336
201.50125,0.49750,0.98993,0.00017,0.00049,0.00941
201.60126,0.49750,0.95740,0.00070,0.00429,0.03761
201.70125,0.49750,0.85943,0.00273,0.05236,0.08548
201.80125,0.49750,0.36768,0.00983,0.59868,0.02381
201.90125,0.49750,0.01944,0.00507,0.97508,0.00041
202.00125,0.49750,0.00399,0.00015,0.99582,0.00005
202.10126,0.49750,0.00602,0.00064,0.99331,0.00003
202.20125,0.49750,0.01025,0.00059,0.98910,0.00006
202.30125,0.49750,0.01907,0.00110,0.97967,0.00016
202.40125,0.49750,0.05684,0.00284,0.93959,0.00074
202.50125,0.49750,0.06308,0.10855,0.82800,0.00037
202.60126,0.49750,0.05456,0.05496,0.89024,0.00024
202.70125,0.49750,0.31481,0.16372,0.52092,0.00055
202.80125,0.49750,0.86131,0.04924,0.08812,0.00134
202.90125,0.49750,0.98878,0.00503,0.00453,0.00166
203.00125,0.49750,0.99761,0.00033,0.00026,0.00180
203.10126,0.49750,0.99814,0.00008,0.00009,0.00169
203.20125,0.49750,0.99755,0.00006,0.00009,0.00230
203.30125,0.49750,0.99698,0.00006,0.00011,0.00285
203.40125,0.49750,0.99699,0.00005,0.00010,0.00286
203.50125,0.49750,0.99591,0.00006,0.00015,0.00388
203.60126,0.49750,0.98319,0.00024,0.00091,0.01566
203.70125,0.49750,0.95257,0.00138,0.01159,0.03445
203.80125,0.49750,0.76268,0.00724,0.20272,0.02736
203.90125,0.49750,0.10504,0.01560,0.87754,0.00183
204.00125,0.49750,0.00653,0.00202,0.99142,0.00003
204.10126,0.49750,0.00329,0.00056,0.99615,0.00001
204.20125,0.49750,0.00778,0.00117,0.99103,0.00002
204.30125,0.49750,0.01466,0.00093,0.98433,0.00007
204.40125,0.49750,0.04539,0.00311,0.95119,0.00032
204.50125,0.49750,0.08195,0.02785,0.88924,0.00096
204.60126,0.49750,0.08591,0.07141,0.84209,0.00059
204.70125,0.49750,0.25303,0.07466,0.67099,0.00133
204.80125,0.49750,0.72333,0.09875,0.17643,0.00149
204.90125,0.49750,0.97541,0.00721,0.01522,0.00217
205.00125,0.49750,0.99629,0.00070,0.00081,0.00220
205.10126,0.49750,0.99815,0.00015,0.00016,0.00154
205.20125,0.49750,0.99836,0.00009,0.00009,0.00146
205.30125,0.49750,0.99785,0.00006,0.00008,0.00200
205.40125,0.49750,0.99615,0.00008,0.00015,0.00362
205.50125,0.49750,0.98644,0.00022,0.00090,0.01244
205.60126,0.49750,0.94667,0.00066,0.00799,0.04467
205.70125,0.49750,0.79871,0.00311,0.14405,0.05413
205.80125,0.49750,0.14162,0.00933,0.84404,0.00501
205.90125,0.49750,0.00618,0.00224,0.99148,0.00009
206.00125,0.49750,0.00192,0.00029,0.99777,0.00002
206.10126,0.49750,0.00172,0.00043,0.99784,0.00001
206.20125,0.49750,0.00270,0.00055,0.99672,0.00003
206.30125,0.49750,0.00505,0.00053,0.99433,0.00009
206.40125,0.49750,0.02058,0.00188,0.97709,0.00045
206.50125,0.49750,0.04603,0.02347,0.93019,0.00032
206.60126,0.49750,0.17563,0.02676,0.79656,0.00104
206.70125,0.49750,0.68544,0.01576,0.29472,0.00408
206.80125,0.49750,0.94267,0.00352,0.04565,0.00816
206.90125,0.49750,0.98336,0.00080,0.00527,0.01057
207.00125,0.49750,0.98871,0.00008,0.00082,0.01039
207.10126,0.49750,0.99150,0.00006,0.00058,0.00786
207.20125,0.49750,0.99239,0.00006,0.00057,0.00698
207.30125,0.49750,0.99420,0.00005,0.00044,0.00531
207.40125,0.49750,0.99508,0.00004,0.00039,0.00449
