Time (seconds), Duration (seconds),pred_(unlabeled),pred_Jab_R,pred_Sidehook_R,pred_Uppercut_R
0.00125,0.99750,0.99872,0.00000,0.00000,0.00128
0.10125,0.99750,0.99847,0.00000,0.00000,0.00153
0.20125,0.99750,0.99683,0.00000,0.00000,0.00317
0.30125,0.99750,0.99840,0.00000,0.00000,0.00160
0.40125,0.99750,0.99970,0.00000,0.00000,0.00030
0.50125,0.99750,0.99996,0.00000,0.00000,0.00004
0.60125,0.99750,0.99998,0.00000,0.00000,0.00002
0.70125,0.99750,0.99994,0.00000,0.00000,0.00006
0.80125,0.99750,0.99969,0.00000,0.00000,0.00031
0.90125,0.99750,0.99963,0.00000,0.00000,0.00037
1.00125,0.99750,0.99987,0.00000,0.00000,0.00013
1.10125,0.99750,0.99997,0.00000,0.00000,0.00003
1.20125,0.99750,0.99999,0.00000,0.00000,0.00001
1.30125,0.99750,0.99999,0.00000,0.00000,0.00001
1.40125,0.99750,0.99991,0.00000,0.00000,0.00009
1.50125,0.99750,0.98591,0.00000,0.00000,0.01409
1.60125,0.99750,0.99992,0.00000,0.00001,0.00007
1.70125,0.99750,0.99700,0.00000,0.00015,0.00285
1.80125,0.99750,0.99789,0.00001,0.00117,0.00093
1.90125,0.99750,0.98976,0.00003,0.00962,0.00060
2.00125,0.99750,0.71761,0.00021,0.28174,0.00044
2.10125,0.99750,0.05099,0.00046,0.94854,0.00001
2.20125,0.99750,0.01708,0.00055,0.98236,0.00000
2.30125,0.99750,0.22223,0.00111,0.77666,0.00000
2.40125,0.99750,0.77676,0.00090,0.22234,0.00000
2.50125,0.99750,0.99045,0.00019,0.00936,0.00000
2.60125,0.99750,0.99951,0.00008,0.00041,0.00000
2.70125,0.99750,0.99991,0.00008,0.00001,0.00000
2.80125,0.99750,0.99999,0.00001,0.00000,0.00000
2.90125,0.99750,1.00000,0.00000,0.00000,0.00000
3.00125,0.99750,1.00000,0.00000,0.00000,0.00000
3.10125,0.99750,1.00000,0.00000,0.00000,0.00000
3.20125,0.99750,0.99999,0.00000,0.00000,0.00001
3.30125,0.99750,0.99995,0.00000,0.00000,0.00005
3.40125,0.99750,0.99753,0.00000,0.00000,0.00247
3.50125,0.99750,0.99769,0.00000,0.00002,0.00229
3.60125,0.99750,0.99757,0.00000,0.00047,0.00195
3.70125,0.99750,0.98619,0.00002,0.01289,0.00090
3.80125,0.99750,0.75228,0.00029,0.24715,0.00028
3.90125,0.99750,0.09338,0.00050,0.90611,0.00001
4.00125,0.99750,0.01632,0.00042,0.98325,0.00000
4.10125,0.99750,0.18734,0.00144,0.81122,0.00000
4.20125,0.99750,0.66148,0.00126,0.33725,0.00000
4.30125,0.99750,0.82453,0.00083,0.17464,0.00000
4.40125,0.99750,0.99179,0.00017,0.00803,0.00000
4.50125,0.99750,0.99914,0.00072,0.00013,0.00000
4.60125,0.99750,0.99997,0.00002,0.00000,0.00000
4.70125,0.99750,1.00000,0.00000,0.00000,0.00000
4.80125,0.99750,1.00000,0.00000,0.00000,0.00000
4.90125,0.99750,1.00000,0.00000,0.00000,0.00000
5.00125,0.99750,1.00000,0.00000,0.00000,0.00000
5.10125,0.99750,0.99999,0.00000,0.00000,0.00001
5.20125,0.99750,0.99940,0.00000,0.00000,0.00060
5.30125,0.99750,0.99996,0.00000,0.00000,0.00004
5.40125,0.99750,0.99881,0.00000,0.00008,0.00112
5.50125,0.99750,0.99714,0.00000,0.00262,0.00024
5.60125,0.99750,0.88514,0.00006,0.11471,0.00009
5.70125,0.99750,0.11580,0.00029,0.88391,0.00000
5.80125,0.99750,0.01893,0.00028,0.98079,0.00000
5.90125,0.99750,0.02098,0.00090,0.97812,0.00000
6.00125,0.99750,0.33945,0.00233,0.65822,0.00000
6.10125,0.99750,0.93094,0.00073,0.06832,0.00000
6.20125,0.99750,0.99793,0.00003,0.00205,0.00000
6.30125,0.99750,0.99969,0.00019,0.00013,0.00000
6.40125,0.99750,0.99999,0.00001,0.00000,0.00000
6.50125,0.99750,1.00000,0.00000,0.00000,0.00000
6.60125,0.99750,1.00000,0.00000,0.00000,0.00000
6.70125,0.99750,1.00000,0.00000,0.00000,0.00000
6.80125,0.99750,1.00000,0.00000,0.00000,0.00000
6.90125,0.99750,1.00000,0.00000,0.00000,0.00000
7.00125,0.99750,0.99999,0.00000,0.00000,0.00001
7.10125,0.99750,0.99989,0.00000,0.00000,0.00011
7.20125,0.99750,0.99967,0.00000,0.00000,0.00033
7.30125,0.99750,0.96161,0.00000,0.00000,0.03839
7.40125,0.99750,0.99987,0.00000,0.00001,0.00013
7.50125,0.99750,0.97290,0.00000,0.00049,0.02661
7.60125,0.99750,0.98352,0.00002,0.01446,0.00200
7.70125,0.99750,0.88241,0.00014,0.11711,0.00034
7.80125,0.99750,0.27187,0.00084,0.72724,0.00005
7.90125,0.99750,0.05464,0.00138,0.94399,0.00000
8.00125,0.99750,0.05472,0.00208,0.94319,0.00000
8.10125,0.99750,0.09321,0.00481,0.90198,0.00000
8.20125,0.99750,0.59343,0.00590,0.40067,0.00000
8.30125,0.99750,0.92699,0.00452,0.06850,0.00000
8.40125,0.99750,0.99539,0.00084,0.00376,0.00000
8.50125,0.99750,0.99985,0.00005,0.00010,0.00000
8.60125,0.99750,1.00000,0.00000,0.00000,0.00000
8.70125,0.99750,1.00000,0.00000,0.00000,0.00000
8.80125,0.99750,1.00000,0.00000,0.00000,0.00000
8.90125,0.99750,1.00000,0.00000,0.00000,0.00000
9.00125,0.99750,1.00000,0.00000,0.00000,0.00000
9.10125,0.99750,1.00000,0.00000,0.00000,0.00000
9.20125,0.99750,0.99999,0.00000,0.00000,0.00001
9.30125,0.99750,0.99994,0.00000,0.00000,0.00006
9.40125,0.99750,0.99925,0.00000,0.00000,0.00075
9.50125,0.99750,0.99416,0.00000,0.00000,0.00584
9.60125,0.99750,0.99991,0.00000,0.00001,0.00008
9.70125,0.99750,0.99671,0.00000,0.00023,0.00306
9.80125,0.99750,0.99082,0.00004,0.00708,0.00206
9.90125,0.99750,0.82866,0.00023,0.16799,0.00312
10.00125,0.99750,0.11708,0.00057,0.88222,0.00014
10.10125,0.99750,0.04026,0.00054,0.95920,0.00000
10.20125,0.99750,0.03676,0.00125,0.96200,0.00000
10.30125,0.99750,0.14643,0.00253,0.85104,0.00000
10.40125,0.99750,0.67530,0.00239,0.32231,0.00000
10.50125,0.99750,0.94453,0.00061,0.05486,0.00000
10.60125,0.99750,0.99522,0.00088,0.00390,0.00000
10.70125,0.99750,0.99990,0.00003,0.00007,0.00000
10.80125,0.99750,1.00000,0.00000,0.00000,0.00000
10.90125,0.99750,1.00000,0.00000,0.00000,0.00000
11.00125,0.99750,1.00000,0.00000,0.00000,0.00000
11.10125,0.99750,1.00000,0.00000,0.00000,0.00000
11.20125,0.99750,1.00000,0.00000,0.00000,0.00000
11.30125,0.99750,1.00000,0.00000,0.00000,0.00000
11.40125,0.99750,0.99999,0.00000,0.00000,0.00001
11.50125,0.99750,0.99997,0.00000,0.00000,0.00003
11.60125,0.99750,0.99944,0.00000,0.00000,0.00056
11.70125,0.99750,0.99222,0.00000,0.00000,0.00778
11.80125,0.99750,0.99991,0.00000,0.00001,0.00009
11.90125,0.99750,0.99758,0.00000,0.00032,0.00210
12.00125,0.99750,0.98828,0.00001,0.01100,0.00070
12.10125,0.99750,0.56119,0.00040,0.43801,0.00040
12.20125,0.99750,0.06549,0.00059,0.93390,0.00001
12.30125,0.99750,0.04585,0.00072,0.95342,0.00000
12.40125,0.99750,0.04046,0.00131,0.95823,0.00000
12.50125,0.99750,0.03227,0.00258,0.96515,0.00000
12.60125,0.99750,0.26024,0.00691,0.73284,0.00000
12.70125,0.99750,0.81541,0.00513,0.17946,0.00000
12.80125,0.99750,0.97818,0.00726,0.01456,0.00000
12.90125,0.99750,0.99870,0.00089,0.00040,0.00000
13.00125,0.99750,0.99995,0.00003,0.00001,0.00000
13.10125,0.99750,1.00000,0.00000,0.00000,0.00000
13.20125,0.99750,1.00000,0.00000,0.00000,0.00000
13.30125,0.99750,1.00000,0.00000,0.00000,0.00000
13.40125,0.99750,1.00000,0.00000,0.00000,0.00000
13.50125,0.99750,1.00000,0.00000,0.00000,0.00000
13.60125,0.99750,1.00000,0.00000,0.00000,0.00000
13.70125,0.99750,0.99999,0.00000,0.00000,0.00001
13.80125,0.99750,0.99997,0.00000,0.00000,0.00003
13.90125,0.99750,0.99905,0.00000,0.00000,0.00095
14.00125,0.99750,0.99743,0.00000,0.00000,0.00257
14.10125,0.99750,0.99985,0.00000,0.00003,0.00012
14.20125,0.99750,0.99711,0.00000,0.00097,0.00192
14.30125,0.99750,0.97531,0.00010,0.02345,0.00115
14.40125,0.99750,0.35200,0.00138,0.64634,0.00028
14.50125,0.99750,0.06540,0.00173,0.93287,0.00001
14.60125,0.99750,0.07640,0.00158,0.92202,0.00000
14.70125,0.99750,0.04929,0.00444,0.94627,0.00000
14.80125,0.99750,0.29545,0.00626,0.69829,0.00000
14.90125,0.99750,0.83815,0.00411,0.15774,0.00000
15.00125,0.99750,0.99148,0.00034,0.00817,0.00000
15.10125,0.99750,0.99920,0.00043,0.00037,0.00000
15.20125,0.99750,0.99996,0.00003,0.00001,0.00000
15.30125,0.99750,1.00000,0.00000,0.00000,0.00000
15.40125,0.99750,1.00000,0.00000,0.00000,0.00000
15.50125,0.99750,1.00000,0.00000,0.00000,0.00000
15.60125,0.99750,1.00000,0.00000,0.00000,0.00000
15.70125,0.99750,1.00000,0.00000,0.00000,0.00000
15.80125,0.99750,1.00000,0.00000,0.00000,0.00000
15.90125,0.99750,0.99999,0.00000,0.00000,0.00001
16.00125,0.99750,0.99988,0.00000,0.00000,0.00012
16.10125,0.99750,0.99568,0.00000,0.00000,0.00432
16.20125,0.99750,0.99992,0.00000,0.00000,0.00007
16.30125,0.99750,0.99021,0.00000,0.00019,0.00960
16.40125,0.99750,0.99363,0.00001,0.00431,0.00205
16.50125,0.99750,0.77985,0.00018,0.21864,0.00133
16.60125,0.99750,0.10732,0.00048,0.89212,0.00008
16.70125,0.99750,0.06962,0.00056,0.92982,0.00000
16.80125,0.99750,0.04436,0.00100,0.95464,0.00000
16.90125,0.99750,0.15411,0.00089,0.84500,0.00000
17.00125,0.99750,0.79355,0.00068,0.20575,0.00001
17.10125,0.99750,0.97658,0.00032,0.02309,0.00001
17.20125,0.99750,0.99891,0.00009,0.00100,0.00000
17.30125,0.99750,0.99964,0.00032,0.00003,0.00000
17.40125,0.99750,0.99998,0.00001,0.00000,0.00001
17.50125,0.99750,0.99999,0.00000,0.00000,0.00001
17.60125,0.99750,1.00000,0.00000,0.00000,0.00000
17.70125,0.99750,0.99999,0.00000,0.00000,0.00001
17.80125,0.99750,0.99999,0.00000,0.00000,0.00001
17.90125,0.99750,0.99998,0.00000,0.00000,0.00002
18.00125,0.99750,0.99996,0.00000,0.00000,0.00004
18.10125,0.99750,0.99979,0.00000,0.00000,0.00021
18.20125,0.99750,0.99474,0.00000,0.00000,0.00526
18.30125,0.99750,0.99961,0.00000,0.00003,0.00036
18.40125,0.99750,0.99718,0.00000,0.00056,0.00226
18.50125,0.99750,0.99056,0.00001,0.00912,0.00031
18.60125,0.99750,0.73015,0.00029,0.26936,0.00020
18.70125,0.99750,0.12060,0.00069,0.87870,0.00001
18.80125,0.99750,0.02967,0.00061,0.96972,0.00000
18.90125,0.99750,0.03189,0.00122,0.96689,0.00000
19.00125,0.99750,0.04040,0.00400,0.95560,0.00000
19.10125,0.99750,0.48865,0.00321,0.50813,0.00000
19.20125,0.99750,0.92227,0.00185,0.07588,0.00000
19.30125,0.99750,0.99353,0.00046,0.00601,0.00000
19.40125,0.99750,0.99950,0.00036,0.00014,0.00000
19.50125,0.99750,0.99998,0.00002,0.00001,0.00000
19.60125,0.99750,1.00000,0.00000,0.00000,0.00000
19.70125,0.99750,1.00000,0.00000,0.00000,0.00000
19.80125,0.99750,1.00000,0.00000,0.00000,0.00000
19.90125,0.99750,1.00000,0.00000,0.00000,0.00000
20.00125,0.99750,0.99998,0.00000,0.00000,0.00002
20.10125,0.99750,0.99763,0.00000,0.00000,0.00237
20.20125,0.99750,0.98819,0.00000,0.00001,0.01180
20.30125,0.99750,0.99839,0.00000,0.00007,0.00154
20.40125,0.99750,0.99725,0.00000,0.00114,0.00161
20.50125,0.99750,0.94382,0.00005,0.05536,0.00077
20.60125,0.99750,0.29680,0.00028,0.70274,0.00018
20.70125,0.99750,0.05246,0.00024,0.94730,0.00000
20.80125,0.99750,0.05640,0.00042,0.94318,0.00000
20.90125,0.99750,0.04255,0.00106,0.95639,0.00000
21.00125,0.99750,0.16314,0.00446,0.83241,0.00000
21.10125,0.99750,0.86230,0.00195,0.13575,0.00000
21.20125,0.99750,0.99334,0.00010,0.00656,0.00000
21.30125,0.99750,0.99917,0.00054,0.00029,0.00000
21.40125,0.99750,0.99997,0.00002,0.00001,0.00000
21.50125,0.99750,1.00000,0.00000,0.00000,0.00000
21.60125,0.99750,1.00000,0.00000,0.00000,0.00000
21.70125,0.99750,1.00000,0.00000,0.00000,0.00000
21.80125,0.99750,1.00000,0.00000,0.00000,0.00000
21.90125,0.99750,1.00000,0.00000,0.00000,0.00000
22.00125,0.99750,0.99986,0.00000,0.00000,0.00014
22.10125,0.99750,0.99556,0.00000,0.00000,0.00444
22.20125,0.99750,0.99964,0.00000,0.00001,0.00035
22.30125,0.99750,0.99901,0.00000,0.00036,0.00063
22.40125,0.99750,0.98859,0.00006,0.01107,0.00028
22.50125,0.99750,0.58323,0.00073,0.41552,0.00051
22.60125,0.99750,0.05303,0.00097,0.94600,0.00001
22.70125,0.99750,0.04550,0.00108,0.95342,0.00000
22.80125,0.99750,0.03641,0.00190,0.96169,0.00000
22.90125,0.99750,0.03638,0.00351,0.96011,0.00000
23.00125,0.99750,0.35225,0.00775,0.64001,0.00000
23.10125,0.99750,0.93338,0.00112,0.06550,0.00000
23.20125,0.99750,0.99702,0.00144,0.00154,0.00000
23.30125,0.99750,0.99996,0.00001,0.00003,0.00000
23.40125,0.99750,1.00000,0.00000,0.00000,0.00000
23.50125,0.99750,1.00000,0.00000,0.00000,0.00000
23.60125,0.99750,1.00000,0.00000,0.00000,0.00000
23.70125,0.99750,1.00000,0.00000,0.00000,0.00000
23.80125,0.99750,0.99999,0.00000,0.00000,0.00001
23.90125,0.99750,0.99999,0.00000,0.00000,0.00001
24.00125,0.99750,0.99999,0.00000,0.00000,0.00001
24.10125,0.99750,0.99997,0.00000,0.00000,0.00002
24.20125,0.99750,0.99990,0.00000,0.00000,0.00010
24.30125,0.99750,0.99911,0.00000,0.00000,0.00089
24.40125,0.99750,0.98848,0.00001,0.00001,0.01150
24.50125,0.99750,0.99967,0.00000,0.00016,0.00018
24.60125,0.99750,0.99647,0.00001,0.00177,0.00175
24.70125,0.99750,0.98420,0.00003,0.01478,0.00099
24.80125,0.99750,0.58980,0.00031,0.40905,0.00084
24.90125,0.99750,0.06214,0.00045,0.93740,0.00002
25.00125,0.99750,0.04505,0.00062,0.95433,0.00000
25.10125,0.99750,0.03963,0.00124,0.95913,0.00000
25.20125,0.99750,0.02653,0.00271,0.97075,0.00000
25.30125,0.99750,0.42502,0.00278,0.57220,0.00000
25.40125,0.99750,0.97590,0.00012,0.02398,0.00000
25.50125,0.99750,0.99915,0.00014,0.00071,0.00000
25.60125,0.99750,0.99998,0.00001,0.00001,0.00000
25.70125,0.99750,1.00000,0.00000,0.00000,0.00000
25.80125,0.99750,1.00000,0.00000,0.00000,0.00000
25.90125,0.99750,1.00000,0.00000,0.00000,0.00000
26.00125,0.99750,1.00000,0.00000,0.00000,0.00000
26.10125,0.99750,1.00000,0.00000,0.00000,0.00000
26.20125,0.99750,0.99998,0.00000,0.00000,0.00002
26.30125,0.99750,0.99913,0.00000,0.00000,0.00087
26.40125,0.99750,0.99303,0.00000,0.00000,0.00697
26.50125,0.99750,0.99977,0.00000,0.00001,0.00022
26.60125,0.99750,0.97812,0.00000,0.00070,0.02118
26.70125,0.99750,0.96722,0.00004,0.02612,0.00662
26.80125,0.99750,0.34885,0.00060,0.64858,0.00196
26.90125,0.99750,0.06912,0.00094,0.92986,0.00008
27.00125,0.99750,0.05056,0.00133,0.94810,0.00001
27.10125,0.99750,0.04749,0.00223,0.95028,0.00000
27.20125,0.99750,0.03842,0.00405,0.95753,0.00000
27.30125,0.99750,0.02980,0.00923,0.96096,0.00000
27.40125,0.99750,0.45400,0.00321,0.54279,0.00000
27.50125,0.99750,0.96546,0.00112,0.03343,0.00000
27.60125,0.99750,0.99886,0.00034,0.00080,0.00000
27.70125,0.99750,0.99997,0.00001,0.00002,0.00000
27.80125,0.99750,1.00000,0.00000,0.00000,0.00000
27.90125,0.99750,1.00000,0.00000,0.00000,0.00000
28.00125,0.99750,1.00000,0.00000,0.00000,0.00000
28.10125,0.99750,1.00000,0.00000,0.00000,0.00000
28.20125,0.99750,0.99985,0.00000,0.00000,0.00015
28.30125,0.99750,0.99989,0.00000,0.00000,0.00011
28.40125,0.99750,0.99709,0.00000,0.00001,0.00291
28.50125,0.99750,0.99872,0.00000,0.00017,0.00111
28.60125,0.99750,0.99237,0.00009,0.00705,0.00049
28.70125,0.99750,0.79579,0.00135,0.20279,0.00007
28.80125,0.99750,0.11292,0.00317,0.88391,0.00000
28.90125,0.99750,0.09706,0.00403,0.89891,0.00000
29.00125,0.99750,0.05926,0.00689,0.93385,0.00000
29.10125,0.99750,0.14316,0.00823,0.84861,0.00000
29.20125,0.99750,0.61807,0.00834,0.37359,0.00000
29.30125,0.99750,0.98097,0.00061,0.01842,0.00000
29.40125,0.99750,0.99813,0.00127,0.00060,0.00000
29.50125,0.99750,0.99994,0.00003,0.00003,0.00000
29.60125,0.99750,1.00000,0.00000,0.00000,0.00000
29.70125,0.99750,1.00000,0.00000,0.00000,0.00000
29.80125,0.99750,1.00000,0.00000,0.00000,0.00000
29.90125,0.99750,1.00000,0.00000,0.00000,0.00000
30.00125,0.99750,1.00000,0.00000,0.00000,0.00000
30.10125,0.99750,0.99997,0.00000,0.00000,0.00003
30.20125,0.99750,0.97128,0.00000,0.00000,0.02871
30.30125,0.99750,0.99978,0.00000,0.00004,0.00018
30.40125,0.99750,0.97072,0.00000,0.00195,0.02733
30.50125,0.99750,0.92074,0.00002,0.07373,0.00551
30.60125,0.99750,0.20606,0.00012,0.79248,0.00133
30.70125,0.99750,0.05175,0.00011,0.94809,0.00006
30.80125,0.99750,0.04228,0.00026,0.95746,0.00000
30.90125,0.99750,0.04310,0.00054,0.95636,0.00000
31.00125,0.99750,0.03117,0.00096,0.96786,0.00000
31.10125,0.99750,0.02359,0.00167,0.97474,0.00000
31.20125,0.99750,0.48385,0.00161,0.51454,0.00000
31.30125,0.99750,0.98262,0.00073,0.01665,0.00000
31.40125,0.99750,0.99959,0.00015,0.00026,0.00000
31.50125,0.99750,0.99999,0.00000,0.00001,0.00000
31.60125,0.99750,1.00000,0.00000,0.00000,0.00000
31.70125,0.99750,1.00000,0.00000,0.00000,0.00000
31.80125,0.99750,1.00000,0.00000,0.00000,0.00000
31.90125,0.99750,1.00000,0.00000,0.00000,0.00000
32.00125,0.99750,1.00000,0.00000,0.00000,0.00000
32.10125,0.99750,0.99977,0.00000,0.00000,0.00023
32.20125,0.99750,0.99810,0.00000,0.00000,0.00190
32.30125,0.99750,0.99992,0.00000,0.00001,0.00007
32.40125,0.99750,0.99933,0.00000,0.00030,0.00037
32.50125,0.99750,0.99017,0.00003,0.00947,0.00033
32.60125,0.99750,0.73762,0.00063,0.26146,0.00030
32.70125,0.99750,0.05689,0.00099,0.94211,0.00001
32.80125,0.99750,0.06041,0.00103,0.93856,0.00000
32.90125,0.99750,0.05330,0.00193,0.94477,0.00000
33.00125,0.99750,0.25907,0.00270,0.73823,0.00000
33.10125,0.99750,0.94085,0.00034,0.05882,0.00000
33.20125,0.99750,0.99870,0.00001,0.00129,0.00000
33.30125,0.99750,0.99995,0.00002,0.00003,0.00000
33.40125,0.99750,1.00000,0.00000,0.00000,0.00000
33.50125,0.99750,1.00000,0.00000,0.00000,0.00000
33.60125,0.99750,1.00000,0.00000,0.00000,0.00000
33.70125,0.99750,1.00000,0.00000,0.00000,0.00000
33.80125,0.99750,1.00000,0.00000,0.00000,0.00000
33.90125,0.99750,1.00000,0.00000,0.00000,0.00000
34.00125,0.99750,0.99998,0.00000,0.00000,0.00002
34.10125,0.99750,0.99959,0.00000,0.00000,0.00041
34.20125,0.99750,0.99731,0.00000,0.00000,0.00269
34.30125,0.99750,0.99933,0.00000,0.00002,0.00065
34.40125,0.99750,0.99827,0.00000,0.00100,0.00073
34.50125,0.99750,0.95383,0.00003,0.04450,0.00163
34.60125,0.99750,0.27218,0.00031,0.72728,0.00022
34.70125,0.99750,0.03802,0.00042,0.96155,0.00000
34.80125,0.99750,0.04345,0.00043,0.95611,0.00000
34.90125,0.99750,0.04124,0.00070,0.95806,0.00000
35.00125,0.99750,0.07444,0.00341,0.92216,0.00000
35.10125,0.99750,0.69070,0.00102,0.30828,0.00000
35.20125,0.99750,0.99188,0.00010,0.00802,0.00000
35.30125,0.99750,0.99940,0.00042,0.00019,0.00000
35.40125,0.99750,0.99998,0.00001,0.00000,0.00000
35.50125,0.99750,1.00000,0.00000,0.00000,0.00000
35.60125,0.99750,1.00000,0.00000,0.00000,0.00000
35.70125,0.99750,1.00000,0.00000,0.00000,0.00000
35.80125,0.99750,1.00000,0.00000,0.00000,0.00000
35.90125,0.99750,1.00000,0.00000,0.00000,0.00000
36.00125,0.99750,0.99999,0.00000,0.00000,0.00001
36.10125,0.99750,0.99988,0.00000,0.00000,0.00012
36.20125,0.99750,0.98895,0.00000,0.00000,0.01105
36.30125,0.99750,0.99991,0.00000,0.00000,0.00009
36.40125,0.99750,0.99759,0.00000,0.00010,0.00231
36.50125,0.99750,0.99411,0.00000,0.00452,0.00138
36.60125,0.99750,0.77424,0.00017,0.22440,0.00119
36.70125,0.99750,0.14606,0.00082,0.85308,0.00004
36.80125,0.99750,0.04183,0.00109,0.95708,0.00000
36.90125,0.99750,0.04196,0.00138,0.95666,0.00000
37.00125,0.99750,0.03320,0.00312,0.96368,0.00000
37.10125,0.99750,0.50422,0.00344,0.49234,0.00000
37.20125,0.99750,0.98004,0.00045,0.01951,0.00000
37.30125,0.99750,0.99945,0.00006,0.00048,0.00000
37.40125,0.99750,0.99998,0.00001,0.00000,0.00000
37.50125,0.99750,1.00000,0.00000,0.00000,0.00000
37.60125,0.99750,1.00000,0.00000,0.00000,0.00000
37.70125,0.99750,1.00000,0.00000,0.00000,0.00000
37.80125,0.99750,1.00000,0.00000,0.00000,0.00000
37.90125,0.99750,1.00000,0.00000,0.00000,0.00000
38.00125,0.99750,1.00000,0.00000,0.00000,0.00000
38.10125,0.99750,1.00000,0.00000,0.00000,0.00000
38.20125,0.99750,1.00000,0.00000,0.00000,0.00000
38.30125,0.99750,0.99999,0.00000,0.00000,0.00001
38.40125,0.99750,0.99997,0.00000,0.00000,0.00003
38.50125,0.99750,0.99971,0.00000,0.00000,0.00029
38.60125,0.99750,0.99978,0.00000,0.00000,0.00022
38.70125,0.99750,0.99938,0.00000,0.00005,0.00056
38.80125,0.99750,0.99718,0.00000,0.00231,0.00051
38.90125,0.99750,0.89044,0.00002,0.10920,0.00033
39.00125,0.99750,0.11250,0.00016,0.88733,0.00001
39.10125,0.99750,0.04071,0.00016,0.95913,0.00000
39.20125,0.99750,0.03260,0.00027,0.96713,0.00000
39.30125,0.99750,0.05240,0.00049,0.94712,0.00000
39.40125,0.99750,0.68154,0.00035,0.31811,0.00000
39.50125,0.99750,0.98591,0.00005,0.01403,0.00000
39.60125,0.99750,0.99936,0.00034,0.00031,0.00000
39.70125,0.99750,0.99999,0.00001,0.00000,0.00000
39.80125,0.99750,1.00000,0.00000,0.00000,0.00000
39.90125,0.99750,1.00000,0.00000,0.00000,0.00000
40.00125,0.99750,1.00000,0.00000,0.00000,0.00000
40.10125,0.99750,1.00000,0.00000,0.00000,0.00000
40.20125,0.99750,1.00000,0.00000,0.00000,0.00000
40.30125,0.99750,1.00000,0.00000,0.00000,0.00000
40.40125,0.99750,0.99999,0.00000,0.00000,0.00001
40.50125,0.99750,0.99991,0.00000,0.00000,0.00009
40.60125,0.99750,0.99974,0.00000,0.00000,0.00026
40.70125,0.99750,0.99908,0.00000,0.00000,0.00092
40.80125,0.99750,0.99938,0.00000,0.00008,0.00054
40.90125,0.99750,0.99541,0.00003,0.00362,0.00094
41.00125,0.99750,0.85127,0.00078,0.14687,0.00108
41.10125,0.99750,0.08358,0.00304,0.91334,0.00003
41.20125,0.99750,0.03936,0.00324,0.95740,0.00000
41.30125,0.99750,0.02883,0.00491,0.96626,0.00000
41.40125,0.99750,0.20684,0.00907,0.78408,0.00000
41.50125,0.99750,0.92226,0.00335,0.07438,0.00000
41.60125,0.99750,0.99596,0.00038,0.00366,0.00000
41.70125,0.99750,0.99619,0.00356,0.00024,0.00000
41.80125,0.99750,0.99952,0.00045,0.00002,0.00000
41.90125,0.99750,0.99997,0.00003,0.00000,0.00000
42.00125,0.99750,1.00000,0.00000,0.00000,0.00000
42.10125,0.99750,1.00000,0.00000,0.00000,0.00000
42.20125,0.99750,1.00000,0.00000,0.00000,0.00000
42.30125,0.99750,1.00000,0.00000,0.00000,0.00000
42.40125,0.99750,1.00000,0.00000,0.00000,0.00000
42.50125,0.99750,1.00000,0.00000,0.00000,0.00000
42.60125,0.99750,1.00000,0.00000,0.00000,0.00000
42.70125,0.99750,0.99979,0.00000,0.00000,0.00021
42.80125,0.99750,0.99998,0.00000,0.00000,0.00002
42.90125,0.99750,0.99804,0.00000,0.00003,0.00193
43.00125,0.99750,0.99860,0.00001,0.00087,0.00052
43.10125,0.99750,0.93916,0.00022,0.05992,0.00070
43.20125,0.99750,0.24463,0.00192,0.75336,0.00009
43.30125,0.99750,0.03354,0.00224,0.96422,0.00000
43.40125,0.99750,0.02864,0.00354,0.96782,0.00000
43.50125,0.99750,0.07112,0.00595,0.92294,0.00000
43.60125,0.99750,0.76531,0.00378,0.23092,0.00000
43.70125,0.99750,0.98588,0.00118,0.01294,0.00000
43.80125,0.99750,0.99890,0.00034,0.00076,0.00000
43.90125,0.99750,0.99997,0.00001,0.00001,0.00000
44.00125,0.99750,1.00000,0.00000,0.00000,0.00000
44.10125,0.99750,1.00000,0.00000,0.00000,0.00000
44.20125,0.99750,1.00000,0.00000,0.00000,0.00000
44.30125,0.99750,1.00000,0.00000,0.00000,0.00000
44.40125,0.99750,1.00000,0.00000,0.00000,0.00000
44.50125,0.99750,1.00000,0.00000,0.00000,0.00000
44.60125,0.99750,1.00000,0.00000,0.00000,0.00000
44.70125,0.99750,0.99999,0.00000,0.00000,0.00001
44.80125,0.99750,0.99998,0.00000,0.00000,0.00002
44.90125,0.99750,0.99961,0.00000,0.00000,0.00039
45.00125,0.99750,0.99848,0.00000,0.00000,0.00152
45.10125,0.99750,0.99993,0.00000,0.00002,0.00006
45.20125,0.99750,0.99756,0.00000,0.00086,0.00158
45.30125,0.99750,0.96461,0.00001,0.03233,0.00306
45.40125,0.99750,0.28252,0.00020,0.71393,0.00335
45.50125,0.99750,0.03188,0.00025,0.96783,0.00003
45.60125,0.99750,0.04005,0.00036,0.95959,0.00000
45.70125,0.99750,0.03920,0.00107,0.95973,0.00000
45.80125,0.99750,0.31234,0.00214,0.68552,0.00000
45.90125,0.99750,0.94813,0.00074,0.05113,0.00000
46.00125,0.99750,0.99869,0.00002,0.00129,0.00000
46.10125,0.99750,0.99993,0.00005,0.00002,0.00000
46.20125,0.99750,1.00000,0.00000,0.00000,0.00000
46.30125,0.99750,1.00000,0.00000,0.00000,0.00000
46.40125,0.99750,1.00000,0.00000,0.00000,0.00000
46.50125,0.99750,1.00000,0.00000,0.00000,0.00000
46.60125,0.99750,1.00000,0.00000,0.00000,0.00000
46.70125,0.99750,1.00000,0.00000,0.00000,0.00000
46.80125,0.99750,0.99999,0.00000,0.00000,0.00001
46.90125,0.99750,0.99997,0.00000,0.00000,0.00003
47.00125,0.99750,0.99896,0.00000,0.00000,0.00104
47.10125,0.99750,0.99851,0.00000,0.00000,0.00149
47.20125,0.99750,0.99978,0.00000,0.00001,0.00021
47.30125,0.99750,0.99836,0.00000,0.00047,0.00118
47.40125,0.99750,0.98375,0.00001,0.01403,0.00221
47.50125,0.99750,0.53807,0.00025,0.46033,0.00135
47.60125,0.99750,0.04780,0.00045,0.95174,0.00002
47.70125,0.99750,0.04151,0.00041,0.95809,0.00000
47.80125,0.99750,0.03254,0.00076,0.96670,0.00000
47.90125,0.99750,0.13712,0.00188,0.86100,0.00000
48.00125,0.99750,0.77968,0.00172,0.21860,0.00000
48.10125,0.99750,0.98709,0.00027,0.01264,0.00000
48.20125,0.99750,0.99864,0.00098,0.00038,0.00000
48.30125,0.99750,0.99994,0.00005,0.00001,0.00000
48.40125,0.99750,1.00000,0.00000,0.00000,0.00000
48.50125,0.99750,1.00000,0.00000,0.00000,0.00000
48.60125,0.99750,1.00000,0.00000,0.00000,0.00000
48.70125,0.99750,1.00000,0.00000,0.00000,0.00000
48.80125,0.99750,0.99999,0.00000,0.00000,0.00001
48.90125,0.99750,0.99992,0.00000,0.00000,0.00008
49.00125,0.99750,0.99853,0.00000,0.00000,0.00147
49.10125,0.99750,0.99648,0.00000,0.00000,0.00351
49.20125,0.99750,0.99873,0.00000,0.00009,0.00118
49.30125,0.99750,0.98909,0.00000,0.00393,0.00698
49.40125,0.99750,0.85317,0.00009,0.12756,0.01918
49.50125,0.99750,0.19051,0.00048,0.80665,0.00236
49.60125,0.99750,0.05879,0.00067,0.94051,0.00003
49.70125,0.99750,0.05633,0.00077,0.94290,0.00000
49.80125,0.99750,0.04045,0.00144,0.95812,0.00000
49.90125,0.99750,0.12218,0.00612,0.87171,0.00000
50.00125,0.99750,0.87072,0.00260,0.12668,0.00000
50.10125,0.99750,0.99737,0.00016,0.00247,0.00000
50.20125,0.99750,0.99961,0.00031,0.00008,0.00000
50.30125,0.99750,0.99998,0.00002,0.00000,0.00000
50.40125,0.99750,1.00000,0.00000,0.00000,0.00000
50.50125,0.99750,1.00000,0.00000,0.00000,0.00000
50.60125,0.99750,1.00000,0.00000,0.00000,0.00000
50.70125,0.99750,1.00000,0.00000,0.00000,0.00000
50.80125,0.99750,1.00000,0.00000,0.00000,0.00000
50.90125,0.99750,0.99999,0.00000,0.00000,0.00001
51.00125,0.99750,0.99994,0.00000,0.00000,0.00006
51.10125,0.99750,0.99629,0.00000,0.00000,0.00371
51.20125,0.99750,0.99993,0.00000,0.00000,0.00006
51.30125,0.99750,0.99720,0.00000,0.00010,0.00271
51.40125,0.99750,0.99437,0.00000,0.00450,0.00113
51.50125,0.99750,0.83293,0.00007,0.16526,0.00174
51.60125,0.99750,0.06511,0.00034,0.93450,0.00005
51.70125,0.99750,0.03005,0.00029,0.96966,0.00000
51.80125,0.99750,0.02072,0.00042,0.97886,0.00000
51.90125,0.99750,0.01870,0.00072,0.98058,0.00000
52.00125,0.99750,0.41397,0.00063,0.58540,0.00000
52.10125,0.99750,0.96122,0.00016,0.03862,0.00000
52.20125,0.99750,0.99778,0.00098,0.00124,0.00000
52.30125,0.99750,0.99977,0.00020,0.00002,0.00000
52.40125,0.99750,0.99994,0.00006,0.00000,0.00000
52.50125,0.99750,0.99999,0.00001,0.00000,0.00000
52.60125,0.99750,1.00000,0.00000,0.00000,0.00000
52.70125,0.99750,1.00000,0.00000,0.00000,0.00000
52.80125,0.99750,1.00000,0.00000,0.00000,0.00000
52.90125,0.99750,1.00000,0.00000,0.00000,0.00000
53.00125,0.99750,1.00000,0.00000,0.00000,0.00000
53.10125,0.99750,1.00000,0.00000,0.00000,0.00000
53.20125,0.99750,0.99997,0.00000,0.00000,0.00003
53.30125,0.99750,0.99997,0.00000,0.00002,0.00001
53.40125,0.99750,0.99978,0.00000,0.00019,0.00003
53.50125,0.99750,0.99824,0.00000,0.00172,0.00004
53.60125,0.99750,0.96887,0.00001,0.03049,0.00062
53.70125,0.99750,0.38185,0.00020,0.61736,0.00058
53.80125,0.99750,0.04316,0.00021,0.95661,0.00001
53.90125,0.99750,0.03061,0.00028,0.96911,0.00000
54.00125,0.99750,0.02883,0.00051,0.97066,0.00000
54.10125,0.99750,0.02225,0.00084,0.97691,0.00000
54.20125,0.99750,0.29954,0.00311,0.69735,0.00000
54.30125,0.99750,0.92991,0.00276,0.06734,0.00000
54.40125,0.99750,0.99693,0.00212,0.00095,0.00000
54.50125,0.99750,0.99990,0.00006,0.00003,0.00000
54.60125,0.99750,1.00000,0.00000,0.00000,0.00000
54.70125,0.99750,1.00000,0.00000,0.00000,0.00000
54.80125,0.99750,1.00000,0.00000,0.00000,0.00000
54.90125,0.99750,1.00000,0.00000,0.00000,0.00000
55.00125,0.99750,1.00000,0.00000,0.00000,0.00000
55.10125,0.99750,1.00000,0.00000,0.00000,0.00000
55.20125,0.99750,0.99999,0.00000,0.00000,0.00001
55.30125,0.99750,0.99994,0.00000,0.00000,0.00006
55.40125,0.99750,0.99854,0.00000,0.00000,0.00146
55.50125,0.99750,0.99785,0.00000,0.00000,0.00215
55.60125,0.99750,0.99720,0.00000,0.00001,0.00280
55.70125,0.99750,0.99861,0.00000,0.00016,0.00123
55.80125,0.99750,0.99135,0.00003,0.00652,0.00211
55.90125,0.99750,0.81819,0.00047,0.18042,0.00092
56.00125,0.99750,0.16456,0.00130,0.83413,0.00001
56.10125,0.99750,0.06224,0.00171,0.93605,0.00000
56.20125,0.99750,0.05637,0.00466,0.93897,0.00000
56.30125,0.99750,0.41366,0.00609,0.58025,0.00000
56.40125,0.99750,0.87730,0.00385,0.11885,0.00000
56.50125,0.99750,0.99708,0.00010,0.00282,0.00000
56.60125,0.99750,0.99976,0.00019,0.00005,0.00000
56.70125,0.99750,0.99999,0.00001,0.00000,0.00000
56.80125,0.99750,1.00000,0.00000,0.00000,0.00000
56.90125,0.99750,1.00000,0.00000,0.00000,0.00000
57.00125,0.99750,1.00000,0.00000,0.00000,0.00000
57.10125,0.99750,1.00000,0.00000,0.00000,0.00000
57.20125,0.99750,0.99999,0.00000,0.00000,0.00001
57.30125,0.99750,0.99996,0.00000,0.00000,0.00004
57.40125,0.99750,0.99821,0.00000,0.00000,0.00179
57.50125,0.99750,0.99997,0.00000,0.00000,0.00003
57.60125,0.99750,0.99772,0.00000,0.00001,0.00227
57.70125,0.99750,0.99904,0.00000,0.00043,0.00053
57.80125,0.99750,0.97902,0.00001,0.02043,0.00054
57.90125,0.99750,0.44197,0.00030,0.55765,0.00008
58.00125,0.99750,0.03467,0.00042,0.96491,0.00000
58.10125,0.99750,0.02360,0.00052,0.97589,0.00000
58.20125,0.99750,0.02417,0.00117,0.97466,0.00000
58.30125,0.99750,0.44494,0.00049,0.55457,0.00000
58.40125,0.99750,0.98450,0.00008,0.01542,0.00000
58.50125,0.99750,0.99967,0.00001,0.00032,0.00000
58.60125,0.99750,0.99999,0.00001,0.00000,0.00000
58.70125,0.99750,1.00000,0.00000,0.00000,0.00000
58.80125,0.99750,1.00000,0.00000,0.00000,0.00000
58.90125,0.99750,1.00000,0.00000,0.00000,0.00000
59.00125,0.99750,1.00000,0.00000,0.00000,0.00000
59.10125,0.99750,1.00000,0.00000,0.00000,0.00000
59.20125,0.99750,0.99999,0.00000,0.00000,0.00001
59.30125,0.99750,0.99996,0.00000,0.00000,0.00004
59.40125,0.99750,0.99275,0.00000,0.00000,0.00725
59.50125,0.99750,0.99982,0.00000,0.00000,0.00018
59.60125,0.99750,0.99406,0.00000,0.00003,0.00590
59.70125,0.99750,0.99652,0.00000,0.00169,0.00178
59.80125,0.99750,0.89709,0.00012,0.09786,0.00493
59.90125,0.99750,0.15231,0.00071,0.84654,0.00044
60.00125,0.99750,0.04013,0.00083,0.95903,0.00001
60.10125,0.99750,0.04227,0.00116,0.95657,0.00000
60.20125,0.99750,0.03589,0.00223,0.96188,0.00000
60.30125,0.99750,0.19625,0.00627,0.79748,0.00000
60.40125,0.99750,0.86974,0.00230,0.12797,0.00000
60.50125,0.99750,0.99702,0.00011,0.00287,0.00000
60.60125,0.99750,0.99980,0.00015,0.00005,0.00000
60.70125,0.99750,0.99999,0.00000,0.00000,0.00000
60.80125,0.99750,1.00000,0.00000,0.00000,0.00000
60.90125,0.99750,1.00000,0.00000,0.00000,0.00000
61.00125,0.99750,1.00000,0.00000,0.00000,0.00000
61.10125,0.99750,1.00000,0.00000,0.00000,0.00000
61.20125,0.99750,1.00000,0.00000,0.00000,0.00000
61.30125,0.99750,1.00000,0.00000,0.00000,0.00000
61.40125,0.99750,0.99999,0.00000,0.00000,0.00001
61.50125,0.99750,0.99992,0.00000,0.00000,0.00008
61.60125,0.99750,0.99345,0.00000,0.00000,0.00655
61.70125,0.99750,0.99994,0.00000,0.00000,0.00006
61.80125,0.99750,0.99728,0.00000,0.00004,0.00268
61.90125,0.99750,0.99657,0.00000,0.00247,0.00096
62.00125,0.99750,0.86083,0.00005,0.13807,0.00105
62.10125,0.99750,0.14728,0.00027,0.85242,0.00003
62.20125,0.99750,0.02207,0.00037,0.97757,0.00000
62.30125,0.99750,0.01910,0.00043,0.98047,0.00000
62.40125,0.99750,0.03263,0.00115,0.96622,0.00000
62.50125,0.99750,0.51023,0.00061,0.48916,0.00000
62.60125,0.99750,0.98127,0.00008,0.01865,0.00000
62.70125,0.99750,0.99958,0.00003,0.00039,0.00000
62.80125,0.99750,0.99999,0.00001,0.00000,0.00000
62.90125,0.99750,1.00000,0.00000,0.00000,0.00000
63.00125,0.99750,1.00000,0.00000,0.00000,0.00000
63.10125,0.99750,1.00000,0.00000,0.00000,0.00000
63.20125,0.99751,1.00000,0.00000,0.00000,0.00000
63.30125,0.99750,1.00000,0.00000,0.00000,0.00000
63.40125,0.99750,1.00000,0.00000,0.00000,0.00000
63.50125,0.99750,1.00000,0.00000,0.00000,0.00000
63.60125,0.99750,1.00000,0.00000,0.00000,0.00000
63.70125,0.99751,0.99999,0.00000,0.00000,0.00001
63.80125,0.99750,0.99996,0.00000,0.00000,0.00004
63.90125,0.99750,0.99767,0.00000,0.00000,0.00233
64.00125,0.99750,0.99992,0.00000,0.00000,0.00008
64.10125,0.99750,0.99525,0.00000,0.00003,0.00471
64.20125,0.99751,0.99686,0.00000,0.00219,0.00095
64.30125,0.99751,0.89012,0.00007,0.10780,0.00200
64.40125,0.99750,0.14130,0.00039,0.85818,0.00013
64.50125,0.99750,0.03022,0.00042,0.96936,0.00000
64.60125,0.99750,0.03237,0.00078,0.96685,0.00000
64.70125,0.99751,0.02704,0.00317,0.96979,0.00000
64.80125,0.99751,0.59786,0.00163,0.40051,0.00000
64.90125,0.99750,0.98831,0.00007,0.01162,0.00000
65.00125,0.99750,0.99978,0.00000,0.00022,0.00000
65.10125,0.99750,0.99999,0.00000,0.00000,0.00000
65.20125,0.99751,1.00000,0.00000,0.00000,0.00000
65.30125,0.99751,1.00000,0.00000,0.00000,0.00000
65.40125,0.99750,1.00000,0.00000,0.00000,0.00000
65.50125,0.99750,1.00000,0.00000,0.00000,0.00000
65.60125,0.99750,1.00000,0.00000,0.00000,0.00000
65.70125,0.99751,1.00000,0.00000,0.00000,0.00000
65.80125,0.99751,1.00000,0.00000,0.00000,0.00000
65.90125,0.99750,0.99999,0.00000,0.00000,0.00001
66.00125,0.99750,1.00000,0.00000,0.00000,0.00000
66.10125,0.99750,1.00000,0.00000,0.00000,0.00000
66.20125,0.99751,1.00000,0.00000,0.00000,0.00000
66.30125,0.99751,1.00000,0.00000,0.00000,0.00000
66.40125,0.99750,0.99999,0.00000,0.00000,0.00000
66.50125,0.99750,0.99999,0.00000,0.00000,0.00001
66.60125,0.99750,0.99999,0.00000,0.00000,0.00001
66.70125,0.99751,0.99999,0.00000,0.00000,0.00001
66.80125,0.99751,1.00000,0.00000,0.00000,0.00000
66.90125,0.99750,1.00000,0.00000,0.00000,0.00000
67.00125,0.99750,1.00000,0.00000,0.00000,0.00000
67.10125,0.99750,1.00000,0.00000,0.00000,0.00000
67.20125,0.99751,0.99998,0.00000,0.00000,0.00002
67.30125,0.99751,0.99962,0.00000,0.00000,0.00038
67.40125,0.99750,0.99951,0.00000,0.00000,0.00049
67.50125,0.99750,0.99838,0.00000,0.00001,0.00162
67.60125,0.99750,0.99915,0.00000,0.00022,0.00063
67.70125,0.99751,0.98855,0.00000,0.01104,0.00041
67.80125,0.99751,0.63800,0.00011,0.36141,0.00048
67.90125,0.99750,0.04700,0.00026,0.95273,0.00000
68.00125,0.99750,0.03335,0.00030,0.96635,0.00000
68.10125,0.99750,0.02611,0.00047,0.97342,0.00000
68.20125,0.99751,0.03907,0.00116,0.95977,0.00000
68.30125,0.99751,0.77442,0.00064,0.22494,0.00000
68.40125,0.99750,0.99348,0.00003,0.00649,0.00000
68.50125,0.99750,0.99983,0.00007,0.00010,0.00000
68.60125,0.99750,1.00000,0.00000,0.00000,0.00000
68.70125,0.99751,1.00000,0.00000,0.00000,0.00000
68.80125,0.99751,1.00000,0.00000,0.00000,0.00000
68.90125,0.99750,1.00000,0.00000,0.00000,0.00000
69.00125,0.99750,1.00000,0.00000,0.00000,0.00000
69.10125,0.99750,1.00000,0.00000,0.00000,0.00000
69.20125,0.99751,0.99999,0.00000,0.00000,0.00001
69.30125,0.99751,0.99993,0.00000,0.00000,0.00007
69.40125,0.99750,0.99394,0.00000,0.00000,0.00606
69.50125,0.99750,0.99997,0.00000,0.00000,0.00003
69.60125,0.99750,0.99833,0.00000,0.00002,0.00164
69.70125,0.99751,0.99713,0.00000,0.00120,0.00166
69.80125,0.99751,0.92791,0.00008,0.06957,0.00244
69.90125,0.99750,0.16563,0.00078,0.83335,0.00024
70.00125,0.99750,0.02436,0.00088,0.97475,0.00000
70.10125,0.99750,0.02587,0.00147,0.97266,0.00000
70.20125,0.99751,0.12263,0.00620,0.87117,0.00000
70.30125,0.99751,0.82974,0.00470,0.16556,0.00000
70.40125,0.99750,0.99347,0.00052,0.00601,0.00000
70.50125,0.99750,0.99947,0.00034,0.00019,0.00000
70.60125,0.99750,0.99998,0.00002,0.00000,0.00000
70.70125,0.99751,1.00000,0.00000,0.00000,0.00000
70.80125,0.99751,1.00000,0.00000,0.00000,0.00000
70.90125,0.99750,1.00000,0.00000,0.00000,0.00000
71.00125,0.99750,1.00000,0.00000,0.00000,0.00000
71.10125,0.99750,1.00000,0.00000,0.00000,0.00000
71.20125,0.99751,1.00000,0.00000,0.00000,0.00000
71.30125,0.99751,1.00000,0.00000,0.00000,0.00000
71.40125,0.99750,0.99998,0.00000,0.00000,0.00002
71.50125,0.99750,0.99994,0.00000,0.00000,0.00006
71.60125,0.99750,0.99054,0.00000,0.00000,0.00946
71.70125,0.99751,0.99994,0.00000,0.00000,0.00005
71.80125,0.99751,0.99715,0.00000,0.00007,0.00279
71.90125,0.99750,0.99568,0.00000,0.00356,0.00076
72.00125,0.99750,0.83801,0.00017,0.16106,0.00076
72.10125,0.99750,0.11373,0.00073,0.88550,0.00004
72.20125,0.99751,0.03384,0.00081,0.96535,0.00000
72.30125,0.99751,0.03305,0.00148,0.96546,0.00000
72.40125,0.99750,0.02294,0.00286,0.97420,0.00000
72.50125,0.99750,0.25707,0.00762,0.73532,0.00000
72.60125,0.99750,0.91228,0.00466,0.08305,0.00000
72.70125,0.99751,0.99647,0.00148,0.00205,0.00000
72.80125,0.99751,0.99975,0.00023,0.00002,0.00000
72.90125,0.99750,0.99999,0.00001,0.00000,0.00000
73.00125,0.99750,1.00000,0.00000,0.00000,0.00000
73.10125,0.99750,1.00000,0.00000,0.00000,0.00000
73.20125,0.99751,1.00000,0.00000,0.00000,0.00000
73.30125,0.99751,1.00000,0.00000,0.00000,0.00000
73.40125,0.99750,1.00000,0.00000,0.00000,0.00000
73.50125,0.99750,0.99999,0.00000,0.00000,0.00001
73.60125,0.99750,0.99987,0.00000,0.00000,0.00013
73.70125,0.99751,0.99935,0.00000,0.00000,0.00065
73.80125,0.99751,0.99945,0.00000,0.00000,0.00054
73.90125,0.99750,0.99935,0.00000,0.00007,0.00058
74.00125,0.99750,0.99593,0.00000,0.00350,0.00056
74.10125,0.99750,0.85198,0.00005,0.14753,0.00044
74.20125,0.99751,0.07042,0.00023,0.92934,0.00001
74.30125,0.99751,0.02346,0.00023,0.97631,0.00000
74.40125,0.99750,0.01672,0.00052,0.98276,0.00000
74.50125,0.99750,0.18600,0.00057,0.81343,0.00000
74.60125,0.99750,0.93360,0.00025,0.06615,0.00000
74.70125,0.99751,0.99741,0.00003,0.00256,0.00000
74.80125,0.99751,0.99985,0.00010,0.00005,0.00000
74.90125,0.99750,1.00000,0.00000,0.00000,0.00000
75.00125,0.99750,1.00000,0.00000,0.00000,0.00000
75.10125,0.99750,1.00000,0.00000,0.00000,0.00000
75.20125,0.99751,1.00000,0.00000,0.00000,0.00000
75.30125,0.99751,1.00000,0.00000,0.00000,0.00000
75.40125,0.99750,0.99999,0.00000,0.00000,0.00001
75.50125,0.99750,1.00000,0.00000,0.00000,0.00000
75.60125,0.99750,1.00000,0.00000,0.00000,0.00000
75.70125,0.99751,0.99998,0.00000,0.00000,0.00002
75.80125,0.99751,0.99992,0.00000,0.00000,0.00008
75.90125,0.99750,0.98950,0.00000,0.00000,0.01050
76.00125,0.99750,0.99997,0.00000,0.00000,0.00003
76.10125,0.99750,0.99893,0.00000,0.00007,0.00101
76.20125,0.99751,0.99602,0.00000,0.00299,0.00099
76.30125,0.99751,0.86295,0.00001,0.13401,0.00303
76.40125,0.99750,0.11168,0.00008,0.88809,0.00015
76.50125,0.99750,0.01848,0.00008,0.98143,0.00000
76.60125,0.99750,0.01754,0.00014,0.98232,0.00000
76.70125,0.99751,0.01087,0.00032,0.98881,0.00000
76.80125,0.99751,0.39197,0.00026,0.60777,0.00000
76.90125,0.99750,0.97237,0.00007,0.02756,0.00000
77.00125,0.99750,0.99887,0.00048,0.00065,0.00000
77.10125,0.99750,0.99998,0.00001,0.00001,0.00000
77.20125,0.99751,1.00000,0.00000,0.00000,0.00000
77.30125,0.99751,1.00000,0.00000,0.00000,0.00000
77.40125,0.99750,1.00000,0.00000,0.00000,0.00000
77.50125,0.99750,1.00000,0.00000,0.00000,0.00000
77.60125,0.99750,1.00000,0.00000,0.00000,0.00000
77.70125,0.99751,1.00000,0.00000,0.00000,0.00000
77.80125,0.99751,1.00000,0.00000,0.00000,0.00000
77.90125,0.99750,0.99998,0.00000,0.00000,0.00002
78.00125,0.99750,0.99995,0.00000,0.00000,0.00005
78.10125,0.99750,0.99884,0.00000,0.00000,0.00116
78.20125,0.99751,0.99959,0.00000,0.00001,0.00041
78.30125,0.99751,0.99927,0.00000,0.00026,0.00047
78.40125,0.99750,0.98843,0.00000,0.01073,0.00084
78.50125,0.99750,0.61758,0.00009,0.38131,0.00101
78.60125,0.99750,0.02810,0.00020,0.97168,0.00002
78.70125,0.99751,0.02427,0.00024,0.97550,0.00000
78.80125,0.99751,0.03204,0.00069,0.96727,0.00000
78.90125,0.99750,0.20386,0.00131,0.79483,0.00001
79.00125,0.99750,0.87717,0.00090,0.12192,0.00000
79.10125,0.99750,0.99514,0.00005,0.00480,0.00000
79.20125,0.99751,0.99975,0.00015,0.00009,0.00000
79.30125,0.99751,0.99999,0.00000,0.00000,0.00000
79.40125,0.99750,1.00000,0.00000,0.00000,0.00000
79.50125,0.99750,1.00000,0.00000,0.00000,0.00000
79.60125,0.99750,1.00000,0.00000,0.00000,0.00000
79.70125,0.99751,1.00000,0.00000,0.00000,0.00000
79.80125,0.99751,0.99998,0.00000,0.00000,0.00002
79.90125,0.99750,0.99997,0.00000,0.00000,0.00003
80.00125,0.99750,0.99987,0.00000,0.00000,0.00013
80.10125,0.99750,0.98931,0.00000,0.00000,0.01069
80.20125,0.99751,0.99946,0.00000,0.00000,0.00054
80.30125,0.99751,0.99450,0.00000,0.00003,0.00547
80.40125,0.99750,0.99497,0.00000,0.00249,0.00254
80.50125,0.99750,0.89278,0.00009,0.10438,0.00275
80.60125,0.99750,0.25296,0.00059,0.74623,0.00022
80.70125,0.99751,0.04951,0.00100,0.94949,0.00000
80.80125,0.99751,0.02837,0.00105,0.97057,0.00000
80.90125,0.99750,0.02858,0.00257,0.96885,0.00000
81.00125,0.99750,0.31067,0.00650,0.68283,0.00000
81.10125,0.99750,0.94534,0.00283,0.05183,0.00000
81.20125,0.99751,0.99857,0.00014,0.00129,0.00000
81.30125,0.99751,0.99987,0.00011,0.00001,0.00000
81.40125,0.99750,0.99999,0.00001,0.00000,0.00000
81.50125,0.99750,1.00000,0.00000,0.00000,0.00000
81.60125,0.99750,1.00000,0.00000,0.00000,0.00000
81.70125,0.99751,1.00000,0.00000,0.00000,0.00000
81.80125,0.99751,0.99999,0.00000,0.00000,0.00001
81.90125,0.99750,0.99997,0.00000,0.00000,0.00003
82.00125,0.99750,0.99996,0.00000,0.00000,0.00004
82.10125,0.99750,0.99994,0.00000,0.00000,0.00006
82.20125,0.99751,0.99995,0.00000,0.00000,0.00005
82.30125,0.99751,0.99994,0.00000,0.00000,0.00006
82.40125,0.99750,0.99996,0.00000,0.00000,0.00004
82.50125,0.99750,0.99996,0.00000,0.00000,0.00004
82.60125,0.99750,0.99996,0.00000,0.00000,0.00003
82.70125,0.99751,0.99996,0.00000,0.00000,0.00004
82.80125,0.99751,0.99998,0.00000,0.00000,0.00002
82.90125,0.99750,0.99999,0.00000,0.00000,0.00001
83.00125,0.99750,0.99998,0.00000,0.00000,0.00002
83.10125,0.99750,0.99995,0.00000,0.00000,0.00005
83.20125,0.99751,0.99810,0.00000,0.00000,0.00190
83.30125,0.99751,0.99995,0.00000,0.00000,0.00005
83.40125,0.99750,0.99706,0.00000,0.00000,0.00293
83.50125,0.99750,0.99915,0.00000,0.00024,0.00061
83.60125,0.99750,0.98953,0.00001,0.00986,0.00061
83.70125,0.99751,0.71557,0.00013,0.28410,0.00020
83.80125,0.99751,0.05388,0.00043,0.94569,0.00000
83.90125,0.99750,0.02314,0.00048,0.97638,0.00000
84.00125,0.99750,0.01988,0.00064,0.97949,0.00000
84.10125,0.99750,0.21410,0.00046,0.78545,0.00000
84.20125,0.99751,0.89186,0.00006,0.10808,0.00000
84.30125,0.99751,0.99705,0.00002,0.00294,0.00000
84.40125,0.99750,0.99995,0.00001,0.00003,0.00000
84.50125,0.99750,1.00000,0.00000,0.00000,0.00000
84.60125,0.99750,1.00000,0.00000,0.00000,0.00000
84.70125,0.99751,1.00000,0.00000,0.00000,0.00000
84.80125,0.99751,1.00000,0.00000,0.00000,0.00000
84.90125,0.99750,1.00000,0.00000,0.00000,0.00000
85.00125,0.99750,0.99998,0.00000,0.00000,0.00002
85.10125,0.99750,0.99992,0.00000,0.00000,0.00008
85.20125,0.99751,0.99106,0.00000,0.00000,0.00894
85.30125,0.99751,0.99986,0.00000,0.00001,0.00013
85.40125,0.99750,0.99740,0.00000,0.00033,0.00227
85.50125,0.99750,0.99339,0.00001,0.00618,0.00043
85.60125,0.99750,0.91254,0.00005,0.08722,0.00019
85.70125,0.99751,0.15161,0.00042,0.84795,0.00001
85.80125,0.99751,0.03360,0.00042,0.96598,0.00000
85.90125,0.99750,0.03061,0.00077,0.96863,0.00000
86.00125,0.99750,0.03432,0.00259,0.96309,0.00000
86.10125,0.99750,0.52356,0.00161,0.47483,0.00000
86.20125,0.99751,0.97444,0.00032,0.02523,0.00000
86.30125,0.99751,0.99801,0.00074,0.00125,0.00000
86.40125,0.99750,0.99993,0.00004,0.00003,0.00000
86.50125,0.99750,1.00000,0.00000,0.00000,0.00000
86.60125,0.99750,1.00000,0.00000,0.00000,0.00000
86.70125,0.99751,1.00000,0.00000,0.00000,0.00000
86.80125,0.99751,1.00000,0.00000,0.00000,0.00000
86.90125,0.99750,1.00000,0.00000,0.00000,0.00000
87.00125,0.99750,0.99998,0.00000,0.00000,0.00002
87.10125,0.99750,0.99983,0.00000,0.00000,0.00017
87.20125,0.99751,0.99048,0.00000,0.00000,0.00952
87.30125,0.99751,0.99992,0.00000,0.00000,0.00008
87.40125,0.99750,0.98219,0.00000,0.00004,0.01777
87.50125,0.99750,0.99390,0.00000,0.00161,0.00448
87.60125,0.99750,0.92547,0.00003,0.06978,0.00472
87.70125,0.99751,0.23138,0.00026,0.76790,0.00047
87.80125,0.99751,0.03635,0.00029,0.96335,0.00000
87.90125,0.99750,0.02998,0.00051,0.96951,0.00000
88.00125,0.99750,0.03203,0.00189,0.96608,0.00000
88.10125,0.99750,0.48639,0.00154,0.51206,0.00000
88.20125,0.99751,0.98638,0.00011,0.01351,0.00000
88.30125,0.99751,0.99964,0.00002,0.00034,0.00000
88.40125,0.99750,0.99998,0.00001,0.00001,0.00000
88.50125,0.99750,1.00000,0.00000,0.00000,0.00000
88.60125,0.99750,1.00000,0.00000,0.00000,0.00000
88.70125,0.99751,1.00000,0.00000,0.00000,0.00000
88.80125,0.99751,1.00000,0.00000,0.00000,0.00000
88.90125,0.99750,1.00000,0.00000,0.00000,0.00000
89.00125,0.99750,0.99998,0.00000,0.00000,0.00002
89.10125,0.99750,0.99993,0.00000,0.00000,0.00007
89.20125,0.99751,0.99015,0.00000,0.00000,0.00985
89.30125,0.99751,0.99986,0.00000,0.00000,0.00014
89.40125,0.99750,0.99421,0.00000,0.00002,0.00578
89.50125,0.99750,0.99772,0.00000,0.00088,0.00139
89.60125,0.99750,0.95585,0.00006,0.04218,0.00192
89.70125,0.99751,0.27887,0.00073,0.72015,0.00025
89.80125,0.99751,0.02735,0.00090,0.97175,0.00000
89.90125,0.99750,0.06071,0.00402,0.93527,0.00000
90.00125,0.99750,0.49220,0.00577,0.50203,0.00000
90.10125,0.99750,0.97222,0.00131,0.02647,0.00000
90.20125,0.99751,0.99917,0.00021,0.00062,0.00000
90.30125,0.99751,0.99998,0.00001,0.00001,0.00000
90.40125,0.99750,1.00000,0.00000,0.00000,0.00000
90.50125,0.99750,1.00000,0.00000,0.00000,0.00000
90.60125,0.99750,1.00000,0.00000,0.00000,0.00000
90.70125,0.99751,1.00000,0.00000,0.00000,0.00000
90.80125,0.99751,1.00000,0.00000,0.00000,0.00000
90.90125,0.99750,1.00000,0.00000,0.00000,0.00000
91.00125,0.99750,0.99885,0.00000,0.00000,0.00115
91.10125,0.99750,0.99989,0.00000,0.00000,0.00011
91.20125,0.99751,0.99867,0.00000,0.00005,0.00129
91.30125,0.99751,0.99713,0.00000,0.00281,0.00006
91.40125,0.99750,0.94560,0.00002,0.05432,0.00005
91.50125,0.99750,0.32382,0.00024,0.67592,0.00002
91.60125,0.99750,0.04251,0.00021,0.95728,0.00000
91.70125,0.99751,0.03896,0.00037,0.96066,0.00000
91.80125,0.99751,0.04036,0.00063,0.95901,0.00000
91.90125,0.99750,0.19565,0.00074,0.80360,0.00000
92.00125,0.99750,0.92136,0.00034,0.07830,0.00000
92.10125,0.99750,0.99803,0.00003,0.00193,0.00000
92.20125,0.99751,0.99997,0.00002,0.00002,0.00000
92.30125,0.99751,1.00000,0.00000,0.00000,0.00000
92.40125,0.99750,1.00000,0.00000,0.00000,0.00000
92.50125,0.99750,1.00000,0.00000,0.00000,0.00000
92.60125,0.99750,1.00000,0.00000,0.00000,0.00000
92.70125,0.99751,1.00000,0.00000,0.00000,0.00000
92.80125,0.99751,0.99994,0.00000,0.00000,0.00006
92.90125,0.99750,0.99924,0.00000,0.00000,0.00076
93.00125,0.99750,0.99960,0.00000,0.00000,0.00040
93.10125,0.99750,0.99928,0.00000,0.00001,0.00070
93.20125,0.99751,0.99484,0.00000,0.00046,0.00471
93.30125,0.99751,0.97291,0.00001,0.01819,0.00889
93.40125,0.99750,0.52947,0.00021,0.46702,0.00331
93.50125,0.99750,0.06417,0.00040,0.93541,0.00002
93.60125,0.99750,0.04805,0.00115,0.95080,0.00001
93.70125,0.99751,0.45987,0.00304,0.53709,0.00000
93.80125,0.99751,0.95892,0.00027,0.04080,0.00000
93.90125,0.99750,0.99933,0.00001,0.00066,0.00000
94.00125,0.99750,0.99998,0.00000,0.00002,0.00000
94.10125,0.99750,0.99999,0.00000,0.00000,0.00000
94.20125,0.99751,1.00000,0.00000,0.00000,0.00000
94.30125,0.99751,1.00000,0.00000,0.00000,0.00000
94.40125,0.99750,1.00000,0.00000,0.00000,0.00000
94.50125,0.99750,1.00000,0.00000,0.00000,0.00000
94.60125,0.99750,0.99999,0.00000,0.00000,0.00001
94.70125,0.99751,0.99994,0.00000,0.00000,0.00006
94.80125,0.99751,0.99604,0.00000,0.00000,0.00396
94.90125,0.99750,0.99993,0.00000,0.00000,0.00007
95.00125,0.99750,0.99871,0.00000,0.00008,0.00121
95.10125,0.99750,0.99341,0.00000,0.00378,0.00281
95.20125,0.99751,0.86618,0.00001,0.13198,0.00183
95.30125,0.99751,0.11113,0.00005,0.88878,0.00004
95.40125,0.99750,0.03054,0.00005,0.96940,0.00000
95.50125,0.99750,0.03265,0.00022,0.96713,0.00000
95.60125,0.99750,0.44260,0.00039,0.55701,0.00000
95.70125,0.99751,0.98265,0.00002,0.01732,0.00000
95.80125,0.99751,0.99953,0.00000,0.00047,0.00000
95.90125,0.99750,0.99998,0.00001,0.00001,0.00000
96.00125,0.99750,1.00000,0.00000,0.00000,0.00000
96.10125,0.99750,1.00000,0.00000,0.00000,0.00000
96.20125,0.99751,1.00000,0.00000,0.00000,0.00000
96.30125,0.99751,1.00000,0.00000,0.00000,0.00000
96.40125,0.99750,1.00000,0.00000,0.00000,0.00000
96.50125,0.99750,0.99999,0.00000,0.00000,0.00001
96.60125,0.99750,0.99997,0.00000,0.00000,0.00003
96.70125,0.99751,0.99987,0.00000,0.00000,0.00013
96.80125,0.99751,0.99130,0.00000,0.00000,0.00870
96.90125,0.99750,0.99989,0.00000,0.00000,0.00010
97.00125,0.99750,0.98823,0.00000,0.00011,0.01165
97.10125,0.99750,0.99199,0.00000,0.00481,0.00320
97.20125,0.99751,0.78169,0.00003,0.21399,0.00429
97.30125,0.99751,0.06152,0.00012,0.93828,0.00008
97.40125,0.99750,0.02646,0.00012,0.97342,0.00000
97.50125,0.99750,0.02423,0.00023,0.97554,0.00000
97.60125,0.99750,0.06024,0.00081,0.93896,0.00000
97.70125,0.99751,0.72566,0.00105,0.27329,0.00000
97.80125,0.99751,0.99554,0.00002,0.00444,0.00000
97.90125,0.99750,0.99986,0.00000,0.00013,0.00000
98.00125,0.99750,1.00000,0.00000,0.00000,0.00000
98.10125,0.99750,1.00000,0.00000,0.00000,0.00000
98.20125,0.99751,1.00000,0.00000,0.00000,0.00000
98.30125,0.99751,1.00000,0.00000,0.00000,0.00000
98.40125,0.99750,0.99999,0.00000,0.00000,0.00001
98.50125,0.99750,1.00000,0.00000,0.00000,0.00000
98.60125,0.99750,1.00000,0.00000,0.00000,0.00000
98.70125,0.99751,1.00000,0.00000,0.00000,0.00000
98.80125,0.99751,1.00000,0.00000,0.00000,0.00000
98.90125,0.99750,1.00000,0.00000,0.00000,0.00000
99.00125,0.99750,1.00000,0.00000,0.00000,0.00000
99.10125,0.99750,1.00000,0.00000,0.00000,0.00000
99.20125,0.99751,1.00000,0.00000,0.00000,0.00000
99.30125,0.99751,1.00000,0.00000,0.00000,0.00000
99.40125,0.99750,1.00000,0.00000,0.00000,0.00000
99.50125,0.99750,1.00000,0.00000,0.00000,0.00000
99.60125,0.99750,1.00000,0.00000,0.00000,0.00000
99.70125,0.99751,1.00000,0.00000,0.00000,0.00000
99.80125,0.99751,1.00000,0.00000,0.00000,0.00000
99.90125,0.99750,1.00000,0.00000,0.00000,0.00000
100.00125,0.99750,1.00000,0.00000,0.00000,0.00000
100.10125,0.99750,0.99999,0.00000,0.00000,0.00001
100.20125,0.99751,0.99999,0.00000,0.00000,0.00001
100.30125,0.99751,0.99997,0.00000,0.00000,0.00003
100.40125,0.99750,0.99977,0.00000,0.00000,0.00023
100.50125,0.99750,0.98720,0.00000,0.00000,0.01280
100.60125,0.99750,0.99958,0.00000,0.00000,0.00042
100.70125,0.99751,0.98342,0.00000,0.00002,0.01656
100.80125,0.99751,0.99508,0.00000,0.00122,0.00370
100.90125,0.99750,0.93160,0.00006,0.06036,0.00799
101.00125,0.99750,0.27406,0.00056,0.72505,0.00033
101.10125,0.99750,0.05209,0.00063,0.94727,0.00000
101.20125,0.99751,0.02286,0.00130,0.97584,0.00000
101.30125,0.99751,0.07038,0.00375,0.92587,0.00000
101.40125,0.99750,0.49908,0.00335,0.49757,0.00000
101.50125,0.99750,0.94322,0.00063,0.05614,0.00000
101.60125,0.99750,0.99839,0.00005,0.00156,0.00000
101.70125,0.99751,0.99976,0.00018,0.00005,0.00000
101.80125,0.99751,0.99998,0.00001,0.00000,0.00000
101.90125,0.99750,1.00000,0.00000,0.00000,0.00000
102.00125,0.99750,0.99999,0.00000,0.00000,0.00001
102.10125,0.99750,0.99999,0.00000,0.00000,0.00001
102.20125,0.99751,0.99999,0.00000,0.00000,0.00001
102.30125,0.99751,0.99998,0.00000,0.00000,0.00002
102.40125,0.99750,0.99995,0.00000,0.00000,0.00005
102.50125,0.99750,0.99986,0.00000,0.00000,0.00014
102.60125,0.99750,0.99725,0.00000,0.00000,0.00275
102.70125,0.99751,0.99975,0.00000,0.00001,0.00024
102.80125,0.99751,0.99787,0.00000,0.00015,0.00198
102.90125,0.99750,0.98955,0.00000,0.00772,0.00273
103.00125,0.99750,0.70176,0.00008,0.29747,0.00069
103.10125,0.99750,0.09956,0.00030,0.90013,0.00001
103.20125,0.99751,0.02243,0.00042,0.97715,0.00000
103.30125,0.99751,0.07853,0.00161,0.91987,0.00000
103.40125,0.99750,0.77064,0.00089,0.22846,0.00000
103.50125,0.99750,0.99343,0.00007,0.00650,0.00000
103.60125,0.99750,0.99974,0.00001,0.00025,0.00000
103.70125,0.99751,0.99996,0.00002,0.00002,0.00000
103.80125,0.99751,1.00000,0.00000,0.00000,0.00000
103.90125,0.99750,1.00000,0.00000,0.00000,0.00000
104.00125,0.99750,1.00000,0.00000,0.00000,0.00000
104.10125,0.99750,1.00000,0.00000,0.00000,0.00000
104.20125,0.99751,1.00000,0.00000,0.00000,0.00000
104.30125,0.99751,0.99999,0.00000,0.00000,0.00001
104.40125,0.99750,0.99999,0.00000,0.00000,0.00001
104.50125,0.99750,0.99996,0.00000,0.00000,0.00004
104.60125,0.99750,0.99986,0.00000,0.00000,0.00014
104.70125,0.99751,0.99499,0.00000,0.00000,0.00501
104.80125,0.99751,0.99879,0.00000,0.00001,0.00120
104.90125,0.99750,0.99849,0.00000,0.00036,0.00115
105.00125,0.99750,0.99229,0.00000,0.00722,0.00049
105.10125,0.99750,0.72888,0.00008,0.27068,0.00035
105.20125,0.99751,0.08109,0.00027,0.91863,0.00001
105.30125,0.99751,0.02277,0.00037,0.97686,0.00000
105.40125,0.99750,0.07124,0.00122,0.92754,0.00000
105.50125,0.99750,0.68807,0.00129,0.31064,0.00000
105.60125,0.99750,0.99144,0.00008,0.00847,0.00000
105.70125,0.99751,0.99977,0.00000,0.00023,0.00000
105.80125,0.99751,0.99998,0.00002,0.00000,0.00000
105.90125,0.99750,1.00000,0.00000,0.00000,0.00000
106.00125,0.99750,1.00000,0.00000,0.00000,0.00000
106.10125,0.99750,1.00000,0.00000,0.00000,0.00000
106.20125,0.99751,1.00000,0.00000,0.00000,0.00000
106.30125,0.99751,0.99999,0.00000,0.00000,0.00001
106.40125,0.99750,0.99998,0.00000,0.00000,0.00002
106.50125,0.99750,0.99992,0.00000,0.00000,0.00008
106.60125,0.99750,0.99466,0.00000,0.00000,0.00534
106.70125,0.99751,0.99554,0.00000,0.00000,0.00446
106.80125,0.99751,0.99581,0.00000,0.00001,0.00418
106.90125,0.99750,0.99797,0.00000,0.00035,0.00168
107.00125,0.99750,0.97953,0.00001,0.01899,0.00147
107.10125,0.99750,0.55578,0.00015,0.44383,0.00024
107.20125,0.99751,0.04765,0.00030,0.95205,0.00000
107.30125,0.99751,0.02978,0.00041,0.96981,0.00000
107.40125,0.99750,0.08584,0.00177,0.91239,0.00000
107.50125,0.99750,0.74721,0.00252,0.25026,0.00000
107.60125,0.99750,0.99264,0.00018,0.00719,0.00000
107.70125,0.99751,0.99982,0.00001,0.00017,0.00000
107.80125,0.99751,0.99999,0.00001,0.00000,0.00000
107.90125,0.99750,1.00000,0.00000,0.00000,0.00000
108.00125,0.99750,1.00000,0.00000,0.00000,0.00000
108.10125,0.99750,1.00000,0.00000,0.00000,0.00000
108.20125,0.99751,1.00000,0.00000,0.00000,0.00000
108.30125,0.99751,1.00000,0.00000,0.00000,0.00000
108.40125,0.99750,0.99999,0.00000,0.00000,0.00001
108.50125,0.99750,0.99998,0.00000,0.00000,0.00002
108.60125,0.99750,0.99992,0.00000,0.00000,0.00008
108.70125,0.99751,0.99889,0.00000,0.00000,0.00111
108.80125,0.99751,0.97859,0.00000,0.00000,0.02141
108.90125,0.99750,0.99944,0.00000,0.00001,0.00054
109.00125,0.99750,0.99382,0.00000,0.00069,0.00549
109.10125,0.99750,0.96978,0.00005,0.02587,0.00430
109.20125,0.99751,0.42342,0.00085,0.57372,0.00202
109.30125,0.99751,0.06666,0.00139,0.93193,0.00003
109.40125,0.99750,0.03062,0.00229,0.96710,0.00000
109.50125,0.99750,0.02815,0.00600,0.96584,0.00000
109.60125,0.99750,0.41845,0.01108,0.57046,0.00002
109.70125,0.99751,0.96220,0.00142,0.03637,0.00001
109.80125,0.99751,0.99892,0.00008,0.00099,0.00001
109.90125,0.99750,0.99994,0.00003,0.00003,0.00000
110.00125,0.99750,1.00000,0.00000,0.00000,0.00000
110.10125,0.99750,1.00000,0.00000,0.00000,0.00000
110.20125,0.99751,1.00000,0.00000,0.00000,0.00000
110.30125,0.99751,0.99999,0.00000,0.00000,0.00001
110.40125,0.99750,1.00000,0.00000,0.00000,0.00000
110.50125,0.99750,0.99998,0.00000,0.00000,0.00002
110.60125,0.99750,0.99990,0.00000,0.00000,0.00010
110.70125,0.99751,0.99867,0.00000,0.00000,0.00133
110.80125,0.99751,0.98207,0.00000,0.00000,0.01793
110.90125,0.99750,0.99975,0.00000,0.00001,0.00024
111.00125,0.99750,0.99684,0.00000,0.00034,0.00282
111.10125,0.99750,0.98278,0.00000,0.01069,0.00653
111.20125,0.99751,0.67449,0.00004,0.32221,0.00325
111.30125,0.99751,0.08443,0.00013,0.91541,0.00003
111.40125,0.99750,0.03403,0.00017,0.96580,0.00000
111.50125,0.99750,0.04213,0.00056,0.95731,0.00000
111.60125,0.99750,0.61789,0.00037,0.38174,0.00000
111.70125,0.99751,0.98998,0.00002,0.00999,0.00000
111.80125,0.99751,0.99973,0.00000,0.00027,0.00000
111.90125,0.99750,0.99999,0.00000,0.00001,0.00000
112.00125,0.99750,1.00000,0.00000,0.00000,0.00000
112.10125,0.99750,1.00000,0.00000,0.00000,0.00000
112.20125,0.99751,1.00000,0.00000,0.00000,0.00000
112.30125,0.99751,1.00000,0.00000,0.00000,0.00000
112.40125,0.99750,0.99999,0.00000,0.00000,0.00001
112.50125,0.99750,0.99998,0.00000,0.00000,0.00002
112.60125,0.99750,0.99998,0.00000,0.00000,0.00002
112.70125,0.99751,0.99997,0.00000,0.00000,0.00003
112.80125,0.99751,0.99996,0.00000,0.00000,0.00004
112.90125,0.99750,0.99997,0.00000,0.00000,0.00003
113.00125,0.99750,0.99997,0.00000,0.00000,0.00003
113.10125,0.99750,0.99999,0.00000,0.00000,0.00001
113.20125,0.99751,0.99992,0.00000,0.00000,0.00008
113.30125,0.99751,0.99986,0.00000,0.00000,0.00014
113.40125,0.99750,0.99987,0.00000,0.00000,0.00013
113.50125,0.99750,0.99985,0.00000,0.00000,0.00015
113.60125,0.99750,0.99987,0.00000,0.00000,0.00013
113.70125,0.99751,0.99990,0.00000,0.00000,0.00010
113.80125,0.99751,0.99991,0.00000,0.00000,0.00009
113.90125,0.99750,0.99995,0.00000,0.00000,0.00005
114.00125,0.99750,0.99995,0.00000,0.00000,0.00005
114.10125,0.99750,0.99995,0.00000,0.00000,0.00005
114.20125,0.99751,0.99949,0.00000,0.00000,0.00051
114.30125,0.99751,0.98303,0.00000,0.00000,0.01697
114.40125,0.99750,0.99978,0.00000,0.00000,0.00022
114.50125,0.99750,0.97956,0.00000,0.00005,0.02039
114.60125,0.99750,0.99226,0.00000,0.00273,0.00500
114.70125,0.99751,0.87513,0.00011,0.11737,0.00739
114.80125,0.99751,0.22428,0.00041,0.77475,0.00056
114.90125,0.99750,0.03787,0.00066,0.96146,0.00001
115.00125,0.99750,0.03122,0.00104,0.96773,0.00000
115.10125,0.99750,0.08795,0.00317,0.90888,0.00000
115.20125,0.99751,0.71572,0.00304,0.28118,0.00006
115.30125,0.99751,0.99194,0.00009,0.00795,0.00002
115.40125,0.99750,0.99984,0.00001,0.00015,0.00001
115.50125,0.99750,0.99999,0.00000,0.00000,0.00001
115.60125,0.99750,1.00000,0.00000,0.00000,0.00000
115.70125,0.99751,1.00000,0.00000,0.00000,0.00000
115.80125,0.99751,0.99999,0.00000,0.00000,0.00001
115.90125,0.99750,0.99999,0.00000,0.00000,0.00001
116.00125,0.99750,0.99999,0.00000,0.00000,0.00001
116.10125,0.99750,0.99998,0.00000,0.00000,0.00002
116.20125,0.99751,0.99998,0.00000,0.00000,0.00002
116.30125,0.99751,0.99999,0.00000,0.00000,0.00001
116.40125,0.99750,1.00000,0.00000,0.00000,0.00000
116.50125,0.99750,0.99999,0.00000,0.00000,0.00001
116.60125,0.99750,0.99997,0.00000,0.00000,0.00003
116.70125,0.99751,0.99929,0.00000,0.00000,0.00071
116.80125,0.99751,0.99845,0.00000,0.00000,0.00155
116.90125,0.99750,0.99982,0.00000,0.00001,0.00017
117.00125,0.99750,0.99851,0.00000,0.00016,0.00132
117.10125,0.99750,0.98834,0.00002,0.00972,0.00191
117.20125,0.99751,0.72310,0.00037,0.27503,0.00150
117.30125,0.99751,0.05657,0.00084,0.94258,0.00002
117.40125,0.99750,0.02572,0.00100,0.97328,0.00000
117.50125,0.99750,0.02475,0.00450,0.97074,0.00000
117.60125,0.99750,0.32624,0.00280,0.67095,0.00000
117.70125,0.99751,0.95769,0.00022,0.04209,0.00000
117.80125,0.99751,0.99893,0.00000,0.00107,0.00000
117.90125,0.99750,0.99995,0.00000,0.00004,0.00000
118.00125,0.99750,1.00000,0.00000,0.00000,0.00000
118.10125,0.99750,1.00000,0.00000,0.00000,0.00000
118.20125,0.99751,1.00000,0.00000,0.00000,0.00000
118.30125,0.99751,0.99999,0.00000,0.00000,0.00001
118.40125,0.99750,0.99999,0.00000,0.00000,0.00001
118.50125,0.99750,0.99999,0.00000,0.00000,0.00001
118.60125,0.99750,0.99999,0.00000,0.00000,0.00001
118.70125,0.99751,0.99997,0.00000,0.00000,0.00003
118.80125,0.99751,0.99991,0.00000,0.00000,0.00009
118.90125,0.99750,0.98930,0.00000,0.00000,0.01070
119.00125,0.99750,0.99998,0.00000,0.00000,0.00002
119.10125,0.99750,0.99304,0.00000,0.00002,0.00694
119.20125,0.99751,0.99674,0.00000,0.00087,0.00239
119.30125,0.99751,0.95788,0.00001,0.03990,0.00220
119.40125,0.99750,0.28070,0.00019,0.71895,0.00016
119.50125,0.99750,0.02857,0.00024,0.97119,0.00000
119.60125,0.99750,0.02214,0.00042,0.97744,0.00000
119.70125,0.99751,0.15900,0.00144,0.83955,0.00001
119.80125,0.99751,0.89132,0.00050,0.10817,0.00000
119.90125,0.99750,0.99659,0.00005,0.00335,0.00001
120.00125,0.99750,0.99990,0.00001,0.00008,0.00000
120.10125,0.99750,0.99999,0.00000,0.00000,0.00000
120.20125,0.99751,1.00000,0.00000,0.00000,0.00000
120.30125,0.99751,1.00000,0.00000,0.00000,0.00000
120.40125,0.99750,0.99999,0.00000,0.00000,0.00001
120.50125,0.99750,0.99999,0.00000,0.00000,0.00001
120.60125,0.99750,0.99994,0.00000,0.00000,0.00006
120.70125,0.99751,0.99997,0.00000,0.00000,0.00003
120.80125,0.99751,0.99999,0.00000,0.00000,0.00001
120.90125,0.99750,0.99996,0.00000,0.00000,0.00004
121.00125,0.99750,0.99996,0.00000,0.00000,0.00004
121.10125,0.99750,0.99996,0.00000,0.00000,0.00004
121.20125,0.99751,0.99997,0.00000,0.00000,0.00003
121.30125,0.99751,0.99997,0.00000,0.00000,0.00003
121.40125,0.99750,0.99999,0.00000,0.00000,0.00001
121.50125,0.99750,1.00000,0.00000,0.00000,0.00000
121.60125,0.99750,1.00000,0.00000,0.00000,0.00000
121.70125,0.99751,0.99998,0.00000,0.00000,0.00002
121.80125,0.99751,0.99999,0.00000,0.00000,0.00001
121.90125,0.99750,1.00000,0.00000,0.00000,0.00000
122.00125,0.99750,1.00000,0.00000,0.00000,0.00000
122.10125,0.99750,1.00000,0.00000,0.00000,0.00000
122.20125,0.99751,0.99999,0.00000,0.00000,0.00001
122.30125,0.99751,0.99996,0.00000,0.00000,0.00004
122.40125,0.99750,0.99433,0.00000,0.00000,0.00567
122.50125,0.99750,0.99995,0.00000,0.00000,0.00005
122.60125,0.99750,0.99569,0.00000,0.00001,0.00430
122.70125,0.99751,0.99919,0.00000,0.00032,0.00049
122.80125,0.99751,0.97975,0.00008,0.01993,0.00024
122.90125,0.99750,0.41514,0.00154,0.58329,0.00003
123.00125,0.99750,0.05787,0.00289,0.93923,0.00000
123.10125,0.99750,0.05009,0.00409,0.94582,0.00000
123.20125,0.99751,0.52916,0.00484,0.46600,0.00000
123.30125,0.99751,0.98247,0.00050,0.01704,0.00000
123.40125,0.99750,0.99964,0.00002,0.00034,0.00000
123.50125,0.99750,0.99999,0.00001,0.00001,0.00000
123.60125,0.99750,1.00000,0.00000,0.00000,0.00000
123.70125,0.99751,1.00000,0.00000,0.00000,0.00000
123.80125,0.99751,1.00000,0.00000,0.00000,0.00000
123.90125,0.99750,1.00000,0.00000,0.00000,0.00000
124.00125,0.99750,1.00000,0.00000,0.00000,0.00000
124.10125,0.99750,1.00000,0.00000,0.00000,0.00000
124.20125,0.99751,1.00000,0.00000,0.00000,0.00000
124.30125,0.99751,0.99998,0.00000,0.00000,0.00002
124.40125,0.99750,0.99990,0.00000,0.00000,0.00010
124.50125,0.99750,0.99147,0.00000,0.00000,0.00853
124.60125,0.99750,0.99987,0.00000,0.00000,0.00012
124.70125,0.99751,0.98104,0.00000,0.00012,0.01884
124.80125,0.99751,0.98984,0.00000,0.00692,0.00324
124.90125,0.99750,0.70833,0.00007,0.28854,0.00305
125.00125,0.99750,0.07137,0.00020,0.92836,0.00006
125.10125,0.99750,0.04807,0.00027,0.95165,0.00000
125.20125,0.99751,0.03035,0.00056,0.96909,0.00000
125.30125,0.99751,0.18195,0.00049,0.81756,0.00000
125.40125,0.99750,0.77276,0.00052,0.22670,0.00002
125.50125,0.99750,0.98469,0.00004,0.01526,0.00000
125.60125,0.99750,0.99960,0.00000,0.00039,0.00000
125.70125,0.99751,0.99999,0.00000,0.00001,0.00000
125.80125,0.99751,1.00000,0.00000,0.00000,0.00000
125.90125,0.99750,1.00000,0.00000,0.00000,0.00000
126.00125,0.99750,0.99999,0.00000,0.00000,0.00001
126.10125,0.99750,0.99999,0.00000,0.00000,0.00001
126.20125,0.99751,0.99998,0.00000,0.00000,0.00002
126.30125,0.99751,1.00000,0.00000,0.00000,0.00000
126.40125,0.99750,0.99999,0.00000,0.00000,0.00001
126.50125,0.99750,0.99997,0.00000,0.00000,0.00003
126.60125,0.99750,0.99940,0.00000,0.00000,0.00060
126.70125,0.99751,0.99861,0.00000,0.00000,0.00139
126.80125,0.99751,0.99996,0.00000,0.00000,0.00004
126.90125,0.99750,0.99799,0.00000,0.00004,0.00197
127.00125,0.99750,0.99560,0.00000,0.00177,0.00263
127.10125,0.99751,0.94970,0.00004,0.04526,0.00499
127.20125,0.99750,0.26211,0.00041,0.73698,0.00050
127.30125,0.99751,0.04105,0.00037,0.95857,0.00000
127.40125,0.99749,0.03171,0.00091,0.96738,0.00000
127.50125,0.99750,0.22829,0.00126,0.77042,0.00003
127.60125,0.99751,0.83213,0.00090,0.16696,0.00001
127.70125,0.99750,0.99655,0.00001,0.00343,0.00000
127.80125,0.99751,0.99971,0.00011,0.00018,0.00000
127.90125,0.99749,0.99998,0.00001,0.00000,0.00001
128.00125,0.99750,1.00000,0.00000,0.00000,0.00000
128.10126,0.99750,1.00000,0.00000,0.00000,0.00000
128.20125,0.99750,0.99999,0.00000,0.00000,0.00001
128.30125,0.99750,0.99999,0.00000,0.00000,0.00001
128.40125,0.99750,0.99996,0.00000,0.00000,0.00004
128.50125,0.99750,0.99996,0.00000,0.00000,0.00004
128.60126,0.99750,0.99996,0.00000,0.00000,0.00004
128.70125,0.99750,0.99994,0.00000,0.00000,0.00006
128.80125,0.99750,0.99973,0.00000,0.00000,0.00027
128.90125,0.99750,0.97109,0.00000,0.00000,0.02891
129.00125,0.99750,0.99976,0.00000,0.00000,0.00024
129.10126,0.99750,0.97786,0.00000,0.00003,0.02211
129.20125,0.99750,0.99548,0.00000,0.00177,0.00275
129.30125,0.99750,0.92372,0.00008,0.07199,0.00421
129.40125,0.99750,0.35957,0.00043,0.63963,0.00036
129.50125,0.99750,0.08116,0.00059,0.91824,0.00001
129.60126,0.99750,0.03080,0.00094,0.96826,0.00000
129.70125,0.99750,0.05056,0.00398,0.94546,0.00000
129.80125,0.99750,0.56801,0.00370,0.42828,0.00000
129.90125,0.99750,0.97712,0.00024,0.02264,0.00000
130.00125,0.99750,0.99951,0.00002,0.00047,0.00000
130.10126,0.99750,0.99998,0.00001,0.00001,0.00000
130.20125,0.99750,1.00000,0.00000,0.00000,0.00000
130.30125,0.99750,1.00000,0.00000,0.00000,0.00000
130.40125,0.99750,1.00000,0.00000,0.00000,0.00000
130.50125,0.99750,0.99999,0.00000,0.00000,0.00001
130.60126,0.99750,1.00000,0.00000,0.00000,0.00000
130.70125,0.99750,0.99999,0.00000,0.00000,0.00001
130.80125,0.99750,0.99998,0.00000,0.00000,0.00002
130.90125,0.99750,0.99995,0.00000,0.00000,0.00005
131.00125,0.99750,0.99961,0.00000,0.00000,0.00039
131.10126,0.99750,0.99353,0.00000,0.00000,0.00647
131.20125,0.99750,0.99984,0.00000,0.00001,0.00015
131.30125,0.99750,0.99684,0.00000,0.00018,0.00298
131.40125,0.99750,0.99030,0.00001,0.00708,0.00261
131.50125,0.99750,0.78118,0.00013,0.21502,0.00367
131.60126,0.99750,0.13008,0.00044,0.86933,0.00015
131.70125,0.99750,0.06309,0.00044,0.93647,0.00000
131.80125,0.99750,0.05909,0.00097,0.93994,0.00000
131.90125,0.99750,0.04588,0.00242,0.95170,0.00000
132.00125,0.99750,0.42435,0.00217,0.57348,0.00000
132.10126,0.99750,0.95788,0.00054,0.04158,0.00000
132.20125,0.99750,0.99835,0.00056,0.00109,0.00000
132.30125,0.99750,0.99994,0.00003,0.00002,0.00000
132.40125,0.99750,1.00000,0.00000,0.00000,0.00000
132.50125,0.99750,1.00000,0.00000,0.00000,0.00000
132.60126,0.99750,1.00000,0.00000,0.00000,0.00000
132.70125,0.99750,1.00000,0.00000,0.00000,0.00000
132.80125,0.99750,1.00000,0.00000,0.00000,0.00000
132.90125,0.99750,1.00000,0.00000,0.00000,0.00000
133.00125,0.99750,0.99999,0.00000,0.00000,0.00001
133.10126,0.99750,0.99995,0.00000,0.00000,0.00005
133.20125,0.99750,0.99977,0.00000,0.00000,0.00023
133.30125,0.99750,0.98851,0.00000,0.00000,0.01149
133.40125,0.99750,0.99881,0.00000,0.00000,0.00119
133.50125,0.99750,0.99460,0.00000,0.00015,0.00525
133.60126,0.99750,0.99437,0.00000,0.00470,0.00093
133.70125,0.99750,0.85936,0.00008,0.13999,0.00057
133.80125,0.99750,0.14790,0.00041,0.85166,0.00003
133.90125,0.99750,0.04580,0.00046,0.95374,0.00000
134.00125,0.99750,0.03590,0.00101,0.96309,0.00000
134.10126,0.99750,0.04137,0.00168,0.95694,0.00000
134.20125,0.99750,0.25668,0.00377,0.73955,0.00000
134.30125,0.99750,0.86313,0.00146,0.13541,0.00000
134.40125,0.99750,0.99513,0.00010,0.00477,0.00000
134.50125,0.99750,0.99962,0.00025,0.00014,0.00000
134.60126,0.99750,0.99996,0.00003,0.00001,0.00000
134.70125,0.99750,1.00000,0.00000,0.00000,0.00000
134.80125,0.99750,1.00000,0.00000,0.00000,0.00000
134.90125,0.99750,0.99999,0.00000,0.00000,0.00001
135.00125,0.99750,0.99996,0.00000,0.00000,0.00004
135.10126,0.99750,0.99996,0.00000,0.00000,0.00004
135.20125,0.99750,0.99996,0.00000,0.00000,0.00004
135.30125,0.99750,0.99996,0.00000,0.00000,0.00004
135.40125,0.99750,0.99994,0.00000,0.00000,0.00006
135.50125,0.99750,0.99972,0.00000,0.00000,0.00028
135.60126,0.99750,0.96918,0.00000,0.00000,0.03082
135.70125,0.99750,0.99409,0.00000,0.00000,0.00591
135.80125,0.99750,0.99320,0.00000,0.00015,0.00665
135.90125,0.99750,0.98289,0.00000,0.00671,0.01039
136.00125,0.99750,0.79239,0.00014,0.19401,0.01346
136.10126,0.99750,0.23432,0.00038,0.76427,0.00103
136.20125,0.99750,0.07693,0.00039,0.92264,0.00005
136.30125,0.99750,0.03943,0.00105,0.95951,0.00000
136.40125,0.99750,0.04157,0.00221,0.95622,0.00000
136.50125,0.99750,0.08017,0.00753,0.91229,0.00000
136.60126,0.99750,0.71951,0.00464,0.27581,0.00004
136.70125,0.99750,0.98623,0.00037,0.01339,0.00002
136.80125,0.99750,0.99819,0.00152,0.00028,0.00001
136.90125,0.99750,0.99995,0.00004,0.00000,0.00001
137.00125,0.99750,0.99999,0.00000,0.00000,0.00001
137.10126,0.99750,0.99999,0.00000,0.00000,0.00001
137.20125,0.99750,0.99998,0.00000,0.00000,0.00001
137.30125,0.99750,0.99996,0.00000,0.00000,0.00004
137.40125,0.99750,0.99997,0.00000,0.00000,0.00003
137.50125,0.99750,0.99997,0.00000,0.00000,0.00003
137.60126,0.99750,0.99997,0.00000,0.00000,0.00003
137.70125,0.99750,0.99997,0.00000,0.00000,0.00003
137.80125,0.99750,0.99998,0.00000,0.00000,0.00002
137.90125,0.99750,0.99997,0.00000,0.00000,0.00003
138.00125,0.99750,0.99998,0.00000,0.00000,0.00002
138.10126,0.99750,0.99998,0.00000,0.00000,0.00002
138.20125,0.99750,0.99999,0.00000,0.00000,0.00001
138.30125,0.99750,0.99999,0.00000,0.00000,0.00001
138.40125,0.99750,0.99994,0.00000,0.00000,0.00006
138.50125,0.99750,0.99863,0.00000,0.00000,0.00137
138.60126,0.99750,0.99919,0.00000,0.00000,0.00081
138.70125,0.99750,0.99906,0.00000,0.00000,0.00094
138.80125,0.99750,0.99806,0.00000,0.00000,0.00194
138.90125,0.99750,0.99809,0.00000,0.00000,0.00191
139.00125,0.99750,0.99802,0.00000,0.00000,0.00198
139.10126,0.99750,0.99869,0.00000,0.00000,0.00131
139.20125,0.99750,0.99987,0.00000,0.00000,0.00013
139.30125,0.99750,0.99998,0.00000,0.00000,0.00002
139.40125,0.99750,1.00000,0.00000,0.00000,0.00000
139.50125,0.99750,0.99999,0.00000,0.00000,0.00001
139.60126,0.99750,0.99999,0.00000,0.00000,0.00001
139.70125,0.99750,0.99996,0.00000,0.00000,0.00004
139.80125,0.99750,0.99507,0.00000,0.00000,0.00493
139.90125,0.99750,0.99980,0.00000,0.00001,0.00019
140.00125,0.99750,0.99161,0.00000,0.00036,0.00804
140.10126,0.99750,0.97624,0.00000,0.02233,0.00143
140.20125,0.99750,0.47564,0.00007,0.52327,0.00101
140.30125,0.99750,0.05407,0.00017,0.94573,0.00002
140.40125,0.99750,0.03025,0.00019,0.96956,0.00000
140.50125,0.99750,0.02973,0.00033,0.96995,0.00000
140.60126,0.99750,0.03320,0.00114,0.96566,0.00000
140.70125,0.99750,0.24770,0.00161,0.75069,0.00000
140.80125,0.99750,0.84670,0.00123,0.15207,0.00000
140.90125,0.99750,0.98791,0.00009,0.01199,0.00000
141.00125,0.99750,0.99950,0.00028,0.00022,0.00000
141.10126,0.99750,0.99998,0.00001,0.00001,0.00000
141.20125,0.99750,1.00000,0.00000,0.00000,0.00000
141.30125,0.99750,1.00000,0.00000,0.00000,0.00000
141.40125,0.99750,0.99998,0.00000,0.00000,0.00002
141.50125,0.99750,0.99999,0.00000,0.00000,0.00001
141.60126,0.99750,0.99999,0.00000,0.00000,0.00001
141.70125,0.99750,0.99999,0.00000,0.00000,0.00001
141.80125,0.99750,0.99996,0.00000,0.00000,0.00004
141.90125,0.99750,0.99987,0.00000,0.00000,0.00013
142.00125,0.99750,0.99582,0.00000,0.00000,0.00418
142.10126,0.99750,0.99978,0.00000,0.00000,0.00022
142.20125,0.99750,0.99659,0.00000,0.00014,0.00327
142.30125,0.99750,0.99201,0.00001,0.00696,0.00102
142.40125,0.99750,0.82123,0.00018,0.17805,0.00054
142.50125,0.99750,0.06947,0.00070,0.92982,0.00001
142.60126,0.99750,0.03321,0.00071,0.96607,0.00000
142.70125,0.99750,0.02411,0.00258,0.97331,0.00000
142.80125,0.99750,0.17169,0.00597,0.82234,0.00000
142.90125,0.99750,0.89006,0.00289,0.10704,0.00000
143.00125,0.99750,0.99675,0.00017,0.00307,0.00000
143.10126,0.99750,0.99971,0.00013,0.00016,0.00000
143.20125,0.99750,0.99999,0.00000,0.00000,0.00000
143.30125,0.99750,1.00000,0.00000,0.00000,0.00000
143.40125,0.99750,1.00000,0.00000,0.00000,0.00000
143.50125,0.99750,0.99999,0.00000,0.00000,0.00001
143.60126,0.99750,0.99999,0.00000,0.00000,0.00001
143.70125,0.99750,0.99996,0.00000,0.00000,0.00004
143.80125,0.99750,0.99998,0.00000,0.00000,0.00002
143.90125,0.99750,0.99997,0.00000,0.00000,0.00003
144.00125,0.99750,0.99998,0.00000,0.00000,0.00002
144.10126,0.99750,0.99995,0.00000,0.00000,0.00005
144.20125,0.99750,0.99899,0.00000,0.00000,0.00101
144.30125,0.99750,0.99281,0.00000,0.00000,0.00719
144.40125,0.99750,0.99963,0.00000,0.00000,0.00037
144.50125,0.99750,0.99581,0.00000,0.00013,0.00406
144.60126,0.99750,0.99425,0.00002,0.00420,0.00153
144.70125,0.99750,0.80003,0.00059,0.19804,0.00134
144.80125,0.99750,0.12439,0.00160,0.87394,0.00007
144.90125,0.99750,0.04703,0.00103,0.95193,0.00000
145.00125,0.99750,0.02094,0.00318,0.97588,0.00000
145.10126,0.99750,0.19698,0.00960,0.79342,0.00001
145.20125,0.99750,0.83864,0.00819,0.15316,0.00001
145.30125,0.99750,0.99235,0.00062,0.00703,0.00000
145.40125,0.99750,0.99914,0.00057,0.00029,0.00000
145.50125,0.99750,0.99999,0.00000,0.00000,0.00000
145.60126,0.99750,1.00000,0.00000,0.00000,0.00000
145.70125,0.99750,1.00000,0.00000,0.00000,0.00000
145.80125,0.99750,1.00000,0.00000,0.00000,0.00000
145.90125,0.99750,0.99999,0.00000,0.00000,0.00001
146.00125,0.99750,0.99997,0.00000,0.00000,0.00003
146.10126,0.99750,0.99999,0.00000,0.00000,0.00001
146.20125,0.99750,0.99998,0.00000,0.00000,0.00002
146.30125,0.99750,0.99998,0.00000,0.00000,0.00002
146.40125,0.99750,0.99998,0.00000,0.00000,0.00002
146.50125,0.99750,0.99998,0.00000,0.00000,0.00002
146.60126,0.99750,0.99999,0.00000,0.00000,0.00001
146.70125,0.99750,1.00000,0.00000,0.00000,0.00000
146.80125,0.99750,1.00000,0.00000,0.00000,0.00000
146.90125,0.99750,0.99999,0.00000,0.00000,0.00001
147.00125,0.99750,0.99997,0.00000,0.00000,0.00003
147.10126,0.99750,0.99427,0.00000,0.00000,0.00573
147.20125,0.99750,0.99996,0.00000,0.00000,0.00004
147.30125,0.99750,0.99272,0.00000,0.00003,0.00725
147.40125,0.99750,0.99827,0.00000,0.00115,0.00058
147.50125,0.99750,0.95574,0.00003,0.04260,0.00163
147.60126,0.99750,0.24305,0.00024,0.75638,0.00034
147.70125,0.99750,0.03814,0.00020,0.96165,0.00000
147.80125,0.99750,0.03001,0.00033,0.96966,0.00000
147.90125,0.99750,0.04678,0.00106,0.95217,0.00000
148.00125,0.99750,0.54019,0.00039,0.45941,0.00000
148.10126,0.99750,0.98480,0.00003,0.01516,0.00000
148.20125,0.99750,0.99959,0.00000,0.00041,0.00000
148.30125,0.99750,0.99999,0.00000,0.00000,0.00000
148.40125,0.99750,1.00000,0.00000,0.00000,0.00000
148.50125,0.99750,1.00000,0.00000,0.00000,0.00000
148.60126,0.99750,1.00000,0.00000,0.00000,0.00000
148.70125,0.99750,1.00000,0.00000,0.00000,0.00000
148.80125,0.99750,1.00000,0.00000,0.00000,0.00000
148.90125,0.99750,1.00000,0.00000,0.00000,0.00000
149.00125,0.99750,1.00000,0.00000,0.00000,0.00000
149.10126,0.99750,1.00000,0.00000,0.00000,0.00000
149.20125,0.99750,1.00000,0.00000,0.00000,0.00000
149.30125,0.99750,1.00000,0.00000,0.00000,0.00000
149.40125,0.99750,1.00000,0.00000,0.00000,0.00000
149.50125,0.99750,0.99999,0.00000,0.00000,0.00001
149.60126,0.99750,0.99996,0.00000,0.00000,0.00004
149.70125,0.99750,0.99995,0.00000,0.00000,0.00005
149.80125,0.99750,0.99994,0.00000,0.00000,0.00006
149.90125,0.99750,0.99990,0.00000,0.00000,0.00010
150.00125,0.99750,0.99992,0.00000,0.00000,0.00008
150.10126,0.99750,0.99992,0.00000,0.00000,0.00008
150.20125,0.99750,0.99996,0.00000,0.00000,0.00004
150.30125,0.99750,0.99997,0.00000,0.00000,0.00003
150.40125,0.99750,0.99999,0.00000,0.00000,0.00001
150.50125,0.99750,0.99995,0.00000,0.00000,0.00005
150.60126,0.99750,0.99973,0.00000,0.00000,0.00027
150.70125,0.99750,0.99635,0.00000,0.00000,0.00365
150.80125,0.99750,0.99599,0.00000,0.00001,0.00400
150.90125,0.99750,0.99884,0.00000,0.00028,0.00088
151.00125,0.99750,0.98026,0.00001,0.01860,0.00112
151.10126,0.99750,0.52591,0.00015,0.47316,0.00078
151.20125,0.99750,0.10573,0.00033,0.89391,0.00003
151.30125,0.99750,0.03135,0.00047,0.96818,0.00000
151.40125,0.99750,0.02892,0.00087,0.97022,0.00000
151.50125,0.99750,0.05559,0.00197,0.94244,0.00000
151.60126,0.99750,0.74460,0.00119,0.25421,0.00000
151.70125,0.99750,0.98973,0.00003,0.01024,0.00000
151.80125,0.99750,0.99962,0.00012,0.00026,0.00000
151.90125,0.99750,0.99999,0.00000,0.00000,0.00000
152.00125,0.99750,1.00000,0.00000,0.00000,0.00000
152.10126,0.99750,1.00000,0.00000,0.00000,0.00000
152.20125,0.99750,1.00000,0.00000,0.00000,0.00000
152.30125,0.99750,0.99999,0.00000,0.00000,0.00001
152.40125,0.99750,0.99998,0.00000,0.00000,0.00002
152.50125,0.99750,0.99999,0.00000,0.00000,0.00001
152.60126,0.99750,0.99999,0.00000,0.00000,0.00001
152.70125,0.99750,0.99998,0.00000,0.00000,0.00002
152.80125,0.99750,0.99993,0.00000,0.00000,0.00007
152.90125,0.99750,0.99972,0.00000,0.00000,0.00028
153.00125,0.99750,0.99486,0.00000,0.00000,0.00514
153.10126,0.99750,0.99852,0.00000,0.00003,0.00145
153.20125,0.99750,0.99871,0.00000,0.00036,0.00093
153.30125,0.99750,0.97837,0.00001,0.02003,0.00159
153.40125,0.99750,0.49109,0.00016,0.50793,0.00083
153.50125,0.99750,0.04629,0.00028,0.95343,0.00001
153.60126,0.99750,0.03332,0.00041,0.96627,0.00000
153.70125,0.99750,0.03786,0.00115,0.96099,0.00000
153.80125,0.99750,0.28638,0.00198,0.71164,0.00000
153.90125,0.99750,0.96293,0.00047,0.03660,0.00000
154.00125,0.99750,0.99922,0.00001,0.00076,0.00000
154.10126,0.99750,0.99994,0.00004,0.00002,0.00000
154.20125,0.99750,1.00000,0.00000,0.00000,0.00000
154.30125,0.99750,1.00000,0.00000,0.00000,0.00000
154.40125,0.99750,1.00000,0.00000,0.00000,0.00000
154.50125,0.99750,1.00000,0.00000,0.00000,0.00000
154.60126,0.99750,1.00000,0.00000,0.00000,0.00000
154.70125,0.99750,0.99999,0.00000,0.00000,0.00001
154.80125,0.99750,0.99999,0.00000,0.00000,0.00001
154.90125,0.99750,1.00000,0.00000,0.00000,0.00000
155.00125,0.99750,1.00000,0.00000,0.00000,0.00000
155.10126,0.99750,1.00000,0.00000,0.00000,0.00000
155.20125,0.99750,0.99999,0.00000,0.00000,0.00001
155.30125,0.99750,0.99997,0.00000,0.00000,0.00003
155.40125,0.99750,0.99549,0.00000,0.00000,0.00451
155.50125,0.99750,0.99995,0.00000,0.00000,0.00005
155.60126,0.99750,0.99845,0.00000,0.00002,0.00153
155.70125,0.99750,0.99771,0.00000,0.00108,0.00121
155.80125,0.99750,0.96362,0.00003,0.03577,0.00058
155.90125,0.99750,0.28842,0.00044,0.71111,0.00003
156.00125,0.99750,0.03162,0.00049,0.96789,0.00000
156.10126,0.99750,0.02306,0.00107,0.97587,0.00000
156.20125,0.99750,0.05733,0.00403,0.93865,0.00000
156.30125,0.99750,0.73495,0.00140,0.26364,0.00000
156.40125,0.99750,0.98759,0.00028,0.01213,0.00000
156.50125,0.99750,0.99962,0.00005,0.00034,0.00000
156.60126,0.99750,0.99999,0.00001,0.00000,0.00000
156.70125,0.99750,1.00000,0.00000,0.00000,0.00000
156.80125,0.99750,1.00000,0.00000,0.00000,0.00000
156.90125,0.99750,1.00000,0.00000,0.00000,0.00000
157.00125,0.99750,1.00000,0.00000,0.00000,0.00000
157.10126,0.99750,1.00000,0.00000,0.00000,0.00000
157.20125,0.99750,0.99999,0.00000,0.00000,0.00001
157.30125,0.99750,0.99999,0.00000,0.00000,0.00001
157.40125,0.99750,0.99999,0.00000,0.00000,0.00001
157.50125,0.99750,0.99999,0.00000,0.00000,0.00001
157.60126,0.99750,1.00000,0.00000,0.00000,0.00000
157.70125,0.99750,1.00000,0.00000,0.00000,0.00000
157.80125,0.99750,0.99999,0.00000,0.00000,0.00001
157.90125,0.99750,0.99996,0.00000,0.00000,0.00004
158.00125,0.99750,0.99577,0.00000,0.00000,0.00423
158.10126,0.99750,0.99999,0.00000,0.00000,0.00001
158.20125,0.99750,0.99828,0.00000,0.00002,0.00170
158.30125,0.99750,0.99742,0.00000,0.00098,0.00160
158.40125,0.99750,0.95646,0.00002,0.04247,0.00106
158.50125,0.99750,0.21755,0.00018,0.78221,0.00005
158.60126,0.99750,0.02734,0.00016,0.97250,0.00000
158.70125,0.99750,0.02652,0.00029,0.97318,0.00000
158.80125,0.99750,0.08128,0.00072,0.91800,0.00000
158.90125,0.99750,0.81053,0.00036,0.18911,0.00000
159.00125,0.99750,0.99230,0.00013,0.00757,0.00000
159.10126,0.99750,0.99947,0.00030,0.00023,0.00000
159.20125,0.99750,0.99997,0.00003,0.00000,0.00000
159.30125,0.99750,1.00000,0.00000,0.00000,0.00000
159.40125,0.99750,1.00000,0.00000,0.00000,0.00000
159.50125,0.99750,1.00000,0.00000,0.00000,0.00000
159.60126,0.99750,1.00000,0.00000,0.00000,0.00000
159.70125,0.99750,1.00000,0.00000,0.00000,0.00000
159.80125,0.99750,0.99999,0.00000,0.00000,0.00001
159.90125,0.99750,0.99997,0.00000,0.00000,0.00003
160.00125,0.99750,0.99960,0.00000,0.00000,0.00040
160.10126,0.99750,0.99665,0.00000,0.00000,0.00335
160.20125,0.99750,0.99983,0.00000,0.00000,0.00017
160.30125,0.99750,0.99683,0.00000,0.00012,0.00305
160.40125,0.99750,0.99345,0.00001,0.00266,0.00389
160.50125,0.99750,0.87315,0.00007,0.12555,0.00123
160.60126,0.99750,0.09452,0.00039,0.90506,0.00003
160.70125,0.99750,0.02540,0.00043,0.97417,0.00000
160.80125,0.99750,0.05276,0.00183,0.94541,0.00000
160.90125,0.99750,0.63691,0.00187,0.36122,0.00001
161.00125,0.99750,0.98222,0.00081,0.01697,0.00000
161.10126,0.99750,0.99952,0.00004,0.00045,0.00000
161.20125,0.99750,0.99995,0.00003,0.00002,0.00000
161.30125,0.99750,1.00000,0.00000,0.00000,0.00000
161.40125,0.99750,1.00000,0.00000,0.00000,0.00000
161.50125,0.99750,1.00000,0.00000,0.00000,0.00000
161.60126,0.99750,1.00000,0.00000,0.00000,0.00000
161.70125,0.99750,0.99999,0.00000,0.00000,0.00001
161.80125,0.99750,0.99999,0.00000,0.00000,0.00001
161.90125,0.99750,0.99999,0.00000,0.00000,0.00001
162.00125,0.99750,0.99996,0.00000,0.00000,0.00004
162.10126,0.99750,0.99982,0.00000,0.00000,0.00018
162.20125,0.99750,0.98254,0.00000,0.00000,0.01746
162.30125,0.99750,0.99989,0.00000,0.00000,0.00011
162.40125,0.99750,0.99672,0.00000,0.00015,0.00313
162.50125,0.99750,0.99161,0.00000,0.00560,0.00278
162.60126,0.99750,0.77303,0.00008,0.22351,0.00338
162.70125,0.99750,0.08180,0.00023,0.91785,0.00012
162.80125,0.99750,0.02162,0.00025,0.97813,0.00000
162.90125,0.99750,0.03012,0.00076,0.96912,0.00000
163.00125,0.99750,0.27006,0.00218,0.72773,0.00002
163.10126,0.99750,0.94680,0.00048,0.05270,0.00002
163.20125,0.99750,0.99832,0.00003,0.00163,0.00001
163.30125,0.99750,0.99994,0.00002,0.00004,0.00000
163.40125,0.99750,1.00000,0.00000,0.00000,0.00000
163.50125,0.99750,1.00000,0.00000,0.00000,0.00000
163.60126,0.99750,1.00000,0.00000,0.00000,0.00000
163.70125,0.99750,0.99999,0.00000,0.00000,0.00001
163.80125,0.99750,0.99998,0.00000,0.00000,0.00002
163.90125,0.99750,0.99998,0.00000,0.00000,0.00002
164.00125,0.99750,0.99997,0.00000,0.00000,0.00003
164.10126,0.99750,0.99998,0.00000,0.00000,0.00002
164.20125,0.99750,0.99999,0.00000,0.00000,0.00001
164.30125,0.99750,0.99999,0.00000,0.00000,0.00001
164.40125,0.99750,0.99999,0.00000,0.00000,0.00001
164.50125,0.99750,0.99999,0.00000,0.00000,0.00001
164.60126,0.99750,0.99997,0.00000,0.00000,0.00003
164.70125,0.99750,0.99998,0.00000,0.00000,0.00002
164.80125,0.99750,0.99999,0.00000,0.00000,0.00001
164.90125,0.99750,1.00000,0.00000,0.00000,0.00000
165.00125,0.99750,1.00000,0.00000,0.00000,0.00000
165.10126,0.99750,1.00000,0.00000,0.00000,0.00000
165.20125,0.99750,1.00000,0.00000,0.00000,0.00000
165.30125,0.99750,1.00000,0.00000,0.00000,0.00000
165.40125,0.99750,1.00000,0.00000,0.00000,0.00000
165.50125,0.99750,1.00000,0.00000,0.00000,0.00000
165.60126,0.99750,1.00000,0.00000,0.00000,0.00000
165.70125,0.99750,1.00000,0.00000,0.00000,0.00000
165.80125,0.99750,1.00000,0.00000,0.00000,0.00000
165.90125,0.99750,1.00000,0.00000,0.00000,0.00000
166.00125,0.99750,1.00000,0.00000,0.00000,0.00000
166.10126,0.99750,1.00000,0.00000,0.00000,0.00000
166.20125,0.99750,1.00000,0.00000,0.00000,0.00000
166.30125,0.99750,0.99999,0.00000,0.00000,0.00001
166.40125,0.99750,0.99999,0.00000,0.00000,0.00001
166.50125,0.99750,0.99999,0.00000,0.00000,0.00001
166.60126,0.99750,1.00000,0.00000,0.00000,0.00000
166.70125,0.99750,1.00000,0.00000,0.00000,0.00000
166.80125,0.99750,0.99999,0.00000,0.00000,0.00001
166.90125,0.99750,0.99992,0.00000,0.00000,0.00008
167.00125,0.99750,0.99268,0.00000,0.00000,0.00732
167.10126,0.99750,0.99992,0.00000,0.00000,0.00008
167.20125,0.99750,0.99357,0.00000,0.00007,0.00636
167.30125,0.99750,0.99612,0.00003,0.00169,0.00216
167.40125,0.99750,0.96364,0.00023,0.03409,0.00204
167.50125,0.99750,0.40089,0.00174,0.59659,0.00078
167.60126,0.99750,0.03708,0.00198,0.96094,0.00001
167.70125,0.99750,0.03035,0.00199,0.96766,0.00000
167.80125,0.99750,0.03936,0.00812,0.95252,0.00000
167.90125,0.99750,0.28518,0.00834,0.70647,0.00000
168.00125,0.99750,0.89883,0.00657,0.09460,0.00000
168.10126,0.99750,0.99675,0.00011,0.00314,0.00000
168.20125,0.99750,0.99976,0.00016,0.00008,0.00000
168.30125,0.99750,1.00000,0.00000,0.00000,0.00000
168.40125,0.99750,1.00000,0.00000,0.00000,0.00000
168.50125,0.99750,1.00000,0.00000,0.00000,0.00000
168.60126,0.99750,1.00000,0.00000,0.00000,0.00000
168.70125,0.99750,1.00000,0.00000,0.00000,0.00000
168.80125,0.99750,0.99999,0.00000,0.00000,0.00001
168.90125,0.99750,0.99999,0.00000,0.00000,0.00001
169.00125,0.99750,0.99999,0.00000,0.00000,0.00001
169.10126,0.99750,1.00000,0.00000,0.00000,0.00000
169.20125,0.99750,1.00000,0.00000,0.00000,0.00000
169.30125,0.99750,1.00000,0.00000,0.00000,0.00000
169.40125,0.99750,1.00000,0.00000,0.00000,0.00000
169.50125,0.99750,1.00000,0.00000,0.00000,0.00000
169.60126,0.99750,1.00000,0.00000,0.00000,0.00000
169.70125,0.99750,0.99999,0.00000,0.00000,0.00001
169.80125,0.99750,0.99986,0.00000,0.00000,0.00014
169.90125,0.99750,0.99993,0.00000,0.00000,0.00007
170.00125,0.99750,0.99662,0.00000,0.00002,0.00336
170.10126,0.99750,0.99334,0.00000,0.00065,0.00601
170.20125,0.99750,0.96124,0.00001,0.02667,0.01208
170.30125,0.99750,0.33261,0.00018,0.66472,0.00249
170.40125,0.99750,0.04437,0.00018,0.95544,0.00002
170.50125,0.99750,0.02526,0.00021,0.97453,0.00000
170.60126,0.99750,0.01852,0.00094,0.98054,0.00000
170.70125,0.99750,0.39587,0.00139,0.60274,0.00000
170.80125,0.99750,0.96069,0.00019,0.03912,0.00000
170.90125,0.99750,0.99749,0.00003,0.00248,0.00000
171.00125,0.99750,0.99993,0.00003,0.00003,0.00000
171.10126,0.99750,1.00000,0.00000,0.00000,0.00000
171.20125,0.99750,1.00000,0.00000,0.00000,0.00000
171.30125,0.99750,1.00000,0.00000,0.00000,0.00000
171.40125,0.99750,0.99999,0.00000,0.00000,0.00001
171.50125,0.99750,0.99999,0.00000,0.00000,0.00001
171.60126,0.99750,0.99997,0.00000,0.00000,0.00003
171.70125,0.99750,0.99997,0.00000,0.00000,0.00003
171.80125,0.99750,0.99996,0.00000,0.00000,0.00004
171.90125,0.99750,0.99996,0.00000,0.00000,0.00004
172.00125,0.99750,0.99998,0.00000,0.00000,0.00002
172.10126,0.99750,0.99999,0.00000,0.00000,0.00001
172.20125,0.99750,1.00000,0.00000,0.00000,0.00000
172.30125,0.99750,0.99999,0.00000,0.00000,0.00001
172.40125,0.99750,0.99999,0.00000,0.00000,0.00001
172.50125,0.99750,0.99985,0.00000,0.00000,0.00015
172.60126,0.99750,0.99981,0.00000,0.00000,0.00019
172.70125,0.99750,0.99892,0.00000,0.00001,0.00108
172.80125,0.99750,0.99947,0.00000,0.00018,0.00035
172.90125,0.99750,0.99338,0.00001,0.00605,0.00056
173.00125,0.99750,0.74060,0.00016,0.25884,0.00041
173.10126,0.99750,0.06370,0.00039,0.93590,0.00001
173.20125,0.99750,0.01995,0.00042,0.97963,0.00000
173.30125,0.99750,0.01680,0.00117,0.98202,0.00000
173.40125,0.99750,0.25798,0.00378,0.73825,0.00000
173.50125,0.99750,0.93091,0.00201,0.06707,0.00000
173.60126,0.99750,0.99779,0.00017,0.00204,0.00000
173.70125,0.99750,0.99953,0.00044,0.00003,0.00000
173.80125,0.99750,0.99998,0.00002,0.00000,0.00000
173.90125,0.99750,1.00000,0.00000,0.00000,0.00000
174.00125,0.99750,1.00000,0.00000,0.00000,0.00000
174.10126,0.99750,1.00000,0.00000,0.00000,0.00000
174.20125,0.99750,1.00000,0.00000,0.00000,0.00000
174.30125,0.99750,0.99999,0.00000,0.00000,0.00001
174.40125,0.99750,1.00000,0.00000,0.00000,0.00000
174.50125,0.99750,0.99999,0.00000,0.00000,0.00001
174.60126,0.99750,0.99997,0.00000,0.00000,0.00003
174.70125,0.99750,0.99915,0.00000,0.00000,0.00085
174.80125,0.99750,0.99800,0.00000,0.00000,0.00200
174.90125,0.99750,0.99977,0.00000,0.00001,0.00022
175.00125,0.99750,0.99875,0.00000,0.00027,0.00098
175.10126,0.99750,0.98997,0.00001,0.00960,0.00043
175.20125,0.99750,0.69553,0.00011,0.30411,0.00025
175.30125,0.99750,0.08324,0.00018,0.91657,0.00000
175.40125,0.99750,0.03240,0.00022,0.96738,0.00000
175.50125,0.99750,0.02915,0.00044,0.97042,0.00000
175.60126,0.99750,0.17369,0.00083,0.82548,0.00000
175.70125,0.99750,0.89762,0.00049,0.10189,0.00000
175.80125,0.99750,0.99658,0.00001,0.00340,0.00000
175.90125,0.99750,0.99973,0.00016,0.00011,0.00000
176.00125,0.99750,1.00000,0.00000,0.00000,0.00000
176.10126,0.99750,1.00000,0.00000,0.00000,0.00000
176.20125,0.99750,1.00000,0.00000,0.00000,0.00000
176.30125,0.99750,1.00000,0.00000,0.00000,0.00000
176.40125,0.99750,1.00000,0.00000,0.00000,0.00000
176.50125,0.99750,0.99999,0.00000,0.00000,0.00001
176.60126,0.99750,0.99999,0.00000,0.00000,0.00001
176.70125,0.99750,0.99998,0.00000,0.00000,0.00002
176.80125,0.99750,1.00000,0.00000,0.00000,0.00000
176.90125,0.99750,1.00000,0.00000,0.00000,0.00000
177.00125,0.99750,0.99999,0.00000,0.00000,0.00001
177.10126,0.99750,0.99996,0.00000,0.00000,0.00004
177.20125,0.99750,0.99594,0.00000,0.00000,0.00406
177.30125,0.99750,0.99992,0.00000,0.00000,0.00008
177.40125,0.99750,0.99707,0.00000,0.00002,0.00291
177.50125,0.99750,0.99937,0.00000,0.00043,0.00020
177.60126,0.99750,0.97606,0.00007,0.02365,0.00022
177.70125,0.99750,0.39973,0.00098,0.59926,0.00004
177.80125,0.99750,0.04877,0.00088,0.95035,0.00000
177.90125,0.99750,0.04714,0.00142,0.95144,0.00000
178.00125,0.99750,0.05439,0.00450,0.94111,0.00000
178.10126,0.99750,0.50178,0.00709,0.49113,0.00000
178.20125,0.99750,0.97330,0.00081,0.02588,0.00000
178.30125,0.99750,0.99853,0.00029,0.00118,0.00000
178.40125,0.99750,0.99987,0.00009,0.00004,0.00000
178.50125,0.99750,0.99999,0.00000,0.00000,0.00000
178.60126,0.99750,1.00000,0.00000,0.00000,0.00000
178.70125,0.99750,1.00000,0.00000,0.00000,0.00000
178.80125,0.99750,1.00000,0.00000,0.00000,0.00000
178.90125,0.99750,1.00000,0.00000,0.00000,0.00000
179.00125,0.99750,0.99999,0.00000,0.00000,0.00001
179.10126,0.99750,0.99999,0.00000,0.00000,0.00001
179.20125,0.99750,0.99999,0.00000,0.00000,0.00001
179.30125,0.99750,1.00000,0.00000,0.00000,0.00000
179.40125,0.99750,1.00000,0.00000,0.00000,0.00000
179.50125,0.99750,1.00000,0.00000,0.00000,0.00000
179.60126,0.99750,1.00000,0.00000,0.00000,0.00000
179.70125,0.99750,1.00000,0.00000,0.00000,0.00000
179.80125,0.99750,0.99998,0.00000,0.00000,0.00002
179.90125,0.99750,0.99697,0.00000,0.00000,0.00303
180.00125,0.99750,0.99996,0.00000,0.00000,0.00004
180.10126,0.99750,0.99510,0.00000,0.00001,0.00489
180.20125,0.99750,0.99852,0.00000,0.00054,0.00093
180.30125,0.99750,0.96542,0.00003,0.03266,0.00188
180.40125,0.99750,0.30838,0.00045,0.69083,0.00033
180.50125,0.99750,0.03579,0.00048,0.96373,0.00000
180.60126,0.99750,0.03041,0.00079,0.96880,0.00000
180.70125,0.99750,0.03325,0.00318,0.96358,0.00000
180.80125,0.99750,0.38449,0.00214,0.61337,0.00000
180.90125,0.99750,0.93330,0.00107,0.06563,0.00000
181.00125,0.99750,0.99775,0.00007,0.00218,0.00000
181.10126,0.99750,0.99989,0.00007,0.00003,0.00000
181.20125,0.99750,0.99998,0.00001,0.00000,0.00000
181.30125,0.99750,1.00000,0.00000,0.00000,0.00000
181.40125,0.99750,1.00000,0.00000,0.00000,0.00000
181.50125,0.99750,0.99999,0.00000,0.00000,0.00001
181.60126,0.99750,0.99999,0.00000,0.00000,0.00001
181.70125,0.99750,0.99999,0.00000,0.00000,0.00001
181.80125,0.99750,1.00000,0.00000,0.00000,0.00000
181.90125,0.99750,1.00000,0.00000,0.00000,0.00000
182.00125,0.99750,0.99999,0.00000,0.00000,0.00001
182.10126,0.99750,0.99998,0.00000,0.00000,0.00002
182.20125,0.99750,0.99809,0.00000,0.00000,0.00191
182.30125,0.99750,0.99954,0.00000,0.00000,0.00046
182.40125,0.99750,0.99642,0.00000,0.00001,0.00357
182.50125,0.99750,0.99799,0.00000,0.00067,0.00134
182.60126,0.99750,0.96806,0.00007,0.03104,0.00083
182.70125,0.99750,0.28019,0.00155,0.71815,0.00011
182.80125,0.99750,0.03572,0.00170,0.96258,0.00000
182.90125,0.99750,0.03394,0.00233,0.96373,0.00000
183.00125,0.99750,0.03689,0.00642,0.95669,0.00000
183.10126,0.99750,0.19007,0.01121,0.79871,0.00000
183.20125,0.99750,0.89192,0.00905,0.09903,0.00000
183.30125,0.99750,0.99808,0.00015,0.00177,0.00000
183.40125,0.99750,0.99974,0.00022,0.00004,0.00000
183.50125,0.99750,0.99999,0.00001,0.00000,0.00000
183.60126,0.99750,1.00000,0.00000,0.00000,0.00000
183.70125,0.99750,1.00000,0.00000,0.00000,0.00000
183.80125,0.99750,1.00000,0.00000,0.00000,0.00000
183.90125,0.99750,1.00000,0.00000,0.00000,0.00000
184.00125,0.99750,1.00000,0.00000,0.00000,0.00000
184.10126,0.99750,1.00000,0.00000,0.00000,0.00000
184.20125,0.99750,1.00000,0.00000,0.00000,0.00000
184.30125,0.99750,1.00000,0.00000,0.00000,0.00000
184.40125,0.99750,1.00000,0.00000,0.00000,0.00000
184.50125,0.99750,1.00000,0.00000,0.00000,0.00000
184.60126,0.99750,1.00000,0.00000,0.00000,0.00000
184.70125,0.99750,0.99998,0.00000,0.00000,0.00002
184.80125,0.99750,0.99853,0.00000,0.00000,0.00147
184.90125,0.99750,0.99904,0.00000,0.00000,0.00096
185.00125,0.99750,0.99884,0.00000,0.00004,0.00112
185.10126,0.99750,0.99817,0.00000,0.00163,0.00020
185.20125,0.99750,0.89623,0.00004,0.10361,0.00012
185.30125,0.99750,0.13595,0.00018,0.86386,0.00000
185.40125,0.99750,0.02482,0.00016,0.97502,0.00000
185.50125,0.99750,0.02287,0.00034,0.97678,0.00000
185.60126,0.99750,0.01959,0.00111,0.97930,0.00000
185.70125,0.99750,0.23810,0.00162,0.76029,0.00000
185.80125,0.99750,0.88257,0.00058,0.11685,0.00000
185.90125,0.99750,0.99342,0.00011,0.00647,0.00000
186.00125,0.99750,0.99985,0.00006,0.00009,0.00000
186.10126,0.99750,1.00000,0.00000,0.00000,0.00000
186.20125,0.99750,1.00000,0.00000,0.00000,0.00000
186.30125,0.99750,1.00000,0.00000,0.00000,0.00000
186.40125,0.99750,1.00000,0.00000,0.00000,0.00000
186.50125,0.99750,0.99999,0.00000,0.00000,0.00001
186.60126,0.99750,0.99999,0.00000,0.00000,0.00001
186.70125,0.99750,0.99999,0.00000,0.00000,0.00001
186.80125,0.99750,0.99999,0.00000,0.00000,0.00001
186.90125,0.99750,1.00000,0.00000,0.00000,0.00000
187.00125,0.99750,1.00000,0.00000,0.00000,0.00000
187.10126,0.99750,1.00000,0.00000,0.00000,0.00000
187.20125,0.99750,1.00000,0.00000,0.00000,0.00000
187.30125,0.99750,1.00000,0.00000,0.00000,0.00000
187.40125,0.99750,1.00000,0.00000,0.00000,0.00000
187.50125,0.99750,1.00000,0.00000,0.00000,0.00000
187.60126,0.99750,1.00000,0.00000,0.00000,0.00000
187.70125,0.99750,1.00000,0.00000,0.00000,0.00000
187.80125,0.99750,1.00000,0.00000,0.00000,0.00000
187.90125,0.99750,0.99999,0.00000,0.00000,0.00001
188.00125,0.99750,0.99999,0.00000,0.00000,0.00001
188.10126,0.99750,0.99999,0.00000,0.00000,0.00001
188.20125,0.99750,1.00000,0.00000,0.00000,0.00000
188.30125,0.99750,1.00000,0.00000,0.00000,0.00000
188.40125,0.99750,1.00000,0.00000,0.00000,0.00000
188.50125,0.99750,1.00000,0.00000,0.00000,0.00000
188.60126,0.99750,1.00000,0.00000,0.00000,0.00000
188.70125,0.99750,1.00000,0.00000,0.00000,0.00000
188.80125,0.99750,1.00000,0.00000,0.00000,0.00000
188.90125,0.99750,1.00000,0.00000,0.00000,0.00000
189.00125,0.99750,1.00000,0.00000,0.00000,0.00000
189.10126,0.99750,1.00000,0.00000,0.00000,0.00000
189.20125,0.99750,1.00000,0.00000,0.00000,0.00000
189.30125,0.99750,1.00000,0.00000,0.00000,0.00000
189.40125,0.99750,1.00000,0.00000,0.00000,0.00000
189.50125,0.99750,1.00000,0.00000,0.00000,0.00000
189.60126,0.99750,1.00000,0.00000,0.00000,0.00000
189.70125,0.99750,1.00000,0.00000,0.00000,0.00000
189.80125,0.99750,1.00000,0.00000,0.00000,0.00000
189.90125,0.99750,1.00000,0.00000,0.00000,0.00000
190.00125,0.99750,1.00000,0.00000,0.00000,0.00000
190.10126,0.99750,1.00000,0.00000,0.00000,0.00000
190.20125,0.99750,1.00000,0.00000,0.00000,0.00000
190.30125,0.99750,1.00000,0.00000,0.00000,0.00000
190.40125,0.99750,1.00000,0.00000,0.00000,0.00000
190.50125,0.99750,1.00000,0.00000,0.00000,0.00000
190.60126,0.99750,1.00000,0.00000,0.00000,0.00000
190.70125,0.99750,1.00000,0.00000,0.00000,0.00000
190.80125,0.99750,1.00000,0.00000,0.00000,0.00000
190.90125,0.99750,1.00000,0.00000,0.00000,0.00000
191.00125,0.99750,1.00000,0.00000,0.00000,0.00000
191.10126,0.99750,1.00000,0.00000,0.00000,0.00000
191.20125,0.99750,1.00000,0.00000,0.00000,0.00000
191.30125,0.99750,1.00000,0.00000,0.00000,0.00000
191.40125,0.99750,1.00000,0.00000,0.00000,0.00000
191.50125,0.99750,1.00000,0.00000,0.00000,0.00000
191.60126,0.99750,1.00000,0.00000,0.00000,0.00000
191.70125,0.99750,1.00000,0.00000,0.00000,0.00000
191.80125,0.99750,1.00000,0.00000,0.00000,0.00000
191.90125,0.99750,1.00000,0.00000,0.00000,0.00000
192.00125,0.99750,1.00000,0.00000,0.00000,0.00000
192.10126,0.99750,1.00000,0.00000,0.00000,0.00000
192.20125,0.99750,1.00000,0.00000,0.00000,0.00000
192.30125,0.99750,1.00000,0.00000,0.00000,0.00000
192.40125,0.99750,1.00000,0.00000,0.00000,0.00000
192.50125,0.99750,1.00000,0.00000,0.00000,0.00000
192.60126,0.99750,1.00000,0.00000,0.00000,0.00000
192.70125,0.99750,1.00000,0.00000,0.00000,0.00000
192.80125,0.99750,1.00000,0.00000,0.00000,0.00000
192.90125,0.99750,1.00000,0.00000,0.00000,0.00000
193.00125,0.99750,1.00000,0.00000,0.00000,0.00000
193.10126,0.99750,1.00000,0.00000,0.00000,0.00000
193.20125,0.99750,1.00000,0.00000,0.00000,0.00000
193.30125,0.99750,1.00000,0.00000,0.00000,0.00000
193.40125,0.99750,1.00000,0.00000,0.00000,0.00000
193.50125,0.99750,1.00000,0.00000,0.00000,0.00000
193.60126,0.99750,1.00000,0.00000,0.00000,0.00000
193.70125,0.99750,1.00000,0.00000,0.00000,0.00000
193.80125,0.99750,1.00000,0.00000,0.00000,0.00000
193.90125,0.99750,1.00000,0.00000,0.00000,0.00000
194.00125,0.99750,0.99999,0.00000,0.00000,0.00001
194.10126,0.99750,0.99995,0.00000,0.00000,0.00005
194.20125,0.99750,0.99545,0.00000,0.00000,0.00455
194.30125,0.99750,0.99888,0.00000,0.00000,0.00112
194.40125,0.99750,0.98980,0.00000,0.00003,0.01017
194.50125,0.99750,0.99351,0.00000,0.00166,0.00483
194.60126,0.99750,0.91028,0.00010,0.08606,0.00355
194.70125,0.99750,0.16973,0.00059,0.82944,0.00024
194.80125,0.99750,0.03125,0.00061,0.96814,0.00000
194.90125,0.99750,0.02492,0.00121,0.97386,0.00000
195.00125,0.99750,0.06567,0.00366,0.93066,0.00000
195.10126,0.99750,0.51412,0.00506,0.48082,0.00000
195.20125,0.99750,0.94497,0.00144,0.05359,0.00000
195.30125,0.99750,0.99862,0.00003,0.00135,0.00000
195.40125,0.99750,0.99997,0.00002,0.00002,0.00000
195.50125,0.99750,1.00000,0.00000,0.00000,0.00000
195.60126,0.99750,1.00000,0.00000,0.00000,0.00000
195.70125,0.99750,1.00000,0.00000,0.00000,0.00000
195.80125,0.99750,1.00000,0.00000,0.00000,0.00000
195.90125,0.99750,1.00000,0.00000,0.00000,0.00000
196.00125,0.99750,1.00000,0.00000,0.00000,0.00000
196.10126,0.99750,1.00000,0.00000,0.00000,0.00000
196.20125,0.99750,1.00000,0.00000,0.00000,0.00000
196.30125,0.99750,1.00000,0.00000,0.00000,0.00000
196.40125,0.99750,1.00000,0.00000,0.00000,0.00000
196.50125,0.99750,1.00000,0.00000,0.00000,0.00000
196.60126,0.99750,0.99999,0.00000,0.00000,0.00001
196.70125,0.99750,0.99996,0.00000,0.00000,0.00004
196.80125,0.99750,0.99401,0.00000,0.00000,0.00599
196.90125,0.99750,0.99989,0.00000,0.00000,0.00011
197.00125,0.99750,0.99069,0.00000,0.00004,0.00927
197.10126,0.99750,0.99395,0.00000,0.00187,0.00418
197.20125,0.99750,0.89307,0.00017,0.10369,0.00307
197.30125,0.99750,0.14127,0.00087,0.85777,0.00009
197.40125,0.99750,0.04178,0.00066,0.95756,0.00000
197.50125,0.99750,0.02713,0.00168,0.97119,0.00000
197.60126,0.99750,0.09637,0.00546,0.89817,0.00000
197.70125,0.99750,0.69918,0.00404,0.29678,0.00000
197.80125,0.99750,0.99075,0.00025,0.00901,0.00000
197.90125,0.99750,0.99969,0.00004,0.00027,0.00000
198.00125,0.99750,0.99999,0.00000,0.00000,0.00000
198.10126,0.99750,1.00000,0.00000,0.00000,0.00000
198.20125,0.99750,1.00000,0.00000,0.00000,0.00000
198.30125,0.99750,1.00000,0.00000,0.00000,0.00000
198.40125,0.99750,1.00000,0.00000,0.00000,0.00000
198.50125,0.99750,1.00000,0.00000,0.00000,0.00000
198.60126,0.99750,1.00000,0.00000,0.00000,0.00000
198.70125,0.99750,1.00000,0.00000,0.00000,0.00000
198.80125,0.99750,1.00000,0.00000,0.00000,0.00000
198.90125,0.99750,1.00000,0.00000,0.00000,0.00000
199.00125,0.99750,0.99999,0.00000,0.00000,0.00001
199.10126,0.99750,0.99990,0.00000,0.00000,0.00010
199.20125,0.99750,0.99247,0.00000,0.00000,0.00753
199.30125,0.99750,0.99989,0.00000,0.00000,0.00011
199.40125,0.99750,0.99752,0.00000,0.00004,0.00244
199.50125,0.99750,0.99654,0.00001,0.00178,0.00168
199.60126,0.99750,0.90841,0.00017,0.08988,0.00155
199.70125,0.99750,0.18124,0.00084,0.81787,0.00005
199.80125,0.99750,0.03526,0.00103,0.96370,0.00000
199.90125,0.99750,0.02903,0.00231,0.96866,0.00000
200.00125,0.99750,0.17942,0.00749,0.81310,0.00000
200.10126,0.99750,0.85189,0.00573,0.14238,0.00000
200.20125,0.99750,0.99637,0.00038,0.00325,0.00000
200.30125,0.99750,0.99980,0.00010,0.00009,0.00000
200.40125,0.99750,0.99999,0.00001,0.00000,0.00000
200.50125,0.99750,1.00000,0.00000,0.00000,0.00000
200.60126,0.99750,1.00000,0.00000,0.00000,0.00000
200.70125,0.99750,1.00000,0.00000,0.00000,0.00000
200.80125,0.99750,1.00000,0.00000,0.00000,0.00000
200.90125,0.99750,1.00000,0.00000,0.00000,0.00000
201.00125,0.99750,1.00000,0.00000,0.00000,0.00000
201.10126,0.99750,0.99999,0.00000,0.00000,0.00001
201.20125,0.99750,0.99998,0.00000,0.00000,0.00002
201.30125,0.99750,0.99987,0.00000,0.00000,0.00013
201.40125,0.99750,0.99566,0.00000,0.00000,0.00434
201.50125,0.99750,0.99928,0.00000,0.00001,0.00072
201.60126,0.99750,0.99759,0.00000,0.00024,0.00216
201.70125,0.99750,0.98695,0.00004,0.01138,0.00162
201.80125,0.99750,0.53702,0.00074,0.46184,0.00040
201.90125,0.99750,0.06600,0.00072,0.93328,0.00000
202.00125,0.99750,0.02398,0.00092,0.97510,0.00000
202.10126,0.99750,0.02728,0.00395,0.96877,0.00000
202.20125,0.99750,0.33816,0.00862,0.65322,0.00000
202.30125,0.99750,0.96228,0.00127,0.03645,0.00000
202.40125,0.99750,0.99898,0.00007,0.00095,0.00000
202.50125,0.99750,0.99988,0.00009,0.00003,0.00000
202.60126,0.99750,1.00000,0.00000,0.00000,0.00000
202.70125,0.99750,1.00000,0.00000,0.00000,0.00000
202.80125,0.99750,1.00000,0.00000,0.00000,0.00000
202.90125,0.99750,1.00000,0.00000,0.00000,0.00000
203.00125,0.99750,1.00000,0.00000,0.00000,0.00000
203.10126,0.99750,1.00000,0.00000,0.00000,0.00000
203.20125,0.99750,0.99999,0.00000,0.00000,0.00001
203.30125,0.99750,0.99992,0.00000,0.00000,0.00008
203.40125,0.99750,0.99565,0.00000,0.00000,0.00435
203.50125,0.99750,0.99980,0.00000,0.00000,0.00020
203.60126,0.99750,0.99497,0.00000,0.00002,0.00501
203.70125,0.99750,0.99875,0.00000,0.00077,0.00048
203.80125,0.99750,0.95605,0.00012,0.04346,0.00037
203.90125,0.99750,0.24821,0.00150,0.75027,0.00002
204.00125,0.99750,0.02914,0.00195,0.96891,0.00000
204.10126,0.99750,0.02708,0.00327,0.96965,0.00000
204.20125,0.99750,0.20368,0.00525,0.79107,0.00000
204.30125,0.99750,0.83260,0.00413,0.16327,0.00000
204.40125,0.99750,0.99418,0.00017,0.00565,0.00000
204.50125,0.99750,0.99982,0.00002,0.00016,0.00000
204.60126,0.99750,0.99999,0.00000,0.00000,0.00000
204.70125,0.99750,1.00000,0.00000,0.00000,0.00000
204.80125,0.99750,1.00000,0.00000,0.00000,0.00000
204.90125,0.99750,0.99999,0.00000,0.00000,0.00001
205.00125,0.99750,0.99999,0.00000,0.00000,0.00001
205.10126,0.99750,0.99996,0.00000,0.00000,0.00004
205.20125,0.99750,0.99989,0.00000,0.00000,0.00011
205.30125,0.99750,0.98798,0.00000,0.00000,0.01202
205.40125,0.99750,0.99917,0.00000,0.00000,0.00083
205.50125,0.99750,0.98386,0.00000,0.00005,0.01609
205.60126,0.99750,0.99202,0.00000,0.00185,0.00612
205.70125,0.99750,0.93149,0.00004,0.06269,0.00578
205.80125,0.99750,0.22859,0.00032,0.77082,0.00028
205.90125,0.99750,0.04456,0.00029,0.95514,0.00000
206.00125,0.99750,0.02219,0.00090,0.97690,0.00000
206.10126,0.99750,0.19879,0.00141,0.79981,0.00000
206.20125,0.99750,0.83670,0.00064,0.16266,0.00000
206.30125,0.99750,0.99333,0.00002,0.00665,0.00000
206.40125,0.99750,0.99976,0.00000,0.00024,0.00000
206.50125,0.99750,0.99999,0.00000,0.00001,0.00000
206.60126,0.99750,1.00000,0.00000,0.00000,0.00000
206.70125,0.99750,1.00000,0.00000,0.00000,0.00000
206.80125,0.99750,0.99999,0.00000,0.00000,0.00001
206.90125,0.99750,0.99993,0.00000,0.00000,0.00007
