Time (seconds), Duration (seconds),pred_(unlabeled),pred_Jab_R,pred_Sidehook_R,pred_Uppercut_R
0.00125,0.99750,1.00000,0.00000,0.00000,0.00000
0.10125,0.99750,0.99999,0.00000,0.00000,0.00000
0.20125,0.99750,0.99999,0.00000,0.00000,0.00001
0.30125,0.99750,0.99997,0.00000,0.00000,0.00003
0.40125,0.99750,0.99999,0.00000,0.00000,0.00001
0.50125,0.99750,0.99999,0.00000,0.00000,0.00001
0.60125,0.99750,0.99999,0.00000,0.00000,0.00001
0.70125,0.99750,1.00000,0.00000,0.00000,0.00000
0.80125,0.99750,1.00000,0.00000,0.00000,0.00000
0.90125,0.99750,1.00000,0.00000,0.00000,0.00000
1.00125,0.99750,1.00000,0.00000,0.00000,0.00000
1.10125,0.99750,1.00000,0.00000,0.00000,0.00000
1.20125,0.99750,0.99994,0.00006,0.00000,0.00000
1.30125,0.99750,0.99999,0.00001,0.00000,0.00000
1.40125,0.99750,0.99998,0.00001,0.00000,0.00000
1.50125,0.99750,0.99998,0.00001,0.00000,0.00001
1.60125,0.99750,0.99998,0.00002,0.00000,0.00000
1.70125,0.99750,0.99997,0.00003,0.00000,0.00001
1.80125,0.99750,0.99982,0.00016,0.00000,0.00002
1.90125,0.99750,0.99956,0.00023,0.00000,0.00020
2.00125,0.99750,0.99972,0.00011,0.00000,0.00016
2.10125,0.99750,0.99975,0.00014,0.00000,0.00011
2.20125,0.99750,0.99978,0.00001,0.00000,0.00021
2.30125,0.99750,0.99974,0.00000,0.00000,0.00026
2.40125,0.99750,0.99955,0.00000,0.00000,0.00045
2.50125,0.99750,0.99631,0.00000,0.00000,0.00369
2.60125,0.99750,0.99175,0.00000,0.00000,0.00825
2.70125,0.99750,0.99609,0.00000,0.00000,0.00391
2.80125,0.99750,0.99940,0.00000,0.00000,0.00060
2.90125,0.99750,0.99995,0.00000,0.00000,0.00005
3.00125,0.99750,1.00000,0.00000,0.00000,0.00000
3.10125,0.99750,0.99999,0.00001,0.00000,0.00000
3.20125,0.99750,0.99997,0.00003,0.00000,0.00000
3.30125,0.99750,0.99992,0.00008,0.00000,0.00000
3.40125,0.99750,0.99835,0.00165,0.00000,0.00000
3.50125,0.99750,0.99960,0.00040,0.00000,0.00000
3.60125,0.99750,0.99962,0.00038,0.00000,0.00000
3.70125,0.99750,0.99922,0.00078,0.00000,0.00000
3.80125,0.99750,0.99988,0.00012,0.00000,0.00000
3.90125,0.99750,0.99992,0.00008,0.00000,0.00000
4.00125,0.99750,0.99991,0.00009,0.00000,0.00000
4.10125,0.99750,0.99853,0.00147,0.00000,0.00000
4.20125,0.99750,0.99996,0.00003,0.00000,0.00000
4.30125,0.99750,0.99998,0.00002,0.00000,0.00000
4.40125,0.99750,1.00000,0.00000,0.00000,0.00000
4.50125,0.99750,0.99996,0.00004,0.00000,0.00000
4.60125,0.99750,0.99986,0.00014,0.00000,0.00000
4.70125,0.99750,0.99997,0.00003,0.00000,0.00000
4.80125,0.99750,0.99981,0.00019,0.00000,0.00000
4.90125,0.99750,0.99983,0.00017,0.00000,0.00000
5.00125,0.99750,0.99973,0.00027,0.00000,0.00000
5.10125,0.99750,0.99859,0.00141,0.00000,0.00000
5.20125,0.99750,0.99630,0.00370,0.00000,0.00000
5.30125,0.99750,0.99390,0.00609,0.00000,0.00001
5.40125,0.99750,0.99894,0.00098,0.00000,0.00008
5.50125,0.99750,0.99949,0.00029,0.00000,0.00022
5.60125,0.99750,0.99963,0.00022,0.00000,0.00015
5.70125,0.99750,0.99966,0.00028,0.00000,0.00006
5.80125,0.99750,0.99976,0.00022,0.00000,0.00002
5.90125,0.99750,0.99986,0.00014,0.00000,0.00000
6.00125,0.99750,0.99962,0.00038,0.00000,0.00000
6.10125,0.99750,0.99952,0.00048,0.00000,0.00000
6.20125,0.99750,0.99885,0.00115,0.00000,0.00000
6.30125,0.99750,0.99614,0.00386,0.00000,0.00000
6.40125,0.99750,0.99523,0.00477,0.00000,0.00000
6.50125,0.99750,0.99556,0.00444,0.00000,0.00000
6.60125,0.99750,0.99670,0.00330,0.00000,0.00000
6.70125,0.99750,0.99681,0.00319,0.00000,0.00000
6.80125,0.99750,0.99350,0.00650,0.00000,0.00000
6.90125,0.99750,0.99801,0.00198,0.00000,0.00001
7.00125,0.99750,0.99980,0.00003,0.00000,0.00017
7.10125,0.99750,0.99920,0.00001,0.00000,0.00079
7.20125,0.99750,0.99578,0.00001,0.00000,0.00421
7.30125,0.99750,0.98065,0.00001,0.00000,0.01934
7.40125,0.99750,0.94674,0.00000,0.00000,0.05326
7.50125,0.99750,0.96110,0.00000,0.00000,0.03889
7.60125,0.99750,0.99202,0.00000,0.00000,0.00798
7.70125,0.99750,0.99867,0.00000,0.00000,0.00133
7.80125,0.99750,0.99991,0.00000,0.00000,0.00009
7.90125,0.99750,0.99998,0.00000,0.00000,0.00002
8.00125,0.99750,1.00000,0.00000,0.00000,0.00000
8.10125,0.99750,0.99999,0.00000,0.00000,0.00000
8.20125,0.99750,1.00000,0.00000,0.00000,0.00000
8.30125,0.99750,1.00000,0.00000,0.00000,0.00000
8.40125,0.99750,1.00000,0.00000,0.00000,0.00000
8.50125,0.99750,1.00000,0.00000,0.00000,0.00000
8.60125,0.99750,1.00000,0.00000,0.00000,0.00000
8.70125,0.99750,1.00000,0.00000,0.00000,0.00000
8.80125,0.99750,1.00000,0.00000,0.00000,0.00000
8.90125,0.99750,1.00000,0.00000,0.00000,0.00000
9.00125,0.99750,1.00000,0.00000,0.00000,0.00000
9.10125,0.99750,1.00000,0.00000,0.00000,0.00000
9.20125,0.99750,1.00000,0.00000,0.00000,0.00000
9.30125,0.99750,1.00000,0.00000,0.00000,0.00000
9.40125,0.99750,1.00000,0.00000,0.00000,0.00000
9.50125,0.99750,1.00000,0.00000,0.00000,0.00000
9.60125,0.99750,1.00000,0.00000,0.00000,0.00000
9.70125,0.99750,0.99999,0.00000,0.00000,0.00000
9.80125,0.99750,0.99996,0.00000,0.00000,0.00004
9.90125,0.99750,0.99944,0.00005,0.00000,0.00051
10.00125,0.99750,0.99987,0.00000,0.00003,0.00010
10.10125,0.99750,0.99991,0.00000,0.00001,0.00008
10.20125,0.99750,0.99753,0.00000,0.00001,0.00246
10.30125,0.99750,0.99864,0.00000,0.00004,0.00132
10.40125,0.99750,0.99810,0.00000,0.00049,0.00141
10.50125,0.99750,0.98839,0.00000,0.01052,0.00109
10.60125,0.99750,0.99715,0.00000,0.00203,0.00082
10.70125,0.99750,0.99911,0.00000,0.00011,0.00078
10.80125,0.99750,0.99680,0.00000,0.00013,0.00307
10.90125,0.99750,0.99978,0.00000,0.00004,0.00018
11.00125,0.99750,0.99946,0.00000,0.00001,0.00053
11.10125,0.99750,0.99975,0.00000,0.00003,0.00022
11.20125,0.99750,0.99963,0.00000,0.00014,0.00023
11.30125,0.99750,0.99969,0.00000,0.00004,0.00027
11.40125,0.99750,0.99954,0.00000,0.00002,0.00043
11.50125,0.99750,0.99655,0.00000,0.00001,0.00344
11.60125,0.99750,0.99832,0.00000,0.00001,0.00167
11.70125,0.99750,0.99972,0.00000,0.00005,0.00023
11.80125,0.99750,0.99976,0.00000,0.00023,0.00002
11.90125,0.99750,0.99445,0.00000,0.00523,0.00032
12.00125,0.99750,0.99626,0.00000,0.00291,0.00083
12.10125,0.99750,0.99339,0.00000,0.00634,0.00028
12.20125,0.99750,0.99810,0.00000,0.00188,0.00002
12.30125,0.99750,0.99961,0.00000,0.00038,0.00000
12.40125,0.99750,0.99991,0.00000,0.00009,0.00000
12.50125,0.99750,0.99939,0.00000,0.00061,0.00000
12.60125,0.99750,0.99995,0.00000,0.00004,0.00000
12.70125,0.99750,0.99991,0.00000,0.00007,0.00002
12.80125,0.99750,0.99887,0.00087,0.00024,0.00002
12.90125,0.99750,0.99990,0.00006,0.00001,0.00002
13.00125,0.99750,0.99996,0.00001,0.00000,0.00003
13.10125,0.99750,0.99752,0.00231,0.00000,0.00017
13.20125,0.99750,0.99642,0.00176,0.00001,0.00181
13.30125,0.99750,0.92266,0.00313,0.00007,0.07415
13.40125,0.99750,0.94404,0.00175,0.00006,0.05415
13.50125,0.99750,0.99657,0.00001,0.00034,0.00307
13.60125,0.99750,0.99804,0.00000,0.00098,0.00098
13.70125,0.99750,0.99917,0.00000,0.00016,0.00067
13.80125,0.99750,0.99587,0.00000,0.00013,0.00399
13.90125,0.99750,0.99891,0.00000,0.00045,0.00063
14.00125,0.99750,0.99462,0.00000,0.00525,0.00013
14.10125,0.99750,0.99930,0.00000,0.00069,0.00001
14.20125,0.99750,0.99996,0.00000,0.00004,0.00000
14.30125,0.99750,0.99999,0.00000,0.00000,0.00000
14.40125,0.99750,1.00000,0.00000,0.00000,0.00000
14.50125,0.99750,1.00000,0.00000,0.00000,0.00000
14.60125,0.99750,1.00000,0.00000,0.00000,0.00000
14.70125,0.99750,1.00000,0.00000,0.00000,0.00000
14.80125,0.99750,1.00000,0.00000,0.00000,0.00000
14.90125,0.99750,1.00000,0.00000,0.00000,0.00000
15.00125,0.99750,1.00000,0.00000,0.00000,0.00000
15.10125,0.99750,1.00000,0.00000,0.00000,0.00000
15.20125,0.99750,1.00000,0.00000,0.00000,0.00000
15.30125,0.99750,1.00000,0.00000,0.00000,0.00000
15.40125,0.99750,1.00000,0.00000,0.00000,0.00000
15.50125,0.99750,1.00000,0.00000,0.00000,0.00000
15.60125,0.99750,1.00000,0.00000,0.00000,0.00000
15.70125,0.99750,1.00000,0.00000,0.00000,0.00000
15.80125,0.99750,1.00000,0.00000,0.00000,0.00000
15.90125,0.99750,1.00000,0.00000,0.00000,0.00000
16.00125,0.99750,1.00000,0.00000,0.00000,0.00000
16.10125,0.99750,1.00000,0.00000,0.00000,0.00000
16.20125,0.99750,1.00000,0.00000,0.00000,0.00000
16.30125,0.99750,1.00000,0.00000,0.00000,0.00000
16.40125,0.99750,1.00000,0.00000,0.00000,0.00000
16.50125,0.99750,1.00000,0.00000,0.00000,0.00000
16.60125,0.99750,1.00000,0.00000,0.00000,0.00000
16.70125,0.99750,1.00000,0.00000,0.00000,0.00000
16.80125,0.99750,0.99999,0.00000,0.00000,0.00001
16.90125,0.99750,1.00000,0.00000,0.00000,0.00000
17.00125,0.99750,1.00000,0.00000,0.00000,0.00000
17.10125,0.99750,0.99999,0.00000,0.00000,0.00000
17.20125,0.99750,0.99999,0.00000,0.00000,0.00001
17.30125,0.99750,1.00000,0.00000,0.00000,0.00000
17.40125,0.99750,1.00000,0.00000,0.00000,0.00000
17.50125,0.99750,1.00000,0.00000,0.00000,0.00000
17.60125,0.99750,1.00000,0.00000,0.00000,0.00000
17.70125,0.99750,1.00000,0.00000,0.00000,0.00000
17.80125,0.99750,1.00000,0.00000,0.00000,0.00000
17.90125,0.99750,1.00000,0.00000,0.00000,0.00000
18.00125,0.99750,0.99999,0.00001,0.00000,0.00000
18.10125,0.99750,0.99962,0.00038,0.00000,0.00000
18.20125,0.99750,0.99980,0.00020,0.00000,0.00000
18.30125,0.99750,0.99994,0.00003,0.00000,0.00003
18.40125,0.99750,0.99986,0.00000,0.00000,0.00014
18.50125,0.99750,0.99967,0.00000,0.00000,0.00033
18.60125,0.99750,0.99996,0.00000,0.00000,0.00004
18.70125,0.99750,1.00000,0.00000,0.00000,0.00000
18.80125,0.99750,1.00000,0.00000,0.00000,0.00000
18.90125,0.99750,1.00000,0.00000,0.00000,0.00000
19.00125,0.99750,1.00000,0.00000,0.00000,0.00000
19.10125,0.99750,1.00000,0.00000,0.00000,0.00000
19.20125,0.99750,1.00000,0.00000,0.00000,0.00000
19.30125,0.99750,0.99998,0.00000,0.00002,0.00000
19.40125,0.99750,1.00000,0.00000,0.00000,0.00000
19.50125,0.99750,1.00000,0.00000,0.00000,0.00000
19.60125,0.99750,1.00000,0.00000,0.00000,0.00000
19.70125,0.99750,1.00000,0.00000,0.00000,0.00000
19.80125,0.99750,1.00000,0.00000,0.00000,0.00000
19.90125,0.99750,1.00000,0.00000,0.00000,0.00000
20.00125,0.99750,1.00000,0.00000,0.00000,0.00000
20.10125,0.99750,1.00000,0.00000,0.00000,0.00000
20.20125,0.99750,0.99996,0.00004,0.00000,0.00000
20.30125,0.99750,0.99994,0.00006,0.00000,0.00000
20.40125,0.99750,0.99732,0.00268,0.00000,0.00000
20.50125,0.99750,0.99844,0.00156,0.00000,0.00000
20.60125,0.99750,0.99970,0.00029,0.00000,0.00000
20.70125,0.99750,0.99987,0.00008,0.00000,0.00004
20.80125,0.99750,0.99946,0.00006,0.00000,0.00047
20.90125,0.99750,0.99655,0.00011,0.00000,0.00334
21.00125,0.99750,0.98322,0.00005,0.00000,0.01673
21.10125,0.99750,0.94465,0.00002,0.00000,0.05533
21.20125,0.99750,0.74936,0.00005,0.00000,0.25060
21.30125,0.99750,0.83334,0.00001,0.00000,0.16665
21.40125,0.99750,0.95904,0.00002,0.00000,0.04095
21.50125,0.99750,0.98496,0.00043,0.00000,0.01461
21.60125,0.99750,0.99809,0.00001,0.00000,0.00190
21.70125,0.99750,0.99989,0.00001,0.00000,0.00011
21.80125,0.99750,0.99998,0.00000,0.00000,0.00001
21.90125,0.99750,1.00000,0.00000,0.00000,0.00000
22.00125,0.99750,1.00000,0.00000,0.00000,0.00000
22.10125,0.99750,1.00000,0.00000,0.00000,0.00000
22.20125,0.99750,1.00000,0.00000,0.00000,0.00000
22.30125,0.99750,0.99999,0.00000,0.00001,0.00000
22.40125,0.99750,0.99997,0.00000,0.00003,0.00000
22.50125,0.99750,0.99999,0.00000,0.00001,0.00000
22.60125,0.99750,0.99999,0.00000,0.00001,0.00000
22.70125,0.99750,0.99998,0.00000,0.00002,0.00000
22.80125,0.99750,0.99999,0.00000,0.00001,0.00000
22.90125,0.99750,0.99992,0.00007,0.00001,0.00000
23.00125,0.99750,0.99991,0.00007,0.00002,0.00000
23.10125,0.99750,0.99942,0.00058,0.00000,0.00000
23.20125,0.99750,0.99997,0.00003,0.00000,0.00000
23.30125,0.99750,0.99992,0.00008,0.00000,0.00000
23.40125,0.99750,0.99985,0.00015,0.00000,0.00000
23.50125,0.99750,0.99976,0.00024,0.00000,0.00000
23.60125,0.99750,0.99925,0.00075,0.00000,0.00000
23.70125,0.99750,0.99028,0.00972,0.00000,0.00000
23.80125,0.99750,0.94388,0.05612,0.00000,0.00000
23.90125,0.99750,0.99811,0.00189,0.00000,0.00000
24.00125,0.99750,0.99897,0.00102,0.00000,0.00001
24.10125,0.99750,0.99996,0.00004,0.00000,0.00000
24.20125,0.99750,1.00000,0.00000,0.00000,0.00000
24.30125,0.99750,1.00000,0.00000,0.00000,0.00000
24.40125,0.99750,1.00000,0.00000,0.00000,0.00000
24.50125,0.99750,1.00000,0.00000,0.00000,0.00000
24.60125,0.99750,0.99999,0.00000,0.00000,0.00001
24.70125,0.99750,0.99983,0.00000,0.00000,0.00018
24.80125,0.99750,0.99992,0.00000,0.00000,0.00008
24.90125,0.99750,0.99997,0.00000,0.00000,0.00003
25.00125,0.99750,0.99992,0.00000,0.00000,0.00008
25.10125,0.99750,0.99990,0.00000,0.00000,0.00010
25.20125,0.99750,0.99984,0.00000,0.00000,0.00016
25.30125,0.99750,0.99996,0.00001,0.00000,0.00003
25.40125,0.99750,1.00000,0.00000,0.00000,0.00000
25.50125,0.99750,0.99999,0.00000,0.00000,0.00001
25.60125,0.99750,0.99998,0.00000,0.00000,0.00002
25.70125,0.99750,0.99998,0.00000,0.00000,0.00002
25.80125,0.99750,0.99995,0.00001,0.00000,0.00004
25.90125,0.99750,0.99993,0.00006,0.00000,0.00001
26.00125,0.99750,0.99995,0.00004,0.00000,0.00001
26.10125,0.99750,0.99998,0.00000,0.00000,0.00002
26.20125,0.99750,0.99996,0.00000,0.00000,0.00004
26.30125,0.99750,0.99976,0.00000,0.00000,0.00023
26.40125,0.99750,0.99975,0.00009,0.00000,0.00016
26.50125,0.99750,0.99964,0.00034,0.00000,0.00001
26.60125,0.99750,0.99994,0.00001,0.00000,0.00004
26.70125,0.99750,0.99981,0.00009,0.00000,0.00010
26.80125,0.99750,0.99970,0.00011,0.00000,0.00019
26.90125,0.99750,0.99286,0.00684,0.00000,0.00030
27.00125,0.99750,0.98705,0.01270,0.00011,0.00014
27.10125,0.99750,0.99807,0.00184,0.00001,0.00009
27.20125,0.99750,0.99965,0.00028,0.00000,0.00007
27.30125,0.99750,0.99989,0.00004,0.00000,0.00006
27.40125,0.99750,0.99989,0.00001,0.00000,0.00010
27.50125,0.99750,0.99993,0.00001,0.00000,0.00006
27.60125,0.99750,0.99999,0.00000,0.00000,0.00000
27.70125,0.99750,1.00000,0.00000,0.00000,0.00000
27.80125,0.99750,1.00000,0.00000,0.00000,0.00000
27.90125,0.99750,1.00000,0.00000,0.00000,0.00000
28.00125,0.99750,1.00000,0.00000,0.00000,0.00000
28.10125,0.99750,1.00000,0.00000,0.00000,0.00000
28.20125,0.99750,1.00000,0.00000,0.00000,0.00000
28.30125,0.99750,1.00000,0.00000,0.00000,0.00000
28.40125,0.99750,1.00000,0.00000,0.00000,0.00000
28.50125,0.99750,1.00000,0.00000,0.00000,0.00000
28.60125,0.99750,1.00000,0.00000,0.00000,0.00000
28.70125,0.99750,1.00000,0.00000,0.00000,0.00000
28.80125,0.99750,1.00000,0.00000,0.00000,0.00000
28.90125,0.99750,1.00000,0.00000,0.00000,0.00000
29.00125,0.99750,1.00000,0.00000,0.00000,0.00000
29.10125,0.99750,1.00000,0.00000,0.00000,0.00000
29.20125,0.99750,1.00000,0.00000,0.00000,0.00000
29.30125,0.99750,1.00000,0.00000,0.00000,0.00000
29.40125,0.99750,1.00000,0.00000,0.00000,0.00000
29.50125,0.99750,1.00000,0.00000,0.00000,0.00000
29.60125,0.99750,1.00000,0.00000,0.00000,0.00000
29.70125,0.99750,1.00000,0.00000,0.00000,0.00000
29.80125,0.99750,1.00000,0.00000,0.00000,0.00000
29.90125,0.99750,1.00000,0.00000,0.00000,0.00000
30.00125,0.99750,1.00000,0.00000,0.00000,0.00000
30.10125,0.99750,1.00000,0.00000,0.00000,0.00000
30.20125,0.99750,1.00000,0.00000,0.00000,0.00000
30.30125,0.99750,1.00000,0.00000,0.00000,0.00000
30.40125,0.99750,1.00000,0.00000,0.00000,0.00000
30.50125,0.99750,1.00000,0.00000,0.00000,0.00000
30.60125,0.99750,1.00000,0.00000,0.00000,0.00000
30.70125,0.99750,1.00000,0.00000,0.00000,0.00000
30.80125,0.99750,1.00000,0.00000,0.00000,0.00000
30.90125,0.99750,1.00000,0.00000,0.00000,0.00000
31.00125,0.99750,1.00000,0.00000,0.00000,0.00000
31.10125,0.99750,1.00000,0.00000,0.00000,0.00000
31.20125,0.99750,1.00000,0.00000,0.00000,0.00000
31.30125,0.99750,1.00000,0.00000,0.00000,0.00000
31.40125,0.99750,1.00000,0.00000,0.00000,0.00000
31.50125,0.99750,1.00000,0.00000,0.00000,0.00000
31.60125,0.99750,1.00000,0.00000,0.00000,0.00000
31.70125,0.99750,1.00000,0.00000,0.00000,0.00000
31.80125,0.99750,1.00000,0.00000,0.00000,0.00000
31.90125,0.99750,1.00000,0.00000,0.00000,0.00000
32.00125,0.99750,1.00000,0.00000,0.00000,0.00000
32.10125,0.99750,1.00000,0.00000,0.00000,0.00000
32.20125,0.99750,0.99999,0.00001,0.00000,0.00000
32.30125,0.99750,1.00000,0.00000,0.00000,0.00000
32.40125,0.99750,1.00000,0.00000,0.00000,0.00000
32.50125,0.99750,1.00000,0.00000,0.00000,0.00000
32.60125,0.99750,1.00000,0.00000,0.00000,0.00000
32.70125,0.99750,1.00000,0.00000,0.00000,0.00000
32.80125,0.99750,1.00000,0.00000,0.00000,0.00000
32.90125,0.99750,1.00000,0.00000,0.00000,0.00000
33.00125,0.99750,1.00000,0.00000,0.00000,0.00000
33.10125,0.99750,1.00000,0.00000,0.00000,0.00000
33.20125,0.99750,1.00000,0.00000,0.00000,0.00000
33.30125,0.99750,1.00000,0.00000,0.00000,0.00000
33.40125,0.99750,1.00000,0.00000,0.00000,0.00000
33.50125,0.99750,1.00000,0.00000,0.00000,0.00000
33.60125,0.99750,1.00000,0.00000,0.00000,0.00000
33.70125,0.99750,0.99998,0.00002,0.00000,0.00000
33.80125,0.99750,0.99992,0.00008,0.00000,0.00000
33.90125,0.99750,0.99995,0.00005,0.00000,0.00000
34.00125,0.99750,0.99993,0.00007,0.00000,0.00000
34.10125,0.99750,0.99871,0.00129,0.00000,0.00000
34.20125,0.99750,0.99946,0.00054,0.00000,0.00000
34.30125,0.99750,0.99951,0.00048,0.00000,0.00001
34.40125,0.99750,0.99993,0.00005,0.00000,0.00002
34.50125,0.99750,0.99992,0.00005,0.00000,0.00003
34.60125,0.99750,0.99995,0.00002,0.00000,0.00003
34.70125,0.99750,0.99986,0.00001,0.00000,0.00013
34.80125,0.99750,0.99999,0.00000,0.00000,0.00001
34.90125,0.99750,1.00000,0.00000,0.00000,0.00000
35.00125,0.99750,1.00000,0.00000,0.00000,0.00000
35.10125,0.99750,1.00000,0.00000,0.00000,0.00000
35.20125,0.99750,1.00000,0.00000,0.00000,0.00000
35.30125,0.99750,1.00000,0.00000,0.00000,0.00000
35.40125,0.99750,1.00000,0.00000,0.00000,0.00000
35.50125,0.99750,1.00000,0.00000,0.00000,0.00000
35.60125,0.99750,1.00000,0.00000,0.00000,0.00000
35.70125,0.99750,1.00000,0.00000,0.00000,0.00000
35.80125,0.99750,1.00000,0.00000,0.00000,0.00000
35.90125,0.99750,1.00000,0.00000,0.00000,0.00000
36.00125,0.99750,1.00000,0.00000,0.00000,0.00000
36.10125,0.99750,0.99999,0.00000,0.00000,0.00001
36.20125,0.99750,0.99999,0.00000,0.00000,0.00001
36.30125,0.99750,1.00000,0.00000,0.00000,0.00000
36.40125,0.99750,1.00000,0.00000,0.00000,0.00000
36.50125,0.99750,1.00000,0.00000,0.00000,0.00000
36.60125,0.99750,1.00000,0.00000,0.00000,0.00000
36.70125,0.99750,1.00000,0.00000,0.00000,0.00000
36.80125,0.99750,1.00000,0.00000,0.00000,0.00000
36.90125,0.99750,1.00000,0.00000,0.00000,0.00000
37.00125,0.99750,1.00000,0.00000,0.00000,0.00000
37.10125,0.99750,1.00000,0.00000,0.00000,0.00000
37.20125,0.99750,1.00000,0.00000,0.00000,0.00000
37.30125,0.99750,1.00000,0.00000,0.00000,0.00000
37.40125,0.99750,1.00000,0.00000,0.00000,0.00000
37.50125,0.99750,1.00000,0.00000,0.00000,0.00000
37.60125,0.99750,1.00000,0.00000,0.00000,0.00000
37.70125,0.99750,1.00000,0.00000,0.00000,0.00000
37.80125,0.99750,1.00000,0.00000,0.00000,0.00000
37.90125,0.99750,1.00000,0.00000,0.00000,0.00000
38.00125,0.99750,1.00000,0.00000,0.00000,0.00000
38.10125,0.99750,1.00000,0.00000,0.00000,0.00000
38.20125,0.99750,1.00000,0.00000,0.00000,0.00000
38.30125,0.99750,1.00000,0.00000,0.00000,0.00000
38.40125,0.99750,1.00000,0.00000,0.00000,0.00000
38.50125,0.99750,1.00000,0.00000,0.00000,0.00000
38.60125,0.99750,1.00000,0.00000,0.00000,0.00000
38.70125,0.99750,1.00000,0.00000,0.00000,0.00000
38.80125,0.99750,1.00000,0.00000,0.00000,0.00000
38.90125,0.99750,1.00000,0.00000,0.00000,0.00000
39.00125,0.99750,1.00000,0.00000,0.00000,0.00000
39.10125,0.99750,1.00000,0.00000,0.00000,0.00000
39.20125,0.99750,1.00000,0.00000,0.00000,0.00000
39.30125,0.99750,1.00000,0.00000,0.00000,0.00000
39.40125,0.99750,1.00000,0.00000,0.00000,0.00000
39.50125,0.99750,1.00000,0.00000,0.00000,0.00000
39.60125,0.99750,1.00000,0.00000,0.00000,0.00000
39.70125,0.99750,1.00000,0.00000,0.00000,0.00000
39.80125,0.99750,1.00000,0.00000,0.00000,0.00000
39.90125,0.99750,1.00000,0.00000,0.00000,0.00000
40.00125,0.99750,1.00000,0.00000,0.00000,0.00000
40.10125,0.99750,1.00000,0.00000,0.00000,0.00000
40.20125,0.99750,1.00000,0.00000,0.00000,0.00000
40.30125,0.99750,1.00000,0.00000,0.00000,0.00000
40.40125,0.99750,1.00000,0.00000,0.00000,0.00000
40.50125,0.99750,1.00000,0.00000,0.00000,0.00000
40.60125,0.99750,1.00000,0.00000,0.00000,0.00000
40.70125,0.99750,1.00000,0.00000,0.00000,0.00000
40.80125,0.99750,1.00000,0.00000,0.00000,0.00000
40.90125,0.99750,1.00000,0.00000,0.00000,0.00000
41.00125,0.99750,1.00000,0.00000,0.00000,0.00000
41.10125,0.99750,1.00000,0.00000,0.00000,0.00000
41.20125,0.99750,1.00000,0.00000,0.00000,0.00000
41.30125,0.99750,1.00000,0.00000,0.00000,0.00000
41.40125,0.99750,1.00000,0.00000,0.00000,0.00000
41.50125,0.99750,1.00000,0.00000,0.00000,0.00000
41.60125,0.99750,1.00000,0.00000,0.00000,0.00000
41.70125,0.99750,1.00000,0.00000,0.00000,0.00000
41.80125,0.99750,1.00000,0.00000,0.00000,0.00000
41.90125,0.99750,1.00000,0.00000,0.00000,0.00000
42.00125,0.99750,1.00000,0.00000,0.00000,0.00000
42.10125,0.99750,1.00000,0.00000,0.00000,0.00000
42.20125,0.99750,1.00000,0.00000,0.00000,0.00000
42.30125,0.99750,1.00000,0.00000,0.00000,0.00000
42.40125,0.99750,1.00000,0.00000,0.00000,0.00000
42.50125,0.99750,1.00000,0.00000,0.00000,0.00000
42.60125,0.99750,1.00000,0.00000,0.00000,0.00000
42.70125,0.99750,1.00000,0.00000,0.00000,0.00000
42.80125,0.99750,1.00000,0.00000,0.00000,0.00000
42.90125,0.99750,1.00000,0.00000,0.00000,0.00000
43.00125,0.99750,1.00000,0.00000,0.00000,0.00000
43.10125,0.99750,1.00000,0.00000,0.00000,0.00000
43.20125,0.99750,1.00000,0.00000,0.00000,0.00000
43.30125,0.99750,1.00000,0.00000,0.00000,0.00000
43.40125,0.99750,1.00000,0.00000,0.00000,0.00000
43.50125,0.99750,1.00000,0.00000,0.00000,0.00000
43.60125,0.99750,1.00000,0.00000,0.00000,0.00000
43.70125,0.99750,1.00000,0.00000,0.00000,0.00000
43.80125,0.99750,1.00000,0.00000,0.00000,0.00000
43.90125,0.99750,1.00000,0.00000,0.00000,0.00000
44.00125,0.99750,1.00000,0.00000,0.00000,0.00000
44.10125,0.99750,1.00000,0.00000,0.00000,0.00000
44.20125,0.99750,1.00000,0.00000,0.00000,0.00000
44.30125,0.99750,1.00000,0.00000,0.00000,0.00000
44.40125,0.99750,1.00000,0.00000,0.00000,0.00000
44.50125,0.99750,1.00000,0.00000,0.00000,0.00000
44.60125,0.99750,1.00000,0.00000,0.00000,0.00000
44.70125,0.99750,1.00000,0.00000,0.00000,0.00000
44.80125,0.99750,1.00000,0.00000,0.00000,0.00000
44.90125,0.99750,1.00000,0.00000,0.00000,0.00000
45.00125,0.99750,1.00000,0.00000,0.00000,0.00000
45.10125,0.99750,1.00000,0.00000,0.00000,0.00000
45.20125,0.99750,1.00000,0.00000,0.00000,0.00000
45.30125,0.99750,1.00000,0.00000,0.00000,0.00000
45.40125,0.99750,1.00000,0.00000,0.00000,0.00000
45.50125,0.99750,1.00000,0.00000,0.00000,0.00000
45.60125,0.99750,1.00000,0.00000,0.00000,0.00000
45.70125,0.99750,1.00000,0.00000,0.00000,0.00000
45.80125,0.99750,1.00000,0.00000,0.00000,0.00000
45.90125,0.99750,1.00000,0.00000,0.00000,0.00000
46.00125,0.99750,1.00000,0.00000,0.00000,0.00000
46.10125,0.99750,1.00000,0.00000,0.00000,0.00000
46.20125,0.99750,1.00000,0.00000,0.00000,0.00000
46.30125,0.99750,0.99984,0.00016,0.00000,0.00000
46.40125,0.99750,0.99501,0.00499,0.00000,0.00000
46.50125,0.99750,0.99967,0.00033,0.00000,0.00000
46.60125,0.99750,0.99981,0.00019,0.00000,0.00000
46.70125,0.99750,0.99992,0.00008,0.00000,0.00000
46.80125,0.99750,0.99987,0.00013,0.00000,0.00000
46.90125,0.99750,0.99956,0.00037,0.00000,0.00007
47.00125,0.99750,0.99845,0.00059,0.00000,0.00096
47.10125,0.99750,0.98175,0.00098,0.00000,0.01727
47.20125,0.99750,0.96946,0.00183,0.00000,0.02871
47.30125,0.99750,0.96801,0.00061,0.00000,0.03138
47.40125,0.99750,0.96558,0.00048,0.00000,0.03394
47.50125,0.99750,0.99142,0.00024,0.00000,0.00834
47.60125,0.99750,0.99918,0.00015,0.00000,0.00068
47.70125,0.99750,0.99982,0.00009,0.00000,0.00008
47.80125,0.99750,0.99992,0.00006,0.00000,0.00002
47.90125,0.99750,0.99994,0.00005,0.00000,0.00001
48.00125,0.99750,0.99989,0.00011,0.00000,0.00000
48.10125,0.99750,0.99971,0.00029,0.00000,0.00000
48.20125,0.99750,0.99917,0.00082,0.00000,0.00000
48.30125,0.99750,0.99879,0.00120,0.00000,0.00000
48.40125,0.99750,0.99906,0.00093,0.00000,0.00001
48.50125,0.99750,0.99991,0.00003,0.00000,0.00007
48.60125,0.99750,0.99994,0.00000,0.00000,0.00006
48.70125,0.99750,0.99998,0.00000,0.00000,0.00002
48.80125,0.99750,0.99999,0.00000,0.00000,0.00001
48.90125,0.99750,1.00000,0.00000,0.00000,0.00000
49.00125,0.99750,1.00000,0.00000,0.00000,0.00000
49.10125,0.99750,1.00000,0.00000,0.00000,0.00000
49.20125,0.99750,1.00000,0.00000,0.00000,0.00000
49.30125,0.99750,1.00000,0.00000,0.00000,0.00000
49.40125,0.99750,1.00000,0.00000,0.00000,0.00000
49.50125,0.99750,1.00000,0.00000,0.00000,0.00000
49.60125,0.99750,0.99999,0.00000,0.00001,0.00000
49.70125,0.99750,0.99999,0.00000,0.00001,0.00000
49.80125,0.99750,0.99998,0.00001,0.00001,0.00000
49.90125,0.99750,0.99997,0.00000,0.00001,0.00003
50.00125,0.99750,0.99996,0.00000,0.00000,0.00004
50.10125,0.99750,0.99997,0.00000,0.00000,0.00003
50.20125,0.99750,0.99997,0.00000,0.00001,0.00002
50.30125,0.99750,0.99996,0.00000,0.00002,0.00002
50.40125,0.99750,0.99998,0.00000,0.00000,0.00002
50.50125,0.99750,0.99997,0.00000,0.00000,0.00003
50.60125,0.99750,0.99999,0.00000,0.00000,0.00001
50.70125,0.99750,1.00000,0.00000,0.00000,0.00000
50.80125,0.99750,1.00000,0.00000,0.00000,0.00000
50.90125,0.99750,1.00000,0.00000,0.00000,0.00000
51.00125,0.99750,1.00000,0.00000,0.00000,0.00000
51.10125,0.99750,1.00000,0.00000,0.00000,0.00000
51.20125,0.99750,1.00000,0.00000,0.00000,0.00000
51.30125,0.99750,1.00000,0.00000,0.00000,0.00000
51.40125,0.99750,1.00000,0.00000,0.00000,0.00000
51.50125,0.99750,1.00000,0.00000,0.00000,0.00000
51.60125,0.99750,1.00000,0.00000,0.00000,0.00000
51.70125,0.99750,1.00000,0.00000,0.00000,0.00000
51.80125,0.99750,0.99999,0.00001,0.00000,0.00000
51.90125,0.99750,0.99954,0.00046,0.00000,0.00000
52.00125,0.99750,0.99997,0.00003,0.00000,0.00000
52.10125,0.99750,0.99989,0.00007,0.00000,0.00003
52.20125,0.99750,0.99827,0.00163,0.00005,0.00005
52.30125,0.99750,0.99766,0.00205,0.00027,0.00002
52.40125,0.99750,0.99742,0.00238,0.00020,0.00000
52.50125,0.99750,0.98814,0.01181,0.00005,0.00000
52.60125,0.99750,0.99999,0.00001,0.00000,0.00000
52.70125,0.99750,1.00000,0.00000,0.00000,0.00000
52.80125,0.99750,1.00000,0.00000,0.00000,0.00000
52.90125,0.99750,1.00000,0.00000,0.00000,0.00000
53.00125,0.99750,1.00000,0.00000,0.00000,0.00000
53.10125,0.99750,1.00000,0.00000,0.00000,0.00000
53.20125,0.99750,1.00000,0.00000,0.00000,0.00000
53.30125,0.99750,1.00000,0.00000,0.00000,0.00000
53.40125,0.99750,1.00000,0.00000,0.00000,0.00000
53.50125,0.99750,1.00000,0.00000,0.00000,0.00000
53.60125,0.99750,1.00000,0.00000,0.00000,0.00000
53.70125,0.99750,1.00000,0.00000,0.00000,0.00000
53.80125,0.99750,1.00000,0.00000,0.00000,0.00000
53.90125,0.99750,1.00000,0.00000,0.00000,0.00000
54.00125,0.99750,1.00000,0.00000,0.00000,0.00000
54.10125,0.99750,1.00000,0.00000,0.00000,0.00000
54.20125,0.99750,1.00000,0.00000,0.00000,0.00000
54.30125,0.99750,1.00000,0.00000,0.00000,0.00000
54.40125,0.99750,1.00000,0.00000,0.00000,0.00000
54.50125,0.99750,1.00000,0.00000,0.00000,0.00000
54.60125,0.99750,1.00000,0.00000,0.00000,0.00000
54.70125,0.99750,1.00000,0.00000,0.00000,0.00000
54.80125,0.99750,0.99999,0.00000,0.00000,0.00001
54.90125,0.99750,0.99999,0.00000,0.00000,0.00001
55.00125,0.99750,0.99998,0.00000,0.00000,0.00002
55.10125,0.99750,1.00000,0.00000,0.00000,0.00000
55.20125,0.99750,1.00000,0.00000,0.00000,0.00000
55.30125,0.99750,1.00000,0.00000,0.00000,0.00000
55.40125,0.99750,1.00000,0.00000,0.00000,0.00000
55.50125,0.99750,1.00000,0.00000,0.00000,0.00000
55.60125,0.99750,1.00000,0.00000,0.00000,0.00000
55.70125,0.99750,0.99999,0.00001,0.00000,0.00000
55.80125,0.99750,0.99996,0.00004,0.00000,0.00000
55.90125,0.99750,0.99998,0.00002,0.00000,0.00000
56.00125,0.99750,0.99995,0.00005,0.00000,0.00000
56.10125,0.99750,0.99985,0.00015,0.00000,0.00000
56.20125,0.99750,0.99995,0.00004,0.00000,0.00000
56.30125,0.99750,0.99884,0.00116,0.00000,0.00000
56.40125,0.99750,0.99929,0.00069,0.00000,0.00002
56.50125,0.99750,0.99913,0.00085,0.00000,0.00003
56.60125,0.99750,0.99985,0.00006,0.00000,0.00009
56.70125,0.99750,0.99985,0.00007,0.00000,0.00008
56.80125,0.99750,0.99970,0.00001,0.00000,0.00029
56.90125,0.99750,0.99978,0.00000,0.00000,0.00022
57.00125,0.99750,0.99999,0.00000,0.00000,0.00001
57.10125,0.99750,1.00000,0.00000,0.00000,0.00000
57.20125,0.99750,1.00000,0.00000,0.00000,0.00000
57.30125,0.99750,1.00000,0.00000,0.00000,0.00000
57.40125,0.99750,1.00000,0.00000,0.00000,0.00000
57.50125,0.99750,1.00000,0.00000,0.00000,0.00000
57.60125,0.99750,1.00000,0.00000,0.00000,0.00000
57.70125,0.99750,0.99999,0.00001,0.00000,0.00000
57.80125,0.99750,1.00000,0.00000,0.00000,0.00000
57.90125,0.99750,1.00000,0.00000,0.00000,0.00000
58.00125,0.99750,0.99996,0.00001,0.00000,0.00003
58.10125,0.99750,0.99988,0.00005,0.00000,0.00007
58.20125,0.99750,0.99968,0.00003,0.00000,0.00029
58.30125,0.99750,0.99968,0.00001,0.00000,0.00031
58.40125,0.99750,0.99994,0.00001,0.00000,0.00004
58.50125,0.99750,0.99999,0.00000,0.00000,0.00001
58.60125,0.99750,0.99995,0.00001,0.00001,0.00003
58.70125,0.99750,0.99965,0.00000,0.00033,0.00002
58.80125,0.99750,0.99521,0.00000,0.00477,0.00002
58.90125,0.99750,0.96772,0.00001,0.03225,0.00001
59.00125,0.99750,0.99687,0.00004,0.00307,0.00002
59.10125,0.99750,0.99990,0.00000,0.00006,0.00004
59.20125,0.99750,0.99997,0.00000,0.00001,0.00002
59.30125,0.99750,0.99997,0.00002,0.00000,0.00001
59.40125,0.99750,0.99996,0.00000,0.00000,0.00003
59.50125,0.99750,0.99995,0.00002,0.00000,0.00003
59.60125,0.99750,0.99992,0.00001,0.00000,0.00007
59.70125,0.99750,0.99996,0.00000,0.00000,0.00004
59.80125,0.99750,0.99984,0.00001,0.00000,0.00015
59.90125,0.99750,0.99994,0.00001,0.00000,0.00005
60.00125,0.99750,0.99995,0.00000,0.00000,0.00004
60.10125,0.99750,0.99991,0.00000,0.00000,0.00009
60.20125,0.99750,0.99939,0.00000,0.00000,0.00060
60.30125,0.99750,0.99727,0.00003,0.00000,0.00270
60.40125,0.99750,0.99650,0.00035,0.00000,0.00315
60.50125,0.99750,0.99646,0.00071,0.00000,0.00283
60.60125,0.99750,0.99912,0.00012,0.00000,0.00076
60.70125,0.99750,0.99946,0.00028,0.00000,0.00026
60.80125,0.99750,0.99988,0.00007,0.00000,0.00005
60.90125,0.99750,0.99997,0.00001,0.00000,0.00002
61.00125,0.99750,1.00000,0.00000,0.00000,0.00000
61.10125,0.99750,0.99999,0.00000,0.00001,0.00000
61.20125,0.99750,0.99996,0.00000,0.00004,0.00000
61.30125,0.99750,0.99991,0.00000,0.00009,0.00000
61.40125,0.99750,0.99992,0.00000,0.00008,0.00000
61.50125,0.99750,0.99998,0.00000,0.00002,0.00000
61.60125,0.99750,0.99999,0.00000,0.00000,0.00000
61.70125,0.99750,0.99999,0.00000,0.00000,0.00000
61.80125,0.99750,0.99999,0.00001,0.00001,0.00000
61.90125,0.99750,0.99998,0.00002,0.00001,0.00000
62.00125,0.99750,0.99998,0.00002,0.00000,0.00000
62.10125,0.99750,0.99999,0.00001,0.00000,0.00000
62.20125,0.99750,1.00000,0.00000,0.00000,0.00000
62.30125,0.99750,1.00000,0.00000,0.00000,0.00000
62.40125,0.99750,1.00000,0.00000,0.00000,0.00000
62.50125,0.99750,1.00000,0.00000,0.00000,0.00000
62.60125,0.99750,1.00000,0.00000,0.00000,0.00000
62.70125,0.99750,0.99999,0.00000,0.00000,0.00001
62.80125,0.99750,0.99998,0.00000,0.00000,0.00002
62.90125,0.99750,0.99996,0.00001,0.00000,0.00003
63.00125,0.99750,0.99996,0.00001,0.00000,0.00003
63.10125,0.99750,0.99997,0.00002,0.00000,0.00001
63.20125,0.99751,0.99999,0.00001,0.00000,0.00000
63.30125,0.99750,0.99998,0.00001,0.00000,0.00000
63.40125,0.99750,1.00000,0.00000,0.00000,0.00000
63.50125,0.99750,1.00000,0.00000,0.00000,0.00000
63.60125,0.99750,1.00000,0.00000,0.00000,0.00000
63.70125,0.99751,0.99998,0.00000,0.00000,0.00002
63.80125,0.99750,0.99996,0.00000,0.00000,0.00004
63.90125,0.99750,0.99997,0.00000,0.00000,0.00003
64.00125,0.99750,0.99998,0.00000,0.00000,0.00002
64.10125,0.99750,0.99997,0.00000,0.00000,0.00003
64.20125,0.99751,0.99993,0.00000,0.00000,0.00007
64.30125,0.99751,0.99981,0.00000,0.00000,0.00019
64.40125,0.99750,0.99983,0.00000,0.00000,0.00017
64.50125,0.99750,0.99995,0.00000,0.00000,0.00005
64.60125,0.99750,0.99999,0.00000,0.00000,0.00001
64.70125,0.99751,1.00000,0.00000,0.00000,0.00000
64.80125,0.99751,1.00000,0.00000,0.00000,0.00000
64.90125,0.99750,1.00000,0.00000,0.00000,0.00000
65.00125,0.99750,0.99999,0.00000,0.00000,0.00000
65.10125,0.99750,1.00000,0.00000,0.00000,0.00000
65.20125,0.99751,1.00000,0.00000,0.00000,0.00000
65.30125,0.99751,0.99999,0.00001,0.00000,0.00000
65.40125,0.99750,0.99997,0.00002,0.00000,0.00000
65.50125,0.99750,0.99998,0.00001,0.00000,0.00001
65.60125,0.99750,0.99999,0.00001,0.00000,0.00001
65.70125,0.99751,0.99998,0.00001,0.00000,0.00001
65.80125,0.99751,0.99982,0.00017,0.00000,0.00002
65.90125,0.99750,0.99964,0.00036,0.00000,0.00000
66.00125,0.99750,0.99995,0.00005,0.00000,0.00000
66.10125,0.99750,0.99995,0.00005,0.00000,0.00000
66.20125,0.99751,0.99995,0.00004,0.00000,0.00000
66.30125,0.99751,0.99998,0.00002,0.00000,0.00000
66.40125,0.99750,0.99998,0.00002,0.00000,0.00000
66.50125,0.99750,0.99998,0.00001,0.00000,0.00001
66.60125,0.99750,0.99995,0.00000,0.00000,0.00005
66.70125,0.99751,0.99993,0.00000,0.00000,0.00007
66.80125,0.99751,0.99987,0.00000,0.00000,0.00013
66.90125,0.99750,0.99978,0.00000,0.00000,0.00021
67.00125,0.99750,0.99986,0.00000,0.00000,0.00014
67.10125,0.99750,0.99981,0.00000,0.00000,0.00019
67.20125,0.99751,0.99988,0.00000,0.00000,0.00012
67.30125,0.99751,0.99995,0.00000,0.00000,0.00005
67.40125,0.99750,0.99997,0.00000,0.00000,0.00003
67.50125,0.99750,0.99998,0.00000,0.00000,0.00002
67.60125,0.99750,0.99998,0.00000,0.00000,0.00002
67.70125,0.99751,0.99998,0.00001,0.00000,0.00001
67.80125,0.99751,0.99999,0.00000,0.00000,0.00000
67.90125,0.99750,0.99997,0.00002,0.00000,0.00000
68.00125,0.99750,0.99973,0.00027,0.00000,0.00000
68.10125,0.99750,0.99941,0.00059,0.00000,0.00000
68.20125,0.99751,0.99986,0.00014,0.00000,0.00000
68.30125,0.99751,0.99997,0.00003,0.00000,0.00000
68.40125,0.99750,0.99997,0.00002,0.00000,0.00000
68.50125,0.99750,0.99991,0.00009,0.00000,0.00000
68.60125,0.99750,0.99996,0.00003,0.00000,0.00001
68.70125,0.99751,0.99997,0.00001,0.00000,0.00002
68.80125,0.99751,0.99995,0.00000,0.00000,0.00004
68.90125,0.99750,0.99993,0.00000,0.00000,0.00007
69.00125,0.99750,0.99976,0.00000,0.00000,0.00024
69.10125,0.99750,0.99985,0.00000,0.00000,0.00015
69.20125,0.99751,0.99998,0.00000,0.00000,0.00002
69.30125,0.99751,1.00000,0.00000,0.00000,0.00000
69.40125,0.99750,1.00000,0.00000,0.00000,0.00000
69.50125,0.99750,1.00000,0.00000,0.00000,0.00000
69.60125,0.99750,1.00000,0.00000,0.00000,0.00000
69.70125,0.99751,1.00000,0.00000,0.00000,0.00000
69.80125,0.99751,1.00000,0.00000,0.00000,0.00000
69.90125,0.99750,1.00000,0.00000,0.00000,0.00000
70.00125,0.99750,1.00000,0.00000,0.00000,0.00000
70.10125,0.99750,1.00000,0.00000,0.00000,0.00000
70.20125,0.99751,1.00000,0.00000,0.00000,0.00000
70.30125,0.99751,1.00000,0.00000,0.00000,0.00000
70.40125,0.99750,1.00000,0.00000,0.00000,0.00000
70.50125,0.99750,1.00000,0.00000,0.00000,0.00000
70.60125,0.99750,1.00000,0.00000,0.00000,0.00000
70.70125,0.99751,1.00000,0.00000,0.00000,0.00000
70.80125,0.99751,1.00000,0.00000,0.00000,0.00000
70.90125,0.99750,1.00000,0.00000,0.00000,0.00000
71.00125,0.99750,1.00000,0.00000,0.00000,0.00000
71.10125,0.99750,1.00000,0.00000,0.00000,0.00000
71.20125,0.99751,1.00000,0.00000,0.00000,0.00000
71.30125,0.99751,1.00000,0.00000,0.00000,0.00000
71.40125,0.99750,1.00000,0.00000,0.00000,0.00000
71.50125,0.99750,1.00000,0.00000,0.00000,0.00000
71.60125,0.99750,1.00000,0.00000,0.00000,0.00000
71.70125,0.99751,0.99997,0.00003,0.00000,0.00000
71.80125,0.99751,0.99995,0.00002,0.00002,0.00001
71.90125,0.99750,0.99964,0.00003,0.00032,0.00001
72.00125,0.99750,0.99835,0.00018,0.00145,0.00002
72.10125,0.99750,0.99994,0.00000,0.00002,0.00003
72.20125,0.99751,0.99990,0.00000,0.00000,0.00010
72.30125,0.99751,0.99960,0.00000,0.00000,0.00039
72.40125,0.99750,0.99599,0.00033,0.00000,0.00368
72.50125,0.99750,0.99827,0.00000,0.00000,0.00173
72.60125,0.99750,0.99985,0.00000,0.00000,0.00015
72.70125,0.99751,0.99993,0.00000,0.00000,0.00007
72.80125,0.99751,0.99988,0.00000,0.00000,0.00012
72.90125,0.99750,0.99984,0.00000,0.00000,0.00016
73.00125,0.99750,0.99966,0.00001,0.00000,0.00033
73.10125,0.99750,0.99963,0.00000,0.00000,0.00037
73.20125,0.99751,0.99916,0.00000,0.00000,0.00083
73.30125,0.99751,0.99560,0.00000,0.00000,0.00440
73.40125,0.99750,0.99913,0.00000,0.00000,0.00087
73.50125,0.99750,0.99982,0.00000,0.00000,0.00018
73.60125,0.99750,0.99969,0.00000,0.00000,0.00031
73.70125,0.99751,0.99987,0.00000,0.00000,0.00013
73.80125,0.99751,0.99999,0.00000,0.00000,0.00001
73.90125,0.99750,0.99999,0.00000,0.00000,0.00000
74.00125,0.99750,1.00000,0.00000,0.00000,0.00000
74.10125,0.99750,0.99999,0.00000,0.00000,0.00001
74.20125,0.99751,0.99999,0.00000,0.00000,0.00001
74.30125,0.99751,0.99999,0.00000,0.00000,0.00001
74.40125,0.99750,1.00000,0.00000,0.00000,0.00000
74.50125,0.99750,1.00000,0.00000,0.00000,0.00000
74.60125,0.99750,1.00000,0.00000,0.00000,0.00000
74.70125,0.99751,1.00000,0.00000,0.00000,0.00000
74.80125,0.99751,1.00000,0.00000,0.00000,0.00000
74.90125,0.99750,1.00000,0.00000,0.00000,0.00000
75.00125,0.99750,1.00000,0.00000,0.00000,0.00000
75.10125,0.99750,1.00000,0.00000,0.00000,0.00000
75.20125,0.99751,0.99999,0.00000,0.00001,0.00000
75.30125,0.99751,0.99999,0.00000,0.00001,0.00000
75.40125,0.99750,0.99999,0.00001,0.00000,0.00000
75.50125,0.99750,0.99996,0.00004,0.00000,0.00000
75.60125,0.99750,0.99997,0.00003,0.00000,0.00000
75.70125,0.99751,0.99991,0.00009,0.00000,0.00000
75.80125,0.99751,1.00000,0.00000,0.00000,0.00000
75.90125,0.99750,1.00000,0.00000,0.00000,0.00000
76.00125,0.99750,1.00000,0.00000,0.00000,0.00000
76.10125,0.99750,1.00000,0.00000,0.00000,0.00000
76.20125,0.99751,1.00000,0.00000,0.00000,0.00000
76.30125,0.99751,1.00000,0.00000,0.00000,0.00000
76.40125,0.99750,1.00000,0.00000,0.00000,0.00000
76.50125,0.99750,1.00000,0.00000,0.00000,0.00000
76.60125,0.99750,1.00000,0.00000,0.00000,0.00000
76.70125,0.99751,1.00000,0.00000,0.00000,0.00000
76.80125,0.99751,1.00000,0.00000,0.00000,0.00000
76.90125,0.99750,1.00000,0.00000,0.00000,0.00000
77.00125,0.99750,1.00000,0.00000,0.00000,0.00000
77.10125,0.99750,1.00000,0.00000,0.00000,0.00000
77.20125,0.99751,1.00000,0.00000,0.00000,0.00000
77.30125,0.99751,1.00000,0.00000,0.00000,0.00000
77.40125,0.99750,1.00000,0.00000,0.00000,0.00000
77.50125,0.99750,1.00000,0.00000,0.00000,0.00000
77.60125,0.99750,1.00000,0.00000,0.00000,0.00000
77.70125,0.99751,1.00000,0.00000,0.00000,0.00000
77.80125,0.99751,1.00000,0.00000,0.00000,0.00000
77.90125,0.99750,1.00000,0.00000,0.00000,0.00000
78.00125,0.99750,1.00000,0.00000,0.00000,0.00000
78.10125,0.99750,1.00000,0.00000,0.00000,0.00000
78.20125,0.99751,1.00000,0.00000,0.00000,0.00000
78.30125,0.99751,1.00000,0.00000,0.00000,0.00000
78.40125,0.99750,1.00000,0.00000,0.00000,0.00000
78.50125,0.99750,1.00000,0.00000,0.00000,0.00000
78.60125,0.99750,1.00000,0.00000,0.00000,0.00000
78.70125,0.99751,1.00000,0.00000,0.00000,0.00000
78.80125,0.99751,1.00000,0.00000,0.00000,0.00000
78.90125,0.99750,1.00000,0.00000,0.00000,0.00000
79.00125,0.99750,1.00000,0.00000,0.00000,0.00000
79.10125,0.99750,0.99976,0.00024,0.00000,0.00000
79.20125,0.99751,0.99967,0.00033,0.00000,0.00000
79.30125,0.99751,0.99973,0.00027,0.00000,0.00000
79.40125,0.99750,0.99994,0.00006,0.00000,0.00000
79.50125,0.99750,1.00000,0.00000,0.00000,0.00000
79.60125,0.99750,0.99996,0.00000,0.00000,0.00004
79.70125,0.99751,0.99999,0.00000,0.00000,0.00001
79.80125,0.99751,1.00000,0.00000,0.00000,0.00000
79.90125,0.99750,1.00000,0.00000,0.00000,0.00000
80.00125,0.99750,1.00000,0.00000,0.00000,0.00000
80.10125,0.99750,0.99997,0.00001,0.00000,0.00002
80.20125,0.99751,0.99992,0.00002,0.00000,0.00006
80.30125,0.99751,0.99998,0.00000,0.00000,0.00001
80.40125,0.99750,0.99999,0.00000,0.00000,0.00000
80.50125,0.99750,0.99999,0.00001,0.00000,0.00000
80.60125,0.99750,0.99998,0.00002,0.00000,0.00000
80.70125,0.99751,0.99968,0.00031,0.00000,0.00000
80.80125,0.99751,0.99995,0.00004,0.00000,0.00001
80.90125,0.99750,0.99986,0.00005,0.00000,0.00009
81.00125,0.99750,0.99985,0.00004,0.00000,0.00011
81.10125,0.99750,0.99941,0.00049,0.00000,0.00010
81.20125,0.99751,0.99962,0.00032,0.00000,0.00006
81.30125,0.99751,0.99932,0.00058,0.00000,0.00010
81.40125,0.99750,0.99890,0.00106,0.00000,0.00004
81.50125,0.99750,0.99989,0.00009,0.00000,0.00002
81.60125,0.99750,0.99993,0.00001,0.00000,0.00006
81.70125,0.99751,0.99998,0.00000,0.00000,0.00001
81.80125,0.99751,1.00000,0.00000,0.00000,0.00000
81.90125,0.99750,1.00000,0.00000,0.00000,0.00000
82.00125,0.99750,0.99999,0.00000,0.00001,0.00000
82.10125,0.99750,0.99999,0.00000,0.00001,0.00000
82.20125,0.99751,1.00000,0.00000,0.00000,0.00000
82.30125,0.99751,1.00000,0.00000,0.00000,0.00000
82.40125,0.99750,1.00000,0.00000,0.00000,0.00000
82.50125,0.99750,0.99999,0.00001,0.00000,0.00000
82.60125,0.99750,0.99999,0.00001,0.00000,0.00000
82.70125,0.99751,0.99997,0.00002,0.00000,0.00001
82.80125,0.99751,0.99996,0.00001,0.00000,0.00003
82.90125,0.99750,0.99979,0.00016,0.00000,0.00004
83.00125,0.99750,0.99952,0.00039,0.00000,0.00009
83.10125,0.99750,0.99981,0.00016,0.00000,0.00003
83.20125,0.99751,0.99999,0.00001,0.00000,0.00000
83.30125,0.99751,1.00000,0.00000,0.00000,0.00000
83.40125,0.99750,0.99999,0.00001,0.00000,0.00000
83.50125,0.99750,0.99997,0.00002,0.00001,0.00000
83.60125,0.99750,0.99984,0.00012,0.00003,0.00000
83.70125,0.99751,0.99978,0.00021,0.00001,0.00000
83.80125,0.99751,1.00000,0.00000,0.00000,0.00000
83.90125,0.99750,1.00000,0.00000,0.00000,0.00000
84.00125,0.99750,1.00000,0.00000,0.00000,0.00000
84.10125,0.99750,1.00000,0.00000,0.00000,0.00000
84.20125,0.99751,1.00000,0.00000,0.00000,0.00000
84.30125,0.99751,1.00000,0.00000,0.00000,0.00000
84.40125,0.99750,1.00000,0.00000,0.00000,0.00000
84.50125,0.99750,1.00000,0.00000,0.00000,0.00000
84.60125,0.99750,1.00000,0.00000,0.00000,0.00000
84.70125,0.99751,0.99999,0.00001,0.00000,0.00000
84.80125,0.99751,0.99999,0.00001,0.00000,0.00000
84.90125,0.99750,0.99926,0.00074,0.00000,0.00000
85.00125,0.99750,0.99868,0.00132,0.00000,0.00000
85.10125,0.99750,0.99886,0.00114,0.00000,0.00000
85.20125,0.99751,0.99944,0.00056,0.00000,0.00000
85.30125,0.99751,0.99943,0.00057,0.00000,0.00000
85.40125,0.99750,0.99995,0.00005,0.00000,0.00000
85.50125,0.99750,0.99999,0.00000,0.00000,0.00000
85.60125,0.99750,1.00000,0.00000,0.00000,0.00000
85.70125,0.99751,1.00000,0.00000,0.00000,0.00000
85.80125,0.99751,0.99999,0.00000,0.00000,0.00000
85.90125,0.99750,0.99998,0.00000,0.00000,0.00002
86.00125,0.99750,0.99993,0.00000,0.00000,0.00007
86.10125,0.99750,0.99994,0.00000,0.00000,0.00006
86.20125,0.99751,0.99980,0.00000,0.00000,0.00020
86.30125,0.99751,0.99982,0.00000,0.00000,0.00018
86.40125,0.99750,0.99938,0.00002,0.00000,0.00060
86.50125,0.99750,0.99730,0.00000,0.00000,0.00270
86.60125,0.99750,0.98218,0.00000,0.00000,0.01782
86.70125,0.99751,0.99668,0.00000,0.00000,0.00332
86.80125,0.99751,0.99937,0.00000,0.00000,0.00063
86.90125,0.99750,0.99995,0.00000,0.00000,0.00004
87.00125,0.99750,1.00000,0.00000,0.00000,0.00000
87.10125,0.99750,1.00000,0.00000,0.00000,0.00000
87.20125,0.99751,1.00000,0.00000,0.00000,0.00000
87.30125,0.99751,1.00000,0.00000,0.00000,0.00000
87.40125,0.99750,1.00000,0.00000,0.00000,0.00000
87.50125,0.99750,1.00000,0.00000,0.00000,0.00000
87.60125,0.99750,1.00000,0.00000,0.00000,0.00000
87.70125,0.99751,1.00000,0.00000,0.00000,0.00000
87.80125,0.99751,1.00000,0.00000,0.00000,0.00000
87.90125,0.99750,1.00000,0.00000,0.00000,0.00000
88.00125,0.99750,1.00000,0.00000,0.00000,0.00000
88.10125,0.99750,1.00000,0.00000,0.00000,0.00000
88.20125,0.99751,1.00000,0.00000,0.00000,0.00000
88.30125,0.99751,1.00000,0.00000,0.00000,0.00000
88.40125,0.99750,1.00000,0.00000,0.00000,0.00000
88.50125,0.99750,1.00000,0.00000,0.00000,0.00000
88.60125,0.99750,1.00000,0.00000,0.00000,0.00000
88.70125,0.99751,1.00000,0.00000,0.00000,0.00000
88.80125,0.99751,1.00000,0.00000,0.00000,0.00000
88.90125,0.99750,1.00000,0.00000,0.00000,0.00000
89.00125,0.99750,1.00000,0.00000,0.00000,0.00000
89.10125,0.99750,1.00000,0.00000,0.00000,0.00000
89.20125,0.99751,1.00000,0.00000,0.00000,0.00000
89.30125,0.99751,1.00000,0.00000,0.00000,0.00000
89.40125,0.99750,0.99998,0.00000,0.00000,0.00002
89.50125,0.99750,0.99990,0.00000,0.00000,0.00010
89.60125,0.99750,0.99986,0.00001,0.00000,0.00014
89.70125,0.99751,0.99991,0.00002,0.00000,0.00008
89.80125,0.99751,0.99999,0.00000,0.00000,0.00001
89.90125,0.99750,0.99979,0.00020,0.00000,0.00000
90.00125,0.99750,0.99996,0.00004,0.00000,0.00000
90.10125,0.99750,0.99982,0.00017,0.00000,0.00000
90.20125,0.99751,0.99985,0.00001,0.00000,0.00014
90.30125,0.99751,0.99983,0.00003,0.00000,0.00015
90.40125,0.99750,0.99988,0.00001,0.00000,0.00011
90.50125,0.99750,0.99983,0.00001,0.00000,0.00016
90.60125,0.99750,0.99989,0.00000,0.00000,0.00011
90.70125,0.99751,0.99999,0.00000,0.00000,0.00001
90.80125,0.99751,0.99993,0.00000,0.00000,0.00007
90.90125,0.99750,0.99687,0.00000,0.00000,0.00313
91.00125,0.99750,0.99352,0.00000,0.00000,0.00648
91.10125,0.99750,0.99749,0.00000,0.00000,0.00251
91.20125,0.99751,0.99933,0.00000,0.00008,0.00059
91.30125,0.99751,0.99826,0.00000,0.00001,0.00173
91.40125,0.99750,0.99850,0.00000,0.00000,0.00150
91.50125,0.99750,0.99985,0.00000,0.00001,0.00014
91.60125,0.99750,0.99991,0.00000,0.00004,0.00005
91.70125,0.99751,0.99789,0.00000,0.00000,0.00211
91.80125,0.99751,0.99881,0.00000,0.00000,0.00119
91.90125,0.99750,0.99989,0.00000,0.00000,0.00011
92.00125,0.99750,0.99994,0.00000,0.00000,0.00006
92.10125,0.99750,0.99998,0.00000,0.00000,0.00002
92.20125,0.99751,1.00000,0.00000,0.00000,0.00000
92.30125,0.99751,1.00000,0.00000,0.00000,0.00000
92.40125,0.99750,1.00000,0.00000,0.00000,0.00000
92.50125,0.99750,1.00000,0.00000,0.00000,0.00000
92.60125,0.99750,1.00000,0.00000,0.00000,0.00000
92.70125,0.99751,1.00000,0.00000,0.00000,0.00000
92.80125,0.99751,1.00000,0.00000,0.00000,0.00000
92.90125,0.99750,1.00000,0.00000,0.00000,0.00000
93.00125,0.99750,1.00000,0.00000,0.00000,0.00000
93.10125,0.99750,0.99999,0.00000,0.00000,0.00001
93.20125,0.99751,0.99998,0.00000,0.00000,0.00002
93.30125,0.99751,0.99999,0.00000,0.00000,0.00001
93.40125,0.99750,1.00000,0.00000,0.00000,0.00000
93.50125,0.99750,1.00000,0.00000,0.00000,0.00000
93.60125,0.99750,1.00000,0.00000,0.00000,0.00000
93.70125,0.99751,0.99999,0.00000,0.00001,0.00000
93.80125,0.99751,0.99997,0.00000,0.00003,0.00000
93.90125,0.99750,0.99999,0.00000,0.00001,0.00000
94.00125,0.99750,0.99999,0.00000,0.00001,0.00000
94.10125,0.99750,0.99999,0.00000,0.00001,0.00000
94.20125,0.99751,0.99999,0.00001,0.00000,0.00000
94.30125,0.99751,1.00000,0.00000,0.00000,0.00000
94.40125,0.99750,1.00000,0.00000,0.00000,0.00000
94.50125,0.99750,1.00000,0.00000,0.00000,0.00000
94.60125,0.99750,1.00000,0.00000,0.00000,0.00000
94.70125,0.99751,0.99997,0.00003,0.00000,0.00000
94.80125,0.99751,0.99998,0.00001,0.00000,0.00001
94.90125,0.99750,0.99997,0.00000,0.00000,0.00002
95.00125,0.99750,0.99983,0.00000,0.00000,0.00017
95.10125,0.99750,0.99980,0.00000,0.00000,0.00019
95.20125,0.99751,0.99991,0.00000,0.00000,0.00009
95.30125,0.99751,0.99998,0.00000,0.00000,0.00002
95.40125,0.99750,0.99986,0.00000,0.00000,0.00014
95.50125,0.99750,0.99999,0.00000,0.00000,0.00001
95.60125,0.99750,1.00000,0.00000,0.00000,0.00000
95.70125,0.99751,0.99999,0.00000,0.00001,0.00000
95.80125,0.99751,0.99999,0.00000,0.00000,0.00000
95.90125,0.99750,1.00000,0.00000,0.00000,0.00000
96.00125,0.99750,1.00000,0.00000,0.00000,0.00000
96.10125,0.99750,1.00000,0.00000,0.00000,0.00000
96.20125,0.99751,1.00000,0.00000,0.00000,0.00000
96.30125,0.99751,0.99999,0.00000,0.00000,0.00001
96.40125,0.99750,1.00000,0.00000,0.00000,0.00000
96.50125,0.99750,0.99999,0.00000,0.00000,0.00001
96.60125,0.99750,1.00000,0.00000,0.00000,0.00000
96.70125,0.99751,0.99999,0.00000,0.00000,0.00001
96.80125,0.99751,0.99999,0.00000,0.00001,0.00000
96.90125,0.99750,0.99987,0.00000,0.00013,0.00000
97.00125,0.99750,0.99846,0.00000,0.00153,0.00000
97.10125,0.99750,0.99913,0.00000,0.00087,0.00000
97.20125,0.99751,0.99999,0.00000,0.00001,0.00000
97.30125,0.99751,0.99998,0.00000,0.00002,0.00000
97.40125,0.99750,0.99991,0.00000,0.00009,0.00000
97.50125,0.99750,0.99998,0.00000,0.00001,0.00000
97.60125,0.99750,0.99998,0.00000,0.00000,0.00002
97.70125,0.99751,0.99999,0.00000,0.00000,0.00001
97.80125,0.99751,0.99997,0.00000,0.00000,0.00003
97.90125,0.99750,0.99995,0.00000,0.00000,0.00005
98.00125,0.99750,0.99978,0.00000,0.00000,0.00022
98.10125,0.99750,0.99997,0.00001,0.00000,0.00002
98.20125,0.99751,1.00000,0.00000,0.00000,0.00000
98.30125,0.99751,1.00000,0.00000,0.00000,0.00000
98.40125,0.99750,1.00000,0.00000,0.00000,0.00000
98.50125,0.99750,1.00000,0.00000,0.00000,0.00000
98.60125,0.99750,1.00000,0.00000,0.00000,0.00000
98.70125,0.99751,1.00000,0.00000,0.00000,0.00000
98.80125,0.99751,1.00000,0.00000,0.00000,0.00000
98.90125,0.99750,1.00000,0.00000,0.00000,0.00000
99.00125,0.99750,1.00000,0.00000,0.00000,0.00000
99.10125,0.99750,1.00000,0.00000,0.00000,0.00000
99.20125,0.99751,1.00000,0.00000,0.00000,0.00000
99.30125,0.99751,1.00000,0.00000,0.00000,0.00000
99.40125,0.99750,1.00000,0.00000,0.00000,0.00000
99.50125,0.99750,1.00000,0.00000,0.00000,0.00000
99.60125,0.99750,1.00000,0.00000,0.00000,0.00000
99.70125,0.99751,1.00000,0.00000,0.00000,0.00000
99.80125,0.99751,1.00000,0.00000,0.00000,0.00000
99.90125,0.99750,1.00000,0.00000,0.00000,0.00000
100.00125,0.99750,1.00000,0.00000,0.00000,0.00000
100.10125,0.99750,1.00000,0.00000,0.00000,0.00000
100.20125,0.99751,1.00000,0.00000,0.00000,0.00000
100.30125,0.99751,1.00000,0.00000,0.00000,0.00000
100.40125,0.99750,1.00000,0.00000,0.00000,0.00000
100.50125,0.99750,1.00000,0.00000,0.00000,0.00000
100.60125,0.99750,1.00000,0.00000,0.00000,0.00000
100.70125,0.99751,1.00000,0.00000,0.00000,0.00000
100.80125,0.99751,1.00000,0.00000,0.00000,0.00000
100.90125,0.99750,1.00000,0.00000,0.00000,0.00000
101.00125,0.99750,1.00000,0.00000,0.00000,0.00000
101.10125,0.99750,1.00000,0.00000,0.00000,0.00000
101.20125,0.99751,1.00000,0.00000,0.00000,0.00000
101.30125,0.99751,1.00000,0.00000,0.00000,0.00000
101.40125,0.99750,1.00000,0.00000,0.00000,0.00000
101.50125,0.99750,1.00000,0.00000,0.00000,0.00000
101.60125,0.99750,1.00000,0.00000,0.00000,0.00000
101.70125,0.99751,1.00000,0.00000,0.00000,0.00000
101.80125,0.99751,1.00000,0.00000,0.00000,0.00000
101.90125,0.99750,1.00000,0.00000,0.00000,0.00000
102.00125,0.99750,1.00000,0.00000,0.00000,0.00000
102.10125,0.99750,1.00000,0.00000,0.00000,0.00000
102.20125,0.99751,1.00000,0.00000,0.00000,0.00000
102.30125,0.99751,1.00000,0.00000,0.00000,0.00000
102.40125,0.99750,1.00000,0.00000,0.00000,0.00000
102.50125,0.99750,1.00000,0.00000,0.00000,0.00000
102.60125,0.99750,1.00000,0.00000,0.00000,0.00000
102.70125,0.99751,1.00000,0.00000,0.00000,0.00000
102.80125,0.99751,1.00000,0.00000,0.00000,0.00000
102.90125,0.99750,1.00000,0.00000,0.00000,0.00000
103.00125,0.99750,1.00000,0.00000,0.00000,0.00000
103.10125,0.99750,1.00000,0.00000,0.00000,0.00000
103.20125,0.99751,1.00000,0.00000,0.00000,0.00000
103.30125,0.99751,1.00000,0.00000,0.00000,0.00000
103.40125,0.99750,1.00000,0.00000,0.00000,0.00000
103.50125,0.99750,1.00000,0.00000,0.00000,0.00000
103.60125,0.99750,1.00000,0.00000,0.00000,0.00000
103.70125,0.99751,1.00000,0.00000,0.00000,0.00000
103.80125,0.99751,1.00000,0.00000,0.00000,0.00000
103.90125,0.99750,1.00000,0.00000,0.00000,0.00000
104.00125,0.99750,1.00000,0.00000,0.00000,0.00000
104.10125,0.99750,1.00000,0.00000,0.00000,0.00000
104.20125,0.99751,1.00000,0.00000,0.00000,0.00000
104.30125,0.99751,1.00000,0.00000,0.00000,0.00000
104.40125,0.99750,1.00000,0.00000,0.00000,0.00000
104.50125,0.99750,1.00000,0.00000,0.00000,0.00000
104.60125,0.99750,0.99999,0.00000,0.00000,0.00001
104.70125,0.99751,1.00000,0.00000,0.00000,0.00000
104.80125,0.99751,1.00000,0.00000,0.00000,0.00000
104.90125,0.99750,1.00000,0.00000,0.00000,0.00000
105.00125,0.99750,1.00000,0.00000,0.00000,0.00000
105.10125,0.99750,1.00000,0.00000,0.00000,0.00000
105.20125,0.99751,1.00000,0.00000,0.00000,0.00000
105.30125,0.99751,1.00000,0.00000,0.00000,0.00000
105.40125,0.99750,1.00000,0.00000,0.00000,0.00000
105.50125,0.99750,1.00000,0.00000,0.00000,0.00000
105.60125,0.99750,1.00000,0.00000,0.00000,0.00000
105.70125,0.99751,1.00000,0.00000,0.00000,0.00000
105.80125,0.99751,1.00000,0.00000,0.00000,0.00000
105.90125,0.99750,1.00000,0.00000,0.00000,0.00000
106.00125,0.99750,1.00000,0.00000,0.00000,0.00000
106.10125,0.99750,1.00000,0.00000,0.00000,0.00000
106.20125,0.99751,1.00000,0.00000,0.00000,0.00000
106.30125,0.99751,1.00000,0.00000,0.00000,0.00000
106.40125,0.99750,1.00000,0.00000,0.00000,0.00000
106.50125,0.99750,1.00000,0.00000,0.00000,0.00000
106.60125,0.99750,1.00000,0.00000,0.00000,0.00000
106.70125,0.99751,1.00000,0.00000,0.00000,0.00000
106.80125,0.99751,1.00000,0.00000,0.00000,0.00000
106.90125,0.99750,1.00000,0.00000,0.00000,0.00000
107.00125,0.99750,1.00000,0.00000,0.00000,0.00000
107.10125,0.99750,1.00000,0.00000,0.00000,0.00000
107.20125,0.99751,1.00000,0.00000,0.00000,0.00000
107.30125,0.99751,0.99997,0.00003,0.00000,0.00000
107.40125,0.99750,0.99999,0.00001,0.00000,0.00000
107.50125,0.99750,0.99996,0.00003,0.00000,0.00001
107.60125,0.99750,0.99994,0.00005,0.00000,0.00001
107.70125,0.99751,0.99982,0.00003,0.00000,0.00015
107.80125,0.99751,0.99848,0.00073,0.00000,0.00078
107.90125,0.99750,0.99919,0.00023,0.00000,0.00058
108.00125,0.99750,0.99988,0.00001,0.00000,0.00011
108.10125,0.99750,0.99997,0.00001,0.00000,0.00002
108.20125,0.99751,0.99999,0.00000,0.00000,0.00000
108.30125,0.99751,0.99980,0.00020,0.00000,0.00000
108.40125,0.99750,0.99998,0.00002,0.00000,0.00000
108.50125,0.99750,0.99998,0.00001,0.00000,0.00001
108.60125,0.99750,0.99997,0.00001,0.00000,0.00002
108.70125,0.99751,0.99982,0.00002,0.00014,0.00002
108.80125,0.99751,0.99937,0.00000,0.00059,0.00005
108.90125,0.99750,0.99775,0.00000,0.00218,0.00007
109.00125,0.99750,0.99792,0.00000,0.00183,0.00026
109.10125,0.99750,0.99750,0.00000,0.00203,0.00047
109.20125,0.99751,0.99882,0.00000,0.00077,0.00041
109.30125,0.99751,0.99854,0.00002,0.00075,0.00069
109.40125,0.99750,0.97348,0.00045,0.02604,0.00002
109.50125,0.99750,0.98986,0.00019,0.00993,0.00001
109.60125,0.99750,0.99980,0.00002,0.00017,0.00000
109.70125,0.99751,0.99990,0.00006,0.00004,0.00000
109.80125,0.99751,0.99995,0.00001,0.00003,0.00000
109.90125,0.99750,0.99993,0.00004,0.00003,0.00000
110.00125,0.99750,0.99998,0.00001,0.00001,0.00000
110.10125,0.99750,0.99999,0.00001,0.00000,0.00000
110.20125,0.99751,0.99999,0.00001,0.00000,0.00000
110.30125,0.99751,0.99997,0.00002,0.00000,0.00000
110.40125,0.99750,0.99964,0.00036,0.00000,0.00000
110.50125,0.99750,0.99882,0.00109,0.00009,0.00000
110.60125,0.99750,0.99849,0.00096,0.00055,0.00000
110.70125,0.99751,0.99943,0.00026,0.00031,0.00000
110.80125,0.99751,0.99978,0.00015,0.00007,0.00000
110.90125,0.99750,0.99976,0.00019,0.00005,0.00000
111.00125,0.99750,0.99986,0.00013,0.00001,0.00000
111.10125,0.99750,0.99959,0.00039,0.00001,0.00001
111.20125,0.99751,0.99986,0.00009,0.00000,0.00005
111.30125,0.99751,0.99965,0.00009,0.00000,0.00025
111.40125,0.99750,0.99856,0.00010,0.00000,0.00134
111.50125,0.99750,0.99899,0.00038,0.00000,0.00063
111.60125,0.99750,0.99906,0.00063,0.00000,0.00031
111.70125,0.99751,0.99997,0.00000,0.00000,0.00002
111.80125,0.99751,0.99999,0.00000,0.00000,0.00001
111.90125,0.99750,1.00000,0.00000,0.00000,0.00000
112.00125,0.99750,1.00000,0.00000,0.00000,0.00000
112.10125,0.99750,1.00000,0.00000,0.00000,0.00000
112.20125,0.99751,1.00000,0.00000,0.00000,0.00000
112.30125,0.99751,1.00000,0.00000,0.00000,0.00000
112.40125,0.99750,1.00000,0.00000,0.00000,0.00000
112.50125,0.99750,1.00000,0.00000,0.00000,0.00000
112.60125,0.99750,1.00000,0.00000,0.00000,0.00000
112.70125,0.99751,1.00000,0.00000,0.00000,0.00000
112.80125,0.99751,1.00000,0.00000,0.00000,0.00000
112.90125,0.99750,1.00000,0.00000,0.00000,0.00000
113.00125,0.99750,1.00000,0.00000,0.00000,0.00000
113.10125,0.99750,1.00000,0.00000,0.00000,0.00000
113.20125,0.99751,1.00000,0.00000,0.00000,0.00000
113.30125,0.99751,0.99999,0.00000,0.00001,0.00000
113.40125,0.99750,0.99997,0.00000,0.00003,0.00000
113.50125,0.99750,0.99981,0.00000,0.00019,0.00000
113.60125,0.99750,0.99921,0.00000,0.00079,0.00000
113.70125,0.99751,0.99944,0.00000,0.00056,0.00000
113.80125,0.99751,0.99850,0.00000,0.00150,0.00000
113.90125,0.99750,0.99812,0.00000,0.00188,0.00000
114.00125,0.99750,0.99855,0.00000,0.00145,0.00000
114.10125,0.99750,0.99948,0.00000,0.00052,0.00000
114.20125,0.99751,0.99978,0.00001,0.00021,0.00000
114.30125,0.99751,0.99978,0.00010,0.00012,0.00000
114.40125,0.99750,0.99955,0.00039,0.00007,0.00000
114.50125,0.99750,0.99961,0.00038,0.00001,0.00000
114.60125,0.99750,0.99978,0.00022,0.00000,0.00000
114.70125,0.99751,0.99484,0.00516,0.00000,0.00000
114.80125,0.99751,0.98778,0.01222,0.00000,0.00000
114.90125,0.99750,0.99769,0.00231,0.00000,0.00000
115.00125,0.99750,0.99956,0.00044,0.00000,0.00000
115.10125,0.99750,0.99989,0.00011,0.00000,0.00000
115.20125,0.99751,0.99998,0.00002,0.00000,0.00000
115.30125,0.99751,0.99995,0.00001,0.00000,0.00003
115.40125,0.99750,0.99993,0.00003,0.00000,0.00004
115.50125,0.99750,0.99994,0.00002,0.00000,0.00004
115.60125,0.99750,0.99989,0.00001,0.00000,0.00010
115.70125,0.99751,0.99975,0.00003,0.00000,0.00022
115.80125,0.99751,0.99933,0.00003,0.00000,0.00064
115.90125,0.99750,0.99864,0.00004,0.00000,0.00132
116.00125,0.99750,0.99893,0.00004,0.00000,0.00103
116.10125,0.99750,0.99967,0.00000,0.00000,0.00033
116.20125,0.99751,0.99983,0.00000,0.00000,0.00017
116.30125,0.99751,0.99988,0.00000,0.00000,0.00011
116.40125,0.99750,0.99950,0.00000,0.00000,0.00050
116.50125,0.99750,0.99737,0.00000,0.00000,0.00263
116.60125,0.99750,0.99692,0.00002,0.00000,0.00306
116.70125,0.99751,0.99340,0.00000,0.00000,0.00660
116.80125,0.99751,0.99146,0.00000,0.00000,0.00854
116.90125,0.99750,0.99535,0.00000,0.00000,0.00465
117.00125,0.99750,0.99710,0.00000,0.00000,0.00289
117.10125,0.99750,0.99936,0.00001,0.00000,0.00063
117.20125,0.99751,0.99985,0.00000,0.00000,0.00015
117.30125,0.99751,0.99996,0.00000,0.00001,0.00003
117.40125,0.99750,0.99998,0.00000,0.00002,0.00000
117.50125,0.99750,0.99999,0.00000,0.00001,0.00000
117.60125,0.99750,0.99999,0.00000,0.00001,0.00000
117.70125,0.99751,1.00000,0.00000,0.00000,0.00000
117.80125,0.99751,1.00000,0.00000,0.00000,0.00000
117.90125,0.99750,1.00000,0.00000,0.00000,0.00000
118.00125,0.99750,1.00000,0.00000,0.00000,0.00000
118.10125,0.99750,1.00000,0.00000,0.00000,0.00000
118.20125,0.99751,1.00000,0.00000,0.00000,0.00000
118.30125,0.99751,1.00000,0.00000,0.00000,0.00000
118.40125,0.99750,1.00000,0.00000,0.00000,0.00000
118.50125,0.99750,1.00000,0.00000,0.00000,0.00000
118.60125,0.99750,1.00000,0.00000,0.00000,0.00000
118.70125,0.99751,1.00000,0.00000,0.00000,0.00000
118.80125,0.99751,1.00000,0.00000,0.00000,0.00000
118.90125,0.99750,1.00000,0.00000,0.00000,0.00000
119.00125,0.99750,1.00000,0.00000,0.00000,0.00000
119.10125,0.99750,1.00000,0.00000,0.00000,0.00000
119.20125,0.99751,0.99999,0.00001,0.00000,0.00000
119.30125,0.99751,1.00000,0.00000,0.00000,0.00000
119.40125,0.99750,0.99999,0.00001,0.00000,0.00000
119.50125,0.99750,0.99999,0.00000,0.00000,0.00001
119.60125,0.99750,0.99992,0.00000,0.00000,0.00008
119.70125,0.99751,0.99990,0.00000,0.00000,0.00010
119.80125,0.99751,0.99999,0.00000,0.00000,0.00001
119.90125,0.99750,1.00000,0.00000,0.00000,0.00000
120.00125,0.99750,1.00000,0.00000,0.00000,0.00000
120.10125,0.99750,1.00000,0.00000,0.00000,0.00000
120.20125,0.99751,1.00000,0.00000,0.00000,0.00000
120.30125,0.99751,1.00000,0.00000,0.00000,0.00000
120.40125,0.99750,1.00000,0.00000,0.00000,0.00000
120.50125,0.99750,1.00000,0.00000,0.00000,0.00000
120.60125,0.99750,1.00000,0.00000,0.00000,0.00000
120.70125,0.99751,1.00000,0.00000,0.00000,0.00000
120.80125,0.99751,1.00000,0.00000,0.00000,0.00000
120.90125,0.99750,1.00000,0.00000,0.00000,0.00000
121.00125,0.99750,1.00000,0.00000,0.00000,0.00000
121.10125,0.99750,1.00000,0.00000,0.00000,0.00000
121.20125,0.99751,1.00000,0.00000,0.00000,0.00000
121.30125,0.99751,1.00000,0.00000,0.00000,0.00000
121.40125,0.99750,1.00000,0.00000,0.00000,0.00000
121.50125,0.99750,1.00000,0.00000,0.00000,0.00000
121.60125,0.99750,1.00000,0.00000,0.00000,0.00000
121.70125,0.99751,1.00000,0.00000,0.00000,0.00000
121.80125,0.99751,0.99999,0.00001,0.00000,0.00000
121.90125,0.99750,0.99997,0.00003,0.00000,0.00000
122.00125,0.99750,0.99998,0.00002,0.00000,0.00000
122.10125,0.99750,0.99998,0.00002,0.00000,0.00000
122.20125,0.99751,0.99988,0.00011,0.00000,0.00000
122.30125,0.99751,0.99943,0.00057,0.00000,0.00000
122.40125,0.99750,0.99976,0.00024,0.00000,0.00000
122.50125,0.99750,0.99997,0.00003,0.00000,0.00000
122.60125,0.99750,0.99986,0.00014,0.00000,0.00000
122.70125,0.99751,0.99997,0.00003,0.00000,0.00000
122.80125,0.99751,0.99998,0.00002,0.00000,0.00000
122.90125,0.99750,0.99997,0.00003,0.00000,0.00000
123.00125,0.99750,0.99998,0.00002,0.00000,0.00000
123.10125,0.99750,0.99997,0.00003,0.00000,0.00000
123.20125,0.99751,0.99987,0.00013,0.00000,0.00000
123.30125,0.99751,0.99922,0.00078,0.00000,0.00000
123.40125,0.99750,0.97965,0.02035,0.00000,0.00000
123.50125,0.99750,0.98228,0.01772,0.00000,0.00000
123.60125,0.99750,0.88046,0.11954,0.00000,0.00001
123.70125,0.99751,0.98510,0.01488,0.00000,0.00003
123.80125,0.99751,0.98627,0.01333,0.00000,0.00040
123.90125,0.99750,0.96711,0.02390,0.00000,0.00899
124.00125,0.99750,0.98852,0.00213,0.00000,0.00935
124.10125,0.99750,0.99569,0.00268,0.00000,0.00163
124.20125,0.99751,0.99685,0.00012,0.00000,0.00303
124.30125,0.99751,0.99719,0.00006,0.00000,0.00275
124.40125,0.99750,0.99744,0.00007,0.00000,0.00249
124.50125,0.99750,0.99839,0.00006,0.00000,0.00155
124.60125,0.99750,0.99042,0.00092,0.00000,0.00866
124.70125,0.99751,0.99936,0.00032,0.00000,0.00032
124.80125,0.99751,0.99171,0.00828,0.00000,0.00001
124.90125,0.99750,0.99595,0.00405,0.00000,0.00000
125.00125,0.99750,0.99981,0.00013,0.00000,0.00006
125.10125,0.99750,0.99931,0.00021,0.00000,0.00048
125.20125,0.99751,0.99995,0.00001,0.00000,0.00005
125.30125,0.99751,0.99998,0.00000,0.00000,0.00002
125.40125,0.99750,1.00000,0.00000,0.00000,0.00000
125.50125,0.99750,1.00000,0.00000,0.00000,0.00000
125.60125,0.99750,1.00000,0.00000,0.00000,0.00000
125.70125,0.99751,1.00000,0.00000,0.00000,0.00000
125.80125,0.99751,1.00000,0.00000,0.00000,0.00000
125.90125,0.99750,1.00000,0.00000,0.00000,0.00000
126.00125,0.99750,1.00000,0.00000,0.00000,0.00000
126.10125,0.99750,1.00000,0.00000,0.00000,0.00000
126.20125,0.99751,1.00000,0.00000,0.00000,0.00000
126.30125,0.99751,1.00000,0.00000,0.00000,0.00000
126.40125,0.99750,1.00000,0.00000,0.00000,0.00000
126.50125,0.99750,1.00000,0.00000,0.00000,0.00000
126.60125,0.99750,1.00000,0.00000,0.00000,0.00000
126.70125,0.99751,1.00000,0.00000,0.00000,0.00000
126.80125,0.99751,1.00000,0.00000,0.00000,0.00000
126.90125,0.99750,1.00000,0.00000,0.00000,0.00000
127.00125,0.99750,1.00000,0.00000,0.00000,0.00000
127.10125,0.99751,1.00000,0.00000,0.00000,0.00000
127.20125,0.99750,1.00000,0.00000,0.00000,0.00000
127.30125,0.99751,1.00000,0.00000,0.00000,0.00000
127.40125,0.99749,0.99999,0.00000,0.00000,0.00001
127.50125,0.99750,0.99999,0.00000,0.00000,0.00001
127.60125,0.99751,1.00000,0.00000,0.00000,0.00000
127.70125,0.99750,1.00000,0.00000,0.00000,0.00000
127.80125,0.99751,1.00000,0.00000,0.00000,0.00000
127.90125,0.99749,1.00000,0.00000,0.00000,0.00000
128.00125,0.99750,1.00000,0.00000,0.00000,0.00000
128.10126,0.99750,1.00000,0.00000,0.00000,0.00000
128.20125,0.99750,1.00000,0.00000,0.00000,0.00000
128.30125,0.99750,1.00000,0.00000,0.00000,0.00000
128.40125,0.99750,1.00000,0.00000,0.00000,0.00000
128.50125,0.99750,1.00000,0.00000,0.00000,0.00000
128.60126,0.99750,1.00000,0.00000,0.00000,0.00000
128.70125,0.99750,1.00000,0.00000,0.00000,0.00000
128.80125,0.99750,1.00000,0.00000,0.00000,0.00000
128.90125,0.99750,1.00000,0.00000,0.00000,0.00000
129.00125,0.99750,1.00000,0.00000,0.00000,0.00000
129.10126,0.99750,1.00000,0.00000,0.00000,0.00000
129.20125,0.99750,1.00000,0.00000,0.00000,0.00000
129.30125,0.99750,1.00000,0.00000,0.00000,0.00000
129.40125,0.99750,1.00000,0.00000,0.00000,0.00000
129.50125,0.99750,1.00000,0.00000,0.00000,0.00000
129.60126,0.99750,1.00000,0.00000,0.00000,0.00000
129.70125,0.99750,1.00000,0.00000,0.00000,0.00000
129.80125,0.99750,1.00000,0.00000,0.00000,0.00000
129.90125,0.99750,1.00000,0.00000,0.00000,0.00000
130.00125,0.99750,1.00000,0.00000,0.00000,0.00000
130.10126,0.99750,1.00000,0.00000,0.00000,0.00000
130.20125,0.99750,1.00000,0.00000,0.00000,0.00000
130.30125,0.99750,1.00000,0.00000,0.00000,0.00000
130.40125,0.99750,1.00000,0.00000,0.00000,0.00000
130.50125,0.99750,0.99985,0.00015,0.00000,0.00000
130.60126,0.99750,1.00000,0.00000,0.00000,0.00000
130.70125,0.99750,0.99999,0.00001,0.00000,0.00000
130.80125,0.99750,0.99999,0.00001,0.00000,0.00000
130.90125,0.99750,0.99999,0.00001,0.00000,0.00000
131.00125,0.99750,0.99940,0.00060,0.00000,0.00001
131.10126,0.99750,0.99989,0.00011,0.00000,0.00000
131.20125,0.99750,0.99996,0.00004,0.00000,0.00001
131.30125,0.99750,0.99996,0.00001,0.00000,0.00003
131.40125,0.99750,0.99984,0.00000,0.00000,0.00015
131.50125,0.99750,0.99985,0.00002,0.00000,0.00013
131.60126,0.99750,0.99998,0.00000,0.00000,0.00001
131.70125,0.99750,0.99999,0.00000,0.00000,0.00001
131.80125,0.99750,1.00000,0.00000,0.00000,0.00000
131.90125,0.99750,1.00000,0.00000,0.00000,0.00000
132.00125,0.99750,1.00000,0.00000,0.00000,0.00000
132.10126,0.99750,1.00000,0.00000,0.00000,0.00000
132.20125,0.99750,1.00000,0.00000,0.00000,0.00000
132.30125,0.99750,1.00000,0.00000,0.00000,0.00000
132.40125,0.99750,1.00000,0.00000,0.00000,0.00000
132.50125,0.99750,1.00000,0.00000,0.00000,0.00000
132.60126,0.99750,1.00000,0.00000,0.00000,0.00000
132.70125,0.99750,1.00000,0.00000,0.00000,0.00000
132.80125,0.99750,1.00000,0.00000,0.00000,0.00000
132.90125,0.99750,0.99999,0.00000,0.00000,0.00001
133.00125,0.99750,0.99999,0.00000,0.00000,0.00001
133.10126,0.99750,0.99997,0.00000,0.00000,0.00003
133.20125,0.99750,0.99998,0.00000,0.00000,0.00002
133.30125,0.99750,1.00000,0.00000,0.00000,0.00000
133.40125,0.99750,0.99999,0.00001,0.00000,0.00000
133.50125,0.99750,0.99998,0.00002,0.00000,0.00000
133.60126,0.99750,0.99999,0.00001,0.00000,0.00000
133.70125,0.99750,1.00000,0.00000,0.00000,0.00000
133.80125,0.99750,1.00000,0.00000,0.00000,0.00000
133.90125,0.99750,1.00000,0.00000,0.00000,0.00000
134.00125,0.99750,1.00000,0.00000,0.00000,0.00000
134.10126,0.99750,1.00000,0.00000,0.00000,0.00000
134.20125,0.99750,1.00000,0.00000,0.00000,0.00000
134.30125,0.99750,0.99999,0.00000,0.00000,0.00001
134.40125,0.99750,0.99996,0.00000,0.00000,0.00004
134.50125,0.99750,0.99998,0.00000,0.00000,0.00002
134.60126,0.99750,0.99999,0.00000,0.00000,0.00001
134.70125,0.99750,1.00000,0.00000,0.00000,0.00000
134.80125,0.99750,1.00000,0.00000,0.00000,0.00000
134.90125,0.99750,1.00000,0.00000,0.00000,0.00000
135.00125,0.99750,1.00000,0.00000,0.00000,0.00000
135.10126,0.99750,1.00000,0.00000,0.00000,0.00000
135.20125,0.99750,1.00000,0.00000,0.00000,0.00000
135.30125,0.99750,1.00000,0.00000,0.00000,0.00000
135.40125,0.99750,1.00000,0.00000,0.00000,0.00000
135.50125,0.99750,1.00000,0.00000,0.00000,0.00000
135.60126,0.99750,1.00000,0.00000,0.00000,0.00000
135.70125,0.99750,1.00000,0.00000,0.00000,0.00000
135.80125,0.99750,1.00000,0.00000,0.00000,0.00000
135.90125,0.99750,1.00000,0.00000,0.00000,0.00000
136.00125,0.99750,1.00000,0.00000,0.00000,0.00000
136.10126,0.99750,1.00000,0.00000,0.00000,0.00000
136.20125,0.99750,1.00000,0.00000,0.00000,0.00000
136.30125,0.99750,1.00000,0.00000,0.00000,0.00000
136.40125,0.99750,1.00000,0.00000,0.00000,0.00000
136.50125,0.99750,1.00000,0.00000,0.00000,0.00000
136.60126,0.99750,1.00000,0.00000,0.00000,0.00000
136.70125,0.99750,1.00000,0.00000,0.00000,0.00000
136.80125,0.99750,1.00000,0.00000,0.00000,0.00000
136.90125,0.99750,1.00000,0.00000,0.00000,0.00000
137.00125,0.99750,0.99999,0.00000,0.00000,0.00000
137.10126,0.99750,1.00000,0.00000,0.00000,0.00000
137.20125,0.99750,1.00000,0.00000,0.00000,0.00000
137.30125,0.99750,1.00000,0.00000,0.00000,0.00000
137.40125,0.99750,1.00000,0.00000,0.00000,0.00000
137.50125,0.99750,1.00000,0.00000,0.00000,0.00000
137.60126,0.99750,1.00000,0.00000,0.00000,0.00000
137.70125,0.99750,1.00000,0.00000,0.00000,0.00000
137.80125,0.99750,1.00000,0.00000,0.00000,0.00000
137.90125,0.99750,1.00000,0.00000,0.00000,0.00000
138.00125,0.99750,1.00000,0.00000,0.00000,0.00000
138.10126,0.99750,1.00000,0.00000,0.00000,0.00000
138.20125,0.99750,1.00000,0.00000,0.00000,0.00000
138.30125,0.99750,1.00000,0.00000,0.00000,0.00000
138.40125,0.99750,1.00000,0.00000,0.00000,0.00000
138.50125,0.99750,1.00000,0.00000,0.00000,0.00000
138.60126,0.99750,1.00000,0.00000,0.00000,0.00000
138.70125,0.99750,1.00000,0.00000,0.00000,0.00000
138.80125,0.99750,1.00000,0.00000,0.00000,0.00000
138.90125,0.99750,1.00000,0.00000,0.00000,0.00000
139.00125,0.99750,1.00000,0.00000,0.00000,0.00000
139.10126,0.99750,1.00000,0.00000,0.00000,0.00000
139.20125,0.99750,0.99999,0.00000,0.00000,0.00001
139.30125,0.99750,0.99999,0.00000,0.00000,0.00001
139.40125,0.99750,0.99999,0.00000,0.00000,0.00001
139.50125,0.99750,1.00000,0.00000,0.00000,0.00000
139.60126,0.99750,0.99999,0.00000,0.00000,0.00001
139.70125,0.99750,1.00000,0.00000,0.00000,0.00000
139.80125,0.99750,1.00000,0.00000,0.00000,0.00000
139.90125,0.99750,1.00000,0.00000,0.00000,0.00000
140.00125,0.99750,1.00000,0.00000,0.00000,0.00000
140.10126,0.99750,1.00000,0.00000,0.00000,0.00000
140.20125,0.99750,1.00000,0.00000,0.00000,0.00000
140.30125,0.99750,1.00000,0.00000,0.00000,0.00000
140.40125,0.99750,1.00000,0.00000,0.00000,0.00000
140.50125,0.99750,1.00000,0.00000,0.00000,0.00000
140.60126,0.99750,1.00000,0.00000,0.00000,0.00000
140.70125,0.99750,1.00000,0.00000,0.00000,0.00000
140.80125,0.99750,1.00000,0.00000,0.00000,0.00000
140.90125,0.99750,0.99999,0.00000,0.00000,0.00001
141.00125,0.99750,1.00000,0.00000,0.00000,0.00000
141.10126,0.99750,0.99995,0.00000,0.00000,0.00004
141.20125,0.99750,0.99991,0.00000,0.00000,0.00008
141.30125,0.99750,0.99999,0.00000,0.00000,0.00001
141.40125,0.99750,0.99999,0.00000,0.00000,0.00001
141.50125,0.99750,0.99999,0.00000,0.00000,0.00001
141.60126,0.99750,0.99999,0.00000,0.00000,0.00001
141.70125,0.99750,1.00000,0.00000,0.00000,0.00000
141.80125,0.99750,1.00000,0.00000,0.00000,0.00000
141.90125,0.99750,1.00000,0.00000,0.00000,0.00000
142.00125,0.99750,0.99998,0.00000,0.00000,0.00002
142.10126,0.99750,0.99999,0.00000,0.00001,0.00000
142.20125,0.99750,0.99998,0.00000,0.00002,0.00000
142.30125,0.99750,0.99998,0.00000,0.00002,0.00000
142.40125,0.99750,0.99993,0.00000,0.00007,0.00000
142.50125,0.99750,0.99994,0.00000,0.00005,0.00000
142.60126,0.99750,0.99999,0.00000,0.00000,0.00000
142.70125,0.99750,0.99997,0.00000,0.00002,0.00001
142.80125,0.99750,0.99998,0.00000,0.00002,0.00000
142.90125,0.99750,0.99996,0.00000,0.00003,0.00001
143.00125,0.99750,0.99999,0.00000,0.00001,0.00000
143.10126,0.99750,0.99999,0.00000,0.00000,0.00000
143.20125,0.99750,0.99877,0.00114,0.00006,0.00003
143.30125,0.99750,0.99872,0.00012,0.00000,0.00115
143.40125,0.99750,0.99924,0.00010,0.00000,0.00065
143.50125,0.99750,0.99871,0.00041,0.00008,0.00079
143.60126,0.99750,0.99968,0.00002,0.00001,0.00029
143.70125,0.99750,0.99991,0.00006,0.00000,0.00002
143.80125,0.99750,0.99996,0.00003,0.00000,0.00000
143.90125,0.99750,0.99995,0.00004,0.00000,0.00000
144.00125,0.99750,0.99978,0.00003,0.00000,0.00018
144.10126,0.99750,0.99933,0.00002,0.00000,0.00065
144.20125,0.99750,0.99939,0.00028,0.00000,0.00033
144.30125,0.99750,0.99965,0.00001,0.00000,0.00034
144.40125,0.99750,0.99995,0.00000,0.00000,0.00005
144.50125,0.99750,1.00000,0.00000,0.00000,0.00000
144.60126,0.99750,1.00000,0.00000,0.00000,0.00000
144.70125,0.99750,1.00000,0.00000,0.00000,0.00000
144.80125,0.99750,0.99999,0.00000,0.00000,0.00001
144.90125,0.99750,0.99999,0.00000,0.00000,0.00001
145.00125,0.99750,1.00000,0.00000,0.00000,0.00000
145.10126,0.99750,0.99999,0.00000,0.00000,0.00001
145.20125,0.99750,1.00000,0.00000,0.00000,0.00000
145.30125,0.99750,1.00000,0.00000,0.00000,0.00000
145.40125,0.99750,1.00000,0.00000,0.00000,0.00000
145.50125,0.99750,1.00000,0.00000,0.00000,0.00000
145.60126,0.99750,0.99988,0.00000,0.00000,0.00012
145.70125,0.99750,0.99837,0.00000,0.00000,0.00162
145.80125,0.99750,0.99934,0.00001,0.00000,0.00065
145.90125,0.99750,0.99933,0.00000,0.00000,0.00067
146.00125,0.99750,0.99995,0.00000,0.00000,0.00005
146.10126,0.99750,0.99999,0.00001,0.00000,0.00000
146.20125,0.99750,1.00000,0.00000,0.00000,0.00000
146.30125,0.99750,0.99995,0.00000,0.00000,0.00005
146.40125,0.99750,0.99990,0.00000,0.00000,0.00010
146.50125,0.99750,0.99989,0.00000,0.00000,0.00011
146.60126,0.99750,0.99993,0.00000,0.00000,0.00007
146.70125,0.99750,0.99999,0.00000,0.00000,0.00001
146.80125,0.99750,1.00000,0.00000,0.00000,0.00000
146.90125,0.99750,1.00000,0.00000,0.00000,0.00000
147.00125,0.99750,1.00000,0.00000,0.00000,0.00000
147.10126,0.99750,0.99997,0.00000,0.00000,0.00003
147.20125,0.99750,0.99991,0.00000,0.00000,0.00009
147.30125,0.99750,0.99991,0.00000,0.00000,0.00008
147.40125,0.99750,0.99993,0.00001,0.00000,0.00006
147.50125,0.99750,0.99999,0.00000,0.00000,0.00000
147.60126,0.99750,0.99993,0.00007,0.00000,0.00000
147.70125,0.99750,0.99992,0.00008,0.00000,0.00000
147.80125,0.99750,0.99992,0.00003,0.00000,0.00005
147.90125,0.99750,0.99986,0.00001,0.00000,0.00013
148.00125,0.99750,0.99983,0.00001,0.00000,0.00016
148.10126,0.99750,0.99994,0.00001,0.00000,0.00005
148.20125,0.99750,0.99999,0.00000,0.00000,0.00001
148.30125,0.99750,1.00000,0.00000,0.00000,0.00000
148.40125,0.99750,1.00000,0.00000,0.00000,0.00000
148.50125,0.99750,0.99995,0.00000,0.00000,0.00005
148.60126,0.99750,0.99993,0.00001,0.00000,0.00006
148.70125,0.99750,0.99968,0.00000,0.00000,0.00032
148.80125,0.99750,0.99993,0.00000,0.00000,0.00007
148.90125,0.99750,0.99998,0.00000,0.00000,0.00002
149.00125,0.99750,1.00000,0.00000,0.00000,0.00000
149.10126,0.99750,1.00000,0.00000,0.00000,0.00000
149.20125,0.99750,1.00000,0.00000,0.00000,0.00000
149.30125,0.99750,1.00000,0.00000,0.00000,0.00000
149.40125,0.99750,1.00000,0.00000,0.00000,0.00000
149.50125,0.99750,1.00000,0.00000,0.00000,0.00000
149.60126,0.99750,1.00000,0.00000,0.00000,0.00000
149.70125,0.99750,1.00000,0.00000,0.00000,0.00000
149.80125,0.99750,1.00000,0.00000,0.00000,0.00000
149.90125,0.99750,1.00000,0.00000,0.00000,0.00000
150.00125,0.99750,1.00000,0.00000,0.00000,0.00000
150.10126,0.99750,0.99999,0.00000,0.00000,0.00001
150.20125,0.99750,1.00000,0.00000,0.00000,0.00000
150.30125,0.99750,1.00000,0.00000,0.00000,0.00000
150.40125,0.99750,1.00000,0.00000,0.00000,0.00000
150.50125,0.99750,1.00000,0.00000,0.00000,0.00000
150.60126,0.99750,1.00000,0.00000,0.00000,0.00000
150.70125,0.99750,0.99997,0.00000,0.00000,0.00003
150.80125,0.99750,1.00000,0.00000,0.00000,0.00000
150.90125,0.99750,1.00000,0.00000,0.00000,0.00000
151.00125,0.99750,1.00000,0.00000,0.00000,0.00000
151.10126,0.99750,1.00000,0.00000,0.00000,0.00000
151.20125,0.99750,0.99994,0.00006,0.00000,0.00000
151.30125,0.99750,0.99982,0.00018,0.00000,0.00000
151.40125,0.99750,0.99997,0.00003,0.00000,0.00000
151.50125,0.99750,0.99998,0.00002,0.00000,0.00000
151.60126,0.99750,1.00000,0.00000,0.00000,0.00000
151.70125,0.99750,1.00000,0.00000,0.00000,0.00000
151.80125,0.99750,1.00000,0.00000,0.00000,0.00000
151.90125,0.99750,1.00000,0.00000,0.00000,0.00000
152.00125,0.99750,1.00000,0.00000,0.00000,0.00000
152.10126,0.99750,1.00000,0.00000,0.00000,0.00000
152.20125,0.99750,1.00000,0.00000,0.00000,0.00000
152.30125,0.99750,1.00000,0.00000,0.00000,0.00000
152.40125,0.99750,1.00000,0.00000,0.00000,0.00000
152.50125,0.99750,1.00000,0.00000,0.00000,0.00000
152.60126,0.99750,1.00000,0.00000,0.00000,0.00000
152.70125,0.99750,1.00000,0.00000,0.00000,0.00000
152.80125,0.99750,1.00000,0.00000,0.00000,0.00000
152.90125,0.99750,1.00000,0.00000,0.00000,0.00000
153.00125,0.99750,1.00000,0.00000,0.00000,0.00000
153.10126,0.99750,1.00000,0.00000,0.00000,0.00000
153.20125,0.99750,1.00000,0.00000,0.00000,0.00000
153.30125,0.99750,1.00000,0.00000,0.00000,0.00000
153.40125,0.99750,1.00000,0.00000,0.00000,0.00000
153.50125,0.99750,1.00000,0.00000,0.00000,0.00000
153.60126,0.99750,1.00000,0.00000,0.00000,0.00000
153.70125,0.99750,1.00000,0.00000,0.00000,0.00000
153.80125,0.99750,1.00000,0.00000,0.00000,0.00000
153.90125,0.99750,1.00000,0.00000,0.00000,0.00000
154.00125,0.99750,1.00000,0.00000,0.00000,0.00000
154.10126,0.99750,1.00000,0.00000,0.00000,0.00000
154.20125,0.99750,1.00000,0.00000,0.00000,0.00000
154.30125,0.99750,1.00000,0.00000,0.00000,0.00000
154.40125,0.99750,1.00000,0.00000,0.00000,0.00000
154.50125,0.99750,1.00000,0.00000,0.00000,0.00000
154.60126,0.99750,1.00000,0.00000,0.00000,0.00000
154.70125,0.99750,1.00000,0.00000,0.00000,0.00000
154.80125,0.99750,1.00000,0.00000,0.00000,0.00000
154.90125,0.99750,1.00000,0.00000,0.00000,0.00000
155.00125,0.99750,0.99999,0.00000,0.00000,0.00000
155.10126,0.99750,0.99997,0.00000,0.00000,0.00003
155.20125,0.99750,0.99969,0.00001,0.00000,0.00030
155.30125,0.99750,0.97944,0.01145,0.00000,0.00911
155.40125,0.99750,0.65065,0.01890,0.00000,0.33045
155.50125,0.99750,0.97681,0.00782,0.00000,0.01537
155.60126,0.99750,0.99354,0.00040,0.00000,0.00606
155.70125,0.99750,0.98249,0.00008,0.00000,0.01743
155.80125,0.99750,0.99583,0.00005,0.00000,0.00413
155.90125,0.99750,0.99741,0.00026,0.00000,0.00234
156.00125,0.99750,0.99923,0.00004,0.00000,0.00074
156.10126,0.99750,0.99994,0.00001,0.00000,0.00005
156.20125,0.99750,0.99998,0.00001,0.00000,0.00001
156.30125,0.99750,1.00000,0.00000,0.00000,0.00000
156.40125,0.99750,1.00000,0.00000,0.00000,0.00000
156.50125,0.99750,1.00000,0.00000,0.00000,0.00000
156.60126,0.99750,1.00000,0.00000,0.00000,0.00000
156.70125,0.99750,1.00000,0.00000,0.00000,0.00000
156.80125,0.99750,1.00000,0.00000,0.00000,0.00000
156.90125,0.99750,1.00000,0.00000,0.00000,0.00000
157.00125,0.99750,1.00000,0.00000,0.00000,0.00000
157.10126,0.99750,1.00000,0.00000,0.00000,0.00000
157.20125,0.99750,1.00000,0.00000,0.00000,0.00000
157.30125,0.99750,1.00000,0.00000,0.00000,0.00000
157.40125,0.99750,1.00000,0.00000,0.00000,0.00000
157.50125,0.99750,0.99999,0.00000,0.00001,0.00000
157.60126,0.99750,0.99999,0.00000,0.00001,0.00000
157.70125,0.99750,0.99997,0.00000,0.00003,0.00000
157.80125,0.99750,0.99996,0.00000,0.00004,0.00000
157.90125,0.99750,0.99995,0.00000,0.00004,0.00000
158.00125,0.99750,0.99996,0.00000,0.00004,0.00000
158.10126,0.99750,0.99996,0.00003,0.00001,0.00000
158.20125,0.99750,0.99998,0.00002,0.00000,0.00000
158.30125,0.99750,0.99992,0.00008,0.00000,0.00000
158.40125,0.99750,0.99987,0.00012,0.00000,0.00000
158.50125,0.99750,0.99583,0.00416,0.00000,0.00000
158.60126,0.99750,0.99778,0.00221,0.00000,0.00000
158.70125,0.99750,0.99503,0.00497,0.00000,0.00000
158.80125,0.99750,0.99945,0.00054,0.00000,0.00000
158.90125,0.99750,0.99107,0.00890,0.00000,0.00003
159.00125,0.99750,0.99742,0.00076,0.00000,0.00182
159.10126,0.99750,0.99531,0.00165,0.00000,0.00303
159.20125,0.99750,0.99618,0.00133,0.00000,0.00249
159.30125,0.99750,0.88882,0.10987,0.00000,0.00131
159.40125,0.99750,0.99664,0.00170,0.00000,0.00165
159.50125,0.99750,0.99347,0.00562,0.00000,0.00090
159.60126,0.99750,0.96138,0.03214,0.00000,0.00648
159.70125,0.99750,0.95867,0.03098,0.00000,0.01035
159.80125,0.99750,0.93438,0.04693,0.00000,0.01869
159.90125,0.99750,0.72642,0.24988,0.00000,0.02369
160.00125,0.99750,0.79694,0.19427,0.00000,0.00880
160.10126,0.99750,0.85302,0.14467,0.00000,0.00231
160.20125,0.99750,0.85668,0.14280,0.00001,0.00052
160.30125,0.99750,0.89450,0.10508,0.00007,0.00035
160.40125,0.99750,0.99696,0.00258,0.00039,0.00007
160.50125,0.99750,0.99891,0.00068,0.00040,0.00001
160.60126,0.99750,0.99948,0.00027,0.00025,0.00000
160.70125,0.99750,0.99983,0.00004,0.00013,0.00000
160.80125,0.99750,0.99998,0.00001,0.00001,0.00000
160.90125,0.99750,0.99999,0.00000,0.00000,0.00000
161.00125,0.99750,1.00000,0.00000,0.00000,0.00000
161.10126,0.99750,1.00000,0.00000,0.00000,0.00000
161.20125,0.99750,1.00000,0.00000,0.00000,0.00000
161.30125,0.99750,1.00000,0.00000,0.00000,0.00000
161.40125,0.99750,1.00000,0.00000,0.00000,0.00000
161.50125,0.99750,1.00000,0.00000,0.00000,0.00000
161.60126,0.99750,1.00000,0.00000,0.00000,0.00000
161.70125,0.99750,1.00000,0.00000,0.00000,0.00000
161.80125,0.99750,1.00000,0.00000,0.00000,0.00000
161.90125,0.99750,1.00000,0.00000,0.00000,0.00000
162.00125,0.99750,1.00000,0.00000,0.00000,0.00000
162.10126,0.99750,1.00000,0.00000,0.00000,0.00000
162.20125,0.99750,1.00000,0.00000,0.00000,0.00000
162.30125,0.99750,1.00000,0.00000,0.00000,0.00000
162.40125,0.99750,1.00000,0.00000,0.00000,0.00000
162.50125,0.99750,1.00000,0.00000,0.00000,0.00000
162.60126,0.99750,1.00000,0.00000,0.00000,0.00000
162.70125,0.99750,1.00000,0.00000,0.00000,0.00000
162.80125,0.99750,1.00000,0.00000,0.00000,0.00000
162.90125,0.99750,1.00000,0.00000,0.00000,0.00000
163.00125,0.99750,1.00000,0.00000,0.00000,0.00000
163.10126,0.99750,1.00000,0.00000,0.00000,0.00000
163.20125,0.99750,1.00000,0.00000,0.00000,0.00000
163.30125,0.99750,1.00000,0.00000,0.00000,0.00000
163.40125,0.99750,1.00000,0.00000,0.00000,0.00000
163.50125,0.99750,1.00000,0.00000,0.00000,0.00000
163.60126,0.99750,1.00000,0.00000,0.00000,0.00000
163.70125,0.99750,1.00000,0.00000,0.00000,0.00000
163.80125,0.99750,1.00000,0.00000,0.00000,0.00000
163.90125,0.99750,1.00000,0.00000,0.00000,0.00000
164.00125,0.99750,1.00000,0.00000,0.00000,0.00000
164.10126,0.99750,1.00000,0.00000,0.00000,0.00000
164.20125,0.99750,1.00000,0.00000,0.00000,0.00000
164.30125,0.99750,1.00000,0.00000,0.00000,0.00000
164.40125,0.99750,1.00000,0.00000,0.00000,0.00000
164.50125,0.99750,1.00000,0.00000,0.00000,0.00000
164.60126,0.99750,1.00000,0.00000,0.00000,0.00000
164.70125,0.99750,1.00000,0.00000,0.00000,0.00000
164.80125,0.99750,1.00000,0.00000,0.00000,0.00000
164.90125,0.99750,1.00000,0.00000,0.00000,0.00000
165.00125,0.99750,1.00000,0.00000,0.00000,0.00000
165.10126,0.99750,1.00000,0.00000,0.00000,0.00000
165.20125,0.99750,1.00000,0.00000,0.00000,0.00000
165.30125,0.99750,1.00000,0.00000,0.00000,0.00000
165.40125,0.99750,1.00000,0.00000,0.00000,0.00000
165.50125,0.99750,1.00000,0.00000,0.00000,0.00000
165.60126,0.99750,1.00000,0.00000,0.00000,0.00000
165.70125,0.99750,1.00000,0.00000,0.00000,0.00000
165.80125,0.99750,1.00000,0.00000,0.00000,0.00000
165.90125,0.99750,1.00000,0.00000,0.00000,0.00000
166.00125,0.99750,1.00000,0.00000,0.00000,0.00000
166.10126,0.99750,0.99999,0.00001,0.00000,0.00000
166.20125,0.99750,0.99994,0.00006,0.00000,0.00000
166.30125,0.99750,1.00000,0.00000,0.00000,0.00000
166.40125,0.99750,1.00000,0.00000,0.00000,0.00000
166.50125,0.99750,1.00000,0.00000,0.00000,0.00000
166.60126,0.99750,1.00000,0.00000,0.00000,0.00000
166.70125,0.99750,1.00000,0.00000,0.00000,0.00000
166.80125,0.99750,1.00000,0.00000,0.00000,0.00000
166.90125,0.99750,1.00000,0.00000,0.00000,0.00000
167.00125,0.99750,1.00000,0.00000,0.00000,0.00000
167.10126,0.99750,1.00000,0.00000,0.00000,0.00000
167.20125,0.99750,1.00000,0.00000,0.00000,0.00000
167.30125,0.99750,1.00000,0.00000,0.00000,0.00000
167.40125,0.99750,1.00000,0.00000,0.00000,0.00000
167.50125,0.99750,1.00000,0.00000,0.00000,0.00000
167.60126,0.99750,1.00000,0.00000,0.00000,0.00000
167.70125,0.99750,1.00000,0.00000,0.00000,0.00000
167.80125,0.99750,1.00000,0.00000,0.00000,0.00000
167.90125,0.99750,1.00000,0.00000,0.00000,0.00000
168.00125,0.99750,1.00000,0.00000,0.00000,0.00000
168.10126,0.99750,1.00000,0.00000,0.00000,0.00000
168.20125,0.99750,1.00000,0.00000,0.00000,0.00000
168.30125,0.99750,1.00000,0.00000,0.00000,0.00000
168.40125,0.99750,1.00000,0.00000,0.00000,0.00000
168.50125,0.99750,1.00000,0.00000,0.00000,0.00000
168.60126,0.99750,1.00000,0.00000,0.00000,0.00000
168.70125,0.99750,1.00000,0.00000,0.00000,0.00000
168.80125,0.99750,1.00000,0.00000,0.00000,0.00000
168.90125,0.99750,1.00000,0.00000,0.00000,0.00000
169.00125,0.99750,1.00000,0.00000,0.00000,0.00000
169.10126,0.99750,1.00000,0.00000,0.00000,0.00000
169.20125,0.99750,0.99997,0.00003,0.00000,0.00000
169.30125,0.99750,0.99992,0.00008,0.00000,0.00000
169.40125,0.99750,0.99999,0.00001,0.00000,0.00000
169.50125,0.99750,0.99999,0.00001,0.00000,0.00000
169.60126,0.99750,0.99986,0.00014,0.00000,0.00000
169.70125,0.99750,0.99956,0.00044,0.00000,0.00000
169.80125,0.99750,0.97994,0.02006,0.00000,0.00000
169.90125,0.99750,0.99847,0.00153,0.00000,0.00000
170.00125,0.99750,0.99934,0.00066,0.00000,0.00000
170.10126,0.99750,0.99907,0.00093,0.00000,0.00000
170.20125,0.99750,0.99874,0.00126,0.00000,0.00000
170.30125,0.99750,0.99925,0.00075,0.00000,0.00000
170.40125,0.99750,0.99988,0.00011,0.00000,0.00000
170.50125,0.99750,0.99991,0.00008,0.00000,0.00001
170.60126,0.99750,0.99916,0.00082,0.00000,0.00003
170.70125,0.99750,0.99934,0.00062,0.00000,0.00004
170.80125,0.99750,0.99961,0.00034,0.00000,0.00005
170.90125,0.99750,0.99975,0.00020,0.00000,0.00005
171.00125,0.99750,0.99992,0.00006,0.00000,0.00002
171.10126,0.99750,0.99994,0.00004,0.00000,0.00002
171.20125,0.99750,0.99992,0.00005,0.00000,0.00003
171.30125,0.99750,0.99993,0.00004,0.00000,0.00004
171.40125,0.99750,0.99992,0.00002,0.00000,0.00006
171.50125,0.99750,0.99985,0.00004,0.00000,0.00011
171.60126,0.99750,0.99967,0.00013,0.00000,0.00020
171.70125,0.99750,0.99968,0.00016,0.00000,0.00016
171.80125,0.99750,0.99975,0.00014,0.00000,0.00011
171.90125,0.99750,0.99981,0.00011,0.00000,0.00008
172.00125,0.99750,0.99961,0.00032,0.00000,0.00006
172.10126,0.99750,0.99964,0.00031,0.00000,0.00004
172.20125,0.99750,0.99896,0.00100,0.00000,0.00004
172.30125,0.99750,0.99905,0.00090,0.00000,0.00005
172.40125,0.99750,0.99937,0.00059,0.00000,0.00004
172.50125,0.99750,0.99982,0.00010,0.00000,0.00009
172.60126,0.99750,0.99984,0.00005,0.00000,0.00011
172.70125,0.99750,0.99984,0.00001,0.00000,0.00014
172.80125,0.99750,0.99982,0.00001,0.00000,0.00017
172.90125,0.99750,0.99979,0.00001,0.00000,0.00020
173.00125,0.99750,0.99974,0.00001,0.00000,0.00025
173.10126,0.99750,0.99958,0.00000,0.00000,0.00042
173.20125,0.99750,0.99920,0.00000,0.00000,0.00080
173.30125,0.99750,0.99426,0.00000,0.00000,0.00574
173.40125,0.99750,0.99136,0.00001,0.00000,0.00863
173.50125,0.99750,0.99202,0.00001,0.00000,0.00797
173.60126,0.99750,0.99019,0.00016,0.00000,0.00965
173.70125,0.99750,0.99170,0.00023,0.00000,0.00806
173.80125,0.99750,0.98881,0.00020,0.00000,0.01099
173.90125,0.99750,0.99424,0.00039,0.00000,0.00538
174.00125,0.99750,0.99666,0.00094,0.00000,0.00240
174.10126,0.99750,0.99899,0.00064,0.00000,0.00037
174.20125,0.99750,0.99990,0.00006,0.00000,0.00004
174.30125,0.99750,1.00000,0.00000,0.00000,0.00000
174.40125,0.99750,1.00000,0.00000,0.00000,0.00000
174.50125,0.99750,1.00000,0.00000,0.00000,0.00000
174.60126,0.99750,0.99986,0.00013,0.00001,0.00000
174.70125,0.99750,0.99997,0.00002,0.00000,0.00000
174.80125,0.99750,0.99999,0.00001,0.00000,0.00000
174.90125,0.99750,0.99991,0.00008,0.00001,0.00000
175.00125,0.99750,0.99998,0.00001,0.00000,0.00000
175.10126,0.99750,0.99997,0.00002,0.00001,0.00000
175.20125,0.99750,0.99976,0.00023,0.00002,0.00000
175.30125,0.99750,0.99986,0.00013,0.00000,0.00000
175.40125,0.99750,0.99993,0.00007,0.00000,0.00001
175.50125,0.99750,0.99995,0.00002,0.00000,0.00003
175.60126,0.99750,0.99998,0.00001,0.00000,0.00001
175.70125,0.99750,1.00000,0.00000,0.00000,0.00000
175.80125,0.99750,1.00000,0.00000,0.00000,0.00000
175.90125,0.99750,1.00000,0.00000,0.00000,0.00000
176.00125,0.99750,1.00000,0.00000,0.00000,0.00000
176.10126,0.99750,1.00000,0.00000,0.00000,0.00000
176.20125,0.99750,1.00000,0.00000,0.00000,0.00000
176.30125,0.99750,1.00000,0.00000,0.00000,0.00000
176.40125,0.99750,1.00000,0.00000,0.00000,0.00000
176.50125,0.99750,1.00000,0.00000,0.00000,0.00000
176.60126,0.99750,1.00000,0.00000,0.00000,0.00000
176.70125,0.99750,1.00000,0.00000,0.00000,0.00000
176.80125,0.99750,1.00000,0.00000,0.00000,0.00000
176.90125,0.99750,1.00000,0.00000,0.00000,0.00000
177.00125,0.99750,1.00000,0.00000,0.00000,0.00000
177.10126,0.99750,1.00000,0.00000,0.00000,0.00000
177.20125,0.99750,1.00000,0.00000,0.00000,0.00000
177.30125,0.99750,1.00000,0.00000,0.00000,0.00000
177.40125,0.99750,1.00000,0.00000,0.00000,0.00000
177.50125,0.99750,1.00000,0.00000,0.00000,0.00000
177.60126,0.99750,1.00000,0.00000,0.00000,0.00000
177.70125,0.99750,1.00000,0.00000,0.00000,0.00000
177.80125,0.99750,1.00000,0.00000,0.00000,0.00000
177.90125,0.99750,1.00000,0.00000,0.00000,0.00000
178.00125,0.99750,1.00000,0.00000,0.00000,0.00000
178.10126,0.99750,1.00000,0.00000,0.00000,0.00000
178.20125,0.99750,1.00000,0.00000,0.00000,0.00000
178.30125,0.99750,1.00000,0.00000,0.00000,0.00000
178.40125,0.99750,1.00000,0.00000,0.00000,0.00000
178.50125,0.99750,1.00000,0.00000,0.00000,0.00000
178.60126,0.99750,1.00000,0.00000,0.00000,0.00000
178.70125,0.99750,1.00000,0.00000,0.00000,0.00000
178.80125,0.99750,1.00000,0.00000,0.00000,0.00000
178.90125,0.99750,1.00000,0.00000,0.00000,0.00000
179.00125,0.99750,1.00000,0.00000,0.00000,0.00000
179.10126,0.99750,1.00000,0.00000,0.00000,0.00000
179.20125,0.99750,1.00000,0.00000,0.00000,0.00000
179.30125,0.99750,1.00000,0.00000,0.00000,0.00000
179.40125,0.99750,1.00000,0.00000,0.00000,0.00000
179.50125,0.99750,1.00000,0.00000,0.00000,0.00000
179.60126,0.99750,1.00000,0.00000,0.00000,0.00000
179.70125,0.99750,1.00000,0.00000,0.00000,0.00000
179.80125,0.99750,1.00000,0.00000,0.00000,0.00000
179.90125,0.99750,0.99999,0.00000,0.00000,0.00001
180.00125,0.99750,0.99994,0.00000,0.00000,0.00006
180.10126,0.99750,0.99998,0.00000,0.00000,0.00002
180.20125,0.99750,0.99999,0.00000,0.00000,0.00001
180.30125,0.99750,1.00000,0.00000,0.00000,0.00000
180.40125,0.99750,1.00000,0.00000,0.00000,0.00000
180.50125,0.99750,1.00000,0.00000,0.00000,0.00000
180.60126,0.99750,1.00000,0.00000,0.00000,0.00000
180.70125,0.99750,1.00000,0.00000,0.00000,0.00000
180.80125,0.99750,1.00000,0.00000,0.00000,0.00000
180.90125,0.99750,0.99999,0.00000,0.00001,0.00000
181.00125,0.99750,1.00000,0.00000,0.00000,0.00000
181.10126,0.99750,1.00000,0.00000,0.00000,0.00000
181.20125,0.99750,1.00000,0.00000,0.00000,0.00000
181.30125,0.99750,1.00000,0.00000,0.00000,0.00000
181.40125,0.99750,1.00000,0.00000,0.00000,0.00000
181.50125,0.99750,1.00000,0.00000,0.00000,0.00000
181.60126,0.99750,1.00000,0.00000,0.00000,0.00000
181.70125,0.99750,1.00000,0.00000,0.00000,0.00000
181.80125,0.99750,1.00000,0.00000,0.00000,0.00000
181.90125,0.99750,1.00000,0.00000,0.00000,0.00000
182.00125,0.99750,1.00000,0.00000,0.00000,0.00000
182.10126,0.99750,1.00000,0.00000,0.00000,0.00000
182.20125,0.99750,1.00000,0.00000,0.00000,0.00000
182.30125,0.99750,1.00000,0.00000,0.00000,0.00000
182.40125,0.99750,1.00000,0.00000,0.00000,0.00000
182.50125,0.99750,1.00000,0.00000,0.00000,0.00000
182.60126,0.99750,1.00000,0.00000,0.00000,0.00000
182.70125,0.99750,1.00000,0.00000,0.00000,0.00000
182.80125,0.99750,1.00000,0.00000,0.00000,0.00000
182.90125,0.99750,1.00000,0.00000,0.00000,0.00000
183.00125,0.99750,0.99999,0.00000,0.00000,0.00000
183.10126,0.99750,0.99997,0.00000,0.00000,0.00003
183.20125,0.99750,0.99991,0.00000,0.00000,0.00009
183.30125,0.99750,0.99996,0.00000,0.00000,0.00004
183.40125,0.99750,0.99999,0.00000,0.00000,0.00001
183.50125,0.99750,1.00000,0.00000,0.00000,0.00000
183.60126,0.99750,1.00000,0.00000,0.00000,0.00000
183.70125,0.99750,0.99999,0.00001,0.00000,0.00000
183.80125,0.99750,0.99999,0.00001,0.00000,0.00000
183.90125,0.99750,1.00000,0.00000,0.00000,0.00000
184.00125,0.99750,0.99999,0.00000,0.00000,0.00000
184.10126,0.99750,0.99996,0.00004,0.00000,0.00000
184.20125,0.99750,0.99993,0.00007,0.00000,0.00000
184.30125,0.99750,0.99999,0.00001,0.00000,0.00000
184.40125,0.99750,0.99999,0.00000,0.00000,0.00000
184.50125,0.99750,1.00000,0.00000,0.00000,0.00000
184.60126,0.99750,0.99999,0.00000,0.00000,0.00001
184.70125,0.99750,0.99996,0.00003,0.00000,0.00001
184.80125,0.99750,0.99999,0.00001,0.00000,0.00000
184.90125,0.99750,1.00000,0.00000,0.00000,0.00000
185.00125,0.99750,1.00000,0.00000,0.00000,0.00000
185.10126,0.99750,1.00000,0.00000,0.00000,0.00000
185.20125,0.99750,1.00000,0.00000,0.00000,0.00000
185.30125,0.99750,1.00000,0.00000,0.00000,0.00000
185.40125,0.99750,1.00000,0.00000,0.00000,0.00000
185.50125,0.99750,1.00000,0.00000,0.00000,0.00000
185.60126,0.99750,1.00000,0.00000,0.00000,0.00000
185.70125,0.99750,1.00000,0.00000,0.00000,0.00000
185.80125,0.99750,1.00000,0.00000,0.00000,0.00000
185.90125,0.99750,1.00000,0.00000,0.00000,0.00000
186.00125,0.99750,1.00000,0.00000,0.00000,0.00000
186.10126,0.99750,1.00000,0.00000,0.00000,0.00000
186.20125,0.99750,1.00000,0.00000,0.00000,0.00000
186.30125,0.99750,1.00000,0.00000,0.00000,0.00000
186.40125,0.99750,1.00000,0.00000,0.00000,0.00000
186.50125,0.99750,1.00000,0.00000,0.00000,0.00000
186.60126,0.99750,1.00000,0.00000,0.00000,0.00000
186.70125,0.99750,1.00000,0.00000,0.00000,0.00000
186.80125,0.99750,1.00000,0.00000,0.00000,0.00000
186.90125,0.99750,1.00000,0.00000,0.00000,0.00000
187.00125,0.99750,1.00000,0.00000,0.00000,0.00000
187.10126,0.99750,1.00000,0.00000,0.00000,0.00000
187.20125,0.99750,1.00000,0.00000,0.00000,0.00000
187.30125,0.99750,1.00000,0.00000,0.00000,0.00000
187.40125,0.99750,1.00000,0.00000,0.00000,0.00000
187.50125,0.99750,1.00000,0.00000,0.00000,0.00000
187.60126,0.99750,1.00000,0.00000,0.00000,0.00000
187.70125,0.99750,1.00000,0.00000,0.00000,0.00000
187.80125,0.99750,1.00000,0.00000,0.00000,0.00000
187.90125,0.99750,1.00000,0.00000,0.00000,0.00000
188.00125,0.99750,1.00000,0.00000,0.00000,0.00000
188.10126,0.99750,1.00000,0.00000,0.00000,0.00000
188.20125,0.99750,1.00000,0.00000,0.00000,0.00000
188.30125,0.99750,1.00000,0.00000,0.00000,0.00000
188.40125,0.99750,1.00000,0.00000,0.00000,0.00000
188.50125,0.99750,1.00000,0.00000,0.00000,0.00000
188.60126,0.99750,1.00000,0.00000,0.00000,0.00000
188.70125,0.99750,1.00000,0.00000,0.00000,0.00000
188.80125,0.99750,1.00000,0.00000,0.00000,0.00000
188.90125,0.99750,1.00000,0.00000,0.00000,0.00000
189.00125,0.99750,1.00000,0.00000,0.00000,0.00000
189.10126,0.99750,1.00000,0.00000,0.00000,0.00000
189.20125,0.99750,1.00000,0.00000,0.00000,0.00000
189.30125,0.99750,1.00000,0.00000,0.00000,0.00000
189.40125,0.99750,1.00000,0.00000,0.00000,0.00000
189.50125,0.99750,1.00000,0.00000,0.00000,0.00000
189.60126,0.99750,1.00000,0.00000,0.00000,0.00000
189.70125,0.99750,1.00000,0.00000,0.00000,0.00000
189.80125,0.99750,1.00000,0.00000,0.00000,0.00000
189.90125,0.99750,1.00000,0.00000,0.00000,0.00000
190.00125,0.99750,1.00000,0.00000,0.00000,0.00000
190.10126,0.99750,0.99999,0.00000,0.00000,0.00000
190.20125,0.99750,1.00000,0.00000,0.00000,0.00000
190.30125,0.99750,1.00000,0.00000,0.00000,0.00000
190.40125,0.99750,1.00000,0.00000,0.00000,0.00000
190.50125,0.99750,1.00000,0.00000,0.00000,0.00000
190.60126,0.99750,1.00000,0.00000,0.00000,0.00000
190.70125,0.99750,1.00000,0.00000,0.00000,0.00000
190.80125,0.99750,1.00000,0.00000,0.00000,0.00000
190.90125,0.99750,1.00000,0.00000,0.00000,0.00000
191.00125,0.99750,1.00000,0.00000,0.00000,0.00000
191.10126,0.99750,1.00000,0.00000,0.00000,0.00000
191.20125,0.99750,1.00000,0.00000,0.00000,0.00000
191.30125,0.99750,1.00000,0.00000,0.00000,0.00000
191.40125,0.99750,1.00000,0.00000,0.00000,0.00000
191.50125,0.99750,1.00000,0.00000,0.00000,0.00000
191.60126,0.99750,1.00000,0.00000,0.00000,0.00000
191.70125,0.99750,1.00000,0.00000,0.00000,0.00000
191.80125,0.99750,1.00000,0.00000,0.00000,0.00000
191.90125,0.99750,1.00000,0.00000,0.00000,0.00000
192.00125,0.99750,1.00000,0.00000,0.00000,0.00000
192.10126,0.99750,1.00000,0.00000,0.00000,0.00000
192.20125,0.99750,1.00000,0.00000,0.00000,0.00000
192.30125,0.99750,1.00000,0.00000,0.00000,0.00000
192.40125,0.99750,1.00000,0.00000,0.00000,0.00000
192.50125,0.99750,1.00000,0.00000,0.00000,0.00000
192.60126,0.99750,1.00000,0.00000,0.00000,0.00000
192.70125,0.99750,1.00000,0.00000,0.00000,0.00000
192.80125,0.99750,1.00000,0.00000,0.00000,0.00000
192.90125,0.99750,1.00000,0.00000,0.00000,0.00000
193.00125,0.99750,0.99999,0.00000,0.00000,0.00001
193.10126,0.99750,1.00000,0.00000,0.00000,0.00000
193.20125,0.99750,1.00000,0.00000,0.00000,0.00000
193.30125,0.99750,1.00000,0.00000,0.00000,0.00000
193.40125,0.99750,1.00000,0.00000,0.00000,0.00000
193.50125,0.99750,1.00000,0.00000,0.00000,0.00000
193.60126,0.99750,1.00000,0.00000,0.00000,0.00000
193.70125,0.99750,1.00000,0.00000,0.00000,0.00000
193.80125,0.99750,1.00000,0.00000,0.00000,0.00000
193.90125,0.99750,1.00000,0.00000,0.00000,0.00000
194.00125,0.99750,1.00000,0.00000,0.00000,0.00000
194.10126,0.99750,1.00000,0.00000,0.00000,0.00000
194.20125,0.99750,1.00000,0.00000,0.00000,0.00000
194.30125,0.99750,1.00000,0.00000,0.00000,0.00000
194.40125,0.99750,1.00000,0.00000,0.00000,0.00000
194.50125,0.99750,1.00000,0.00000,0.00000,0.00000
194.60126,0.99750,1.00000,0.00000,0.00000,0.00000
194.70125,0.99750,1.00000,0.00000,0.00000,0.00000
194.80125,0.99750,1.00000,0.00000,0.00000,0.00000
194.90125,0.99750,1.00000,0.00000,0.00000,0.00000
195.00125,0.99750,1.00000,0.00000,0.00000,0.00000
195.10126,0.99750,1.00000,0.00000,0.00000,0.00000
195.20125,0.99750,1.00000,0.00000,0.00000,0.00000
195.30125,0.99750,0.99998,0.00000,0.00002,0.00000
195.40125,0.99750,0.99999,0.00000,0.00001,0.00000
195.50125,0.99750,1.00000,0.00000,0.00000,0.00000
195.60126,0.99750,1.00000,0.00000,0.00000,0.00000
195.70125,0.99750,1.00000,0.00000,0.00000,0.00000
195.80125,0.99750,1.00000,0.00000,0.00000,0.00000
195.90125,0.99750,1.00000,0.00000,0.00000,0.00000
196.00125,0.99750,0.99999,0.00000,0.00000,0.00001
196.10126,0.99750,0.99999,0.00000,0.00000,0.00001
196.20125,0.99750,0.99998,0.00000,0.00000,0.00002
196.30125,0.99750,0.99998,0.00000,0.00000,0.00001
196.40125,0.99750,0.99998,0.00000,0.00000,0.00001
196.50125,0.99750,0.99997,0.00002,0.00000,0.00001
196.60126,0.99750,0.99998,0.00002,0.00000,0.00000
196.70125,0.99750,0.99999,0.00001,0.00000,0.00000
196.80125,0.99750,1.00000,0.00000,0.00000,0.00000
196.90125,0.99750,0.99999,0.00000,0.00001,0.00000
197.00125,0.99750,0.99999,0.00000,0.00000,0.00000
197.10126,0.99750,0.99957,0.00043,0.00000,0.00000
197.20125,0.99750,0.99924,0.00076,0.00000,0.00000
197.30125,0.99750,0.99980,0.00020,0.00000,0.00000
197.40125,0.99750,0.99896,0.00104,0.00000,0.00000
197.50125,0.99750,0.99869,0.00131,0.00000,0.00000
197.60126,0.99750,0.98225,0.01775,0.00000,0.00000
197.70125,0.99750,0.99048,0.00952,0.00000,0.00000
197.80125,0.99750,0.97185,0.02815,0.00000,0.00000
197.90125,0.99750,0.84269,0.15731,0.00000,0.00000
198.00125,0.99750,0.96381,0.03618,0.00000,0.00000
198.10126,0.99750,0.99153,0.00846,0.00000,0.00000
198.20125,0.99750,0.99717,0.00282,0.00000,0.00001
198.30125,0.99750,0.99958,0.00037,0.00000,0.00004
198.40125,0.99750,0.99872,0.00096,0.00000,0.00032
198.50125,0.99750,0.99859,0.00016,0.00000,0.00125
198.60126,0.99750,0.99299,0.00006,0.00000,0.00695
198.70125,0.99750,0.98971,0.00002,0.00000,0.01027
198.80125,0.99750,0.95906,0.00011,0.00000,0.04083
198.90125,0.99750,0.95049,0.00008,0.00000,0.04943
199.00125,0.99750,0.94540,0.00052,0.00000,0.05408
199.10126,0.99750,0.94537,0.00209,0.00000,0.05254
199.20125,0.99750,0.99224,0.00002,0.00000,0.00773
199.30125,0.99750,0.99913,0.00000,0.00000,0.00087
199.40125,0.99750,0.99983,0.00000,0.00000,0.00017
199.50125,0.99750,0.99991,0.00000,0.00005,0.00004
199.60126,0.99750,0.99993,0.00000,0.00007,0.00000
199.70125,0.99750,1.00000,0.00000,0.00000,0.00000
199.80125,0.99750,1.00000,0.00000,0.00000,0.00000
199.90125,0.99750,1.00000,0.00000,0.00000,0.00000
200.00125,0.99750,1.00000,0.00000,0.00000,0.00000
200.10126,0.99750,1.00000,0.00000,0.00000,0.00000
200.20125,0.99750,1.00000,0.00000,0.00000,0.00000
200.30125,0.99750,1.00000,0.00000,0.00000,0.00000
200.40125,0.99750,1.00000,0.00000,0.00000,0.00000
200.50125,0.99750,1.00000,0.00000,0.00000,0.00000
200.60126,0.99750,1.00000,0.00000,0.00000,0.00000
200.70125,0.99750,1.00000,0.00000,0.00000,0.00000
200.80125,0.99750,1.00000,0.00000,0.00000,0.00000
200.90125,0.99750,1.00000,0.00000,0.00000,0.00000
201.00125,0.99750,1.00000,0.00000,0.00000,0.00000
201.10126,0.99750,1.00000,0.00000,0.00000,0.00000
201.20125,0.99750,1.00000,0.00000,0.00000,0.00000
201.30125,0.99750,1.00000,0.00000,0.00000,0.00000
201.40125,0.99750,1.00000,0.00000,0.00000,0.00000
201.50125,0.99750,1.00000,0.00000,0.00000,0.00000
201.60126,0.99750,1.00000,0.00000,0.00000,0.00000
201.70125,0.99750,0.99999,0.00000,0.00000,0.00001
201.80125,0.99750,1.00000,0.00000,0.00000,0.00000
201.90125,0.99750,1.00000,0.00000,0.00000,0.00000
202.00125,0.99750,1.00000,0.00000,0.00000,0.00000
202.10126,0.99750,1.00000,0.00000,0.00000,0.00000
202.20125,0.99750,1.00000,0.00000,0.00000,0.00000
202.30125,0.99750,1.00000,0.00000,0.00000,0.00000
202.40125,0.99750,1.00000,0.00000,0.00000,0.00000
202.50125,0.99750,1.00000,0.00000,0.00000,0.00000
202.60126,0.99750,1.00000,0.00000,0.00000,0.00000
202.70125,0.99750,1.00000,0.00000,0.00000,0.00000
202.80125,0.99750,1.00000,0.00000,0.00000,0.00000
202.90125,0.99750,1.00000,0.00000,0.00000,0.00000
203.00125,0.99750,1.00000,0.00000,0.00000,0.00000
203.10126,0.99750,0.99999,0.00000,0.00000,0.00001
203.20125,0.99750,0.99999,0.00000,0.00000,0.00001
203.30125,0.99750,1.00000,0.00000,0.00000,0.00000
203.40125,0.99750,1.00000,0.00000,0.00000,0.00000
203.50125,0.99750,1.00000,0.00000,0.00000,0.00000
203.60126,0.99750,1.00000,0.00000,0.00000,0.00000
203.70125,0.99750,1.00000,0.00000,0.00000,0.00000
203.80125,0.99750,1.00000,0.00000,0.00000,0.00000
203.90125,0.99750,1.00000,0.00000,0.00000,0.00000
204.00125,0.99750,1.00000,0.00000,0.00000,0.00000
204.10126,0.99750,1.00000,0.00000,0.00000,0.00000
204.20125,0.99750,1.00000,0.00000,0.00000,0.00000
204.30125,0.99750,0.99997,0.00003,0.00000,0.00000
204.40125,0.99750,0.99999,0.00001,0.00000,0.00000
204.50125,0.99750,1.00000,0.00000,0.00000,0.00000
204.60126,0.99750,1.00000,0.00000,0.00000,0.00000
204.70125,0.99750,1.00000,0.00000,0.00000,0.00000
204.80125,0.99750,1.00000,0.00000,0.00000,0.00000
204.90125,0.99750,1.00000,0.00000,0.00000,0.00000
205.00125,0.99750,1.00000,0.00000,0.00000,0.00000
205.10126,0.99750,1.00000,0.00000,0.00000,0.00000
205.20125,0.99750,1.00000,0.00000,0.00000,0.00000
205.30125,0.99750,1.00000,0.00000,0.00000,0.00000
205.40125,0.99750,1.00000,0.00000,0.00000,0.00000
205.50125,0.99750,0.99999,0.00001,0.00000,0.00000
205.60126,0.99750,0.99999,0.00001,0.00000,0.00000
205.70125,0.99750,1.00000,0.00000,0.00000,0.00000
205.80125,0.99750,0.99999,0.00000,0.00000,0.00000
205.90125,0.99750,0.99993,0.00000,0.00000,0.00007
206.00125,0.99750,0.99947,0.00000,0.00000,0.00053
206.10126,0.99750,0.99143,0.00000,0.00000,0.00857
206.20125,0.99750,0.99483,0.00001,0.00000,0.00516
206.30125,0.99750,0.99936,0.00000,0.00000,0.00064
206.40125,0.99750,0.99994,0.00000,0.00000,0.00006
206.50125,0.99750,0.99999,0.00000,0.00000,0.00001
206.60126,0.99750,0.99999,0.00000,0.00000,0.00000
206.70125,0.99750,1.00000,0.00000,0.00000,0.00000
206.80125,0.99750,0.99999,0.00000,0.00000,0.00001
206.90125,0.99750,0.99997,0.00000,0.00000,0.00003
207.00125,0.99750,0.99997,0.00000,0.00000,0.00003
207.10126,0.99750,1.00000,0.00000,0.00000,0.00000
207.20125,0.99750,1.00000,0.00000,0.00000,0.00000
207.30125,0.99750,1.00000,0.00000,0.00000,0.00000
207.40125,0.99750,1.00000,0.00000,0.00000,0.00000
207.50125,0.99750,1.00000,0.00000,0.00000,0.00000
207.60126,0.99750,1.00000,0.00000,0.00000,0.00000
207.70125,0.99750,1.00000,0.00000,0.00000,0.00000
207.80125,0.99750,1.00000,0.00000,0.00000,0.00000
207.90125,0.99750,1.00000,0.00000,0.00000,0.00000
208.00125,0.99750,1.00000,0.00000,0.00000,0.00000
208.10126,0.99750,1.00000,0.00000,0.00000,0.00000
208.20125,0.99750,1.00000,0.00000,0.00000,0.00000
208.30125,0.99750,0.99999,0.00000,0.00000,0.00001
208.40125,0.99750,0.99997,0.00000,0.00000,0.00003
208.50125,0.99750,0.99994,0.00000,0.00000,0.00006
208.60126,0.99750,0.99764,0.00000,0.00000,0.00236
208.70125,0.99750,0.99885,0.00000,0.00000,0.00115
208.80125,0.99750,0.99985,0.00000,0.00000,0.00015
208.90125,0.99750,0.99999,0.00000,0.00000,0.00001
209.00125,0.99750,0.99996,0.00000,0.00000,0.00004
209.10126,0.99750,0.99995,0.00000,0.00000,0.00005
209.20125,0.99750,1.00000,0.00000,0.00000,0.00000
209.30125,0.99750,1.00000,0.00000,0.00000,0.00000
209.40125,0.99750,0.99999,0.00000,0.00000,0.00001
209.50125,0.99750,1.00000,0.00000,0.00000,0.00000
209.60126,0.99750,1.00000,0.00000,0.00000,0.00000
209.70125,0.99750,1.00000,0.00000,0.00000,0.00000
209.80125,0.99750,1.00000,0.00000,0.00000,0.00000
209.90125,0.99750,1.00000,0.00000,0.00000,0.00000
210.00125,0.99750,1.00000,0.00000,0.00000,0.00000
210.10126,0.99750,1.00000,0.00000,0.00000,0.00000
210.20125,0.99750,1.00000,0.00000,0.00000,0.00000
210.30125,0.99750,1.00000,0.00000,0.00000,0.00000
210.40125,0.99750,1.00000,0.00000,0.00000,0.00000
210.50125,0.99750,1.00000,0.00000,0.00000,0.00000
210.60126,0.99750,1.00000,0.00000,0.00000,0.00000
210.70125,0.99750,1.00000,0.00000,0.00000,0.00000
210.80125,0.99750,0.99999,0.00000,0.00000,0.00000
210.90125,0.99750,0.99990,0.00000,0.00000,0.00010
211.00125,0.99750,0.99850,0.00001,0.00000,0.00149
211.10126,0.99750,0.99832,0.00000,0.00000,0.00168
211.20125,0.99750,0.99855,0.00000,0.00000,0.00145
211.30125,0.99750,0.99430,0.00000,0.00000,0.00570
211.40125,0.99750,0.98032,0.00000,0.00002,0.01967
211.50125,0.99750,0.67191,0.00006,0.00001,0.32801
211.60126,0.99750,0.60352,0.00132,0.00050,0.39466
211.70125,0.99750,0.86195,0.00232,0.00159,0.13414
211.80125,0.99750,0.97604,0.01241,0.00266,0.00889
211.90125,0.99750,0.98753,0.01006,0.00148,0.00092
212.00125,0.99750,0.99151,0.00730,0.00079,0.00040
212.10126,0.99750,0.99321,0.00334,0.00325,0.00020
212.20125,0.99750,0.99448,0.00016,0.00533,0.00003
212.30125,0.99750,0.99891,0.00000,0.00109,0.00000
212.40125,0.99750,0.99981,0.00000,0.00019,0.00000
212.50125,0.99750,0.99987,0.00000,0.00013,0.00000
212.60126,0.99750,0.99994,0.00000,0.00006,0.00000
212.70125,0.99750,0.99986,0.00000,0.00013,0.00000
212.80125,0.99750,0.99927,0.00000,0.00072,0.00001
212.90125,0.99750,0.99961,0.00000,0.00038,0.00001
213.00125,0.99750,0.99975,0.00000,0.00025,0.00000
213.10126,0.99750,0.99908,0.00000,0.00092,0.00000
213.20125,0.99750,0.99961,0.00000,0.00039,0.00000
213.30125,0.99750,0.99829,0.00001,0.00170,0.00000
213.40125,0.99750,0.99483,0.00030,0.00485,0.00002
213.50125,0.99750,0.99178,0.00149,0.00670,0.00003
213.60126,0.99750,0.98466,0.00204,0.01326,0.00004
213.70125,0.99750,0.99797,0.00075,0.00125,0.00004
213.80125,0.99750,0.99605,0.00102,0.00292,0.00001
213.90125,0.99750,0.95098,0.00015,0.04885,0.00001
214.00125,0.99750,0.91635,0.00004,0.08358,0.00004
214.10126,0.99750,0.98183,0.00008,0.01806,0.00003
214.20125,0.99750,0.98019,0.00021,0.01960,0.00000
214.30125,0.99750,0.99704,0.00026,0.00270,0.00000
214.40125,0.99750,0.99978,0.00002,0.00019,0.00000
214.50125,0.99750,0.99960,0.00003,0.00037,0.00000
214.60126,0.99750,0.99979,0.00003,0.00018,0.00000
214.70125,0.99750,0.99859,0.00004,0.00137,0.00000
214.80125,0.99750,0.99624,0.00031,0.00346,0.00000
214.90125,0.99750,0.99424,0.00409,0.00165,0.00002
215.00125,0.99750,0.98665,0.01238,0.00092,0.00004
215.10126,0.99750,0.99048,0.00865,0.00084,0.00003
215.20125,0.99750,0.95733,0.04000,0.00259,0.00008
215.30125,0.99750,0.94842,0.04721,0.00432,0.00004
215.40125,0.99750,0.99628,0.00273,0.00098,0.00000
215.50125,0.99750,0.99860,0.00122,0.00018,0.00000
215.60126,0.99750,0.99616,0.00360,0.00024,0.00000
215.70125,0.99750,0.99691,0.00294,0.00015,0.00000
215.80125,0.99750,0.99877,0.00121,0.00001,0.00000
215.90125,0.99750,0.99918,0.00082,0.00000,0.00000
216.00125,0.99750,0.99969,0.00031,0.00000,0.00000
216.10126,0.99750,0.99989,0.00011,0.00000,0.00000
216.20125,0.99750,0.99981,0.00019,0.00000,0.00000
216.30125,0.99750,0.99963,0.00035,0.00000,0.00002
216.40125,0.99750,0.99976,0.00010,0.00000,0.00013
216.50125,0.99750,0.99900,0.00008,0.00000,0.00092
216.60126,0.99750,0.99881,0.00041,0.00000,0.00078
216.70125,0.99750,0.99876,0.00114,0.00000,0.00010
216.80125,0.99750,0.99989,0.00009,0.00000,0.00001
216.90125,0.99750,0.99996,0.00001,0.00003,0.00000
217.00125,0.99750,0.99964,0.00000,0.00036,0.00000
217.10126,0.99750,0.99548,0.00000,0.00452,0.00000
217.20125,0.99750,0.99795,0.00001,0.00204,0.00000
217.30125,0.99750,0.99942,0.00003,0.00054,0.00000
217.40125,0.99750,0.99996,0.00001,0.00002,0.00000
217.50125,0.99750,0.99998,0.00001,0.00001,0.00000
217.60126,0.99750,0.99998,0.00001,0.00001,0.00000
217.70125,0.99750,0.99997,0.00003,0.00000,0.00000
217.80125,0.99750,0.99995,0.00005,0.00000,0.00000
217.90125,0.99750,0.99978,0.00022,0.00000,0.00000
218.00125,0.99750,0.99986,0.00014,0.00000,0.00000
218.10126,0.99750,0.99926,0.00074,0.00000,0.00000
218.20125,0.99750,0.99838,0.00162,0.00000,0.00000
218.30125,0.99750,0.99927,0.00073,0.00000,0.00000
218.40125,0.99750,0.99952,0.00048,0.00000,0.00000
218.50125,0.99750,0.99969,0.00031,0.00000,0.00000
218.60126,0.99750,0.99990,0.00010,0.00000,0.00000
218.70125,0.99750,0.99991,0.00007,0.00002,0.00000
218.80125,0.99750,0.99997,0.00003,0.00000,0.00000
218.90125,0.99750,0.99991,0.00008,0.00000,0.00000
219.00125,0.99750,0.99992,0.00008,0.00001,0.00000
219.10126,0.99750,0.99939,0.00052,0.00009,0.00000
219.20125,0.99750,0.99763,0.00099,0.00138,0.00000
219.30125,0.99750,0.99388,0.00149,0.00460,0.00002
219.40125,0.99750,0.98142,0.00299,0.01532,0.00027
219.50125,0.99750,0.96383,0.00584,0.02621,0.00412
219.60126,0.99750,0.80477,0.09282,0.03065,0.07177
219.70125,0.99750,0.44672,0.45788,0.00511,0.09029
219.80125,0.99750,0.72227,0.26393,0.00552,0.00827
219.90125,0.99750,0.88957,0.10744,0.00223,0.00077
220.00125,0.99750,0.96021,0.03841,0.00132,0.00007
220.10126,0.99750,0.99249,0.00734,0.00012,0.00006
220.20125,0.99750,0.99584,0.00409,0.00000,0.00007
220.30125,0.99750,0.99796,0.00198,0.00000,0.00007
220.40125,0.99750,0.99985,0.00012,0.00000,0.00003
220.50125,0.99750,0.99995,0.00005,0.00000,0.00000
220.60126,0.99750,0.99995,0.00004,0.00000,0.00000
220.70125,0.99750,0.99996,0.00004,0.00000,0.00000
220.80125,0.99750,0.99991,0.00009,0.00000,0.00000
220.90125,0.99750,1.00000,0.00000,0.00000,0.00000
221.00125,0.99750,0.99999,0.00001,0.00000,0.00000
221.10126,0.99750,0.99999,0.00001,0.00000,0.00000
221.20125,0.99750,0.99999,0.00001,0.00000,0.00000
221.30125,0.99750,0.99981,0.00003,0.00016,0.00000
221.40125,0.99750,0.99932,0.00003,0.00065,0.00000
221.50125,0.99750,0.99969,0.00009,0.00022,0.00000
221.60126,0.99750,0.99975,0.00022,0.00004,0.00000
221.70125,0.99750,0.99989,0.00009,0.00002,0.00000
221.80125,0.99750,0.99933,0.00066,0.00001,0.00000
221.90125,0.99750,0.99850,0.00150,0.00000,0.00000
222.00125,0.99750,0.99934,0.00066,0.00000,0.00000
222.10126,0.99750,0.99554,0.00445,0.00001,0.00000
222.20125,0.99750,0.99800,0.00199,0.00000,0.00000
222.30125,0.99750,0.99762,0.00238,0.00000,0.00000
222.40125,0.99750,0.99918,0.00082,0.00000,0.00000
222.50125,0.99750,0.99965,0.00035,0.00000,0.00000
222.60126,0.99750,0.99988,0.00012,0.00000,0.00000
222.70125,0.99750,0.99992,0.00007,0.00001,0.00000
222.80125,0.99750,0.99999,0.00001,0.00000,0.00000
222.90125,0.99750,0.99999,0.00001,0.00000,0.00000
223.00125,0.99750,0.99998,0.00002,0.00000,0.00000
223.10126,0.99750,0.99973,0.00027,0.00001,0.00000
223.20125,0.99750,0.99957,0.00038,0.00005,0.00000
223.30125,0.99750,0.99920,0.00054,0.00023,0.00003
223.40125,0.99750,0.99868,0.00071,0.00016,0.00045
223.50125,0.99750,0.99383,0.00114,0.00012,0.00491
223.60126,0.99750,0.88990,0.01855,0.00011,0.09144
223.70125,0.99750,0.82559,0.04497,0.00002,0.12943
223.80125,0.99750,0.97611,0.00776,0.00003,0.01609
223.90125,0.99750,0.99638,0.00240,0.00006,0.00116
224.00125,0.99750,0.99716,0.00248,0.00031,0.00004
224.10126,0.99750,0.99969,0.00028,0.00001,0.00002
224.20125,0.99750,0.99994,0.00005,0.00000,0.00001
224.30125,0.99750,0.99999,0.00001,0.00000,0.00000
224.40125,0.99750,0.99999,0.00000,0.00000,0.00000
224.50125,0.99750,1.00000,0.00000,0.00000,0.00000
224.60126,0.99750,0.99999,0.00000,0.00001,0.00000
224.70125,0.99750,0.99998,0.00000,0.00002,0.00000
224.80125,0.99750,0.99998,0.00000,0.00002,0.00000
224.90125,0.99750,1.00000,0.00000,0.00000,0.00000
225.00125,0.99750,1.00000,0.00000,0.00000,0.00000
225.10126,0.99750,0.99999,0.00001,0.00000,0.00000
225.20125,0.99750,0.99999,0.00000,0.00000,0.00000
225.30125,0.99750,0.99998,0.00002,0.00000,0.00000
225.40125,0.99750,0.99829,0.00170,0.00000,0.00000
225.50125,0.99750,0.99977,0.00017,0.00000,0.00005
225.60126,0.99750,0.99979,0.00006,0.00000,0.00015
225.70125,0.99750,0.99985,0.00005,0.00000,0.00010
225.80125,0.99750,0.99948,0.00041,0.00000,0.00011
225.90125,0.99750,0.99946,0.00053,0.00000,0.00001
226.00125,0.99750,0.99981,0.00019,0.00000,0.00000
226.10126,0.99750,0.99989,0.00011,0.00000,0.00000
226.20125,0.99750,0.99994,0.00006,0.00000,0.00000
226.30125,0.99750,0.99992,0.00008,0.00000,0.00000
226.40125,0.99750,0.99893,0.00107,0.00000,0.00000
226.50125,0.99750,0.99954,0.00044,0.00002,0.00000
226.60126,0.99750,0.99984,0.00015,0.00001,0.00000
226.70125,0.99750,0.99992,0.00008,0.00001,0.00000
226.80125,0.99750,0.99989,0.00010,0.00002,0.00000
226.90125,0.99750,0.99982,0.00015,0.00003,0.00000
227.00125,0.99750,0.99978,0.00020,0.00001,0.00000
227.10126,0.99750,0.99959,0.00040,0.00000,0.00000
227.20125,0.99750,0.99977,0.00023,0.00000,0.00000
227.30125,0.99750,0.99983,0.00017,0.00000,0.00000
227.40125,0.99750,0.99961,0.00038,0.00000,0.00000
227.50125,0.99750,0.99984,0.00016,0.00001,0.00000
227.60126,0.99750,0.99992,0.00006,0.00001,0.00000
227.70125,0.99750,0.99996,0.00003,0.00001,0.00000
227.80125,0.99750,0.99996,0.00003,0.00001,0.00000
227.90125,0.99750,0.99995,0.00004,0.00001,0.00000
228.00125,0.99750,0.99995,0.00002,0.00003,0.00000
228.10126,0.99750,0.99993,0.00001,0.00006,0.00000
228.20125,0.99750,0.99997,0.00000,0.00003,0.00000
228.30125,0.99750,0.99996,0.00000,0.00004,0.00000
228.40125,0.99750,0.99988,0.00000,0.00012,0.00000
228.50125,0.99750,0.99987,0.00000,0.00012,0.00000
228.60126,0.99750,0.99995,0.00000,0.00005,0.00000
228.70125,0.99750,0.99991,0.00000,0.00009,0.00000
228.80125,0.99750,0.99996,0.00000,0.00003,0.00000
228.90125,0.99750,0.99983,0.00000,0.00017,0.00000
229.00125,0.99750,0.99965,0.00000,0.00035,0.00000
229.10126,0.99750,0.99960,0.00002,0.00039,0.00000
229.20125,0.99750,0.99990,0.00002,0.00008,0.00000
229.30125,0.99750,0.99949,0.00023,0.00028,0.00000
229.40125,0.99750,0.99981,0.00017,0.00002,0.00000
229.50125,0.99750,0.99665,0.00332,0.00003,0.00000
229.60126,0.99750,0.99912,0.00084,0.00004,0.00000
229.70125,0.99750,0.99264,0.00726,0.00010,0.00000
229.80125,0.99750,0.99939,0.00054,0.00007,0.00000
229.90125,0.99750,0.99720,0.00278,0.00002,0.00000
230.00125,0.99750,0.98551,0.01448,0.00001,0.00000
230.10126,0.99750,0.97978,0.02022,0.00000,0.00000
230.20125,0.99750,0.99421,0.00578,0.00000,0.00000
230.30125,0.99750,0.98448,0.01552,0.00000,0.00000
230.40125,0.99750,0.99695,0.00305,0.00000,0.00000
230.50125,0.99750,0.99036,0.00963,0.00000,0.00000
230.60126,0.99750,0.98739,0.01261,0.00000,0.00000
230.70125,0.99750,0.97800,0.02200,0.00000,0.00000
230.80125,0.99750,0.98655,0.01345,0.00000,0.00000
230.90125,0.99750,0.99464,0.00536,0.00000,0.00000
231.00125,0.99750,0.99387,0.00613,0.00000,0.00000
231.10126,0.99750,0.99864,0.00136,0.00000,0.00000
231.20125,0.99750,0.99844,0.00156,0.00000,0.00000
231.30125,0.99750,0.99897,0.00103,0.00000,0.00000
231.40125,0.99750,0.99956,0.00044,0.00000,0.00000
231.50125,0.99750,0.99907,0.00093,0.00000,0.00000
231.60126,0.99750,0.99802,0.00198,0.00000,0.00000
231.70125,0.99750,0.99763,0.00237,0.00000,0.00000
231.80125,0.99750,0.99813,0.00187,0.00000,0.00000
231.90125,0.99750,0.99825,0.00175,0.00000,0.00000
232.00125,0.99750,0.99742,0.00258,0.00000,0.00000
232.10126,0.99750,0.99815,0.00184,0.00000,0.00000
232.20125,0.99750,0.99860,0.00140,0.00000,0.00000
232.30125,0.99750,0.99879,0.00121,0.00000,0.00000
232.40125,0.99750,0.99860,0.00140,0.00000,0.00000
232.50125,0.99750,0.99808,0.00192,0.00000,0.00000
232.60126,0.99750,0.99762,0.00238,0.00000,0.00000
232.70125,0.99750,0.99679,0.00321,0.00000,0.00000
232.80125,0.99750,0.99697,0.00303,0.00000,0.00000
232.90125,0.99750,0.99807,0.00193,0.00000,0.00000
233.00125,0.99750,0.99805,0.00195,0.00000,0.00000
233.10126,0.99750,0.99848,0.00151,0.00000,0.00000
233.20125,0.99750,0.99934,0.00066,0.00000,0.00000
233.30125,0.99750,0.99935,0.00065,0.00000,0.00000
233.40125,0.99750,0.99843,0.00157,0.00000,0.00000
233.50125,0.99750,0.99861,0.00139,0.00000,0.00000
233.60126,0.99750,0.99758,0.00242,0.00000,0.00000
233.70125,0.99750,0.99907,0.00093,0.00000,0.00000
233.80125,0.99750,0.99990,0.00010,0.00000,0.00000
233.90125,0.99750,0.99997,0.00003,0.00000,0.00000
234.00125,0.99750,0.99996,0.00004,0.00000,0.00000
234.10126,0.99750,0.99964,0.00034,0.00000,0.00001
234.20125,0.99750,0.99995,0.00000,0.00000,0.00005
234.30125,0.99750,0.99986,0.00000,0.00000,0.00014
234.40125,0.99750,0.99977,0.00000,0.00000,0.00023
234.50125,0.99750,0.99916,0.00000,0.00000,0.00084
234.60126,0.99750,0.99983,0.00001,0.00000,0.00016
234.70125,0.99750,0.99994,0.00001,0.00000,0.00005
234.80125,0.99750,0.99998,0.00000,0.00000,0.00002
234.90125,0.99750,0.99999,0.00000,0.00000,0.00000
235.00125,0.99750,1.00000,0.00000,0.00000,0.00000
235.10126,0.99750,1.00000,0.00000,0.00000,0.00000
235.20125,0.99750,1.00000,0.00000,0.00000,0.00000
235.30125,0.99750,1.00000,0.00000,0.00000,0.00000
235.40125,0.99750,1.00000,0.00000,0.00000,0.00000
235.50125,0.99750,1.00000,0.00000,0.00000,0.00000
235.60126,0.99750,0.99999,0.00000,0.00000,0.00000
235.70125,0.99750,0.99998,0.00000,0.00001,0.00000
235.80125,0.99750,0.99961,0.00000,0.00039,0.00000
235.90125,0.99750,0.97552,0.00000,0.02448,0.00000
236.00125,0.99750,0.84246,0.00000,0.15753,0.00000
236.10126,0.99750,0.60841,0.00000,0.39158,0.00001
236.20125,0.99750,0.21459,0.00001,0.78540,0.00001
236.30125,0.99750,0.25161,0.00001,0.74838,0.00000
236.40125,0.99750,0.62444,0.00000,0.37556,0.00000
236.50125,0.99750,0.84537,0.00000,0.15463,0.00000
236.60126,0.99750,0.88999,0.00000,0.11001,0.00000
236.70125,0.99750,0.95385,0.00001,0.04613,0.00000
236.80125,0.99750,0.98841,0.00004,0.01155,0.00000
236.90125,0.99750,0.99584,0.00017,0.00398,0.00001
237.00125,0.99750,0.99589,0.00065,0.00346,0.00001
237.10126,0.99750,0.99135,0.00360,0.00503,0.00002
237.20125,0.99750,0.94970,0.04210,0.00817,0.00003
237.30125,0.99750,0.59841,0.39806,0.00347,0.00006
237.40125,0.99750,0.74234,0.25704,0.00044,0.00018
237.50125,0.99750,0.85554,0.14355,0.00005,0.00086
237.60126,0.99750,0.92169,0.07650,0.00001,0.00180
237.70125,0.99750,0.74242,0.25640,0.00000,0.00118
237.80125,0.99750,0.87461,0.12434,0.00000,0.00105
237.90125,0.99750,0.96803,0.03147,0.00000,0.00050
238.00125,0.99750,0.99308,0.00681,0.00000,0.00011
238.10126,0.99750,0.99752,0.00247,0.00000,0.00001
238.20125,0.99750,0.99610,0.00390,0.00000,0.00000
238.30125,0.99750,0.99381,0.00619,0.00000,0.00000
238.40125,0.99750,0.99204,0.00796,0.00000,0.00000
238.50125,0.99750,0.99125,0.00875,0.00000,0.00000
238.60126,0.99750,0.99785,0.00215,0.00000,0.00000
238.70125,0.99750,0.97930,0.02070,0.00000,0.00000
238.80125,0.99750,0.93410,0.06590,0.00000,0.00000
238.90125,0.99750,0.98904,0.01096,0.00000,0.00000
239.00125,0.99750,0.95748,0.04252,0.00000,0.00000
239.10126,0.99750,0.99311,0.00689,0.00000,0.00000
239.20125,0.99750,0.99408,0.00592,0.00000,0.00000
239.30125,0.99750,0.99748,0.00252,0.00000,0.00000
239.40125,0.99750,0.99646,0.00354,0.00000,0.00000
239.50125,0.99750,0.99399,0.00601,0.00000,0.00000
239.60126,0.99750,0.99696,0.00304,0.00000,0.00000
239.70125,0.99750,0.99369,0.00631,0.00000,0.00000
239.80125,0.99750,0.98418,0.01582,0.00000,0.00000
239.90125,0.99750,0.99791,0.00208,0.00000,0.00000
240.00125,0.99750,0.99628,0.00370,0.00002,0.00000
240.10126,0.99750,0.99957,0.00040,0.00003,0.00000
240.20125,0.99750,0.99936,0.00055,0.00009,0.00000
240.30125,0.99750,0.99822,0.00142,0.00035,0.00000
240.40125,0.99750,0.99911,0.00073,0.00016,0.00000
240.50125,0.99750,0.99830,0.00155,0.00014,0.00000
240.60126,0.99750,0.99963,0.00030,0.00007,0.00000
240.70125,0.99750,0.99988,0.00012,0.00001,0.00000
240.80125,0.99750,0.99996,0.00004,0.00000,0.00000
240.90125,0.99750,0.99997,0.00001,0.00000,0.00002
241.00125,0.99750,0.99945,0.00002,0.00000,0.00053
241.10126,0.99750,0.99863,0.00002,0.00000,0.00135
241.20125,0.99750,0.99798,0.00003,0.00000,0.00198
241.30125,0.99750,0.99503,0.00001,0.00000,0.00497
241.40125,0.99750,0.97833,0.00001,0.00000,0.02167
241.50125,0.99750,0.96459,0.00001,0.00000,0.03539
241.60126,0.99750,0.98577,0.00001,0.00000,0.01423
241.70125,0.99750,0.99392,0.00003,0.00000,0.00605
241.80125,0.99750,0.99881,0.00053,0.00000,0.00066
241.90125,0.99750,0.99811,0.00060,0.00000,0.00129
242.00125,0.99750,0.99694,0.00182,0.00004,0.00120
242.10126,0.99750,0.99890,0.00026,0.00026,0.00058
242.20125,0.99750,0.99714,0.00070,0.00209,0.00007
242.30125,0.99750,0.99464,0.00308,0.00225,0.00003
242.40125,0.99750,0.99978,0.00000,0.00021,0.00000
242.50125,0.99750,0.99971,0.00000,0.00028,0.00000
242.60126,0.99750,0.99974,0.00000,0.00026,0.00000
242.70125,0.99750,0.99981,0.00000,0.00019,0.00000
242.80125,0.99750,0.99991,0.00000,0.00009,0.00000
242.90125,0.99750,0.99999,0.00000,0.00001,0.00000
243.00125,0.99750,1.00000,0.00000,0.00000,0.00000
243.10126,0.99750,1.00000,0.00000,0.00000,0.00000
243.20125,0.99750,1.00000,0.00000,0.00000,0.00000
243.30125,0.99750,1.00000,0.00000,0.00000,0.00000
243.40125,0.99750,1.00000,0.00000,0.00000,0.00000
243.50125,0.99750,1.00000,0.00000,0.00000,0.00000
243.60126,0.99750,1.00000,0.00000,0.00000,0.00000
243.70125,0.99750,1.00000,0.00000,0.00000,0.00000
243.80125,0.99750,1.00000,0.00000,0.00000,0.00000
243.90125,0.99750,1.00000,0.00000,0.00000,0.00000
244.00125,0.99750,1.00000,0.00000,0.00000,0.00000
244.10126,0.99750,1.00000,0.00000,0.00000,0.00000
244.20125,0.99750,1.00000,0.00000,0.00000,0.00000
244.30125,0.99750,1.00000,0.00000,0.00000,0.00000
244.40125,0.99750,1.00000,0.00000,0.00000,0.00000
244.50125,0.99750,1.00000,0.00000,0.00000,0.00000
244.60126,0.99750,1.00000,0.00000,0.00000,0.00000
244.70125,0.99750,1.00000,0.00000,0.00000,0.00000
244.80125,0.99750,0.99991,0.00008,0.00000,0.00001
244.90125,0.99750,0.99976,0.00022,0.00000,0.00002
245.00125,0.99750,0.99958,0.00038,0.00001,0.00003
245.10126,0.99750,0.99905,0.00075,0.00014,0.00007
245.20125,0.99750,0.95589,0.04272,0.00138,0.00002
245.30125,0.99750,0.99944,0.00049,0.00004,0.00002
245.40125,0.99750,0.99977,0.00012,0.00001,0.00010
245.50125,0.99750,0.99917,0.00006,0.00002,0.00075
245.60126,0.99750,0.99892,0.00000,0.00003,0.00105
245.70125,0.99750,0.99993,0.00000,0.00001,0.00006
245.80125,0.99750,0.99998,0.00000,0.00001,0.00002
245.90125,0.99750,0.99978,0.00000,0.00019,0.00003
246.00125,0.99750,0.99970,0.00000,0.00029,0.00001
246.10126,0.99750,0.99990,0.00000,0.00009,0.00001
246.20125,0.99750,0.99973,0.00000,0.00021,0.00007
246.30125,0.99750,0.99884,0.00000,0.00109,0.00007
246.40125,0.99750,0.99527,0.00000,0.00456,0.00018
246.50125,0.99750,0.99554,0.00000,0.00393,0.00053
246.60126,0.99750,0.98565,0.00000,0.00503,0.00932
246.70125,0.99750,0.93940,0.00001,0.00120,0.05939
246.80125,0.99750,0.92023,0.00002,0.00009,0.07965
246.90125,0.99750,0.99006,0.00002,0.00018,0.00974
247.00125,0.99750,0.99914,0.00000,0.00005,0.00080
247.10126,0.99750,0.99976,0.00002,0.00003,0.00018
247.20125,0.99750,0.99988,0.00003,0.00007,0.00002
247.30125,0.99750,0.99994,0.00002,0.00003,0.00000
247.40125,0.99750,0.99985,0.00013,0.00003,0.00000
247.50125,0.99750,0.99999,0.00000,0.00000,0.00000
247.60126,0.99750,0.99999,0.00000,0.00000,0.00000
247.70125,0.99750,0.99999,0.00000,0.00000,0.00000
247.80125,0.99750,0.99998,0.00001,0.00001,0.00000
247.90125,0.99750,0.99993,0.00005,0.00002,0.00000
248.00125,0.99750,0.99957,0.00038,0.00002,0.00002
248.10126,0.99750,0.99957,0.00038,0.00002,0.00003
248.20125,0.99750,0.99935,0.00060,0.00003,0.00002
248.30125,0.99750,0.99757,0.00236,0.00003,0.00004
248.40125,0.99750,0.98920,0.01073,0.00004,0.00002
248.50125,0.99750,0.99830,0.00165,0.00005,0.00000
248.60126,0.99750,0.99887,0.00105,0.00008,0.00000
248.70125,0.99750,0.99797,0.00150,0.00053,0.00000
248.80125,0.99750,0.99881,0.00085,0.00034,0.00000
248.90125,0.99750,0.99972,0.00026,0.00001,0.00000
249.00125,0.99750,0.99989,0.00011,0.00000,0.00000
249.10126,0.99750,0.99997,0.00002,0.00000,0.00000
249.20125,0.99750,0.99988,0.00009,0.00000,0.00003
249.30125,0.99750,0.99965,0.00016,0.00000,0.00018
249.40125,0.99750,0.99977,0.00000,0.00000,0.00023
249.50125,0.99750,0.99973,0.00000,0.00000,0.00027
249.60126,0.99750,0.99965,0.00000,0.00000,0.00035
249.70125,0.99750,0.99991,0.00000,0.00000,0.00008
249.80125,0.99750,0.99999,0.00000,0.00000,0.00001
249.90125,0.99750,1.00000,0.00000,0.00000,0.00000
250.00125,0.99750,1.00000,0.00000,0.00000,0.00000
250.10126,0.99750,1.00000,0.00000,0.00000,0.00000
250.20125,0.99750,1.00000,0.00000,0.00000,0.00000
250.30125,0.99750,1.00000,0.00000,0.00000,0.00000
250.40125,0.99750,1.00000,0.00000,0.00000,0.00000
250.50125,0.99750,1.00000,0.00000,0.00000,0.00000
250.60126,0.99750,1.00000,0.00000,0.00000,0.00000
250.70125,0.99750,1.00000,0.00000,0.00000,0.00000
250.80125,0.99750,1.00000,0.00000,0.00000,0.00000
250.90125,0.99750,1.00000,0.00000,0.00000,0.00000
251.00125,0.99750,1.00000,0.00000,0.00000,0.00000
251.10126,0.99750,1.00000,0.00000,0.00000,0.00000
251.20125,0.99750,1.00000,0.00000,0.00000,0.00000
251.30125,0.99750,0.99973,0.00027,0.00000,0.00000
251.40125,0.99750,0.99988,0.00012,0.00000,0.00000
251.50125,0.99750,0.99987,0.00013,0.00000,0.00000
251.60126,0.99750,0.99996,0.00003,0.00000,0.00000
251.70125,0.99750,0.99996,0.00002,0.00000,0.00002
251.80125,0.99750,0.99974,0.00005,0.00000,0.00022
251.90125,0.99750,0.99957,0.00001,0.00000,0.00042
252.00125,0.99750,0.99993,0.00001,0.00000,0.00006
252.10126,0.99750,0.99999,0.00000,0.00000,0.00000
252.20125,0.99750,1.00000,0.00000,0.00000,0.00000
252.30125,0.99750,0.99997,0.00003,0.00000,0.00000
252.40125,0.99750,1.00000,0.00000,0.00000,0.00000
252.50125,0.99750,0.99999,0.00000,0.00000,0.00000
252.60126,0.99750,0.99992,0.00008,0.00000,0.00000
252.70125,0.99750,0.99978,0.00022,0.00000,0.00000
252.80125,0.99750,0.99980,0.00019,0.00000,0.00000
252.90125,0.99750,0.99998,0.00001,0.00000,0.00001
253.00125,0.99750,0.99998,0.00001,0.00000,0.00001
253.10126,0.99750,0.99998,0.00001,0.00000,0.00001
253.20125,0.99750,0.99985,0.00013,0.00000,0.00002
253.30125,0.99750,0.99972,0.00026,0.00000,0.00002
253.40125,0.99750,0.99997,0.00003,0.00000,0.00000
253.50125,0.99750,0.99999,0.00001,0.00000,0.00000
253.60126,0.99750,0.99993,0.00007,0.00000,0.00000
253.70125,0.99750,0.99995,0.00005,0.00000,0.00000
253.80125,0.99750,0.99998,0.00002,0.00000,0.00000
253.90125,0.99750,0.99995,0.00005,0.00000,0.00000
254.00125,0.99750,0.99999,0.00001,0.00000,0.00000
254.10126,0.99750,0.99999,0.00000,0.00000,0.00000
254.20125,0.99750,0.99998,0.00000,0.00000,0.00001
254.30125,0.99750,0.99997,0.00001,0.00000,0.00002
254.40125,0.99750,0.99998,0.00000,0.00000,0.00002
254.50125,0.99750,0.99999,0.00000,0.00000,0.00000
254.60126,0.99750,0.99998,0.00001,0.00000,0.00000
254.70125,0.99750,1.00000,0.00000,0.00000,0.00000
254.80125,0.99750,0.99999,0.00000,0.00000,0.00000
254.90125,0.99750,0.99995,0.00001,0.00000,0.00004
255.00125,0.99750,0.99998,0.00000,0.00000,0.00002
255.10126,0.99750,1.00000,0.00000,0.00000,0.00000
255.20125,0.99751,1.00000,0.00000,0.00000,0.00000
255.30125,0.99748,1.00000,0.00000,0.00000,0.00000
255.40125,0.99750,1.00000,0.00000,0.00000,0.00000
255.50125,0.99750,1.00000,0.00000,0.00000,0.00000
255.60126,0.99750,1.00000,0.00000,0.00000,0.00000
255.70125,0.99751,1.00000,0.00000,0.00000,0.00000
255.80125,0.99748,1.00000,0.00000,0.00000,0.00000
255.90125,0.99750,1.00000,0.00000,0.00000,0.00000
256.00125,0.99750,1.00000,0.00000,0.00000,0.00000
256.10126,0.99750,1.00000,0.00000,0.00000,0.00000
256.20126,0.99750,1.00000,0.00000,0.00000,0.00000
256.30124,0.99750,1.00000,0.00000,0.00000,0.00000
256.40125,0.99750,1.00000,0.00000,0.00000,0.00000
256.50125,0.99750,1.00000,0.00000,0.00000,0.00000
256.60126,0.99750,1.00000,0.00000,0.00000,0.00000
256.70126,0.99750,1.00000,0.00000,0.00000,0.00000
256.80124,0.99750,1.00000,0.00000,0.00000,0.00000
256.90125,0.99750,1.00000,0.00000,0.00000,0.00000
257.00125,0.99750,1.00000,0.00000,0.00000,0.00000
257.10126,0.99750,1.00000,0.00000,0.00000,0.00000
257.20126,0.99750,1.00000,0.00000,0.00000,0.00000
257.30124,0.99750,1.00000,0.00000,0.00000,0.00000
257.40125,0.99750,1.00000,0.00000,0.00000,0.00000
257.50125,0.99750,1.00000,0.00000,0.00000,0.00000
257.60126,0.99750,1.00000,0.00000,0.00000,0.00000
257.70126,0.99750,1.00000,0.00000,0.00000,0.00000
257.80124,0.99750,1.00000,0.00000,0.00000,0.00000
257.90125,0.99750,1.00000,0.00000,0.00000,0.00000
258.00125,0.99750,1.00000,0.00000,0.00000,0.00000
258.10126,0.99750,1.00000,0.00000,0.00000,0.00000
258.20126,0.99750,1.00000,0.00000,0.00000,0.00000
258.30124,0.99750,1.00000,0.00000,0.00000,0.00000
258.40125,0.99750,1.00000,0.00000,0.00000,0.00000
258.50125,0.99750,1.00000,0.00000,0.00000,0.00000
258.60126,0.99750,1.00000,0.00000,0.00000,0.00000
258.70126,0.99750,0.99997,0.00003,0.00000,0.00000
258.80124,0.99750,0.99999,0.00001,0.00000,0.00000
258.90125,0.99750,0.99999,0.00001,0.00000,0.00000
259.00125,0.99750,1.00000,0.00000,0.00000,0.00000
259.10126,0.99750,1.00000,0.00000,0.00000,0.00000
259.20126,0.99750,0.99998,0.00000,0.00000,0.00002
259.30124,0.99750,0.99998,0.00000,0.00000,0.00002
259.40125,0.99750,1.00000,0.00000,0.00000,0.00000
259.50125,0.99750,1.00000,0.00000,0.00000,0.00000
259.60126,0.99750,1.00000,0.00000,0.00000,0.00000
259.70126,0.99750,1.00000,0.00000,0.00000,0.00000
259.80124,0.99750,1.00000,0.00000,0.00000,0.00000
259.90125,0.99750,1.00000,0.00000,0.00000,0.00000
260.00125,0.99750,1.00000,0.00000,0.00000,0.00000
260.10126,0.99750,1.00000,0.00000,0.00000,0.00000
260.20126,0.99750,1.00000,0.00000,0.00000,0.00000
260.30124,0.99750,1.00000,0.00000,0.00000,0.00000
260.40125,0.99750,1.00000,0.00000,0.00000,0.00000
260.50125,0.99750,1.00000,0.00000,0.00000,0.00000
260.60126,0.99750,1.00000,0.00000,0.00000,0.00000
260.70126,0.99750,1.00000,0.00000,0.00000,0.00000
260.80124,0.99750,1.00000,0.00000,0.00000,0.00000
260.90125,0.99750,1.00000,0.00000,0.00000,0.00000
261.00125,0.99750,1.00000,0.00000,0.00000,0.00000
261.10126,0.99750,1.00000,0.00000,0.00000,0.00000
261.20126,0.99750,1.00000,0.00000,0.00000,0.00000
261.30124,0.99750,1.00000,0.00000,0.00000,0.00000
261.40125,0.99750,1.00000,0.00000,0.00000,0.00000
261.50125,0.99750,1.00000,0.00000,0.00000,0.00000
261.60126,0.99750,1.00000,0.00000,0.00000,0.00000
261.70126,0.99750,1.00000,0.00000,0.00000,0.00000
261.80124,0.99750,1.00000,0.00000,0.00000,0.00000
261.90125,0.99750,1.00000,0.00000,0.00000,0.00000
262.00125,0.99750,1.00000,0.00000,0.00000,0.00000
262.10126,0.99750,1.00000,0.00000,0.00000,0.00000
262.20126,0.99750,1.00000,0.00000,0.00000,0.00000
262.30124,0.99750,1.00000,0.00000,0.00000,0.00000
262.40125,0.99750,1.00000,0.00000,0.00000,0.00000
262.50125,0.99750,1.00000,0.00000,0.00000,0.00000
262.60126,0.99750,1.00000,0.00000,0.00000,0.00000
262.70126,0.99750,1.00000,0.00000,0.00000,0.00000
262.80124,0.99750,1.00000,0.00000,0.00000,0.00000
262.90125,0.99750,1.00000,0.00000,0.00000,0.00000
263.00125,0.99750,1.00000,0.00000,0.00000,0.00000
263.10126,0.99750,1.00000,0.00000,0.00000,0.00000
263.20126,0.99750,1.00000,0.00000,0.00000,0.00000
263.30124,0.99750,1.00000,0.00000,0.00000,0.00000
263.40125,0.99750,1.00000,0.00000,0.00000,0.00000
263.50125,0.99750,1.00000,0.00000,0.00000,0.00000
263.60126,0.99750,0.99999,0.00000,0.00000,0.00001
263.70126,0.99750,0.99998,0.00000,0.00000,0.00002
263.80124,0.99750,0.99997,0.00000,0.00000,0.00003
263.90125,0.99750,0.99999,0.00000,0.00000,0.00001
264.00125,0.99750,1.00000,0.00000,0.00000,0.00000
264.10126,0.99750,1.00000,0.00000,0.00000,0.00000
264.20126,0.99750,1.00000,0.00000,0.00000,0.00000
264.30124,0.99750,1.00000,0.00000,0.00000,0.00000
264.40125,0.99750,1.00000,0.00000,0.00000,0.00000
264.50125,0.99750,1.00000,0.00000,0.00000,0.00000
264.60126,0.99750,1.00000,0.00000,0.00000,0.00000
264.70126,0.99750,1.00000,0.00000,0.00000,0.00000
264.80124,0.99750,1.00000,0.00000,0.00000,0.00000
264.90125,0.99750,1.00000,0.00000,0.00000,0.00000
265.00125,0.99750,0.99999,0.00001,0.00000,0.00000
265.10126,0.99750,0.99999,0.00001,0.00000,0.00000
265.20126,0.99750,1.00000,0.00000,0.00000,0.00000
265.30124,0.99750,0.99999,0.00000,0.00000,0.00001
265.40125,0.99750,0.99998,0.00000,0.00000,0.00002
265.50125,0.99750,0.99999,0.00000,0.00000,0.00001
265.60126,0.99750,1.00000,0.00000,0.00000,0.00000
265.70126,0.99750,1.00000,0.00000,0.00000,0.00000
265.80124,0.99750,1.00000,0.00000,0.00000,0.00000
265.90125,0.99750,1.00000,0.00000,0.00000,0.00000
266.00125,0.99750,1.00000,0.00000,0.00000,0.00000
266.10126,0.99750,0.99998,0.00001,0.00000,0.00001
266.20126,0.99750,0.99998,0.00001,0.00000,0.00001
266.30124,0.99750,0.99983,0.00016,0.00000,0.00001
266.40125,0.99750,0.99992,0.00007,0.00000,0.00002
266.50125,0.99750,0.99993,0.00004,0.00000,0.00003
266.60126,0.99750,0.99996,0.00001,0.00000,0.00004
266.70126,0.99750,0.99990,0.00000,0.00000,0.00010
266.80124,0.99750,1.00000,0.00000,0.00000,0.00000
266.90125,0.99750,1.00000,0.00000,0.00000,0.00000
267.00125,0.99750,1.00000,0.00000,0.00000,0.00000
267.10126,0.99750,1.00000,0.00000,0.00000,0.00000
267.20126,0.99750,1.00000,0.00000,0.00000,0.00000
267.30124,0.99750,1.00000,0.00000,0.00000,0.00000
267.40125,0.99750,1.00000,0.00000,0.00000,0.00000
267.50125,0.99750,1.00000,0.00000,0.00000,0.00000
267.60126,0.99750,1.00000,0.00000,0.00000,0.00000
267.70126,0.99750,1.00000,0.00000,0.00000,0.00000
267.80124,0.99750,1.00000,0.00000,0.00000,0.00000
267.90125,0.99750,1.00000,0.00000,0.00000,0.00000
268.00125,0.99750,1.00000,0.00000,0.00000,0.00000
268.10126,0.99750,1.00000,0.00000,0.00000,0.00000
268.20126,0.99750,1.00000,0.00000,0.00000,0.00000
268.30124,0.99750,1.00000,0.00000,0.00000,0.00000
268.40125,0.99750,1.00000,0.00000,0.00000,0.00000
268.50125,0.99750,1.00000,0.00000,0.00000,0.00000
268.60126,0.99750,1.00000,0.00000,0.00000,0.00000
268.70126,0.99750,1.00000,0.00000,0.00000,0.00000
268.80124,0.99750,1.00000,0.00000,0.00000,0.00000
268.90125,0.99750,1.00000,0.00000,0.00000,0.00000
269.00125,0.99750,1.00000,0.00000,0.00000,0.00000
269.10126,0.99750,0.99997,0.00000,0.00003,0.00000
269.20126,0.99750,0.99996,0.00000,0.00004,0.00000
269.30124,0.99750,0.99995,0.00000,0.00005,0.00000
269.40125,0.99750,0.99996,0.00000,0.00004,0.00000
269.50125,0.99750,0.99991,0.00000,0.00009,0.00000
269.60126,0.99750,0.99997,0.00000,0.00003,0.00000
269.70126,0.99750,0.99998,0.00000,0.00002,0.00000
269.80124,0.99750,0.99999,0.00000,0.00001,0.00000
269.90125,0.99750,0.99998,0.00002,0.00000,0.00000
270.00125,0.99750,0.99996,0.00004,0.00000,0.00000
270.10126,0.99750,0.99971,0.00028,0.00000,0.00000
270.20126,0.99750,0.99753,0.00247,0.00000,0.00000
270.30124,0.99750,0.99766,0.00234,0.00000,0.00000
270.40125,0.99750,0.99745,0.00255,0.00000,0.00000
270.50125,0.99750,0.99609,0.00391,0.00000,0.00000
270.60126,0.99750,0.99234,0.00766,0.00000,0.00000
270.70126,0.99750,0.99515,0.00485,0.00000,0.00000
270.80124,0.99750,0.99674,0.00326,0.00000,0.00000
270.90125,0.99750,0.99807,0.00193,0.00000,0.00000
271.00125,0.99750,0.99737,0.00263,0.00000,0.00000
271.10126,0.99750,0.99646,0.00354,0.00000,0.00000
271.20126,0.99750,0.99838,0.00162,0.00000,0.00000
271.30124,0.99750,0.99990,0.00010,0.00000,0.00000
271.40125,0.99750,0.99993,0.00006,0.00000,0.00000
271.50125,0.99750,0.99989,0.00010,0.00001,0.00000
271.60126,0.99750,0.99999,0.00000,0.00001,0.00000
271.70126,0.99750,0.99998,0.00000,0.00002,0.00000
271.80124,0.99750,0.99997,0.00000,0.00003,0.00000
271.90125,0.99750,0.99998,0.00000,0.00002,0.00000
272.00125,0.99750,0.99998,0.00000,0.00002,0.00000
272.10126,0.99750,0.99999,0.00000,0.00001,0.00000
272.20126,0.99750,1.00000,0.00000,0.00000,0.00000
272.30124,0.99750,1.00000,0.00000,0.00000,0.00000
272.40125,0.99750,1.00000,0.00000,0.00000,0.00000
272.50125,0.99750,1.00000,0.00000,0.00000,0.00000
272.60126,0.99750,1.00000,0.00000,0.00000,0.00000
272.70126,0.99750,1.00000,0.00000,0.00000,0.00000
272.80124,0.99750,0.99999,0.00000,0.00000,0.00000
272.90125,0.99750,0.99996,0.00000,0.00002,0.00002
273.00125,0.99750,0.99992,0.00000,0.00006,0.00002
273.10126,0.99750,0.99869,0.00001,0.00130,0.00000
273.20126,0.99750,0.99976,0.00000,0.00024,0.00000
273.30124,0.99750,0.99992,0.00000,0.00008,0.00000
273.40125,0.99750,0.99999,0.00000,0.00001,0.00000
273.50125,0.99750,0.99997,0.00001,0.00001,0.00001
273.60126,0.99750,0.99992,0.00003,0.00000,0.00005
273.70126,0.99750,0.99977,0.00014,0.00000,0.00009
273.80124,0.99750,0.99992,0.00004,0.00000,0.00004
273.90125,0.99750,0.99998,0.00001,0.00000,0.00001
274.00125,0.99750,0.99999,0.00000,0.00000,0.00000
274.10126,0.99750,0.99998,0.00002,0.00000,0.00000
274.20126,0.99750,0.99999,0.00000,0.00000,0.00000
274.30124,0.99750,1.00000,0.00000,0.00000,0.00000
274.40125,0.99750,1.00000,0.00000,0.00000,0.00000
274.50125,0.99750,1.00000,0.00000,0.00000,0.00000
274.60126,0.99750,1.00000,0.00000,0.00000,0.00000
274.70126,0.99750,1.00000,0.00000,0.00000,0.00000
274.80124,0.99750,1.00000,0.00000,0.00000,0.00000
274.90125,0.99750,1.00000,0.00000,0.00000,0.00000
275.00125,0.99750,1.00000,0.00000,0.00000,0.00000
275.10126,0.99750,1.00000,0.00000,0.00000,0.00000
275.20126,0.99750,1.00000,0.00000,0.00000,0.00000
275.30124,0.99750,1.00000,0.00000,0.00000,0.00000
275.40125,0.99750,1.00000,0.00000,0.00000,0.00000
275.50125,0.99750,1.00000,0.00000,0.00000,0.00000
275.60126,0.99750,1.00000,0.00000,0.00000,0.00000
275.70126,0.99750,1.00000,0.00000,0.00000,0.00000
275.80124,0.99750,1.00000,0.00000,0.00000,0.00000
275.90125,0.99750,1.00000,0.00000,0.00000,0.00000
276.00125,0.99750,1.00000,0.00000,0.00000,0.00000
276.10126,0.99750,0.99997,0.00000,0.00003,0.00000
276.20126,0.99750,0.99990,0.00000,0.00010,0.00000
276.30124,0.99750,0.99995,0.00000,0.00005,0.00000
276.40125,0.99750,0.99999,0.00000,0.00001,0.00000
276.50125,0.99750,0.99995,0.00001,0.00001,0.00003
276.60126,0.99750,0.99998,0.00000,0.00001,0.00001
276.70126,0.99750,0.99998,0.00001,0.00000,0.00001
276.80124,0.99750,0.99999,0.00000,0.00000,0.00001
276.90125,0.99750,1.00000,0.00000,0.00000,0.00000
277.00125,0.99750,1.00000,0.00000,0.00000,0.00000
277.10126,0.99750,1.00000,0.00000,0.00000,0.00000
277.20126,0.99750,1.00000,0.00000,0.00000,0.00000
277.30124,0.99750,1.00000,0.00000,0.00000,0.00000
277.40125,0.99750,1.00000,0.00000,0.00000,0.00000
277.50125,0.99750,1.00000,0.00000,0.00000,0.00000
277.60126,0.99750,1.00000,0.00000,0.00000,0.00000
277.70126,0.99750,1.00000,0.00000,0.00000,0.00000
277.80124,0.99750,1.00000,0.00000,0.00000,0.00000
277.90125,0.99750,1.00000,0.00000,0.00000,0.00000
278.00125,0.99750,1.00000,0.00000,0.00000,0.00000
278.10126,0.99750,1.00000,0.00000,0.00000,0.00000
278.20126,0.99750,1.00000,0.00000,0.00000,0.00000
278.30124,0.99750,0.99999,0.00000,0.00000,0.00001
278.40125,0.99750,0.99998,0.00000,0.00000,0.00002
278.50125,0.99750,0.99999,0.00000,0.00000,0.00001
278.60126,0.99750,1.00000,0.00000,0.00000,0.00000
278.70126,0.99750,1.00000,0.00000,0.00000,0.00000
278.80124,0.99750,1.00000,0.00000,0.00000,0.00000
278.90125,0.99750,1.00000,0.00000,0.00000,0.00000
279.00125,0.99750,1.00000,0.00000,0.00000,0.00000
279.10126,0.99750,1.00000,0.00000,0.00000,0.00000
279.20126,0.99750,1.00000,0.00000,0.00000,0.00000
279.30124,0.99750,1.00000,0.00000,0.00000,0.00000
279.40125,0.99750,1.00000,0.00000,0.00000,0.00000
279.50125,0.99750,1.00000,0.00000,0.00000,0.00000
279.60126,0.99750,1.00000,0.00000,0.00000,0.00000
279.70126,0.99750,1.00000,0.00000,0.00000,0.00000
279.80124,0.99750,1.00000,0.00000,0.00000,0.00000
279.90125,0.99750,1.00000,0.00000,0.00000,0.00000
280.00125,0.99750,1.00000,0.00000,0.00000,0.00000
280.10126,0.99750,1.00000,0.00000,0.00000,0.00000
280.20126,0.99750,1.00000,0.00000,0.00000,0.00000
280.30124,0.99750,1.00000,0.00000,0.00000,0.00000
280.40125,0.99750,1.00000,0.00000,0.00000,0.00000
280.50125,0.99750,1.00000,0.00000,0.00000,0.00000
280.60126,0.99750,1.00000,0.00000,0.00000,0.00000
280.70126,0.99750,1.00000,0.00000,0.00000,0.00000
280.80124,0.99750,1.00000,0.00000,0.00000,0.00000
280.90125,0.99750,0.99999,0.00001,0.00000,0.00000
281.00125,0.99750,0.99998,0.00002,0.00000,0.00000
281.10126,0.99750,0.99998,0.00001,0.00000,0.00001
281.20126,0.99750,0.99998,0.00000,0.00000,0.00002
281.30124,0.99750,0.99995,0.00000,0.00000,0.00004
281.40125,0.99750,0.99984,0.00003,0.00000,0.00013
281.50125,0.99750,0.99994,0.00003,0.00000,0.00003
281.60126,0.99750,0.99999,0.00001,0.00000,0.00000
281.70126,0.99750,0.99998,0.00001,0.00001,0.00000
281.80124,0.99750,0.99999,0.00001,0.00000,0.00000
281.90125,0.99750,1.00000,0.00000,0.00000,0.00000
282.00125,0.99750,1.00000,0.00000,0.00000,0.00000
282.10126,0.99750,1.00000,0.00000,0.00000,0.00000
282.20126,0.99750,1.00000,0.00000,0.00000,0.00000
282.30124,0.99750,1.00000,0.00000,0.00000,0.00000
282.40125,0.99750,1.00000,0.00000,0.00000,0.00000
282.50125,0.99750,1.00000,0.00000,0.00000,0.00000
282.60126,0.99750,1.00000,0.00000,0.00000,0.00000
282.70126,0.99750,1.00000,0.00000,0.00000,0.00000
282.80124,0.99750,1.00000,0.00000,0.00000,0.00000
282.90125,0.99750,1.00000,0.00000,0.00000,0.00000
283.00125,0.99750,1.00000,0.00000,0.00000,0.00000
283.10126,0.99750,1.00000,0.00000,0.00000,0.00000
283.20126,0.99750,0.99998,0.00002,0.00000,0.00000
283.30124,0.99750,0.99998,0.00002,0.00000,0.00000
283.40125,0.99750,0.99990,0.00009,0.00000,0.00000
283.50125,0.99750,0.99989,0.00011,0.00000,0.00000
283.60126,0.99750,0.99996,0.00004,0.00000,0.00000
283.70126,0.99750,0.99997,0.00002,0.00000,0.00000
283.80124,0.99750,0.99997,0.00001,0.00000,0.00002
283.90125,0.99750,0.99988,0.00002,0.00000,0.00010
